=== Native RuneLite launch Fri Apr 17 14:23:59 EDT 2026 ===
Sourcing credentials from env file...
  JX_SESSION_ID=***
  JX_CHARACTER_ID=***
  JX_DISPLAY_NAME=***
CPUSET native-launch-entry pid=12326 cpuset=/moderate
Cleaning up previous native-launch state...
Preflight OK:
  java=/data/data/com.termux/files/usr/lib/jvm/java-21-openjdk/bin/java
  rlawt-bionic-jar=/data/data/com.termux/files/home/.rlt/rlawt-1.8-bionic.jar (260465 bytes)
  rl-repo=/data/data/com.termux/files/usr/var/lib/proot-distro/installed-rootfs/ubuntu/root/.runelite/repository2 (32 jars)
X11 launch pid=12562
X11 socket ready
VirGL server forked PID=12615 log=/data/data/com.termux/files/home/virgl-server.log
VirGL socket ready
=== DIAG preflight @14:24:24.930 ===
[DIAG] device physical size (Android wm): unreadable from run-as com.termux
[DIAG] Termux:X11 resolution prefs:
  (prefs file not readable from com.termux uid)
[DIAG] Termux:X11 server process(es):
  (none)
[DIAG] VirGL server:
  socket OK 1776450264 /data/data/com.termux/files/usr/tmp/.virgl_test
  pid: 12615 virgl_test_server_android
  virgl-server.log (last 5):
[DIAG] Mesa env that rlawt/GL will see:
  GALLIUM_DRIVER=virpipe
  VTEST_SOCKET_NAME=/data/data/com.termux/files/usr/tmp/.virgl_test
  MESA_GL_VERSION_OVERRIDE=4.3COMPAT
  MESA_GLSL_VERSION_OVERRIDE=430
  MESA_EXTENSION_OVERRIDE=-GL_ARB_depth_clamp,-GL_EXT_depth_clamp
  MESA_NO_ERROR=1
  LD_LIBRARY_PATH=<unset>
  DISPLAY=:0
[DIAG] glxinfo (OpenGL renderer + FBConfigs):
  Error: couldn't find RGB GLX visual or fbconfig
  name of display: :0
  
[DIAG] glxinfo FBConfig summary (first 10 visuals):
[DIAG] RL profile window/layout prefs:
  --- $rsprofile--1.properties ---
  --- default-170891852887488.properties ---
    runelite.automaticResizeType=KEEP_GAME_SIZE
    runelite.containInScreen2=RESIZING
    runelite.gameSize=765x503
    runelite.lockWindowSize=false
    runelite.rememberScreenBounds=true
    stretchedmode.increasedPerformance=false
    stretchedmode.integerScaling=false
    stretchedmode.keepAspectRatio=false
    stretchedmode.scalingFactor=50
[DIAG] Bionic rlawt jar expected on classpath:
  -rw-------. 1 u0_a164 u0_a164 260465 Apr 17 14:23 /data/data/com.termux/files/home/.rlt/rlawt-1.8-bionic.jar
=== DIAG end ===
CPUSET virgl-ready pid=12615 cpuset=/moderate
Classpath assembled:
  bionic-rlawt-jar=/data/data/com.termux/files/home/.rlt/rlawt-1.8-bionic.jar
  skipped-stock-rlawt=/data/data/com.termux/files/usr/var/lib/proot-distro/installed-rootfs/ubuntu/root/.runelite/repository2/rlawt-1.8.jar
  repo-jar-count=32
  classpath=/data/data/com.termux/files/home/.rlt/rlawt-1.8-bionic.jar:/data/data/com.termux/files/usr/var/lib/proot-distro/installed-rootfs/ubuntu/root/.runelite/repository2/aopalliance-1.0.jar:/data/data/com.termux/files/usr/var/lib/proot-distro/installed-rootfs/ubuntu/root/.runelite/repository2/client-1.12.24.jar:/data/data/com.termux/files/usr/var/lib/proot-distro/installed-rootfs/ubuntu/root/.runelite/repository2/commons-lang3-3.7.jar:/data/data/com.termux/files/usr/var/lib/proot-distro/installed-rootfs/ubuntu/root/.runelite/repository2/commons-text-1.2.jar:/data/data/com.termux/files/usr/var/lib/proot-distro/installed-rootfs/ubuntu/root/.runelite/repository2/discord-1.4.jar:/data/data/com.termux/files/usr/var/lib/proot-distro/installed-rootfs/ubuntu/root/.runelite/repository2/flatlaf-3.2.5-rl4.jar:/data/data/com.termux/files/usr/var/lib/proot-distro/installed-rootfs/ubuntu/root/.runelite/repository2/gson-2.8.5.jar:/data/data/com.termux/files/usr/var/lib/proot-distro/installed-rootfs/ubuntu/root/.runelite/repository2/guava-23.2-jre.jar:/data/data/com.termux/files/usr/var/lib/proot-distro/installed-rootfs/ubuntu/root/.runelite/repository2/guice-4.1.0-no_aop.jar:/data/data/com.termux/files/usr/var/lib/proot-distro/installed-rootfs/ubuntu/root/.runelite/repository2/http-api-1.2.22.jar:/data/data/com.termux/files/usr/var/lib/proot-distro/installed-rootfs/ubuntu/root/.runelite/repository2/injected-client-1.12.24.jar:/data/data/com.termux/files/usr/var/lib/proot-distro/installed-rootfs/ubuntu/root/.runelite/repository2/javax.inject-1.jar:/data/data/com.termux/files/usr/var/lib/proot-distro/installed-rootfs/ubuntu/root/.runelite/repository2/jna-5.9.0.jar:/data/data/com.termux/files/usr/var/lib/proot-distro/installed-rootfs/ubuntu/root/.runelite/repository2/jna-platform-5.9.0.jar:/data/data/com.termux/files/usr/var/lib/proot-distro/installed-rootfs/ubuntu/root/.runelite/repository2/jopt-simple-5.0.1.jar:/data/data/com.termux/files/usr/var/lib/proot-distro/installed-rootfs/ubuntu/root/.runelite/repository2/json-20090211.jar:/data/data/com.termux/files/usr/var/lib/proot-distro/installed-rootfs/ubuntu/root/.runelite/repository2/jsr305-3.0.2.jar:/data/data/com.termux/files/usr/var/lib/proot-distro/installed-rootfs/ubuntu/root/.runelite/repository2/logback-classic-1.2.9.jar:/data/data/com.termux/files/usr/var/lib/proot-distro/installed-rootfs/ubuntu/root/.runelite/repository2/logback-core-1.2.9.jar:/data/data/com.termux/files/usr/var/lib/proot-distro/installed-rootfs/ubuntu/root/.runelite/repository2/lwjgl-3.3.2-natives-linux-arm64.jar:/data/data/com.termux/files/usr/var/lib/proot-distro/installed-rootfs/ubuntu/root/.runelite/repository2/lwjgl-3.3.2-natives-linux.jar:/data/data/com.termux/files/usr/var/lib/proot-distro/installed-rootfs/ubuntu/root/.runelite/repository2/lwjgl-3.3.2.jar:/data/data/com.termux/files/usr/var/lib/proot-distro/installed-rootfs/ubuntu/root/.runelite/repository2/lwjgl-opencl-3.3.2.jar:/data/data/com.termux/files/usr/var/lib/proot-distro/installed-rootfs/ubuntu/root/.runelite/repository2/lwjgl-opengl-3.3.2-natives-linux-arm64.jar:/data/data/com.termux/files/usr/var/lib/proot-distro/installed-rootfs/ubuntu/root/.runelite/repository2/lwjgl-opengl-3.3.2-natives-linux.jar:/data/data/com.termux/files/usr/var/lib/proot-distro/installed-rootfs/ubuntu/root/.runelite/repository2/lwjgl-opengl-3.3.2.jar:/data/data/com.termux/files/usr/var/lib/proot-distro/installed-rootfs/ubuntu/root/.runelite/repository2/okhttp-3.14.9.jar:/data/data/com.termux/files/usr/var/lib/proot-distro/installed-rootfs/ubuntu/root/.runelite/repository2/okio-1.17.2.jar:/data/data/com.termux/files/usr/var/lib/proot-distro/installed-rootfs/ubuntu/root/.runelite/repository2/protobuf-javalite-3.21.12.jar:/data/data/com.termux/files/usr/var/lib/proot-distro/installed-rootfs/ubuntu/root/.runelite/repository2/runelite-api-1.12.24-runtime.jar:/data/data/com.termux/files/usr/var/lib/proot-distro/installed-rootfs/ubuntu/root/.runelite/repository2/slf4j-api-1.7.25.jar
LD_LIBRARY_PATH=/data/data/com.termux/files/usr/lib/jvm/java-21-openjdk/lib:/data/data/com.termux/files/usr/lib
JAVA_HOME=/data/data/com.termux/files/usr/lib/jvm/java-21-openjdk
UI scale: 2 (source=Kotlin-computed)
=== Invoking JVM ===
  cmd: /data/data/com.termux/files/usr/lib/jvm/java-21-openjdk/bin/java -Xss2m -Xmx2g -XX:+UseG1GC -XX:MaxGCPauseMillis=50 -Duser.home=/data/data/com.termux/files/usr/var/lib/proot-distro/installed-rootfs/ubuntu/root -Dsun.java2d.uiScale=2 -Xlog:class+load=info:file=/data/data/com.termux/files/home/native-launch-classload.log:time,uptime,level,tags:filecount=2,filesize=5M -DJX_SESSION_ID=6xHvonJR9LMwiEZq3MVIJq -DJX_CHARACTER_ID=322582190 -DJX_DISPLAY_NAME=Robey Wan -cp <classpath> net.runelite.client.RuneLite --insecure-write-credentials --debug
CPUSET java-started pid=12808 cpuset=/moderate
JVM PID=12808 (log /data/data/com.termux/files/home/runelite-native.log, classload /data/data/com.termux/files/home/native-launch-classload.log)
AFFINITY: taskset failed for JVM (PID=12808)
2026-04-17 18:24:30 GMT [main] INFO  net.runelite.client.RuneLite - RuneLite 1.12.24 (launcher version unknown) starting up, args: --insecure-write-credentials --debug
2026-04-17 18:24:30 GMT [main] INFO  net.runelite.client.RuneLite - Java VM arguments: -Xss2m -Xmx2g -XX:+UseG1GC -XX:MaxGCPauseMillis=50 -Duser.home=/data/data/com.termux/files/usr/var/lib/proot-distro/installed-rootfs/ubuntu/root -Dsun.java2d.uiScale=2 -Xlog:class+load=info:file=/data/data/com.termux/files/home/native-launch-classload.log:time,uptime,level,tags:filecount=2,filesize=5M -DJX_SESSION_ID=6xHvonJR9LMwiEZq3MVIJq -DJX_CHARACTER_ID=322582190 -DJX_DISPLAY_NAME=Robey Wan
2026-04-17 18:24:31 GMT [main] DEBUG n.runelite.client.eventbus.EventBus - Registering class net.runelite.api.events.GameStateChanged - EventBus.Subscriber(object=net.runelite.client.RuntimeConfigRefresher@1922e6d, method=public void net.runelite.client.RuntimeConfigRefresher.onGameStateChanged(net.runelite.api.events.GameStateChanged), priority=0.0, lambda=net.runelite.client.RuntimeConfigRefresher$$Lambda/0x00000001003bf3a8@76a82f33)
2026-04-17 18:24:32 GMT [Preloader] INFO  net.runelite.client.rs.ClientLoader - injected-client 24445762228.105
2026-04-17 18:24:32 GMT [main] WARN  n.r.client.discord.DiscordService - Failed to load Discord library, Discord support will be disabled.
2026-04-17 18:24:32 GMT [main] DEBUG n.runelite.client.eventbus.EventBus - Registering class net.runelite.api.events.FocusChanged - EventBus.Subscriber(object=net.runelite.client.input.KeyManager@6bc28a83, method=private void net.runelite.client.input.KeyManager.onFocusChanged(net.runelite.api.events.FocusChanged), priority=0.0, lambda=net.runelite.client.input.KeyManager$$Lambda/0x000000010042c468@324c64cd)
2026-04-17 18:24:32 GMT [main] DEBUG n.runelite.client.eventbus.EventBus - Registering class net.runelite.client.events.ConfigChanged - EventBus.Subscriber(object=net.runelite.client.chat.ChatMessageManager@6ce1f601, method=public void net.runelite.client.chat.ChatMessageManager.onConfigChanged(net.runelite.client.events.ConfigChanged), priority=0.0, lambda=net.runelite.client.chat.ChatMessageManager$$Lambda/0x000000010042cd78@38875e7d)
2026-04-17 18:24:32 GMT [main] DEBUG n.runelite.client.eventbus.EventBus - Registering class net.runelite.api.events.ScriptCallbackEvent - EventBus.Subscriber(object=net.runelite.client.chat.ChatMessageManager@6ce1f601, method=public void net.runelite.client.chat.ChatMessageManager.onScriptCallbackEvent(net.runelite.api.events.ScriptCallbackEvent), priority=0.0, lambda=net.runelite.client.chat.ChatMessageManager$$Lambda/0x000000010042cfb0@6e33c391)
2026-04-17 18:24:32 GMT [main] DEBUG n.runelite.client.eventbus.EventBus - Registering class net.runelite.client.events.ProfileChanged - EventBus.Subscriber(object=net.runelite.client.chat.ChatMessageManager@6ce1f601, method=public void net.runelite.client.chat.ChatMessageManager.onProfileChanged(net.runelite.client.events.ProfileChanged), priority=0.0, lambda=net.runelite.client.chat.ChatMessageManager$$Lambda/0x000000010042d1e8@372b0d86)
2026-04-17 18:24:32 GMT [main] DEBUG net.runelite.client.input.KeyManager - Registering key listener: net.runelite.client.ui.overlay.OverlayRenderer$1@cc62a3b
2026-04-17 18:24:32 GMT [main] DEBUG n.runelite.client.eventbus.EventBus - Registering class net.runelite.api.events.FocusChanged - EventBus.Subscriber(object=net.runelite.client.ui.overlay.OverlayRenderer@29539e36, method=public void net.runelite.client.ui.overlay.OverlayRenderer.onFocusChanged(net.runelite.api.events.FocusChanged), priority=0.0, lambda=net.runelite.client.ui.overlay.OverlayRenderer$$Lambda/0x000000010042d980@32f61a31)
2026-04-17 18:24:32 GMT [main] DEBUG n.runelite.client.eventbus.EventBus - Registering class net.runelite.api.events.BeforeRender - EventBus.Subscriber(object=net.runelite.client.ui.overlay.OverlayRenderer@29539e36, method=public void net.runelite.client.ui.overlay.OverlayRenderer.onBeforeRender(net.runelite.api.events.BeforeRender), priority=0.0, lambda=net.runelite.client.ui.overlay.OverlayRenderer$$Lambda/0x000000010042dbb8@5305c37d)
2026-04-17 18:24:32 GMT [main] DEBUG n.runelite.client.eventbus.EventBus - Registering class net.runelite.api.events.ClientTick - EventBus.Subscriber(object=net.runelite.client.ui.overlay.OverlayRenderer@29539e36, method=protected void net.runelite.client.ui.overlay.OverlayRenderer.onClientTick(net.runelite.api.events.ClientTick), priority=0.0, lambda=net.runelite.client.ui.overlay.OverlayRenderer$$Lambda/0x000000010042ddf0@49a64d82)
2026-04-17 18:24:32 GMT [main] DEBUG n.runelite.client.eventbus.EventBus - Registering class net.runelite.client.events.ConfigChanged - EventBus.Subscriber(object=net.runelite.client.ui.overlay.infobox.InfoBoxManager@72bca894, method=public void net.runelite.client.ui.overlay.infobox.InfoBoxManager.onConfigChanged(net.runelite.client.events.ConfigChanged), priority=0.0, lambda=net.runelite.client.ui.overlay.infobox.InfoBoxManager$$Lambda/0x000000010042e220@433ffad1)
2026-04-17 18:24:32 GMT [main] DEBUG n.runelite.client.eventbus.EventBus - Registering class net.runelite.client.events.ProfileChanged - EventBus.Subscriber(object=net.runelite.client.ui.overlay.infobox.InfoBoxManager@72bca894, method=public synchronized void net.runelite.client.ui.overlay.infobox.InfoBoxManager.onProfileChanged(net.runelite.client.events.ProfileChanged), priority=0.0, lambda=net.runelite.client.ui.overlay.infobox.InfoBoxManager$$Lambda/0x000000010042e458@2575f671)
2026-04-17 18:24:32 GMT [main] DEBUG n.runelite.client.eventbus.EventBus - Registering class net.runelite.client.events.InfoBoxMenuClicked - EventBus.Subscriber(object=net.runelite.client.ui.overlay.infobox.InfoBoxManager@72bca894, method=public void net.runelite.client.ui.overlay.infobox.InfoBoxManager.onInfoBoxMenuClicked(net.runelite.client.events.InfoBoxMenuClicked), priority=0.0, lambda=net.runelite.client.ui.overlay.infobox.InfoBoxManager$$Lambda/0x000000010042e690@2d35442b)
2026-04-17 18:24:32 GMT [main] DEBUG n.runelite.client.eventbus.EventBus - Registering class net.runelite.api.events.ScriptCallbackEvent - EventBus.Subscriber(object=net.runelite.client.callback.Hooks@12f3afb5, method=public void net.runelite.client.callback.Hooks.onScriptCallbackEvent(net.runelite.api.events.ScriptCallbackEvent), priority=0.0, lambda=net.runelite.client.callback.Hooks$$Lambda/0x0000000100437490@4ced35ed)
2026-04-17 18:24:32 GMT [main] INFO  injected-client - writing 3 credentials to disk
2026-04-17 18:24:32 GMT [main] INFO  n.r.client.account.SessionManager - No session file exists
2026-04-17 18:24:32 GMT [main] DEBUG n.r.client.config.ConfigManager - Profile '$rsprofile' (sync: true, active: -1, id: false, internal)
2026-04-17 18:24:32 GMT [main] INFO  n.r.client.config.ConfigManager - Profile 'default' (sync: false, active: true, id: 170891852887488)
2026-04-17 18:24:32 GMT [main] INFO  n.r.client.config.ConfigManager - Using profile: default (170891852887488)
2026-04-17 18:24:33 GMT [main] DEBUG net.runelite.client.Updater - Unsupported OS: Linux
2026-04-17 18:24:33 GMT [main] DEBUG n.runelite.client.eventbus.EventBus - Registering class net.runelite.api.events.GameStateChanged - EventBus.Subscriber(object=net.runelite.client.game.ItemManager@42b28ff1, method=private void net.runelite.client.game.ItemManager.onGameStateChanged(net.runelite.api.events.GameStateChanged), priority=0.0, lambda=net.runelite.client.game.ItemManager$$Lambda/0x00000001005d6620@36061cf3)
2026-04-17 18:24:33 GMT [pool-2-thread-1] DEBUG net.runelite.client.game.ItemClient - Built URI: https://api.runelite.net/runelite-1.12.24/item/prices.js
2026-04-17 18:24:33 GMT [main] DEBUG n.r.client.plugins.PluginManager - Loaded plugin AmmoPlugin
2026-04-17 18:24:33 GMT [main] DEBUG n.r.client.plugins.PluginManager - Loaded plugin XteaPlugin
2026-04-17 18:24:33 GMT [main] DEBUG n.r.client.plugins.PluginManager - Loaded plugin InventoryTagsPlugin
2026-04-17 18:24:33 GMT [main] DEBUG n.r.client.plugins.PluginManager - Loaded plugin ObjectIndicatorsPlugin
2026-04-17 18:24:33 GMT [pool-2-thread-1] DEBUG net.runelite.client.game.ItemManager - Loaded 4544 prices
2026-04-17 18:24:33 GMT [pool-2-thread-1] DEBUG net.runelite.client.game.ItemClient - Built URI: https://static.runelite.net/item/stats.ids.min.json
2026-04-17 18:24:33 GMT [main] DEBUG n.r.client.plugins.PluginManager - Loaded plugin ItemChargePlugin
2026-04-17 18:24:33 GMT [main] DEBUG n.r.client.plugins.PluginManager - Loaded plugin BoostsPlugin
2026-04-17 18:24:33 GMT [main] DEBUG n.r.client.plugins.PluginManager - Loaded plugin InfoPlugin
2026-04-17 18:24:33 GMT [main] DEBUG n.r.client.plugins.PluginManager - Loaded plugin BarrowsPlugin
2026-04-17 18:24:33 GMT [main] DEBUG n.r.client.plugins.PluginManager - Loaded plugin RunEnergyPlugin
2026-04-17 18:24:33 GMT [main] DEBUG n.r.c.p.itemstats.ItemStatChanges - 814 items; 241 behaviours loaded
2026-04-17 18:24:33 GMT [main] DEBUG n.r.client.plugins.PluginManager - Loaded plugin ItemStatPlugin
2026-04-17 18:24:33 GMT [main] DEBUG n.r.client.plugins.PluginManager - Loaded plugin WorldHopperPlugin
2026-04-17 18:24:33 GMT [main] DEBUG n.r.client.plugins.PluginManager - Loaded plugin PyramidPlunderPlugin
2026-04-17 18:24:33 GMT [pool-2-thread-1] DEBUG net.runelite.client.game.ItemManager - Loaded 13417 stats
2026-04-17 18:24:33 GMT [pool-2-thread-1] DEBUG n.runelite.client.game.WorldService - Fetching worlds
2026-04-17 18:24:33 GMT [pool-2-thread-1] DEBUG net.runelite.client.game.WorldClient - Built URI: https://api.runelite.net/runelite-1.12.24/worlds.js
2026-04-17 18:24:33 GMT [main] DEBUG n.runelite.client.eventbus.EventBus - Registering class net.runelite.client.party.messages.PartyChatMessage - EventBus.Subscriber(object=net.runelite.client.party.PartyService@4228bf58, method=public void net.runelite.client.party.PartyService.onPartyChatMessage(net.runelite.client.party.messages.PartyChatMessage), priority=0.0, lambda=net.runelite.client.party.PartyService$$Lambda/0x00000001005fbbb8@68b9834c)
2026-04-17 18:24:33 GMT [main] DEBUG n.runelite.client.eventbus.EventBus - Registering class net.runelite.client.party.events.UserJoin - EventBus.Subscriber(object=net.runelite.client.party.PartyService@4228bf58, method=public void net.runelite.client.party.PartyService.onUserJoin(net.runelite.client.party.events.UserJoin), priority=1.0, lambda=net.runelite.client.party.PartyService$$Lambda/0x00000001005ff000@60c8a093)
2026-04-17 18:24:33 GMT [main] DEBUG n.runelite.client.eventbus.EventBus - Registering class net.runelite.client.party.events.UserPart - EventBus.Subscriber(object=net.runelite.client.party.PartyService@4228bf58, method=public void net.runelite.client.party.PartyService.onUserPart(net.runelite.client.party.events.UserPart), priority=1.0, lambda=net.runelite.client.party.PartyService$$Lambda/0x00000001005ff238@c755b2)
2026-04-17 18:24:33 GMT [main] DEBUG n.r.client.plugins.PluginManager - Loaded plugin SpecialCounterPlugin
2026-04-17 18:24:33 GMT [main] DEBUG n.r.client.plugins.PluginManager - Loaded plugin ScreenMarkerPlugin
2026-04-17 18:24:33 GMT [main] DEBUG n.runelite.client.eventbus.EventBus - Registering class net.runelite.api.events.GameStateChanged - EventBus.Subscriber(object=net.runelite.client.game.ChatIconManager@17143b3b, method=private void net.runelite.client.game.ChatIconManager.onGameStateChanged(net.runelite.api.events.GameStateChanged), priority=0.0, lambda=net.runelite.client.game.ChatIconManager$$Lambda/0x00000001005feac0@100c8b75)
2026-04-17 18:24:33 GMT [main] DEBUG n.r.client.plugins.PluginManager - Loaded plugin PlayerIndicatorsPlugin
2026-04-17 18:24:33 GMT [main] DEBUG n.r.client.plugins.PluginManager - Loaded plugin HerbiboarPlugin
2026-04-17 18:24:33 GMT [main] DEBUG n.r.client.plugins.PluginManager - Loaded plugin InteractHighlightPlugin
2026-04-17 18:24:33 GMT [main] DEBUG n.runelite.client.eventbus.EventBus - Registering class net.runelite.api.events.AnimationChanged - EventBus.Subscriber(object=net.runelite.client.game.NpcUtil@6a818392, method=public void net.runelite.client.game.NpcUtil.onAnimationChanged(net.runelite.api.events.AnimationChanged), priority=0.0, lambda=net.runelite.client.game.NpcUtil$$Lambda/0x0000000100605480@489091bd)
2026-04-17 18:24:33 GMT [main] DEBUG n.runelite.client.eventbus.EventBus - Registering class net.runelite.api.events.NpcChanged - EventBus.Subscriber(object=net.runelite.client.game.NpcUtil@6a818392, method=void net.runelite.client.game.NpcUtil.onNpcChanged(net.runelite.api.events.NpcChanged), priority=0.0, lambda=net.runelite.client.game.NpcUtil$$Lambda/0x00000001006056b8@1de9b505)
2026-04-17 18:24:33 GMT [main] DEBUG n.r.client.plugins.PluginManager - Loaded plugin BossTimersPlugin
2026-04-17 18:24:33 GMT [main] DEBUG n.r.client.plugins.PluginManager - Loaded plugin ChatNotificationsPlugin
2026-04-17 18:24:33 GMT [main] DEBUG n.r.client.plugins.PluginManager - Loaded plugin FpsPlugin
2026-04-17 18:24:33 GMT [main] DEBUG n.r.client.plugins.PluginManager - Loaded plugin ItemIdentificationPlugin
2026-04-17 18:24:33 GMT [main] DEBUG n.runelite.client.eventbus.EventBus - Registering class net.runelite.api.events.GameStateChanged - EventBus.Subscriber(object=net.runelite.client.game.chatbox.ChatboxPanelManager@2373ad99, method=private void net.runelite.client.game.chatbox.ChatboxPanelManager.onGameStateChanged(net.runelite.api.events.GameStateChanged), priority=0.0, lambda=net.runelite.client.game.chatbox.ChatboxPanelManager$$Lambda/0x0000000100607098@33634f04)
2026-04-17 18:24:33 GMT [main] DEBUG n.runelite.client.eventbus.EventBus - Registering class net.runelite.api.events.ScriptPreFired - EventBus.Subscriber(object=net.runelite.client.game.chatbox.ChatboxPanelManager@2373ad99, method=public void net.runelite.client.game.chatbox.ChatboxPanelManager.onScriptPreFired(net.runelite.api.events.ScriptPreFired), priority=0.0, lambda=net.runelite.client.game.chatbox.ChatboxPanelManager$$Lambda/0x00000001006072d0@48a0c8aa)
2026-04-17 18:24:33 GMT [main] DEBUG n.r.client.plugins.PluginManager - Loaded plugin QuestListPlugin
2026-04-17 18:24:34 GMT [main] DEBUG n.r.client.plugins.PluginManager - Loaded plugin BlastMinePlugin
2026-04-17 18:24:34 GMT [main] DEBUG n.r.client.plugins.PluginManager - Loaded plugin RunepouchPlugin
2026-04-17 18:24:34 GMT [main] DEBUG n.r.client.plugins.PluginManager - Loaded plugin WorldMapPlugin
2026-04-17 18:24:34 GMT [main] DEBUG n.r.client.plugins.PluginManager - Loaded plugin EntityHiderPlugin
2026-04-17 18:24:34 GMT [main] DEBUG n.runelite.client.eventbus.EventBus - Registering class net.runelite.api.events.GameStateChanged - EventBus.Subscriber(object=net.runelite.client.game.npcoverlay.NpcOverlayService@6f76c2cc, method=private void net.runelite.client.game.npcoverlay.NpcOverlayService.onGameStateChanged(net.runelite.api.events.GameStateChanged), priority=0.0, lambda=net.runelite.client.game.npcoverlay.NpcOverlayService$$Lambda/0x000000010060e978@306f6f1d)
2026-04-17 18:24:34 GMT [main] DEBUG n.runelite.client.eventbus.EventBus - Registering class net.runelite.api.events.NpcDespawned - EventBus.Subscriber(object=net.runelite.client.game.npcoverlay.NpcOverlayService@6f76c2cc, method=private void net.runelite.client.game.npcoverlay.NpcOverlayService.onNpcDespawned(net.runelite.api.events.NpcDespawned), priority=-1.0, lambda=net.runelite.client.game.npcoverlay.NpcOverlayService$$Lambda/0x000000010060ebb0@6fc6deb7)
2026-04-17 18:24:34 GMT [main] DEBUG n.runelite.client.eventbus.EventBus - Registering class net.runelite.api.events.NpcSpawned - EventBus.Subscriber(object=net.runelite.client.game.npcoverlay.NpcOverlayService@6f76c2cc, method=private void net.runelite.client.game.npcoverlay.NpcOverlayService.onNpcSpawned(net.runelite.api.events.NpcSpawned), priority=-1.0, lambda=net.runelite.client.game.npcoverlay.NpcOverlayService$$Lambda/0x000000010060ede8@7da39774)
2026-04-17 18:24:34 GMT [main] DEBUG n.runelite.client.eventbus.EventBus - Registering class net.runelite.api.events.NpcChanged - EventBus.Subscriber(object=net.runelite.client.game.npcoverlay.NpcOverlayService@6f76c2cc, method=private void net.runelite.client.game.npcoverlay.NpcOverlayService.onNpcChanged(net.runelite.api.events.NpcChanged), priority=-1.0, lambda=net.runelite.client.game.npcoverlay.NpcOverlayService$$Lambda/0x000000010060f020@1df1ced0)
2026-04-17 18:24:34 GMT [main] DEBUG n.r.client.plugins.PluginManager - Loaded plugin CorpPlugin
2026-04-17 18:24:34 GMT [main] DEBUG n.r.client.plugins.PluginManager - Loaded plugin AccountPlugin
2026-04-17 18:24:34 GMT [main] DEBUG n.r.client.plugins.PluginManager - Loaded plugin DailyTasksPlugin
2026-04-17 18:24:34 GMT [main] DEBUG n.r.client.plugins.PluginManager - Loaded plugin CannonPlugin
2026-04-17 18:24:34 GMT [main] DEBUG n.r.client.plugins.PluginManager - Loaded plugin TearsOfGuthixPlugin
2026-04-17 18:24:34 GMT [main] DEBUG n.r.client.plugins.PluginManager - Loaded plugin NotesPlugin
2026-04-17 18:24:34 GMT [main] DEBUG n.r.client.plugins.PluginManager - Loaded plugin ChatHistoryPlugin
2026-04-17 18:24:34 GMT [main] DEBUG n.r.client.plugins.PluginManager - Loaded plugin TimeTrackingPlugin
2026-04-17 18:24:34 GMT [main] DEBUG n.r.client.plugins.PluginManager - Loaded plugin ItemPricesPlugin
2026-04-17 18:24:34 GMT [main] DEBUG n.runelite.client.eventbus.EventBus - Registering class net.runelite.api.events.ScriptCallbackEvent - EventBus.Subscriber(object=net.runelite.client.chat.ChatInputManager@67507df, method=private void net.runelite.client.chat.ChatInputManager.onScriptCallbackEvent(net.runelite.api.events.ScriptCallbackEvent), priority=0.0, lambda=net.runelite.client.chat.ChatInputManager$$Lambda/0x000000010061e618@341b13a8)
2026-04-17 18:24:34 GMT [main] DEBUG n.runelite.client.eventbus.EventBus - Registering class net.runelite.client.events.PrivateMessageInput - EventBus.Subscriber(object=net.runelite.client.chat.ChatCommandManager@33feb805, method=public void net.runelite.client.chat.ChatCommandManager.onPrivateMessageInput(net.runelite.client.events.PrivateMessageInput), priority=0.0, lambda=net.runelite.client.chat.ChatCommandManager$$Lambda/0x000000010061e850@37854b34)
2026-04-17 18:24:34 GMT [main] DEBUG n.runelite.client.eventbus.EventBus - Registering class net.runelite.api.events.ChatMessage - EventBus.Subscriber(object=net.runelite.client.chat.ChatCommandManager@33feb805, method=public void net.runelite.client.chat.ChatCommandManager.onChatMessage(net.runelite.api.events.ChatMessage), priority=0.0, lambda=net.runelite.client.chat.ChatCommandManager$$Lambda/0x000000010061ea88@34332b8d)
2026-04-17 18:24:34 GMT [main] DEBUG n.runelite.client.eventbus.EventBus - Registering class net.runelite.client.events.ChatboxInput - EventBus.Subscriber(object=net.runelite.client.chat.ChatCommandManager@33feb805, method=public void net.runelite.client.chat.ChatCommandManager.onChatboxInput(net.runelite.client.events.ChatboxInput), priority=0.0, lambda=net.runelite.client.chat.ChatCommandManager$$Lambda/0x000000010061ecc0@7ff19c33)
2026-04-17 18:24:34 GMT [main] DEBUG n.r.client.plugins.PluginManager - Loaded plugin ChatCommandsPlugin
2026-04-17 18:24:34 GMT [main] DEBUG n.r.client.plugins.PluginManager - Loaded plugin LowMemoryPlugin
2026-04-17 18:24:34 GMT [main] DEBUG n.r.client.plugins.PluginManager - Loaded plugin PohPlugin
2026-04-17 18:24:34 GMT [main] DEBUG n.runelite.client.eventbus.EventBus - Registering class net.runelite.api.events.MenuEntryAdded - EventBus.Subscriber(object=net.runelite.client.menus.MenuManager@6749fe50, method=public void net.runelite.client.menus.MenuManager.onMenuEntryAdded(net.runelite.api.events.MenuEntryAdded), priority=0.0, lambda=net.runelite.client.menus.MenuManager$$Lambda/0x00000001006212e0@52bf7bf6)
2026-04-17 18:24:34 GMT [main] DEBUG n.runelite.client.eventbus.EventBus - Registering class net.runelite.api.events.PlayerMenuOptionsChanged - EventBus.Subscriber(object=net.runelite.client.menus.MenuManager@6749fe50, method=public void net.runelite.client.menus.MenuManager.onPlayerMenuOptionsChanged(net.runelite.api.events.PlayerMenuOptionsChanged), priority=0.0, lambda=net.runelite.client.menus.MenuManager$$Lambda/0x0000000100621518@22f4f8f2)
2026-04-17 18:24:34 GMT [main] DEBUG n.r.client.plugins.PluginManager - Loaded plugin InstanceMapPlugin
2026-04-17 18:24:34 GMT [pool-2-thread-1] DEBUG n.runelite.client.game.NpcInfoClient - Built URI: https://static.runelite.net/npcs/npcs.min.json
2026-04-17 18:24:34 GMT [main] DEBUG n.r.client.plugins.PluginManager - Loaded plugin SlayerPlugin
2026-04-17 18:24:34 GMT [main] DEBUG n.r.client.plugins.PluginManager - Loaded plugin WintertodtPlugin
2026-04-17 18:24:34 GMT [main] DEBUG n.r.client.plugins.PluginManager - Loaded plugin BarbarianAssaultPlugin
2026-04-17 18:24:34 GMT [main] DEBUG n.r.client.plugins.PluginManager - Loaded plugin MenuEntrySwapperPlugin
2026-04-17 18:24:34 GMT [main] DEBUG n.r.client.plugins.PluginManager - Loaded plugin ImplingsPlugin
2026-04-17 18:24:34 GMT [main] DEBUG n.r.client.plugins.PluginManager - Loaded plugin AnimationSmoothingPlugin
2026-04-17 18:24:34 GMT [main] INFO  n.r.c.plugins.kourendlibrary.Library - Library is now reset
2026-04-17 18:24:34 GMT [main] DEBUG n.r.client.plugins.PluginManager - Loaded plugin KourendLibraryPlugin
2026-04-17 18:24:34 GMT [main] DEBUG n.r.client.plugins.PluginManager - Loaded plugin RunecraftPlugin
2026-04-17 18:24:34 GMT [main] DEBUG n.r.client.plugins.PluginManager - Loaded plugin MetronomePlugin
2026-04-17 18:24:34 GMT [main] DEBUG n.r.client.plugins.PluginManager - Loaded plugin ZalcanoPlugin
2026-04-17 18:24:34 GMT [main] DEBUG n.r.client.plugins.PluginManager - Loaded plugin DriftNetPlugin
2026-04-17 18:24:34 GMT [main] DEBUG n.r.client.plugins.PluginManager - Loaded plugin SpellbookPlugin
2026-04-17 18:24:34 GMT [main] DEBUG n.r.client.plugins.PluginManager - Loaded plugin TimersAndBuffsPlugin
2026-04-17 18:24:34 GMT [main] DEBUG n.r.client.plugins.PluginManager - Loaded plugin XpTrackerPlugin
2026-04-17 18:24:34 GMT [main] DEBUG n.r.client.plugins.PluginManager - Loaded plugin AgilityPlugin
2026-04-17 18:24:34 GMT [main] DEBUG n.r.client.plugins.PluginManager - Loaded plugin SmeltingPlugin
2026-04-17 18:24:34 GMT [main] DEBUG n.r.client.plugins.PluginManager - Loaded plugin CookingPlugin
2026-04-17 18:24:34 GMT [main] DEBUG n.r.client.plugins.PluginManager - Loaded plugin FishingPlugin
2026-04-17 18:24:34 GMT [main] DEBUG n.r.client.game.SkillIconManager - Loading skill icon from /skill_icons/mining.png
2026-04-17 18:24:34 GMT [main] DEBUG n.r.client.plugins.PluginManager - Loaded plugin MotherlodePlugin
2026-04-17 18:24:34 GMT [main] DEBUG n.r.client.plugins.PluginManager - Loaded plugin PuzzleSolverPlugin
2026-04-17 18:24:34 GMT [main] DEBUG n.runelite.client.eventbus.EventBus - Registering class net.runelite.api.events.ItemDespawned - EventBus.Subscriber(object=net.runelite.client.game.LootManager@17b37e9a, method=public void net.runelite.client.game.LootManager.onItemDespawned(net.runelite.api.events.ItemDespawned), priority=0.0, lambda=net.runelite.client.game.LootManager$$Lambda/0x0000000100634ab0@6bcb12e6)
2026-04-17 18:24:34 GMT [main] DEBUG n.runelite.client.eventbus.EventBus - Registering class net.runelite.api.events.ScriptPreFired - EventBus.Subscriber(object=net.runelite.client.game.LootManager@17b37e9a, method=private void net.runelite.client.game.LootManager.onScriptPreFired(net.runelite.api.events.ScriptPreFired), priority=0.0, lambda=net.runelite.client.game.LootManager$$Lambda/0x0000000100634ce8@29c17c3d)
2026-04-17 18:24:34 GMT [main] DEBUG n.runelite.client.eventbus.EventBus - Registering class net.runelite.api.events.AnimationChanged - EventBus.Subscriber(object=net.runelite.client.game.LootManager@17b37e9a, method=public void net.runelite.client.game.LootManager.onAnimationChanged(net.runelite.api.events.AnimationChanged), priority=0.0, lambda=net.runelite.client.game.LootManager$$Lambda/0x0000000100634f20@1665fa54)
2026-04-17 18:24:34 GMT [main] DEBUG n.runelite.client.eventbus.EventBus - Registering class net.runelite.api.events.PlayerDespawned - EventBus.Subscriber(object=net.runelite.client.game.LootManager@17b37e9a, method=public void net.runelite.client.game.LootManager.onPlayerDespawned(net.runelite.api.events.PlayerDespawned), priority=0.0, lambda=net.runelite.client.game.LootManager$$Lambda/0x0000000100635158@4f654cee)
2026-04-17 18:24:34 GMT [main] DEBUG n.runelite.client.eventbus.EventBus - Registering class net.runelite.api.events.NpcDespawned - EventBus.Subscriber(object=net.runelite.client.game.LootManager@17b37e9a, method=public void net.runelite.client.game.LootManager.onNpcDespawned(net.runelite.api.events.NpcDespawned), priority=0.0, lambda=net.runelite.client.game.LootManager$$Lambda/0x0000000100635390@7112ce6)
2026-04-17 18:24:34 GMT [main] DEBUG n.runelite.client.eventbus.EventBus - Registering class net.runelite.api.events.ItemSpawned - EventBus.Subscriber(object=net.runelite.client.game.LootManager@17b37e9a, method=public void net.runelite.client.game.LootManager.onItemSpawned(net.runelite.api.events.ItemSpawned), priority=0.0, lambda=net.runelite.client.game.LootManager$$Lambda/0x00000001006355c8@30ec7d21)
2026-04-17 18:24:34 GMT [main] DEBUG n.runelite.client.eventbus.EventBus - Registering class net.runelite.api.events.GameTick - EventBus.Subscriber(object=net.runelite.client.game.LootManager@17b37e9a, method=public void net.runelite.client.game.LootManager.onGameTick(net.runelite.api.events.GameTick), priority=0.0, lambda=net.runelite.client.game.LootManager$$Lambda/0x0000000100635800@7efa3f63)
2026-04-17 18:24:34 GMT [main] DEBUG n.runelite.client.eventbus.EventBus - Registering class net.runelite.api.events.NpcChanged - EventBus.Subscriber(object=net.runelite.client.game.LootManager@17b37e9a, method=public void net.runelite.client.game.LootManager.onNpcChanged(net.runelite.api.events.NpcChanged), priority=0.0, lambda=net.runelite.client.game.LootManager$$Lambda/0x0000000100635a38@2262d6d5)
2026-04-17 18:24:34 GMT [main] DEBUG n.r.client.plugins.PluginManager - Loaded plugin LootTrackerPlugin
2026-04-17 18:24:34 GMT [main] DEBUG n.r.client.plugins.PluginManager - Loaded plugin RegenMeterPlugin
2026-04-17 18:24:34 GMT [main] DEBUG n.r.client.plugins.PluginManager - Loaded plugin KeyRemappingPlugin
2026-04-17 18:24:34 GMT [main] DEBUG n.r.client.plugins.PluginManager - Loaded plugin RaidsPlugin
2026-04-17 18:24:34 GMT [main] DEBUG n.r.client.plugins.PluginManager - Loaded plugin TileIndicatorsPlugin
2026-04-17 18:24:34 GMT [main] DEBUG n.r.client.plugins.PluginManager - Loaded plugin StretchedModePlugin
2026-04-17 18:24:34 GMT [main] DEBUG n.r.client.plugins.PluginManager - Loaded plugin SkillCalculatorPlugin
2026-04-17 18:24:34 GMT [main] DEBUG n.r.client.plugins.PluginManager - Loaded plugin BankPlugin
2026-04-17 18:24:34 GMT [main] DEBUG n.r.client.plugins.PluginManager - Loaded plugin XpDropPlugin
2026-04-17 18:24:34 GMT [main] DEBUG n.r.client.plugins.PluginManager - Loaded plugin TwitchPlugin
2026-04-17 18:24:34 GMT [main] DEBUG n.r.client.plugins.PluginManager - Loaded plugin PoisonPlugin
2026-04-17 18:24:34 GMT [main] DEBUG n.r.client.plugins.PluginManager - Loaded plugin DefaultWorldPlugin
2026-04-17 18:24:34 GMT [main] DEBUG n.r.client.plugins.PluginManager - Loaded plugin CustomCursorPlugin
2026-04-17 18:24:34 GMT [main] DEBUG n.r.client.plugins.PluginManager - Loaded plugin ScreenshotPlugin
2026-04-17 18:24:34 GMT [main] DEBUG n.r.client.plugins.PluginManager - Loaded plugin LogoutTimerPlugin
2026-04-17 18:24:34 GMT [main] DEBUG n.r.client.plugins.PluginManager - Loaded plugin GroundItemsPlugin
2026-04-17 18:24:34 GMT [main] DEBUG n.r.client.plugins.PluginManager - Loaded plugin NightmareZonePlugin
2026-04-17 18:24:34 GMT [main] DEBUG n.r.client.plugins.PluginManager - Loaded plugin RandomEventPlugin
2026-04-17 18:24:34 GMT [main] DEBUG n.r.client.plugins.PluginManager - Loaded plugin LoginScreenPlugin
2026-04-17 18:24:34 GMT [main] DEBUG n.r.client.plugins.PluginManager - Loaded plugin MiningPlugin
2026-04-17 18:24:34 GMT [main] DEBUG n.r.client.plugins.PluginManager - Loaded plugin CrowdsourcingPlugin
2026-04-17 18:24:34 GMT [main] DEBUG n.r.client.plugins.PluginManager - Loaded plugin DiaryRequirementsPlugin
2026-04-17 18:24:34 GMT [main] DEBUG n.r.client.plugins.PluginManager - Loaded plugin GrandExchangePlugin
2026-04-17 18:24:34 GMT [main] DEBUG n.r.client.plugins.PluginManager - Loaded plugin KingdomPlugin
2026-04-17 18:24:34 GMT [main] DEBUG n.r.client.plugins.PluginManager - Loaded plugin WoodcuttingPlugin
2026-04-17 18:24:34 GMT [main] DEBUG n.r.client.plugins.PluginManager - Loaded plugin ReportButtonPlugin
2026-04-17 18:24:34 GMT [main] DEBUG n.r.client.plugins.PluginManager - Loaded plugin VirtualLevelsPlugin
2026-04-17 18:24:34 GMT [main] DEBUG n.r.client.plugins.PluginManager - Loaded plugin ExaminePlugin
2026-04-17 18:24:34 GMT [main] DEBUG n.r.client.plugins.PluginManager - Loaded plugin InventoryGridPlugin
2026-04-17 18:24:34 GMT [main] DEBUG n.r.client.plugins.PluginManager - Loaded plugin NpcAggroAreaPlugin
2026-04-17 18:24:34 GMT [main] DEBUG n.r.client.plugins.PluginManager - Loaded plugin CameraPlugin
2026-04-17 18:24:34 GMT [main] DEBUG n.r.client.plugins.PluginManager - Loaded plugin OpponentInfoPlugin
2026-04-17 18:24:34 GMT [main] DEBUG n.r.client.plugins.PluginManager - Loaded plugin PartyPlugin
2026-04-17 18:24:34 GMT [main] DEBUG n.r.client.plugins.PluginManager - Loaded plugin CombatLevelPlugin
2026-04-17 18:24:34 GMT [main] DEBUG n.r.client.plugins.PluginManager - Loaded plugin XpUpdaterPlugin
2026-04-17 18:24:34 GMT [main] DEBUG n.r.client.plugins.PluginManager - Loaded plugin GroundMarkerPlugin
2026-04-17 18:24:34 GMT [main] DEBUG n.r.client.plugins.PluginManager - Loaded plugin HiscorePlugin
2026-04-17 18:24:34 GMT [main] DEBUG n.r.client.plugins.PluginManager - Loaded plugin DiscordPlugin
2026-04-17 18:24:34 GMT [main] DEBUG n.r.client.plugins.PluginManager - Loaded plugin MouseHighlightPlugin
2026-04-17 18:24:34 GMT [main] DEBUG n.r.client.plugins.PluginManager - Loaded plugin IdleNotifierPlugin
2026-04-17 18:24:34 GMT [main] DEBUG n.r.client.plugins.PluginManager - Loaded plugin BankTagsPlugin
2026-04-17 18:24:34 GMT [main] DEBUG n.r.client.plugins.PluginManager - Loaded plugin ClueScrollPlugin
2026-04-17 18:24:34 GMT [main] DEBUG n.r.client.plugins.PluginManager - Loaded plugin EmojiPlugin
2026-04-17 18:24:34 GMT [main] DEBUG n.r.client.plugins.PluginManager - Loaded plugin ChatChannelPlugin
2026-04-17 18:24:34 GMT [main] DEBUG n.r.client.plugins.PluginManager - Loaded plugin TimestampPlugin
2026-04-17 18:24:34 GMT [main] DEBUG n.r.client.plugins.PluginManager - Loaded plugin FriendListPlugin
2026-04-17 18:24:34 GMT [main] DEBUG n.r.client.plugins.PluginManager - Loaded plugin HunterPlugin
2026-04-17 18:24:34 GMT [main] DEBUG n.r.client.plugins.PluginManager - Loaded plugin PestControlPlugin
2026-04-17 18:24:34 GMT [main] DEBUG n.r.client.plugins.PluginManager - Loaded plugin MusicPlugin
2026-04-17 18:24:34 GMT [main] DEBUG n.r.client.plugins.PluginManager - Loaded plugin TitheFarmPlugin
2026-04-17 18:24:34 GMT [main] DEBUG n.r.client.plugins.PluginManager - Loaded plugin AntiDragPlugin
2026-04-17 18:24:34 GMT [main] DEBUG n.r.client.plugins.PluginManager - Loaded plugin BlastFurnacePlugin
2026-04-17 18:24:34 GMT [main] DEBUG n.r.client.plugins.PluginManager - Loaded plugin SkyboxPlugin
2026-04-17 18:24:34 GMT [main] DEBUG n.r.client.plugins.PluginManager - Loaded plugin FriendNotesPlugin
2026-04-17 18:24:34 GMT [main] DEBUG n.r.client.plugins.PluginManager - Loaded plugin MTAPlugin
2026-04-17 18:24:34 GMT [main] DEBUG n.r.client.plugins.PluginManager - Loaded plugin AttackStylesPlugin
2026-04-17 18:24:34 GMT [main] DEBUG n.r.client.plugins.PluginManager - Loaded plugin FairyRingPlugin
2026-04-17 18:24:34 GMT [main] DEBUG n.r.client.plugins.PluginManager - Loaded plugin InterfaceStylesPlugin
2026-04-17 18:24:34 GMT [main] DEBUG n.r.client.plugins.PluginManager - Loaded plugin XpGlobesPlugin
2026-04-17 18:24:34 GMT [main] DEBUG n.r.client.plugins.PluginManager - Loaded plugin PrayerPlugin
2026-04-17 18:24:35 GMT [main] DEBUG n.r.client.plugins.PluginManager - Loaded plugin DpsCounterPlugin
2026-04-17 18:24:35 GMT [main] DEBUG n.r.client.plugins.PluginManager - Loaded plugin InventoryViewerPlugin
2026-04-17 18:24:35 GMT [main] DEBUG n.r.client.plugins.PluginManager - Loaded plugin RoofRemovalPlugin
2026-04-17 18:24:35 GMT [main] DEBUG n.r.client.plugins.PluginManager - Loaded plugin TeamPlugin
2026-04-17 18:24:35 GMT [main] DEBUG n.r.client.plugins.PluginManager - Loaded plugin NpcIndicatorsPlugin
2026-04-17 18:24:35 GMT [main] DEBUG n.r.client.plugins.PluginManager - Loaded plugin WikiPlugin
2026-04-17 18:24:35 GMT [main] DEBUG n.r.client.plugins.PluginManager - Loaded plugin MinimapPlugin
2026-04-17 18:24:35 GMT [main] DEBUG n.r.client.plugins.PluginManager - Loaded plugin StatusBarsPlugin
2026-04-17 18:24:35 GMT [main] DEBUG n.r.client.plugins.PluginManager - Loaded plugin ConfigPlugin
2026-04-17 18:24:35 GMT [main] DEBUG n.r.client.plugins.PluginManager - Loaded plugin ChatFilterPlugin
2026-04-17 18:24:35 GMT [main] DEBUG n.r.client.plugins.PluginManager - Loaded plugin GpuPlugin
2026-04-17 18:24:35 GMT [main] DEBUG n.runelite.client.eventbus.EventBus - Registering class net.runelite.client.events.ClientShutdown - EventBus.Subscriber(object=net.runelite.client.ClientSessionManager@1ef31f71, method=private void net.runelite.client.ClientSessionManager.onClientShutdown(net.runelite.client.events.ClientShutdown), priority=0.0, lambda=net.runelite.client.ClientSessionManager$$Lambda/0x0000000100691228@6e8fdd19)
2026-04-17 18:24:35 GMT [main] DEBUG n.runelite.client.eventbus.EventBus - Registering class net.runelite.api.events.GameStateChanged - EventBus.Subscriber(object=net.runelite.client.ui.ClientUI@27976390, method=private void net.runelite.client.ui.ClientUI.onGameStateChanged(net.runelite.api.events.GameStateChanged), priority=0.0, lambda=net.runelite.client.ui.ClientUI$$Lambda/0x00000001006bf210@37e0056e)
2026-04-17 18:24:35 GMT [main] DEBUG n.runelite.client.eventbus.EventBus - Registering class net.runelite.client.events.ConfigChanged - EventBus.Subscriber(object=net.runelite.client.ui.ClientUI@27976390, method=private void net.runelite.client.ui.ClientUI.onConfigChanged(net.runelite.client.events.ConfigChanged), priority=0.0, lambda=net.runelite.client.ui.ClientUI$$Lambda/0x00000001006bf448@2fe2965c)
2026-04-17 18:24:35 GMT [main] DEBUG n.runelite.client.eventbus.EventBus - Registering class net.runelite.client.events.ProfileChanged - EventBus.Subscriber(object=net.runelite.client.plugins.PluginManager@40943a6, method=public void net.runelite.client.plugins.PluginManager.onProfileChanged(net.runelite.client.events.ProfileChanged), priority=0.0, lambda=net.runelite.client.plugins.PluginManager$$Lambda/0x00000001006bf680@798cb6d9)
2026-04-17 18:24:35 GMT [main] DEBUG n.runelite.client.eventbus.EventBus - Registering class net.runelite.client.events.ProfileChanged - EventBus.Subscriber(object=net.runelite.client.externalplugins.ExternalPluginManager@5e50df2e, method=public void net.runelite.client.externalplugins.ExternalPluginManager.onProfileChanged(net.runelite.client.events.ProfileChanged), priority=0.0, lambda=net.runelite.client.externalplugins.ExternalPluginManager$$Lambda/0x00000001006bf8b8@100aa331)
2026-04-17 18:24:35 GMT [main] DEBUG n.runelite.client.eventbus.EventBus - Registering class net.runelite.client.events.ConfigChanged - EventBus.Subscriber(object=net.runelite.client.ui.overlay.OverlayManager@724bf25f, method=public void net.runelite.client.ui.overlay.OverlayManager.onConfigChanged(net.runelite.client.events.ConfigChanged), priority=0.0, lambda=net.runelite.client.ui.overlay.OverlayManager$$Lambda/0x00000001006bfaf0@2abafa97)
2026-04-17 18:24:35 GMT [main] DEBUG n.runelite.client.eventbus.EventBus - Registering class net.runelite.client.events.ProfileChanged - EventBus.Subscriber(object=net.runelite.client.ui.overlay.OverlayManager@724bf25f, method=public void net.runelite.client.ui.overlay.OverlayManager.onProfileChanged(net.runelite.client.events.ProfileChanged), priority=0.0, lambda=net.runelite.client.ui.overlay.OverlayManager$$Lambda/0x00000001006bfd28@40717ed)
2026-04-17 18:24:35 GMT [main] DEBUG n.runelite.client.eventbus.EventBus - Registering class net.runelite.client.events.ClientShutdown - EventBus.Subscriber(object=net.runelite.client.config.ConfigManager@5460edd3, method=private void net.runelite.client.config.ConfigManager.onClientShutdown(net.runelite.client.events.ClientShutdown), priority=-100.0, lambda=net.runelite.client.config.ConfigManager$$Lambda/0x00000001006ba000@5dbbb292)
2026-04-17 18:24:35 GMT [main] DEBUG n.runelite.client.eventbus.EventBus - Registering class net.runelite.api.events.PlayerChanged - EventBus.Subscriber(object=net.runelite.client.config.ConfigManager@5460edd3, method=private void net.runelite.client.config.ConfigManager.onPlayerChanged(net.runelite.api.events.PlayerChanged), priority=0.0, lambda=net.runelite.client.config.ConfigManager$$Lambda/0x00000001006ba238@565aa4ac)
2026-04-17 18:24:35 GMT [main] DEBUG n.runelite.client.eventbus.EventBus - Registering class net.runelite.api.events.AccountHashChanged - EventBus.Subscriber(object=net.runelite.client.config.ConfigManager@5460edd3, method=private void net.runelite.client.config.ConfigManager.onAccountHashChanged(net.runelite.api.events.AccountHashChanged), priority=0.0, lambda=net.runelite.client.config.ConfigManager$$Lambda/0x00000001006ba470@1f78d415)
2026-04-17 18:24:35 GMT [main] DEBUG n.runelite.client.eventbus.EventBus - Registering class net.runelite.client.events.RuneScapeProfileChanged - EventBus.Subscriber(object=net.runelite.client.config.ConfigManager@5460edd3, method=private void net.runelite.client.config.ConfigManager.onRuneScapeProfileChanged(net.runelite.client.events.RuneScapeProfileChanged), priority=0.0, lambda=net.runelite.client.config.ConfigManager$$Lambda/0x00000001006ba6a8@27960b1e)
2026-04-17 18:24:35 GMT [main] DEBUG n.runelite.client.eventbus.EventBus - Registering class net.runelite.client.events.SessionOpen - EventBus.Subscriber(object=net.runelite.client.config.ConfigManager@5460edd3, method=public void net.runelite.client.config.ConfigManager.onSessionOpen(net.runelite.client.events.SessionOpen), priority=0.0, lambda=net.runelite.client.config.ConfigManager$$Lambda/0x00000001006ba8e0@3d3a1903)
2026-04-17 18:24:35 GMT [main] DEBUG n.runelite.client.eventbus.EventBus - Registering class net.runelite.client.events.SessionClose - EventBus.Subscriber(object=net.runelite.client.config.ConfigManager@5460edd3, method=public void net.runelite.client.config.ConfigManager.onSessionClose(net.runelite.client.events.SessionClose), priority=0.0, lambda=net.runelite.client.config.ConfigManager$$Lambda/0x00000001006bab18@153cb763)
2026-04-17 18:24:35 GMT [main] DEBUG n.runelite.client.eventbus.EventBus - Registering class net.runelite.api.events.WorldChanged - EventBus.Subscriber(object=net.runelite.client.config.ConfigManager@5460edd3, method=private void net.runelite.client.config.ConfigManager.onWorldChanged(net.runelite.api.events.WorldChanged), priority=0.0, lambda=net.runelite.client.config.ConfigManager$$Lambda/0x00000001006bad50@412ebe64)
2026-04-17 18:24:35 GMT [AWT-EventQueue-0] DEBUG n.r.client.plugins.PluginManager - Plugin XteaPlugin is now running
2026-04-17 18:24:35 GMT [AWT-EventQueue-0] DEBUG n.runelite.client.eventbus.EventBus - Registering class net.runelite.api.events.WorldViewLoaded - EventBus.Subscriber(object=net.runelite.client.plugins.xtea.XteaPlugin@55e2fe3c, method=public void net.runelite.client.plugins.xtea.XteaPlugin.onWorldViewLoaded(net.runelite.api.events.WorldViewLoaded), priority=0.0, lambda=net.runelite.client.plugins.xtea.XteaPlugin$$Lambda/0x00000001007076f8@36f5a568)
2026-04-17 18:24:35 GMT [AWT-EventQueue-0] DEBUG n.r.client.plugins.PluginManager - Plugin ItemChargePlugin is now running
2026-04-17 18:24:35 GMT [AWT-EventQueue-0] DEBUG n.runelite.client.eventbus.EventBus - Registering class net.runelite.api.events.GameStateChanged - EventBus.Subscriber(object=net.runelite.client.plugins.itemcharges.ItemChargePlugin@e042c99, method=public void net.runelite.client.plugins.itemcharges.ItemChargePlugin.onGameStateChanged(net.runelite.api.events.GameStateChanged), priority=0.0, lambda=net.runelite.client.plugins.itemcharges.ItemChargePlugin$$Lambda/0x0000000100707b58@55aab3ce)
2026-04-17 18:24:35 GMT [AWT-EventQueue-0] DEBUG n.runelite.client.eventbus.EventBus - Registering class net.runelite.client.events.ConfigChanged - EventBus.Subscriber(object=net.runelite.client.plugins.itemcharges.ItemChargePlugin@e042c99, method=public void net.runelite.client.plugins.itemcharges.ItemChargePlugin.onConfigChanged(net.runelite.client.events.ConfigChanged), priority=0.0, lambda=net.runelite.client.plugins.itemcharges.ItemChargePlugin$$Lambda/0x0000000100707d90@671ae092)
2026-04-17 18:24:35 GMT [AWT-EventQueue-0] DEBUG n.runelite.client.eventbus.EventBus - Registering class net.runelite.api.events.ItemContainerChanged - EventBus.Subscriber(object=net.runelite.client.plugins.itemcharges.ItemChargePlugin@e042c99, method=public void net.runelite.client.plugins.itemcharges.ItemChargePlugin.onItemContainerChanged(net.runelite.api.events.ItemContainerChanged), priority=0.0, lambda=net.runelite.client.plugins.itemcharges.ItemChargePlugin$$Lambda/0x0000000100705000@1e663cb6)
2026-04-17 18:24:35 GMT [AWT-EventQueue-0] DEBUG n.runelite.client.eventbus.EventBus - Registering class net.runelite.api.events.VarbitChanged - EventBus.Subscriber(object=net.runelite.client.plugins.itemcharges.ItemChargePlugin@e042c99, method=private void net.runelite.client.plugins.itemcharges.ItemChargePlugin.onVarbitChanged(net.runelite.api.events.VarbitChanged), priority=0.0, lambda=net.runelite.client.plugins.itemcharges.ItemChargePlugin$$Lambda/0x0000000100705238@623fda5e)
2026-04-17 18:24:35 GMT [AWT-EventQueue-0] DEBUG n.runelite.client.eventbus.EventBus - Registering class net.runelite.api.events.WidgetLoaded - EventBus.Subscriber(object=net.runelite.client.plugins.itemcharges.ItemChargePlugin@e042c99, method=public void net.runelite.client.plugins.itemcharges.ItemChargePlugin.onWidgetLoaded(net.runelite.api.events.WidgetLoaded), priority=0.0, lambda=net.runelite.client.plugins.itemcharges.ItemChargePlugin$$Lambda/0x0000000100705668@450a9546)
2026-04-17 18:24:35 GMT [AWT-EventQueue-0] DEBUG n.runelite.client.eventbus.EventBus - Registering class net.runelite.api.events.ChatMessage - EventBus.Subscriber(object=net.runelite.client.plugins.itemcharges.ItemChargePlugin@e042c99, method=public void net.runelite.client.plugins.itemcharges.ItemChargePlugin.onChatMessage(net.runelite.api.events.ChatMessage), priority=0.0, lambda=net.runelite.client.plugins.itemcharges.ItemChargePlugin$$Lambda/0x00000001007058a0@6c261f5)
2026-04-17 18:24:35 GMT [AWT-EventQueue-0] DEBUG n.r.c.u.o.infobox.InfoBoxManager - Adding InfoBox net.runelite.client.plugins.boosts.StatChangeIndicator@4fdfc5e
2026-04-17 18:24:35 GMT [AWT-EventQueue-0] DEBUG n.runelite.client.eventbus.EventBus - Registering class net.runelite.api.events.MenuOptionClicked - EventBus.Subscriber(object=net.runelite.client.ui.overlay.infobox.InfoBoxOverlay@33c879a5, method=public void net.runelite.client.ui.overlay.infobox.InfoBoxOverlay.onMenuOptionClicked(net.runelite.api.events.MenuOptionClicked), priority=0.0, lambda=net.runelite.client.ui.overlay.infobox.InfoBoxOverlay$$Lambda/0x00000001007090e8@798c4f0d)
2026-04-17 18:24:35 GMT [AWT-EventQueue-0] DEBUG n.r.c.u.o.infobox.InfoBoxManager - Adding InfoBox net.runelite.client.plugins.boosts.StatChangeIndicator@5deb6016
2026-04-17 18:24:35 GMT [AWT-EventQueue-0] DEBUG n.r.client.game.SkillIconManager - Loading skill icon from /skill_icons/attack.png
2026-04-17 18:24:35 GMT [AWT-EventQueue-0] DEBUG n.r.c.u.o.infobox.InfoBoxManager - Adding InfoBox net.runelite.client.plugins.boosts.BoostIndicator@12a491c
2026-04-17 18:24:35 GMT [AWT-EventQueue-0] DEBUG n.r.client.game.SkillIconManager - Loading skill icon from /skill_icons/defence.png
2026-04-17 18:24:35 GMT [AWT-EventQueue-0] DEBUG n.r.c.u.o.infobox.InfoBoxManager - Adding InfoBox net.runelite.client.plugins.boosts.BoostIndicator@31f41865
2026-04-17 18:24:35 GMT [AWT-EventQueue-0] DEBUG n.r.client.game.SkillIconManager - Loading skill icon from /skill_icons/strength.png
2026-04-17 18:24:35 GMT [AWT-EventQueue-0] DEBUG n.r.c.u.o.infobox.InfoBoxManager - Adding InfoBox net.runelite.client.plugins.boosts.BoostIndicator@77ae0bae
2026-04-17 18:24:35 GMT [AWT-EventQueue-0] DEBUG n.r.client.game.SkillIconManager - Loading skill icon from /skill_icons/hitpoints.png
2026-04-17 18:24:35 GMT [AWT-EventQueue-0] DEBUG n.r.c.u.o.infobox.InfoBoxManager - Adding InfoBox net.runelite.client.plugins.boosts.BoostIndicator@393a3196
2026-04-17 18:24:35 GMT [AWT-EventQueue-0] DEBUG n.r.client.game.SkillIconManager - Loading skill icon from /skill_icons/ranged.png
2026-04-17 18:24:35 GMT [AWT-EventQueue-0] DEBUG n.r.c.u.o.infobox.InfoBoxManager - Adding InfoBox net.runelite.client.plugins.boosts.BoostIndicator@530c167d
2026-04-17 18:24:35 GMT [AWT-EventQueue-0] DEBUG n.r.client.game.SkillIconManager - Loading skill icon from /skill_icons/prayer.png
2026-04-17 18:24:35 GMT [AWT-EventQueue-0] DEBUG n.r.c.u.o.infobox.InfoBoxManager - Adding InfoBox net.runelite.client.plugins.boosts.BoostIndicator@5350e33b
2026-04-17 18:24:35 GMT [AWT-EventQueue-0] DEBUG n.r.client.game.SkillIconManager - Loading skill icon from /skill_icons/magic.png
2026-04-17 18:24:35 GMT [AWT-EventQueue-0] DEBUG n.r.c.u.o.infobox.InfoBoxManager - Adding InfoBox net.runelite.client.plugins.boosts.BoostIndicator@101d8fa3
2026-04-17 18:24:35 GMT [AWT-EventQueue-0] DEBUG n.r.client.game.SkillIconManager - Loading skill icon from /skill_icons/cooking.png
2026-04-17 18:24:35 GMT [AWT-EventQueue-0] DEBUG n.r.c.u.o.infobox.InfoBoxManager - Adding InfoBox net.runelite.client.plugins.boosts.BoostIndicator@7cfb956c
2026-04-17 18:24:35 GMT [AWT-EventQueue-0] DEBUG n.r.client.game.SkillIconManager - Loading skill icon from /skill_icons/woodcutting.png
2026-04-17 18:24:35 GMT [AWT-EventQueue-0] DEBUG n.r.c.u.o.infobox.InfoBoxManager - Adding InfoBox net.runelite.client.plugins.boosts.BoostIndicator@337d750a
2026-04-17 18:24:35 GMT [AWT-EventQueue-0] DEBUG n.r.client.game.SkillIconManager - Loading skill icon from /skill_icons/fletching.png
2026-04-17 18:24:35 GMT [AWT-EventQueue-0] DEBUG n.r.c.u.o.infobox.InfoBoxManager - Adding InfoBox net.runelite.client.plugins.boosts.BoostIndicator@18af87bb
2026-04-17 18:24:35 GMT [AWT-EventQueue-0] DEBUG n.r.client.game.SkillIconManager - Loading skill icon from /skill_icons/fishing.png
2026-04-17 18:24:35 GMT [AWT-EventQueue-0] DEBUG n.r.c.u.o.infobox.InfoBoxManager - Adding InfoBox net.runelite.client.plugins.boosts.BoostIndicator@2603b94e
2026-04-17 18:24:35 GMT [AWT-EventQueue-0] DEBUG n.r.client.game.SkillIconManager - Loading skill icon from /skill_icons/firemaking.png
2026-04-17 18:24:35 GMT [AWT-EventQueue-0] DEBUG n.r.c.u.o.infobox.InfoBoxManager - Adding InfoBox net.runelite.client.plugins.boosts.BoostIndicator@6decd118
2026-04-17 18:24:35 GMT [AWT-EventQueue-0] DEBUG n.r.client.game.SkillIconManager - Loading skill icon from /skill_icons/crafting.png
2026-04-17 18:24:35 GMT [AWT-EventQueue-0] DEBUG n.r.c.u.o.infobox.InfoBoxManager - Adding InfoBox net.runelite.client.plugins.boosts.BoostIndicator@264f02c5
2026-04-17 18:24:35 GMT [AWT-EventQueue-0] DEBUG n.r.client.game.SkillIconManager - Loading skill icon from /skill_icons/smithing.png
2026-04-17 18:24:35 GMT [AWT-EventQueue-0] DEBUG n.r.c.u.o.infobox.InfoBoxManager - Adding InfoBox net.runelite.client.plugins.boosts.BoostIndicator@54b55280
2026-04-17 18:24:35 GMT [AWT-EventQueue-0] DEBUG n.r.c.u.o.infobox.InfoBoxManager - Adding InfoBox net.runelite.client.plugins.boosts.BoostIndicator@44acfcfa
2026-04-17 18:24:35 GMT [AWT-EventQueue-0] DEBUG n.r.client.game.SkillIconManager - Loading skill icon from /skill_icons/herblore.png
2026-04-17 18:24:35 GMT [AWT-EventQueue-0] DEBUG n.r.c.u.o.infobox.InfoBoxManager - Adding InfoBox net.runelite.client.plugins.boosts.BoostIndicator@5b6eb6bc
2026-04-17 18:24:35 GMT [AWT-EventQueue-0] DEBUG n.r.client.game.SkillIconManager - Loading skill icon from /skill_icons/agility.png
2026-04-17 18:24:35 GMT [AWT-EventQueue-0] DEBUG n.r.c.u.o.infobox.InfoBoxManager - Adding InfoBox net.runelite.client.plugins.boosts.BoostIndicator@66120473
2026-04-17 18:24:35 GMT [AWT-EventQueue-0] DEBUG n.r.client.game.SkillIconManager - Loading skill icon from /skill_icons/thieving.png
2026-04-17 18:24:35 GMT [AWT-EventQueue-0] DEBUG n.r.c.u.o.infobox.InfoBoxManager - Adding InfoBox net.runelite.client.plugins.boosts.BoostIndicator@634fe402
2026-04-17 18:24:35 GMT [AWT-EventQueue-0] DEBUG n.r.client.game.SkillIconManager - Loading skill icon from /skill_icons/slayer.png
2026-04-17 18:24:35 GMT [AWT-EventQueue-0] DEBUG n.r.c.u.o.infobox.InfoBoxManager - Adding InfoBox net.runelite.client.plugins.boosts.BoostIndicator@4869f981
2026-04-17 18:24:35 GMT [AWT-EventQueue-0] DEBUG n.r.client.game.SkillIconManager - Loading skill icon from /skill_icons/farming.png
2026-04-17 18:24:35 GMT [AWT-EventQueue-0] DEBUG n.r.c.u.o.infobox.InfoBoxManager - Adding InfoBox net.runelite.client.plugins.boosts.BoostIndicator@76dfaae9
2026-04-17 18:24:35 GMT [AWT-EventQueue-0] DEBUG n.r.client.game.SkillIconManager - Loading skill icon from /skill_icons/runecraft.png
2026-04-17 18:24:35 GMT [AWT-EventQueue-0] DEBUG n.r.c.u.o.infobox.InfoBoxManager - Adding InfoBox net.runelite.client.plugins.boosts.BoostIndicator@40546f0f
2026-04-17 18:24:35 GMT [AWT-EventQueue-0] DEBUG n.r.client.game.SkillIconManager - Loading skill icon from /skill_icons/hunter.png
2026-04-17 18:24:35 GMT [AWT-EventQueue-0] DEBUG n.r.c.u.o.infobox.InfoBoxManager - Adding InfoBox net.runelite.client.plugins.boosts.BoostIndicator@1a88432c
2026-04-17 18:24:35 GMT [AWT-EventQueue-0] DEBUG n.r.client.game.SkillIconManager - Loading skill icon from /skill_icons/construction.png
2026-04-17 18:24:35 GMT [AWT-EventQueue-0] DEBUG n.r.c.u.o.infobox.InfoBoxManager - Adding InfoBox net.runelite.client.plugins.boosts.BoostIndicator@38fdb22f
2026-04-17 18:24:35 GMT [AWT-EventQueue-0] DEBUG n.r.client.game.SkillIconManager - Loading skill icon from /skill_icons/sailing.png
2026-04-17 18:24:35 GMT [AWT-EventQueue-0] DEBUG n.r.c.u.o.infobox.InfoBoxManager - Adding InfoBox net.runelite.client.plugins.boosts.BoostIndicator@6b83b9d7
2026-04-17 18:24:35 GMT [AWT-EventQueue-0] DEBUG n.r.client.plugins.PluginManager - Plugin BoostsPlugin is now running
2026-04-17 18:24:35 GMT [AWT-EventQueue-0] DEBUG n.runelite.client.eventbus.EventBus - Registering class net.runelite.api.events.GameStateChanged - EventBus.Subscriber(object=net.runelite.client.plugins.boosts.BoostsPlugin@4f6b687e, method=public void net.runelite.client.plugins.boosts.BoostsPlugin.onGameStateChanged(net.runelite.api.events.GameStateChanged), priority=0.0, lambda=net.runelite.client.plugins.boosts.BoostsPlugin$$Lambda/0x000000010070b230@1e5534f3)
2026-04-17 18:24:35 GMT [AWT-EventQueue-0] DEBUG n.runelite.client.eventbus.EventBus - Registering class net.runelite.client.events.ConfigChanged - EventBus.Subscriber(object=net.runelite.client.plugins.boosts.BoostsPlugin@4f6b687e, method=public void net.runelite.client.plugins.boosts.BoostsPlugin.onConfigChanged(net.runelite.client.events.ConfigChanged), priority=0.0, lambda=net.runelite.client.plugins.boosts.BoostsPlugin$$Lambda/0x000000010070b468@6fd2822)
2026-04-17 18:24:35 GMT [AWT-EventQueue-0] DEBUG n.runelite.client.eventbus.EventBus - Registering class net.runelite.api.events.StatChanged - EventBus.Subscriber(object=net.runelite.client.plugins.boosts.BoostsPlugin@4f6b687e, method=public void net.runelite.client.plugins.boosts.BoostsPlugin.onStatChanged(net.runelite.api.events.StatChanged), priority=0.0, lambda=net.runelite.client.plugins.boosts.BoostsPlugin$$Lambda/0x000000010070b6a0@78c7ae33)
2026-04-17 18:24:35 GMT [AWT-EventQueue-0] DEBUG n.runelite.client.eventbus.EventBus - Registering class net.runelite.api.events.GameTick - EventBus.Subscriber(object=net.runelite.client.plugins.boosts.BoostsPlugin@4f6b687e, method=public void net.runelite.client.plugins.boosts.BoostsPlugin.onGameTick(net.runelite.api.events.GameTick), priority=0.0, lambda=net.runelite.client.plugins.boosts.BoostsPlugin$$Lambda/0x000000010070b8d8@5446b9b5)
2026-04-17 18:24:35 GMT [AWT-EventQueue-0] DEBUG n.runelite.client.eventbus.EventBus - Registering class net.runelite.client.events.SessionOpen - EventBus.Subscriber(object=net.runelite.client.plugins.info.InfoPanel[,0,0,0x0,invalid,layout=java.awt.BorderLayout,alignmentX=0.0,alignmentY=0.0,border=javax.swing.border.EmptyBorder@2f264ce8,flags=9,maximumSize=,minimumSize=,preferredSize=], method=public void net.runelite.client.plugins.info.InfoPanel.onSessionOpen(net.runelite.client.events.SessionOpen), priority=0.0, lambda=net.runelite.client.plugins.info.InfoPanel$$Lambda/0x00000001007164e8@2ef61ad)
2026-04-17 18:24:35 GMT [AWT-EventQueue-0] DEBUG n.runelite.client.eventbus.EventBus - Registering class net.runelite.client.events.SessionClose - EventBus.Subscriber(object=net.runelite.client.plugins.info.InfoPanel[,0,0,0x0,invalid,layout=java.awt.BorderLayout,alignmentX=0.0,alignmentY=0.0,border=javax.swing.border.EmptyBorder@2f264ce8,flags=9,maximumSize=,minimumSize=,preferredSize=], method=public void net.runelite.client.plugins.info.InfoPanel.onSessionClose(net.runelite.client.events.SessionClose), priority=0.0, lambda=net.runelite.client.plugins.info.InfoPanel$$Lambda/0x0000000100716720@5cb46d00)
2026-04-17 18:24:35 GMT [AWT-EventQueue-0] DEBUG n.r.client.plugins.PluginManager - Plugin InfoPlugin is now running
2026-04-17 18:24:35 GMT [AWT-EventQueue-0] DEBUG n.r.client.plugins.PluginManager - Plugin BarrowsPlugin is now running
2026-04-17 18:24:35 GMT [AWT-EventQueue-0] DEBUG n.runelite.client.eventbus.EventBus - Registering class net.runelite.api.events.GameStateChanged - EventBus.Subscriber(object=net.runelite.client.plugins.barrows.BarrowsPlugin@44b194fe, method=public void net.runelite.client.plugins.barrows.BarrowsPlugin.onGameStateChanged(net.runelite.api.events.GameStateChanged), priority=0.0, lambda=net.runelite.client.plugins.barrows.BarrowsPlugin$$Lambda/0x0000000100716dc8@656fd09)
2026-04-17 18:24:35 GMT [AWT-EventQueue-0] DEBUG n.runelite.client.eventbus.EventBus - Registering class net.runelite.client.events.ConfigChanged - EventBus.Subscriber(object=net.runelite.client.plugins.barrows.BarrowsPlugin@44b194fe, method=public void net.runelite.client.plugins.barrows.BarrowsPlugin.onConfigChanged(net.runelite.client.events.ConfigChanged), priority=0.0, lambda=net.runelite.client.plugins.barrows.BarrowsPlugin$$Lambda/0x0000000100717000@358ad603)
2026-04-17 18:24:35 GMT [AWT-EventQueue-0] DEBUG n.runelite.client.eventbus.EventBus - Registering class net.runelite.api.events.BeforeRender - EventBus.Subscriber(object=net.runelite.client.plugins.barrows.BarrowsPlugin@44b194fe, method=public void net.runelite.client.plugins.barrows.BarrowsPlugin.onBeforeRender(net.runelite.api.events.BeforeRender), priority=0.0, lambda=net.runelite.client.plugins.barrows.BarrowsPlugin$$Lambda/0x0000000100717238@26fc17fd)
2026-04-17 18:24:35 GMT [AWT-EventQueue-0] DEBUG n.runelite.client.eventbus.EventBus - Registering class net.runelite.api.events.WidgetLoaded - EventBus.Subscriber(object=net.runelite.client.plugins.barrows.BarrowsPlugin@44b194fe, method=public void net.runelite.client.plugins.barrows.BarrowsPlugin.onWidgetLoaded(net.runelite.api.events.WidgetLoaded), priority=0.0, lambda=net.runelite.client.plugins.barrows.BarrowsPlugin$$Lambda/0x0000000100717470@5ed357ce)
2026-04-17 18:24:35 GMT [AWT-EventQueue-0] DEBUG n.runelite.client.eventbus.EventBus - Registering class net.runelite.api.events.WidgetClosed - EventBus.Subscriber(object=net.runelite.client.plugins.barrows.BarrowsPlugin@44b194fe, method=public void net.runelite.client.plugins.barrows.BarrowsPlugin.onWidgetClosed(net.runelite.api.events.WidgetClosed), priority=0.0, lambda=net.runelite.client.plugins.barrows.BarrowsPlugin$$Lambda/0x00000001007176a8@175f1ae4)
2026-04-17 18:24:35 GMT [AWT-EventQueue-0] DEBUG n.r.client.plugins.PluginManager - Plugin RunEnergyPlugin is now running
2026-04-17 18:24:35 GMT [AWT-EventQueue-0] DEBUG n.runelite.client.eventbus.EventBus - Registering class net.runelite.client.events.ConfigChanged - EventBus.Subscriber(object=net.runelite.client.plugins.runenergy.RunEnergyPlugin@10c07b8d, method=public void net.runelite.client.plugins.runenergy.RunEnergyPlugin.onConfigChanged(net.runelite.client.events.ConfigChanged), priority=0.0, lambda=net.runelite.client.plugins.runenergy.RunEnergyPlugin$$Lambda/0x00000001007178e0@6f515d9c)
2026-04-17 18:24:35 GMT [AWT-EventQueue-0] DEBUG n.runelite.client.eventbus.EventBus - Registering class net.runelite.api.events.ScriptCallbackEvent - EventBus.Subscriber(object=net.runelite.client.plugins.runenergy.RunEnergyPlugin@10c07b8d, method=public void net.runelite.client.plugins.runenergy.RunEnergyPlugin.onScriptCallbackEvent(net.runelite.api.events.ScriptCallbackEvent), priority=0.0, lambda=net.runelite.client.plugins.runenergy.RunEnergyPlugin$$Lambda/0x0000000100717b18@28d19bd2)
2026-04-17 18:24:36 GMT [AWT-EventQueue-0] DEBUG n.runelite.client.eventbus.EventBus - Registering class net.runelite.api.events.ScriptPostFired - EventBus.Subscriber(object=net.runelite.client.plugins.runenergy.RunEnergyPlugin@10c07b8d, method=public void net.runelite.client.plugins.runenergy.RunEnergyPlugin.onScriptPostFired(net.runelite.api.events.ScriptPostFired), priority=0.0, lambda=net.runelite.client.plugins.runenergy.RunEnergyPlugin$$Lambda/0x0000000100717d50@69a583b1)
2026-04-17 18:24:36 GMT [AWT-EventQueue-0] DEBUG n.runelite.client.eventbus.EventBus - Registering class net.runelite.api.events.GameTick - EventBus.Subscriber(object=net.runelite.client.plugins.runenergy.RunEnergyPlugin@10c07b8d, method=public void net.runelite.client.plugins.runenergy.RunEnergyPlugin.onGameTick(net.runelite.api.events.GameTick), priority=0.0, lambda=net.runelite.client.plugins.runenergy.RunEnergyPlugin$$Lambda/0x0000000100724000@1fc4d2dd)
2026-04-17 18:24:36 GMT [AWT-EventQueue-0] DEBUG n.runelite.client.eventbus.EventBus - Registering class net.runelite.api.events.ChatMessage - EventBus.Subscriber(object=net.runelite.client.plugins.runenergy.RunEnergyPlugin@10c07b8d, method=public void net.runelite.client.plugins.runenergy.RunEnergyPlugin.onChatMessage(net.runelite.api.events.ChatMessage), priority=0.0, lambda=net.runelite.client.plugins.runenergy.RunEnergyPlugin$$Lambda/0x0000000100724238@3a34ea03)
2026-04-17 18:24:36 GMT [AWT-EventQueue-0] DEBUG n.r.client.plugins.PluginManager - Plugin ItemStatPlugin is now running
2026-04-17 18:24:36 GMT [AWT-EventQueue-0] DEBUG n.runelite.client.eventbus.EventBus - Registering class net.runelite.client.events.ConfigChanged - EventBus.Subscriber(object=net.runelite.client.plugins.itemstats.ItemStatPlugin@71978f46, method=public void net.runelite.client.plugins.itemstats.ItemStatPlugin.onConfigChanged(net.runelite.client.events.ConfigChanged), priority=0.0, lambda=net.runelite.client.plugins.itemstats.ItemStatPlugin$$Lambda/0x0000000100724470@6e49ca7e)
2026-04-17 18:24:36 GMT [AWT-EventQueue-0] DEBUG n.runelite.client.eventbus.EventBus - Registering class net.runelite.api.events.VarbitChanged - EventBus.Subscriber(object=net.runelite.client.plugins.itemstats.ItemStatPlugin@71978f46, method=public void net.runelite.client.plugins.itemstats.ItemStatPlugin.onVarbitChanged(net.runelite.api.events.VarbitChanged), priority=0.0, lambda=net.runelite.client.plugins.itemstats.ItemStatPlugin$$Lambda/0x00000001007246a8@c784c5c)
2026-04-17 18:24:36 GMT [AWT-EventQueue-0] DEBUG n.runelite.client.eventbus.EventBus - Registering class net.runelite.api.events.ScriptPostFired - EventBus.Subscriber(object=net.runelite.client.plugins.itemstats.ItemStatPlugin@71978f46, method=public void net.runelite.client.plugins.itemstats.ItemStatPlugin.onScriptPostFired(net.runelite.api.events.ScriptPostFired), priority=0.0, lambda=net.runelite.client.plugins.itemstats.ItemStatPlugin$$Lambda/0x0000000100724b18@5d14cfc1)
2026-04-17 18:24:36 GMT [AWT-EventQueue-0] DEBUG n.runelite.client.eventbus.EventBus - Registering class net.runelite.api.events.GameTick - EventBus.Subscriber(object=net.runelite.client.plugins.itemstats.ItemStatPlugin@71978f46, method=public void net.runelite.client.plugins.itemstats.ItemStatPlugin.onGameTick(net.runelite.api.events.GameTick), priority=0.0, lambda=net.runelite.client.plugins.itemstats.ItemStatPlugin$$Lambda/0x0000000100724d50@5df92863)
2026-04-17 18:24:36 GMT [AWT-EventQueue-0] DEBUG net.runelite.client.input.KeyManager - Registering key listener: net.runelite.client.plugins.worldhopper.WorldHopperPlugin$1@2ccdcbf1
2026-04-17 18:24:36 GMT [AWT-EventQueue-0] DEBUG net.runelite.client.input.KeyManager - Registering key listener: net.runelite.client.plugins.worldhopper.WorldHopperPlugin$2@537828b2
2026-04-17 18:24:36 GMT [AWT-EventQueue-0] DEBUG n.r.client.plugins.PluginManager - Plugin WorldHopperPlugin is now running
2026-04-17 18:24:36 GMT [AWT-EventQueue-0] DEBUG n.runelite.client.eventbus.EventBus - Registering class net.runelite.api.events.GameStateChanged - EventBus.Subscriber(object=net.runelite.client.plugins.worldhopper.WorldHopperPlugin@467b684d, method=public void net.runelite.client.plugins.worldhopper.WorldHopperPlugin.onGameStateChanged(net.runelite.api.events.GameStateChanged), priority=0.0, lambda=net.runelite.client.plugins.worldhopper.WorldHopperPlugin$$Lambda/0x000000010072af90@2f92ebbc)
2026-04-17 18:24:36 GMT [AWT-EventQueue-0] DEBUG n.runelite.client.eventbus.EventBus - Registering class net.runelite.client.events.ConfigChanged - EventBus.Subscriber(object=net.runelite.client.plugins.worldhopper.WorldHopperPlugin@467b684d, method=public void net.runelite.client.plugins.worldhopper.WorldHopperPlugin.onConfigChanged(net.runelite.client.events.ConfigChanged), priority=0.0, lambda=net.runelite.client.plugins.worldhopper.WorldHopperPlugin$$Lambda/0x000000010072b5d8@60f9e3f1)
2026-04-17 18:24:36 GMT [AWT-EventQueue-0] DEBUG n.runelite.client.eventbus.EventBus - Registering class net.runelite.api.events.MenuEntryAdded - EventBus.Subscriber(object=net.runelite.client.plugins.worldhopper.WorldHopperPlugin@467b684d, method=public void net.runelite.client.plugins.worldhopper.WorldHopperPlugin.onMenuEntryAdded(net.runelite.api.events.MenuEntryAdded), priority=0.0, lambda=net.runelite.client.plugins.worldhopper.WorldHopperPlugin$$Lambda/0x000000010072bc60@613a26f8)
2026-04-17 18:24:36 GMT [AWT-EventQueue-0] DEBUG n.runelite.client.eventbus.EventBus - Registering class net.runelite.api.events.VarbitChanged - EventBus.Subscriber(object=net.runelite.client.plugins.worldhopper.WorldHopperPlugin@467b684d, method=public void net.runelite.client.plugins.worldhopper.WorldHopperPlugin.onVarbitChanged(net.runelite.api.events.VarbitChanged), priority=0.0, lambda=net.runelite.client.plugins.worldhopper.WorldHopperPlugin$$Lambda/0x000000010072c0a0@6b5ce820)
2026-04-17 18:24:36 GMT [AWT-EventQueue-0] DEBUG n.runelite.client.eventbus.EventBus - Registering class net.runelite.api.events.CommandExecuted - EventBus.Subscriber(object=net.runelite.client.plugins.worldhopper.WorldHopperPlugin@467b684d, method=public void net.runelite.client.plugins.worldhopper.WorldHopperPlugin.onCommandExecuted(net.runelite.api.events.CommandExecuted), priority=0.0, lambda=net.runelite.client.plugins.worldhopper.WorldHopperPlugin$$Lambda/0x000000010072c2d8@6dd15ad7)
2026-04-17 18:24:36 GMT [AWT-EventQueue-0] DEBUG n.runelite.client.eventbus.EventBus - Registering class net.runelite.api.events.WorldListLoad - EventBus.Subscriber(object=net.runelite.client.plugins.worldhopper.WorldHopperPlugin@467b684d, method=public void net.runelite.client.plugins.worldhopper.WorldHopperPlugin.onWorldListLoad(net.runelite.api.events.WorldListLoad), priority=0.0, lambda=net.runelite.client.plugins.worldhopper.WorldHopperPlugin$$Lambda/0x000000010072c510@ed3e3e8)
2026-04-17 18:24:36 GMT [AWT-EventQueue-0] DEBUG n.runelite.client.eventbus.EventBus - Registering class net.runelite.api.events.GameTick - EventBus.Subscriber(object=net.runelite.client.plugins.worldhopper.WorldHopperPlugin@467b684d, method=public void net.runelite.client.plugins.worldhopper.WorldHopperPlugin.onGameTick(net.runelite.api.events.GameTick), priority=0.0, lambda=net.runelite.client.plugins.worldhopper.WorldHopperPlugin$$Lambda/0x000000010072c748@513424b3)
2026-04-17 18:24:36 GMT [AWT-EventQueue-0] DEBUG n.runelite.client.eventbus.EventBus - Registering class net.runelite.api.events.ChatMessage - EventBus.Subscriber(object=net.runelite.client.plugins.worldhopper.WorldHopperPlugin@467b684d, method=public void net.runelite.client.plugins.worldhopper.WorldHopperPlugin.onChatMessage(net.runelite.api.events.ChatMessage), priority=0.0, lambda=net.runelite.client.plugins.worldhopper.WorldHopperPlugin$$Lambda/0x000000010072c980@520aee1a)
2026-04-17 18:24:36 GMT [AWT-EventQueue-0] DEBUG n.runelite.client.eventbus.EventBus - Registering class net.runelite.client.events.WorldsFetch - EventBus.Subscriber(object=net.runelite.client.plugins.worldhopper.WorldHopperPlugin@467b684d, method=public void net.runelite.client.plugins.worldhopper.WorldHopperPlugin.onWorldsFetch(net.runelite.client.events.WorldsFetch), priority=0.0, lambda=net.runelite.client.plugins.worldhopper.WorldHopperPlugin$$Lambda/0x000000010072cbb8@32159861)
2026-04-17 18:24:36 GMT [pool-5-thread-1] ERROR n.r.c.util.RunnableExceptionLogger - Uncaught exception in runnable net.runelite.client.plugins.worldhopper.WorldHopperPlugin$$Lambda/0x000000010072a6f0@32b14f0
java.lang.NoClassDefFoundError: Could not initialize class com.sun.jna.Native
	at net.runelite.client.plugins.worldhopper.ping.RLLibC.<clinit>(RLLibC.java:34)
	at net.runelite.client.plugins.worldhopper.ping.Ping.icmpPing(Ping.java:149)
	at net.runelite.client.plugins.worldhopper.ping.Ping.ping(Ping.java:99)
	at net.runelite.client.plugins.worldhopper.WorldHopperPlugin.ping(WorldHopperPlugin.java:965)
	at net.runelite.client.plugins.worldhopper.WorldHopperPlugin.pingInitialWorlds(WorldHopperPlugin.java:850)
	at net.runelite.client.util.RunnableExceptionLogger.run(RunnableExceptionLogger.java:41)
	at java.base/java.util.concurrent.Executors$RunnableAdapter.call(Executors.java:572)
	at java.base/java.util.concurrent.FutureTask.run(FutureTask.java:317)
	at java.base/java.util.concurrent.ScheduledThreadPoolExecutor$ScheduledFutureTask.run(ScheduledThreadPoolExecutor.java:304)
	at java.base/java.util.concurrent.ThreadPoolExecutor.runWorker(ThreadPoolExecutor.java:1144)
	at java.base/java.util.concurrent.ThreadPoolExecutor$Worker.run(ThreadPoolExecutor.java:642)
	at java.base/java.lang.Thread.run(Thread.java:1583)
Caused by: java.lang.ExceptionInInitializerError: Exception java.lang.UnsatisfiedLinkError: /data/data/com.termux/files/usr/var/lib/proot-distro/installed-rootfs/ubuntu/root/.cache/JNA/temp/jna6968697388483570891.tmp: dlopen failed: library "libc.so.6" not found: needed by /data/data/com.termux/files/usr/var/lib/proot-distro/installed-rootfs/ubuntu/root/.cache/JNA/temp/jna6968697388483570891.tmp in namespace (default) [in thread "main"]
	at java.base/jdk.internal.loader.NativeLibraries.load(Native Method)
	at java.base/jdk.internal.loader.NativeLibraries$NativeLibraryImpl.open(NativeLibraries.java:331)
	at java.base/jdk.internal.loader.NativeLibraries.loadLibrary(NativeLibraries.java:197)
	at java.base/jdk.internal.loader.NativeLibraries.loadLibrary(NativeLibraries.java:139)
	at java.base/java.lang.ClassLoader.loadLibrary(ClassLoader.java:2418)
	at java.base/java.lang.Runtime.load0(Runtime.java:852)
	at java.base/java.lang.System.load(System.java:2025)
	at com.sun.jna.Native.loadNativeDispatchLibraryFromClasspath(Native.java:1019)
	at com.sun.jna.Native.loadNativeDispatchLibrary(Native.java:989)
	at com.sun.jna.Native.<clinit>(Native.java:195)
	at net.runelite.discord.DiscordRPC.<clinit>(DiscordRPC.java:42)
	at net.runelite.client.discord.DiscordService.<init>(DiscordService.java:85)
	at java.base/jdk.internal.reflect.DirectConstructorHandleAccessor.newInstance(DirectConstructorHandleAccessor.java:62)
	at java.base/java.lang.reflect.Constructor.newInstanceWithCaller(Constructor.java:502)
	at java.base/java.lang.reflect.Constructor.newInstance(Constructor.java:486)
	at com.google.inject.internal.DefaultConstructionProxyFactory$ReflectiveProxy.newInstance(DefaultConstructionProxyFactory.java:126)
	at com.google.inject.internal.ConstructorInjector.provision(ConstructorInjector.java:111)
	at com.google.inject.internal.ConstructorInjector.construct(ConstructorInjector.java:90)
	at com.google.inject.internal.ConstructorBindingImpl$Factory.get(ConstructorBindingImpl.java:268)
	at com.google.inject.internal.ProviderToInternalFactoryAdapter$1.call(ProviderToInternalFactoryAdapter.java:46)
	at com.google.inject.internal.InjectorImpl.callInContext(InjectorImpl.java:1092)
	at com.google.inject.internal.ProviderToInternalFactoryAdapter.get(ProviderToInternalFactoryAdapter.java:40)
	at com.google.inject.internal.SingletonScope$1.get(SingletonScope.java:194)
	at com.google.inject.internal.InternalFactoryToProviderAdapter.get(InternalFactoryToProviderAdapter.java:41)
	at com.google.inject.internal.SingleFieldInjector.inject(SingleFieldInjector.java:54)
	at com.google.inject.internal.MembersInjectorImpl.injectMembers(MembersInjectorImpl.java:132)
	at com.google.inject.internal.ConstructorInjector.provision(ConstructorInjector.java:120)
	at com.google.inject.internal.ConstructorInjector.construct(ConstructorInjector.java:90)
	at com.google.inject.internal.ConstructorBindingImpl$Factory.get(ConstructorBindingImpl.java:268)
	at com.google.inject.internal.ProviderToInternalFactoryAdapter$1.call(ProviderToInternalFactoryAdapter.java:46)
	at com.google.inject.internal.InjectorImpl.callInContext(InjectorImpl.java:1092)
	at com.google.inject.internal.ProviderToInternalFactoryAdapter.get(ProviderToInternalFactoryAdapter.java:40)
	at com.google.inject.internal.SingletonScope$1.get(SingletonScope.java:194)
	at com.google.inject.internal.InternalFactoryToProviderAdapter.get(InternalFactoryToProviderAdapter.java:41)
	at com.google.inject.internal.InjectorImpl$2$1.call(InjectorImpl.java:1019)
	at com.google.inject.internal.InjectorImpl.callInContext(InjectorImpl.java:1085)
	at com.google.inject.internal.InjectorImpl$2.get(InjectorImpl.java:1015)
	at com.google.inject.internal.InjectorImpl.getInstance(InjectorImpl.java:1054)
	at net.runelite.client.RuneLite.main(RuneLite.java:274)
2026-04-17 18:24:36 GMT [AWT-EventQueue-0] DEBUG n.r.client.plugins.PluginManager - Plugin ScreenMarkerPlugin is now running
2026-04-17 18:24:36 GMT [AWT-EventQueue-0] DEBUG n.runelite.client.eventbus.EventBus - Registering class net.runelite.client.events.ProfileChanged - EventBus.Subscriber(object=net.runelite.client.plugins.screenmarkers.ScreenMarkerPlugin@5ea4300e, method=public void net.runelite.client.plugins.screenmarkers.ScreenMarkerPlugin.onProfileChanged(net.runelite.client.events.ProfileChanged), priority=0.0, lambda=net.runelite.client.plugins.screenmarkers.ScreenMarkerPlugin$$Lambda/0x0000000100731028@16b389c)
2026-04-17 18:24:36 GMT [AWT-EventQueue-0] DEBUG n.r.client.plugins.PluginManager - Plugin PlayerIndicatorsPlugin is now running
2026-04-17 18:24:36 GMT [AWT-EventQueue-0] DEBUG n.runelite.client.eventbus.EventBus - Registering class net.runelite.client.events.ProfileChanged - EventBus.Subscriber(object=net.runelite.client.plugins.playerindicators.PlayerIndicatorsPlugin@41294371, method=public void net.runelite.client.plugins.playerindicators.PlayerIndicatorsPlugin.onProfileChanged(net.runelite.client.events.ProfileChanged), priority=0.0, lambda=net.runelite.client.plugins.playerindicators.PlayerIndicatorsPlugin$$Lambda/0x0000000100731260@b0ac563)
2026-04-17 18:24:36 GMT [AWT-EventQueue-0] DEBUG n.runelite.client.eventbus.EventBus - Registering class net.runelite.api.events.ScriptPostFired - EventBus.Subscriber(object=net.runelite.client.plugins.playerindicators.PlayerIndicatorsPlugin@41294371, method=public void net.runelite.client.plugins.playerindicators.PlayerIndicatorsPlugin.onScriptPostFired(net.runelite.api.events.ScriptPostFired), priority=0.0, lambda=net.runelite.client.plugins.playerindicators.PlayerIndicatorsPlugin$$Lambda/0x0000000100731498@7b8ca419)
2026-04-17 18:24:36 GMT [AWT-EventQueue-0] DEBUG n.runelite.client.eventbus.EventBus - Registering class net.runelite.api.events.ClientTick - EventBus.Subscriber(object=net.runelite.client.plugins.playerindicators.PlayerIndicatorsPlugin@41294371, method=public void net.runelite.client.plugins.playerindicators.PlayerIndicatorsPlugin.onClientTick(net.runelite.api.events.ClientTick), priority=0.0, lambda=net.runelite.client.plugins.playerindicators.PlayerIndicatorsPlugin$$Lambda/0x0000000100731918@5456b620)
2026-04-17 18:24:36 GMT [AWT-EventQueue-0] DEBUG n.r.client.plugins.PluginManager - Plugin HerbiboarPlugin is now running
2026-04-17 18:24:36 GMT [AWT-EventQueue-0] DEBUG n.runelite.client.eventbus.EventBus - Registering class net.runelite.api.events.GameStateChanged - EventBus.Subscriber(object=net.runelite.client.plugins.herbiboars.HerbiboarPlugin@7ab34619, method=public void net.runelite.client.plugins.herbiboars.HerbiboarPlugin.onGameStateChanged(net.runelite.api.events.GameStateChanged), priority=0.0, lambda=net.runelite.client.plugins.herbiboars.HerbiboarPlugin$$Lambda/0x0000000100731fc8@5561ea9d)
2026-04-17 18:24:36 GMT [AWT-EventQueue-0] DEBUG n.runelite.client.eventbus.EventBus - Registering class net.runelite.api.events.MenuOptionClicked - EventBus.Subscriber(object=net.runelite.client.plugins.herbiboars.HerbiboarPlugin@7ab34619, method=public void net.runelite.client.plugins.herbiboars.HerbiboarPlugin.onMenuOptionClicked(net.runelite.api.events.MenuOptionClicked), priority=0.0, lambda=net.runelite.client.plugins.herbiboars.HerbiboarPlugin$$Lambda/0x0000000100732200@5a1e4d40)
2026-04-17 18:24:36 GMT [AWT-EventQueue-0] DEBUG n.runelite.client.eventbus.EventBus - Registering class net.runelite.api.events.GameObjectDespawned - EventBus.Subscriber(object=net.runelite.client.plugins.herbiboars.HerbiboarPlugin@7ab34619, method=public void net.runelite.client.plugins.herbiboars.HerbiboarPlugin.onGameObjectDespawned(net.runelite.api.events.GameObjectDespawned), priority=0.0, lambda=net.runelite.client.plugins.herbiboars.HerbiboarPlugin$$Lambda/0x0000000100732438@6621af86)
2026-04-17 18:24:36 GMT [AWT-EventQueue-0] DEBUG n.runelite.client.eventbus.EventBus - Registering class net.runelite.api.events.VarbitChanged - EventBus.Subscriber(object=net.runelite.client.plugins.herbiboars.HerbiboarPlugin@7ab34619, method=public void net.runelite.client.plugins.herbiboars.HerbiboarPlugin.onVarbitChanged(net.runelite.api.events.VarbitChanged), priority=0.0, lambda=net.runelite.client.plugins.herbiboars.HerbiboarPlugin$$Lambda/0x0000000100732670@479ee489)
2026-04-17 18:24:36 GMT [AWT-EventQueue-0] DEBUG n.runelite.client.eventbus.EventBus - Registering class net.runelite.api.events.GroundObjectSpawned - EventBus.Subscriber(object=net.runelite.client.plugins.herbiboars.HerbiboarPlugin@7ab34619, method=public void net.runelite.client.plugins.herbiboars.HerbiboarPlugin.onGroundObjectSpawned(net.runelite.api.events.GroundObjectSpawned), priority=0.0, lambda=net.runelite.client.plugins.herbiboars.HerbiboarPlugin$$Lambda/0x00000001007328a8@64528200)
2026-04-17 18:24:36 GMT [AWT-EventQueue-0] DEBUG n.runelite.client.eventbus.EventBus - Registering class net.runelite.api.events.GameObjectSpawned - EventBus.Subscriber(object=net.runelite.client.plugins.herbiboars.HerbiboarPlugin@7ab34619, method=public void net.runelite.client.plugins.herbiboars.HerbiboarPlugin.onGameObjectSpawned(net.runelite.api.events.GameObjectSpawned), priority=0.0, lambda=net.runelite.client.plugins.herbiboars.HerbiboarPlugin$$Lambda/0x0000000100732ae0@2de06ade)
2026-04-17 18:24:36 GMT [AWT-EventQueue-0] DEBUG n.runelite.client.eventbus.EventBus - Registering class net.runelite.api.events.GroundObjectDespawned - EventBus.Subscriber(object=net.runelite.client.plugins.herbiboars.HerbiboarPlugin@7ab34619, method=public void net.runelite.client.plugins.herbiboars.HerbiboarPlugin.onGroundObjectDespawned(net.runelite.api.events.GroundObjectDespawned), priority=0.0, lambda=net.runelite.client.plugins.herbiboars.HerbiboarPlugin$$Lambda/0x0000000100732d18@70142de8)
2026-04-17 18:24:36 GMT [AWT-EventQueue-0] DEBUG n.r.client.plugins.PluginManager - Plugin BossTimersPlugin is now running
2026-04-17 18:24:36 GMT [AWT-EventQueue-0] DEBUG n.runelite.client.eventbus.EventBus - Registering class net.runelite.api.events.NpcDespawned - EventBus.Subscriber(object=net.runelite.client.plugins.bosstimer.BossTimersPlugin@984169e, method=public void net.runelite.client.plugins.bosstimer.BossTimersPlugin.onNpcDespawned(net.runelite.api.events.NpcDespawned), priority=0.0, lambda=net.runelite.client.plugins.bosstimer.BossTimersPlugin$$Lambda/0x0000000100732f50@77378c4e)
2026-04-17 18:24:36 GMT [AWT-EventQueue-0] DEBUG n.runelite.client.eventbus.EventBus - Registering class net.runelite.api.events.ChatMessage - EventBus.Subscriber(object=net.runelite.client.plugins.bosstimer.BossTimersPlugin@984169e, method=private void net.runelite.client.plugins.bosstimer.BossTimersPlugin.onChatMessage(net.runelite.api.events.ChatMessage), priority=0.0, lambda=net.runelite.client.plugins.bosstimer.BossTimersPlugin$$Lambda/0x0000000100733188@5c5e53c5)
2026-04-17 18:24:36 GMT [AWT-EventQueue-0] DEBUG n.runelite.client.eventbus.EventBus - Registering class net.runelite.api.events.NpcChanged - EventBus.Subscriber(object=net.runelite.client.plugins.bosstimer.BossTimersPlugin@984169e, method=public void net.runelite.client.plugins.bosstimer.BossTimersPlugin.onNpcChanged(net.runelite.api.events.NpcChanged), priority=0.0, lambda=net.runelite.client.plugins.bosstimer.BossTimersPlugin$$Lambda/0x00000001007333c0@50bd2396)
2026-04-17 18:24:36 GMT [AWT-EventQueue-0] DEBUG n.r.client.plugins.PluginManager - Plugin FpsPlugin is now running
2026-04-17 18:24:36 GMT [AWT-EventQueue-0] DEBUG n.runelite.client.eventbus.EventBus - Registering class net.runelite.client.events.ConfigChanged - EventBus.Subscriber(object=net.runelite.client.plugins.fps.FpsPlugin@2da3b078, method=public void net.runelite.client.plugins.fps.FpsPlugin.onConfigChanged(net.runelite.client.events.ConfigChanged), priority=0.0, lambda=net.runelite.client.plugins.fps.FpsPlugin$$Lambda/0x00000001007335f8@7ee2f68)
2026-04-17 18:24:36 GMT [AWT-EventQueue-0] DEBUG n.runelite.client.eventbus.EventBus - Registering class net.runelite.api.events.FocusChanged - EventBus.Subscriber(object=net.runelite.client.plugins.fps.FpsPlugin@2da3b078, method=public void net.runelite.client.plugins.fps.FpsPlugin.onFocusChanged(net.runelite.api.events.FocusChanged), priority=0.0, lambda=net.runelite.client.plugins.fps.FpsPlugin$$Lambda/0x0000000100733830@5c11a6af)
2026-04-17 18:24:36 GMT [AWT-EventQueue-0] DEBUG n.r.client.plugins.PluginManager - Plugin QuestListPlugin is now running
2026-04-17 18:24:36 GMT [AWT-EventQueue-0] DEBUG n.runelite.client.eventbus.EventBus - Registering class net.runelite.api.events.ScriptCallbackEvent - EventBus.Subscriber(object=net.runelite.client.plugins.questlist.QuestListPlugin@1f53481b, method=public void net.runelite.client.plugins.questlist.QuestListPlugin.onScriptCallbackEvent(net.runelite.api.events.ScriptCallbackEvent), priority=0.0, lambda=net.runelite.client.plugins.questlist.QuestListPlugin$$Lambda/0x0000000100733eb8@e9cd819)
2026-04-17 18:24:36 GMT [AWT-EventQueue-0] DEBUG n.runelite.client.eventbus.EventBus - Registering class net.runelite.api.events.VarbitChanged - EventBus.Subscriber(object=net.runelite.client.plugins.questlist.QuestListPlugin@1f53481b, method=public void net.runelite.client.plugins.questlist.QuestListPlugin.onVarbitChanged(net.runelite.api.events.VarbitChanged), priority=0.0, lambda=net.runelite.client.plugins.questlist.QuestListPlugin$$Lambda/0x00000001007340f0@4cda83f)
2026-04-17 18:24:36 GMT [AWT-EventQueue-0] DEBUG n.runelite.client.eventbus.EventBus - Registering class net.runelite.api.events.ScriptPostFired - EventBus.Subscriber(object=net.runelite.client.plugins.questlist.QuestListPlugin@1f53481b, method=public void net.runelite.client.plugins.questlist.QuestListPlugin.onScriptPostFired(net.runelite.api.events.ScriptPostFired), priority=0.0, lambda=net.runelite.client.plugins.questlist.QuestListPlugin$$Lambda/0x0000000100734328@477f9fe2)
2026-04-17 18:24:36 GMT [AWT-EventQueue-0] DEBUG n.runelite.client.eventbus.EventBus - Registering class net.runelite.api.events.VarClientIntChanged - EventBus.Subscriber(object=net.runelite.client.plugins.questlist.QuestListPlugin@1f53481b, method=public void net.runelite.client.plugins.questlist.QuestListPlugin.onVarClientIntChanged(net.runelite.api.events.VarClientIntChanged), priority=0.0, lambda=net.runelite.client.plugins.questlist.QuestListPlugin$$Lambda/0x0000000100734560@2c86f1f8)
2026-04-17 18:24:36 GMT [AWT-EventQueue-0] DEBUG n.r.client.plugins.PluginManager - Plugin BlastMinePlugin is now running
2026-04-17 18:24:36 GMT [AWT-EventQueue-0] DEBUG n.runelite.client.eventbus.EventBus - Registering class net.runelite.api.events.GameStateChanged - EventBus.Subscriber(object=net.runelite.client.plugins.blastmine.BlastMinePlugin@57562473, method=public void net.runelite.client.plugins.blastmine.BlastMinePlugin.onGameStateChanged(net.runelite.api.events.GameStateChanged), priority=0.0, lambda=net.runelite.client.plugins.blastmine.BlastMinePlugin$$Lambda/0x0000000100734798@3aa16670)
2026-04-17 18:24:36 GMT [AWT-EventQueue-0] DEBUG n.runelite.client.eventbus.EventBus - Registering class net.runelite.api.events.GameObjectSpawned - EventBus.Subscriber(object=net.runelite.client.plugins.blastmine.BlastMinePlugin@57562473, method=public void net.runelite.client.plugins.blastmine.BlastMinePlugin.onGameObjectSpawned(net.runelite.api.events.GameObjectSpawned), priority=0.0, lambda=net.runelite.client.plugins.blastmine.BlastMinePlugin$$Lambda/0x00000001007349d0@1e4da5de)
2026-04-17 18:24:36 GMT [AWT-EventQueue-0] DEBUG n.runelite.client.eventbus.EventBus - Registering class net.runelite.api.events.GameTick - EventBus.Subscriber(object=net.runelite.client.plugins.blastmine.BlastMinePlugin@57562473, method=public void net.runelite.client.plugins.blastmine.BlastMinePlugin.onGameTick(net.runelite.api.events.GameTick), priority=0.0, lambda=net.runelite.client.plugins.blastmine.BlastMinePlugin$$Lambda/0x0000000100734c08@736edb75)
2026-04-17 18:24:36 GMT [AWT-EventQueue-0] DEBUG n.r.client.plugins.PluginManager - Plugin RunepouchPlugin is now running
2026-04-17 18:24:36 GMT [AWT-EventQueue-0] DEBUG n.r.c.p.worldmap.WorldMapPlugin - Reset quest start positions
2026-04-17 18:24:36 GMT [Client] DEBUG injected-client - Game state changed: LOGIN_SCREEN (state: 10, 2 step: false)
2026-04-17 18:24:36 GMT [Client] DEBUG injected-client - Cache is ready
2026-04-17 18:24:36 GMT [AWT-EventQueue-0] DEBUG n.r.client.plugins.PluginManager - Plugin WorldMapPlugin is now running
2026-04-17 18:24:36 GMT [AWT-EventQueue-0] DEBUG n.runelite.client.eventbus.EventBus - Registering class net.runelite.client.events.ConfigChanged - EventBus.Subscriber(object=net.runelite.client.plugins.worldmap.WorldMapPlugin@6f231ced, method=public void net.runelite.client.plugins.worldmap.WorldMapPlugin.onConfigChanged(net.runelite.client.events.ConfigChanged), priority=0.0, lambda=net.runelite.client.plugins.worldmap.WorldMapPlugin$$Lambda/0x00000001007866b8@52190563)
2026-04-17 18:24:36 GMT [AWT-EventQueue-0] DEBUG n.runelite.client.eventbus.EventBus - Registering class net.runelite.api.events.ScriptPostFired - EventBus.Subscriber(object=net.runelite.client.plugins.worldmap.WorldMapPlugin@6f231ced, method=public void net.runelite.client.plugins.worldmap.WorldMapPlugin.onScriptPostFired(net.runelite.api.events.ScriptPostFired), priority=0.0, lambda=net.runelite.client.plugins.worldmap.WorldMapPlugin$$Lambda/0x00000001007868f0@2d674af2)
2026-04-17 18:24:36 GMT [AWT-EventQueue-0] DEBUG n.runelite.client.eventbus.EventBus - Registering class net.runelite.api.events.ClientTick - EventBus.Subscriber(object=net.runelite.client.plugins.worldmap.WorldMapPlugin@6f231ced, method=public void net.runelite.client.plugins.worldmap.WorldMapPlugin.onClientTick(net.runelite.api.events.ClientTick), priority=0.0, lambda=net.runelite.client.plugins.worldmap.WorldMapPlugin$$Lambda/0x0000000100786b28@331e9f55)
2026-04-17 18:24:36 GMT [AWT-EventQueue-0] DEBUG n.runelite.client.eventbus.EventBus - Registering class net.runelite.api.events.StatChanged - EventBus.Subscriber(object=net.runelite.client.plugins.worldmap.WorldMapPlugin@6f231ced, method=public void net.runelite.client.plugins.worldmap.WorldMapPlugin.onStatChanged(net.runelite.api.events.StatChanged), priority=0.0, lambda=net.runelite.client.plugins.worldmap.WorldMapPlugin$$Lambda/0x0000000100786d60@443bd309)
2026-04-17 18:24:36 GMT [AWT-EventQueue-0] DEBUG n.r.client.plugins.PluginManager - Plugin CorpPlugin is now running
2026-04-17 18:24:36 GMT [AWT-EventQueue-0] DEBUG n.runelite.client.eventbus.EventBus - Registering class net.runelite.api.events.GameStateChanged - EventBus.Subscriber(object=net.runelite.client.plugins.corp.CorpPlugin@5e1dde44, method=public void net.runelite.client.plugins.corp.CorpPlugin.onGameStateChanged(net.runelite.api.events.GameStateChanged), priority=0.0, lambda=net.runelite.client.plugins.corp.CorpPlugin$$Lambda/0x00000001007871c0@2daef6a9)
2026-04-17 18:24:36 GMT [AWT-EventQueue-0] DEBUG n.runelite.client.eventbus.EventBus - Registering class net.runelite.api.events.MenuEntryAdded - EventBus.Subscriber(object=net.runelite.client.plugins.corp.CorpPlugin@5e1dde44, method=public void net.runelite.client.plugins.corp.CorpPlugin.onMenuEntryAdded(net.runelite.api.events.MenuEntryAdded), priority=0.0, lambda=net.runelite.client.plugins.corp.CorpPlugin$$Lambda/0x00000001007873f8@237cca5a)
2026-04-17 18:24:36 GMT [AWT-EventQueue-0] DEBUG n.runelite.client.eventbus.EventBus - Registering class net.runelite.api.events.VarbitChanged - EventBus.Subscriber(object=net.runelite.client.plugins.corp.CorpPlugin@5e1dde44, method=public void net.runelite.client.plugins.corp.CorpPlugin.onVarbitChanged(net.runelite.api.events.VarbitChanged), priority=0.0, lambda=net.runelite.client.plugins.corp.CorpPlugin$$Lambda/0x0000000100787630@34ef61d4)
2026-04-17 18:24:36 GMT [AWT-EventQueue-0] DEBUG n.runelite.client.eventbus.EventBus - Registering class net.runelite.api.events.HitsplatApplied - EventBus.Subscriber(object=net.runelite.client.plugins.corp.CorpPlugin@5e1dde44, method=public void net.runelite.client.plugins.corp.CorpPlugin.onHitsplatApplied(net.runelite.api.events.HitsplatApplied), priority=0.0, lambda=net.runelite.client.plugins.corp.CorpPlugin$$Lambda/0x0000000100787868@78c63489)
2026-04-17 18:24:36 GMT [AWT-EventQueue-0] DEBUG n.runelite.client.eventbus.EventBus - Registering class net.runelite.api.events.InteractingChanged - EventBus.Subscriber(object=net.runelite.client.plugins.corp.CorpPlugin@5e1dde44, method=public void net.runelite.client.plugins.corp.CorpPlugin.onInteractingChanged(net.runelite.api.events.InteractingChanged), priority=0.0, lambda=net.runelite.client.plugins.corp.CorpPlugin$$Lambda/0x0000000100787aa0@2f16087c)
2026-04-17 18:24:36 GMT [AWT-EventQueue-0] DEBUG n.runelite.client.eventbus.EventBus - Registering class net.runelite.api.events.NpcDespawned - EventBus.Subscriber(object=net.runelite.client.plugins.corp.CorpPlugin@5e1dde44, method=public void net.runelite.client.plugins.corp.CorpPlugin.onNpcDespawned(net.runelite.api.events.NpcDespawned), priority=0.0, lambda=net.runelite.client.plugins.corp.CorpPlugin$$Lambda/0x0000000100787cd8@33fe6d2a)
2026-04-17 18:24:36 GMT [AWT-EventQueue-0] DEBUG n.runelite.client.eventbus.EventBus - Registering class net.runelite.api.events.NpcSpawned - EventBus.Subscriber(object=net.runelite.client.plugins.corp.CorpPlugin@5e1dde44, method=public void net.runelite.client.plugins.corp.CorpPlugin.onNpcSpawned(net.runelite.api.events.NpcSpawned), priority=0.0, lambda=net.runelite.client.plugins.corp.CorpPlugin$$Lambda/0x0000000100785800@d0e8b33)
2026-04-17 18:24:36 GMT [AWT-EventQueue-0] DEBUG n.r.client.plugins.PluginManager - Plugin AccountPlugin is now running
2026-04-17 18:24:36 GMT [AWT-EventQueue-0] DEBUG n.runelite.client.eventbus.EventBus - Registering class net.runelite.client.events.SessionOpen - EventBus.Subscriber(object=net.runelite.client.plugins.account.AccountPlugin@77114efe, method=public void net.runelite.client.plugins.account.AccountPlugin.onSessionOpen(net.runelite.client.events.SessionOpen), priority=0.0, lambda=net.runelite.client.plugins.account.AccountPlugin$$Lambda/0x0000000100788228@204a19db)
2026-04-17 18:24:36 GMT [AWT-EventQueue-0] DEBUG n.runelite.client.eventbus.EventBus - Registering class net.runelite.client.events.SessionClose - EventBus.Subscriber(object=net.runelite.client.plugins.account.AccountPlugin@77114efe, method=public void net.runelite.client.plugins.account.AccountPlugin.onSessionClose(net.runelite.client.events.SessionClose), priority=0.0, lambda=net.runelite.client.plugins.account.AccountPlugin$$Lambda/0x0000000100788460@1cfcd29b)
2026-04-17 18:24:36 GMT [AWT-EventQueue-0] DEBUG n.r.client.plugins.PluginManager - Plugin DailyTasksPlugin is now running
2026-04-17 18:24:36 GMT [AWT-EventQueue-0] DEBUG n.runelite.client.eventbus.EventBus - Registering class net.runelite.api.events.GameStateChanged - EventBus.Subscriber(object=net.runelite.client.plugins.dailytaskindicators.DailyTasksPlugin@56399b9e, method=public void net.runelite.client.plugins.dailytaskindicators.DailyTasksPlugin.onGameStateChanged(net.runelite.api.events.GameStateChanged), priority=0.0, lambda=net.runelite.client.plugins.dailytaskindicators.DailyTasksPlugin$$Lambda/0x0000000100788c60@57b0fb00)
2026-04-17 18:24:36 GMT [AWT-EventQueue-0] DEBUG n.runelite.client.eventbus.EventBus - Registering class net.runelite.api.events.GameTick - EventBus.Subscriber(object=net.runelite.client.plugins.dailytaskindicators.DailyTasksPlugin@56399b9e, method=public void net.runelite.client.plugins.dailytaskindicators.DailyTasksPlugin.onGameTick(net.runelite.api.events.GameTick), priority=0.0, lambda=net.runelite.client.plugins.dailytaskindicators.DailyTasksPlugin$$Lambda/0x0000000100788e98@11118672)
2026-04-17 18:24:36 GMT [AWT-EventQueue-0] DEBUG n.r.client.plugins.PluginManager - Plugin CannonPlugin is now running
2026-04-17 18:24:36 GMT [AWT-EventQueue-0] DEBUG n.runelite.client.eventbus.EventBus - Registering class net.runelite.api.events.GameStateChanged - EventBus.Subscriber(object=net.runelite.client.plugins.cannon.CannonPlugin@4d499d65, method=public void net.runelite.client.plugins.cannon.CannonPlugin.onGameStateChanged(net.runelite.api.events.GameStateChanged), priority=0.0, lambda=net.runelite.client.plugins.cannon.CannonPlugin$$Lambda/0x00000001007890d0@289664b4)
2026-04-17 18:24:36 GMT [AWT-EventQueue-0] DEBUG n.runelite.client.eventbus.EventBus - Registering class net.runelite.client.events.ConfigChanged - EventBus.Subscriber(object=net.runelite.client.plugins.cannon.CannonPlugin@4d499d65, method=public void net.runelite.client.plugins.cannon.CannonPlugin.onConfigChanged(net.runelite.client.events.ConfigChanged), priority=0.0, lambda=net.runelite.client.plugins.cannon.CannonPlugin$$Lambda/0x0000000100789308@3c6ca5bc)
2026-04-17 18:24:36 GMT [AWT-EventQueue-0] DEBUG n.runelite.client.eventbus.EventBus - Registering class net.runelite.api.events.ItemContainerChanged - EventBus.Subscriber(object=net.runelite.client.plugins.cannon.CannonPlugin@4d499d65, method=public void net.runelite.client.plugins.cannon.CannonPlugin.onItemContainerChanged(net.runelite.api.events.ItemContainerChanged), priority=0.0, lambda=net.runelite.client.plugins.cannon.CannonPlugin$$Lambda/0x0000000100789540@5821b93b)
2026-04-17 18:24:36 GMT [AWT-EventQueue-0] DEBUG n.runelite.client.eventbus.EventBus - Registering class net.runelite.api.events.VarbitChanged - EventBus.Subscriber(object=net.runelite.client.plugins.cannon.CannonPlugin@4d499d65, method=public void net.runelite.client.plugins.cannon.CannonPlugin.onVarbitChanged(net.runelite.api.events.VarbitChanged), priority=0.0, lambda=net.runelite.client.plugins.cannon.CannonPlugin$$Lambda/0x0000000100789778@2285caa5)
2026-04-17 18:24:36 GMT [AWT-EventQueue-0] DEBUG n.runelite.client.eventbus.EventBus - Registering class net.runelite.api.events.ChatMessage - EventBus.Subscriber(object=net.runelite.client.plugins.cannon.CannonPlugin@4d499d65, method=public void net.runelite.client.plugins.cannon.CannonPlugin.onChatMessage(net.runelite.api.events.ChatMessage), priority=0.0, lambda=net.runelite.client.plugins.cannon.CannonPlugin$$Lambda/0x00000001007899b0@7a0d6cf5)
2026-04-17 18:24:36 GMT [AWT-EventQueue-0] DEBUG n.r.client.plugins.PluginManager - Plugin TearsOfGuthixPlugin is now running
2026-04-17 18:24:36 GMT [AWT-EventQueue-0] DEBUG n.runelite.client.eventbus.EventBus - Registering class net.runelite.api.events.GameStateChanged - EventBus.Subscriber(object=net.runelite.client.plugins.tearsofguthix.TearsOfGuthixPlugin@24d61e4, method=public void net.runelite.client.plugins.tearsofguthix.TearsOfGuthixPlugin.onGameStateChanged(net.runelite.api.events.GameStateChanged), priority=0.0, lambda=net.runelite.client.plugins.tearsofguthix.TearsOfGuthixPlugin$$Lambda/0x0000000100789be8@2b1304bf)
2026-04-17 18:24:36 GMT [AWT-EventQueue-0] DEBUG n.runelite.client.eventbus.EventBus - Registering class net.runelite.api.events.DecorativeObjectDespawned - EventBus.Subscriber(object=net.runelite.client.plugins.tearsofguthix.TearsOfGuthixPlugin@24d61e4, method=public void net.runelite.client.plugins.tearsofguthix.TearsOfGuthixPlugin.onDecorativeObjectDespawned(net.runelite.api.events.DecorativeObjectDespawned), priority=0.0, lambda=net.runelite.client.plugins.tearsofguthix.TearsOfGuthixPlugin$$Lambda/0x0000000100789e20@7aa7775)
2026-04-17 18:24:36 GMT [Client] DEBUG n.r.client.RuntimeConfigRefresher - Skipping runtimeConfig refresh, next refresh at 2026-04-17T18:34:31.023081514Z
2026-04-17 18:24:36 GMT [AWT-EventQueue-0] DEBUG n.runelite.client.eventbus.EventBus - Registering class net.runelite.api.events.DecorativeObjectSpawned - EventBus.Subscriber(object=net.runelite.client.plugins.tearsofguthix.TearsOfGuthixPlugin@24d61e4, method=public void net.runelite.client.plugins.tearsofguthix.TearsOfGuthixPlugin.onDecorativeObjectSpawned(net.runelite.api.events.DecorativeObjectSpawned), priority=0.0, lambda=net.runelite.client.plugins.tearsofguthix.TearsOfGuthixPlugin$$Lambda/0x000000010078a058@6cf4da02)
2026-04-17 18:24:36 GMT [AWT-EventQueue-0] DEBUG n.r.client.plugins.PluginManager - Plugin NotesPlugin is now running
2026-04-17 18:24:36 GMT [AWT-EventQueue-0] DEBUG n.runelite.client.eventbus.EventBus - Registering class net.runelite.client.events.ProfileChanged - EventBus.Subscriber(object=net.runelite.client.plugins.notes.NotesPlugin@506a1372, method=public void net.runelite.client.plugins.notes.NotesPlugin.onProfileChanged(net.runelite.client.events.ProfileChanged), priority=0.0, lambda=net.runelite.client.plugins.notes.NotesPlugin$$Lambda/0x000000010078b9f0@359ec8ef)
2026-04-17 18:24:36 GMT [AWT-EventQueue-0] DEBUG net.runelite.client.input.KeyManager - Registering key listener: net.runelite.client.plugins.chathistory.ChatHistoryPlugin@76464795
2026-04-17 18:24:36 GMT [AWT-EventQueue-0] DEBUG n.r.client.plugins.PluginManager - Plugin ChatHistoryPlugin is now running
2026-04-17 18:24:36 GMT [AWT-EventQueue-0] DEBUG n.runelite.client.eventbus.EventBus - Registering class net.runelite.api.events.MenuEntryAdded - EventBus.Subscriber(object=net.runelite.client.plugins.chathistory.ChatHistoryPlugin@76464795, method=public void net.runelite.client.plugins.chathistory.ChatHistoryPlugin.onMenuEntryAdded(net.runelite.api.events.MenuEntryAdded), priority=0.0, lambda=net.runelite.client.plugins.chathistory.ChatHistoryPlugin$$Lambda/0x000000010078bc28@b2299c3)
2026-04-17 18:24:36 GMT [AWT-EventQueue-0] DEBUG n.runelite.client.eventbus.EventBus - Registering class net.runelite.api.events.MenuOptionClicked - EventBus.Subscriber(object=net.runelite.client.plugins.chathistory.ChatHistoryPlugin@76464795, method=public void net.runelite.client.plugins.chathistory.ChatHistoryPlugin.onMenuOptionClicked(net.runelite.api.events.MenuOptionClicked), priority=0.0, lambda=net.runelite.client.plugins.chathistory.ChatHistoryPlugin$$Lambda/0x000000010078ed78@6b7e2088)
2026-04-17 18:24:36 GMT [AWT-EventQueue-0] DEBUG n.runelite.client.eventbus.EventBus - Registering class net.runelite.api.events.ChatMessage - EventBus.Subscriber(object=net.runelite.client.plugins.chathistory.ChatHistoryPlugin@76464795, method=public void net.runelite.client.plugins.chathistory.ChatHistoryPlugin.onChatMessage(net.runelite.api.events.ChatMessage), priority=0.0, lambda=net.runelite.client.plugins.chathistory.ChatHistoryPlugin$$Lambda/0x000000010078efb0@57c97e82)
2026-04-17 18:24:36 GMT [AWT-EventQueue-0] DEBUG n.runelite.client.eventbus.EventBus - Registering class net.runelite.api.events.GameStateChanged - EventBus.Subscriber(object=net.runelite.client.plugins.timetracking.farming.CompostTracker@3f418da5, method=public void net.runelite.client.plugins.timetracking.farming.CompostTracker.onGameStateChanged(net.runelite.api.events.GameStateChanged), priority=0.0, lambda=net.runelite.client.plugins.timetracking.farming.CompostTracker$$Lambda/0x000000010078f5d8@1777541f)
2026-04-17 18:24:36 GMT [AWT-EventQueue-0] DEBUG n.runelite.client.eventbus.EventBus - Registering class net.runelite.api.events.MenuOptionClicked - EventBus.Subscriber(object=net.runelite.client.plugins.timetracking.farming.CompostTracker@3f418da5, method=public void net.runelite.client.plugins.timetracking.farming.CompostTracker.onMenuOptionClicked(net.runelite.api.events.MenuOptionClicked), priority=0.0, lambda=net.runelite.client.plugins.timetracking.farming.CompostTracker$$Lambda/0x000000010078f810@1abfc1e7)
2026-04-17 18:24:36 GMT [AWT-EventQueue-0] DEBUG n.runelite.client.eventbus.EventBus - Registering class net.runelite.api.events.ChatMessage - EventBus.Subscriber(object=net.runelite.client.plugins.timetracking.farming.CompostTracker@3f418da5, method=public void net.runelite.client.plugins.timetracking.farming.CompostTracker.onChatMessage(net.runelite.api.events.ChatMessage), priority=0.0, lambda=net.runelite.client.plugins.timetracking.farming.CompostTracker$$Lambda/0x000000010078fa48@45a2527)
2026-04-17 18:24:36 GMT [AWT-EventQueue-0] DEBUG n.runelite.client.eventbus.EventBus - Registering class net.runelite.api.events.MenuOptionClicked - EventBus.Subscriber(object=net.runelite.client.plugins.timetracking.farming.PaymentTracker@45145f1b, method=public void net.runelite.client.plugins.timetracking.farming.PaymentTracker.onMenuOptionClicked(net.runelite.api.events.MenuOptionClicked), priority=0.0, lambda=net.runelite.client.plugins.timetracking.farming.PaymentTracker$$Lambda/0x000000010078fc80@6ec261d2)
2026-04-17 18:24:36 GMT [AWT-EventQueue-0] DEBUG n.runelite.client.eventbus.EventBus - Registering class net.runelite.api.events.ScriptPreFired - EventBus.Subscriber(object=net.runelite.client.plugins.timetracking.farming.PaymentTracker@45145f1b, method=public void net.runelite.client.plugins.timetracking.farming.PaymentTracker.onScriptPreFired(net.runelite.api.events.ScriptPreFired), priority=0.0, lambda=net.runelite.client.plugins.timetracking.farming.PaymentTracker$$Lambda/0x000000010078d000@1a943e9b)
2026-04-17 18:24:36 GMT [AWT-EventQueue-0] DEBUG n.runelite.client.eventbus.EventBus - Registering class net.runelite.api.events.GameTick - EventBus.Subscriber(object=net.runelite.client.plugins.timetracking.farming.PaymentTracker@45145f1b, method=public void net.runelite.client.plugins.timetracking.farming.PaymentTracker.onGameTick(net.runelite.api.events.GameTick), priority=0.0, lambda=net.runelite.client.plugins.timetracking.farming.PaymentTracker$$Lambda/0x000000010078d238@2e64d5)
2026-04-17 18:24:36 GMT [AWT-EventQueue-0] DEBUG n.runelite.client.eventbus.EventBus - Registering class net.runelite.api.events.ChatMessage - EventBus.Subscriber(object=net.runelite.client.plugins.timetracking.farming.PaymentTracker@45145f1b, method=public void net.runelite.client.plugins.timetracking.farming.PaymentTracker.onChatMessage(net.runelite.api.events.ChatMessage), priority=0.0, lambda=net.runelite.client.plugins.timetracking.farming.PaymentTracker$$Lambda/0x000000010078d470@201b1677)
2026-04-17 18:24:36 GMT [AWT-EventQueue-0] DEBUG n.r.client.plugins.PluginManager - Plugin TimeTrackingPlugin is now running
2026-04-17 18:24:36 GMT [AWT-EventQueue-0] DEBUG n.runelite.client.eventbus.EventBus - Registering class net.runelite.client.events.ConfigChanged - EventBus.Subscriber(object=net.runelite.client.plugins.timetracking.TimeTrackingPlugin@7b6c6e70, method=public void net.runelite.client.plugins.timetracking.TimeTrackingPlugin.onConfigChanged(net.runelite.client.events.ConfigChanged), priority=0.0, lambda=net.runelite.client.plugins.timetracking.TimeTrackingPlugin$$Lambda/0x00000001007a49b8@75ecf3b2)
2026-04-17 18:24:36 GMT [AWT-EventQueue-0] DEBUG n.runelite.client.eventbus.EventBus - Registering class net.runelite.api.events.CommandExecuted - EventBus.Subscriber(object=net.runelite.client.plugins.timetracking.TimeTrackingPlugin@7b6c6e70, method=public void net.runelite.client.plugins.timetracking.TimeTrackingPlugin.onCommandExecuted(net.runelite.api.events.CommandExecuted), priority=0.0, lambda=net.runelite.client.plugins.timetracking.TimeTrackingPlugin$$Lambda/0x00000001007a4bf0@7b565499)
2026-04-17 18:24:36 GMT [AWT-EventQueue-0] DEBUG n.runelite.client.eventbus.EventBus - Registering class net.runelite.client.events.RuneScapeProfileChanged - EventBus.Subscriber(object=net.runelite.client.plugins.timetracking.TimeTrackingPlugin@7b6c6e70, method=public void net.runelite.client.plugins.timetracking.TimeTrackingPlugin.onRuneScapeProfileChanged(net.runelite.client.events.RuneScapeProfileChanged), priority=0.0, lambda=net.runelite.client.plugins.timetracking.TimeTrackingPlugin$$Lambda/0x00000001007a4e28@3140aad5)
2026-04-17 18:24:36 GMT [AWT-EventQueue-0] DEBUG n.runelite.client.eventbus.EventBus - Registering class net.runelite.api.events.GameTick - EventBus.Subscriber(object=net.runelite.client.plugins.timetracking.TimeTrackingPlugin@7b6c6e70, method=public void net.runelite.client.plugins.timetracking.TimeTrackingPlugin.onGameTick(net.runelite.api.events.GameTick), priority=0.0, lambda=net.runelite.client.plugins.timetracking.TimeTrackingPlugin$$Lambda/0x00000001007a5060@6f77b0af)
2026-04-17 18:24:36 GMT [AWT-EventQueue-0] DEBUG n.runelite.client.eventbus.EventBus - Registering class net.runelite.api.events.WidgetClosed - EventBus.Subscriber(object=net.runelite.client.plugins.timetracking.TimeTrackingPlugin@7b6c6e70, method=private void net.runelite.client.plugins.timetracking.TimeTrackingPlugin.onWidgetClosed(net.runelite.api.events.WidgetClosed), priority=0.0, lambda=net.runelite.client.plugins.timetracking.TimeTrackingPlugin$$Lambda/0x00000001007a5298@652b5feb)
2026-04-17 18:24:36 GMT [AWT-EventQueue-0] DEBUG n.runelite.client.eventbus.EventBus - Registering class net.runelite.api.events.ChatMessage - EventBus.Subscriber(object=net.runelite.client.plugins.timetracking.TimeTrackingPlugin@7b6c6e70, method=public void net.runelite.client.plugins.timetracking.TimeTrackingPlugin.onChatMessage(net.runelite.api.events.ChatMessage), priority=0.0, lambda=net.runelite.client.plugins.timetracking.TimeTrackingPlugin$$Lambda/0x00000001007a54d0@77d4b0a6)
2026-04-17 18:24:37 GMT [AWT-EventQueue-0] DEBUG net.runelite.client.input.KeyManager - Registering key listener: net.runelite.client.plugins.chatcommands.ChatKeyboardListener@1fde392d
2026-04-17 18:24:37 GMT [AWT-EventQueue-0] DEBUG n.r.client.plugins.PluginManager - Plugin ChatCommandsPlugin is now running
2026-04-17 18:24:37 GMT [AWT-EventQueue-0] DEBUG n.runelite.client.eventbus.EventBus - Registering class net.runelite.api.events.GameStateChanged - EventBus.Subscriber(object=net.runelite.client.plugins.chatcommands.ChatCommandsPlugin@177c41d7, method=public void net.runelite.client.plugins.chatcommands.ChatCommandsPlugin.onGameStateChanged(net.runelite.api.events.GameStateChanged), priority=0.0, lambda=net.runelite.client.plugins.chatcommands.ChatCommandsPlugin$$Lambda/0x00000001007afb30@57e6de77)
2026-04-17 18:24:37 GMT [AWT-EventQueue-0] DEBUG n.runelite.client.eventbus.EventBus - Registering class net.runelite.api.events.VarbitChanged - EventBus.Subscriber(object=net.runelite.client.plugins.chatcommands.ChatCommandsPlugin@177c41d7, method=public void net.runelite.client.plugins.chatcommands.ChatCommandsPlugin.onVarbitChanged(net.runelite.api.events.VarbitChanged), priority=0.0, lambda=net.runelite.client.plugins.chatcommands.ChatCommandsPlugin$$Lambda/0x00000001007afd68@16ef53a5)
2026-04-17 18:24:37 GMT [AWT-EventQueue-0] DEBUG n.runelite.client.eventbus.EventBus - Registering class net.runelite.api.events.ScriptPostFired - EventBus.Subscriber(object=net.runelite.client.plugins.chatcommands.ChatCommandsPlugin@177c41d7, method=public void net.runelite.client.plugins.chatcommands.ChatCommandsPlugin.onScriptPostFired(net.runelite.api.events.ScriptPostFired), priority=0.0, lambda=net.runelite.client.plugins.chatcommands.ChatCommandsPlugin$$Lambda/0x00000001007ad000@57c05035)
2026-04-17 18:24:37 GMT [AWT-EventQueue-0] DEBUG n.runelite.client.eventbus.EventBus - Registering class net.runelite.api.events.WidgetLoaded - EventBus.Subscriber(object=net.runelite.client.plugins.chatcommands.ChatCommandsPlugin@177c41d7, method=public void net.runelite.client.plugins.chatcommands.ChatCommandsPlugin.onWidgetLoaded(net.runelite.api.events.WidgetLoaded), priority=0.0, lambda=net.runelite.client.plugins.chatcommands.ChatCommandsPlugin$$Lambda/0x00000001007ad238@2c112e72)
2026-04-17 18:24:37 GMT [AWT-EventQueue-0] DEBUG n.runelite.client.eventbus.EventBus - Registering class net.runelite.api.events.GameTick - EventBus.Subscriber(object=net.runelite.client.plugins.chatcommands.ChatCommandsPlugin@177c41d7, method=public void net.runelite.client.plugins.chatcommands.ChatCommandsPlugin.onGameTick(net.runelite.api.events.GameTick), priority=0.0, lambda=net.runelite.client.plugins.chatcommands.ChatCommandsPlugin$$Lambda/0x00000001007ad470@6e892b09)
2026-04-17 18:24:37 GMT [AWT-EventQueue-0] DEBUG n.runelite.client.eventbus.EventBus - Registering class net.runelite.api.events.ChatMessage - EventBus.Subscriber(object=net.runelite.client.plugins.chatcommands.ChatCommandsPlugin@177c41d7, method=public void net.runelite.client.plugins.chatcommands.ChatCommandsPlugin.onChatMessage(net.runelite.api.events.ChatMessage), priority=0.0, lambda=net.runelite.client.plugins.chatcommands.ChatCommandsPlugin$$Lambda/0x00000001007ad6a8@72854596)
2026-04-17 18:24:37 GMT [AWT-EventQueue-0] DEBUG n.r.client.plugins.PluginManager - Plugin PohPlugin is now running
2026-04-17 18:24:37 GMT [AWT-EventQueue-0] DEBUG n.runelite.client.eventbus.EventBus - Registering class net.runelite.api.events.GameStateChanged - EventBus.Subscriber(object=net.runelite.client.plugins.poh.PohPlugin@4ed4a7e4, method=public void net.runelite.client.plugins.poh.PohPlugin.onGameStateChanged(net.runelite.api.events.GameStateChanged), priority=0.0, lambda=net.runelite.client.plugins.poh.PohPlugin$$Lambda/0x00000001007ad8e0@294f01a)
2026-04-17 18:24:37 GMT [AWT-EventQueue-0] DEBUG n.runelite.client.eventbus.EventBus - Registering class net.runelite.client.events.ConfigChanged - EventBus.Subscriber(object=net.runelite.client.plugins.poh.PohPlugin@4ed4a7e4, method=public void net.runelite.client.plugins.poh.PohPlugin.onConfigChanged(net.runelite.client.events.ConfigChanged), priority=0.0, lambda=net.runelite.client.plugins.poh.PohPlugin$$Lambda/0x00000001007adb18@197978bb)
2026-04-17 18:24:37 GMT [AWT-EventQueue-0] DEBUG n.runelite.client.eventbus.EventBus - Registering class net.runelite.api.events.GameObjectDespawned - EventBus.Subscriber(object=net.runelite.client.plugins.poh.PohPlugin@4ed4a7e4, method=public void net.runelite.client.plugins.poh.PohPlugin.onGameObjectDespawned(net.runelite.api.events.GameObjectDespawned), priority=0.0, lambda=net.runelite.client.plugins.poh.PohPlugin$$Lambda/0x00000001007add50@babb897)
2026-04-17 18:24:37 GMT [AWT-EventQueue-0] DEBUG n.runelite.client.eventbus.EventBus - Registering class net.runelite.api.events.GameObjectSpawned - EventBus.Subscriber(object=net.runelite.client.plugins.poh.PohPlugin@4ed4a7e4, method=public void net.runelite.client.plugins.poh.PohPlugin.onGameObjectSpawned(net.runelite.api.events.GameObjectSpawned), priority=0.0, lambda=net.runelite.client.plugins.poh.PohPlugin$$Lambda/0x00000001007ac800@59aaaf8c)
2026-04-17 18:24:37 GMT [AWT-EventQueue-0] DEBUG n.runelite.client.eventbus.EventBus - Registering class net.runelite.api.events.AnimationChanged - EventBus.Subscriber(object=net.runelite.client.plugins.poh.PohPlugin@4ed4a7e4, method=public void net.runelite.client.plugins.poh.PohPlugin.onAnimationChanged(net.runelite.api.events.AnimationChanged), priority=0.0, lambda=net.runelite.client.plugins.poh.PohPlugin$$Lambda/0x00000001007aca38@75b87759)
2026-04-17 18:24:37 GMT [AWT-EventQueue-0] DEBUG n.runelite.client.eventbus.EventBus - Registering class net.runelite.api.events.DecorativeObjectDespawned - EventBus.Subscriber(object=net.runelite.client.plugins.poh.PohPlugin@4ed4a7e4, method=public void net.runelite.client.plugins.poh.PohPlugin.onDecorativeObjectDespawned(net.runelite.api.events.DecorativeObjectDespawned), priority=0.0, lambda=net.runelite.client.plugins.poh.PohPlugin$$Lambda/0x00000001007acc70@571f72e0)
2026-04-17 18:24:37 GMT [AWT-EventQueue-0] DEBUG n.runelite.client.eventbus.EventBus - Registering class net.runelite.api.events.DecorativeObjectSpawned - EventBus.Subscriber(object=net.runelite.client.plugins.poh.PohPlugin@4ed4a7e4, method=public void net.runelite.client.plugins.poh.PohPlugin.onDecorativeObjectSpawned(net.runelite.api.events.DecorativeObjectSpawned), priority=0.0, lambda=net.runelite.client.plugins.poh.PohPlugin$$Lambda/0x00000001007ac400@4a64c22d)
2026-04-17 18:24:37 GMT [AWT-EventQueue-0] DEBUG net.runelite.client.input.KeyManager - Registering key listener: net.runelite.client.plugins.instancemap.InstanceMapInputListener@547a781
2026-04-17 18:24:37 GMT [AWT-EventQueue-0] DEBUG n.r.client.plugins.PluginManager - Plugin InstanceMapPlugin is now running
2026-04-17 18:24:37 GMT [AWT-EventQueue-0] DEBUG n.runelite.client.eventbus.EventBus - Registering class net.runelite.api.events.GameStateChanged - EventBus.Subscriber(object=net.runelite.client.plugins.instancemap.InstanceMapPlugin@7c52fc81, method=public void net.runelite.client.plugins.instancemap.InstanceMapPlugin.onGameStateChanged(net.runelite.api.events.GameStateChanged), priority=0.0, lambda=net.runelite.client.plugins.instancemap.InstanceMapPlugin$$Lambda/0x00000001007b0430@e86401e)
2026-04-17 18:24:37 GMT [AWT-EventQueue-0] DEBUG n.r.client.plugins.PluginManager - Plugin SlayerPlugin is now running
2026-04-17 18:24:37 GMT [AWT-EventQueue-0] DEBUG n.runelite.client.eventbus.EventBus - Registering class net.runelite.api.events.GameStateChanged - EventBus.Subscriber(object=net.runelite.client.plugins.slayer.SlayerPlugin@257ef9ed, method=public void net.runelite.client.plugins.slayer.SlayerPlugin.onGameStateChanged(net.runelite.api.events.GameStateChanged), priority=0.0, lambda=net.runelite.client.plugins.slayer.SlayerPlugin$$Lambda/0x00000001007b0f48@27d1bb0e)
2026-04-17 18:24:37 GMT [AWT-EventQueue-0] DEBUG n.runelite.client.eventbus.EventBus - Registering class net.runelite.client.events.ConfigChanged - EventBus.Subscriber(object=net.runelite.client.plugins.slayer.SlayerPlugin@257ef9ed, method=private void net.runelite.client.plugins.slayer.SlayerPlugin.onConfigChanged(net.runelite.client.events.ConfigChanged), priority=0.0, lambda=net.runelite.client.plugins.slayer.SlayerPlugin$$Lambda/0x00000001007b1180@1d44c3cf)
2026-04-17 18:24:37 GMT [AWT-EventQueue-0] DEBUG n.runelite.client.eventbus.EventBus - Registering class net.runelite.api.events.MenuOptionClicked - EventBus.Subscriber(object=net.runelite.client.plugins.slayer.SlayerPlugin@257ef9ed, method=public void net.runelite.client.plugins.slayer.SlayerPlugin.onMenuOptionClicked(net.runelite.api.events.MenuOptionClicked), priority=0.0, lambda=net.runelite.client.plugins.slayer.SlayerPlugin$$Lambda/0x00000001007b13b8@2d233c99)
2026-04-17 18:24:37 GMT [AWT-EventQueue-0] DEBUG n.runelite.client.eventbus.EventBus - Registering class net.runelite.api.events.VarbitChanged - EventBus.Subscriber(object=net.runelite.client.plugins.slayer.SlayerPlugin@257ef9ed, method=public void net.runelite.client.plugins.slayer.SlayerPlugin.onVarbitChanged(net.runelite.api.events.VarbitChanged), priority=0.0, lambda=net.runelite.client.plugins.slayer.SlayerPlugin$$Lambda/0x00000001007b15f0@35650851)
2026-04-17 18:24:37 GMT [AWT-EventQueue-0] DEBUG n.runelite.client.eventbus.EventBus - Registering class net.runelite.api.events.CommandExecuted - EventBus.Subscriber(object=net.runelite.client.plugins.slayer.SlayerPlugin@257ef9ed, method=public void net.runelite.client.plugins.slayer.SlayerPlugin.onCommandExecuted(net.runelite.api.events.CommandExecuted), priority=0.0, lambda=net.runelite.client.plugins.slayer.SlayerPlugin$$Lambda/0x00000001007b1828@1e35090)
2026-04-17 18:24:37 GMT [AWT-EventQueue-0] DEBUG n.runelite.client.eventbus.EventBus - Registering class net.runelite.api.events.NpcDespawned - EventBus.Subscriber(object=net.runelite.client.plugins.slayer.SlayerPlugin@257ef9ed, method=public void net.runelite.client.plugins.slayer.SlayerPlugin.onNpcDespawned(net.runelite.api.events.NpcDespawned), priority=0.0, lambda=net.runelite.client.plugins.slayer.SlayerPlugin$$Lambda/0x00000001007b1a60@3533f159)
2026-04-17 18:24:37 GMT [AWT-EventQueue-0] DEBUG n.runelite.client.eventbus.EventBus - Registering class net.runelite.api.events.GameTick - EventBus.Subscriber(object=net.runelite.client.plugins.slayer.SlayerPlugin@257ef9ed, method=public void net.runelite.client.plugins.slayer.SlayerPlugin.onGameTick(net.runelite.api.events.GameTick), priority=0.0, lambda=net.runelite.client.plugins.slayer.SlayerPlugin$$Lambda/0x00000001007b1c98@18c3f78a)
2026-04-17 18:24:37 GMT [AWT-EventQueue-0] DEBUG n.runelite.client.eventbus.EventBus - Registering class net.runelite.api.events.NpcSpawned - EventBus.Subscriber(object=net.runelite.client.plugins.slayer.SlayerPlugin@257ef9ed, method=public void net.runelite.client.plugins.slayer.SlayerPlugin.onNpcSpawned(net.runelite.api.events.NpcSpawned), priority=0.0, lambda=net.runelite.client.plugins.slayer.SlayerPlugin$$Lambda/0x00000001007b1ed0@5027f5a6)
2026-04-17 18:24:37 GMT [AWT-EventQueue-0] DEBUG n.runelite.client.eventbus.EventBus - Registering class net.runelite.api.events.ChatMessage - EventBus.Subscriber(object=net.runelite.client.plugins.slayer.SlayerPlugin@257ef9ed, method=public void net.runelite.client.plugins.slayer.SlayerPlugin.onChatMessage(net.runelite.api.events.ChatMessage), priority=0.0, lambda=net.runelite.client.plugins.slayer.SlayerPlugin$$Lambda/0x00000001007b2108@2e1c2036)
2026-04-17 18:24:37 GMT [AWT-EventQueue-0] DEBUG n.r.client.plugins.PluginManager - Plugin WintertodtPlugin is now running
2026-04-17 18:24:37 GMT [AWT-EventQueue-0] DEBUG n.runelite.client.eventbus.EventBus - Registering class net.runelite.api.events.ItemContainerChanged - EventBus.Subscriber(object=net.runelite.client.plugins.wintertodt.WintertodtPlugin@3003e580, method=public void net.runelite.client.plugins.wintertodt.WintertodtPlugin.onItemContainerChanged(net.runelite.api.events.ItemContainerChanged), priority=0.0, lambda=net.runelite.client.plugins.wintertodt.WintertodtPlugin$$Lambda/0x00000001007b2340@18c06e18)
2026-04-17 18:24:37 GMT [AWT-EventQueue-0] DEBUG n.runelite.client.eventbus.EventBus - Registering class net.runelite.api.events.VarbitChanged - EventBus.Subscriber(object=net.runelite.client.plugins.wintertodt.WintertodtPlugin@3003e580, method=public void net.runelite.client.plugins.wintertodt.WintertodtPlugin.onVarbitChanged(net.runelite.api.events.VarbitChanged), priority=0.0, lambda=net.runelite.client.plugins.wintertodt.WintertodtPlugin$$Lambda/0x00000001007b2578@59912a9c)
2026-04-17 18:24:37 GMT [AWT-EventQueue-0] DEBUG n.runelite.client.eventbus.EventBus - Registering class net.runelite.api.events.AnimationChanged - EventBus.Subscriber(object=net.runelite.client.plugins.wintertodt.WintertodtPlugin@3003e580, method=public void net.runelite.client.plugins.wintertodt.WintertodtPlugin.onAnimationChanged(net.runelite.api.events.AnimationChanged), priority=0.0, lambda=net.runelite.client.plugins.wintertodt.WintertodtPlugin$$Lambda/0x00000001007b27b0@1cbd3132)
2026-04-17 18:24:37 GMT [AWT-EventQueue-0] DEBUG n.runelite.client.eventbus.EventBus - Registering class net.runelite.api.events.GameTick - EventBus.Subscriber(object=net.runelite.client.plugins.wintertodt.WintertodtPlugin@3003e580, method=public void net.runelite.client.plugins.wintertodt.WintertodtPlugin.onGameTick(net.runelite.api.events.GameTick), priority=0.0, lambda=net.runelite.client.plugins.wintertodt.WintertodtPlugin$$Lambda/0x00000001007b29e8@474f664f)
2026-04-17 18:24:37 GMT [AWT-EventQueue-0] DEBUG n.runelite.client.eventbus.EventBus - Registering class net.runelite.api.events.ChatMessage - EventBus.Subscriber(object=net.runelite.client.plugins.wintertodt.WintertodtPlugin@3003e580, method=public void net.runelite.client.plugins.wintertodt.WintertodtPlugin.onChatMessage(net.runelite.api.events.ChatMessage), priority=0.0, lambda=net.runelite.client.plugins.wintertodt.WintertodtPlugin$$Lambda/0x00000001007b2c20@4d5176e)
2026-04-17 18:24:37 GMT [AWT-EventQueue-0] DEBUG n.r.client.plugins.PluginManager - Plugin BarbarianAssaultPlugin is now running
2026-04-17 18:24:37 GMT [AWT-EventQueue-0] DEBUG n.runelite.client.eventbus.EventBus - Registering class net.runelite.api.events.VarbitChanged - EventBus.Subscriber(object=net.runelite.client.plugins.barbarianassault.BarbarianAssaultPlugin@326e0b8e, method=public void net.runelite.client.plugins.barbarianassault.BarbarianAssaultPlugin.onVarbitChanged(net.runelite.api.events.VarbitChanged), priority=0.0, lambda=net.runelite.client.plugins.barbarianassault.BarbarianAssaultPlugin$$Lambda/0x00000001007b2e58@6688cd62)
2026-04-17 18:24:37 GMT [AWT-EventQueue-0] DEBUG n.runelite.client.eventbus.EventBus - Registering class net.runelite.api.events.WidgetLoaded - EventBus.Subscriber(object=net.runelite.client.plugins.barbarianassault.BarbarianAssaultPlugin@326e0b8e, method=public void net.runelite.client.plugins.barbarianassault.BarbarianAssaultPlugin.onWidgetLoaded(net.runelite.api.events.WidgetLoaded), priority=0.0, lambda=net.runelite.client.plugins.barbarianassault.BarbarianAssaultPlugin$$Lambda/0x00000001007b3090@b0f3cd0)
2026-04-17 18:24:37 GMT [AWT-EventQueue-0] DEBUG n.runelite.client.eventbus.EventBus - Registering class net.runelite.api.events.ChatMessage - EventBus.Subscriber(object=net.runelite.client.plugins.barbarianassault.BarbarianAssaultPlugin@326e0b8e, method=public void net.runelite.client.plugins.barbarianassault.BarbarianAssaultPlugin.onChatMessage(net.runelite.api.events.ChatMessage), priority=0.0, lambda=net.runelite.client.plugins.barbarianassault.BarbarianAssaultPlugin$$Lambda/0x00000001007b32c8@2e40dca1)
2026-04-17 18:24:37 GMT [AWT-EventQueue-0] DEBUG n.r.client.plugins.PluginManager - Plugin ImplingsPlugin is now running
2026-04-17 18:24:37 GMT [AWT-EventQueue-0] DEBUG n.runelite.client.eventbus.EventBus - Registering class net.runelite.client.events.ConfigChanged - EventBus.Subscriber(object=net.runelite.client.plugins.implings.ImplingsPlugin@360e9c06, method=private void net.runelite.client.plugins.implings.ImplingsPlugin.onConfigChanged(net.runelite.client.events.ConfigChanged), priority=0.0, lambda=net.runelite.client.plugins.implings.ImplingsPlugin$$Lambda/0x00000001007b3500@180194ef)
2026-04-17 18:24:37 GMT [AWT-EventQueue-0] DEBUG n.runelite.client.eventbus.EventBus - Registering class net.runelite.api.events.NpcSpawned - EventBus.Subscriber(object=net.runelite.client.plugins.implings.ImplingsPlugin@360e9c06, method=public void net.runelite.client.plugins.implings.ImplingsPlugin.onNpcSpawned(net.runelite.api.events.NpcSpawned), priority=0.0, lambda=net.runelite.client.plugins.implings.ImplingsPlugin$$Lambda/0x00000001007b3738@79dbc7bf)
2026-04-17 18:24:37 GMT [AWT-EventQueue-0] DEBUG n.runelite.client.eventbus.EventBus - Registering class net.runelite.api.events.NpcChanged - EventBus.Subscriber(object=net.runelite.client.plugins.implings.ImplingsPlugin@360e9c06, method=public void net.runelite.client.plugins.implings.ImplingsPlugin.onNpcChanged(net.runelite.api.events.NpcChanged), priority=0.0, lambda=net.runelite.client.plugins.implings.ImplingsPlugin$$Lambda/0x00000001007b3970@c5dc70a)
2026-04-17 18:24:37 GMT [AWT-EventQueue-0] DEBUG n.r.client.plugins.PluginManager - Plugin KourendLibraryPlugin is now running
2026-04-17 18:24:37 GMT [AWT-EventQueue-0] DEBUG n.runelite.client.eventbus.EventBus - Registering class net.runelite.api.events.GameStateChanged - EventBus.Subscriber(object=net.runelite.client.plugins.kourendlibrary.KourendLibraryPlugin@6cd98a05, method=public void net.runelite.client.plugins.kourendlibrary.KourendLibraryPlugin.onGameStateChanged(net.runelite.api.events.GameStateChanged), priority=0.0, lambda=net.runelite.client.plugins.kourendlibrary.KourendLibraryPlugin$$Lambda/0x00000001007b6af0@35cc4487)
2026-04-17 18:24:37 GMT [AWT-EventQueue-0] DEBUG n.runelite.client.eventbus.EventBus - Registering class net.runelite.client.events.ConfigChanged - EventBus.Subscriber(object=net.runelite.client.plugins.kourendlibrary.KourendLibraryPlugin@6cd98a05, method=public void net.runelite.client.plugins.kourendlibrary.KourendLibraryPlugin.onConfigChanged(net.runelite.client.events.ConfigChanged), priority=0.0, lambda=net.runelite.client.plugins.kourendlibrary.KourendLibraryPlugin$$Lambda/0x00000001007b6d28@180b9787)
2026-04-17 18:24:37 GMT [AWT-EventQueue-0] DEBUG n.runelite.client.eventbus.EventBus - Registering class net.runelite.api.events.MenuOptionClicked - EventBus.Subscriber(object=net.runelite.client.plugins.kourendlibrary.KourendLibraryPlugin@6cd98a05, method=public void net.runelite.client.plugins.kourendlibrary.KourendLibraryPlugin.onMenuOptionClicked(net.runelite.api.events.MenuOptionClicked), priority=0.0, lambda=net.runelite.client.plugins.kourendlibrary.KourendLibraryPlugin$$Lambda/0x00000001007b6f60@70fba1b)
2026-04-17 18:24:37 GMT [AWT-EventQueue-0] DEBUG n.runelite.client.eventbus.EventBus - Registering class net.runelite.api.events.ItemContainerChanged - EventBus.Subscriber(object=net.runelite.client.plugins.kourendlibrary.KourendLibraryPlugin@6cd98a05, method=public void net.runelite.client.plugins.kourendlibrary.KourendLibraryPlugin.onItemContainerChanged(net.runelite.api.events.ItemContainerChanged), priority=0.0, lambda=net.runelite.client.plugins.kourendlibrary.KourendLibraryPlugin$$Lambda/0x00000001007b7198@1184884b)
2026-04-17 18:24:37 GMT [AWT-EventQueue-0] DEBUG n.runelite.client.eventbus.EventBus - Registering class net.runelite.api.events.AnimationChanged - EventBus.Subscriber(object=net.runelite.client.plugins.kourendlibrary.KourendLibraryPlugin@6cd98a05, method=public void net.runelite.client.plugins.kourendlibrary.KourendLibraryPlugin.onAnimationChanged(net.runelite.api.events.AnimationChanged), priority=0.0, lambda=net.runelite.client.plugins.kourendlibrary.KourendLibraryPlugin$$Lambda/0x00000001007b73d0@3ae7ace8)
2026-04-17 18:24:37 GMT [AWT-EventQueue-0] DEBUG n.runelite.client.eventbus.EventBus - Registering class net.runelite.api.events.NpcDespawned - EventBus.Subscriber(object=net.runelite.client.plugins.kourendlibrary.KourendLibraryPlugin@6cd98a05, method=public void net.runelite.client.plugins.kourendlibrary.KourendLibraryPlugin.onNpcDespawned(net.runelite.api.events.NpcDespawned), priority=0.0, lambda=net.runelite.client.plugins.kourendlibrary.KourendLibraryPlugin$$Lambda/0x00000001007b7608@665cf4e5)
2026-04-17 18:24:37 GMT [AWT-EventQueue-0] DEBUG n.runelite.client.eventbus.EventBus - Registering class net.runelite.api.events.GameTick - EventBus.Subscriber(object=net.runelite.client.plugins.kourendlibrary.KourendLibraryPlugin@6cd98a05, method=public void net.runelite.client.plugins.kourendlibrary.KourendLibraryPlugin.onGameTick(net.runelite.api.events.GameTick), priority=0.0, lambda=net.runelite.client.plugins.kourendlibrary.KourendLibraryPlugin$$Lambda/0x00000001007b7840@31854da2)
2026-04-17 18:24:37 GMT [AWT-EventQueue-0] DEBUG n.runelite.client.eventbus.EventBus - Registering class net.runelite.api.events.NpcSpawned - EventBus.Subscriber(object=net.runelite.client.plugins.kourendlibrary.KourendLibraryPlugin@6cd98a05, method=public void net.runelite.client.plugins.kourendlibrary.KourendLibraryPlugin.onNpcSpawned(net.runelite.api.events.NpcSpawned), priority=0.0, lambda=net.runelite.client.plugins.kourendlibrary.KourendLibraryPlugin$$Lambda/0x00000001007b7a78@1c3c3038)
2026-04-17 18:24:37 GMT [AWT-EventQueue-0] DEBUG n.runelite.client.eventbus.EventBus - Registering class net.runelite.api.events.ChatMessage - EventBus.Subscriber(object=net.runelite.client.plugins.kourendlibrary.KourendLibraryPlugin@6cd98a05, method=public void net.runelite.client.plugins.kourendlibrary.KourendLibraryPlugin.onChatMessage(net.runelite.api.events.ChatMessage), priority=0.0, lambda=net.runelite.client.plugins.kourendlibrary.KourendLibraryPlugin$$Lambda/0x00000001007b7cb0@20d1afd5)
2026-04-17 18:24:37 GMT [AWT-EventQueue-0] DEBUG n.r.client.plugins.PluginManager - Plugin RunecraftPlugin is now running
2026-04-17 18:24:37 GMT [AWT-EventQueue-0] DEBUG n.runelite.client.eventbus.EventBus - Registering class net.runelite.api.events.GameStateChanged - EventBus.Subscriber(object=net.runelite.client.plugins.runecraft.RunecraftPlugin@72503b19, method=public void net.runelite.client.plugins.runecraft.RunecraftPlugin.onGameStateChanged(net.runelite.api.events.GameStateChanged), priority=0.0, lambda=net.runelite.client.plugins.runecraft.RunecraftPlugin$$Lambda/0x00000001007b5000@705fd8c1)
2026-04-17 18:24:37 GMT [AWT-EventQueue-0] DEBUG n.runelite.client.eventbus.EventBus - Registering class net.runelite.api.events.ItemContainerChanged - EventBus.Subscriber(object=net.runelite.client.plugins.runecraft.RunecraftPlugin@72503b19, method=public void net.runelite.client.plugins.runecraft.RunecraftPlugin.onItemContainerChanged(net.runelite.api.events.ItemContainerChanged), priority=0.0, lambda=net.runelite.client.plugins.runecraft.RunecraftPlugin$$Lambda/0x00000001007b5238@763e50dc)
2026-04-17 18:24:37 GMT [AWT-EventQueue-0] DEBUG n.runelite.client.eventbus.EventBus - Registering class net.runelite.api.events.DecorativeObjectDespawned - EventBus.Subscriber(object=net.runelite.client.plugins.runecraft.RunecraftPlugin@72503b19, method=public void net.runelite.client.plugins.runecraft.RunecraftPlugin.onDecorativeObjectDespawned(net.runelite.api.events.DecorativeObjectDespawned), priority=0.0, lambda=net.runelite.client.plugins.runecraft.RunecraftPlugin$$Lambda/0x00000001007b5470@962f91a)
2026-04-17 18:24:37 GMT [AWT-EventQueue-0] DEBUG n.runelite.client.eventbus.EventBus - Registering class net.runelite.api.events.DecorativeObjectSpawned - EventBus.Subscriber(object=net.runelite.client.plugins.runecraft.RunecraftPlugin@72503b19, method=public void net.runelite.client.plugins.runecraft.RunecraftPlugin.onDecorativeObjectSpawned(net.runelite.api.events.DecorativeObjectSpawned), priority=0.0, lambda=net.runelite.client.plugins.runecraft.RunecraftPlugin$$Lambda/0x00000001007b56a8@31c5fa27)
2026-04-17 18:24:37 GMT [AWT-EventQueue-0] DEBUG n.runelite.client.eventbus.EventBus - Registering class net.runelite.api.events.ChatMessage - EventBus.Subscriber(object=net.runelite.client.plugins.runecraft.RunecraftPlugin@72503b19, method=public void net.runelite.client.plugins.runecraft.RunecraftPlugin.onChatMessage(net.runelite.api.events.ChatMessage), priority=0.0, lambda=net.runelite.client.plugins.runecraft.RunecraftPlugin$$Lambda/0x00000001007b58e0@52986b2)
2026-04-17 18:24:37 GMT [AWT-EventQueue-0] DEBUG n.r.client.plugins.PluginManager - Plugin SpellbookPlugin is now running
2026-04-17 18:24:37 GMT [AWT-EventQueue-0] DEBUG n.runelite.client.eventbus.EventBus - Registering class net.runelite.api.events.ScriptCallbackEvent - EventBus.Subscriber(object=net.runelite.client.plugins.spellbook.SpellbookPlugin@bc6288b, method=public void net.runelite.client.plugins.spellbook.SpellbookPlugin.onScriptCallbackEvent(net.runelite.api.events.ScriptCallbackEvent), priority=0.0, lambda=net.runelite.client.plugins.spellbook.SpellbookPlugin$$Lambda/0x00000001007b4c60@1b98597d)
2026-04-17 18:24:37 GMT [AWT-EventQueue-0] DEBUG n.runelite.client.eventbus.EventBus - Registering class net.runelite.client.events.ProfileChanged - EventBus.Subscriber(object=net.runelite.client.plugins.spellbook.SpellbookPlugin@bc6288b, method=public void net.runelite.client.plugins.spellbook.SpellbookPlugin.onProfileChanged(net.runelite.client.events.ProfileChanged), priority=0.0, lambda=net.runelite.client.plugins.spellbook.SpellbookPlugin$$Lambda/0x00000001007b8000@7f9e56fe)
2026-04-17 18:24:37 GMT [AWT-EventQueue-0] DEBUG n.runelite.client.eventbus.EventBus - Registering class net.runelite.api.events.ScriptPreFired - EventBus.Subscriber(object=net.runelite.client.plugins.spellbook.SpellbookPlugin@bc6288b, method=public void net.runelite.client.plugins.spellbook.SpellbookPlugin.onScriptPreFired(net.runelite.api.events.ScriptPreFired), priority=0.0, lambda=net.runelite.client.plugins.spellbook.SpellbookPlugin$$Lambda/0x00000001007b8238@41d41d7f)
2026-04-17 18:24:37 GMT [AWT-EventQueue-0] DEBUG n.runelite.client.eventbus.EventBus - Registering class net.runelite.api.events.WidgetDrag - EventBus.Subscriber(object=net.runelite.client.plugins.spellbook.SpellbookPlugin@bc6288b, method=public void net.runelite.client.plugins.spellbook.SpellbookPlugin.onWidgetDrag(net.runelite.api.events.WidgetDrag), priority=0.0, lambda=net.runelite.client.plugins.spellbook.SpellbookPlugin$$Lambda/0x00000001007b8470@6d2915e7)
2026-04-17 18:24:37 GMT [AWT-EventQueue-0] DEBUG n.r.client.plugins.PluginManager - Plugin TimersAndBuffsPlugin is now running
2026-04-17 18:24:37 GMT [AWT-EventQueue-0] DEBUG n.runelite.client.eventbus.EventBus - Registering class net.runelite.api.events.GameStateChanged - EventBus.Subscriber(object=net.runelite.client.plugins.timersandbuffs.TimersAndBuffsPlugin@2d760326, method=public void net.runelite.client.plugins.timersandbuffs.TimersAndBuffsPlugin.onGameStateChanged(net.runelite.api.events.GameStateChanged), priority=0.0, lambda=net.runelite.client.plugins.timersandbuffs.TimersAndBuffsPlugin$$Lambda/0x00000001007b88b0@4ab4a187)
2026-04-17 18:24:37 GMT [AWT-EventQueue-0] DEBUG n.runelite.client.eventbus.EventBus - Registering class net.runelite.client.events.ConfigChanged - EventBus.Subscriber(object=net.runelite.client.plugins.timersandbuffs.TimersAndBuffsPlugin@2d760326, method=public void net.runelite.client.plugins.timersandbuffs.TimersAndBuffsPlugin.onConfigChanged(net.runelite.client.events.ConfigChanged), priority=0.0, lambda=net.runelite.client.plugins.timersandbuffs.TimersAndBuffsPlugin$$Lambda/0x00000001007b8ae8@5d2b46ed)
2026-04-17 18:24:37 GMT [AWT-EventQueue-0] DEBUG n.runelite.client.eventbus.EventBus - Registering class net.runelite.api.events.ItemContainerChanged - EventBus.Subscriber(object=net.runelite.client.plugins.timersandbuffs.TimersAndBuffsPlugin@2d760326, method=public void net.runelite.client.plugins.timersandbuffs.TimersAndBuffsPlugin.onItemContainerChanged(net.runelite.api.events.ItemContainerChanged), priority=0.0, lambda=net.runelite.client.plugins.timersandbuffs.TimersAndBuffsPlugin$$Lambda/0x00000001007b8d20@6501a84c)
2026-04-17 18:24:37 GMT [AWT-EventQueue-0] DEBUG n.runelite.client.eventbus.EventBus - Registering class net.runelite.api.events.VarbitChanged - EventBus.Subscriber(object=net.runelite.client.plugins.timersandbuffs.TimersAndBuffsPlugin@2d760326, method=public void net.runelite.client.plugins.timersandbuffs.TimersAndBuffsPlugin.onVarbitChanged(net.runelite.api.events.VarbitChanged), priority=0.0, lambda=net.runelite.client.plugins.timersandbuffs.TimersAndBuffsPlugin$$Lambda/0x00000001007b8f58@eaa1bf1)
2026-04-17 18:24:37 GMT [AWT-EventQueue-0] DEBUG n.runelite.client.eventbus.EventBus - Registering class net.runelite.api.events.GraphicChanged - EventBus.Subscriber(object=net.runelite.client.plugins.timersandbuffs.TimersAndBuffsPlugin@2d760326, method=public void net.runelite.client.plugins.timersandbuffs.TimersAndBuffsPlugin.onGraphicChanged(net.runelite.api.events.GraphicChanged), priority=0.0, lambda=net.runelite.client.plugins.timersandbuffs.TimersAndBuffsPlugin$$Lambda/0x00000001007b9190@582959e0)
2026-04-17 18:24:37 GMT [AWT-EventQueue-0] DEBUG n.runelite.client.eventbus.EventBus - Registering class net.runelite.api.events.NpcDespawned - EventBus.Subscriber(object=net.runelite.client.plugins.timersandbuffs.TimersAndBuffsPlugin@2d760326, method=public void net.runelite.client.plugins.timersandbuffs.TimersAndBuffsPlugin.onNpcDespawned(net.runelite.api.events.NpcDespawned), priority=0.0, lambda=net.runelite.client.plugins.timersandbuffs.TimersAndBuffsPlugin$$Lambda/0x00000001007b93c8@6f3d610)
2026-04-17 18:24:37 GMT [AWT-EventQueue-0] DEBUG n.runelite.client.eventbus.EventBus - Registering class net.runelite.api.events.GameTick - EventBus.Subscriber(object=net.runelite.client.plugins.timersandbuffs.TimersAndBuffsPlugin@2d760326, method=public void net.runelite.client.plugins.timersandbuffs.TimersAndBuffsPlugin.onGameTick(net.runelite.api.events.GameTick), priority=0.0, lambda=net.runelite.client.plugins.timersandbuffs.TimersAndBuffsPlugin$$Lambda/0x00000001007b9600@328038e9)
2026-04-17 18:24:37 GMT [AWT-EventQueue-0] DEBUG n.runelite.client.eventbus.EventBus - Registering class net.runelite.api.events.NpcSpawned - EventBus.Subscriber(object=net.runelite.client.plugins.timersandbuffs.TimersAndBuffsPlugin@2d760326, method=void net.runelite.client.plugins.timersandbuffs.TimersAndBuffsPlugin.onNpcSpawned(net.runelite.api.events.NpcSpawned), priority=0.0, lambda=net.runelite.client.plugins.timersandbuffs.TimersAndBuffsPlugin$$Lambda/0x00000001007b9838@33c14e86)
2026-04-17 18:24:37 GMT [AWT-EventQueue-0] DEBUG n.runelite.client.eventbus.EventBus - Registering class net.runelite.api.events.ChatMessage - EventBus.Subscriber(object=net.runelite.client.plugins.timersandbuffs.TimersAndBuffsPlugin@2d760326, method=public void net.runelite.client.plugins.timersandbuffs.TimersAndBuffsPlugin.onChatMessage(net.runelite.api.events.ChatMessage), priority=0.0, lambda=net.runelite.client.plugins.timersandbuffs.TimersAndBuffsPlugin$$Lambda/0x00000001007b9a70@45f74af)
2026-04-17 18:24:37 GMT [AWT-EventQueue-0] DEBUG n.runelite.client.eventbus.EventBus - Registering class net.runelite.api.events.NpcChanged - EventBus.Subscriber(object=net.runelite.client.plugins.timersandbuffs.TimersAndBuffsPlugin@2d760326, method=void net.runelite.client.plugins.timersandbuffs.TimersAndBuffsPlugin.onNpcChanged(net.runelite.api.events.NpcChanged), priority=0.0, lambda=net.runelite.client.plugins.timersandbuffs.TimersAndBuffsPlugin$$Lambda/0x00000001007b9ca8@44c58980)
2026-04-17 18:24:37 GMT [AWT-EventQueue-0] DEBUG n.runelite.client.eventbus.EventBus - Registering class net.runelite.api.events.ActorDeath - EventBus.Subscriber(object=net.runelite.client.plugins.timersandbuffs.TimersAndBuffsPlugin@2d760326, method=public void net.runelite.client.plugins.timersandbuffs.TimersAndBuffsPlugin.onActorDeath(net.runelite.api.events.ActorDeath), priority=0.0, lambda=net.runelite.client.plugins.timersandbuffs.TimersAndBuffsPlugin$$Lambda/0x00000001007b9ee0@56282a90)
2026-04-17 18:24:37 GMT [AWT-EventQueue-0] DEBUG n.r.client.game.SkillIconManager - Loading skill icon from /skill_icons_small/attack.png
2026-04-17 18:24:37 GMT [AWT-EventQueue-0] DEBUG n.r.client.game.SkillIconManager - Loading skill icon from /skill_icons_small/defence.png
2026-04-17 18:24:37 GMT [AWT-EventQueue-0] DEBUG n.r.client.game.SkillIconManager - Loading skill icon from /skill_icons_small/strength.png
2026-04-17 18:24:37 GMT [AWT-EventQueue-0] DEBUG n.r.client.game.SkillIconManager - Loading skill icon from /skill_icons_small/hitpoints.png
2026-04-17 18:24:37 GMT [AWT-EventQueue-0] DEBUG n.r.client.game.SkillIconManager - Loading skill icon from /skill_icons_small/ranged.png
2026-04-17 18:24:37 GMT [AWT-EventQueue-0] DEBUG n.r.client.game.SkillIconManager - Loading skill icon from /skill_icons_small/prayer.png
2026-04-17 18:24:37 GMT [AWT-EventQueue-0] DEBUG n.r.client.game.SkillIconManager - Loading skill icon from /skill_icons_small/magic.png
2026-04-17 18:24:37 GMT [AWT-EventQueue-0] DEBUG n.r.client.game.SkillIconManager - Loading skill icon from /skill_icons_small/cooking.png
2026-04-17 18:24:37 GMT [AWT-EventQueue-0] DEBUG n.r.client.game.SkillIconManager - Loading skill icon from /skill_icons_small/woodcutting.png
2026-04-17 18:24:37 GMT [AWT-EventQueue-0] DEBUG n.r.client.game.SkillIconManager - Loading skill icon from /skill_icons_small/fletching.png
2026-04-17 18:24:37 GMT [AWT-EventQueue-0] DEBUG n.r.client.game.SkillIconManager - Loading skill icon from /skill_icons_small/fishing.png
2026-04-17 18:24:37 GMT [AWT-EventQueue-0] DEBUG n.r.client.game.SkillIconManager - Loading skill icon from /skill_icons_small/firemaking.png
2026-04-17 18:24:37 GMT [AWT-EventQueue-0] DEBUG n.r.client.game.SkillIconManager - Loading skill icon from /skill_icons_small/crafting.png
2026-04-17 18:24:37 GMT [AWT-EventQueue-0] DEBUG n.r.client.game.SkillIconManager - Loading skill icon from /skill_icons_small/smithing.png
2026-04-17 18:24:37 GMT [AWT-EventQueue-0] DEBUG n.r.client.game.SkillIconManager - Loading skill icon from /skill_icons_small/mining.png
2026-04-17 18:24:37 GMT [AWT-EventQueue-0] DEBUG n.r.client.game.SkillIconManager - Loading skill icon from /skill_icons_small/herblore.png
2026-04-17 18:24:37 GMT [AWT-EventQueue-0] DEBUG n.r.client.game.SkillIconManager - Loading skill icon from /skill_icons_small/agility.png
2026-04-17 18:24:37 GMT [AWT-EventQueue-0] DEBUG n.r.client.game.SkillIconManager - Loading skill icon from /skill_icons_small/thieving.png
2026-04-17 18:24:37 GMT [AWT-EventQueue-0] DEBUG n.r.client.game.SkillIconManager - Loading skill icon from /skill_icons_small/slayer.png
2026-04-17 18:24:37 GMT [AWT-EventQueue-0] DEBUG n.r.client.game.SkillIconManager - Loading skill icon from /skill_icons_small/farming.png
2026-04-17 18:24:37 GMT [AWT-EventQueue-0] DEBUG n.r.client.game.SkillIconManager - Loading skill icon from /skill_icons_small/runecraft.png
2026-04-17 18:24:37 GMT [AWT-EventQueue-0] DEBUG n.r.client.game.SkillIconManager - Loading skill icon from /skill_icons_small/hunter.png
2026-04-17 18:24:37 GMT [AWT-EventQueue-0] DEBUG n.r.client.game.SkillIconManager - Loading skill icon from /skill_icons_small/construction.png
2026-04-17 18:24:37 GMT [AWT-EventQueue-0] DEBUG n.r.client.game.SkillIconManager - Loading skill icon from /skill_icons_small/sailing.png
2026-04-17 18:24:37 GMT [AWT-EventQueue-0] DEBUG n.r.client.plugins.PluginManager - Plugin XpTrackerPlugin is now running
2026-04-17 18:24:37 GMT [AWT-EventQueue-0] DEBUG n.runelite.client.eventbus.EventBus - Registering class net.runelite.api.events.GameStateChanged - EventBus.Subscriber(object=net.runelite.client.plugins.xptracker.XpTrackerPlugin@5b5ac798, method=public void net.runelite.client.plugins.xptracker.XpTrackerPlugin.onGameStateChanged(net.runelite.api.events.GameStateChanged), priority=0.0, lambda=net.runelite.client.plugins.xptracker.XpTrackerPlugin$$Lambda/0x00000001007bf670@7591c55e)
2026-04-17 18:24:37 GMT [AWT-EventQueue-0] DEBUG n.runelite.client.eventbus.EventBus - Registering class net.runelite.api.events.MenuEntryAdded - EventBus.Subscriber(object=net.runelite.client.plugins.xptracker.XpTrackerPlugin@5b5ac798, method=public void net.runelite.client.plugins.xptracker.XpTrackerPlugin.onMenuEntryAdded(net.runelite.api.events.MenuEntryAdded), priority=0.0, lambda=net.runelite.client.plugins.xptracker.XpTrackerPlugin$$Lambda/0x00000001007bf8a8@4b02986a)
2026-04-17 18:24:37 GMT [AWT-EventQueue-0] DEBUG n.runelite.client.eventbus.EventBus - Registering class net.runelite.client.events.ClientShutdown - EventBus.Subscriber(object=net.runelite.client.plugins.xptracker.XpTrackerPlugin@5b5ac798, method=public void net.runelite.client.plugins.xptracker.XpTrackerPlugin.onClientShutdown(net.runelite.client.events.ClientShutdown), priority=0.0, lambda=net.runelite.client.plugins.xptracker.XpTrackerPlugin$$Lambda/0x00000001007bfae0@1299257f)
2026-04-17 18:24:37 GMT [AWT-EventQueue-0] DEBUG n.runelite.client.eventbus.EventBus - Registering class net.runelite.client.events.RuneScapeProfileChanged - EventBus.Subscriber(object=net.runelite.client.plugins.xptracker.XpTrackerPlugin@5b5ac798, method=public void net.runelite.client.plugins.xptracker.XpTrackerPlugin.onRuneScapeProfileChanged(net.runelite.client.events.RuneScapeProfileChanged), priority=0.0, lambda=net.runelite.client.plugins.xptracker.XpTrackerPlugin$$Lambda/0x00000001007bfd18@463710c8)
2026-04-17 18:24:37 GMT [AWT-EventQueue-0] DEBUG n.runelite.client.eventbus.EventBus - Registering class net.runelite.api.events.StatChanged - EventBus.Subscriber(object=net.runelite.client.plugins.xptracker.XpTrackerPlugin@5b5ac798, method=public void net.runelite.client.plugins.xptracker.XpTrackerPlugin.onStatChanged(net.runelite.api.events.StatChanged), priority=0.0, lambda=net.runelite.client.plugins.xptracker.XpTrackerPlugin$$Lambda/0x00000001007c0000@3912dd02)
2026-04-17 18:24:37 GMT [AWT-EventQueue-0] DEBUG n.runelite.client.eventbus.EventBus - Registering class net.runelite.api.events.GameTick - EventBus.Subscriber(object=net.runelite.client.plugins.xptracker.XpTrackerPlugin@5b5ac798, method=public void net.runelite.client.plugins.xptracker.XpTrackerPlugin.onGameTick(net.runelite.api.events.GameTick), priority=0.0, lambda=net.runelite.client.plugins.xptracker.XpTrackerPlugin$$Lambda/0x00000001007c0238@16f72f92)
2026-04-17 18:24:37 GMT [AWT-EventQueue-0] DEBUG n.r.client.plugins.PluginManager - Scheduled task ScheduledMethod(schedule=@net.runelite.client.task.Schedule(asynchronous=false, period=1L, unit=SECONDS), method=public void net.runelite.client.plugins.xptracker.XpTrackerPlugin.tickSkillTimes(), object=net.runelite.client.plugins.xptracker.XpTrackerPlugin@5b5ac798, lambda=net.runelite.client.plugins.xptracker.XpTrackerPlugin$$Lambda/0x00000001007c0470@17f267b, last=2026-04-17T18:24:37.430347976Z)
2026-04-17 18:24:37 GMT [AWT-EventQueue-0] DEBUG n.r.client.plugins.PluginManager - Scheduled task ScheduledMethod(schedule=@net.runelite.client.task.Schedule(asynchronous=true, period=1L, unit=MINUTES), method=public void net.runelite.client.plugins.xptracker.XpTrackerPlugin.tickStateSave(), object=net.runelite.client.plugins.xptracker.XpTrackerPlugin@5b5ac798, lambda=net.runelite.client.plugins.xptracker.XpTrackerPlugin$$Lambda/0x00000001007c0698@fdcd0c3, last=2026-04-17T18:24:37.431357822Z)
2026-04-17 18:24:37 GMT [AWT-EventQueue-0] DEBUG n.r.client.plugins.PluginManager - Plugin AgilityPlugin is now running
2026-04-17 18:24:37 GMT [AWT-EventQueue-0] DEBUG n.runelite.client.eventbus.EventBus - Registering class net.runelite.api.events.GameStateChanged - EventBus.Subscriber(object=net.runelite.client.plugins.agility.AgilityPlugin@3f5156a6, method=public void net.runelite.client.plugins.agility.AgilityPlugin.onGameStateChanged(net.runelite.api.events.GameStateChanged), priority=0.0, lambda=net.runelite.client.plugins.agility.AgilityPlugin$$Lambda/0x00000001007c08c0@fa09447)
2026-04-17 18:24:37 GMT [AWT-EventQueue-0] DEBUG n.runelite.client.eventbus.EventBus - Registering class net.runelite.client.events.ConfigChanged - EventBus.Subscriber(object=net.runelite.client.plugins.agility.AgilityPlugin@3f5156a6, method=public void net.runelite.client.plugins.agility.AgilityPlugin.onConfigChanged(net.runelite.client.events.ConfigChanged), priority=0.0, lambda=net.runelite.client.plugins.agility.AgilityPlugin$$Lambda/0x00000001007c0af8@26c4e521)
2026-04-17 18:24:37 GMT [AWT-EventQueue-0] DEBUG n.runelite.client.eventbus.EventBus - Registering class net.runelite.api.events.WallObjectSpawned - EventBus.Subscriber(object=net.runelite.client.plugins.agility.AgilityPlugin@3f5156a6, method=public void net.runelite.client.plugins.agility.AgilityPlugin.onWallObjectSpawned(net.runelite.api.events.WallObjectSpawned), priority=0.0, lambda=net.runelite.client.plugins.agility.AgilityPlugin$$Lambda/0x00000001007c0d30@4c4a8740)
2026-04-17 18:24:37 GMT [AWT-EventQueue-0] DEBUG n.runelite.client.eventbus.EventBus - Registering class net.runelite.api.events.GameObjectDespawned - EventBus.Subscriber(object=net.runelite.client.plugins.agility.AgilityPlugin@3f5156a6, method=public void net.runelite.client.plugins.agility.AgilityPlugin.onGameObjectDespawned(net.runelite.api.events.GameObjectDespawned), priority=0.0, lambda=net.runelite.client.plugins.agility.AgilityPlugin$$Lambda/0x00000001007c0f68@3fe6116c)
2026-04-17 18:24:37 GMT [AWT-EventQueue-0] DEBUG n.runelite.client.eventbus.EventBus - Registering class net.runelite.api.events.VarbitChanged - EventBus.Subscriber(object=net.runelite.client.plugins.agility.AgilityPlugin@3f5156a6, method=public void net.runelite.client.plugins.agility.AgilityPlugin.onVarbitChanged(net.runelite.api.events.VarbitChanged), priority=0.0, lambda=net.runelite.client.plugins.agility.AgilityPlugin$$Lambda/0x00000001007c11a0@79191d03)
2026-04-17 18:24:37 GMT [AWT-EventQueue-0] DEBUG n.runelite.client.eventbus.EventBus - Registering class net.runelite.api.events.GroundObjectSpawned - EventBus.Subscriber(object=net.runelite.client.plugins.agility.AgilityPlugin@3f5156a6, method=public void net.runelite.client.plugins.agility.AgilityPlugin.onGroundObjectSpawned(net.runelite.api.events.GroundObjectSpawned), priority=0.0, lambda=net.runelite.client.plugins.agility.AgilityPlugin$$Lambda/0x00000001007c13d8@182c2b2b)
2026-04-17 18:24:37 GMT [AWT-EventQueue-0] DEBUG n.runelite.client.eventbus.EventBus - Registering class net.runelite.api.events.WallObjectDespawned - EventBus.Subscriber(object=net.runelite.client.plugins.agility.AgilityPlugin@3f5156a6, method=public void net.runelite.client.plugins.agility.AgilityPlugin.onWallObjectDespawned(net.runelite.api.events.WallObjectDespawned), priority=0.0, lambda=net.runelite.client.plugins.agility.AgilityPlugin$$Lambda/0x00000001007c1610@4744b234)
2026-04-17 18:24:37 GMT [AWT-EventQueue-0] DEBUG n.runelite.client.eventbus.EventBus - Registering class net.runelite.api.events.GameObjectSpawned - EventBus.Subscriber(object=net.runelite.client.plugins.agility.AgilityPlugin@3f5156a6, method=public void net.runelite.client.plugins.agility.AgilityPlugin.onGameObjectSpawned(net.runelite.api.events.GameObjectSpawned), priority=0.0, lambda=net.runelite.client.plugins.agility.AgilityPlugin$$Lambda/0x00000001007c1848@584e15be)
2026-04-17 18:24:37 GMT [AWT-EventQueue-0] DEBUG n.runelite.client.eventbus.EventBus - Registering class net.runelite.api.events.ItemDespawned - EventBus.Subscriber(object=net.runelite.client.plugins.agility.AgilityPlugin@3f5156a6, method=public void net.runelite.client.plugins.agility.AgilityPlugin.onItemDespawned(net.runelite.api.events.ItemDespawned), priority=0.0, lambda=net.runelite.client.plugins.agility.AgilityPlugin$$Lambda/0x00000001007c1a80@6eeec320)
2026-04-17 18:24:37 GMT [AWT-EventQueue-0] DEBUG n.runelite.client.eventbus.EventBus - Registering class net.runelite.api.events.DecorativeObjectDespawned - EventBus.Subscriber(object=net.runelite.client.plugins.agility.AgilityPlugin@3f5156a6, method=public void net.runelite.client.plugins.agility.AgilityPlugin.onDecorativeObjectDespawned(net.runelite.api.events.DecorativeObjectDespawned), priority=0.0, lambda=net.runelite.client.plugins.agility.AgilityPlugin$$Lambda/0x00000001007c1cb8@7768d87b)
2026-04-17 18:24:37 GMT [AWT-EventQueue-0] DEBUG n.runelite.client.eventbus.EventBus - Registering class net.runelite.api.events.DecorativeObjectSpawned - EventBus.Subscriber(object=net.runelite.client.plugins.agility.AgilityPlugin@3f5156a6, method=public void net.runelite.client.plugins.agility.AgilityPlugin.onDecorativeObjectSpawned(net.runelite.api.events.DecorativeObjectSpawned), priority=0.0, lambda=net.runelite.client.plugins.agility.AgilityPlugin$$Lambda/0x00000001007c1ef0@2bb66cfe)
2026-04-17 18:24:37 GMT [AWT-EventQueue-0] DEBUG n.runelite.client.eventbus.EventBus - Registering class net.runelite.api.events.GroundObjectDespawned - EventBus.Subscriber(object=net.runelite.client.plugins.agility.AgilityPlugin@3f5156a6, method=public void net.runelite.client.plugins.agility.AgilityPlugin.onGroundObjectDespawned(net.runelite.api.events.GroundObjectDespawned), priority=0.0, lambda=net.runelite.client.plugins.agility.AgilityPlugin$$Lambda/0x00000001007c2128@5b60b70d)
2026-04-17 18:24:37 GMT [AWT-EventQueue-0] DEBUG n.runelite.client.eventbus.EventBus - Registering class net.runelite.api.events.NpcDespawned - EventBus.Subscriber(object=net.runelite.client.plugins.agility.AgilityPlugin@3f5156a6, method=public void net.runelite.client.plugins.agility.AgilityPlugin.onNpcDespawned(net.runelite.api.events.NpcDespawned), priority=0.0, lambda=net.runelite.client.plugins.agility.AgilityPlugin$$Lambda/0x00000001007c27c8@3a7aa15d)
2026-04-17 18:24:37 GMT [AWT-EventQueue-0] DEBUG n.runelite.client.eventbus.EventBus - Registering class net.runelite.api.events.StatChanged - EventBus.Subscriber(object=net.runelite.client.plugins.agility.AgilityPlugin@3f5156a6, method=public void net.runelite.client.plugins.agility.AgilityPlugin.onStatChanged(net.runelite.api.events.StatChanged), priority=0.0, lambda=net.runelite.client.plugins.agility.AgilityPlugin$$Lambda/0x00000001007c2a00@5eb51bb6)
2026-04-17 18:24:37 GMT [AWT-EventQueue-0] DEBUG n.runelite.client.eventbus.EventBus - Registering class net.runelite.api.events.ItemSpawned - EventBus.Subscriber(object=net.runelite.client.plugins.agility.AgilityPlugin@3f5156a6, method=public void net.runelite.client.plugins.agility.AgilityPlugin.onItemSpawned(net.runelite.api.events.ItemSpawned), priority=0.0, lambda=net.runelite.client.plugins.agility.AgilityPlugin$$Lambda/0x00000001007c2c38@c6765c2)
2026-04-17 18:24:37 GMT [AWT-EventQueue-0] DEBUG n.runelite.client.eventbus.EventBus - Registering class net.runelite.api.events.GameTick - EventBus.Subscriber(object=net.runelite.client.plugins.agility.AgilityPlugin@3f5156a6, method=public void net.runelite.client.plugins.agility.AgilityPlugin.onGameTick(net.runelite.api.events.GameTick), priority=0.0, lambda=net.runelite.client.plugins.agility.AgilityPlugin$$Lambda/0x00000001007c2e70@62b16938)
2026-04-17 18:24:37 GMT [AWT-EventQueue-0] DEBUG n.runelite.client.eventbus.EventBus - Registering class net.runelite.api.events.NpcSpawned - EventBus.Subscriber(object=net.runelite.client.plugins.agility.AgilityPlugin@3f5156a6, method=public void net.runelite.client.plugins.agility.AgilityPlugin.onNpcSpawned(net.runelite.api.events.NpcSpawned), priority=0.0, lambda=net.runelite.client.plugins.agility.AgilityPlugin$$Lambda/0x00000001007c30a8@74932405)
2026-04-17 18:24:37 GMT [AWT-EventQueue-0] DEBUG n.r.client.plugins.PluginManager - Plugin SmeltingPlugin is now running
2026-04-17 18:24:37 GMT [AWT-EventQueue-0] DEBUG n.runelite.client.eventbus.EventBus - Registering class net.runelite.api.events.GameTick - EventBus.Subscriber(object=net.runelite.client.plugins.smelting.SmeltingPlugin@fb49fdf, method=public void net.runelite.client.plugins.smelting.SmeltingPlugin.onGameTick(net.runelite.api.events.GameTick), priority=0.0, lambda=net.runelite.client.plugins.smelting.SmeltingPlugin$$Lambda/0x00000001007c32e0@4184aeca)
2026-04-17 18:24:37 GMT [AWT-EventQueue-0] DEBUG n.runelite.client.eventbus.EventBus - Registering class net.runelite.api.events.ChatMessage - EventBus.Subscriber(object=net.runelite.client.plugins.smelting.SmeltingPlugin@fb49fdf, method=public void net.runelite.client.plugins.smelting.SmeltingPlugin.onChatMessage(net.runelite.api.events.ChatMessage), priority=0.0, lambda=net.runelite.client.plugins.smelting.SmeltingPlugin$$Lambda/0x00000001007c3518@178ff31c)
2026-04-17 18:24:37 GMT [AWT-EventQueue-0] DEBUG n.r.client.plugins.PluginManager - Plugin CookingPlugin is now running
2026-04-17 18:24:37 GMT [AWT-EventQueue-0] DEBUG n.runelite.client.eventbus.EventBus - Registering class net.runelite.api.events.GraphicChanged - EventBus.Subscriber(object=net.runelite.client.plugins.cooking.CookingPlugin@6d091cad, method=public void net.runelite.client.plugins.cooking.CookingPlugin.onGraphicChanged(net.runelite.api.events.GraphicChanged), priority=0.0, lambda=net.runelite.client.plugins.cooking.CookingPlugin$$Lambda/0x00000001007c3750@5a0a98cc)
2026-04-17 18:24:37 GMT [AWT-EventQueue-0] DEBUG n.runelite.client.eventbus.EventBus - Registering class net.runelite.api.events.GameTick - EventBus.Subscriber(object=net.runelite.client.plugins.cooking.CookingPlugin@6d091cad, method=public void net.runelite.client.plugins.cooking.CookingPlugin.onGameTick(net.runelite.api.events.GameTick), priority=0.0, lambda=net.runelite.client.plugins.cooking.CookingPlugin$$Lambda/0x00000001007c3988@66b6e91e)
2026-04-17 18:24:37 GMT [AWT-EventQueue-0] DEBUG n.runelite.client.eventbus.EventBus - Registering class net.runelite.api.events.ChatMessage - EventBus.Subscriber(object=net.runelite.client.plugins.cooking.CookingPlugin@6d091cad, method=public void net.runelite.client.plugins.cooking.CookingPlugin.onChatMessage(net.runelite.api.events.ChatMessage), priority=0.0, lambda=net.runelite.client.plugins.cooking.CookingPlugin$$Lambda/0x00000001007c3bc0@322b8881)
2026-04-17 18:24:37 GMT [AWT-EventQueue-0] DEBUG n.r.client.plugins.PluginManager - Plugin FishingPlugin is now running
2026-04-17 18:24:37 GMT [AWT-EventQueue-0] DEBUG n.runelite.client.eventbus.EventBus - Registering class net.runelite.api.events.GameStateChanged - EventBus.Subscriber(object=net.runelite.client.plugins.fishing.FishingPlugin@1d4fb213, method=public void net.runelite.client.plugins.fishing.FishingPlugin.onGameStateChanged(net.runelite.api.events.GameStateChanged), priority=0.0, lambda=net.runelite.client.plugins.fishing.FishingPlugin$$Lambda/0x00000001007c3df8@22ea64df)
2026-04-17 18:24:37 GMT [AWT-EventQueue-0] DEBUG n.runelite.client.eventbus.EventBus - Registering class net.runelite.api.events.ItemContainerChanged - EventBus.Subscriber(object=net.runelite.client.plugins.fishing.FishingPlugin@1d4fb213, method=public void net.runelite.client.plugins.fishing.FishingPlugin.onItemContainerChanged(net.runelite.api.events.ItemContainerChanged), priority=0.0, lambda=net.runelite.client.plugins.fishing.FishingPlugin$$Lambda/0x00000001007c4030@3daa4ea5)
2026-04-17 18:24:37 GMT [AWT-EventQueue-0] DEBUG n.runelite.client.eventbus.EventBus - Registering class net.runelite.api.events.InteractingChanged - EventBus.Subscriber(object=net.runelite.client.plugins.fishing.FishingPlugin@1d4fb213, method=public void net.runelite.client.plugins.fishing.FishingPlugin.onInteractingChanged(net.runelite.api.events.InteractingChanged), priority=0.0, lambda=net.runelite.client.plugins.fishing.FishingPlugin$$Lambda/0x00000001007c4268@13e0b025)
2026-04-17 18:24:37 GMT [AWT-EventQueue-0] DEBUG n.runelite.client.eventbus.EventBus - Registering class net.runelite.api.events.WidgetLoaded - EventBus.Subscriber(object=net.runelite.client.plugins.fishing.FishingPlugin@1d4fb213, method=public void net.runelite.client.plugins.fishing.FishingPlugin.onWidgetLoaded(net.runelite.api.events.WidgetLoaded), priority=0.0, lambda=net.runelite.client.plugins.fishing.FishingPlugin$$Lambda/0x00000001007c44a0@72abde4b)
2026-04-17 18:24:37 GMT [AWT-EventQueue-0] DEBUG n.runelite.client.eventbus.EventBus - Registering class net.runelite.api.events.NpcDespawned - EventBus.Subscriber(object=net.runelite.client.plugins.fishing.FishingPlugin@1d4fb213, method=public void net.runelite.client.plugins.fishing.FishingPlugin.onNpcDespawned(net.runelite.api.events.NpcDespawned), priority=0.0, lambda=net.runelite.client.plugins.fishing.FishingPlugin$$Lambda/0x00000001007c46d8@696d8ee9)
2026-04-17 18:24:37 GMT [AWT-EventQueue-0] DEBUG n.runelite.client.eventbus.EventBus - Registering class net.runelite.api.events.GameTick - EventBus.Subscriber(object=net.runelite.client.plugins.fishing.FishingPlugin@1d4fb213, method=public void net.runelite.client.plugins.fishing.FishingPlugin.onGameTick(net.runelite.api.events.GameTick), priority=0.0, lambda=net.runelite.client.plugins.fishing.FishingPlugin$$Lambda/0x00000001007c4910@3e44f6c)
2026-04-17 18:24:37 GMT [AWT-EventQueue-0] DEBUG n.runelite.client.eventbus.EventBus - Registering class net.runelite.api.events.NpcSpawned - EventBus.Subscriber(object=net.runelite.client.plugins.fishing.FishingPlugin@1d4fb213, method=public void net.runelite.client.plugins.fishing.FishingPlugin.onNpcSpawned(net.runelite.api.events.NpcSpawned), priority=0.0, lambda=net.runelite.client.plugins.fishing.FishingPlugin$$Lambda/0x00000001007c4b48@2a8899ba)
2026-04-17 18:24:37 GMT [AWT-EventQueue-0] DEBUG n.runelite.client.eventbus.EventBus - Registering class net.runelite.api.events.ChatMessage - EventBus.Subscriber(object=net.runelite.client.plugins.fishing.FishingPlugin@1d4fb213, method=public void net.runelite.client.plugins.fishing.FishingPlugin.onChatMessage(net.runelite.api.events.ChatMessage), priority=0.0, lambda=net.runelite.client.plugins.fishing.FishingPlugin$$Lambda/0x00000001007c4d80@282e8b44)
2026-04-17 18:24:37 GMT [AWT-EventQueue-0] DEBUG n.r.client.plugins.PluginManager - Plugin PuzzleSolverPlugin is now running
2026-04-17 18:24:37 GMT [AWT-EventQueue-0] DEBUG n.runelite.client.eventbus.EventBus - Registering class net.runelite.api.events.MenuOptionClicked - EventBus.Subscriber(object=net.runelite.client.plugins.puzzlesolver.PuzzleSolverPlugin@2954f6ab, method=public void net.runelite.client.plugins.puzzlesolver.PuzzleSolverPlugin.onMenuOptionClicked(net.runelite.api.events.MenuOptionClicked), priority=0.0, lambda=net.runelite.client.plugins.puzzlesolver.PuzzleSolverPlugin$$Lambda/0x00000001007c4fb8@5384f918)
2026-04-17 18:24:37 GMT [AWT-EventQueue-0] DEBUG n.runelite.client.eventbus.EventBus - Registering class net.runelite.api.events.WidgetLoaded - EventBus.Subscriber(object=net.runelite.client.plugins.puzzlesolver.PuzzleSolverPlugin@2954f6ab, method=public void net.runelite.client.plugins.puzzlesolver.PuzzleSolverPlugin.onWidgetLoaded(net.runelite.api.events.WidgetLoaded), priority=0.0, lambda=net.runelite.client.plugins.puzzlesolver.PuzzleSolverPlugin$$Lambda/0x00000001007c51f0@7e56459)
2026-04-17 18:24:37 GMT [AWT-EventQueue-0] DEBUG n.runelite.client.eventbus.EventBus - Registering class net.runelite.api.events.GameTick - EventBus.Subscriber(object=net.runelite.client.plugins.puzzlesolver.PuzzleSolverPlugin@2954f6ab, method=public void net.runelite.client.plugins.puzzlesolver.PuzzleSolverPlugin.onGameTick(net.runelite.api.events.GameTick), priority=0.0, lambda=net.runelite.client.plugins.puzzlesolver.PuzzleSolverPlugin$$Lambda/0x00000001007c5428@3122a6fb)
2026-04-17 18:24:37 GMT [AWT-EventQueue-0] DEBUG n.r.client.plugins.PluginManager - Plugin LootTrackerPlugin is now running
2026-04-17 18:24:37 GMT [AWT-EventQueue-0] DEBUG n.runelite.client.eventbus.EventBus - Registering class net.runelite.api.events.GameStateChanged - EventBus.Subscriber(object=net.runelite.client.plugins.loottracker.LootTrackerPlugin@5c9934da, method=public void net.runelite.client.plugins.loottracker.LootTrackerPlugin.onGameStateChanged(net.runelite.api.events.GameStateChanged), priority=0.0, lambda=net.runelite.client.plugins.loottracker.LootTrackerPlugin$$Lambda/0x00000001007c8688@23d042b3)
2026-04-17 18:24:37 GMT [AWT-EventQueue-0] DEBUG n.runelite.client.eventbus.EventBus - Registering class net.runelite.client.events.ConfigChanged - EventBus.Subscriber(object=net.runelite.client.plugins.loottracker.LootTrackerPlugin@5c9934da, method=public void net.runelite.client.plugins.loottracker.LootTrackerPlugin.onConfigChanged(net.runelite.client.events.ConfigChanged), priority=0.0, lambda=net.runelite.client.plugins.loottracker.LootTrackerPlugin$$Lambda/0x00000001007c88c0@b8056f1)
2026-04-17 18:24:37 GMT [AWT-EventQueue-0] DEBUG n.runelite.client.eventbus.EventBus - Registering class net.runelite.client.events.ClientShutdown - EventBus.Subscriber(object=net.runelite.client.plugins.loottracker.LootTrackerPlugin@5c9934da, method=public void net.runelite.client.plugins.loottracker.LootTrackerPlugin.onClientShutdown(net.runelite.client.events.ClientShutdown), priority=0.0, lambda=net.runelite.client.plugins.loottracker.LootTrackerPlugin$$Lambda/0x00000001007c8af8@a9c9d80)
2026-04-17 18:24:37 GMT [AWT-EventQueue-0] DEBUG n.runelite.client.eventbus.EventBus - Registering class net.runelite.api.events.MenuOptionClicked - EventBus.Subscriber(object=net.runelite.client.plugins.loottracker.LootTrackerPlugin@5c9934da, method=public void net.runelite.client.plugins.loottracker.LootTrackerPlugin.onMenuOptionClicked(net.runelite.api.events.MenuOptionClicked), priority=0.0, lambda=net.runelite.client.plugins.loottracker.LootTrackerPlugin$$Lambda/0x00000001007c8d30@102733f9)
2026-04-17 18:24:37 GMT [AWT-EventQueue-0] DEBUG n.runelite.client.eventbus.EventBus - Registering class net.runelite.api.events.ItemContainerChanged - EventBus.Subscriber(object=net.runelite.client.plugins.loottracker.LootTrackerPlugin@5c9934da, method=public void net.runelite.client.plugins.loottracker.LootTrackerPlugin.onItemContainerChanged(net.runelite.api.events.ItemContainerChanged), priority=0.0, lambda=net.runelite.client.plugins.loottracker.LootTrackerPlugin$$Lambda/0x00000001007c8f68@11123020)
2026-04-17 18:24:37 GMT [AWT-EventQueue-0] DEBUG n.runelite.client.eventbus.EventBus - Registering class net.runelite.api.events.ScriptPreFired - EventBus.Subscriber(object=net.runelite.client.plugins.loottracker.LootTrackerPlugin@5c9934da, method=public void net.runelite.client.plugins.loottracker.LootTrackerPlugin.onScriptPreFired(net.runelite.api.events.ScriptPreFired), priority=0.0, lambda=net.runelite.client.plugins.loottracker.LootTrackerPlugin$$Lambda/0x00000001007c91a0@6f024e56)
2026-04-17 18:24:37 GMT [AWT-EventQueue-0] DEBUG n.runelite.client.eventbus.EventBus - Registering class net.runelite.api.events.PostClientTick - EventBus.Subscriber(object=net.runelite.client.plugins.loottracker.LootTrackerPlugin@5c9934da, method=public void net.runelite.client.plugins.loottracker.LootTrackerPlugin.onPostClientTick(net.runelite.api.events.PostClientTick), priority=0.0, lambda=net.runelite.client.plugins.loottracker.LootTrackerPlugin$$Lambda/0x00000001007c93d8@76924618)
2026-04-17 18:24:37 GMT [AWT-EventQueue-0] DEBUG n.runelite.client.eventbus.EventBus - Registering class net.runelite.client.plugins.loottracker.PluginLootReceived - EventBus.Subscriber(object=net.runelite.client.plugins.loottracker.LootTrackerPlugin@5c9934da, method=public void net.runelite.client.plugins.loottracker.LootTrackerPlugin.onPluginLootReceived(net.runelite.client.plugins.loottracker.PluginLootReceived), priority=0.0, lambda=net.runelite.client.plugins.loottracker.LootTrackerPlugin$$Lambda/0x00000001007c9610@557ed95f)
2026-04-17 18:24:37 GMT [AWT-EventQueue-0] DEBUG n.runelite.client.eventbus.EventBus - Registering class net.runelite.client.events.ServerNpcLoot - EventBus.Subscriber(object=net.runelite.client.plugins.loottracker.LootTrackerPlugin@5c9934da, method=public void net.runelite.client.plugins.loottracker.LootTrackerPlugin.onServerNpcLoot(net.runelite.client.events.ServerNpcLoot), priority=0.0, lambda=net.runelite.client.plugins.loottracker.LootTrackerPlugin$$Lambda/0x00000001007c9848@481e0686)
2026-04-17 18:24:37 GMT [AWT-EventQueue-0] DEBUG n.runelite.client.eventbus.EventBus - Registering class net.runelite.client.events.PlayerLootReceived - EventBus.Subscriber(object=net.runelite.client.plugins.loottracker.LootTrackerPlugin@5c9934da, method=public void net.runelite.client.plugins.loottracker.LootTrackerPlugin.onPlayerLootReceived(net.runelite.client.events.PlayerLootReceived), priority=0.0, lambda=net.runelite.client.plugins.loottracker.LootTrackerPlugin$$Lambda/0x00000001007c9a80@595ffbd1)
2026-04-17 18:24:37 GMT [AWT-EventQueue-0] DEBUG n.runelite.client.eventbus.EventBus - Registering class net.runelite.client.events.RuneScapeProfileChanged - EventBus.Subscriber(object=net.runelite.client.plugins.loottracker.LootTrackerPlugin@5c9934da, method=public void net.runelite.client.plugins.loottracker.LootTrackerPlugin.onRuneScapeProfileChanged(net.runelite.client.events.RuneScapeProfileChanged), priority=0.0, lambda=net.runelite.client.plugins.loottracker.LootTrackerPlugin$$Lambda/0x00000001007c9cb8@cc421fc)
2026-04-17 18:24:37 GMT [AWT-EventQueue-0] DEBUG n.runelite.client.eventbus.EventBus - Registering class net.runelite.client.events.SessionOpen - EventBus.Subscriber(object=net.runelite.client.plugins.loottracker.LootTrackerPlugin@5c9934da, method=public void net.runelite.client.plugins.loottracker.LootTrackerPlugin.onSessionOpen(net.runelite.client.events.SessionOpen), priority=0.0, lambda=net.runelite.client.plugins.loottracker.LootTrackerPlugin$$Lambda/0x00000001007c9ef0@131dc2c6)
2026-04-17 18:24:37 GMT [AWT-EventQueue-0] DEBUG n.runelite.client.eventbus.EventBus - Registering class net.runelite.client.events.SessionClose - EventBus.Subscriber(object=net.runelite.client.plugins.loottracker.LootTrackerPlugin@5c9934da, method=public void net.runelite.client.plugins.loottracker.LootTrackerPlugin.onSessionClose(net.runelite.client.events.SessionClose), priority=0.0, lambda=net.runelite.client.plugins.loottracker.LootTrackerPlugin$$Lambda/0x00000001007ca128@3b765b17)
2026-04-17 18:24:37 GMT [AWT-EventQueue-0] DEBUG n.runelite.client.eventbus.EventBus - Registering class net.runelite.api.events.WidgetLoaded - EventBus.Subscriber(object=net.runelite.client.plugins.loottracker.LootTrackerPlugin@5c9934da, method=public void net.runelite.client.plugins.loottracker.LootTrackerPlugin.onWidgetLoaded(net.runelite.api.events.WidgetLoaded), priority=0.0, lambda=net.runelite.client.plugins.loottracker.LootTrackerPlugin$$Lambda/0x00000001007ca360@22681cc3)
2026-04-17 18:24:37 GMT [AWT-EventQueue-0] DEBUG n.runelite.client.eventbus.EventBus - Registering class net.runelite.api.events.ChatMessage - EventBus.Subscriber(object=net.runelite.client.plugins.loottracker.LootTrackerPlugin@5c9934da, method=public void net.runelite.client.plugins.loottracker.LootTrackerPlugin.onChatMessage(net.runelite.api.events.ChatMessage), priority=0.0, lambda=net.runelite.client.plugins.loottracker.LootTrackerPlugin$$Lambda/0x00000001007ca598@3f545fdf)
2026-04-17 18:24:37 GMT [AWT-EventQueue-0] DEBUG n.runelite.client.eventbus.EventBus - Registering class net.runelite.client.events.ConfigSync - EventBus.Subscriber(object=net.runelite.client.plugins.loottracker.LootTrackerPlugin@5c9934da, method=public void net.runelite.client.plugins.loottracker.LootTrackerPlugin.onConfigSync(net.runelite.client.events.ConfigSync), priority=0.0, lambda=net.runelite.client.plugins.loottracker.LootTrackerPlugin$$Lambda/0x00000001007ca7d0@757ee0da)
2026-04-17 18:24:37 GMT [AWT-EventQueue-0] DEBUG n.r.client.plugins.PluginManager - Plugin RegenMeterPlugin is now running
2026-04-17 18:24:37 GMT [AWT-EventQueue-0] DEBUG n.runelite.client.eventbus.EventBus - Registering class net.runelite.api.events.GameStateChanged - EventBus.Subscriber(object=net.runelite.client.plugins.regenmeter.RegenMeterPlugin@441fbe89, method=private void net.runelite.client.plugins.regenmeter.RegenMeterPlugin.onGameStateChanged(net.runelite.api.events.GameStateChanged), priority=0.0, lambda=net.runelite.client.plugins.regenmeter.RegenMeterPlugin$$Lambda/0x00000001007caa08@67104d70)
2026-04-17 18:24:37 GMT [AWT-EventQueue-0] DEBUG n.runelite.client.eventbus.EventBus - Registering class net.runelite.api.events.ItemContainerChanged - EventBus.Subscriber(object=net.runelite.client.plugins.regenmeter.RegenMeterPlugin@441fbe89, method=public void net.runelite.client.plugins.regenmeter.RegenMeterPlugin.onItemContainerChanged(net.runelite.api.events.ItemContainerChanged), priority=0.0, lambda=net.runelite.client.plugins.regenmeter.RegenMeterPlugin$$Lambda/0x00000001007cac40@108624fd)
2026-04-17 18:24:37 GMT [AWT-EventQueue-0] DEBUG n.runelite.client.eventbus.EventBus - Registering class net.runelite.api.events.VarbitChanged - EventBus.Subscriber(object=net.runelite.client.plugins.regenmeter.RegenMeterPlugin@441fbe89, method=private void net.runelite.client.plugins.regenmeter.RegenMeterPlugin.onVarbitChanged(net.runelite.api.events.VarbitChanged), priority=0.0, lambda=net.runelite.client.plugins.regenmeter.RegenMeterPlugin$$Lambda/0x00000001007cae78@332f84c3)
2026-04-17 18:24:37 GMT [AWT-EventQueue-0] DEBUG n.runelite.client.eventbus.EventBus - Registering class net.runelite.api.events.GameTick - EventBus.Subscriber(object=net.runelite.client.plugins.regenmeter.RegenMeterPlugin@441fbe89, method=public void net.runelite.client.plugins.regenmeter.RegenMeterPlugin.onGameTick(net.runelite.api.events.GameTick), priority=0.0, lambda=net.runelite.client.plugins.regenmeter.RegenMeterPlugin$$Lambda/0x00000001007cb0b0@63ce7f06)
2026-04-17 18:24:37 GMT [AWT-EventQueue-0] DEBUG net.runelite.client.input.KeyManager - Registering key listener: net.runelite.client.plugins.raids.RaidsPlugin$1@2a01ad5c
2026-04-17 18:24:37 GMT [AWT-EventQueue-0] DEBUG n.r.client.plugins.PluginManager - Plugin RaidsPlugin is now running
2026-04-17 18:24:37 GMT [AWT-EventQueue-0] DEBUG n.runelite.client.eventbus.EventBus - Registering class net.runelite.api.events.GameStateChanged - EventBus.Subscriber(object=net.runelite.client.plugins.raids.RaidsPlugin@2404b5a, method=public void net.runelite.client.plugins.raids.RaidsPlugin.onGameStateChanged(net.runelite.api.events.GameStateChanged), priority=0.0, lambda=net.runelite.client.plugins.raids.RaidsPlugin$$Lambda/0x00000001007cb9a0@90fb534)
2026-04-17 18:24:37 GMT [AWT-EventQueue-0] DEBUG n.runelite.client.eventbus.EventBus - Registering class net.runelite.client.events.ConfigChanged - EventBus.Subscriber(object=net.runelite.client.plugins.raids.RaidsPlugin@2404b5a, method=public void net.runelite.client.plugins.raids.RaidsPlugin.onConfigChanged(net.runelite.client.events.ConfigChanged), priority=0.0, lambda=net.runelite.client.plugins.raids.RaidsPlugin$$Lambda/0x00000001007cbbd8@47a8a05d)
2026-04-17 18:24:37 GMT [AWT-EventQueue-0] DEBUG n.runelite.client.eventbus.EventBus - Registering class net.runelite.api.events.VarbitChanged - EventBus.Subscriber(object=net.runelite.client.plugins.raids.RaidsPlugin@2404b5a, method=public void net.runelite.client.plugins.raids.RaidsPlugin.onVarbitChanged(net.runelite.api.events.VarbitChanged), priority=0.0, lambda=net.runelite.client.plugins.raids.RaidsPlugin$$Lambda/0x00000001007cbe10@7fb9d540)
2026-04-17 18:24:37 GMT [AWT-EventQueue-0] DEBUG n.runelite.client.eventbus.EventBus - Registering class net.runelite.api.events.ChatMessage - EventBus.Subscriber(object=net.runelite.client.plugins.raids.RaidsPlugin@2404b5a, method=public void net.runelite.client.plugins.raids.RaidsPlugin.onChatMessage(net.runelite.api.events.ChatMessage), priority=0.0, lambda=net.runelite.client.plugins.raids.RaidsPlugin$$Lambda/0x00000001007cc048@39630301)
2026-04-17 18:24:37 GMT [AWT-EventQueue-0] DEBUG n.r.client.plugins.PluginManager - Plugin SkillCalculatorPlugin is now running
2026-04-17 18:24:37 GMT [AWT-EventQueue-0] DEBUG n.runelite.client.eventbus.EventBus - Registering class net.runelite.api.events.WorldChanged - EventBus.Subscriber(object=net.runelite.client.plugins.skillcalculator.SkillCalculatorPlugin@294f9d50, method=public void net.runelite.client.plugins.skillcalculator.SkillCalculatorPlugin.onWorldChanged(net.runelite.api.events.WorldChanged), priority=0.0, lambda=net.runelite.client.plugins.skillcalculator.SkillCalculatorPlugin$$Lambda/0x00000001007de4e8@49a11e5e)
2026-04-17 18:24:37 GMT [AWT-EventQueue-0] DEBUG net.runelite.client.input.KeyManager - Registering key listener: net.runelite.client.plugins.bank.BankPlugin$1@53667fd8
2026-04-17 18:24:37 GMT [AWT-EventQueue-0] DEBUG n.r.client.plugins.PluginManager - Plugin BankPlugin is now running
2026-04-17 18:24:37 GMT [AWT-EventQueue-0] DEBUG n.runelite.client.eventbus.EventBus - Registering class net.runelite.api.events.MenuEntryAdded - EventBus.Subscriber(object=net.runelite.client.plugins.bank.BankPlugin@36ab3814, method=public void net.runelite.client.plugins.bank.BankPlugin.onMenuEntryAdded(net.runelite.api.events.MenuEntryAdded), priority=0.0, lambda=net.runelite.client.plugins.bank.BankPlugin$$Lambda/0x00000001007de720@78071c3)
2026-04-17 18:24:37 GMT [AWT-EventQueue-0] DEBUG n.runelite.client.eventbus.EventBus - Registering class net.runelite.api.events.ScriptCallbackEvent - EventBus.Subscriber(object=net.runelite.client.plugins.bank.BankPlugin@36ab3814, method=public void net.runelite.client.plugins.bank.BankPlugin.onScriptCallbackEvent(net.runelite.api.events.ScriptCallbackEvent), priority=0.0, lambda=net.runelite.client.plugins.bank.BankPlugin$$Lambda/0x00000001007de958@18689d4)
2026-04-17 18:24:37 GMT [AWT-EventQueue-0] DEBUG n.runelite.client.eventbus.EventBus - Registering class net.runelite.api.events.ItemContainerChanged - EventBus.Subscriber(object=net.runelite.client.plugins.bank.BankPlugin@36ab3814, method=public void net.runelite.client.plugins.bank.BankPlugin.onItemContainerChanged(net.runelite.api.events.ItemContainerChanged), priority=0.0, lambda=net.runelite.client.plugins.bank.BankPlugin$$Lambda/0x00000001007deb90@59dffa2e)
2026-04-17 18:24:37 GMT [AWT-EventQueue-0] DEBUG n.runelite.client.eventbus.EventBus - Registering class net.runelite.api.events.ScriptPostFired - EventBus.Subscriber(object=net.runelite.client.plugins.bank.BankPlugin@36ab3814, method=public void net.runelite.client.plugins.bank.BankPlugin.onScriptPostFired(net.runelite.api.events.ScriptPostFired), priority=0.0, lambda=net.runelite.client.plugins.bank.BankPlugin$$Lambda/0x00000001007dedc8@78dc2192)
2026-04-17 18:24:37 GMT [AWT-EventQueue-0] DEBUG n.runelite.client.eventbus.EventBus - Registering class net.runelite.api.events.ScriptPreFired - EventBus.Subscriber(object=net.runelite.client.plugins.bank.BankPlugin@36ab3814, method=public void net.runelite.client.plugins.bank.BankPlugin.onScriptPreFired(net.runelite.api.events.ScriptPreFired), priority=1.0, lambda=net.runelite.client.plugins.bank.BankPlugin$$Lambda/0x00000001007df000@2fe1b95c)
2026-04-17 18:24:37 GMT [AWT-EventQueue-0] DEBUG n.runelite.client.eventbus.EventBus - Registering class net.runelite.api.events.MenuShouldLeftClick - EventBus.Subscriber(object=net.runelite.client.plugins.bank.BankPlugin@36ab3814, method=public void net.runelite.client.plugins.bank.BankPlugin.onMenuShouldLeftClick(net.runelite.api.events.MenuShouldLeftClick), priority=0.0, lambda=net.runelite.client.plugins.bank.BankPlugin$$Lambda/0x00000001007df238@7504ae50)
2026-04-17 18:24:37 GMT [AWT-EventQueue-0] DEBUG n.runelite.client.eventbus.EventBus - Registering class net.runelite.api.events.WidgetLoaded - EventBus.Subscriber(object=net.runelite.client.plugins.bank.BankPlugin@36ab3814, method=public void net.runelite.client.plugins.bank.BankPlugin.onWidgetLoaded(net.runelite.api.events.WidgetLoaded), priority=0.0, lambda=net.runelite.client.plugins.bank.BankPlugin$$Lambda/0x00000001007df470@1762cf2d)
2026-04-17 18:24:37 GMT [AWT-EventQueue-0] DEBUG n.r.client.plugins.PluginManager - Plugin XpDropPlugin is now running
2026-04-17 18:24:37 GMT [AWT-EventQueue-0] DEBUG n.runelite.client.eventbus.EventBus - Registering class net.runelite.api.events.ScriptPreFired - EventBus.Subscriber(object=net.runelite.client.plugins.xpdrop.XpDropPlugin@2703d91, method=public void net.runelite.client.plugins.xpdrop.XpDropPlugin.onScriptPreFired(net.runelite.api.events.ScriptPreFired), priority=0.0, lambda=net.runelite.client.plugins.xpdrop.XpDropPlugin$$Lambda/0x00000001007df6a8@2dc3e345)
2026-04-17 18:24:37 GMT [AWT-EventQueue-0] DEBUG n.runelite.client.eventbus.EventBus - Registering class net.runelite.api.events.StatChanged - EventBus.Subscriber(object=net.runelite.client.plugins.xpdrop.XpDropPlugin@2703d91, method=public void net.runelite.client.plugins.xpdrop.XpDropPlugin.onStatChanged(net.runelite.api.events.StatChanged), priority=0.0, lambda=net.runelite.client.plugins.xpdrop.XpDropPlugin$$Lambda/0x00000001007df8e0@6d0f0518)
2026-04-17 18:24:37 GMT [AWT-EventQueue-0] DEBUG n.runelite.client.eventbus.EventBus - Registering class net.runelite.api.events.GameTick - EventBus.Subscriber(object=net.runelite.client.plugins.xpdrop.XpDropPlugin@2703d91, method=public void net.runelite.client.plugins.xpdrop.XpDropPlugin.onGameTick(net.runelite.api.events.GameTick), priority=0.0, lambda=net.runelite.client.plugins.xpdrop.XpDropPlugin$$Lambda/0x00000001007dfb18@7c202bd1)
2026-04-17 18:24:37 GMT [AWT-EventQueue-0] DEBUG n.r.client.plugins.PluginManager - Plugin PoisonPlugin is now running
2026-04-17 18:24:37 GMT [AWT-EventQueue-0] DEBUG n.runelite.client.eventbus.EventBus - Registering class net.runelite.client.events.ConfigChanged - EventBus.Subscriber(object=net.runelite.client.plugins.poison.PoisonPlugin@3b332962, method=public void net.runelite.client.plugins.poison.PoisonPlugin.onConfigChanged(net.runelite.client.events.ConfigChanged), priority=0.0, lambda=net.runelite.client.plugins.poison.PoisonPlugin$$Lambda/0x00000001007dfd50@ffe2d54)
2026-04-17 18:24:37 GMT [AWT-EventQueue-0] DEBUG n.runelite.client.eventbus.EventBus - Registering class net.runelite.api.events.VarbitChanged - EventBus.Subscriber(object=net.runelite.client.plugins.poison.PoisonPlugin@3b332962, method=public void net.runelite.client.plugins.poison.PoisonPlugin.onVarbitChanged(net.runelite.api.events.VarbitChanged), priority=0.0, lambda=net.runelite.client.plugins.poison.PoisonPlugin$$Lambda/0x00000001007e0000@65a5bdcb)
2026-04-17 18:24:37 GMT [AWT-EventQueue-0] DEBUG n.r.client.plugins.PluginManager - Plugin DefaultWorldPlugin is now running
2026-04-17 18:24:37 GMT [AWT-EventQueue-0] DEBUG n.runelite.client.eventbus.EventBus - Registering class net.runelite.api.events.WorldChanged - EventBus.Subscriber(object=net.runelite.client.plugins.defaultworld.DefaultWorldPlugin@642a16aa, method=public void net.runelite.client.plugins.defaultworld.DefaultWorldPlugin.onWorldChanged(net.runelite.api.events.WorldChanged), priority=0.0, lambda=net.runelite.client.plugins.defaultworld.DefaultWorldPlugin$$Lambda/0x00000001007e0460@48a566e)
2026-04-17 18:24:37 GMT [AWT-EventQueue-0] DEBUG net.runelite.client.input.KeyManager - Registering key listener: net.runelite.client.plugins.screenshot.ScreenshotPlugin$1@7c55543
2026-04-17 18:24:37 GMT [AWT-EventQueue-0] DEBUG n.r.client.plugins.PluginManager - Plugin ScreenshotPlugin is now running
2026-04-17 18:24:37 GMT [AWT-EventQueue-0] DEBUG n.runelite.client.eventbus.EventBus - Registering class net.runelite.api.events.ScriptCallbackEvent - EventBus.Subscriber(object=net.runelite.client.plugins.screenshot.ScreenshotPlugin@46e3559f, method=public void net.runelite.client.plugins.screenshot.ScreenshotPlugin.onScriptCallbackEvent(net.runelite.api.events.ScriptCallbackEvent), priority=0.0, lambda=net.runelite.client.plugins.screenshot.ScreenshotPlugin$$Lambda/0x00000001007e0ae0@1815734f)
2026-04-17 18:24:37 GMT [AWT-EventQueue-0] DEBUG n.runelite.client.eventbus.EventBus - Registering class net.runelite.api.events.ScriptPostFired - EventBus.Subscriber(object=net.runelite.client.plugins.screenshot.ScreenshotPlugin@46e3559f, method=public void net.runelite.client.plugins.screenshot.ScreenshotPlugin.onScriptPostFired(net.runelite.api.events.ScriptPostFired), priority=0.0, lambda=net.runelite.client.plugins.screenshot.ScreenshotPlugin$$Lambda/0x00000001007e0d18@44f820a3)
2026-04-17 18:24:37 GMT [AWT-EventQueue-0] DEBUG n.runelite.client.eventbus.EventBus - Registering class net.runelite.api.events.ScriptPreFired - EventBus.Subscriber(object=net.runelite.client.plugins.screenshot.ScreenshotPlugin@46e3559f, method=public void net.runelite.client.plugins.screenshot.ScreenshotPlugin.onScriptPreFired(net.runelite.api.events.ScriptPreFired), priority=0.0, lambda=net.runelite.client.plugins.screenshot.ScreenshotPlugin$$Lambda/0x00000001007e0f50@7e2dc0a3)
2026-04-17 18:24:37 GMT [AWT-EventQueue-0] DEBUG n.runelite.client.eventbus.EventBus - Registering class net.runelite.api.events.PostClientTick - EventBus.Subscriber(object=net.runelite.client.plugins.screenshot.ScreenshotPlugin@46e3559f, method=private void net.runelite.client.plugins.screenshot.ScreenshotPlugin.onPostClientTick(net.runelite.api.events.PostClientTick), priority=0.0, lambda=net.runelite.client.plugins.screenshot.ScreenshotPlugin$$Lambda/0x00000001007e1188@46f5375e)
2026-04-17 18:24:37 GMT [AWT-EventQueue-0] DEBUG n.runelite.client.eventbus.EventBus - Registering class net.runelite.api.events.AnimationChanged - EventBus.Subscriber(object=net.runelite.client.plugins.screenshot.ScreenshotPlugin@46e3559f, method=public void net.runelite.client.plugins.screenshot.ScreenshotPlugin.onAnimationChanged(net.runelite.api.events.AnimationChanged), priority=0.0, lambda=net.runelite.client.plugins.screenshot.ScreenshotPlugin$$Lambda/0x00000001007e13c0@11f1c1f2)
2026-04-17 18:24:37 GMT [AWT-EventQueue-0] DEBUG n.runelite.client.eventbus.EventBus - Registering class net.runelite.client.events.PlayerLootReceived - EventBus.Subscriber(object=net.runelite.client.plugins.screenshot.ScreenshotPlugin@46e3559f, method=public void net.runelite.client.plugins.screenshot.ScreenshotPlugin.onPlayerLootReceived(net.runelite.client.events.PlayerLootReceived), priority=0.0, lambda=net.runelite.client.plugins.screenshot.ScreenshotPlugin$$Lambda/0x00000001007e15f8@5225ce1b)
2026-04-17 18:24:37 GMT [AWT-EventQueue-0] DEBUG n.runelite.client.eventbus.EventBus - Registering class net.runelite.api.events.WidgetLoaded - EventBus.Subscriber(object=net.runelite.client.plugins.screenshot.ScreenshotPlugin@46e3559f, method=public void net.runelite.client.plugins.screenshot.ScreenshotPlugin.onWidgetLoaded(net.runelite.api.events.WidgetLoaded), priority=0.0, lambda=net.runelite.client.plugins.screenshot.ScreenshotPlugin$$Lambda/0x00000001007e1830@5c81d28)
2026-04-17 18:24:37 GMT [AWT-EventQueue-0] DEBUG n.runelite.client.eventbus.EventBus - Registering class net.runelite.api.events.GameTick - EventBus.Subscriber(object=net.runelite.client.plugins.screenshot.ScreenshotPlugin@46e3559f, method=public void net.runelite.client.plugins.screenshot.ScreenshotPlugin.onGameTick(net.runelite.api.events.GameTick), priority=0.0, lambda=net.runelite.client.plugins.screenshot.ScreenshotPlugin$$Lambda/0x00000001007e1a68@6e7a8125)
2026-04-17 18:24:37 GMT [AWT-EventQueue-0] DEBUG n.runelite.client.eventbus.EventBus - Registering class net.runelite.api.events.ChatMessage - EventBus.Subscriber(object=net.runelite.client.plugins.screenshot.ScreenshotPlugin@46e3559f, method=public void net.runelite.client.plugins.screenshot.ScreenshotPlugin.onChatMessage(net.runelite.api.events.ChatMessage), priority=0.0, lambda=net.runelite.client.plugins.screenshot.ScreenshotPlugin$$Lambda/0x00000001007e1ca0@7c6e1131)
2026-04-17 18:24:37 GMT [AWT-EventQueue-0] DEBUG n.runelite.client.eventbus.EventBus - Registering class net.runelite.api.events.ActorDeath - EventBus.Subscriber(object=net.runelite.client.plugins.screenshot.ScreenshotPlugin@46e3559f, method=public void net.runelite.client.plugins.screenshot.ScreenshotPlugin.onActorDeath(net.runelite.api.events.ActorDeath), priority=0.0, lambda=net.runelite.client.plugins.screenshot.ScreenshotPlugin$$Lambda/0x00000001007e1ed8@4afbda84)
2026-04-17 18:24:37 GMT [AWT-EventQueue-0] DEBUG net.runelite.client.input.KeyManager - Registering key listener: net.runelite.client.plugins.grounditems.GroundItemHotkeyListener@4f4b1d59
2026-04-17 18:24:37 GMT [AWT-EventQueue-0] DEBUG n.r.client.plugins.PluginManager - Plugin GroundItemsPlugin is now running
2026-04-17 18:24:37 GMT [AWT-EventQueue-0] DEBUG n.runelite.client.eventbus.EventBus - Registering class net.runelite.client.events.ConfigChanged - EventBus.Subscriber(object=net.runelite.client.plugins.grounditems.GroundItemsPlugin@399ca607, method=public void net.runelite.client.plugins.grounditems.GroundItemsPlugin.onConfigChanged(net.runelite.client.events.ConfigChanged), priority=0.0, lambda=net.runelite.client.plugins.grounditems.GroundItemsPlugin$$Lambda/0x00000001007e3238@77950d74)
2026-04-17 18:24:37 GMT [AWT-EventQueue-0] DEBUG n.runelite.client.eventbus.EventBus - Registering class net.runelite.api.events.MenuEntryAdded - EventBus.Subscriber(object=net.runelite.client.plugins.grounditems.GroundItemsPlugin@399ca607, method=public void net.runelite.client.plugins.grounditems.GroundItemsPlugin.onMenuEntryAdded(net.runelite.api.events.MenuEntryAdded), priority=0.0, lambda=net.runelite.client.plugins.grounditems.GroundItemsPlugin$$Lambda/0x00000001007e3470@e746d39)
2026-04-17 18:24:37 GMT [AWT-EventQueue-0] DEBUG n.runelite.client.eventbus.EventBus - Registering class net.runelite.client.events.ProfileChanged - EventBus.Subscriber(object=net.runelite.client.plugins.grounditems.GroundItemsPlugin@399ca607, method=public void net.runelite.client.plugins.grounditems.GroundItemsPlugin.onProfileChanged(net.runelite.client.events.ProfileChanged), priority=0.0, lambda=net.runelite.client.plugins.grounditems.GroundItemsPlugin$$Lambda/0x00000001007e36a8@4c9c3679)
2026-04-17 18:24:37 GMT [AWT-EventQueue-0] DEBUG n.runelite.client.eventbus.EventBus - Registering class net.runelite.api.events.ItemDespawned - EventBus.Subscriber(object=net.runelite.client.plugins.grounditems.GroundItemsPlugin@399ca607, method=public void net.runelite.client.plugins.grounditems.GroundItemsPlugin.onItemDespawned(net.runelite.api.events.ItemDespawned), priority=0.0, lambda=net.runelite.client.plugins.grounditems.GroundItemsPlugin$$Lambda/0x00000001007e38e0@1a4cadb4)
2026-04-17 18:24:37 GMT [AWT-EventQueue-0] DEBUG n.runelite.client.eventbus.EventBus - Registering class net.runelite.api.events.WorldViewUnloaded - EventBus.Subscriber(object=net.runelite.client.plugins.grounditems.GroundItemsPlugin@399ca607, method=public void net.runelite.client.plugins.grounditems.GroundItemsPlugin.onWorldViewUnloaded(net.runelite.api.events.WorldViewUnloaded), priority=0.0, lambda=net.runelite.client.plugins.grounditems.GroundItemsPlugin$$Lambda/0x00000001007e3b18@4f353f34)
2026-04-17 18:24:37 GMT [AWT-EventQueue-0] DEBUG n.runelite.client.eventbus.EventBus - Registering class net.runelite.api.events.ItemQuantityChanged - EventBus.Subscriber(object=net.runelite.client.plugins.grounditems.GroundItemsPlugin@399ca607, method=public void net.runelite.client.plugins.grounditems.GroundItemsPlugin.onItemQuantityChanged(net.runelite.api.events.ItemQuantityChanged), priority=0.0, lambda=net.runelite.client.plugins.grounditems.GroundItemsPlugin$$Lambda/0x00000001007e3d50@675ec087)
2026-04-17 18:24:37 GMT [AWT-EventQueue-0] DEBUG n.runelite.client.eventbus.EventBus - Registering class net.runelite.api.events.FocusChanged - EventBus.Subscriber(object=net.runelite.client.plugins.grounditems.GroundItemsPlugin@399ca607, method=public void net.runelite.client.plugins.grounditems.GroundItemsPlugin.onFocusChanged(net.runelite.api.events.FocusChanged), priority=0.0, lambda=net.runelite.client.plugins.grounditems.GroundItemsPlugin$$Lambda/0x00000001007e3f88@5c09623c)
2026-04-17 18:24:37 GMT [AWT-EventQueue-0] DEBUG n.runelite.client.eventbus.EventBus - Registering class net.runelite.api.events.ClientTick - EventBus.Subscriber(object=net.runelite.client.plugins.grounditems.GroundItemsPlugin@399ca607, method=public void net.runelite.client.plugins.grounditems.GroundItemsPlugin.onClientTick(net.runelite.api.events.ClientTick), priority=0.0, lambda=net.runelite.client.plugins.grounditems.GroundItemsPlugin$$Lambda/0x00000001007e41c0@52a4a58e)
2026-04-17 18:24:37 GMT [AWT-EventQueue-0] DEBUG n.runelite.client.eventbus.EventBus - Registering class net.runelite.api.events.ItemSpawned - EventBus.Subscriber(object=net.runelite.client.plugins.grounditems.GroundItemsPlugin@399ca607, method=public void net.runelite.client.plugins.grounditems.GroundItemsPlugin.onItemSpawned(net.runelite.api.events.ItemSpawned), priority=0.0, lambda=net.runelite.client.plugins.grounditems.GroundItemsPlugin$$Lambda/0x00000001007e43f8@669d00bb)
2026-04-17 18:24:37 GMT [AWT-EventQueue-0] DEBUG n.r.client.plugins.PluginManager - Plugin NightmareZonePlugin is now running
2026-04-17 18:24:37 GMT [AWT-EventQueue-0] DEBUG n.runelite.client.eventbus.EventBus - Registering class net.runelite.client.events.ConfigChanged - EventBus.Subscriber(object=net.runelite.client.plugins.nightmarezone.NightmareZonePlugin@7161457, method=public void net.runelite.client.plugins.nightmarezone.NightmareZonePlugin.onConfigChanged(net.runelite.client.events.ConfigChanged), priority=0.0, lambda=net.runelite.client.plugins.nightmarezone.NightmareZonePlugin$$Lambda/0x00000001007e4630@334de036)
2026-04-17 18:24:37 GMT [AWT-EventQueue-0] DEBUG n.runelite.client.eventbus.EventBus - Registering class net.runelite.api.events.BeforeRender - EventBus.Subscriber(object=net.runelite.client.plugins.nightmarezone.NightmareZonePlugin@7161457, method=public void net.runelite.client.plugins.nightmarezone.NightmareZonePlugin.onBeforeRender(net.runelite.api.events.BeforeRender), priority=0.0, lambda=net.runelite.client.plugins.nightmarezone.NightmareZonePlugin$$Lambda/0x00000001007e4868@6218718e)
2026-04-17 18:24:37 GMT [AWT-EventQueue-0] DEBUG n.runelite.client.eventbus.EventBus - Registering class net.runelite.api.events.GameTick - EventBus.Subscriber(object=net.runelite.client.plugins.nightmarezone.NightmareZonePlugin@7161457, method=public void net.runelite.client.plugins.nightmarezone.NightmareZonePlugin.onGameTick(net.runelite.api.events.GameTick), priority=0.0, lambda=net.runelite.client.plugins.nightmarezone.NightmareZonePlugin$$Lambda/0x00000001007e4aa0@2cb989df)
2026-04-17 18:24:37 GMT [AWT-EventQueue-0] DEBUG n.runelite.client.eventbus.EventBus - Registering class net.runelite.api.events.ChatMessage - EventBus.Subscriber(object=net.runelite.client.plugins.nightmarezone.NightmareZonePlugin@7161457, method=public void net.runelite.client.plugins.nightmarezone.NightmareZonePlugin.onChatMessage(net.runelite.api.events.ChatMessage), priority=0.0, lambda=net.runelite.client.plugins.nightmarezone.NightmareZonePlugin$$Lambda/0x00000001007e4cd8@399a4d88)
2026-04-17 18:24:37 GMT [AWT-EventQueue-0] DEBUG net.runelite.client.input.KeyManager - Registering key listener: net.runelite.client.plugins.loginscreen.LoginScreenPlugin@161dd92a
2026-04-17 18:24:37 GMT [AWT-EventQueue-0] DEBUG n.r.client.plugins.PluginManager - Plugin LoginScreenPlugin is now running
2026-04-17 18:24:37 GMT [AWT-EventQueue-0] DEBUG n.runelite.client.eventbus.EventBus - Registering class net.runelite.api.events.GameStateChanged - EventBus.Subscriber(object=net.runelite.client.plugins.loginscreen.LoginScreenPlugin@161dd92a, method=public void net.runelite.client.plugins.loginscreen.LoginScreenPlugin.onGameStateChanged(net.runelite.api.events.GameStateChanged), priority=0.0, lambda=net.runelite.client.plugins.loginscreen.LoginScreenPlugin$$Lambda/0x00000001007e5138@7f23cd36)
2026-04-17 18:24:37 GMT [AWT-EventQueue-0] DEBUG n.runelite.client.eventbus.EventBus - Registering class net.runelite.client.events.ConfigChanged - EventBus.Subscriber(object=net.runelite.client.plugins.loginscreen.LoginScreenPlugin@161dd92a, method=public void net.runelite.client.plugins.loginscreen.LoginScreenPlugin.onConfigChanged(net.runelite.client.events.ConfigChanged), priority=0.0, lambda=net.runelite.client.plugins.loginscreen.LoginScreenPlugin$$Lambda/0x00000001007e5370@14da7e0d)
2026-04-17 18:24:37 GMT [AWT-EventQueue-0] DEBUG n.runelite.client.eventbus.EventBus - Registering class net.runelite.client.events.ProfileChanged - EventBus.Subscriber(object=net.runelite.client.plugins.loginscreen.LoginScreenPlugin@161dd92a, method=public void net.runelite.client.plugins.loginscreen.LoginScreenPlugin.onProfileChanged(net.runelite.client.events.ProfileChanged), priority=0.0, lambda=net.runelite.client.plugins.loginscreen.LoginScreenPlugin$$Lambda/0x00000001007e55a8@515fef0d)
2026-04-17 18:24:37 GMT [AWT-EventQueue-0] DEBUG n.runelite.client.eventbus.EventBus - Registering class net.runelite.api.events.MenuOptionClicked - EventBus.Subscriber(object=net.runelite.client.plugins.crowdsourcing.cooking.CrowdsourcingCooking@32f9fbf5, method=public void net.runelite.client.plugins.crowdsourcing.cooking.CrowdsourcingCooking.onMenuOptionClicked(net.runelite.api.events.MenuOptionClicked), priority=0.0, lambda=net.runelite.client.plugins.crowdsourcing.cooking.CrowdsourcingCooking$$Lambda/0x00000001007e57e0@24e9656c)
2026-04-17 18:24:37 GMT [AWT-EventQueue-0] DEBUG n.runelite.client.eventbus.EventBus - Registering class net.runelite.api.events.ChatMessage - EventBus.Subscriber(object=net.runelite.client.plugins.crowdsourcing.cooking.CrowdsourcingCooking@32f9fbf5, method=public void net.runelite.client.plugins.crowdsourcing.cooking.CrowdsourcingCooking.onChatMessage(net.runelite.api.events.ChatMessage), priority=0.0, lambda=net.runelite.client.plugins.crowdsourcing.cooking.CrowdsourcingCooking$$Lambda/0x00000001007e5a18@596d37c2)
2026-04-17 18:24:37 GMT [AWT-EventQueue-0] DEBUG n.runelite.client.eventbus.EventBus - Registering class net.runelite.api.events.GameTick - EventBus.Subscriber(object=net.runelite.client.plugins.crowdsourcing.dialogue.CrowdsourcingDialogue@4b1b8aa6, method=public void net.runelite.client.plugins.crowdsourcing.dialogue.CrowdsourcingDialogue.onGameTick(net.runelite.api.events.GameTick), priority=0.0, lambda=net.runelite.client.plugins.crowdsourcing.dialogue.CrowdsourcingDialogue$$Lambda/0x00000001007e6200@47fcf1b7)
2026-04-17 18:24:37 GMT [AWT-EventQueue-0] DEBUG n.runelite.client.eventbus.EventBus - Registering class net.runelite.api.events.ChatMessage - EventBus.Subscriber(object=net.runelite.client.plugins.crowdsourcing.dialogue.CrowdsourcingDialogue@4b1b8aa6, method=public void net.runelite.client.plugins.crowdsourcing.dialogue.CrowdsourcingDialogue.onChatMessage(net.runelite.api.events.ChatMessage), priority=0.0, lambda=net.runelite.client.plugins.crowdsourcing.dialogue.CrowdsourcingDialogue$$Lambda/0x00000001007e6698@61f57e06)
2026-04-17 18:24:37 GMT [AWT-EventQueue-0] DEBUG n.runelite.client.eventbus.EventBus - Registering class net.runelite.api.events.ChatMessage - EventBus.Subscriber(object=net.runelite.client.plugins.crowdsourcing.music.CrowdsourcingMusic@567db00f, method=public void net.runelite.client.plugins.crowdsourcing.music.CrowdsourcingMusic.onChatMessage(net.runelite.api.events.ChatMessage), priority=0.0, lambda=net.runelite.client.plugins.crowdsourcing.music.CrowdsourcingMusic$$Lambda/0x00000001007e6ce0@5980ad08)
2026-04-17 18:24:37 GMT [AWT-EventQueue-0] DEBUG n.runelite.client.eventbus.EventBus - Registering class net.runelite.api.events.MenuOptionClicked - EventBus.Subscriber(object=net.runelite.client.plugins.crowdsourcing.thieving.CrowdsourcingThieving@140449b, method=public void net.runelite.client.plugins.crowdsourcing.thieving.CrowdsourcingThieving.onMenuOptionClicked(net.runelite.api.events.MenuOptionClicked), priority=0.0, lambda=net.runelite.client.plugins.crowdsourcing.thieving.CrowdsourcingThieving$$Lambda/0x00000001007e7180@3a067174)
2026-04-17 18:24:37 GMT [AWT-EventQueue-0] DEBUG n.runelite.client.eventbus.EventBus - Registering class net.runelite.api.events.ChatMessage - EventBus.Subscriber(object=net.runelite.client.plugins.crowdsourcing.thieving.CrowdsourcingThieving@140449b, method=public void net.runelite.client.plugins.crowdsourcing.thieving.CrowdsourcingThieving.onChatMessage(net.runelite.api.events.ChatMessage), priority=0.0, lambda=net.runelite.client.plugins.crowdsourcing.thieving.CrowdsourcingThieving$$Lambda/0x00000001007e7780@afa361a)
2026-04-17 18:24:37 GMT [AWT-EventQueue-0] DEBUG n.runelite.client.eventbus.EventBus - Registering class net.runelite.api.events.MenuOptionClicked - EventBus.Subscriber(object=net.runelite.client.plugins.crowdsourcing.woodcutting.CrowdsourcingWoodcutting@9992d4, method=public void net.runelite.client.plugins.crowdsourcing.woodcutting.CrowdsourcingWoodcutting.onMenuOptionClicked(net.runelite.api.events.MenuOptionClicked), priority=0.0, lambda=net.runelite.client.plugins.crowdsourcing.woodcutting.CrowdsourcingWoodcutting$$Lambda/0x00000001007e8000@754055fd)
2026-04-17 18:24:37 GMT [AWT-EventQueue-0] DEBUG n.runelite.client.eventbus.EventBus - Registering class net.runelite.api.events.GameObjectDespawned - EventBus.Subscriber(object=net.runelite.client.plugins.crowdsourcing.woodcutting.CrowdsourcingWoodcutting@9992d4, method=public void net.runelite.client.plugins.crowdsourcing.woodcutting.CrowdsourcingWoodcutting.onGameObjectDespawned(net.runelite.api.events.GameObjectDespawned), priority=0.0, lambda=net.runelite.client.plugins.crowdsourcing.woodcutting.CrowdsourcingWoodcutting$$Lambda/0x00000001007e8648@49515aee)
2026-04-17 18:24:37 GMT [AWT-EventQueue-0] DEBUG n.runelite.client.eventbus.EventBus - Registering class net.runelite.api.events.GameTick - EventBus.Subscriber(object=net.runelite.client.plugins.crowdsourcing.woodcutting.CrowdsourcingWoodcutting@9992d4, method=public void net.runelite.client.plugins.crowdsourcing.woodcutting.CrowdsourcingWoodcutting.onGameTick(net.runelite.api.events.GameTick), priority=0.0, lambda=net.runelite.client.plugins.crowdsourcing.woodcutting.CrowdsourcingWoodcutting$$Lambda/0x00000001007e8c90@728a2cd0)
2026-04-17 18:24:37 GMT [AWT-EventQueue-0] DEBUG n.runelite.client.eventbus.EventBus - Registering class net.runelite.api.events.ChatMessage - EventBus.Subscriber(object=net.runelite.client.plugins.crowdsourcing.woodcutting.CrowdsourcingWoodcutting@9992d4, method=public void net.runelite.client.plugins.crowdsourcing.woodcutting.CrowdsourcingWoodcutting.onChatMessage(net.runelite.api.events.ChatMessage), priority=0.0, lambda=net.runelite.client.plugins.crowdsourcing.woodcutting.CrowdsourcingWoodcutting$$Lambda/0x00000001007e9390@1002473b)
2026-04-17 18:24:37 GMT [AWT-EventQueue-0] DEBUG n.runelite.client.eventbus.EventBus - Registering class net.runelite.api.events.MenuOptionClicked - EventBus.Subscriber(object=net.runelite.client.plugins.crowdsourcing.zmi.CrowdsourcingZMI@25b818d5, method=public void net.runelite.client.plugins.crowdsourcing.zmi.CrowdsourcingZMI.onMenuOptionClicked(net.runelite.api.events.MenuOptionClicked), priority=0.0, lambda=net.runelite.client.plugins.crowdsourcing.zmi.CrowdsourcingZMI$$Lambda/0x00000001007e95c8@491f8e2c)
2026-04-17 18:24:37 GMT [AWT-EventQueue-0] DEBUG n.runelite.client.eventbus.EventBus - Registering class net.runelite.api.events.ItemContainerChanged - EventBus.Subscriber(object=net.runelite.client.plugins.crowdsourcing.zmi.CrowdsourcingZMI@25b818d5, method=public void net.runelite.client.plugins.crowdsourcing.zmi.CrowdsourcingZMI.onItemContainerChanged(net.runelite.api.events.ItemContainerChanged), priority=0.0, lambda=net.runelite.client.plugins.crowdsourcing.zmi.CrowdsourcingZMI$$Lambda/0x00000001007e9800@772eee48)
2026-04-17 18:24:37 GMT [AWT-EventQueue-0] DEBUG n.runelite.client.eventbus.EventBus - Registering class net.runelite.api.events.StatChanged - EventBus.Subscriber(object=net.runelite.client.plugins.crowdsourcing.zmi.CrowdsourcingZMI@25b818d5, method=public void net.runelite.client.plugins.crowdsourcing.zmi.CrowdsourcingZMI.onStatChanged(net.runelite.api.events.StatChanged), priority=0.0, lambda=net.runelite.client.plugins.crowdsourcing.zmi.CrowdsourcingZMI$$Lambda/0x00000001007e9a38@27eeac4c)
2026-04-17 18:24:37 GMT [AWT-EventQueue-0] DEBUG n.runelite.client.eventbus.EventBus - Registering class net.runelite.api.events.ChatMessage - EventBus.Subscriber(object=net.runelite.client.plugins.crowdsourcing.zmi.CrowdsourcingZMI@25b818d5, method=public void net.runelite.client.plugins.crowdsourcing.zmi.CrowdsourcingZMI.onChatMessage(net.runelite.api.events.ChatMessage), priority=0.0, lambda=net.runelite.client.plugins.crowdsourcing.zmi.CrowdsourcingZMI$$Lambda/0x00000001007e9c70@5df38132)
2026-04-17 18:24:37 GMT [AWT-EventQueue-0] DEBUG n.r.client.plugins.PluginManager - Plugin CrowdsourcingPlugin is now running
2026-04-17 18:24:37 GMT [AWT-EventQueue-0] DEBUG n.r.client.plugins.PluginManager - Scheduled task ScheduledMethod(schedule=@net.runelite.client.task.Schedule(asynchronous=true, period=300L, unit=SECONDS), method=public void net.runelite.client.plugins.crowdsourcing.CrowdsourcingPlugin.submitToAPI(), object=net.runelite.client.plugins.crowdsourcing.CrowdsourcingPlugin@2bbb44da, lambda=net.runelite.client.plugins.crowdsourcing.CrowdsourcingPlugin$$Lambda/0x00000001007e7dd0@121fe1f0, last=2026-04-17T18:24:37.832812514Z)
2026-04-17 18:24:37 GMT [AWT-EventQueue-0] DEBUG n.r.client.plugins.PluginManager - Plugin DiaryRequirementsPlugin is now running
2026-04-17 18:24:37 GMT [AWT-EventQueue-0] DEBUG n.runelite.client.eventbus.EventBus - Registering class net.runelite.api.events.WidgetLoaded - EventBus.Subscriber(object=net.runelite.client.plugins.achievementdiary.DiaryRequirementsPlugin@5b39a3e6, method=public void net.runelite.client.plugins.achievementdiary.DiaryRequirementsPlugin.onWidgetLoaded(net.runelite.api.events.WidgetLoaded), priority=0.0, lambda=net.runelite.client.plugins.achievementdiary.DiaryRequirementsPlugin$$Lambda/0x00000001007e9ea8@68add729)
2026-04-17 18:24:37 GMT [AWT-EventQueue-0] DEBUG net.runelite.client.input.KeyManager - Registering key listener: net.runelite.client.plugins.grandexchange.GrandExchangeInputListener@7081c91d
2026-04-17 18:24:37 GMT [AWT-EventQueue-0] DEBUG n.r.client.plugins.PluginManager - Plugin GrandExchangePlugin is now running
2026-04-17 18:24:37 GMT [AWT-EventQueue-0] DEBUG n.runelite.client.eventbus.EventBus - Registering class net.runelite.api.events.GameStateChanged - EventBus.Subscriber(object=net.runelite.client.plugins.grandexchange.GrandExchangePlugin@104dc1a2, method=public void net.runelite.client.plugins.grandexchange.GrandExchangePlugin.onGameStateChanged(net.runelite.api.events.GameStateChanged), priority=0.0, lambda=net.runelite.client.plugins.grandexchange.GrandExchangePlugin$$Lambda/0x00000001007ea9e8@768e45f4)
2026-04-17 18:24:37 GMT [AWT-EventQueue-0] DEBUG n.runelite.client.eventbus.EventBus - Registering class net.runelite.client.events.ConfigChanged - EventBus.Subscriber(object=net.runelite.client.plugins.grandexchange.GrandExchangePlugin@104dc1a2, method=public void net.runelite.client.plugins.grandexchange.GrandExchangePlugin.onConfigChanged(net.runelite.client.events.ConfigChanged), priority=0.0, lambda=net.runelite.client.plugins.grandexchange.GrandExchangePlugin$$Lambda/0x00000001007eac20@8c82cc2)
2026-04-17 18:24:37 GMT [AWT-EventQueue-0] DEBUG n.runelite.client.eventbus.EventBus - Registering class net.runelite.api.events.MenuEntryAdded - EventBus.Subscriber(object=net.runelite.client.plugins.grandexchange.GrandExchangePlugin@104dc1a2, method=public void net.runelite.client.plugins.grandexchange.GrandExchangePlugin.onMenuEntryAdded(net.runelite.api.events.MenuEntryAdded), priority=0.0, lambda=net.runelite.client.plugins.grandexchange.GrandExchangePlugin$$Lambda/0x00000001007eae58@1ae2a375)
2026-04-17 18:24:37 GMT [AWT-EventQueue-0] DEBUG n.runelite.client.eventbus.EventBus - Registering class net.runelite.api.events.ScriptCallbackEvent - EventBus.Subscriber(object=net.runelite.client.plugins.grandexchange.GrandExchangePlugin@104dc1a2, method=public void net.runelite.client.plugins.grandexchange.GrandExchangePlugin.onScriptCallbackEvent(net.runelite.api.events.ScriptCallbackEvent), priority=0.0, lambda=net.runelite.client.plugins.grandexchange.GrandExchangePlugin$$Lambda/0x00000001007eb090@5b23ccfc)
2026-04-17 18:24:37 GMT [AWT-EventQueue-0] DEBUG n.runelite.client.eventbus.EventBus - Registering class net.runelite.api.events.ScriptPostFired - EventBus.Subscriber(object=net.runelite.client.plugins.grandexchange.GrandExchangePlugin@104dc1a2, method=public void net.runelite.client.plugins.grandexchange.GrandExchangePlugin.onScriptPostFired(net.runelite.api.events.ScriptPostFired), priority=0.0, lambda=net.runelite.client.plugins.grandexchange.GrandExchangePlugin$$Lambda/0x00000001007eb2c8@7596dc82)
2026-04-17 18:24:37 GMT [AWT-EventQueue-0] DEBUG n.runelite.client.eventbus.EventBus - Registering class net.runelite.api.events.GrandExchangeSearched - EventBus.Subscriber(object=net.runelite.client.plugins.grandexchange.GrandExchangePlugin@104dc1a2, method=public void net.runelite.client.plugins.grandexchange.GrandExchangePlugin.onGrandExchangeSearched(net.runelite.api.events.GrandExchangeSearched), priority=-100.0, lambda=net.runelite.client.plugins.grandexchange.GrandExchangePlugin$$Lambda/0x00000001007eb500@811806)
2026-04-17 18:24:37 GMT [AWT-EventQueue-0] DEBUG n.runelite.client.eventbus.EventBus - Registering class net.runelite.api.events.GrandExchangeOfferChanged - EventBus.Subscriber(object=net.runelite.client.plugins.grandexchange.GrandExchangePlugin@104dc1a2, method=public void net.runelite.client.plugins.grandexchange.GrandExchangePlugin.onGrandExchangeOfferChanged(net.runelite.api.events.GrandExchangeOfferChanged), priority=0.0, lambda=net.runelite.client.plugins.grandexchange.GrandExchangePlugin$$Lambda/0x00000001007eb738@38a6e52b)
2026-04-17 18:24:37 GMT [AWT-EventQueue-0] DEBUG n.runelite.client.eventbus.EventBus - Registering class net.runelite.client.events.SessionOpen - EventBus.Subscriber(object=net.runelite.client.plugins.grandexchange.GrandExchangePlugin@104dc1a2, method=public void net.runelite.client.plugins.grandexchange.GrandExchangePlugin.onSessionOpen(net.runelite.client.events.SessionOpen), priority=0.0, lambda=net.runelite.client.plugins.grandexchange.GrandExchangePlugin$$Lambda/0x00000001007eb970@766a0f7b)
2026-04-17 18:24:37 GMT [AWT-EventQueue-0] DEBUG n.runelite.client.eventbus.EventBus - Registering class net.runelite.client.events.SessionClose - EventBus.Subscriber(object=net.runelite.client.plugins.grandexchange.GrandExchangePlugin@104dc1a2, method=public void net.runelite.client.plugins.grandexchange.GrandExchangePlugin.onSessionClose(net.runelite.client.events.SessionClose), priority=0.0, lambda=net.runelite.client.plugins.grandexchange.GrandExchangePlugin$$Lambda/0x00000001007ebba8@389c7e38)
2026-04-17 18:24:37 GMT [AWT-EventQueue-0] DEBUG n.runelite.client.eventbus.EventBus - Registering class net.runelite.api.events.FocusChanged - EventBus.Subscriber(object=net.runelite.client.plugins.grandexchange.GrandExchangePlugin@104dc1a2, method=public void net.runelite.client.plugins.grandexchange.GrandExchangePlugin.onFocusChanged(net.runelite.api.events.FocusChanged), priority=0.0, lambda=net.runelite.client.plugins.grandexchange.GrandExchangePlugin$$Lambda/0x00000001007ee000@7ba13a45)
2026-04-17 18:24:37 GMT [AWT-EventQueue-0] DEBUG n.runelite.client.eventbus.EventBus - Registering class net.runelite.api.events.ChatMessage - EventBus.Subscriber(object=net.runelite.client.plugins.grandexchange.GrandExchangePlugin@104dc1a2, method=public void net.runelite.client.plugins.grandexchange.GrandExchangePlugin.onChatMessage(net.runelite.api.events.ChatMessage), priority=0.0, lambda=net.runelite.client.plugins.grandexchange.GrandExchangePlugin$$Lambda/0x00000001007ee238@758c9f9f)
2026-04-17 18:24:37 GMT [AWT-EventQueue-0] DEBUG n.r.client.plugins.PluginManager - Plugin ReportButtonPlugin is now running
2026-04-17 18:24:37 GMT [AWT-EventQueue-0] DEBUG n.runelite.client.eventbus.EventBus - Registering class net.runelite.api.events.GameStateChanged - EventBus.Subscriber(object=net.runelite.client.plugins.reportbutton.ReportButtonPlugin@e91b4f4, method=public void net.runelite.client.plugins.reportbutton.ReportButtonPlugin.onGameStateChanged(net.runelite.api.events.GameStateChanged), priority=0.0, lambda=net.runelite.client.plugins.reportbutton.ReportButtonPlugin$$Lambda/0x00000001007ee698@39f9b56e)
2026-04-17 18:24:37 GMT [AWT-EventQueue-0] DEBUG n.runelite.client.eventbus.EventBus - Registering class net.runelite.client.events.ConfigChanged - EventBus.Subscriber(object=net.runelite.client.plugins.reportbutton.ReportButtonPlugin@e91b4f4, method=public void net.runelite.client.plugins.reportbutton.ReportButtonPlugin.onConfigChanged(net.runelite.client.events.ConfigChanged), priority=0.0, lambda=net.runelite.client.plugins.reportbutton.ReportButtonPlugin$$Lambda/0x00000001007ee8d0@404763e)
2026-04-17 18:24:37 GMT [AWT-EventQueue-0] DEBUG n.runelite.client.eventbus.EventBus - Registering class net.runelite.api.events.GameTick - EventBus.Subscriber(object=net.runelite.client.plugins.reportbutton.ReportButtonPlugin@e91b4f4, method=public void net.runelite.client.plugins.reportbutton.ReportButtonPlugin.onGameTick(net.runelite.api.events.GameTick), priority=0.0, lambda=net.runelite.client.plugins.reportbutton.ReportButtonPlugin$$Lambda/0x00000001007eeb08@58e00ab)
2026-04-17 18:24:37 GMT [AWT-EventQueue-0] DEBUG n.r.client.plugins.PluginManager - Scheduled task ScheduledMethod(schedule=@net.runelite.client.task.Schedule(asynchronous=false, period=500L, unit=MILLIS), method=public void net.runelite.client.plugins.reportbutton.ReportButtonPlugin.updateSchedule(), object=net.runelite.client.plugins.reportbutton.ReportButtonPlugin@e91b4f4, lambda=net.runelite.client.plugins.reportbutton.ReportButtonPlugin$$Lambda/0x00000001007eed40@42be30ac, last=2026-04-17T18:24:37.887176591Z)
2026-04-17 18:24:37 GMT [AWT-EventQueue-0] DEBUG n.r.client.plugins.PluginManager - Plugin ExaminePlugin is now running
2026-04-17 18:24:37 GMT [AWT-EventQueue-0] DEBUG n.runelite.client.eventbus.EventBus - Registering class net.runelite.api.events.GameStateChanged - EventBus.Subscriber(object=net.runelite.client.plugins.examine.ExaminePlugin@7ea2412c, method=public void net.runelite.client.plugins.examine.ExaminePlugin.onGameStateChanged(net.runelite.api.events.GameStateChanged), priority=0.0, lambda=net.runelite.client.plugins.examine.ExaminePlugin$$Lambda/0x00000001007eef68@2591e9c5)
2026-04-17 18:24:37 GMT [AWT-EventQueue-0] DEBUG n.runelite.client.eventbus.EventBus - Registering class net.runelite.api.events.MenuOptionClicked - EventBus.Subscriber(object=net.runelite.client.plugins.examine.ExaminePlugin@7ea2412c, method=public void net.runelite.client.plugins.examine.ExaminePlugin.onMenuOptionClicked(net.runelite.api.events.MenuOptionClicked), priority=0.0, lambda=net.runelite.client.plugins.examine.ExaminePlugin$$Lambda/0x00000001007ef1a0@32215cad)
2026-04-17 18:24:37 GMT [AWT-EventQueue-0] DEBUG n.runelite.client.eventbus.EventBus - Registering class net.runelite.api.events.ChatMessage - EventBus.Subscriber(object=net.runelite.client.plugins.examine.ExaminePlugin@7ea2412c, method=public void net.runelite.client.plugins.examine.ExaminePlugin.onChatMessage(net.runelite.api.events.ChatMessage), priority=0.0, lambda=net.runelite.client.plugins.examine.ExaminePlugin$$Lambda/0x00000001007ef3d8@28fc670f)
2026-04-17 18:24:37 GMT [AWT-EventQueue-0] DEBUG n.r.client.plugins.PluginManager - Plugin OpponentInfoPlugin is now running
2026-04-17 18:24:37 GMT [AWT-EventQueue-0] DEBUG n.runelite.client.eventbus.EventBus - Registering class net.runelite.api.events.GameStateChanged - EventBus.Subscriber(object=net.runelite.client.plugins.opponentinfo.OpponentInfoPlugin@5d1b1c2a, method=public void net.runelite.client.plugins.opponentinfo.OpponentInfoPlugin.onGameStateChanged(net.runelite.api.events.GameStateChanged), priority=0.0, lambda=net.runelite.client.plugins.opponentinfo.OpponentInfoPlugin$$Lambda/0x00000001007ef610@585a1bfe)
2026-04-17 18:24:37 GMT [AWT-EventQueue-0] DEBUG n.runelite.client.eventbus.EventBus - Registering class net.runelite.api.events.MenuEntryAdded - EventBus.Subscriber(object=net.runelite.client.plugins.opponentinfo.OpponentInfoPlugin@5d1b1c2a, method=public void net.runelite.client.plugins.opponentinfo.OpponentInfoPlugin.onMenuEntryAdded(net.runelite.api.events.MenuEntryAdded), priority=0.0, lambda=net.runelite.client.plugins.opponentinfo.OpponentInfoPlugin$$Lambda/0x00000001007ef848@5a5fa3ac)
2026-04-17 18:24:37 GMT [AWT-EventQueue-0] DEBUG n.runelite.client.eventbus.EventBus - Registering class net.runelite.api.events.ScriptPostFired - EventBus.Subscriber(object=net.runelite.client.plugins.opponentinfo.OpponentInfoPlugin@5d1b1c2a, method=public void net.runelite.client.plugins.opponentinfo.OpponentInfoPlugin.onScriptPostFired(net.runelite.api.events.ScriptPostFired), priority=0.0, lambda=net.runelite.client.plugins.opponentinfo.OpponentInfoPlugin$$Lambda/0x00000001007efa80@598254c)
2026-04-17 18:24:37 GMT [AWT-EventQueue-0] DEBUG n.runelite.client.eventbus.EventBus - Registering class net.runelite.api.events.InteractingChanged - EventBus.Subscriber(object=net.runelite.client.plugins.opponentinfo.OpponentInfoPlugin@5d1b1c2a, method=public void net.runelite.client.plugins.opponentinfo.OpponentInfoPlugin.onInteractingChanged(net.runelite.api.events.InteractingChanged), priority=0.0, lambda=net.runelite.client.plugins.opponentinfo.OpponentInfoPlugin$$Lambda/0x00000001007efcb8@306b78ad)
2026-04-17 18:24:37 GMT [AWT-EventQueue-0] DEBUG n.runelite.client.eventbus.EventBus - Registering class net.runelite.api.events.GameTick - EventBus.Subscriber(object=net.runelite.client.plugins.opponentinfo.OpponentInfoPlugin@5d1b1c2a, method=public void net.runelite.client.plugins.opponentinfo.OpponentInfoPlugin.onGameTick(net.runelite.api.events.GameTick), priority=0.0, lambda=net.runelite.client.plugins.opponentinfo.OpponentInfoPlugin$$Lambda/0x00000001007ed800@5378cba1)
2026-04-17 18:24:37 GMT [AWT-EventQueue-0] DEBUG n.r.client.plugins.PluginManager - Plugin CombatLevelPlugin is now running
2026-04-17 18:24:37 GMT [AWT-EventQueue-0] DEBUG n.runelite.client.eventbus.EventBus - Registering class net.runelite.client.events.ConfigChanged - EventBus.Subscriber(object=net.runelite.client.plugins.combatlevel.CombatLevelPlugin@707e4fe4, method=public void net.runelite.client.plugins.combatlevel.CombatLevelPlugin.onConfigChanged(net.runelite.client.events.ConfigChanged), priority=0.0, lambda=net.runelite.client.plugins.combatlevel.CombatLevelPlugin$$Lambda/0x00000001007eda38@580a4dca)
2026-04-17 18:24:37 GMT [AWT-EventQueue-0] DEBUG n.runelite.client.eventbus.EventBus - Registering class net.runelite.api.events.ScriptPostFired - EventBus.Subscriber(object=net.runelite.client.plugins.combatlevel.CombatLevelPlugin@707e4fe4, method=public void net.runelite.client.plugins.combatlevel.CombatLevelPlugin.onScriptPostFired(net.runelite.api.events.ScriptPostFired), priority=0.0, lambda=net.runelite.client.plugins.combatlevel.CombatLevelPlugin$$Lambda/0x00000001007edc70@2ba02d44)
2026-04-17 18:24:37 GMT [AWT-EventQueue-0] DEBUG n.runelite.client.eventbus.EventBus - Registering class net.runelite.api.events.ScriptPreFired - EventBus.Subscriber(object=net.runelite.client.plugins.combatlevel.CombatLevelPlugin@707e4fe4, method=public void net.runelite.client.plugins.combatlevel.CombatLevelPlugin.onScriptPreFired(net.runelite.api.events.ScriptPreFired), priority=0.0, lambda=net.runelite.client.plugins.combatlevel.CombatLevelPlugin$$Lambda/0x00000001007ed400@6d653f8d)
2026-04-17 18:24:37 GMT [AWT-EventQueue-0] DEBUG n.runelite.client.eventbus.EventBus - Registering class net.runelite.api.events.StatChanged - EventBus.Subscriber(object=net.runelite.client.plugins.combatlevel.CombatLevelPlugin@707e4fe4, method=private void net.runelite.client.plugins.combatlevel.CombatLevelPlugin.onStatChanged(net.runelite.api.events.StatChanged), priority=0.0, lambda=net.runelite.client.plugins.combatlevel.CombatLevelPlugin$$Lambda/0x00000001007f0000@7f4af445)
2026-04-17 18:24:37 GMT [AWT-EventQueue-0] DEBUG n.r.client.plugins.PluginManager - Plugin GroundMarkerPlugin is now running
2026-04-17 18:24:37 GMT [AWT-EventQueue-0] DEBUG n.runelite.client.eventbus.EventBus - Registering class net.runelite.client.events.ConfigChanged - EventBus.Subscriber(object=net.runelite.client.plugins.groundmarkers.GroundMarkerPlugin@6d672bd4, method=public void net.runelite.client.plugins.groundmarkers.GroundMarkerPlugin.onConfigChanged(net.runelite.client.events.ConfigChanged), priority=0.0, lambda=net.runelite.client.plugins.groundmarkers.GroundMarkerPlugin$$Lambda/0x00000001007f08e0@6299f45c)
2026-04-17 18:24:37 GMT [AWT-EventQueue-0] DEBUG n.runelite.client.eventbus.EventBus - Registering class net.runelite.api.events.MenuEntryAdded - EventBus.Subscriber(object=net.runelite.client.plugins.groundmarkers.GroundMarkerPlugin@6d672bd4, method=public void net.runelite.client.plugins.groundmarkers.GroundMarkerPlugin.onMenuEntryAdded(net.runelite.api.events.MenuEntryAdded), priority=0.0, lambda=net.runelite.client.plugins.groundmarkers.GroundMarkerPlugin$$Lambda/0x00000001007f0b18@6a677222)
2026-04-17 18:24:37 GMT [AWT-EventQueue-0] DEBUG n.runelite.client.eventbus.EventBus - Registering class net.runelite.client.events.ProfileChanged - EventBus.Subscriber(object=net.runelite.client.plugins.groundmarkers.GroundMarkerPlugin@6d672bd4, method=public void net.runelite.client.plugins.groundmarkers.GroundMarkerPlugin.onProfileChanged(net.runelite.client.events.ProfileChanged), priority=0.0, lambda=net.runelite.client.plugins.groundmarkers.GroundMarkerPlugin$$Lambda/0x00000001007f0d50@321bc4cf)
2026-04-17 18:24:37 GMT [AWT-EventQueue-0] DEBUG n.runelite.client.eventbus.EventBus - Registering class net.runelite.api.events.WorldViewUnloaded - EventBus.Subscriber(object=net.runelite.client.plugins.groundmarkers.GroundMarkerPlugin@6d672bd4, method=public void net.runelite.client.plugins.groundmarkers.GroundMarkerPlugin.onWorldViewUnloaded(net.runelite.api.events.WorldViewUnloaded), priority=0.0, lambda=net.runelite.client.plugins.groundmarkers.GroundMarkerPlugin$$Lambda/0x00000001007f0f88@a99d0dd)
2026-04-17 18:24:37 GMT [AWT-EventQueue-0] DEBUG n.runelite.client.eventbus.EventBus - Registering class net.runelite.api.events.WorldViewLoaded - EventBus.Subscriber(object=net.runelite.client.plugins.groundmarkers.GroundMarkerPlugin@6d672bd4, method=public void net.runelite.client.plugins.groundmarkers.GroundMarkerPlugin.onWorldViewLoaded(net.runelite.api.events.WorldViewLoaded), priority=0.0, lambda=net.runelite.client.plugins.groundmarkers.GroundMarkerPlugin$$Lambda/0x00000001007f11c0@16f64987)
2026-04-17 18:24:37 GMT [AWT-EventQueue-0] DEBUG n.r.client.plugins.PluginManager - Plugin HiscorePlugin is now running
2026-04-17 18:24:37 GMT [AWT-EventQueue-0] DEBUG n.runelite.client.eventbus.EventBus - Registering class net.runelite.client.events.ConfigChanged - EventBus.Subscriber(object=net.runelite.client.plugins.hiscore.HiscorePlugin@2accaec2, method=public void net.runelite.client.plugins.hiscore.HiscorePlugin.onConfigChanged(net.runelite.client.events.ConfigChanged), priority=0.0, lambda=net.runelite.client.plugins.hiscore.HiscorePlugin$$Lambda/0x00000001007f2228@4ba29028)
2026-04-17 18:24:37 GMT [AWT-EventQueue-0] DEBUG n.runelite.client.eventbus.EventBus - Registering class net.runelite.api.events.MenuEntryAdded - EventBus.Subscriber(object=net.runelite.client.plugins.hiscore.HiscorePlugin@2accaec2, method=public void net.runelite.client.plugins.hiscore.HiscorePlugin.onMenuEntryAdded(net.runelite.api.events.MenuEntryAdded), priority=0.0, lambda=net.runelite.client.plugins.hiscore.HiscorePlugin$$Lambda/0x00000001007f2460@220b1b43)
2026-04-17 18:24:37 GMT [AWT-EventQueue-0] DEBUG n.runelite.client.eventbus.EventBus - Registering class net.runelite.api.events.MenuOptionClicked - EventBus.Subscriber(object=net.runelite.client.plugins.hiscore.HiscorePlugin@2accaec2, method=public void net.runelite.client.plugins.hiscore.HiscorePlugin.onMenuOptionClicked(net.runelite.api.events.MenuOptionClicked), priority=0.0, lambda=net.runelite.client.plugins.hiscore.HiscorePlugin$$Lambda/0x00000001007f2698@325d9c4b)
2026-04-17 18:24:37 GMT [AWT-EventQueue-0] DEBUG n.runelite.client.eventbus.EventBus - Registering class net.runelite.api.events.VarbitChanged - EventBus.Subscriber(object=net.runelite.client.plugins.hiscore.HiscorePlugin@2accaec2, method=public void net.runelite.client.plugins.hiscore.HiscorePlugin.onVarbitChanged(net.runelite.api.events.VarbitChanged), priority=0.0, lambda=net.runelite.client.plugins.hiscore.HiscorePlugin$$Lambda/0x00000001007f28d0@50f341fe)
2026-04-17 18:24:37 GMT [AWT-EventQueue-0] DEBUG n.runelite.client.eventbus.EventBus - Registering class net.runelite.api.events.ChatMessage - EventBus.Subscriber(object=net.runelite.client.plugins.hiscore.HiscorePlugin@2accaec2, method=public void net.runelite.client.plugins.hiscore.HiscorePlugin.onChatMessage(net.runelite.api.events.ChatMessage), priority=0.0, lambda=net.runelite.client.plugins.hiscore.HiscorePlugin$$Lambda/0x00000001007f2b08@68c5dd76)
2026-04-17 18:24:37 GMT [AWT-EventQueue-0] DEBUG n.runelite.client.eventbus.EventBus - Registering class net.runelite.api.events.MenuOpened - EventBus.Subscriber(object=net.runelite.client.plugins.hiscore.HiscorePlugin@2accaec2, method=private void net.runelite.client.plugins.hiscore.HiscorePlugin.onMenuOpened(net.runelite.api.events.MenuOpened), priority=0.0, lambda=net.runelite.client.plugins.hiscore.HiscorePlugin$$Lambda/0x00000001007f2d40@4cf25c32)
2026-04-17 18:24:37 GMT [AWT-EventQueue-0] DEBUG n.r.c.plugins.discord.DiscordState - Events: [DiscordState.EventWithTime(type=IN_MENU, start=2026-04-17T18:24:37.978825206Z, updated=2026-04-17T18:24:37.978569130Z)]
2026-04-17 18:24:37 GMT [AWT-EventQueue-0] DEBUG n.r.client.plugins.PluginManager - Plugin DiscordPlugin is now running
2026-04-17 18:24:37 GMT [AWT-EventQueue-0] DEBUG n.runelite.client.eventbus.EventBus - Registering class net.runelite.api.events.GameStateChanged - EventBus.Subscriber(object=net.runelite.client.plugins.discord.DiscordPlugin@1f87607c, method=public void net.runelite.client.plugins.discord.DiscordPlugin.onGameStateChanged(net.runelite.api.events.GameStateChanged), priority=0.0, lambda=net.runelite.client.plugins.discord.DiscordPlugin$$Lambda/0x00000001007f66e0@130ec35b)
2026-04-17 18:24:37 GMT [AWT-EventQueue-0] DEBUG n.runelite.client.eventbus.EventBus - Registering class net.runelite.client.events.ConfigChanged - EventBus.Subscriber(object=net.runelite.client.plugins.discord.DiscordPlugin@1f87607c, method=public void net.runelite.client.plugins.discord.DiscordPlugin.onConfigChanged(net.runelite.client.events.ConfigChanged), priority=0.0, lambda=net.runelite.client.plugins.discord.DiscordPlugin$$Lambda/0x00000001007f6918@4fd0502f)
2026-04-17 18:24:37 GMT [AWT-EventQueue-0] DEBUG n.runelite.client.eventbus.EventBus - Registering class net.runelite.client.plugins.discord.DiscordUserInfo - EventBus.Subscriber(object=net.runelite.client.plugins.discord.DiscordPlugin@1f87607c, method=public void net.runelite.client.plugins.discord.DiscordPlugin.onDiscordUserInfo(net.runelite.client.plugins.discord.DiscordUserInfo), priority=0.0, lambda=net.runelite.client.plugins.discord.DiscordPlugin$$Lambda/0x00000001007f6b50@6b33806c)
2026-04-17 18:24:37 GMT [AWT-EventQueue-0] DEBUG n.runelite.client.eventbus.EventBus - Registering class net.runelite.api.events.StatChanged - EventBus.Subscriber(object=net.runelite.client.plugins.discord.DiscordPlugin@1f87607c, method=public void net.runelite.client.plugins.discord.DiscordPlugin.onStatChanged(net.runelite.api.events.StatChanged), priority=0.0, lambda=net.runelite.client.plugins.discord.DiscordPlugin$$Lambda/0x00000001007f6d88@41d8fa61)
2026-04-17 18:24:37 GMT [AWT-EventQueue-0] DEBUG n.runelite.client.eventbus.EventBus - Registering class net.runelite.client.party.messages.UserSync - EventBus.Subscriber(object=net.runelite.client.plugins.discord.DiscordPlugin@1f87607c, method=public void net.runelite.client.plugins.discord.DiscordPlugin.onUserSync(net.runelite.client.party.messages.UserSync), priority=0.0, lambda=net.runelite.client.plugins.discord.DiscordPlugin$$Lambda/0x00000001007f6fc0@2cb03272)
2026-04-17 18:24:37 GMT [AWT-EventQueue-0] DEBUG n.r.client.plugins.PluginManager - Scheduled task ScheduledMethod(schedule=@net.runelite.client.task.Schedule(asynchronous=false, period=1L, unit=MINUTES), method=public void net.runelite.client.plugins.discord.DiscordPlugin.checkForValidStatus(), object=net.runelite.client.plugins.discord.DiscordPlugin@1f87607c, lambda=net.runelite.client.plugins.discord.DiscordPlugin$$Lambda/0x00000001007f71f8@1337071c, last=2026-04-17T18:24:37.985191053Z)
2026-04-17 18:24:37 GMT [AWT-EventQueue-0] DEBUG n.r.client.plugins.PluginManager - Plugin MouseHighlightPlugin is now running
2026-04-17 18:24:38 GMT [AWT-EventQueue-0] DEBUG n.runelite.client.eventbus.EventBus - Registering class net.runelite.api.events.MenuEntryAdded - EventBus.Subscriber(object=net.runelite.client.plugins.banktags.tabs.TabInterface@55895330, method=private void net.runelite.client.plugins.banktags.tabs.TabInterface.onMenuEntryAdded(net.runelite.api.events.MenuEntryAdded), priority=0.0, lambda=net.runelite.client.plugins.banktags.tabs.TabInterface$$Lambda/0x00000001007f5a28@661cfd48)
2026-04-17 18:24:38 GMT [AWT-EventQueue-0] DEBUG n.runelite.client.eventbus.EventBus - Registering class net.runelite.api.events.MenuOptionClicked - EventBus.Subscriber(object=net.runelite.client.plugins.banktags.tabs.TabInterface@55895330, method=public void net.runelite.client.plugins.banktags.tabs.TabInterface.onMenuOptionClicked(net.runelite.api.events.MenuOptionClicked), priority=-1.0, lambda=net.runelite.client.plugins.banktags.tabs.TabInterface$$Lambda/0x00000001007f5c60@7f7dc724)
2026-04-17 18:24:38 GMT [AWT-EventQueue-0] DEBUG n.runelite.client.eventbus.EventBus - Registering class net.runelite.api.events.ScriptPostFired - EventBus.Subscriber(object=net.runelite.client.plugins.banktags.tabs.TabInterface@55895330, method=private void net.runelite.client.plugins.banktags.tabs.TabInterface.onScriptPostFired(net.runelite.api.events.ScriptPostFired), priority=0.0, lambda=net.runelite.client.plugins.banktags.tabs.TabInterface$$Lambda/0x00000001007f8000@61854cd3)
2026-04-17 18:24:38 GMT [AWT-EventQueue-0] DEBUG n.runelite.client.eventbus.EventBus - Registering class net.runelite.api.events.ScriptPreFired - EventBus.Subscriber(object=net.runelite.client.plugins.banktags.tabs.TabInterface@55895330, method=public void net.runelite.client.plugins.banktags.tabs.TabInterface.onScriptPreFired(net.runelite.api.events.ScriptPreFired), priority=0.0, lambda=net.runelite.client.plugins.banktags.tabs.TabInterface$$Lambda/0x00000001007f8238@21459f35)
2026-04-17 18:24:38 GMT [AWT-EventQueue-0] DEBUG n.runelite.client.eventbus.EventBus - Registering class net.runelite.api.events.WidgetClosed - EventBus.Subscriber(object=net.runelite.client.plugins.banktags.tabs.TabInterface@55895330, method=public void net.runelite.client.plugins.banktags.tabs.TabInterface.onWidgetClosed(net.runelite.api.events.WidgetClosed), priority=0.0, lambda=net.runelite.client.plugins.banktags.tabs.TabInterface$$Lambda/0x00000001007f8470@1a36d64a)
2026-04-17 18:24:38 GMT [AWT-EventQueue-0] DEBUG n.runelite.client.eventbus.EventBus - Registering class net.runelite.api.events.WidgetDrag - EventBus.Subscriber(object=net.runelite.client.plugins.banktags.tabs.TabInterface@55895330, method=public void net.runelite.client.plugins.banktags.tabs.TabInterface.onWidgetDrag(net.runelite.api.events.WidgetDrag), priority=0.0, lambda=net.runelite.client.plugins.banktags.tabs.TabInterface$$Lambda/0x00000001007f86a8@26f11688)
2026-04-17 18:24:38 GMT [AWT-EventQueue-0] DEBUG n.runelite.client.eventbus.EventBus - Registering class net.runelite.api.events.ScriptPreFired - EventBus.Subscriber(object=net.runelite.client.plugins.banktags.tabs.LayoutManager@2cbadeed, method=public void net.runelite.client.plugins.banktags.tabs.LayoutManager.onScriptPreFired(net.runelite.api.events.ScriptPreFired), priority=0.0, lambda=net.runelite.client.plugins.banktags.tabs.LayoutManager$$Lambda/0x00000001007f88e0@3924490)
2026-04-17 18:24:38 GMT [AWT-EventQueue-0] DEBUG n.runelite.client.eventbus.EventBus - Registering class net.runelite.api.events.VarbitChanged - EventBus.Subscriber(object=net.runelite.client.plugins.banktags.tabs.PotionStorage@3b9ce5f4, method=public void net.runelite.client.plugins.banktags.tabs.PotionStorage.onVarbitChanged(net.runelite.api.events.VarbitChanged), priority=0.0, lambda=net.runelite.client.plugins.banktags.tabs.PotionStorage$$Lambda/0x00000001007f8b18@412b19dc)
2026-04-17 18:24:38 GMT [AWT-EventQueue-0] DEBUG n.runelite.client.eventbus.EventBus - Registering class net.runelite.api.events.ClientTick - EventBus.Subscriber(object=net.runelite.client.plugins.banktags.tabs.PotionStorage@3b9ce5f4, method=public void net.runelite.client.plugins.banktags.tabs.PotionStorage.onClientTick(net.runelite.api.events.ClientTick), priority=0.0, lambda=net.runelite.client.plugins.banktags.tabs.PotionStorage$$Lambda/0x00000001007f8d50@372b8e27)
2026-04-17 18:24:38 GMT [AWT-EventQueue-0] DEBUG n.runelite.client.eventbus.EventBus - Registering class net.runelite.api.events.WidgetClosed - EventBus.Subscriber(object=net.runelite.client.plugins.banktags.tabs.PotionStorage@3b9ce5f4, method=public void net.runelite.client.plugins.banktags.tabs.PotionStorage.onWidgetClosed(net.runelite.api.events.WidgetClosed), priority=0.0, lambda=net.runelite.client.plugins.banktags.tabs.PotionStorage$$Lambda/0x00000001007f8f88@72387f3e)
2026-04-17 18:24:38 GMT [AWT-EventQueue-0] DEBUG n.r.client.plugins.PluginManager - Plugin BankTagsPlugin is now running
2026-04-17 18:24:38 GMT [AWT-EventQueue-0] DEBUG n.runelite.client.eventbus.EventBus - Registering class net.runelite.client.events.ConfigChanged - EventBus.Subscriber(object=net.runelite.client.plugins.banktags.BankTagsPlugin@4a1a256d, method=public void net.runelite.client.plugins.banktags.BankTagsPlugin.onConfigChanged(net.runelite.client.events.ConfigChanged), priority=0.0, lambda=net.runelite.client.plugins.banktags.BankTagsPlugin$$Lambda/0x00000001007f93e8@62d4cbad)
2026-04-17 18:24:38 GMT [AWT-EventQueue-0] DEBUG n.runelite.client.eventbus.EventBus - Registering class net.runelite.api.events.MenuEntryAdded - EventBus.Subscriber(object=net.runelite.client.plugins.banktags.BankTagsPlugin@4a1a256d, method=public void net.runelite.client.plugins.banktags.BankTagsPlugin.onMenuEntryAdded(net.runelite.api.events.MenuEntryAdded), priority=0.0, lambda=net.runelite.client.plugins.banktags.BankTagsPlugin$$Lambda/0x00000001007f9620@41f2d4fe)
2026-04-17 18:24:38 GMT [AWT-EventQueue-0] DEBUG n.runelite.client.eventbus.EventBus - Registering class net.runelite.api.events.ScriptCallbackEvent - EventBus.Subscriber(object=net.runelite.client.plugins.banktags.BankTagsPlugin@4a1a256d, method=public void net.runelite.client.plugins.banktags.BankTagsPlugin.onScriptCallbackEvent(net.runelite.api.events.ScriptCallbackEvent), priority=0.0, lambda=net.runelite.client.plugins.banktags.BankTagsPlugin$$Lambda/0x00000001007f9858@7399d7be)
2026-04-17 18:24:38 GMT [AWT-EventQueue-0] DEBUG n.runelite.client.eventbus.EventBus - Registering class net.runelite.api.events.GrandExchangeSearched - EventBus.Subscriber(object=net.runelite.client.plugins.banktags.BankTagsPlugin@4a1a256d, method=public void net.runelite.client.plugins.banktags.BankTagsPlugin.onGrandExchangeSearched(net.runelite.api.events.GrandExchangeSearched), priority=0.0, lambda=net.runelite.client.plugins.banktags.BankTagsPlugin$$Lambda/0x00000001007f9a90@5382ef78)
2026-04-17 18:24:38 GMT [AWT-EventQueue-0] DEBUG n.r.client.plugins.PluginManager - Plugin ClueScrollPlugin is now running
2026-04-17 18:24:38 GMT [AWT-EventQueue-0] DEBUG n.runelite.client.eventbus.EventBus - Registering class net.runelite.api.events.GameStateChanged - EventBus.Subscriber(object=net.runelite.client.plugins.cluescrolls.ClueScrollPlugin@21de60a7, method=public void net.runelite.client.plugins.cluescrolls.ClueScrollPlugin.onGameStateChanged(net.runelite.api.events.GameStateChanged), priority=0.0, lambda=net.runelite.client.plugins.cluescrolls.ClueScrollPlugin$$Lambda/0x00000001007fa9b8@12166178)
2026-04-17 18:24:38 GMT [AWT-EventQueue-0] DEBUG n.runelite.client.eventbus.EventBus - Registering class net.runelite.client.events.ConfigChanged - EventBus.Subscriber(object=net.runelite.client.plugins.cluescrolls.ClueScrollPlugin@21de60a7, method=public void net.runelite.client.plugins.cluescrolls.ClueScrollPlugin.onConfigChanged(net.runelite.client.events.ConfigChanged), priority=0.0, lambda=net.runelite.client.plugins.cluescrolls.ClueScrollPlugin$$Lambda/0x00000001007fabf0@7012ee6c)
2026-04-17 18:24:38 GMT [AWT-EventQueue-0] DEBUG n.runelite.client.eventbus.EventBus - Registering class net.runelite.api.events.MenuOptionClicked - EventBus.Subscriber(object=net.runelite.client.plugins.cluescrolls.ClueScrollPlugin@21de60a7, method=public void net.runelite.client.plugins.cluescrolls.ClueScrollPlugin.onMenuOptionClicked(net.runelite.api.events.MenuOptionClicked), priority=0.0, lambda=net.runelite.client.plugins.cluescrolls.ClueScrollPlugin$$Lambda/0x00000001007fae28@5cb639f5)
2026-04-17 18:24:38 GMT [AWT-EventQueue-0] DEBUG n.runelite.client.eventbus.EventBus - Registering class net.runelite.api.events.ItemContainerChanged - EventBus.Subscriber(object=net.runelite.client.plugins.cluescrolls.ClueScrollPlugin@21de60a7, method=public void net.runelite.client.plugins.cluescrolls.ClueScrollPlugin.onItemContainerChanged(net.runelite.api.events.ItemContainerChanged), priority=0.0, lambda=net.runelite.client.plugins.cluescrolls.ClueScrollPlugin$$Lambda/0x00000001007fb060@27f00c2)
2026-04-17 18:24:38 GMT [AWT-EventQueue-0] DEBUG n.runelite.client.eventbus.EventBus - Registering class net.runelite.api.events.WallObjectSpawned - EventBus.Subscriber(object=net.runelite.client.plugins.cluescrolls.ClueScrollPlugin@21de60a7, method=public void net.runelite.client.plugins.cluescrolls.ClueScrollPlugin.onWallObjectSpawned(net.runelite.api.events.WallObjectSpawned), priority=0.0, lambda=net.runelite.client.plugins.cluescrolls.ClueScrollPlugin$$Lambda/0x00000001007fb298@461c5167)
2026-04-17 18:24:38 GMT [AWT-EventQueue-0] DEBUG n.runelite.client.eventbus.EventBus - Registering class net.runelite.api.events.GameObjectDespawned - EventBus.Subscriber(object=net.runelite.client.plugins.cluescrolls.ClueScrollPlugin@21de60a7, method=public void net.runelite.client.plugins.cluescrolls.ClueScrollPlugin.onGameObjectDespawned(net.runelite.api.events.GameObjectDespawned), priority=0.0, lambda=net.runelite.client.plugins.cluescrolls.ClueScrollPlugin$$Lambda/0x00000001007fb4d0@1650d378)
2026-04-17 18:24:38 GMT [AWT-EventQueue-0] DEBUG n.runelite.client.eventbus.EventBus - Registering class net.runelite.api.events.GroundObjectSpawned - EventBus.Subscriber(object=net.runelite.client.plugins.cluescrolls.ClueScrollPlugin@21de60a7, method=public void net.runelite.client.plugins.cluescrolls.ClueScrollPlugin.onGroundObjectSpawned(net.runelite.api.events.GroundObjectSpawned), priority=0.0, lambda=net.runelite.client.plugins.cluescrolls.ClueScrollPlugin$$Lambda/0x00000001007fb708@5c66e7f8)
2026-04-17 18:24:38 GMT [AWT-EventQueue-0] DEBUG n.runelite.client.eventbus.EventBus - Registering class net.runelite.api.events.WallObjectDespawned - EventBus.Subscriber(object=net.runelite.client.plugins.cluescrolls.ClueScrollPlugin@21de60a7, method=public void net.runelite.client.plugins.cluescrolls.ClueScrollPlugin.onWallObjectDespawned(net.runelite.api.events.WallObjectDespawned), priority=0.0, lambda=net.runelite.client.plugins.cluescrolls.ClueScrollPlugin$$Lambda/0x00000001007fb940@3da6fc37)
2026-04-17 18:24:38 GMT [AWT-EventQueue-0] DEBUG n.runelite.client.eventbus.EventBus - Registering class net.runelite.api.events.GameObjectSpawned - EventBus.Subscriber(object=net.runelite.client.plugins.cluescrolls.ClueScrollPlugin@21de60a7, method=public void net.runelite.client.plugins.cluescrolls.ClueScrollPlugin.onGameObjectSpawned(net.runelite.api.events.GameObjectSpawned), priority=0.0, lambda=net.runelite.client.plugins.cluescrolls.ClueScrollPlugin$$Lambda/0x00000001007fbb78@6268ce4)
2026-04-17 18:24:38 GMT [AWT-EventQueue-0] DEBUG n.runelite.client.eventbus.EventBus - Registering class net.runelite.api.events.CommandExecuted - EventBus.Subscriber(object=net.runelite.client.plugins.cluescrolls.ClueScrollPlugin@21de60a7, method=public void net.runelite.client.plugins.cluescrolls.ClueScrollPlugin.onCommandExecuted(net.runelite.api.events.CommandExecuted), priority=0.0, lambda=net.runelite.client.plugins.cluescrolls.ClueScrollPlugin$$Lambda/0x00000001007fbdb0@485ddc5b)
2026-04-17 18:24:38 GMT [AWT-EventQueue-0] DEBUG n.runelite.client.eventbus.EventBus - Registering class net.runelite.api.events.DecorativeObjectDespawned - EventBus.Subscriber(object=net.runelite.client.plugins.cluescrolls.ClueScrollPlugin@21de60a7, method=public void net.runelite.client.plugins.cluescrolls.ClueScrollPlugin.onDecorativeObjectDespawned(net.runelite.api.events.DecorativeObjectDespawned), priority=0.0, lambda=net.runelite.client.plugins.cluescrolls.ClueScrollPlugin$$Lambda/0x00000001007fe000@300cf779)
2026-04-17 18:24:38 GMT [AWT-EventQueue-0] DEBUG n.runelite.client.eventbus.EventBus - Registering class net.runelite.api.events.DecorativeObjectSpawned - EventBus.Subscriber(object=net.runelite.client.plugins.cluescrolls.ClueScrollPlugin@21de60a7, method=public void net.runelite.client.plugins.cluescrolls.ClueScrollPlugin.onDecorativeObjectSpawned(net.runelite.api.events.DecorativeObjectSpawned), priority=0.0, lambda=net.runelite.client.plugins.cluescrolls.ClueScrollPlugin$$Lambda/0x00000001007fe238@52faf8d6)
2026-04-17 18:24:38 GMT [AWT-EventQueue-0] DEBUG n.runelite.client.eventbus.EventBus - Registering class net.runelite.api.events.GroundObjectDespawned - EventBus.Subscriber(object=net.runelite.client.plugins.cluescrolls.ClueScrollPlugin@21de60a7, method=public void net.runelite.client.plugins.cluescrolls.ClueScrollPlugin.onGroundObjectDespawned(net.runelite.api.events.GroundObjectDespawned), priority=0.0, lambda=net.runelite.client.plugins.cluescrolls.ClueScrollPlugin$$Lambda/0x00000001007fe470@7fcca9de)
2026-04-17 18:24:38 GMT [AWT-EventQueue-0] DEBUG n.runelite.client.eventbus.EventBus - Registering class net.runelite.api.events.WidgetLoaded - EventBus.Subscriber(object=net.runelite.client.plugins.cluescrolls.ClueScrollPlugin@21de60a7, method=public void net.runelite.client.plugins.cluescrolls.ClueScrollPlugin.onWidgetLoaded(net.runelite.api.events.WidgetLoaded), priority=0.0, lambda=net.runelite.client.plugins.cluescrolls.ClueScrollPlugin$$Lambda/0x00000001007fe6a8@1410be6c)
2026-04-17 18:24:38 GMT [AWT-EventQueue-0] DEBUG n.runelite.client.eventbus.EventBus - Registering class net.runelite.api.events.NpcDespawned - EventBus.Subscriber(object=net.runelite.client.plugins.cluescrolls.ClueScrollPlugin@21de60a7, method=public void net.runelite.client.plugins.cluescrolls.ClueScrollPlugin.onNpcDespawned(net.runelite.api.events.NpcDespawned), priority=0.0, lambda=net.runelite.client.plugins.cluescrolls.ClueScrollPlugin$$Lambda/0x00000001007fe8e0@47492882)
2026-04-17 18:24:38 GMT [AWT-EventQueue-0] DEBUG n.runelite.client.eventbus.EventBus - Registering class net.runelite.api.events.GameTick - EventBus.Subscriber(object=net.runelite.client.plugins.cluescrolls.ClueScrollPlugin@21de60a7, method=public void net.runelite.client.plugins.cluescrolls.ClueScrollPlugin.onGameTick(net.runelite.api.events.GameTick), priority=0.0, lambda=net.runelite.client.plugins.cluescrolls.ClueScrollPlugin$$Lambda/0x00000001007feb18@98b8161)
2026-04-17 18:24:38 GMT [AWT-EventQueue-0] DEBUG n.runelite.client.eventbus.EventBus - Registering class net.runelite.api.events.NpcSpawned - EventBus.Subscriber(object=net.runelite.client.plugins.cluescrolls.ClueScrollPlugin@21de60a7, method=public void net.runelite.client.plugins.cluescrolls.ClueScrollPlugin.onNpcSpawned(net.runelite.api.events.NpcSpawned), priority=0.0, lambda=net.runelite.client.plugins.cluescrolls.ClueScrollPlugin$$Lambda/0x00000001007fed50@554ebabc)
2026-04-17 18:24:38 GMT [AWT-EventQueue-0] DEBUG n.runelite.client.eventbus.EventBus - Registering class net.runelite.api.events.ChatMessage - EventBus.Subscriber(object=net.runelite.client.plugins.cluescrolls.ClueScrollPlugin@21de60a7, method=public void net.runelite.client.plugins.cluescrolls.ClueScrollPlugin.onChatMessage(net.runelite.api.events.ChatMessage), priority=0.0, lambda=net.runelite.client.plugins.cluescrolls.ClueScrollPlugin$$Lambda/0x00000001007fef88@55c9717d)
2026-04-17 18:24:38 GMT [AWT-EventQueue-0] DEBUG n.r.client.plugins.PluginManager - Plugin ChatChannelPlugin is now running
2026-04-17 18:24:38 GMT [AWT-EventQueue-0] DEBUG n.runelite.client.eventbus.EventBus - Registering class net.runelite.api.events.GameStateChanged - EventBus.Subscriber(object=net.runelite.client.plugins.chatchannel.ChatChannelPlugin@ac91282, method=public void net.runelite.client.plugins.chatchannel.ChatChannelPlugin.onGameStateChanged(net.runelite.api.events.GameStateChanged), priority=0.0, lambda=net.runelite.client.plugins.chatchannel.ChatChannelPlugin$$Lambda/0x00000001007ff838@4dee1bd8)
2026-04-17 18:24:38 GMT [AWT-EventQueue-0] DEBUG n.runelite.client.eventbus.EventBus - Registering class net.runelite.client.events.ConfigChanged - EventBus.Subscriber(object=net.runelite.client.plugins.chatchannel.ChatChannelPlugin@ac91282, method=public void net.runelite.client.plugins.chatchannel.ChatChannelPlugin.onConfigChanged(net.runelite.client.events.ConfigChanged), priority=0.0, lambda=net.runelite.client.plugins.chatchannel.ChatChannelPlugin$$Lambda/0x00000001007ffa70@255350ba)
2026-04-17 18:24:38 GMT [AWT-EventQueue-0] DEBUG n.runelite.client.eventbus.EventBus - Registering class net.runelite.api.events.ScriptCallbackEvent - EventBus.Subscriber(object=net.runelite.client.plugins.chatchannel.ChatChannelPlugin@ac91282, method=public void net.runelite.client.plugins.chatchannel.ChatChannelPlugin.onScriptCallbackEvent(net.runelite.api.events.ScriptCallbackEvent), priority=0.0, lambda=net.runelite.client.plugins.chatchannel.ChatChannelPlugin$$Lambda/0x00000001007ffca8@c687549)
2026-04-17 18:24:38 GMT [AWT-EventQueue-0] DEBUG n.runelite.client.eventbus.EventBus - Registering class net.runelite.api.events.ScriptPostFired - EventBus.Subscriber(object=net.runelite.client.plugins.chatchannel.ChatChannelPlugin@ac91282, method=public void net.runelite.client.plugins.chatchannel.ChatChannelPlugin.onScriptPostFired(net.runelite.api.events.ScriptPostFired), priority=0.0, lambda=net.runelite.client.plugins.chatchannel.ChatChannelPlugin$$Lambda/0x00000001007fd000@589859b3)
2026-04-17 18:24:38 GMT [AWT-EventQueue-0] DEBUG n.runelite.client.eventbus.EventBus - Registering class net.runelite.api.events.ClanMemberJoined - EventBus.Subscriber(object=net.runelite.client.plugins.chatchannel.ChatChannelPlugin@ac91282, method=public void net.runelite.client.plugins.chatchannel.ChatChannelPlugin.onClanMemberJoined(net.runelite.api.events.ClanMemberJoined), priority=0.0, lambda=net.runelite.client.plugins.chatchannel.ChatChannelPlugin$$Lambda/0x00000001007fd238@a2e2bae)
2026-04-17 18:24:38 GMT [AWT-EventQueue-0] DEBUG n.runelite.client.eventbus.EventBus - Registering class net.runelite.api.events.FriendsChatChanged - EventBus.Subscriber(object=net.runelite.client.plugins.chatchannel.ChatChannelPlugin@ac91282, method=public void net.runelite.client.plugins.chatchannel.ChatChannelPlugin.onFriendsChatChanged(net.runelite.api.events.FriendsChatChanged), priority=0.0, lambda=net.runelite.client.plugins.chatchannel.ChatChannelPlugin$$Lambda/0x00000001007fd470@7f64f370)
2026-04-17 18:24:38 GMT [AWT-EventQueue-0] DEBUG n.runelite.client.eventbus.EventBus - Registering class net.runelite.api.events.ClanMemberLeft - EventBus.Subscriber(object=net.runelite.client.plugins.chatchannel.ChatChannelPlugin@ac91282, method=public void net.runelite.client.plugins.chatchannel.ChatChannelPlugin.onClanMemberLeft(net.runelite.api.events.ClanMemberLeft), priority=0.0, lambda=net.runelite.client.plugins.chatchannel.ChatChannelPlugin$$Lambda/0x00000001007fd6a8@5ff7bcb4)
2026-04-17 18:24:38 GMT [AWT-EventQueue-0] DEBUG n.runelite.client.eventbus.EventBus - Registering class net.runelite.api.events.VarClientStrChanged - EventBus.Subscriber(object=net.runelite.client.plugins.chatchannel.ChatChannelPlugin@ac91282, method=public void net.runelite.client.plugins.chatchannel.ChatChannelPlugin.onVarClientStrChanged(net.runelite.api.events.VarClientStrChanged), priority=0.0, lambda=net.runelite.client.plugins.chatchannel.ChatChannelPlugin$$Lambda/0x00000001007fd8e0@3998921a)
2026-04-17 18:24:38 GMT [AWT-EventQueue-0] DEBUG n.runelite.client.eventbus.EventBus - Registering class net.runelite.api.events.FriendsChatMemberJoined - EventBus.Subscriber(object=net.runelite.client.plugins.chatchannel.ChatChannelPlugin@ac91282, method=public void net.runelite.client.plugins.chatchannel.ChatChannelPlugin.onFriendsChatMemberJoined(net.runelite.api.events.FriendsChatMemberJoined), priority=0.0, lambda=net.runelite.client.plugins.chatchannel.ChatChannelPlugin$$Lambda/0x00000001007fdb18@3491e08)
2026-04-17 18:24:38 GMT [AWT-EventQueue-0] DEBUG n.runelite.client.eventbus.EventBus - Registering class net.runelite.api.events.FriendsChatMemberLeft - EventBus.Subscriber(object=net.runelite.client.plugins.chatchannel.ChatChannelPlugin@ac91282, method=public void net.runelite.client.plugins.chatchannel.ChatChannelPlugin.onFriendsChatMemberLeft(net.runelite.api.events.FriendsChatMemberLeft), priority=0.0, lambda=net.runelite.client.plugins.chatchannel.ChatChannelPlugin$$Lambda/0x00000001007fdd50@678b0baa)
2026-04-17 18:24:38 GMT [AWT-EventQueue-0] DEBUG n.runelite.client.eventbus.EventBus - Registering class net.runelite.api.events.GameTick - EventBus.Subscriber(object=net.runelite.client.plugins.chatchannel.ChatChannelPlugin@ac91282, method=public void net.runelite.client.plugins.chatchannel.ChatChannelPlugin.onGameTick(net.runelite.api.events.GameTick), priority=0.0, lambda=net.runelite.client.plugins.chatchannel.ChatChannelPlugin$$Lambda/0x00000001007fc800@50d0071)
2026-04-17 18:24:38 GMT [AWT-EventQueue-0] DEBUG n.r.client.plugins.PluginManager - Plugin FriendListPlugin is now running
2026-04-17 18:24:38 GMT [AWT-EventQueue-0] DEBUG n.runelite.client.eventbus.EventBus - Registering class net.runelite.api.events.MenuEntryAdded - EventBus.Subscriber(object=net.runelite.client.plugins.friendlist.FriendListPlugin@45843650, method=public void net.runelite.client.plugins.friendlist.FriendListPlugin.onMenuEntryAdded(net.runelite.api.events.MenuEntryAdded), priority=0.0, lambda=net.runelite.client.plugins.friendlist.FriendListPlugin$$Lambda/0x00000001007fca38@c63b0b0)
2026-04-17 18:24:38 GMT [AWT-EventQueue-0] DEBUG n.runelite.client.eventbus.EventBus - Registering class net.runelite.api.events.ScriptPostFired - EventBus.Subscriber(object=net.runelite.client.plugins.friendlist.FriendListPlugin@45843650, method=public void net.runelite.client.plugins.friendlist.FriendListPlugin.onScriptPostFired(net.runelite.api.events.ScriptPostFired), priority=0.0, lambda=net.runelite.client.plugins.friendlist.FriendListPlugin$$Lambda/0x00000001007fcc70@5c32e181)
2026-04-17 18:24:38 GMT [AWT-EventQueue-0] DEBUG n.runelite.client.eventbus.EventBus - Registering class net.runelite.api.events.ChatMessage - EventBus.Subscriber(object=net.runelite.client.plugins.friendlist.FriendListPlugin@45843650, method=public void net.runelite.client.plugins.friendlist.FriendListPlugin.onChatMessage(net.runelite.api.events.ChatMessage), priority=0.0, lambda=net.runelite.client.plugins.friendlist.FriendListPlugin$$Lambda/0x00000001007fc400@1d0a012b)
2026-04-17 18:24:38 GMT [AWT-EventQueue-0] DEBUG n.r.client.plugins.PluginManager - Scheduled task ScheduledMethod(schedule=@net.runelite.client.task.Schedule(asynchronous=false, period=5L, unit=SECONDS), method=public void net.runelite.client.plugins.friendlist.FriendListPlugin.setHideNotifications(), object=net.runelite.client.plugins.friendlist.FriendListPlugin@45843650, lambda=net.runelite.client.plugins.friendlist.FriendListPlugin$$Lambda/0x0000000100800000@63029dd4, last=2026-04-17T18:24:38.090888591Z)
2026-04-17 18:24:38 GMT [AWT-EventQueue-0] DEBUG n.r.client.plugins.PluginManager - Plugin HunterPlugin is now running
2026-04-17 18:24:38 GMT [AWT-EventQueue-0] DEBUG n.runelite.client.eventbus.EventBus - Registering class net.runelite.client.events.ConfigChanged - EventBus.Subscriber(object=net.runelite.client.plugins.hunter.HunterPlugin@5af5d76f, method=public void net.runelite.client.plugins.hunter.HunterPlugin.onConfigChanged(net.runelite.client.events.ConfigChanged), priority=0.0, lambda=net.runelite.client.plugins.hunter.HunterPlugin$$Lambda/0x0000000100800228@2fdca6e6)
2026-04-17 18:24:38 GMT [AWT-EventQueue-0] DEBUG n.runelite.client.eventbus.EventBus - Registering class net.runelite.api.events.GameObjectSpawned - EventBus.Subscriber(object=net.runelite.client.plugins.hunter.HunterPlugin@5af5d76f, method=public void net.runelite.client.plugins.hunter.HunterPlugin.onGameObjectSpawned(net.runelite.api.events.GameObjectSpawned), priority=0.0, lambda=net.runelite.client.plugins.hunter.HunterPlugin$$Lambda/0x0000000100800460@3c36510d)
2026-04-17 18:24:38 GMT [AWT-EventQueue-0] DEBUG n.runelite.client.eventbus.EventBus - Registering class net.runelite.api.events.GameTick - EventBus.Subscriber(object=net.runelite.client.plugins.hunter.HunterPlugin@5af5d76f, method=public void net.runelite.client.plugins.hunter.HunterPlugin.onGameTick(net.runelite.api.events.GameTick), priority=0.0, lambda=net.runelite.client.plugins.hunter.HunterPlugin$$Lambda/0x0000000100800698@3e4d5c4b)
2026-04-17 18:24:38 GMT [AWT-EventQueue-0] DEBUG n.r.client.plugins.PluginManager - Plugin PestControlPlugin is now running
2026-04-17 18:24:38 GMT [AWT-EventQueue-0] DEBUG n.runelite.client.eventbus.EventBus - Registering class net.runelite.api.events.GameStateChanged - EventBus.Subscriber(object=net.runelite.client.plugins.pestcontrol.PestControlPlugin@337a6d30, method=public void net.runelite.client.plugins.pestcontrol.PestControlPlugin.onGameStateChanged(net.runelite.api.events.GameStateChanged), priority=0.0, lambda=net.runelite.client.plugins.pestcontrol.PestControlPlugin$$Lambda/0x00000001008008d0@23f33c9)
2026-04-17 18:24:38 GMT [AWT-EventQueue-0] DEBUG n.runelite.client.eventbus.EventBus - Registering class net.runelite.api.events.NpcDespawned - EventBus.Subscriber(object=net.runelite.client.plugins.pestcontrol.PestControlPlugin@337a6d30, method=public void net.runelite.client.plugins.pestcontrol.PestControlPlugin.onNpcDespawned(net.runelite.api.events.NpcDespawned), priority=0.0, lambda=net.runelite.client.plugins.pestcontrol.PestControlPlugin$$Lambda/0x0000000100800b08@1657fa20)
2026-04-17 18:24:38 GMT [AWT-EventQueue-0] DEBUG n.runelite.client.eventbus.EventBus - Registering class net.runelite.api.events.NpcSpawned - EventBus.Subscriber(object=net.runelite.client.plugins.pestcontrol.PestControlPlugin@337a6d30, method=public void net.runelite.client.plugins.pestcontrol.PestControlPlugin.onNpcSpawned(net.runelite.api.events.NpcSpawned), priority=0.0, lambda=net.runelite.client.plugins.pestcontrol.PestControlPlugin$$Lambda/0x0000000100800d40@27047d53)
2026-04-17 18:24:38 GMT [AWT-EventQueue-0] DEBUG n.runelite.client.eventbus.EventBus - Registering class net.runelite.api.events.ChatMessage - EventBus.Subscriber(object=net.runelite.client.plugins.pestcontrol.PestControlPlugin@337a6d30, method=public void net.runelite.client.plugins.pestcontrol.PestControlPlugin.onChatMessage(net.runelite.api.events.ChatMessage), priority=0.0, lambda=net.runelite.client.plugins.pestcontrol.PestControlPlugin$$Lambda/0x0000000100800f78@7cdb0d96)
2026-04-17 18:24:38 GMT [AWT-EventQueue-0] DEBUG n.r.client.plugins.PluginManager - Plugin MusicPlugin is now running
2026-04-17 18:24:38 GMT [AWT-EventQueue-0] DEBUG n.runelite.client.eventbus.EventBus - Registering class net.runelite.api.events.GameStateChanged - EventBus.Subscriber(object=net.runelite.client.plugins.music.MusicPlugin@566e142, method=public void net.runelite.client.plugins.music.MusicPlugin.onGameStateChanged(net.runelite.api.events.GameStateChanged), priority=0.0, lambda=net.runelite.client.plugins.music.MusicPlugin$$Lambda/0x00000001008013d8@27781829)
2026-04-17 18:24:38 GMT [AWT-EventQueue-0] DEBUG n.runelite.client.eventbus.EventBus - Registering class net.runelite.client.events.ConfigChanged - EventBus.Subscriber(object=net.runelite.client.plugins.music.MusicPlugin@566e142, method=public void net.runelite.client.plugins.music.MusicPlugin.onConfigChanged(net.runelite.client.events.ConfigChanged), priority=0.0, lambda=net.runelite.client.plugins.music.MusicPlugin$$Lambda/0x0000000100801610@28934e00)
2026-04-17 18:24:38 GMT [AWT-EventQueue-0] DEBUG n.runelite.client.eventbus.EventBus - Registering class net.runelite.api.events.ScriptCallbackEvent - EventBus.Subscriber(object=net.runelite.client.plugins.music.MusicPlugin@566e142, method=private void net.runelite.client.plugins.music.MusicPlugin.onScriptCallbackEvent(net.runelite.api.events.ScriptCallbackEvent), priority=0.0, lambda=net.runelite.client.plugins.music.MusicPlugin$$Lambda/0x0000000100801848@3083ebf6)
2026-04-17 18:24:38 GMT [AWT-EventQueue-0] DEBUG n.runelite.client.eventbus.EventBus - Registering class net.runelite.api.events.VarbitChanged - EventBus.Subscriber(object=net.runelite.client.plugins.music.MusicPlugin@566e142, method=private void net.runelite.client.plugins.music.MusicPlugin.onVarbitChanged(net.runelite.api.events.VarbitChanged), priority=0.0, lambda=net.runelite.client.plugins.music.MusicPlugin$$Lambda/0x0000000100801a80@59557f5b)
2026-04-17 18:24:38 GMT [AWT-EventQueue-0] DEBUG n.runelite.client.eventbus.EventBus - Registering class net.runelite.api.events.SoundEffectPlayed - EventBus.Subscriber(object=net.runelite.client.plugins.music.MusicPlugin@566e142, method=public void net.runelite.client.plugins.music.MusicPlugin.onSoundEffectPlayed(net.runelite.api.events.SoundEffectPlayed), priority=0.0, lambda=net.runelite.client.plugins.music.MusicPlugin$$Lambda/0x0000000100801cb8@4987595e)
2026-04-17 18:24:38 GMT [AWT-EventQueue-0] DEBUG n.runelite.client.eventbus.EventBus - Registering class net.runelite.api.events.VarClientIntChanged - EventBus.Subscriber(object=net.runelite.client.plugins.music.MusicPlugin@566e142, method=public void net.runelite.client.plugins.music.MusicPlugin.onVarClientIntChanged(net.runelite.api.events.VarClientIntChanged), priority=0.0, lambda=net.runelite.client.plugins.music.MusicPlugin$$Lambda/0x0000000100801ef0@76685086)
2026-04-17 18:24:38 GMT [AWT-EventQueue-0] DEBUG n.runelite.client.eventbus.EventBus - Registering class net.runelite.api.events.AreaSoundEffectPlayed - EventBus.Subscriber(object=net.runelite.client.plugins.music.MusicPlugin@566e142, method=public void net.runelite.client.plugins.music.MusicPlugin.onAreaSoundEffectPlayed(net.runelite.api.events.AreaSoundEffectPlayed), priority=0.0, lambda=net.runelite.client.plugins.music.MusicPlugin$$Lambda/0x0000000100802128@45f3f3e2)
2026-04-17 18:24:38 GMT [AWT-EventQueue-0] DEBUG n.runelite.client.eventbus.EventBus - Registering class net.runelite.api.events.AmbientSoundEffectCreated - EventBus.Subscriber(object=net.runelite.client.plugins.music.MusicPlugin@566e142, method=public void net.runelite.client.plugins.music.MusicPlugin.onAmbientSoundEffectCreated(net.runelite.api.events.AmbientSoundEffectCreated), priority=0.0, lambda=net.runelite.client.plugins.music.MusicPlugin$$Lambda/0x0000000100802360@5f77a01b)
2026-04-17 18:24:38 GMT [AWT-EventQueue-0] DEBUG n.runelite.client.eventbus.EventBus - Registering class net.runelite.api.events.WidgetLoaded - EventBus.Subscriber(object=net.runelite.client.plugins.music.MusicPlugin@566e142, method=public void net.runelite.client.plugins.music.MusicPlugin.onWidgetLoaded(net.runelite.api.events.WidgetLoaded), priority=0.0, lambda=net.runelite.client.plugins.music.MusicPlugin$$Lambda/0x0000000100802598@5b5c9674)
2026-04-17 18:24:38 GMT [AWT-EventQueue-0] DEBUG n.r.client.plugins.PluginManager - Plugin TitheFarmPlugin is now running
2026-04-17 18:24:38 GMT [AWT-EventQueue-0] DEBUG n.runelite.client.eventbus.EventBus - Registering class net.runelite.client.events.ConfigChanged - EventBus.Subscriber(object=net.runelite.client.plugins.tithefarm.TitheFarmPlugin@f238e4f, method=public void net.runelite.client.plugins.tithefarm.TitheFarmPlugin.onConfigChanged(net.runelite.client.events.ConfigChanged), priority=0.0, lambda=net.runelite.client.plugins.tithefarm.TitheFarmPlugin$$Lambda/0x00000001008029c8@36ed8eb4)
2026-04-17 18:24:38 GMT [AWT-EventQueue-0] DEBUG n.runelite.client.eventbus.EventBus - Registering class net.runelite.api.events.GameObjectSpawned - EventBus.Subscriber(object=net.runelite.client.plugins.tithefarm.TitheFarmPlugin@f238e4f, method=public void net.runelite.client.plugins.tithefarm.TitheFarmPlugin.onGameObjectSpawned(net.runelite.api.events.GameObjectSpawned), priority=0.0, lambda=net.runelite.client.plugins.tithefarm.TitheFarmPlugin$$Lambda/0x0000000100802c00@3a1eb1d7)
2026-04-17 18:24:38 GMT [AWT-EventQueue-0] DEBUG n.runelite.client.eventbus.EventBus - Registering class net.runelite.api.events.GameTick - EventBus.Subscriber(object=net.runelite.client.plugins.tithefarm.TitheFarmPlugin@f238e4f, method=public void net.runelite.client.plugins.tithefarm.TitheFarmPlugin.onGameTick(net.runelite.api.events.GameTick), priority=0.0, lambda=net.runelite.client.plugins.tithefarm.TitheFarmPlugin$$Lambda/0x0000000100802e38@58e9e880)
2026-04-17 18:24:38 GMT [AWT-EventQueue-0] DEBUG n.r.client.plugins.PluginManager - Plugin BlastFurnacePlugin is now running
2026-04-17 18:24:38 GMT [AWT-EventQueue-0] DEBUG n.runelite.client.eventbus.EventBus - Registering class net.runelite.api.events.GameStateChanged - EventBus.Subscriber(object=net.runelite.client.plugins.blastfurnace.BlastFurnacePlugin@38d80d65, method=public void net.runelite.client.plugins.blastfurnace.BlastFurnacePlugin.onGameStateChanged(net.runelite.api.events.GameStateChanged), priority=0.0, lambda=net.runelite.client.plugins.blastfurnace.BlastFurnacePlugin$$Lambda/0x0000000100803070@79f80c1c)
2026-04-17 18:24:38 GMT [AWT-EventQueue-0] DEBUG n.runelite.client.eventbus.EventBus - Registering class net.runelite.api.events.GameObjectDespawned - EventBus.Subscriber(object=net.runelite.client.plugins.blastfurnace.BlastFurnacePlugin@38d80d65, method=public void net.runelite.client.plugins.blastfurnace.BlastFurnacePlugin.onGameObjectDespawned(net.runelite.api.events.GameObjectDespawned), priority=0.0, lambda=net.runelite.client.plugins.blastfurnace.BlastFurnacePlugin$$Lambda/0x00000001008032a8@37279420)
2026-04-17 18:24:38 GMT [AWT-EventQueue-0] DEBUG n.runelite.client.eventbus.EventBus - Registering class net.runelite.api.events.GameObjectSpawned - EventBus.Subscriber(object=net.runelite.client.plugins.blastfurnace.BlastFurnacePlugin@38d80d65, method=public void net.runelite.client.plugins.blastfurnace.BlastFurnacePlugin.onGameObjectSpawned(net.runelite.api.events.GameObjectSpawned), priority=0.0, lambda=net.runelite.client.plugins.blastfurnace.BlastFurnacePlugin$$Lambda/0x00000001008034e0@64af99e8)
2026-04-17 18:24:38 GMT [AWT-EventQueue-0] DEBUG n.runelite.client.eventbus.EventBus - Registering class net.runelite.api.events.GameTick - EventBus.Subscriber(object=net.runelite.client.plugins.blastfurnace.BlastFurnacePlugin@38d80d65, method=public void net.runelite.client.plugins.blastfurnace.BlastFurnacePlugin.onGameTick(net.runelite.api.events.GameTick), priority=0.0, lambda=net.runelite.client.plugins.blastfurnace.BlastFurnacePlugin$$Lambda/0x0000000100803718@132e7a88)
2026-04-17 18:24:38 GMT [AWT-EventQueue-0] DEBUG n.r.client.plugins.PluginManager - Plugin FriendNotesPlugin is now running
2026-04-17 18:24:38 GMT [AWT-EventQueue-0] DEBUG n.runelite.client.eventbus.EventBus - Registering class net.runelite.client.events.ConfigChanged - EventBus.Subscriber(object=net.runelite.client.plugins.friendnotes.FriendNotesPlugin@2db6d68d, method=public void net.runelite.client.plugins.friendnotes.FriendNotesPlugin.onConfigChanged(net.runelite.client.events.ConfigChanged), priority=0.0, lambda=net.runelite.client.plugins.friendnotes.FriendNotesPlugin$$Lambda/0x0000000100803d88@7b66de0a)
2026-04-17 18:24:38 GMT [AWT-EventQueue-0] DEBUG n.runelite.client.eventbus.EventBus - Registering class net.runelite.api.events.MenuEntryAdded - EventBus.Subscriber(object=net.runelite.client.plugins.friendnotes.FriendNotesPlugin@2db6d68d, method=public void net.runelite.client.plugins.friendnotes.FriendNotesPlugin.onMenuEntryAdded(net.runelite.api.events.MenuEntryAdded), priority=0.0, lambda=net.runelite.client.plugins.friendnotes.FriendNotesPlugin$$Lambda/0x0000000100803fc0@5e374c39)
2026-04-17 18:24:38 GMT [AWT-EventQueue-0] DEBUG n.runelite.client.eventbus.EventBus - Registering class net.runelite.api.events.ScriptCallbackEvent - EventBus.Subscriber(object=net.runelite.client.plugins.friendnotes.FriendNotesPlugin@2db6d68d, method=public void net.runelite.client.plugins.friendnotes.FriendNotesPlugin.onScriptCallbackEvent(net.runelite.api.events.ScriptCallbackEvent), priority=0.0, lambda=net.runelite.client.plugins.friendnotes.FriendNotesPlugin$$Lambda/0x00000001008041f8@fbe3535)
2026-04-17 18:24:38 GMT [AWT-EventQueue-0] DEBUG n.runelite.client.eventbus.EventBus - Registering class net.runelite.api.events.RemovedFriend - EventBus.Subscriber(object=net.runelite.client.plugins.friendnotes.FriendNotesPlugin@2db6d68d, method=public void net.runelite.client.plugins.friendnotes.FriendNotesPlugin.onRemovedFriend(net.runelite.api.events.RemovedFriend), priority=0.0, lambda=net.runelite.client.plugins.friendnotes.FriendNotesPlugin$$Lambda/0x0000000100804430@762a3570)
2026-04-17 18:24:38 GMT [AWT-EventQueue-0] DEBUG n.runelite.client.eventbus.EventBus - Registering class net.runelite.api.events.NameableNameChanged - EventBus.Subscriber(object=net.runelite.client.plugins.friendnotes.FriendNotesPlugin@2db6d68d, method=public void net.runelite.client.plugins.friendnotes.FriendNotesPlugin.onNameableNameChanged(net.runelite.api.events.NameableNameChanged), priority=0.0, lambda=net.runelite.client.plugins.friendnotes.FriendNotesPlugin$$Lambda/0x0000000100804668@6362b51c)
2026-04-17 18:24:38 GMT [AWT-EventQueue-0] DEBUG n.r.client.plugins.PluginManager - Plugin FairyRingPlugin is now running
2026-04-17 18:24:38 GMT [AWT-EventQueue-0] DEBUG n.runelite.client.eventbus.EventBus - Registering class net.runelite.api.events.MenuEntryAdded - EventBus.Subscriber(object=net.runelite.client.plugins.fairyring.FairyRingPlugin@317890ea, method=public void net.runelite.client.plugins.fairyring.FairyRingPlugin.onMenuEntryAdded(net.runelite.api.events.MenuEntryAdded), priority=0.0, lambda=net.runelite.client.plugins.fairyring.FairyRingPlugin$$Lambda/0x00000001008048a0@d5856ee)
2026-04-17 18:24:38 GMT [AWT-EventQueue-0] DEBUG n.runelite.client.eventbus.EventBus - Registering class net.runelite.api.events.ScriptCallbackEvent - EventBus.Subscriber(object=net.runelite.client.plugins.fairyring.FairyRingPlugin@317890ea, method=private void net.runelite.client.plugins.fairyring.FairyRingPlugin.onScriptCallbackEvent(net.runelite.api.events.ScriptCallbackEvent), priority=0.0, lambda=net.runelite.client.plugins.fairyring.FairyRingPlugin$$Lambda/0x0000000100804ad8@36255217)
2026-04-17 18:24:38 GMT [AWT-EventQueue-0] DEBUG n.runelite.client.eventbus.EventBus - Registering class net.runelite.api.events.VarbitChanged - EventBus.Subscriber(object=net.runelite.client.plugins.fairyring.FairyRingPlugin@317890ea, method=public void net.runelite.client.plugins.fairyring.FairyRingPlugin.onVarbitChanged(net.runelite.api.events.VarbitChanged), priority=0.0, lambda=net.runelite.client.plugins.fairyring.FairyRingPlugin$$Lambda/0x0000000100804d10@68376090)
2026-04-17 18:24:38 GMT [AWT-EventQueue-0] DEBUG n.runelite.client.eventbus.EventBus - Registering class net.runelite.api.events.WidgetLoaded - EventBus.Subscriber(object=net.runelite.client.plugins.fairyring.FairyRingPlugin@317890ea, method=public void net.runelite.client.plugins.fairyring.FairyRingPlugin.onWidgetLoaded(net.runelite.api.events.WidgetLoaded), priority=0.0, lambda=net.runelite.client.plugins.fairyring.FairyRingPlugin$$Lambda/0x0000000100804f48@72d115a6)
2026-04-17 18:24:38 GMT [AWT-EventQueue-0] DEBUG n.runelite.client.eventbus.EventBus - Registering class net.runelite.api.events.GameTick - EventBus.Subscriber(object=net.runelite.client.plugins.fairyring.FairyRingPlugin@317890ea, method=public void net.runelite.client.plugins.fairyring.FairyRingPlugin.onGameTick(net.runelite.api.events.GameTick), priority=0.0, lambda=net.runelite.client.plugins.fairyring.FairyRingPlugin$$Lambda/0x0000000100805180@3bd152dd)
2026-04-17 18:24:38 GMT [AWT-EventQueue-0] DEBUG n.runelite.client.eventbus.EventBus - Registering class net.runelite.client.events.ProfileChanged - EventBus.Subscriber(object=net.runelite.client.plugins.prayer.PrayerReorder@76feb7be, method=public void net.runelite.client.plugins.prayer.PrayerReorder.onProfileChanged(net.runelite.client.events.ProfileChanged), priority=0.0, lambda=net.runelite.client.plugins.prayer.PrayerReorder$$Lambda/0x0000000100805a60@66518cc8)
2026-04-17 18:24:38 GMT [AWT-EventQueue-0] DEBUG n.runelite.client.eventbus.EventBus - Registering class net.runelite.api.events.MenuOptionClicked - EventBus.Subscriber(object=net.runelite.client.plugins.prayer.PrayerReorder@76feb7be, method=public void net.runelite.client.plugins.prayer.PrayerReorder.onMenuOptionClicked(net.runelite.api.events.MenuOptionClicked), priority=0.0, lambda=net.runelite.client.plugins.prayer.PrayerReorder$$Lambda/0x0000000100805c98@55ae9ced)
2026-04-17 18:24:38 GMT [AWT-EventQueue-0] DEBUG n.runelite.client.eventbus.EventBus - Registering class net.runelite.api.events.ScriptPostFired - EventBus.Subscriber(object=net.runelite.client.plugins.prayer.PrayerReorder@76feb7be, method=public void net.runelite.client.plugins.prayer.PrayerReorder.onScriptPostFired(net.runelite.api.events.ScriptPostFired), priority=0.0, lambda=net.runelite.client.plugins.prayer.PrayerReorder$$Lambda/0x0000000100805ed0@3cb36378)
2026-04-17 18:24:38 GMT [AWT-EventQueue-0] DEBUG n.runelite.client.eventbus.EventBus - Registering class net.runelite.api.events.WidgetDrag - EventBus.Subscriber(object=net.runelite.client.plugins.prayer.PrayerReorder@76feb7be, method=public void net.runelite.client.plugins.prayer.PrayerReorder.onWidgetDrag(net.runelite.api.events.WidgetDrag), priority=0.0, lambda=net.runelite.client.plugins.prayer.PrayerReorder$$Lambda/0x0000000100806108@76d77cc8)
2026-04-17 18:24:38 GMT [AWT-EventQueue-0] DEBUG n.r.client.plugins.PluginManager - Plugin PrayerPlugin is now running
2026-04-17 18:24:38 GMT [AWT-EventQueue-0] DEBUG n.runelite.client.eventbus.EventBus - Registering class net.runelite.client.events.ConfigChanged - EventBus.Subscriber(object=net.runelite.client.plugins.prayer.PrayerPlugin@100ad67e, method=private void net.runelite.client.plugins.prayer.PrayerPlugin.onConfigChanged(net.runelite.client.events.ConfigChanged), priority=0.0, lambda=net.runelite.client.plugins.prayer.PrayerPlugin$$Lambda/0x0000000100806340@73011273)
2026-04-17 18:24:38 GMT [AWT-EventQueue-0] DEBUG n.runelite.client.eventbus.EventBus - Registering class net.runelite.api.events.ItemContainerChanged - EventBus.Subscriber(object=net.runelite.client.plugins.prayer.PrayerPlugin@100ad67e, method=public void net.runelite.client.plugins.prayer.PrayerPlugin.onItemContainerChanged(net.runelite.api.events.ItemContainerChanged), priority=0.0, lambda=net.runelite.client.plugins.prayer.PrayerPlugin$$Lambda/0x0000000100806578@173297e3)
2026-04-17 18:24:38 GMT [AWT-EventQueue-0] DEBUG n.runelite.client.eventbus.EventBus - Registering class net.runelite.api.events.GameTick - EventBus.Subscriber(object=net.runelite.client.plugins.prayer.PrayerPlugin@100ad67e, method=public void net.runelite.client.plugins.prayer.PrayerPlugin.onGameTick(net.runelite.api.events.GameTick), priority=0.0, lambda=net.runelite.client.plugins.prayer.PrayerPlugin$$Lambda/0x00000001008067b0@4868c76e)
2026-04-17 18:24:38 GMT [AWT-EventQueue-0] DEBUG n.r.client.plugins.PluginManager - Plugin NpcIndicatorsPlugin is now running
2026-04-17 18:24:38 GMT [AWT-EventQueue-0] DEBUG n.runelite.client.eventbus.EventBus - Registering class net.runelite.api.events.GameStateChanged - EventBus.Subscriber(object=net.runelite.client.plugins.npchighlight.NpcIndicatorsPlugin@1e3f0aea, method=public void net.runelite.client.plugins.npchighlight.NpcIndicatorsPlugin.onGameStateChanged(net.runelite.api.events.GameStateChanged), priority=0.0, lambda=net.runelite.client.plugins.npchighlight.NpcIndicatorsPlugin$$Lambda/0x0000000100806c10@58ffd657)
2026-04-17 18:24:38 GMT [AWT-EventQueue-0] DEBUG n.runelite.client.eventbus.EventBus - Registering class net.runelite.client.events.ConfigChanged - EventBus.Subscriber(object=net.runelite.client.plugins.npchighlight.NpcIndicatorsPlugin@1e3f0aea, method=public void net.runelite.client.plugins.npchighlight.NpcIndicatorsPlugin.onConfigChanged(net.runelite.client.events.ConfigChanged), priority=0.0, lambda=net.runelite.client.plugins.npchighlight.NpcIndicatorsPlugin$$Lambda/0x0000000100806e48@278ff482)
2026-04-17 18:24:38 GMT [AWT-EventQueue-0] DEBUG n.runelite.client.eventbus.EventBus - Registering class net.runelite.api.events.MenuEntryAdded - EventBus.Subscriber(object=net.runelite.client.plugins.npchighlight.NpcIndicatorsPlugin@1e3f0aea, method=public void net.runelite.client.plugins.npchighlight.NpcIndicatorsPlugin.onMenuEntryAdded(net.runelite.api.events.MenuEntryAdded), priority=0.0, lambda=net.runelite.client.plugins.npchighlight.NpcIndicatorsPlugin$$Lambda/0x0000000100807080@3c195ea)
2026-04-17 18:24:38 GMT [AWT-EventQueue-0] DEBUG n.runelite.client.eventbus.EventBus - Registering class net.runelite.api.events.GraphicsObjectCreated - EventBus.Subscriber(object=net.runelite.client.plugins.npchighlight.NpcIndicatorsPlugin@1e3f0aea, method=public void net.runelite.client.plugins.npchighlight.NpcIndicatorsPlugin.onGraphicsObjectCreated(net.runelite.api.events.GraphicsObjectCreated), priority=0.0, lambda=net.runelite.client.plugins.npchighlight.NpcIndicatorsPlugin$$Lambda/0x00000001008072b8@1c9b0d59)
2026-04-17 18:24:38 GMT [AWT-EventQueue-0] DEBUG n.runelite.client.eventbus.EventBus - Registering class net.runelite.api.events.NpcDespawned - EventBus.Subscriber(object=net.runelite.client.plugins.npchighlight.NpcIndicatorsPlugin@1e3f0aea, method=public void net.runelite.client.plugins.npchighlight.NpcIndicatorsPlugin.onNpcDespawned(net.runelite.api.events.NpcDespawned), priority=0.0, lambda=net.runelite.client.plugins.npchighlight.NpcIndicatorsPlugin$$Lambda/0x00000001008074f0@63b3139b)
2026-04-17 18:24:38 GMT [AWT-EventQueue-0] DEBUG n.runelite.client.eventbus.EventBus - Registering class net.runelite.api.events.GameTick - EventBus.Subscriber(object=net.runelite.client.plugins.npchighlight.NpcIndicatorsPlugin@1e3f0aea, method=public void net.runelite.client.plugins.npchighlight.NpcIndicatorsPlugin.onGameTick(net.runelite.api.events.GameTick), priority=0.0, lambda=net.runelite.client.plugins.npchighlight.NpcIndicatorsPlugin$$Lambda/0x0000000100807728@25b9c038)
2026-04-17 18:24:38 GMT [AWT-EventQueue-0] DEBUG n.runelite.client.eventbus.EventBus - Registering class net.runelite.api.events.NpcSpawned - EventBus.Subscriber(object=net.runelite.client.plugins.npchighlight.NpcIndicatorsPlugin@1e3f0aea, method=public void net.runelite.client.plugins.npchighlight.NpcIndicatorsPlugin.onNpcSpawned(net.runelite.api.events.NpcSpawned), priority=0.0, lambda=net.runelite.client.plugins.npchighlight.NpcIndicatorsPlugin$$Lambda/0x0000000100807960@276f05a3)
2026-04-17 18:24:38 GMT [AWT-EventQueue-0] DEBUG n.runelite.client.eventbus.EventBus - Registering class net.runelite.api.events.NpcChanged - EventBus.Subscriber(object=net.runelite.client.plugins.npchighlight.NpcIndicatorsPlugin@1e3f0aea, method=public void net.runelite.client.plugins.npchighlight.NpcIndicatorsPlugin.onNpcChanged(net.runelite.api.events.NpcChanged), priority=0.0, lambda=net.runelite.client.plugins.npchighlight.NpcIndicatorsPlugin$$Lambda/0x0000000100807b98@4af2a517)
2026-04-17 18:24:38 GMT [AWT-EventQueue-0] DEBUG n.runelite.client.eventbus.EventBus - Registering class net.runelite.api.events.ScriptPreFired - EventBus.Subscriber(object=net.runelite.client.plugins.wiki.WikiDpsManager@60c1a212, method=public void net.runelite.client.plugins.wiki.WikiDpsManager.onScriptPreFired(net.runelite.api.events.ScriptPreFired), priority=0.0, lambda=net.runelite.client.plugins.wiki.WikiDpsManager$$Lambda/0x0000000100808000@65ae625b)
2026-04-17 18:24:38 GMT [AWT-EventQueue-0] DEBUG n.r.client.plugins.PluginManager - Plugin WikiPlugin is now running
2026-04-17 18:24:38 GMT [AWT-EventQueue-0] DEBUG n.runelite.client.eventbus.EventBus - Registering class net.runelite.client.events.ConfigChanged - EventBus.Subscriber(object=net.runelite.client.plugins.wiki.WikiPlugin@1a1ccaaf, method=public void net.runelite.client.plugins.wiki.WikiPlugin.onConfigChanged(net.runelite.client.events.ConfigChanged), priority=0.0, lambda=net.runelite.client.plugins.wiki.WikiPlugin$$Lambda/0x0000000100808460@242ef427)
2026-04-17 18:24:38 GMT [AWT-EventQueue-0] DEBUG n.runelite.client.eventbus.EventBus - Registering class net.runelite.api.events.MenuEntryAdded - EventBus.Subscriber(object=net.runelite.client.plugins.wiki.WikiPlugin@1a1ccaaf, method=public void net.runelite.client.plugins.wiki.WikiPlugin.onMenuEntryAdded(net.runelite.api.events.MenuEntryAdded), priority=0.0, lambda=net.runelite.client.plugins.wiki.WikiPlugin$$Lambda/0x0000000100808698@acd54da)
2026-04-17 18:24:38 GMT [AWT-EventQueue-0] DEBUG n.runelite.client.eventbus.EventBus - Registering class net.runelite.api.events.MenuOptionClicked - EventBus.Subscriber(object=net.runelite.client.plugins.wiki.WikiPlugin@1a1ccaaf, method=private void net.runelite.client.plugins.wiki.WikiPlugin.onMenuOptionClicked(net.runelite.api.events.MenuOptionClicked), priority=0.0, lambda=net.runelite.client.plugins.wiki.WikiPlugin$$Lambda/0x00000001008088d0@2b5995)
2026-04-17 18:24:38 GMT [AWT-EventQueue-0] DEBUG n.runelite.client.eventbus.EventBus - Registering class net.runelite.api.events.ScriptPostFired - EventBus.Subscriber(object=net.runelite.client.plugins.wiki.WikiPlugin@1a1ccaaf, method=public void net.runelite.client.plugins.wiki.WikiPlugin.onScriptPostFired(net.runelite.api.events.ScriptPostFired), priority=0.0, lambda=net.runelite.client.plugins.wiki.WikiPlugin$$Lambda/0x0000000100808b08@75037cd2)
2026-04-17 18:24:38 GMT [AWT-EventQueue-0] DEBUG n.runelite.client.eventbus.EventBus - Registering class net.runelite.api.events.WidgetLoaded - EventBus.Subscriber(object=net.runelite.client.plugins.wiki.WikiPlugin@1a1ccaaf, method=private void net.runelite.client.plugins.wiki.WikiPlugin.onWidgetLoaded(net.runelite.api.events.WidgetLoaded), priority=0.0, lambda=net.runelite.client.plugins.wiki.WikiPlugin$$Lambda/0x0000000100808d40@44221055)
2026-04-17 18:24:38 GMT [AWT-EventQueue-0] DEBUG n.r.client.plugins.PluginManager - Plugin MinimapPlugin is now running
2026-04-17 18:24:38 GMT [AWT-EventQueue-0] DEBUG n.runelite.client.eventbus.EventBus - Registering class net.runelite.api.events.GameStateChanged - EventBus.Subscriber(object=net.runelite.client.plugins.minimap.MinimapPlugin@64ae105d, method=public void net.runelite.client.plugins.minimap.MinimapPlugin.onGameStateChanged(net.runelite.api.events.GameStateChanged), priority=0.0, lambda=net.runelite.client.plugins.minimap.MinimapPlugin$$Lambda/0x0000000100809a68@1f12e945)
2026-04-17 18:24:38 GMT [AWT-EventQueue-0] DEBUG n.runelite.client.eventbus.EventBus - Registering class net.runelite.client.events.ConfigChanged - EventBus.Subscriber(object=net.runelite.client.plugins.minimap.MinimapPlugin@64ae105d, method=public void net.runelite.client.plugins.minimap.MinimapPlugin.onConfigChanged(net.runelite.client.events.ConfigChanged), priority=0.0, lambda=net.runelite.client.plugins.minimap.MinimapPlugin$$Lambda/0x0000000100809ca0@5c3f1f6f)
2026-04-17 18:24:38 GMT [AWT-EventQueue-0] DEBUG n.runelite.client.eventbus.EventBus - Registering class net.runelite.api.events.ScriptPostFired - EventBus.Subscriber(object=net.runelite.client.plugins.minimap.MinimapPlugin@64ae105d, method=public void net.runelite.client.plugins.minimap.MinimapPlugin.onScriptPostFired(net.runelite.api.events.ScriptPostFired), priority=0.0, lambda=net.runelite.client.plugins.minimap.MinimapPlugin$$Lambda/0x0000000100809ed8@587cbf35)
2026-04-17 18:24:38 GMT [AWT-EventQueue-0] DEBUG n.r.client.plugins.PluginManager - Scheduled task ScheduledMethod(schedule=@net.runelite.client.task.Schedule(asynchronous=true, period=11L, unit=SECONDS), method=public void net.runelite.client.plugins.minimap.MinimapPlugin.saveZoom(), object=net.runelite.client.plugins.minimap.MinimapPlugin@64ae105d, lambda=net.runelite.client.plugins.minimap.MinimapPlugin$$Lambda/0x000000010080a110@46edbad9, last=2026-04-17T18:24:38.193737822Z)
2026-04-17 18:24:38 GMT [AWT-EventQueue-0] DEBUG n.runelite.client.eventbus.EventBus - Registering class net.runelite.client.events.ProfileChanged - EventBus.Subscriber(object=net.runelite.client.plugins.config.PluginListPanel[,0,0,0x0,invalid,layout=java.awt.FlowLayout,alignmentX=0.0,alignmentY=0.0,border=,flags=9,maximumSize=,minimumSize=,preferredSize=], method=private void net.runelite.client.plugins.config.PluginListPanel.onProfileChanged(net.runelite.client.events.ProfileChanged), priority=0.0, lambda=net.runelite.client.plugins.config.PluginListPanel$$Lambda/0x000000010080a338@4cd600b9)
2026-04-17 18:24:38 GMT [AWT-EventQueue-0] DEBUG n.runelite.client.eventbus.EventBus - Registering class net.runelite.client.events.PluginChanged - EventBus.Subscriber(object=net.runelite.client.plugins.config.PluginListPanel[,0,0,0x0,invalid,layout=java.awt.FlowLayout,alignmentX=0.0,alignmentY=0.0,border=,flags=9,maximumSize=,minimumSize=,preferredSize=], method=public void net.runelite.client.plugins.config.PluginListPanel.onPluginChanged(net.runelite.client.events.PluginChanged), priority=0.0, lambda=net.runelite.client.plugins.config.PluginListPanel$$Lambda/0x000000010080a570@3f2de4cd)
2026-04-17 18:24:38 GMT [AWT-EventQueue-0] DEBUG n.runelite.client.eventbus.EventBus - Registering class net.runelite.client.events.ExternalPluginsChanged - EventBus.Subscriber(object=net.runelite.client.plugins.config.PluginListPanel[,0,0,0x0,invalid,layout=java.awt.FlowLayout,alignmentX=0.0,alignmentY=0.0,border=,flags=9,maximumSize=,minimumSize=,preferredSize=], method=private void net.runelite.client.plugins.config.PluginListPanel.onExternalPluginsChanged(net.runelite.client.events.ExternalPluginsChanged), priority=0.0, lambda=net.runelite.client.plugins.config.PluginListPanel$$Lambda/0x000000010080a7a8@163f3bc5)
2026-04-17 18:24:38 GMT [AWT-EventQueue-0] DEBUG n.runelite.client.eventbus.EventBus - Registering class net.runelite.client.events.ProfileChanged - EventBus.Subscriber(object=net.runelite.client.plugins.config.ProfilePanel[,0,0,0x0,invalid,layout=javax.swing.GroupLayout,alignmentX=0.0,alignmentY=0.0,border=javax.swing.border.EmptyBorder@174a8754,flags=329,maximumSize=,minimumSize=,preferredSize=], method=private void net.runelite.client.plugins.config.ProfilePanel.onProfileChanged(net.runelite.client.events.ProfileChanged), priority=0.0, lambda=net.runelite.client.plugins.config.ProfilePanel$$Lambda/0x0000000100815d58@38acee2a)
2026-04-17 18:24:38 GMT [AWT-EventQueue-0] DEBUG n.runelite.client.eventbus.EventBus - Registering class net.runelite.client.events.RuneScapeProfileChanged - EventBus.Subscriber(object=net.runelite.client.plugins.config.ProfilePanel[,0,0,0x0,invalid,layout=javax.swing.GroupLayout,alignmentX=0.0,alignmentY=0.0,border=javax.swing.border.EmptyBorder@174a8754,flags=329,maximumSize=,minimumSize=,preferredSize=], method=private void net.runelite.client.plugins.config.ProfilePanel.onRuneScapeProfileChanged(net.runelite.client.events.RuneScapeProfileChanged), priority=0.0, lambda=net.runelite.client.plugins.config.ProfilePanel$$Lambda/0x0000000100815f90@18ca4b20)
2026-04-17 18:24:38 GMT [AWT-EventQueue-0] DEBUG n.runelite.client.eventbus.EventBus - Registering class net.runelite.client.events.SessionOpen - EventBus.Subscriber(object=net.runelite.client.plugins.config.ProfilePanel[,0,0,0x0,invalid,layout=javax.swing.GroupLayout,alignmentX=0.0,alignmentY=0.0,border=javax.swing.border.EmptyBorder@174a8754,flags=329,maximumSize=,minimumSize=,preferredSize=], method=public void net.runelite.client.plugins.config.ProfilePanel.onSessionOpen(net.runelite.client.events.SessionOpen), priority=0.0, lambda=net.runelite.client.plugins.config.ProfilePanel$$Lambda/0x00000001008161c8@4fb77a1)
2026-04-17 18:24:38 GMT [AWT-EventQueue-0] DEBUG n.runelite.client.eventbus.EventBus - Registering class net.runelite.client.events.SessionClose - EventBus.Subscriber(object=net.runelite.client.plugins.config.ProfilePanel[,0,0,0x0,invalid,layout=javax.swing.GroupLayout,alignmentX=0.0,alignmentY=0.0,border=javax.swing.border.EmptyBorder@174a8754,flags=329,maximumSize=,minimumSize=,preferredSize=], method=public void net.runelite.client.plugins.config.ProfilePanel.onSessionClose(net.runelite.client.events.SessionClose), priority=0.0, lambda=net.runelite.client.plugins.config.ProfilePanel$$Lambda/0x0000000100816400@72ed87fd)
2026-04-17 18:24:38 GMT [AWT-EventQueue-0] DEBUG n.r.client.plugins.PluginManager - Plugin ConfigPlugin is now running
2026-04-17 18:24:38 GMT [AWT-EventQueue-0] DEBUG n.runelite.client.eventbus.EventBus - Registering class net.runelite.client.events.OverlayMenuClicked - EventBus.Subscriber(object=net.runelite.client.plugins.config.ConfigPlugin@1c30cb85, method=public void net.runelite.client.plugins.config.ConfigPlugin.onOverlayMenuClicked(net.runelite.client.events.OverlayMenuClicked), priority=0.0, lambda=net.runelite.client.plugins.config.ConfigPlugin$$Lambda/0x0000000100816860@c3d7676)
2026-04-17 18:24:38 GMT [main] DEBUG net.runelite.client.ui.ClientUI - Graphics device X11GraphicsDevice[screen=0]: bounds java.awt.Rectangle[x=0,y=0,width=1480,height=924] transform: AffineTransform[[2.0, 0.0, 0.0], [0.0, 2.0, 0.0]]
2026-04-17 18:24:38 GMT [main] DEBUG net.runelite.client.util.ReflectUtil - null
java.lang.reflect.InaccessibleObjectException: Unable to make field private transient volatile java.util.Map java.lang.reflect.Executable.declaredAnnotations accessible: module java.base does not "opens java.lang.reflect" to unnamed module @2e554a3b
	at java.base/java.lang.reflect.AccessibleObject.throwInaccessibleObjectException(AccessibleObject.java:391)
	at java.base/java.lang.reflect.AccessibleObject.checkCanSetAccessible(AccessibleObject.java:367)
	at java.base/java.lang.reflect.AccessibleObject.checkCanSetAccessible(AccessibleObject.java:315)
	at java.base/java.lang.reflect.Field.checkCanSetAccessible(Field.java:183)
	at java.base/java.lang.reflect.Field.setAccessible(Field.java:177)
	at net.runelite.client.util.ReflectUtil.uncacheAnnotations(ReflectUtil.java:186)
	at net.runelite.client.util.ReflectUtil.invalidateAnnotationCaches(ReflectUtil.java:146)
	at net.runelite.client.RuneLite.start(RuneLite.java:378)
	at net.runelite.client.RuneLite.main(RuneLite.java:274)
2026-04-17 18:24:38 GMT [main] INFO  net.runelite.client.RuneLite - Client initialization took 8516ms. Uptime: 10204ms
2026-04-17 18:24:38 GMT [OkHttp https://api.runelite.net/...] DEBUG net.runelite.client.TelemetryClient - Submitted telemetry
2026-04-17 18:24:38 GMT [AWT-EventQueue-0] DEBUG net.runelite.client.ui.ClientUI - Showing frame net.runelite.client.ui.ContainableFrame[frame0,342,211,796x503,invalid,layout=java.awt.BorderLayout,title=RuneLite,resizable,normal,defaultCloseOperation=DO_NOTHING_ON_CLOSE,rootPane=javax.swing.JRootPane[,0,0,796x503,layout=javax.swing.JRootPane$RootLayout,alignmentX=0.0,alignmentY=0.0,border=,flags=16777673,maximumSize=,minimumSize=,preferredSize=],rootPaneCheckingEnabled=true]
2026-04-17 18:24:51 GMT [pool-5-thread-1] ERROR n.r.c.util.RunnableExceptionLogger - Uncaught exception in runnable net.runelite.client.plugins.worldhopper.WorldHopperPlugin$$Lambda/0x000000010072ab40@2d48dd97
java.lang.NoClassDefFoundError: Could not initialize class net.runelite.client.plugins.worldhopper.ping.RLLibC
	at net.runelite.client.plugins.worldhopper.ping.Ping.icmpPing(Ping.java:149)
	at net.runelite.client.plugins.worldhopper.ping.Ping.ping(Ping.java:99)
	at net.runelite.client.plugins.worldhopper.WorldHopperPlugin.ping(WorldHopperPlugin.java:965)
	at net.runelite.client.plugins.worldhopper.WorldHopperPlugin.pingNextWorld(WorldHopperPlugin.java:891)
	at net.runelite.client.util.RunnableExceptionLogger.run(RunnableExceptionLogger.java:41)
	at java.base/java.util.concurrent.Executors$RunnableAdapter.call(Executors.java:572)
	at java.base/java.util.concurrent.FutureTask.runAndReset(FutureTask.java:358)
	at java.base/java.util.concurrent.ScheduledThreadPoolExecutor$ScheduledFutureTask.run(ScheduledThreadPoolExecutor.java:305)
	at java.base/java.util.concurrent.ThreadPoolExecutor.runWorker(ThreadPoolExecutor.java:1144)
	at java.base/java.util.concurrent.ThreadPoolExecutor$Worker.run(ThreadPoolExecutor.java:642)
	at java.base/java.lang.Thread.run(Thread.java:1583)
Caused by: java.lang.ExceptionInInitializerError: Exception java.lang.NoClassDefFoundError: Could not initialize class com.sun.jna.Native [in thread "pool-5-thread-1"]
	at net.runelite.client.plugins.worldhopper.ping.RLLibC.<clinit>(RLLibC.java:34)
	at net.runelite.client.plugins.worldhopper.ping.Ping.icmpPing(Ping.java:149)
	at net.runelite.client.plugins.worldhopper.ping.Ping.ping(Ping.java:99)
	at net.runelite.client.plugins.worldhopper.WorldHopperPlugin.ping(WorldHopperPlugin.java:965)
	at net.runelite.client.plugins.worldhopper.WorldHopperPlugin.pingInitialWorlds(WorldHopperPlugin.java:850)
	at net.runelite.client.util.RunnableExceptionLogger.run(RunnableExceptionLogger.java:41)
	at java.base/java.util.concurrent.Executors$RunnableAdapter.call(Executors.java:572)
	at java.base/java.util.concurrent.FutureTask.run(FutureTask.java:317)
	at java.base/java.util.concurrent.ScheduledThreadPoolExecutor$ScheduledFutureTask.run(ScheduledThreadPoolExecutor.java:304)
	... 3 common frames omitted
