--------- beginning of main
04-17 08:29:43.112 I/LorieNative(16758): ExaTrace: putImage accel count=106368 drawableType=0 drawableId=0x600037 geom=2898x1848 size=2912x22 format=2 depth=24
04-17 08:29:43.115 I/LorieNative(16758): DamageTraceV2: PutImage count=104320 drawableType=WINDOW screenPixmap=0 drawable=0xb400007cd98d66b0 geom=2898x1848 box=0,1386-2898,1408 backend=other fn=0x7bd5f2ee24 fn_offset=0x30de24 fbase=0x7bd5c21000 sym=unknown so=/data/app/~~iNwcSjv3C2CZCLwcLxpEtA==/com.termux.x11-1tus8NhfW98goVF914TrYw==/base.apk!/lib/arm64-v8a/libXlorie.so
04-17 08:29:43.182 I/LorieNative(16758): DamageTraceV2: PutImage count=104384 drawableType=WINDOW screenPixmap=0 drawable=0xb400007cd98d66b0 geom=2898x1848 box=0,946-2898,968 backend=other fn=0x7bd5f2ee24 fn_offset=0x30de24 fbase=0x7bd5c21000 sym=unknown so=/data/app/~~iNwcSjv3C2CZCLwcLxpEtA==/com.termux.x11-1tus8NhfW98goVF914TrYw==/base.apk!/lib/arm64-v8a/libXlorie.so
04-17 08:29:43.262 I/LorieNative(16758): ExaTrace: putImage accel count=106496 drawableType=0 drawableId=0x600037 geom=2898x1848 size=2912x22 format=2 depth=24
04-17 08:29:43.267 I/LorieNative(16758): DamageTraceV2: PutImage count=104448 drawableType=WINDOW screenPixmap=0 drawable=0xb400007cd98d66b0 geom=2898x1848 box=0,506-2898,528 backend=other fn=0x7bd5f2ee24 fn_offset=0x30de24 fbase=0x7bd5c21000 sym=unknown so=/data/app/~~iNwcSjv3C2CZCLwcLxpEtA==/com.termux.x11-1tus8NhfW98goVF914TrYw==/base.apk!/lib/arm64-v8a/libXlorie.so
04-17 08:29:43.354 I/LorieNative(16758): DamageTraceV2: PutImage count=104512 drawableType=WINDOW screenPixmap=0 drawable=0xb400007cd98d66b0 geom=2898x1848 box=0,66-2898,88 backend=other fn=0x7bd5f2ee24 fn_offset=0x30de24 fbase=0x7bd5c21000 sym=unknown so=/data/app/~~iNwcSjv3C2CZCLwcLxpEtA==/com.termux.x11-1tus8NhfW98goVF914TrYw==/base.apk!/lib/arm64-v8a/libXlorie.so
04-17 08:29:43.378 I/LorieNative(16758): ExaTrace: putImage accel count=106624 drawableType=0 drawableId=0x600037 geom=2898x1848 size=2912x22 format=2 depth=24
04-17 08:29:43.386 I/LorieNative(16758): DamageTraceV2: PutImage count=104576 drawableType=WINDOW screenPixmap=0 drawable=0xb400007cd98d66b0 geom=2898x1848 box=0,1474-2898,1496 backend=other fn=0x7bd5f2ee24 fn_offset=0x30de24 fbase=0x7bd5c21000 sym=unknown so=/data/app/~~iNwcSjv3C2CZCLwcLxpEtA==/com.termux.x11-1tus8NhfW98goVF914TrYw==/base.apk!/lib/arm64-v8a/libXlorie.so
04-17 08:29:43.476 I/LorieNative(16758): DamageTraceV2: PutImage count=104640 drawableType=WINDOW screenPixmap=0 drawable=0xb400007cd98d66b0 geom=2898x1848 box=0,1034-2898,1056 backend=other fn=0x7bd5f2ee24 fn_offset=0x30de24 fbase=0x7bd5c21000 sym=unknown so=/data/app/~~iNwcSjv3C2CZCLwcLxpEtA==/com.termux.x11-1tus8NhfW98goVF914TrYw==/base.apk!/lib/arm64-v8a/libXlorie.so
04-17 08:29:43.552 I/LorieNative(16758): ExaTrace: putImage accel count=106752 drawableType=0 drawableId=0x600037 geom=2898x1848 size=2912x22 format=2 depth=24
04-17 08:29:43.557 I/LorieNative(16758): DamageTraceV2: PutImage count=104704 drawableType=WINDOW screenPixmap=0 drawable=0xb400007cd98d66b0 geom=2898x1848 box=0,594-2898,616 backend=other fn=0x7bd5f2ee24 fn_offset=0x30de24 fbase=0x7bd5c21000 sym=unknown so=/data/app/~~iNwcSjv3C2CZCLwcLxpEtA==/com.termux.x11-1tus8NhfW98goVF914TrYw==/base.apk!/lib/arm64-v8a/libXlorie.so
04-17 08:29:43.635 I/LorieNative(16758): DamageTraceV2: PutImage count=104768 drawableType=WINDOW screenPixmap=0 drawable=0xb400007cd98d66b0 geom=2898x1848 box=0,154-2898,176 backend=other fn=0x7bd5f2ee24 fn_offset=0x30de24 fbase=0x7bd5c21000 sym=unknown so=/data/app/~~iNwcSjv3C2CZCLwcLxpEtA==/com.termux.x11-1tus8NhfW98goVF914TrYw==/base.apk!/lib/arm64-v8a/libXlorie.so
04-17 08:29:43.644 I/LorieNative(16758): ExaTrace: putImage accel count=106880 drawableType=0 drawableId=0x600037 geom=2898x1848 size=2912x22 format=2 depth=24
04-17 08:29:43.647 I/LorieNative(16758): DamageTraceV2: PutImage count=104832 drawableType=WINDOW screenPixmap=0 drawable=0xb400007cd98d66b0 geom=2898x1848 box=0,1562-2898,1584 backend=other fn=0x7bd5f2ee24 fn_offset=0x30de24 fbase=0x7bd5c21000 sym=unknown so=/data/app/~~iNwcSjv3C2CZCLwcLxpEtA==/com.termux.x11-1tus8NhfW98goVF914TrYw==/base.apk!/lib/arm64-v8a/libXlorie.so
04-17 08:29:43.717 I/LorieNative(16758): DamageTraceV2: PutImage count=104896 drawableType=WINDOW screenPixmap=0 drawable=0xb400007cd98d66b0 geom=2898x1848 box=0,1122-2898,1144 backend=other fn=0x7bd5f2ee24 fn_offset=0x30de24 fbase=0x7bd5c21000 sym=unknown so=/data/app/~~iNwcSjv3C2CZCLwcLxpEtA==/com.termux.x11-1tus8NhfW98goVF914TrYw==/base.apk!/lib/arm64-v8a/libXlorie.so
04-17 08:29:43.792 I/LorieNative(16758): ExaTrace: putImage accel count=107008 drawableType=0 drawableId=0x600037 geom=2898x1848 size=2912x22 format=2 depth=24
04-17 08:29:43.796 I/LorieNative(16758): DamageTraceV2: PutImage count=104960 drawableType=WINDOW screenPixmap=0 drawable=0xb400007cd98d66b0 geom=2898x1848 box=0,682-2898,704 backend=other fn=0x7bd5f2ee24 fn_offset=0x30de24 fbase=0x7bd5c21000 sym=unknown so=/data/app/~~iNwcSjv3C2CZCLwcLxpEtA==/com.termux.x11-1tus8NhfW98goVF914TrYw==/base.apk!/lib/arm64-v8a/libXlorie.so
04-17 08:29:43.874 I/LorieNative(16758): DamageTraceV2: PutImage count=105024 drawableType=WINDOW screenPixmap=0 drawable=0xb400007cd98d66b0 geom=2898x1848 box=0,242-2898,264 backend=other fn=0x7bd5f2ee24 fn_offset=0x30de24 fbase=0x7bd5c21000 sym=unknown so=/data/app/~~iNwcSjv3C2CZCLwcLxpEtA==/com.termux.x11-1tus8NhfW98goVF914TrYw==/base.apk!/lib/arm64-v8a/libXlorie.so
04-17 08:29:43.891 I/LorieNative(16758): ExaTrace: putImage accel count=107136 drawableType=0 drawableId=0x600037 geom=2898x1848 size=2912x22 format=2 depth=24
04-17 08:29:43.894 I/LorieNative(16758): DamageTraceV2: PutImage count=105088 drawableType=WINDOW screenPixmap=0 drawable=0xb400007cd98d66b0 geom=2898x1848 box=0,1650-2898,1672 backend=other fn=0x7bd5f2ee24 fn_offset=0x30de24 fbase=0x7bd5c21000 sym=unknown so=/data/app/~~iNwcSjv3C2CZCLwcLxpEtA==/com.termux.x11-1tus8NhfW98goVF914TrYw==/base.apk!/lib/arm64-v8a/libXlorie.so
04-17 08:29:43.980 I/LorieNative(16758): DamageTraceV2: PutImage count=105152 drawableType=WINDOW screenPixmap=0 drawable=0xb400007cd98d66b0 geom=2898x1848 box=0,1210-2898,1232 backend=other fn=0x7bd5f2ee24 fn_offset=0x30de24 fbase=0x7bd5c21000 sym=unknown so=/data/app/~~iNwcSjv3C2CZCLwcLxpEtA==/com.termux.x11-1tus8NhfW98goVF914TrYw==/base.apk!/lib/arm64-v8a/libXlorie.so
04-17 08:29:44.035 I/LorieNative(16758): ExaTrace: putImage accel count=107264 drawableType=0 drawableId=0x600037 geom=2898x1848 size=2912x22 format=2 depth=24
04-17 08:29:44.038 I/LorieNative(16758): DamageTraceV2: PutImage count=105216 drawableType=WINDOW screenPixmap=0 drawable=0xb400007cd98d66b0 geom=2898x1848 box=0,770-2898,792 backend=other fn=0x7bd5f2ee24 fn_offset=0x30de24 fbase=0x7bd5c21000 sym=unknown so=/data/app/~~iNwcSjv3C2CZCLwcLxpEtA==/com.termux.x11-1tus8NhfW98goVF914TrYw==/base.apk!/lib/arm64-v8a/libXlorie.so
04-17 08:29:44.102 I/LorieNative(16758): DamageTraceV2: PutImage count=105280 drawableType=WINDOW screenPixmap=0 drawable=0xb400007cd98d66b0 geom=2898x1848 box=0,330-2898,352 backend=other fn=0x7bd5f2ee24 fn_offset=0x30de24 fbase=0x7bd5c21000 sym=unknown so=/data/app/~~iNwcSjv3C2CZCLwcLxpEtA==/com.termux.x11-1tus8NhfW98goVF914TrYw==/base.apk!/lib/arm64-v8a/libXlorie.so
04-17 08:29:44.115 I/LorieNative(16758): ExaTrace: putImage accel count=107392 drawableType=0 drawableId=0x600037 geom=2898x1848 size=2912x22 format=2 depth=24
04-17 08:29:44.118 I/LorieNative(16758): DamageTraceV2: PutImage count=105344 drawableType=WINDOW screenPixmap=0 drawable=0xb400007cd98d66b0 geom=2898x1848 box=0,1738-2898,1760 backend=other fn=0x7bd5f2ee24 fn_offset=0x30de24 fbase=0x7bd5c21000 sym=unknown so=/data/app/~~iNwcSjv3C2CZCLwcLxpEtA==/com.termux.x11-1tus8NhfW98goVF914TrYw==/base.apk!/lib/arm64-v8a/libXlorie.so
04-17 08:29:44.189 I/LorieNative(16758): DamageTraceV2: PutImage count=105408 drawableType=WINDOW screenPixmap=0 drawable=0xb400007cd98d66b0 geom=2898x1848 box=0,1298-2898,1320 backend=other fn=0x7bd5f2ee24 fn_offset=0x30de24 fbase=0x7bd5c21000 sym=unknown so=/data/app/~~iNwcSjv3C2CZCLwcLxpEtA==/com.termux.x11-1tus8NhfW98goVF914TrYw==/base.apk!/lib/arm64-v8a/libXlorie.so
04-17 08:29:44.244 I/LorieNative(16758): ExaTrace: putImage accel count=107520 drawableType=0 drawableId=0x600037 geom=2898x1848 size=2912x22 format=2 depth=24
04-17 08:29:44.248 I/LorieNative(16758): DamageTraceV2: PutImage count=105472 drawableType=WINDOW screenPixmap=0 drawable=0xb400007cd98d66b0 geom=2898x1848 box=0,858-2898,880 backend=other fn=0x7bd5f2ee24 fn_offset=0x30de24 fbase=0x7bd5c21000 sym=unknown so=/data/app/~~iNwcSjv3C2CZCLwcLxpEtA==/com.termux.x11-1tus8NhfW98goVF914TrYw==/base.apk!/lib/arm64-v8a/libXlorie.so
04-17 08:29:44.314 I/LorieNative(16758): DamageTraceV2: PutImage count=105536 drawableType=WINDOW screenPixmap=0 drawable=0xb400007cd98d66b0 geom=2898x1848 box=0,418-2898,440 backend=other fn=0x7bd5f2ee24 fn_offset=0x30de24 fbase=0x7bd5c21000 sym=unknown so=/data/app/~~iNwcSjv3C2CZCLwcLxpEtA==/com.termux.x11-1tus8NhfW98goVF914TrYw==/base.apk!/lib/arm64-v8a/libXlorie.so
04-17 08:29:44.322 I/LorieNative(16758): ExaTrace: putImage accel count=107648 drawableType=0 drawableId=0x600037 geom=2898x1848 size=2912x22 format=2 depth=24
04-17 08:29:44.324 I/LorieNative(16758): DamageTraceV2: PutImage count=105600 drawableType=WINDOW screenPixmap=0 drawable=0xb400007cd98d66b0 geom=2898x1848 box=0,1826-2898,1848 backend=other fn=0x7bd5f2ee24 fn_offset=0x30de24 fbase=0x7bd5c21000 sym=unknown so=/data/app/~~iNwcSjv3C2CZCLwcLxpEtA==/com.termux.x11-1tus8NhfW98goVF914TrYw==/base.apk!/lib/arm64-v8a/libXlorie.so
04-17 08:29:44.386 I/LorieNative(16758): DamageTraceV2: PutImage count=105664 drawableType=WINDOW screenPixmap=0 drawable=0xb400007cd98d66b0 geom=2898x1848 box=0,1386-2898,1408 backend=other fn=0x7bd5f2ee24 fn_offset=0x30de24 fbase=0x7bd5c21000 sym=unknown so=/data/app/~~iNwcSjv3C2CZCLwcLxpEtA==/com.termux.x11-1tus8NhfW98goVF914TrYw==/base.apk!/lib/arm64-v8a/libXlorie.so
04-17 08:29:44.451 I/LorieNative(16758): ExaTrace: putImage accel count=107776 drawableType=0 drawableId=0x600037 geom=2898x1848 size=2912x22 format=2 depth=24
04-17 08:29:44.454 I/LorieNative(16758): DamageTraceV2: PutImage count=105728 drawableType=WINDOW screenPixmap=0 drawable=0xb400007cd98d66b0 geom=2898x1848 box=0,946-2898,968 backend=other fn=0x7bd5f2ee24 fn_offset=0x30de24 fbase=0x7bd5c21000 sym=unknown so=/data/app/~~iNwcSjv3C2CZCLwcLxpEtA==/com.termux.x11-1tus8NhfW98goVF914TrYw==/base.apk!/lib/arm64-v8a/libXlorie.so
04-17 08:29:44.526 I/LorieNative(16758): DamageTraceV2: PutImage count=105792 drawableType=WINDOW screenPixmap=0 drawable=0xb400007cd98d66b0 geom=2898x1848 box=0,506-2898,528 backend=other fn=0x7bd5f2ee24 fn_offset=0x30de24 fbase=0x7bd5c21000 sym=unknown so=/data/app/~~iNwcSjv3C2CZCLwcLxpEtA==/com.termux.x11-1tus8NhfW98goVF914TrYw==/base.apk!/lib/arm64-v8a/libXlorie.so
04-17 08:29:44.543 I/LorieNative(16758): ExaTrace: putImage accel count=107904 drawableType=0 drawableId=0x600037 geom=2898x1848 size=2912x22 format=2 depth=24
04-17 08:29:44.609 I/LorieNative(16758): DamageTraceV2: PutImage count=105856 drawableType=WINDOW screenPixmap=0 drawable=0xb400007cd98d66b0 geom=2898x1848 box=0,66-2898,88 backend=other fn=0x7bd5f2ee24 fn_offset=0x30de24 fbase=0x7bd5c21000 sym=unknown so=/data/app/~~iNwcSjv3C2CZCLwcLxpEtA==/com.termux.x11-1tus8NhfW98goVF914TrYw==/base.apk!/lib/arm64-v8a/libXlorie.so
04-17 08:29:44.629 I/LorieNative(16758): DamageTraceV2: PutImage count=105920 drawableType=WINDOW screenPixmap=0 drawable=0xb400007cd98d66b0 geom=2898x1848 box=0,1474-2898,1496 backend=other fn=0x7bd5f2ee24 fn_offset=0x30de24 fbase=0x7bd5c21000 sym=unknown so=/data/app/~~iNwcSjv3C2CZCLwcLxpEtA==/com.termux.x11-1tus8NhfW98goVF914TrYw==/base.apk!/lib/arm64-v8a/libXlorie.so
04-17 08:29:44.704 I/LorieNative(16758): ExaTrace: putImage accel count=108032 drawableType=0 drawableId=0x600037 geom=2898x1848 size=2912x22 format=2 depth=24
04-17 08:29:44.710 I/LorieNative(16758): DamageTraceV2: PutImage count=105984 drawableType=WINDOW screenPixmap=0 drawable=0xb400007cd98d66b0 geom=2898x1848 box=0,1034-2898,1056 backend=other fn=0x7bd5f2ee24 fn_offset=0x30de24 fbase=0x7bd5c21000 sym=unknown so=/data/app/~~iNwcSjv3C2CZCLwcLxpEtA==/com.termux.x11-1tus8NhfW98goVF914TrYw==/base.apk!/lib/arm64-v8a/libXlorie.so
04-17 08:29:44.784 I/LorieNative(16758): DamageTraceV2: PutImage count=106048 drawableType=WINDOW screenPixmap=0 drawable=0xb400007cd98d66b0 geom=2898x1848 box=0,594-2898,616 backend=other fn=0x7bd5f2ee24 fn_offset=0x30de24 fbase=0x7bd5c21000 sym=unknown so=/data/app/~~iNwcSjv3C2CZCLwcLxpEtA==/com.termux.x11-1tus8NhfW98goVF914TrYw==/base.apk!/lib/arm64-v8a/libXlorie.so
04-17 08:29:44.798 I/LorieNative(16758): ExaTrace: putImage accel count=108160 drawableType=0 drawableId=0x600037 geom=2898x1848 size=2912x22 format=2 depth=24
04-17 08:29:44.862 I/LorieNative(16758): DamageTraceV2: PutImage count=106112 drawableType=WINDOW screenPixmap=0 drawable=0xb400007cd98d66b0 geom=2898x1848 box=0,154-2898,176 backend=other fn=0x7bd5f2ee24 fn_offset=0x30de24 fbase=0x7bd5c21000 sym=unknown so=/data/app/~~iNwcSjv3C2CZCLwcLxpEtA==/com.termux.x11-1tus8NhfW98goVF914TrYw==/base.apk!/lib/arm64-v8a/libXlorie.so
04-17 08:29:44.880 I/LorieNative(16758): DamageTraceV2: PutImage count=106176 drawableType=WINDOW screenPixmap=0 drawable=0xb400007cd98d66b0 geom=2898x1848 box=0,1562-2898,1584 backend=other fn=0x7bd5f2ee24 fn_offset=0x30de24 fbase=0x7bd5c21000 sym=unknown so=/data/app/~~iNwcSjv3C2CZCLwcLxpEtA==/com.termux.x11-1tus8NhfW98goVF914TrYw==/base.apk!/lib/arm64-v8a/libXlorie.so
04-17 08:29:44.950 I/LorieNative(16758): ExaTrace: putImage accel count=108288 drawableType=0 drawableId=0x600037 geom=2898x1848 size=2912x22 format=2 depth=24
04-17 08:29:44.953 I/LorieNative(16758): DamageTraceV2: PutImage count=106240 drawableType=WINDOW screenPixmap=0 drawable=0xb400007cd98d66b0 geom=2898x1848 box=0,1122-2898,1144 backend=other fn=0x7bd5f2ee24 fn_offset=0x30de24 fbase=0x7bd5c21000 sym=unknown so=/data/app/~~iNwcSjv3C2CZCLwcLxpEtA==/com.termux.x11-1tus8NhfW98goVF914TrYw==/base.apk!/lib/arm64-v8a/libXlorie.so
04-17 08:29:45.030 I/LorieNative(16758): DamageTraceV2: PutImage count=106304 drawableType=WINDOW screenPixmap=0 drawable=0xb400007cd98d66b0 geom=2898x1848 box=0,682-2898,704 backend=other fn=0x7bd5f2ee24 fn_offset=0x30de24 fbase=0x7bd5c21000 sym=unknown so=/data/app/~~iNwcSjv3C2CZCLwcLxpEtA==/com.termux.x11-1tus8NhfW98goVF914TrYw==/base.apk!/lib/arm64-v8a/libXlorie.so
04-17 08:29:45.042 I/LorieNative(16758): ExaTrace: putImage accel count=108416 drawableType=0 drawableId=0x600037 geom=2898x1848 size=2912x22 format=2 depth=24
04-17 08:29:45.122 I/LorieNative(16758): DamageTraceV2: PutImage count=106368 drawableType=WINDOW screenPixmap=0 drawable=0xb400007cd98d66b0 geom=2898x1848 box=0,242-2898,264 backend=other fn=0x7bd5f2ee24 fn_offset=0x30de24 fbase=0x7bd5c21000 sym=unknown so=/data/app/~~iNwcSjv3C2CZCLwcLxpEtA==/com.termux.x11-1tus8NhfW98goVF914TrYw==/base.apk!/lib/arm64-v8a/libXlorie.so
04-17 08:29:45.147 I/LorieNative(16758): DamageTraceV2: PutImage count=106432 drawableType=WINDOW screenPixmap=0 drawable=0xb400007cd98d66b0 geom=2898x1848 box=0,1650-2898,1672 backend=other fn=0x7bd5f2ee24 fn_offset=0x30de24 fbase=0x7bd5c21000 sym=unknown so=/data/app/~~iNwcSjv3C2CZCLwcLxpEtA==/com.termux.x11-1tus8NhfW98goVF914TrYw==/base.apk!/lib/arm64-v8a/libXlorie.so
04-17 08:29:45.216 I/LorieNative(16758): ExaTrace: putImage accel count=108544 drawableType=0 drawableId=0x600037 geom=2898x1848 size=2912x22 format=2 depth=24
04-17 08:29:45.218 I/LorieNative(16758): DamageTraceV2: PutImage count=106496 drawableType=WINDOW screenPixmap=0 drawable=0xb400007cd98d66b0 geom=2898x1848 box=0,1210-2898,1232 backend=other fn=0x7bd5f2ee24 fn_offset=0x30de24 fbase=0x7bd5c21000 sym=unknown so=/data/app/~~iNwcSjv3C2CZCLwcLxpEtA==/com.termux.x11-1tus8NhfW98goVF914TrYw==/base.apk!/lib/arm64-v8a/libXlorie.so
04-17 08:29:45.270 I/LorieNative(16758): DamageTraceV2: PutImage count=106560 drawableType=WINDOW screenPixmap=0 drawable=0xb400007cd98d66b0 geom=2898x1848 box=0,770-2898,792 backend=other fn=0x7bd5f2ee24 fn_offset=0x30de24 fbase=0x7bd5c21000 sym=unknown so=/data/app/~~iNwcSjv3C2CZCLwcLxpEtA==/com.termux.x11-1tus8NhfW98goVF914TrYw==/base.apk!/lib/arm64-v8a/libXlorie.so
04-17 08:29:45.327 I/LorieNative(16758): ExaTrace: putImage accel count=108672 drawableType=0 drawableId=0x600037 geom=2898x1848 size=2912x22 format=2 depth=24
04-17 08:29:45.332 I/LorieNative(16758): DamageTraceV2: PutImage count=106624 drawableType=WINDOW screenPixmap=0 drawable=0xb400007cd98d66b0 geom=2898x1848 box=0,330-2898,352 backend=other fn=0x7bd5f2ee24 fn_offset=0x30de24 fbase=0x7bd5c21000 sym=unknown so=/data/app/~~iNwcSjv3C2CZCLwcLxpEtA==/com.termux.x11-1tus8NhfW98goVF914TrYw==/base.apk!/lib/arm64-v8a/libXlorie.so
04-17 08:29:45.356 I/LorieNative(16758): DamageTraceV2: PutImage count=106688 drawableType=WINDOW screenPixmap=0 drawable=0xb400007cd98d66b0 geom=2898x1848 box=0,1738-2898,1760 backend=other fn=0x7bd5f2ee24 fn_offset=0x30de24 fbase=0x7bd5c21000 sym=unknown so=/data/app/~~iNwcSjv3C2CZCLwcLxpEtA==/com.termux.x11-1tus8NhfW98goVF914TrYw==/base.apk!/lib/arm64-v8a/libXlorie.so
04-17 08:29:45.432 I/LorieNative(16758): ExaTrace: putImage accel count=108800 drawableType=0 drawableId=0x600037 geom=2898x1848 size=2912x22 format=2 depth=24
04-17 08:29:45.435 I/LorieNative(16758): DamageTraceV2: PutImage count=106752 drawableType=WINDOW screenPixmap=0 drawable=0xb400007cd98d66b0 geom=2898x1848 box=0,1298-2898,1320 backend=other fn=0x7bd5f2ee24 fn_offset=0x30de24 fbase=0x7bd5c21000 sym=unknown so=/data/app/~~iNwcSjv3C2CZCLwcLxpEtA==/com.termux.x11-1tus8NhfW98goVF914TrYw==/base.apk!/lib/arm64-v8a/libXlorie.so
04-17 08:29:45.512 I/LorieNative(16758): DamageTraceV2: PutImage count=106816 drawableType=WINDOW screenPixmap=0 drawable=0xb400007cd98d66b0 geom=2898x1848 box=0,858-2898,880 backend=other fn=0x7bd5f2ee24 fn_offset=0x30de24 fbase=0x7bd5c21000 sym=unknown so=/data/app/~~iNwcSjv3C2CZCLwcLxpEtA==/com.termux.x11-1tus8NhfW98goVF914TrYw==/base.apk!/lib/arm64-v8a/libXlorie.so
04-17 08:29:45.565 I/LorieNative(16758): choreographer callbacks in 5.0 seconds = 119.8 FPS
04-17 08:29:45.565 I/LorieNative(16758): redraw wakeups in 5.0 seconds = 119.8 FPS
04-17 08:29:45.566 I/LorieNative(16758): damage-triggered redraws in 5.0 seconds = 27.0 FPS
04-17 08:29:45.567 I/LorieNative(16758): AhbLockTrace: sticky=0 lock_calls=135 unlock_calls=135 sticky_hits=5253 flush_skipped=0 in 5.0s
04-17 08:29:45.567 I/LorieNative(16758): present flip attempts in 5.0 seconds = 0.0 FPS (accepted 0.0, rejected 0.0)
04-17 08:29:45.567 I/LorieNative(16758): present after-flips in 5.0 seconds = 0.0 FPS
04-17 08:29:45.568 I/LorieNative(16758): 136 frames in 5.0 seconds = 27.2 FPS
04-17 08:29:45.589 I/LorieNative(16758): ExaTrace: putImage accel count=108928 drawableType=0 drawableId=0x600037 geom=2898x1848 size=2912x22 format=2 depth=24
04-17 08:29:45.594 I/LorieNative(16758): DamageTraceV2: PutImage count=106880 drawableType=WINDOW screenPixmap=0 drawable=0xb400007cd98d66b0 geom=2898x1848 box=0,418-2898,440 backend=other fn=0x7bd5f2ee24 fn_offset=0x30de24 fbase=0x7bd5c21000 sym=unknown so=/data/app/~~iNwcSjv3C2CZCLwcLxpEtA==/com.termux.x11-1tus8NhfW98goVF914TrYw==/base.apk!/lib/arm64-v8a/libXlorie.so
04-17 08:29:45.619 I/LorieNative(16758): DamageTraceV2: PutImage count=106944 drawableType=WINDOW screenPixmap=0 drawable=0xb400007cd98d66b0 geom=2898x1848 box=0,1826-2898,1848 backend=other fn=0x7bd5f2ee24 fn_offset=0x30de24 fbase=0x7bd5c21000 sym=unknown so=/data/app/~~iNwcSjv3C2CZCLwcLxpEtA==/com.termux.x11-1tus8NhfW98goVF914TrYw==/base.apk!/lib/arm64-v8a/libXlorie.so
04-17 08:29:45.701 I/LorieNative(16758): ExaTrace: putImage accel count=109056 drawableType=0 drawableId=0x600037 geom=2898x1848 size=2912x22 format=2 depth=24
04-17 08:29:45.709 I/LorieNative(16758): DamageTraceV2: PutImage count=107008 drawableType=WINDOW screenPixmap=0 drawable=0xb400007cd98d66b0 geom=2898x1848 box=0,1386-2898,1408 backend=other fn=0x7bd5f2ee24 fn_offset=0x30de24 fbase=0x7bd5c21000 sym=unknown so=/data/app/~~iNwcSjv3C2CZCLwcLxpEtA==/com.termux.x11-1tus8NhfW98goVF914TrYw==/base.apk!/lib/arm64-v8a/libXlorie.so
04-17 08:29:45.788 I/LorieNative(16758): DamageTraceV2: PutImage count=107072 drawableType=WINDOW screenPixmap=0 drawable=0xb400007cd98d66b0 geom=2898x1848 box=0,946-2898,968 backend=other fn=0x7bd5f2ee24 fn_offset=0x30de24 fbase=0x7bd5c21000 sym=unknown so=/data/app/~~iNwcSjv3C2CZCLwcLxpEtA==/com.termux.x11-1tus8NhfW98goVF914TrYw==/base.apk!/lib/arm64-v8a/libXlorie.so
04-17 08:29:45.868 I/LorieNative(16758): ExaTrace: putImage accel count=109184 drawableType=0 drawableId=0x600037 geom=2898x1848 size=2912x22 format=2 depth=24
04-17 08:29:45.873 I/LorieNative(16758): DamageTraceV2: PutImage count=107136 drawableType=WINDOW screenPixmap=0 drawable=0xb400007cd98d66b0 geom=2898x1848 box=0,506-2898,528 backend=other fn=0x7bd5f2ee24 fn_offset=0x30de24 fbase=0x7bd5c21000 sym=unknown so=/data/app/~~iNwcSjv3C2CZCLwcLxpEtA==/com.termux.x11-1tus8NhfW98goVF914TrYw==/base.apk!/lib/arm64-v8a/libXlorie.so
04-17 08:29:45.949 I/LorieNative(16758): DamageTraceV2: PutImage count=107200 drawableType=WINDOW screenPixmap=0 drawable=0xb400007cd98d66b0 geom=2898x1848 box=0,66-2898,88 backend=other fn=0x7bd5f2ee24 fn_offset=0x30de24 fbase=0x7bd5c21000 sym=unknown so=/data/app/~~iNwcSjv3C2CZCLwcLxpEtA==/com.termux.x11-1tus8NhfW98goVF914TrYw==/base.apk!/lib/arm64-v8a/libXlorie.so
04-17 08:29:45.966 I/LorieNative(16758): ExaTrace: putImage accel count=109312 drawableType=0 drawableId=0x600037 geom=2898x1848 size=2912x22 format=2 depth=24
04-17 08:29:45.968 I/LorieNative(16758): DamageTraceV2: PutImage count=107264 drawableType=WINDOW screenPixmap=0 drawable=0xb400007cd98d66b0 geom=2898x1848 box=0,1474-2898,1496 backend=other fn=0x7bd5f2ee24 fn_offset=0x30de24 fbase=0x7bd5c21000 sym=unknown so=/data/app/~~iNwcSjv3C2CZCLwcLxpEtA==/com.termux.x11-1tus8NhfW98goVF914TrYw==/base.apk!/lib/arm64-v8a/libXlorie.so
04-17 08:29:46.063 I/LorieNative(16758): DamageTraceV2: PutImage count=107328 drawableType=WINDOW screenPixmap=0 drawable=0xb400007cd98d66b0 geom=2898x1848 box=0,1034-2898,1056 backend=other fn=0x7bd5f2ee24 fn_offset=0x30de24 fbase=0x7bd5c21000 sym=unknown so=/data/app/~~iNwcSjv3C2CZCLwcLxpEtA==/com.termux.x11-1tus8NhfW98goVF914TrYw==/base.apk!/lib/arm64-v8a/libXlorie.so
04-17 08:29:46.142 I/LorieNative(16758): ExaTrace: putImage accel count=109440 drawableType=0 drawableId=0x600037 geom=2898x1848 size=2912x22 format=2 depth=24
04-17 08:29:46.149 I/LorieNative(16758): DamageTraceV2: PutImage count=107392 drawableType=WINDOW screenPixmap=0 drawable=0xb400007cd98d66b0 geom=2898x1848 box=0,594-2898,616 backend=other fn=0x7bd5f2ee24 fn_offset=0x30de24 fbase=0x7bd5c21000 sym=unknown so=/data/app/~~iNwcSjv3C2CZCLwcLxpEtA==/com.termux.x11-1tus8NhfW98goVF914TrYw==/base.apk!/lib/arm64-v8a/libXlorie.so
04-17 08:29:46.231 I/LorieNative(16758): DamageTraceV2: PutImage count=107456 drawableType=WINDOW screenPixmap=0 drawable=0xb400007cd98d66b0 geom=2898x1848 box=0,154-2898,176 backend=other fn=0x7bd5f2ee24 fn_offset=0x30de24 fbase=0x7bd5c21000 sym=unknown so=/data/app/~~iNwcSjv3C2CZCLwcLxpEtA==/com.termux.x11-1tus8NhfW98goVF914TrYw==/base.apk!/lib/arm64-v8a/libXlorie.so
04-17 08:29:46.250 I/LorieNative(16758): ExaTrace: putImage accel count=109568 drawableType=0 drawableId=0x600037 geom=2898x1848 size=2912x22 format=2 depth=24
04-17 08:29:46.252 I/LorieNative(16758): DamageTraceV2: PutImage count=107520 drawableType=WINDOW screenPixmap=0 drawable=0xb400007cd98d66b0 geom=2898x1848 box=0,1562-2898,1584 backend=other fn=0x7bd5f2ee24 fn_offset=0x30de24 fbase=0x7bd5c21000 sym=unknown so=/data/app/~~iNwcSjv3C2CZCLwcLxpEtA==/com.termux.x11-1tus8NhfW98goVF914TrYw==/base.apk!/lib/arm64-v8a/libXlorie.so
04-17 08:29:46.329 I/LorieNative(16758): DamageTraceV2: PutImage count=107584 drawableType=WINDOW screenPixmap=0 drawable=0xb400007cd98d66b0 geom=2898x1848 box=0,1122-2898,1144 backend=other fn=0x7bd5f2ee24 fn_offset=0x30de24 fbase=0x7bd5c21000 sym=unknown so=/data/app/~~iNwcSjv3C2CZCLwcLxpEtA==/com.termux.x11-1tus8NhfW98goVF914TrYw==/base.apk!/lib/arm64-v8a/libXlorie.so
04-17 08:29:46.400 I/LorieNative(16758): ExaTrace: putImage accel count=109696 drawableType=0 drawableId=0x600037 geom=2898x1848 size=2912x22 format=2 depth=24
04-17 08:29:46.408 I/LorieNative(16758): DamageTraceV2: PutImage count=107648 drawableType=WINDOW screenPixmap=0 drawable=0xb400007cd98d66b0 geom=2898x1848 box=0,682-2898,704 backend=other fn=0x7bd5f2ee24 fn_offset=0x30de24 fbase=0x7bd5c21000 sym=unknown so=/data/app/~~iNwcSjv3C2CZCLwcLxpEtA==/com.termux.x11-1tus8NhfW98goVF914TrYw==/base.apk!/lib/arm64-v8a/libXlorie.so
04-17 08:29:46.487 I/LorieNative(16758): DamageTraceV2: PutImage count=107712 drawableType=WINDOW screenPixmap=0 drawable=0xb400007cd98d66b0 geom=2898x1848 box=0,242-2898,264 backend=other fn=0x7bd5f2ee24 fn_offset=0x30de24 fbase=0x7bd5c21000 sym=unknown so=/data/app/~~iNwcSjv3C2CZCLwcLxpEtA==/com.termux.x11-1tus8NhfW98goVF914TrYw==/base.apk!/lib/arm64-v8a/libXlorie.so
04-17 08:29:46.504 I/LorieNative(16758): ExaTrace: putImage accel count=109824 drawableType=0 drawableId=0x600037 geom=2898x1848 size=2912x22 format=2 depth=24
04-17 08:29:46.507 I/LorieNative(16758): DamageTraceV2: PutImage count=107776 drawableType=WINDOW screenPixmap=0 drawable=0xb400007cd98d66b0 geom=2898x1848 box=0,1650-2898,1672 backend=other fn=0x7bd5f2ee24 fn_offset=0x30de24 fbase=0x7bd5c21000 sym=unknown so=/data/app/~~iNwcSjv3C2CZCLwcLxpEtA==/com.termux.x11-1tus8NhfW98goVF914TrYw==/base.apk!/lib/arm64-v8a/libXlorie.so
04-17 08:29:46.586 I/LorieNative(16758): DamageTraceV2: PutImage count=107840 drawableType=WINDOW screenPixmap=0 drawable=0xb400007cd98d66b0 geom=2898x1848 box=0,1210-2898,1232 backend=other fn=0x7bd5f2ee24 fn_offset=0x30de24 fbase=0x7bd5c21000 sym=unknown so=/data/app/~~iNwcSjv3C2CZCLwcLxpEtA==/com.termux.x11-1tus8NhfW98goVF914TrYw==/base.apk!/lib/arm64-v8a/libXlorie.so
04-17 08:29:46.659 I/LorieNative(16758): ExaTrace: putImage accel count=109952 drawableType=0 drawableId=0x600037 geom=2898x1848 size=2912x22 format=2 depth=24
04-17 08:29:46.666 I/LorieNative(16758): DamageTraceV2: PutImage count=107904 drawableType=WINDOW screenPixmap=0 drawable=0xb400007cd98d66b0 geom=2898x1848 box=0,770-2898,792 backend=other fn=0x7bd5f2ee24 fn_offset=0x30de24 fbase=0x7bd5c21000 sym=unknown so=/data/app/~~iNwcSjv3C2CZCLwcLxpEtA==/com.termux.x11-1tus8NhfW98goVF914TrYw==/base.apk!/lib/arm64-v8a/libXlorie.so
04-17 08:29:46.746 I/LorieNative(16758): DamageTraceV2: PutImage count=107968 drawableType=WINDOW screenPixmap=0 drawable=0xb400007cd98d66b0 geom=2898x1848 box=0,330-2898,352 backend=other fn=0x7bd5f2ee24 fn_offset=0x30de24 fbase=0x7bd5c21000 sym=unknown so=/data/app/~~iNwcSjv3C2CZCLwcLxpEtA==/com.termux.x11-1tus8NhfW98goVF914TrYw==/base.apk!/lib/arm64-v8a/libXlorie.so
04-17 08:29:46.761 I/LorieNative(16758): ExaTrace: putImage accel count=110080 drawableType=0 drawableId=0x600037 geom=2898x1848 size=2912x22 format=2 depth=24
04-17 08:29:46.766 I/LorieNative(16758): DamageTraceV2: PutImage count=108032 drawableType=WINDOW screenPixmap=0 drawable=0xb400007cd98d66b0 geom=2898x1848 box=0,1738-2898,1760 backend=other fn=0x7bd5f2ee24 fn_offset=0x30de24 fbase=0x7bd5c21000 sym=unknown so=/data/app/~~iNwcSjv3C2CZCLwcLxpEtA==/com.termux.x11-1tus8NhfW98goVF914TrYw==/base.apk!/lib/arm64-v8a/libXlorie.so
04-17 08:29:46.857 I/LorieNative(16758): DamageTraceV2: PutImage count=108096 drawableType=WINDOW screenPixmap=0 drawable=0xb400007cd98d66b0 geom=2898x1848 box=0,1298-2898,1320 backend=other fn=0x7bd5f2ee24 fn_offset=0x30de24 fbase=0x7bd5c21000 sym=unknown so=/data/app/~~iNwcSjv3C2CZCLwcLxpEtA==/com.termux.x11-1tus8NhfW98goVF914TrYw==/base.apk!/lib/arm64-v8a/libXlorie.so
04-17 08:29:46.934 I/LorieNative(16758): ExaTrace: putImage accel count=110208 drawableType=0 drawableId=0x600037 geom=2898x1848 size=2912x22 format=2 depth=24
04-17 08:29:46.938 I/LorieNative(16758): DamageTraceV2: PutImage count=108160 drawableType=WINDOW screenPixmap=0 drawable=0xb400007cd98d66b0 geom=2898x1848 box=0,858-2898,880 backend=other fn=0x7bd5f2ee24 fn_offset=0x30de24 fbase=0x7bd5c21000 sym=unknown so=/data/app/~~iNwcSjv3C2CZCLwcLxpEtA==/com.termux.x11-1tus8NhfW98goVF914TrYw==/base.apk!/lib/arm64-v8a/libXlorie.so
04-17 08:29:47.009 I/LorieNative(16758): DamageTraceV2: PutImage count=108224 drawableType=WINDOW screenPixmap=0 drawable=0xb400007cd98d66b0 geom=2898x1848 box=0,418-2898,440 backend=other fn=0x7bd5f2ee24 fn_offset=0x30de24 fbase=0x7bd5c21000 sym=unknown so=/data/app/~~iNwcSjv3C2CZCLwcLxpEtA==/com.termux.x11-1tus8NhfW98goVF914TrYw==/base.apk!/lib/arm64-v8a/libXlorie.so
04-17 08:29:47.025 I/LorieNative(16758): ExaTrace: putImage accel count=110336 drawableType=0 drawableId=0x600037 geom=2898x1848 size=2912x22 format=2 depth=24
04-17 08:29:47.028 I/LorieNative(16758): DamageTraceV2: PutImage count=108288 drawableType=WINDOW screenPixmap=0 drawable=0xb400007cd98d66b0 geom=2898x1848 box=0,1826-2898,1848 backend=other fn=0x7bd5f2ee24 fn_offset=0x30de24 fbase=0x7bd5c21000 sym=unknown so=/data/app/~~iNwcSjv3C2CZCLwcLxpEtA==/com.termux.x11-1tus8NhfW98goVF914TrYw==/base.apk!/lib/arm64-v8a/libXlorie.so
04-17 08:29:47.114 I/LorieNative(16758): DamageTraceV2: PutImage count=108352 drawableType=WINDOW screenPixmap=0 drawable=0xb400007cd98d66b0 geom=2898x1848 box=0,1386-2898,1408 backend=other fn=0x7bd5f2ee24 fn_offset=0x30de24 fbase=0x7bd5c21000 sym=unknown so=/data/app/~~iNwcSjv3C2CZCLwcLxpEtA==/com.termux.x11-1tus8NhfW98goVF914TrYw==/base.apk!/lib/arm64-v8a/libXlorie.so
04-17 08:29:47.182 I/LorieNative(16758): ExaTrace: putImage accel count=110464 drawableType=0 drawableId=0x600037 geom=2898x1848 size=2912x22 format=2 depth=24
04-17 08:29:47.187 I/LorieNative(16758): DamageTraceV2: PutImage count=108416 drawableType=WINDOW screenPixmap=0 drawable=0xb400007cd98d66b0 geom=2898x1848 box=0,946-2898,968 backend=other fn=0x7bd5f2ee24 fn_offset=0x30de24 fbase=0x7bd5c21000 sym=unknown so=/data/app/~~iNwcSjv3C2CZCLwcLxpEtA==/com.termux.x11-1tus8NhfW98goVF914TrYw==/base.apk!/lib/arm64-v8a/libXlorie.so
04-17 08:29:47.268 I/LorieNative(16758): DamageTraceV2: PutImage count=108480 drawableType=WINDOW screenPixmap=0 drawable=0xb400007cd98d66b0 geom=2898x1848 box=0,506-2898,528 backend=other fn=0x7bd5f2ee24 fn_offset=0x30de24 fbase=0x7bd5c21000 sym=unknown so=/data/app/~~iNwcSjv3C2CZCLwcLxpEtA==/com.termux.x11-1tus8NhfW98goVF914TrYw==/base.apk!/lib/arm64-v8a/libXlorie.so
04-17 08:29:47.277 I/LorieNative(16758): ExaTrace: putImage accel count=110592 drawableType=0 drawableId=0x600037 geom=2898x1848 size=2912x22 format=2 depth=24
04-17 08:29:47.332 I/LorieNative(16758): DamageTraceV2: PutImage count=108544 drawableType=WINDOW screenPixmap=0 drawable=0xb400007cd98d66b0 geom=2898x1848 box=0,66-2898,88 backend=other fn=0x7bd5f2ee24 fn_offset=0x30de24 fbase=0x7bd5c21000 sym=unknown so=/data/app/~~iNwcSjv3C2CZCLwcLxpEtA==/com.termux.x11-1tus8NhfW98goVF914TrYw==/base.apk!/lib/arm64-v8a/libXlorie.so
04-17 08:29:47.351 I/LorieNative(16758): DamageTraceV2: PutImage count=108608 drawableType=WINDOW screenPixmap=0 drawable=0xb400007cd98d66b0 geom=2898x1848 box=0,1474-2898,1496 backend=other fn=0x7bd5f2ee24 fn_offset=0x30de24 fbase=0x7bd5c21000 sym=unknown so=/data/app/~~iNwcSjv3C2CZCLwcLxpEtA==/com.termux.x11-1tus8NhfW98goVF914TrYw==/base.apk!/lib/arm64-v8a/libXlorie.so
04-17 08:29:47.425 I/LorieNative(16758): ExaTrace: putImage accel count=110720 drawableType=0 drawableId=0x600037 geom=2898x1848 size=2912x22 format=2 depth=24
04-17 08:29:47.430 I/LorieNative(16758): DamageTraceV2: PutImage count=108672 drawableType=WINDOW screenPixmap=0 drawable=0xb400007cd98d66b0 geom=2898x1848 box=0,1034-2898,1056 backend=other fn=0x7bd5f2ee24 fn_offset=0x30de24 fbase=0x7bd5c21000 sym=unknown so=/data/app/~~iNwcSjv3C2CZCLwcLxpEtA==/com.termux.x11-1tus8NhfW98goVF914TrYw==/base.apk!/lib/arm64-v8a/libXlorie.so
04-17 08:29:47.505 I/LorieNative(16758): DamageTraceV2: PutImage count=108736 drawableType=WINDOW screenPixmap=0 drawable=0xb400007cd98d66b0 geom=2898x1848 box=0,594-2898,616 backend=other fn=0x7bd5f2ee24 fn_offset=0x30de24 fbase=0x7bd5c21000 sym=unknown so=/data/app/~~iNwcSjv3C2CZCLwcLxpEtA==/com.termux.x11-1tus8NhfW98goVF914TrYw==/base.apk!/lib/arm64-v8a/libXlorie.so
04-17 08:29:47.520 I/LorieNative(16758): ExaTrace: putImage accel count=110848 drawableType=0 drawableId=0x600037 geom=2898x1848 size=2912x22 format=2 depth=24
04-17 08:29:47.580 I/LorieNative(16758): DamageTraceV2: PutImage count=108800 drawableType=WINDOW screenPixmap=0 drawable=0xb400007cd98d66b0 geom=2898x1848 box=0,154-2898,176 backend=other fn=0x7bd5f2ee24 fn_offset=0x30de24 fbase=0x7bd5c21000 sym=unknown so=/data/app/~~iNwcSjv3C2CZCLwcLxpEtA==/com.termux.x11-1tus8NhfW98goVF914TrYw==/base.apk!/lib/arm64-v8a/libXlorie.so
04-17 08:29:47.602 I/LorieNative(16758): DamageTraceV2: PutImage count=108864 drawableType=WINDOW screenPixmap=0 drawable=0xb400007cd98d66b0 geom=2898x1848 box=0,1562-2898,1584 backend=other fn=0x7bd5f2ee24 fn_offset=0x30de24 fbase=0x7bd5c21000 sym=unknown so=/data/app/~~iNwcSjv3C2CZCLwcLxpEtA==/com.termux.x11-1tus8NhfW98goVF914TrYw==/base.apk!/lib/arm64-v8a/libXlorie.so
04-17 08:29:47.661 I/LorieNative(16758): ExaTrace: putImage accel count=110976 drawableType=0 drawableId=0x600037 geom=2898x1848 size=2912x22 format=2 depth=24
04-17 08:29:47.664 I/LorieNative(16758): DamageTraceV2: PutImage count=108928 drawableType=WINDOW screenPixmap=0 drawable=0xb400007cd98d66b0 geom=2898x1848 box=0,1122-2898,1144 backend=other fn=0x7bd5f2ee24 fn_offset=0x30de24 fbase=0x7bd5c21000 sym=unknown so=/data/app/~~iNwcSjv3C2CZCLwcLxpEtA==/com.termux.x11-1tus8NhfW98goVF914TrYw==/base.apk!/lib/arm64-v8a/libXlorie.so
04-17 08:29:47.729 I/LorieNative(16758): DamageTraceV2: PutImage count=108992 drawableType=WINDOW screenPixmap=0 drawable=0xb400007cd98d66b0 geom=2898x1848 box=0,682-2898,704 backend=other fn=0x7bd5f2ee24 fn_offset=0x30de24 fbase=0x7bd5c21000 sym=unknown so=/data/app/~~iNwcSjv3C2CZCLwcLxpEtA==/com.termux.x11-1tus8NhfW98goVF914TrYw==/base.apk!/lib/arm64-v8a/libXlorie.so
04-17 08:29:47.742 I/LorieNative(16758): ExaTrace: putImage accel count=111104 drawableType=0 drawableId=0x600037 geom=2898x1848 size=2912x22 format=2 depth=24
04-17 08:29:47.806 I/LorieNative(16758): DamageTraceV2: PutImage count=109056 drawableType=WINDOW screenPixmap=0 drawable=0xb400007cd98d66b0 geom=2898x1848 box=0,242-2898,264 backend=other fn=0x7bd5f2ee24 fn_offset=0x30de24 fbase=0x7bd5c21000 sym=unknown so=/data/app/~~iNwcSjv3C2CZCLwcLxpEtA==/com.termux.x11-1tus8NhfW98goVF914TrYw==/base.apk!/lib/arm64-v8a/libXlorie.so
04-17 08:29:47.829 I/LorieNative(16758): DamageTraceV2: PutImage count=109120 drawableType=WINDOW screenPixmap=0 drawable=0xb400007cd98d66b0 geom=2898x1848 box=0,1650-2898,1672 backend=other fn=0x7bd5f2ee24 fn_offset=0x30de24 fbase=0x7bd5c21000 sym=unknown so=/data/app/~~iNwcSjv3C2CZCLwcLxpEtA==/com.termux.x11-1tus8NhfW98goVF914TrYw==/base.apk!/lib/arm64-v8a/libXlorie.so
04-17 08:29:47.897 I/LorieNative(16758): ExaTrace: putImage accel count=111232 drawableType=0 drawableId=0x600037 geom=2898x1848 size=2912x22 format=2 depth=24
04-17 08:29:47.900 I/LorieNative(16758): DamageTraceV2: PutImage count=109184 drawableType=WINDOW screenPixmap=0 drawable=0xb400007cd98d66b0 geom=2898x1848 box=0,1210-2898,1232 backend=other fn=0x7bd5f2ee24 fn_offset=0x30de24 fbase=0x7bd5c21000 sym=unknown so=/data/app/~~iNwcSjv3C2CZCLwcLxpEtA==/com.termux.x11-1tus8NhfW98goVF914TrYw==/base.apk!/lib/arm64-v8a/libXlorie.so
04-17 08:29:47.964 I/LorieNative(16758): DamageTraceV2: PutImage count=109248 drawableType=WINDOW screenPixmap=0 drawable=0xb400007cd98d66b0 geom=2898x1848 box=0,770-2898,792 backend=other fn=0x7bd5f2ee24 fn_offset=0x30de24 fbase=0x7bd5c21000 sym=unknown so=/data/app/~~iNwcSjv3C2CZCLwcLxpEtA==/com.termux.x11-1tus8NhfW98goVF914TrYw==/base.apk!/lib/arm64-v8a/libXlorie.so
04-17 08:29:48.031 I/LorieNative(16758): ExaTrace: putImage accel count=111360 drawableType=0 drawableId=0x600037 geom=2898x1848 size=2912x22 format=2 depth=24
04-17 08:29:48.036 I/LorieNative(16758): DamageTraceV2: PutImage count=109312 drawableType=WINDOW screenPixmap=0 drawable=0xb400007cd98d66b0 geom=2898x1848 box=0,330-2898,352 backend=other fn=0x7bd5f2ee24 fn_offset=0x30de24 fbase=0x7bd5c21000 sym=unknown so=/data/app/~~iNwcSjv3C2CZCLwcLxpEtA==/com.termux.x11-1tus8NhfW98goVF914TrYw==/base.apk!/lib/arm64-v8a/libXlorie.so
04-17 08:29:48.055 I/LorieNative(16758): DamageTraceV2: PutImage count=109376 drawableType=WINDOW screenPixmap=0 drawable=0xb400007cd98d66b0 geom=2898x1848 box=0,1738-2898,1760 backend=other fn=0x7bd5f2ee24 fn_offset=0x30de24 fbase=0x7bd5c21000 sym=unknown so=/data/app/~~iNwcSjv3C2CZCLwcLxpEtA==/com.termux.x11-1tus8NhfW98goVF914TrYw==/base.apk!/lib/arm64-v8a/libXlorie.so
04-17 08:29:48.116 I/LorieNative(16758): ExaTrace: putImage accel count=111488 drawableType=0 drawableId=0x600037 geom=2898x1848 size=2912x22 format=2 depth=24
04-17 08:29:48.119 I/LorieNative(16758): DamageTraceV2: PutImage count=109440 drawableType=WINDOW screenPixmap=0 drawable=0xb400007cd98d66b0 geom=2898x1848 box=0,1298-2898,1320 backend=other fn=0x7bd5f2ee24 fn_offset=0x30de24 fbase=0x7bd5c21000 sym=unknown so=/data/app/~~iNwcSjv3C2CZCLwcLxpEtA==/com.termux.x11-1tus8NhfW98goVF914TrYw==/base.apk!/lib/arm64-v8a/libXlorie.so
04-17 08:29:48.195 I/LorieNative(16758): DamageTraceV2: PutImage count=109504 drawableType=WINDOW screenPixmap=0 drawable=0xb400007cd98d66b0 geom=2898x1848 box=0,858-2898,880 backend=other fn=0x7bd5f2ee24 fn_offset=0x30de24 fbase=0x7bd5c21000 sym=unknown so=/data/app/~~iNwcSjv3C2CZCLwcLxpEtA==/com.termux.x11-1tus8NhfW98goVF914TrYw==/base.apk!/lib/arm64-v8a/libXlorie.so
04-17 08:29:48.257 I/LorieNative(16758): ExaTrace: putImage accel count=111616 drawableType=0 drawableId=0x600037 geom=2898x1848 size=2912x22 format=2 depth=24
04-17 08:29:48.259 I/LorieNative(16758): DamageTraceV2: PutImage count=109568 drawableType=WINDOW screenPixmap=0 drawable=0xb400007cd98d66b0 geom=2898x1848 box=0,418-2898,440 backend=other fn=0x7bd5f2ee24 fn_offset=0x30de24 fbase=0x7bd5c21000 sym=unknown so=/data/app/~~iNwcSjv3C2CZCLwcLxpEtA==/com.termux.x11-1tus8NhfW98goVF914TrYw==/base.apk!/lib/arm64-v8a/libXlorie.so
04-17 08:29:48.270 I/LorieNative(16758): DamageTraceV2: PutImage count=109632 drawableType=WINDOW screenPixmap=0 drawable=0xb400007cd98d66b0 geom=2898x1848 box=0,1826-2898,1848 backend=other fn=0x7bd5f2ee24 fn_offset=0x30de24 fbase=0x7bd5c21000 sym=unknown so=/data/app/~~iNwcSjv3C2CZCLwcLxpEtA==/com.termux.x11-1tus8NhfW98goVF914TrYw==/base.apk!/lib/arm64-v8a/libXlorie.so
04-17 08:29:48.344 I/LorieNative(16758): ExaTrace: putImage accel count=111744 drawableType=0 drawableId=0x600037 geom=2898x1848 size=2912x22 format=2 depth=24
04-17 08:29:48.347 I/LorieNative(16758): DamageTraceV2: PutImage count=109696 drawableType=WINDOW screenPixmap=0 drawable=0xb400007cd98d66b0 geom=2898x1848 box=0,1386-2898,1408 backend=other fn=0x7bd5f2ee24 fn_offset=0x30de24 fbase=0x7bd5c21000 sym=unknown so=/data/app/~~iNwcSjv3C2CZCLwcLxpEtA==/com.termux.x11-1tus8NhfW98goVF914TrYw==/base.apk!/lib/arm64-v8a/libXlorie.so
04-17 08:29:48.409 I/LorieNative(16758): DamageTraceV2: PutImage count=109760 drawableType=WINDOW screenPixmap=0 drawable=0xb400007cd98d66b0 geom=2898x1848 box=0,946-2898,968 backend=other fn=0x7bd5f2ee24 fn_offset=0x30de24 fbase=0x7bd5c21000 sym=unknown so=/data/app/~~iNwcSjv3C2CZCLwcLxpEtA==/com.termux.x11-1tus8NhfW98goVF914TrYw==/base.apk!/lib/arm64-v8a/libXlorie.so
04-17 08:29:48.456 I/LorieNative(16758): ExaTrace: putImage accel count=111872 drawableType=0 drawableId=0x600037 geom=2898x1848 size=2912x22 format=2 depth=24
04-17 08:29:48.458 I/LorieNative(16758): DamageTraceV2: PutImage count=109824 drawableType=WINDOW screenPixmap=0 drawable=0xb400007cd98d66b0 geom=2898x1848 box=0,506-2898,528 backend=other fn=0x7bd5f2ee24 fn_offset=0x30de24 fbase=0x7bd5c21000 sym=unknown so=/data/app/~~iNwcSjv3C2CZCLwcLxpEtA==/com.termux.x11-1tus8NhfW98goVF914TrYw==/base.apk!/lib/arm64-v8a/libXlorie.so
04-17 08:29:48.532 I/LorieNative(16758): DamageTraceV2: PutImage count=109888 drawableType=WINDOW screenPixmap=0 drawable=0xb400007cd98d66b0 geom=2898x1848 box=0,66-2898,88 backend=other fn=0x7bd5f2ee24 fn_offset=0x30de24 fbase=0x7bd5c21000 sym=unknown so=/data/app/~~iNwcSjv3C2CZCLwcLxpEtA==/com.termux.x11-1tus8NhfW98goVF914TrYw==/base.apk!/lib/arm64-v8a/libXlorie.so
04-17 08:29:48.548 I/LorieNative(16758): ExaTrace: putImage accel count=112000 drawableType=0 drawableId=0x600037 geom=2898x1848 size=2912x22 format=2 depth=24
04-17 08:29:48.551 I/LorieNative(16758): DamageTraceV2: PutImage count=109952 drawableType=WINDOW screenPixmap=0 drawable=0xb400007cd98d66b0 geom=2898x1848 box=0,1474-2898,1496 backend=other fn=0x7bd5f2ee24 fn_offset=0x30de24 fbase=0x7bd5c21000 sym=unknown so=/data/app/~~iNwcSjv3C2CZCLwcLxpEtA==/com.termux.x11-1tus8NhfW98goVF914TrYw==/base.apk!/lib/arm64-v8a/libXlorie.so
04-17 08:29:48.614 I/LorieNative(16758): DamageTraceV2: PutImage count=110016 drawableType=WINDOW screenPixmap=0 drawable=0xb400007cd98d66b0 geom=2898x1848 box=0,1034-2898,1056 backend=other fn=0x7bd5f2ee24 fn_offset=0x30de24 fbase=0x7bd5c21000 sym=unknown so=/data/app/~~iNwcSjv3C2CZCLwcLxpEtA==/com.termux.x11-1tus8NhfW98goVF914TrYw==/base.apk!/lib/arm64-v8a/libXlorie.so
04-17 08:29:48.672 I/LorieNative(16758): ExaTrace: putImage accel count=112128 drawableType=0 drawableId=0x600037 geom=2898x1848 size=2912x22 format=2 depth=24
04-17 08:29:48.675 I/LorieNative(16758): DamageTraceV2: PutImage count=110080 drawableType=WINDOW screenPixmap=0 drawable=0xb400007cd98d66b0 geom=2898x1848 box=0,594-2898,616 backend=other fn=0x7bd5f2ee24 fn_offset=0x30de24 fbase=0x7bd5c21000 sym=unknown so=/data/app/~~iNwcSjv3C2CZCLwcLxpEtA==/com.termux.x11-1tus8NhfW98goVF914TrYw==/base.apk!/lib/arm64-v8a/libXlorie.so
04-17 08:29:48.740 I/LorieNative(16758): DamageTraceV2: PutImage count=110144 drawableType=WINDOW screenPixmap=0 drawable=0xb400007cd98d66b0 geom=2898x1848 box=0,154-2898,176 backend=other fn=0x7bd5f2ee24 fn_offset=0x30de24 fbase=0x7bd5c21000 sym=unknown so=/data/app/~~iNwcSjv3C2CZCLwcLxpEtA==/com.termux.x11-1tus8NhfW98goVF914TrYw==/base.apk!/lib/arm64-v8a/libXlorie.so
04-17 08:29:48.757 I/LorieNative(16758): ExaTrace: putImage accel count=112256 drawableType=0 drawableId=0x600037 geom=2898x1848 size=2912x22 format=2 depth=24
04-17 08:29:48.761 I/LorieNative(16758): DamageTraceV2: PutImage count=110208 drawableType=WINDOW screenPixmap=0 drawable=0xb400007cd98d66b0 geom=2898x1848 box=0,1562-2898,1584 backend=other fn=0x7bd5f2ee24 fn_offset=0x30de24 fbase=0x7bd5c21000 sym=unknown so=/data/app/~~iNwcSjv3C2CZCLwcLxpEtA==/com.termux.x11-1tus8NhfW98goVF914TrYw==/base.apk!/lib/arm64-v8a/libXlorie.so
04-17 08:29:48.833 I/LorieNative(16758): DamageTraceV2: PutImage count=110272 drawableType=WINDOW screenPixmap=0 drawable=0xb400007cd98d66b0 geom=2898x1848 box=0,1122-2898,1144 backend=other fn=0x7bd5f2ee24 fn_offset=0x30de24 fbase=0x7bd5c21000 sym=unknown so=/data/app/~~iNwcSjv3C2CZCLwcLxpEtA==/com.termux.x11-1tus8NhfW98goVF914TrYw==/base.apk!/lib/arm64-v8a/libXlorie.so
04-17 08:29:48.903 I/LorieNative(16758): ExaTrace: putImage accel count=112384 drawableType=0 drawableId=0x600037 geom=2898x1848 size=2912x22 format=2 depth=24
04-17 08:29:48.907 I/LorieNative(16758): DamageTraceV2: PutImage count=110336 drawableType=WINDOW screenPixmap=0 drawable=0xb400007cd98d66b0 geom=2898x1848 box=0,682-2898,704 backend=other fn=0x7bd5f2ee24 fn_offset=0x30de24 fbase=0x7bd5c21000 sym=unknown so=/data/app/~~iNwcSjv3C2CZCLwcLxpEtA==/com.termux.x11-1tus8NhfW98goVF914TrYw==/base.apk!/lib/arm64-v8a/libXlorie.so
04-17 08:29:48.966 I/LorieNative(16758): DamageTraceV2: PutImage count=110400 drawableType=WINDOW screenPixmap=0 drawable=0xb400007cd98d66b0 geom=2898x1848 box=0,242-2898,264 backend=other fn=0x7bd5f2ee24 fn_offset=0x30de24 fbase=0x7bd5c21000 sym=unknown so=/data/app/~~iNwcSjv3C2CZCLwcLxpEtA==/com.termux.x11-1tus8NhfW98goVF914TrYw==/base.apk!/lib/arm64-v8a/libXlorie.so
04-17 08:29:48.980 I/LorieNative(16758): ExaTrace: putImage accel count=112512 drawableType=0 drawableId=0x600037 geom=2898x1848 size=2912x22 format=2 depth=24
04-17 08:29:48.983 I/LorieNative(16758): DamageTraceV2: PutImage count=110464 drawableType=WINDOW screenPixmap=0 drawable=0xb400007cd98d66b0 geom=2898x1848 box=0,1650-2898,1672 backend=other fn=0x7bd5f2ee24 fn_offset=0x30de24 fbase=0x7bd5c21000 sym=unknown so=/data/app/~~iNwcSjv3C2CZCLwcLxpEtA==/com.termux.x11-1tus8NhfW98goVF914TrYw==/base.apk!/lib/arm64-v8a/libXlorie.so
04-17 08:29:49.050 I/LorieNative(16758): DamageTraceV2: PutImage count=110528 drawableType=WINDOW screenPixmap=0 drawable=0xb400007cd98d66b0 geom=2898x1848 box=0,1210-2898,1232 backend=other fn=0x7bd5f2ee24 fn_offset=0x30de24 fbase=0x7bd5c21000 sym=unknown so=/data/app/~~iNwcSjv3C2CZCLwcLxpEtA==/com.termux.x11-1tus8NhfW98goVF914TrYw==/base.apk!/lib/arm64-v8a/libXlorie.so
04-17 08:29:49.127 I/LorieNative(16758): ExaTrace: putImage accel count=112640 drawableType=0 drawableId=0x600037 geom=2898x1848 size=2912x22 format=2 depth=24
04-17 08:29:49.132 I/LorieNative(16758): DamageTraceV2: PutImage count=110592 drawableType=WINDOW screenPixmap=0 drawable=0xb400007cd98d66b0 geom=2898x1848 box=0,770-2898,792 backend=other fn=0x7bd5f2ee24 fn_offset=0x30de24 fbase=0x7bd5c21000 sym=unknown so=/data/app/~~iNwcSjv3C2CZCLwcLxpEtA==/com.termux.x11-1tus8NhfW98goVF914TrYw==/base.apk!/lib/arm64-v8a/libXlorie.so
04-17 08:29:49.220 I/LorieNative(16758): DamageTraceV2: PutImage count=110656 drawableType=WINDOW screenPixmap=0 drawable=0xb400007cd98d66b0 geom=2898x1848 box=0,330-2898,352 backend=other fn=0x7bd5f2ee24 fn_offset=0x30de24 fbase=0x7bd5c21000 sym=unknown so=/data/app/~~iNwcSjv3C2CZCLwcLxpEtA==/com.termux.x11-1tus8NhfW98goVF914TrYw==/base.apk!/lib/arm64-v8a/libXlorie.so
04-17 08:29:49.235 I/LorieNative(16758): ExaTrace: putImage accel count=112768 drawableType=0 drawableId=0x600037 geom=2898x1848 size=2912x22 format=2 depth=24
04-17 08:29:49.239 I/LorieNative(16758): DamageTraceV2: PutImage count=110720 drawableType=WINDOW screenPixmap=0 drawable=0xb400007cd98d66b0 geom=2898x1848 box=0,1738-2898,1760 backend=other fn=0x7bd5f2ee24 fn_offset=0x30de24 fbase=0x7bd5c21000 sym=unknown so=/data/app/~~iNwcSjv3C2CZCLwcLxpEtA==/com.termux.x11-1tus8NhfW98goVF914TrYw==/base.apk!/lib/arm64-v8a/libXlorie.so
04-17 08:29:49.309 I/LorieNative(16758): DamageTraceV2: PutImage count=110784 drawableType=WINDOW screenPixmap=0 drawable=0xb400007cd98d66b0 geom=2898x1848 box=0,1298-2898,1320 backend=other fn=0x7bd5f2ee24 fn_offset=0x30de24 fbase=0x7bd5c21000 sym=unknown so=/data/app/~~iNwcSjv3C2CZCLwcLxpEtA==/com.termux.x11-1tus8NhfW98goVF914TrYw==/base.apk!/lib/arm64-v8a/libXlorie.so
04-17 08:29:49.364 I/LorieNative(16758): ExaTrace: putImage accel count=112896 drawableType=0 drawableId=0x600037 geom=2898x1848 size=2912x22 format=2 depth=24
04-17 08:29:49.366 I/LorieNative(16758): DamageTraceV2: PutImage count=110848 drawableType=WINDOW screenPixmap=0 drawable=0xb400007cd98d66b0 geom=2898x1848 box=0,858-2898,880 backend=other fn=0x7bd5f2ee24 fn_offset=0x30de24 fbase=0x7bd5c21000 sym=unknown so=/data/app/~~iNwcSjv3C2CZCLwcLxpEtA==/com.termux.x11-1tus8NhfW98goVF914TrYw==/base.apk!/lib/arm64-v8a/libXlorie.so
04-17 08:29:49.430 I/LorieNative(16758): DamageTraceV2: PutImage count=110912 drawableType=WINDOW screenPixmap=0 drawable=0xb400007cd98d66b0 geom=2898x1848 box=0,418-2898,440 backend=other fn=0x7bd5f2ee24 fn_offset=0x30de24 fbase=0x7bd5c21000 sym=unknown so=/data/app/~~iNwcSjv3C2CZCLwcLxpEtA==/com.termux.x11-1tus8NhfW98goVF914TrYw==/base.apk!/lib/arm64-v8a/libXlorie.so
04-17 08:29:49.439 I/LorieNative(16758): ExaTrace: putImage accel count=113024 drawableType=0 drawableId=0x600037 geom=2898x1848 size=2912x22 format=2 depth=24
04-17 08:29:49.442 I/LorieNative(16758): DamageTraceV2: PutImage count=110976 drawableType=WINDOW screenPixmap=0 drawable=0xb400007cd98d66b0 geom=2898x1848 box=0,1826-2898,1848 backend=other fn=0x7bd5f2ee24 fn_offset=0x30de24 fbase=0x7bd5c21000 sym=unknown so=/data/app/~~iNwcSjv3C2CZCLwcLxpEtA==/com.termux.x11-1tus8NhfW98goVF914TrYw==/base.apk!/lib/arm64-v8a/libXlorie.so
04-17 08:29:49.516 I/LorieNative(16758): DamageTraceV2: PutImage count=111040 drawableType=WINDOW screenPixmap=0 drawable=0xb400007cd98d66b0 geom=2898x1848 box=0,1386-2898,1408 backend=other fn=0x7bd5f2ee24 fn_offset=0x30de24 fbase=0x7bd5c21000 sym=unknown so=/data/app/~~iNwcSjv3C2CZCLwcLxpEtA==/com.termux.x11-1tus8NhfW98goVF914TrYw==/base.apk!/lib/arm64-v8a/libXlorie.so
04-17 08:29:49.597 I/LorieNative(16758): ExaTrace: putImage accel count=113152 drawableType=0 drawableId=0x600037 geom=2898x1848 size=2912x22 format=2 depth=24
04-17 08:29:49.600 I/LorieNative(16758): DamageTraceV2: PutImage count=111104 drawableType=WINDOW screenPixmap=0 drawable=0xb400007cd98d66b0 geom=2898x1848 box=0,946-2898,968 backend=other fn=0x7bd5f2ee24 fn_offset=0x30de24 fbase=0x7bd5c21000 sym=unknown so=/data/app/~~iNwcSjv3C2CZCLwcLxpEtA==/com.termux.x11-1tus8NhfW98goVF914TrYw==/base.apk!/lib/arm64-v8a/libXlorie.so
04-17 08:29:49.698 I/LorieNative(16758): DamageTraceV2: PutImage count=111168 drawableType=WINDOW screenPixmap=0 drawable=0xb400007cd98d66b0 geom=2898x1848 box=0,506-2898,528 backend=other fn=0x7bd5f2ee24 fn_offset=0x30de24 fbase=0x7bd5c21000 sym=unknown so=/data/app/~~iNwcSjv3C2CZCLwcLxpEtA==/com.termux.x11-1tus8NhfW98goVF914TrYw==/base.apk!/lib/arm64-v8a/libXlorie.so
04-17 08:29:49.718 I/LorieNative(16758): ExaTrace: putImage accel count=113280 drawableType=0 drawableId=0x600037 geom=2898x1848 size=2912x22 format=2 depth=24
04-17 08:29:49.790 I/LorieNative(16758): DamageTraceV2: PutImage count=111232 drawableType=WINDOW screenPixmap=0 drawable=0xb400007cd98d66b0 geom=2898x1848 box=0,66-2898,88 backend=other fn=0x7bd5f2ee24 fn_offset=0x30de24 fbase=0x7bd5c21000 sym=unknown so=/data/app/~~iNwcSjv3C2CZCLwcLxpEtA==/com.termux.x11-1tus8NhfW98goVF914TrYw==/base.apk!/lib/arm64-v8a/libXlorie.so
04-17 08:29:49.800 I/LorieNative(16758): DamageTraceV2: PutImage count=111296 drawableType=WINDOW screenPixmap=0 drawable=0xb400007cd98d66b0 geom=2898x1848 box=0,1474-2898,1496 backend=other fn=0x7bd5f2ee24 fn_offset=0x30de24 fbase=0x7bd5c21000 sym=unknown so=/data/app/~~iNwcSjv3C2CZCLwcLxpEtA==/com.termux.x11-1tus8NhfW98goVF914TrYw==/base.apk!/lib/arm64-v8a/libXlorie.so
04-17 08:29:49.863 I/LorieNative(16758): ExaTrace: putImage accel count=113408 drawableType=0 drawableId=0x600037 geom=2898x1848 size=2912x22 format=2 depth=24
04-17 08:29:49.867 I/LorieNative(16758): DamageTraceV2: PutImage count=111360 drawableType=WINDOW screenPixmap=0 drawable=0xb400007cd98d66b0 geom=2898x1848 box=0,1034-2898,1056 backend=other fn=0x7bd5f2ee24 fn_offset=0x30de24 fbase=0x7bd5c21000 sym=unknown so=/data/app/~~iNwcSjv3C2CZCLwcLxpEtA==/com.termux.x11-1tus8NhfW98goVF914TrYw==/base.apk!/lib/arm64-v8a/libXlorie.so
04-17 08:29:49.941 I/LorieNative(16758): DamageTraceV2: PutImage count=111424 drawableType=WINDOW screenPixmap=0 drawable=0xb400007cd98d66b0 geom=2898x1848 box=0,594-2898,616 backend=other fn=0x7bd5f2ee24 fn_offset=0x30de24 fbase=0x7bd5c21000 sym=unknown so=/data/app/~~iNwcSjv3C2CZCLwcLxpEtA==/com.termux.x11-1tus8NhfW98goVF914TrYw==/base.apk!/lib/arm64-v8a/libXlorie.so
04-17 08:29:49.955 I/LorieNative(16758): ExaTrace: putImage accel count=113536 drawableType=0 drawableId=0x600037 geom=2898x1848 size=2912x22 format=2 depth=24
04-17 08:29:50.011 I/LorieNative(16758): DamageTraceV2: PutImage count=111488 drawableType=WINDOW screenPixmap=0 drawable=0xb400007cd98d66b0 geom=2898x1848 box=0,154-2898,176 backend=other fn=0x7bd5f2ee24 fn_offset=0x30de24 fbase=0x7bd5c21000 sym=unknown so=/data/app/~~iNwcSjv3C2CZCLwcLxpEtA==/com.termux.x11-1tus8NhfW98goVF914TrYw==/base.apk!/lib/arm64-v8a/libXlorie.so
04-17 08:29:50.021 I/LorieNative(16758): DamageTraceV2: PutImage count=111552 drawableType=WINDOW screenPixmap=0 drawable=0xb400007cd98d66b0 geom=2898x1848 box=0,1562-2898,1584 backend=other fn=0x7bd5f2ee24 fn_offset=0x30de24 fbase=0x7bd5c21000 sym=unknown so=/data/app/~~iNwcSjv3C2CZCLwcLxpEtA==/com.termux.x11-1tus8NhfW98goVF914TrYw==/base.apk!/lib/arm64-v8a/libXlorie.so
04-17 08:29:50.093 I/LorieNative(16758): ExaTrace: putImage accel count=113664 drawableType=0 drawableId=0x600037 geom=2898x1848 size=2912x22 format=2 depth=24
04-17 08:29:50.098 I/LorieNative(16758): DamageTraceV2: PutImage count=111616 drawableType=WINDOW screenPixmap=0 drawable=0xb400007cd98d66b0 geom=2898x1848 box=0,1122-2898,1144 backend=other fn=0x7bd5f2ee24 fn_offset=0x30de24 fbase=0x7bd5c21000 sym=unknown so=/data/app/~~iNwcSjv3C2CZCLwcLxpEtA==/com.termux.x11-1tus8NhfW98goVF914TrYw==/base.apk!/lib/arm64-v8a/libXlorie.so
04-17 08:29:50.170 I/LorieNative(16758): DamageTraceV2: PutImage count=111680 drawableType=WINDOW screenPixmap=0 drawable=0xb400007cd98d66b0 geom=2898x1848 box=0,682-2898,704 backend=other fn=0x7bd5f2ee24 fn_offset=0x30de24 fbase=0x7bd5c21000 sym=unknown so=/data/app/~~iNwcSjv3C2CZCLwcLxpEtA==/com.termux.x11-1tus8NhfW98goVF914TrYw==/base.apk!/lib/arm64-v8a/libXlorie.so
04-17 08:29:50.183 I/LorieNative(16758): ExaTrace: putImage accel count=113792 drawableType=0 drawableId=0x600037 geom=2898x1848 size=2912x22 format=2 depth=24
04-17 08:29:50.244 I/LorieNative(16758): DamageTraceV2: PutImage count=111744 drawableType=WINDOW screenPixmap=0 drawable=0xb400007cd98d66b0 geom=2898x1848 box=0,242-2898,264 backend=other fn=0x7bd5f2ee24 fn_offset=0x30de24 fbase=0x7bd5c21000 sym=unknown so=/data/app/~~iNwcSjv3C2CZCLwcLxpEtA==/com.termux.x11-1tus8NhfW98goVF914TrYw==/base.apk!/lib/arm64-v8a/libXlorie.so
04-17 08:29:50.257 I/LorieNative(16758): DamageTraceV2: PutImage count=111808 drawableType=WINDOW screenPixmap=0 drawable=0xb400007cd98d66b0 geom=2898x1848 box=0,1650-2898,1672 backend=other fn=0x7bd5f2ee24 fn_offset=0x30de24 fbase=0x7bd5c21000 sym=unknown so=/data/app/~~iNwcSjv3C2CZCLwcLxpEtA==/com.termux.x11-1tus8NhfW98goVF914TrYw==/base.apk!/lib/arm64-v8a/libXlorie.so
04-17 08:29:50.309 I/LorieNative(16758): ExaTrace: putImage accel count=113920 drawableType=0 drawableId=0x600037 geom=2898x1848 size=2912x22 format=2 depth=24
04-17 08:29:50.312 I/LorieNative(16758): DamageTraceV2: PutImage count=111872 drawableType=WINDOW screenPixmap=0 drawable=0xb400007cd98d66b0 geom=2898x1848 box=0,1210-2898,1232 backend=other fn=0x7bd5f2ee24 fn_offset=0x30de24 fbase=0x7bd5c21000 sym=unknown so=/data/app/~~iNwcSjv3C2CZCLwcLxpEtA==/com.termux.x11-1tus8NhfW98goVF914TrYw==/base.apk!/lib/arm64-v8a/libXlorie.so
04-17 08:29:50.403 I/LorieNative(16758): DamageTraceV2: PutImage count=111936 drawableType=WINDOW screenPixmap=0 drawable=0xb400007cd98d66b0 geom=2898x1848 box=0,770-2898,792 backend=other fn=0x7bd5f2ee24 fn_offset=0x30de24 fbase=0x7bd5c21000 sym=unknown so=/data/app/~~iNwcSjv3C2CZCLwcLxpEtA==/com.termux.x11-1tus8NhfW98goVF914TrYw==/base.apk!/lib/arm64-v8a/libXlorie.so
04-17 08:29:50.471 I/LorieNative(16758): ExaTrace: putImage accel count=114048 drawableType=0 drawableId=0x600037 geom=2898x1848 size=2912x22 format=2 depth=24
04-17 08:29:50.473 I/LorieNative(16758): DamageTraceV2: PutImage count=112000 drawableType=WINDOW screenPixmap=0 drawable=0xb400007cd98d66b0 geom=2898x1848 box=0,330-2898,352 backend=other fn=0x7bd5f2ee24 fn_offset=0x30de24 fbase=0x7bd5c21000 sym=unknown so=/data/app/~~iNwcSjv3C2CZCLwcLxpEtA==/com.termux.x11-1tus8NhfW98goVF914TrYw==/base.apk!/lib/arm64-v8a/libXlorie.so
04-17 08:29:50.483 I/LorieNative(16758): DamageTraceV2: PutImage count=112064 drawableType=WINDOW screenPixmap=0 drawable=0xb400007cd98d66b0 geom=2898x1848 box=0,1738-2898,1760 backend=other fn=0x7bd5f2ee24 fn_offset=0x30de24 fbase=0x7bd5c21000 sym=unknown so=/data/app/~~iNwcSjv3C2CZCLwcLxpEtA==/com.termux.x11-1tus8NhfW98goVF914TrYw==/base.apk!/lib/arm64-v8a/libXlorie.so
04-17 08:29:50.562 I/LorieNative(16758): ExaTrace: putImage accel count=114176 drawableType=0 drawableId=0x600037 geom=2898x1848 size=2912x22 format=2 depth=24
04-17 08:29:50.566 I/LorieNative(16758): DamageTraceV2: PutImage count=112128 drawableType=WINDOW screenPixmap=0 drawable=0xb400007cd98d66b0 geom=2898x1848 box=0,1298-2898,1320 backend=other fn=0x7bd5f2ee24 fn_offset=0x30de24 fbase=0x7bd5c21000 sym=unknown so=/data/app/~~iNwcSjv3C2CZCLwcLxpEtA==/com.termux.x11-1tus8NhfW98goVF914TrYw==/base.apk!/lib/arm64-v8a/libXlorie.so
04-17 08:29:50.571 I/LorieNative(16758): choreographer callbacks in 5.0 seconds = 120.2 FPS
04-17 08:29:50.572 I/LorieNative(16758): redraw wakeups in 5.0 seconds = 120.2 FPS
04-17 08:29:50.572 I/LorieNative(16758): damage-triggered redraws in 5.0 seconds = 31.2 FPS
04-17 08:29:50.572 I/LorieNative(16758): AhbLockTrace: sticky=0 lock_calls=156 unlock_calls=156 sticky_hits=5292 flush_skipped=0 in 5.0s
04-17 08:29:50.572 I/LorieNative(16758): present flip attempts in 5.0 seconds = 0.0 FPS (accepted 0.0, rejected 0.0)
04-17 08:29:50.572 I/LorieNative(16758): present after-flips in 5.0 seconds = 0.0 FPS
04-17 08:29:50.572 I/LorieNative(16758): 155 frames in 5.0 seconds = 31.0 FPS
04-17 08:29:50.637 I/LorieNative(16758): DamageTraceV2: PutImage count=112192 drawableType=WINDOW screenPixmap=0 drawable=0xb400007cd98d66b0 geom=2898x1848 box=0,858-2898,880 backend=other fn=0x7bd5f2ee24 fn_offset=0x30de24 fbase=0x7bd5c21000 sym=unknown so=/data/app/~~iNwcSjv3C2CZCLwcLxpEtA==/com.termux.x11-1tus8NhfW98goVF914TrYw==/base.apk!/lib/arm64-v8a/libXlorie.so
04-17 08:29:50.702 I/LorieNative(16758): ExaTrace: putImage accel count=114304 drawableType=0 drawableId=0x600037 geom=2898x1848 size=2912x22 format=2 depth=24
04-17 08:29:50.704 I/LorieNative(16758): DamageTraceV2: PutImage count=112256 drawableType=WINDOW screenPixmap=0 drawable=0xb400007cd98d66b0 geom=2898x1848 box=0,418-2898,440 backend=other fn=0x7bd5f2ee24 fn_offset=0x30de24 fbase=0x7bd5c21000 sym=unknown so=/data/app/~~iNwcSjv3C2CZCLwcLxpEtA==/com.termux.x11-1tus8NhfW98goVF914TrYw==/base.apk!/lib/arm64-v8a/libXlorie.so
04-17 08:29:50.721 I/LorieNative(16758): DamageTraceV2: PutImage count=112320 drawableType=WINDOW screenPixmap=0 drawable=0xb400007cd98d66b0 geom=2898x1848 box=0,1826-2898,1848 backend=other fn=0x7bd5f2ee24 fn_offset=0x30de24 fbase=0x7bd5c21000 sym=unknown so=/data/app/~~iNwcSjv3C2CZCLwcLxpEtA==/com.termux.x11-1tus8NhfW98goVF914TrYw==/base.apk!/lib/arm64-v8a/libXlorie.so
04-17 08:29:50.793 I/LorieNative(16758): ExaTrace: putImage accel count=114432 drawableType=0 drawableId=0x600037 geom=2898x1848 size=2912x22 format=2 depth=24
04-17 08:29:50.795 I/LorieNative(16758): DamageTraceV2: PutImage count=112384 drawableType=WINDOW screenPixmap=0 drawable=0xb400007cd98d66b0 geom=2898x1848 box=0,1386-2898,1408 backend=other fn=0x7bd5f2ee24 fn_offset=0x30de24 fbase=0x7bd5c21000 sym=unknown so=/data/app/~~iNwcSjv3C2CZCLwcLxpEtA==/com.termux.x11-1tus8NhfW98goVF914TrYw==/base.apk!/lib/arm64-v8a/libXlorie.so
04-17 08:29:50.875 I/LorieNative(16758): DamageTraceV2: PutImage count=112448 drawableType=WINDOW screenPixmap=0 drawable=0xb400007cd98d66b0 geom=2898x1848 box=0,946-2898,968 backend=other fn=0x7bd5f2ee24 fn_offset=0x30de24 fbase=0x7bd5c21000 sym=unknown so=/data/app/~~iNwcSjv3C2CZCLwcLxpEtA==/com.termux.x11-1tus8NhfW98goVF914TrYw==/base.apk!/lib/arm64-v8a/libXlorie.so
04-17 08:29:50.949 I/LorieNative(16758): ExaTrace: putImage accel count=114560 drawableType=0 drawableId=0x600037 geom=2898x1848 size=2912x22 format=2 depth=24
04-17 08:29:50.952 I/LorieNative(16758): DamageTraceV2: PutImage count=112512 drawableType=WINDOW screenPixmap=0 drawable=0xb400007cd98d66b0 geom=2898x1848 box=0,506-2898,528 backend=other fn=0x7bd5f2ee24 fn_offset=0x30de24 fbase=0x7bd5c21000 sym=unknown so=/data/app/~~iNwcSjv3C2CZCLwcLxpEtA==/com.termux.x11-1tus8NhfW98goVF914TrYw==/base.apk!/lib/arm64-v8a/libXlorie.so
04-17 08:29:51.022 I/LorieNative(16758): DamageTraceV2: PutImage count=112576 drawableType=WINDOW screenPixmap=0 drawable=0xb400007cd98d66b0 geom=2898x1848 box=0,66-2898,88 backend=other fn=0x7bd5f2ee24 fn_offset=0x30de24 fbase=0x7bd5c21000 sym=unknown so=/data/app/~~iNwcSjv3C2CZCLwcLxpEtA==/com.termux.x11-1tus8NhfW98goVF914TrYw==/base.apk!/lib/arm64-v8a/libXlorie.so
04-17 08:29:51.034 I/LorieNative(16758): ExaTrace: putImage accel count=114688 drawableType=0 drawableId=0x600037 geom=2898x1848 size=2912x22 format=2 depth=24
04-17 08:29:51.036 I/LorieNative(16758): DamageTraceV2: PutImage count=112640 drawableType=WINDOW screenPixmap=0 drawable=0xb400007cd98d66b0 geom=2898x1848 box=0,1474-2898,1496 backend=other fn=0x7bd5f2ee24 fn_offset=0x30de24 fbase=0x7bd5c21000 sym=unknown so=/data/app/~~iNwcSjv3C2CZCLwcLxpEtA==/com.termux.x11-1tus8NhfW98goVF914TrYw==/base.apk!/lib/arm64-v8a/libXlorie.so
04-17 08:29:51.103 I/LorieNative(16758): DamageTraceV2: PutImage count=112704 drawableType=WINDOW screenPixmap=0 drawable=0xb400007cd98d66b0 geom=2898x1848 box=0,1034-2898,1056 backend=other fn=0x7bd5f2ee24 fn_offset=0x30de24 fbase=0x7bd5c21000 sym=unknown so=/data/app/~~iNwcSjv3C2CZCLwcLxpEtA==/com.termux.x11-1tus8NhfW98goVF914TrYw==/base.apk!/lib/arm64-v8a/libXlorie.so
04-17 08:29:51.160 I/LorieNative(16758): ExaTrace: putImage accel count=114816 drawableType=0 drawableId=0x600037 geom=2898x1848 size=2912x22 format=2 depth=24
04-17 08:29:51.163 I/LorieNative(16758): DamageTraceV2: PutImage count=112768 drawableType=WINDOW screenPixmap=0 drawable=0xb400007cd98d66b0 geom=2898x1848 box=0,594-2898,616 backend=other fn=0x7bd5f2ee24 fn_offset=0x30de24 fbase=0x7bd5c21000 sym=unknown so=/data/app/~~iNwcSjv3C2CZCLwcLxpEtA==/com.termux.x11-1tus8NhfW98goVF914TrYw==/base.apk!/lib/arm64-v8a/libXlorie.so
04-17 08:29:51.222 I/LorieNative(16758): DamageTraceV2: PutImage count=112832 drawableType=WINDOW screenPixmap=0 drawable=0xb400007cd98d66b0 geom=2898x1848 box=0,154-2898,176 backend=other fn=0x7bd5f2ee24 fn_offset=0x30de24 fbase=0x7bd5c21000 sym=unknown so=/data/app/~~iNwcSjv3C2CZCLwcLxpEtA==/com.termux.x11-1tus8NhfW98goVF914TrYw==/base.apk!/lib/arm64-v8a/libXlorie.so
04-17 08:29:51.234 I/LorieNative(16758): ExaTrace: putImage accel count=114944 drawableType=0 drawableId=0x600037 geom=2898x1848 size=2912x22 format=2 depth=24
04-17 08:29:51.238 I/LorieNative(16758): DamageTraceV2: PutImage count=112896 drawableType=WINDOW screenPixmap=0 drawable=0xb400007cd98d66b0 geom=2898x1848 box=0,1562-2898,1584 backend=other fn=0x7bd5f2ee24 fn_offset=0x30de24 fbase=0x7bd5c21000 sym=unknown so=/data/app/~~iNwcSjv3C2CZCLwcLxpEtA==/com.termux.x11-1tus8NhfW98goVF914TrYw==/base.apk!/lib/arm64-v8a/libXlorie.so
04-17 08:29:51.313 I/LorieNative(16758): DamageTraceV2: PutImage count=112960 drawableType=WINDOW screenPixmap=0 drawable=0xb400007cd98d66b0 geom=2898x1848 box=0,1122-2898,1144 backend=other fn=0x7bd5f2ee24 fn_offset=0x30de24 fbase=0x7bd5c21000 sym=unknown so=/data/app/~~iNwcSjv3C2CZCLwcLxpEtA==/com.termux.x11-1tus8NhfW98goVF914TrYw==/base.apk!/lib/arm64-v8a/libXlorie.so
04-17 08:29:51.370 I/LorieNative(16758): ExaTrace: putImage accel count=115072 drawableType=0 drawableId=0x600037 geom=2898x1848 size=2912x22 format=2 depth=24
04-17 08:29:51.373 I/LorieNative(16758): DamageTraceV2: PutImage count=113024 drawableType=WINDOW screenPixmap=0 drawable=0xb400007cd98d66b0 geom=2898x1848 box=0,682-2898,704 backend=other fn=0x7bd5f2ee24 fn_offset=0x30de24 fbase=0x7bd5c21000 sym=unknown so=/data/app/~~iNwcSjv3C2CZCLwcLxpEtA==/com.termux.x11-1tus8NhfW98goVF914TrYw==/base.apk!/lib/arm64-v8a/libXlorie.so
04-17 08:29:51.441 I/LorieNative(16758): DamageTraceV2: PutImage count=113088 drawableType=WINDOW screenPixmap=0 drawable=0xb400007cd98d66b0 geom=2898x1848 box=0,242-2898,264 backend=other fn=0x7bd5f2ee24 fn_offset=0x30de24 fbase=0x7bd5c21000 sym=unknown so=/data/app/~~iNwcSjv3C2CZCLwcLxpEtA==/com.termux.x11-1tus8NhfW98goVF914TrYw==/base.apk!/lib/arm64-v8a/libXlorie.so
04-17 08:29:51.452 I/LorieNative(16758): ExaTrace: putImage accel count=115200 drawableType=0 drawableId=0x600037 geom=2898x1848 size=2912x22 format=2 depth=24
04-17 08:29:51.456 I/LorieNative(16758): DamageTraceV2: PutImage count=113152 drawableType=WINDOW screenPixmap=0 drawable=0xb400007cd98d66b0 geom=2898x1848 box=0,1650-2898,1672 backend=other fn=0x7bd5f2ee24 fn_offset=0x30de24 fbase=0x7bd5c21000 sym=unknown so=/data/app/~~iNwcSjv3C2CZCLwcLxpEtA==/com.termux.x11-1tus8NhfW98goVF914TrYw==/base.apk!/lib/arm64-v8a/libXlorie.so
04-17 08:29:51.520 I/LorieNative(16758): DamageTraceV2: PutImage count=113216 drawableType=WINDOW screenPixmap=0 drawable=0xb400007cd98d66b0 geom=2898x1848 box=0,1210-2898,1232 backend=other fn=0x7bd5f2ee24 fn_offset=0x30de24 fbase=0x7bd5c21000 sym=unknown so=/data/app/~~iNwcSjv3C2CZCLwcLxpEtA==/com.termux.x11-1tus8NhfW98goVF914TrYw==/base.apk!/lib/arm64-v8a/libXlorie.so
04-17 08:29:51.590 I/LorieNative(16758): ExaTrace: putImage accel count=115328 drawableType=0 drawableId=0x600037 geom=2898x1848 size=2912x22 format=2 depth=24
04-17 08:29:51.593 I/LorieNative(16758): DamageTraceV2: PutImage count=113280 drawableType=WINDOW screenPixmap=0 drawable=0xb400007cd98d66b0 geom=2898x1848 box=0,770-2898,792 backend=other fn=0x7bd5f2ee24 fn_offset=0x30de24 fbase=0x7bd5c21000 sym=unknown so=/data/app/~~iNwcSjv3C2CZCLwcLxpEtA==/com.termux.x11-1tus8NhfW98goVF914TrYw==/base.apk!/lib/arm64-v8a/libXlorie.so
04-17 08:29:51.664 I/LorieNative(16758): DamageTraceV2: PutImage count=113344 drawableType=WINDOW screenPixmap=0 drawable=0xb400007cd98d66b0 geom=2898x1848 box=0,330-2898,352 backend=other fn=0x7bd5f2ee24 fn_offset=0x30de24 fbase=0x7bd5c21000 sym=unknown so=/data/app/~~iNwcSjv3C2CZCLwcLxpEtA==/com.termux.x11-1tus8NhfW98goVF914TrYw==/base.apk!/lib/arm64-v8a/libXlorie.so
04-17 08:29:51.675 I/LorieNative(16758): ExaTrace: putImage accel count=115456 drawableType=0 drawableId=0x600037 geom=2898x1848 size=2912x22 format=2 depth=24
04-17 08:29:51.678 I/LorieNative(16758): DamageTraceV2: PutImage count=113408 drawableType=WINDOW screenPixmap=0 drawable=0xb400007cd98d66b0 geom=2898x1848 box=0,1738-2898,1760 backend=other fn=0x7bd5f2ee24 fn_offset=0x30de24 fbase=0x7bd5c21000 sym=unknown so=/data/app/~~iNwcSjv3C2CZCLwcLxpEtA==/com.termux.x11-1tus8NhfW98goVF914TrYw==/base.apk!/lib/arm64-v8a/libXlorie.so
04-17 08:29:51.742 I/LorieNative(16758): DamageTraceV2: PutImage count=113472 drawableType=WINDOW screenPixmap=0 drawable=0xb400007cd98d66b0 geom=2898x1848 box=0,1298-2898,1320 backend=other fn=0x7bd5f2ee24 fn_offset=0x30de24 fbase=0x7bd5c21000 sym=unknown so=/data/app/~~iNwcSjv3C2CZCLwcLxpEtA==/com.termux.x11-1tus8NhfW98goVF914TrYw==/base.apk!/lib/arm64-v8a/libXlorie.so
04-17 08:29:51.802 I/LorieNative(16758): ExaTrace: putImage accel count=115584 drawableType=0 drawableId=0x600037 geom=2898x1848 size=2912x22 format=2 depth=24
04-17 08:29:51.807 I/LorieNative(16758): DamageTraceV2: PutImage count=113536 drawableType=WINDOW screenPixmap=0 drawable=0xb400007cd98d66b0 geom=2898x1848 box=0,858-2898,880 backend=other fn=0x7bd5f2ee24 fn_offset=0x30de24 fbase=0x7bd5c21000 sym=unknown so=/data/app/~~iNwcSjv3C2CZCLwcLxpEtA==/com.termux.x11-1tus8NhfW98goVF914TrYw==/base.apk!/lib/arm64-v8a/libXlorie.so
04-17 08:29:51.874 I/LorieNative(16758): DamageTraceV2: PutImage count=113600 drawableType=WINDOW screenPixmap=0 drawable=0xb400007cd98d66b0 geom=2898x1848 box=0,418-2898,440 backend=other fn=0x7bd5f2ee24 fn_offset=0x30de24 fbase=0x7bd5c21000 sym=unknown so=/data/app/~~iNwcSjv3C2CZCLwcLxpEtA==/com.termux.x11-1tus8NhfW98goVF914TrYw==/base.apk!/lib/arm64-v8a/libXlorie.so
04-17 08:29:51.888 I/LorieNative(16758): ExaTrace: putImage accel count=115712 drawableType=0 drawableId=0x600037 geom=2898x1848 size=2912x22 format=2 depth=24
04-17 08:29:51.892 I/LorieNative(16758): DamageTraceV2: PutImage count=113664 drawableType=WINDOW screenPixmap=0 drawable=0xb400007cd98d66b0 geom=2898x1848 box=0,1826-2898,1848 backend=other fn=0x7bd5f2ee24 fn_offset=0x30de24 fbase=0x7bd5c21000 sym=unknown so=/data/app/~~iNwcSjv3C2CZCLwcLxpEtA==/com.termux.x11-1tus8NhfW98goVF914TrYw==/base.apk!/lib/arm64-v8a/libXlorie.so
04-17 08:29:51.958 I/LorieNative(16758): DamageTraceV2: PutImage count=113728 drawableType=WINDOW screenPixmap=0 drawable=0xb400007cd98d66b0 geom=2898x1848 box=0,1386-2898,1408 backend=other fn=0x7bd5f2ee24 fn_offset=0x30de24 fbase=0x7bd5c21000 sym=unknown so=/data/app/~~iNwcSjv3C2CZCLwcLxpEtA==/com.termux.x11-1tus8NhfW98goVF914TrYw==/base.apk!/lib/arm64-v8a/libXlorie.so
04-17 08:29:52.026 I/LorieNative(16758): ExaTrace: putImage accel count=115840 drawableType=0 drawableId=0x600037 geom=2898x1848 size=2912x22 format=2 depth=24
04-17 08:29:52.029 I/LorieNative(16758): DamageTraceV2: PutImage count=113792 drawableType=WINDOW screenPixmap=0 drawable=0xb400007cd98d66b0 geom=2898x1848 box=0,946-2898,968 backend=other fn=0x7bd5f2ee24 fn_offset=0x30de24 fbase=0x7bd5c21000 sym=unknown so=/data/app/~~iNwcSjv3C2CZCLwcLxpEtA==/com.termux.x11-1tus8NhfW98goVF914TrYw==/base.apk!/lib/arm64-v8a/libXlorie.so
04-17 08:29:52.100 I/LorieNative(16758): DamageTraceV2: PutImage count=113856 drawableType=WINDOW screenPixmap=0 drawable=0xb400007cd98d66b0 geom=2898x1848 box=0,506-2898,528 backend=other fn=0x7bd5f2ee24 fn_offset=0x30de24 fbase=0x7bd5c21000 sym=unknown so=/data/app/~~iNwcSjv3C2CZCLwcLxpEtA==/com.termux.x11-1tus8NhfW98goVF914TrYw==/base.apk!/lib/arm64-v8a/libXlorie.so
04-17 08:29:52.115 I/LorieNative(16758): ExaTrace: putImage accel count=115968 drawableType=0 drawableId=0x600037 geom=2898x1848 size=2912x22 format=2 depth=24
04-17 08:29:52.195 I/LorieNative(16758): DamageTraceV2: PutImage count=113920 drawableType=WINDOW screenPixmap=0 drawable=0xb400007cd98d66b0 geom=2898x1848 box=0,66-2898,88 backend=other fn=0x7bd5f2ee24 fn_offset=0x30de24 fbase=0x7bd5c21000 sym=unknown so=/data/app/~~iNwcSjv3C2CZCLwcLxpEtA==/com.termux.x11-1tus8NhfW98goVF914TrYw==/base.apk!/lib/arm64-v8a/libXlorie.so
04-17 08:29:52.208 I/LorieNative(16758): DamageTraceV2: PutImage count=113984 drawableType=WINDOW screenPixmap=0 drawable=0xb400007cd98d66b0 geom=2898x1848 box=0,1474-2898,1496 backend=other fn=0x7bd5f2ee24 fn_offset=0x30de24 fbase=0x7bd5c21000 sym=unknown so=/data/app/~~iNwcSjv3C2CZCLwcLxpEtA==/com.termux.x11-1tus8NhfW98goVF914TrYw==/base.apk!/lib/arm64-v8a/libXlorie.so
04-17 08:29:52.275 I/LorieNative(16758): ExaTrace: putImage accel count=116096 drawableType=0 drawableId=0x600037 geom=2898x1848 size=2912x22 format=2 depth=24
04-17 08:29:52.282 I/LorieNative(16758): DamageTraceV2: PutImage count=114048 drawableType=WINDOW screenPixmap=0 drawable=0xb400007cd98d66b0 geom=2898x1848 box=0,1034-2898,1056 backend=other fn=0x7bd5f2ee24 fn_offset=0x30de24 fbase=0x7bd5c21000 sym=unknown so=/data/app/~~iNwcSjv3C2CZCLwcLxpEtA==/com.termux.x11-1tus8NhfW98goVF914TrYw==/base.apk!/lib/arm64-v8a/libXlorie.so
04-17 08:29:52.353 I/LorieNative(16758): DamageTraceV2: PutImage count=114112 drawableType=WINDOW screenPixmap=0 drawable=0xb400007cd98d66b0 geom=2898x1848 box=0,594-2898,616 backend=other fn=0x7bd5f2ee24 fn_offset=0x30de24 fbase=0x7bd5c21000 sym=unknown so=/data/app/~~iNwcSjv3C2CZCLwcLxpEtA==/com.termux.x11-1tus8NhfW98goVF914TrYw==/base.apk!/lib/arm64-v8a/libXlorie.so
04-17 08:29:52.367 I/LorieNative(16758): ExaTrace: putImage accel count=116224 drawableType=0 drawableId=0x600037 geom=2898x1848 size=2912x22 format=2 depth=24
04-17 08:29:52.427 I/LorieNative(16758): DamageTraceV2: PutImage count=114176 drawableType=WINDOW screenPixmap=0 drawable=0xb400007cd98d66b0 geom=2898x1848 box=0,154-2898,176 backend=other fn=0x7bd5f2ee24 fn_offset=0x30de24 fbase=0x7bd5c21000 sym=unknown so=/data/app/~~iNwcSjv3C2CZCLwcLxpEtA==/com.termux.x11-1tus8NhfW98goVF914TrYw==/base.apk!/lib/arm64-v8a/libXlorie.so
04-17 08:29:52.446 I/LorieNative(16758): DamageTraceV2: PutImage count=114240 drawableType=WINDOW screenPixmap=0 drawable=0xb400007cd98d66b0 geom=2898x1848 box=0,1562-2898,1584 backend=other fn=0x7bd5f2ee24 fn_offset=0x30de24 fbase=0x7bd5c21000 sym=unknown so=/data/app/~~iNwcSjv3C2CZCLwcLxpEtA==/com.termux.x11-1tus8NhfW98goVF914TrYw==/base.apk!/lib/arm64-v8a/libXlorie.so
04-17 08:29:52.519 I/LorieNative(16758): ExaTrace: putImage accel count=116352 drawableType=0 drawableId=0x600037 geom=2898x1848 size=2912x22 format=2 depth=24
04-17 08:29:52.523 I/LorieNative(16758): DamageTraceV2: PutImage count=114304 drawableType=WINDOW screenPixmap=0 drawable=0xb400007cd98d66b0 geom=2898x1848 box=0,1122-2898,1144 backend=other fn=0x7bd5f2ee24 fn_offset=0x30de24 fbase=0x7bd5c21000 sym=unknown so=/data/app/~~iNwcSjv3C2CZCLwcLxpEtA==/com.termux.x11-1tus8NhfW98goVF914TrYw==/base.apk!/lib/arm64-v8a/libXlorie.so
04-17 08:29:52.588 I/LorieNative(16758): DamageTraceV2: PutImage count=114368 drawableType=WINDOW screenPixmap=0 drawable=0xb400007cd98d66b0 geom=2898x1848 box=0,682-2898,704 backend=other fn=0x7bd5f2ee24 fn_offset=0x30de24 fbase=0x7bd5c21000 sym=unknown so=/data/app/~~iNwcSjv3C2CZCLwcLxpEtA==/com.termux.x11-1tus8NhfW98goVF914TrYw==/base.apk!/lib/arm64-v8a/libXlorie.so
04-17 08:29:52.601 I/LorieNative(16758): ExaTrace: putImage accel count=116480 drawableType=0 drawableId=0x600037 geom=2898x1848 size=2912x22 format=2 depth=24
04-17 08:29:52.669 I/LorieNative(16758): DamageTraceV2: PutImage count=114432 drawableType=WINDOW screenPixmap=0 drawable=0xb400007cd98d66b0 geom=2898x1848 box=0,242-2898,264 backend=other fn=0x7bd5f2ee24 fn_offset=0x30de24 fbase=0x7bd5c21000 sym=unknown so=/data/app/~~iNwcSjv3C2CZCLwcLxpEtA==/com.termux.x11-1tus8NhfW98goVF914TrYw==/base.apk!/lib/arm64-v8a/libXlorie.so
04-17 08:29:52.698 I/LorieNative(16758): DamageTraceV2: PutImage count=114496 drawableType=WINDOW screenPixmap=0 drawable=0xb400007cd98d66b0 geom=2898x1848 box=0,1650-2898,1672 backend=other fn=0x7bd5f2ee24 fn_offset=0x30de24 fbase=0x7bd5c21000 sym=unknown so=/data/app/~~iNwcSjv3C2CZCLwcLxpEtA==/com.termux.x11-1tus8NhfW98goVF914TrYw==/base.apk!/lib/arm64-v8a/libXlorie.so
04-17 08:29:52.784 I/LorieNative(16758): ExaTrace: putImage accel count=116608 drawableType=0 drawableId=0x600037 geom=2898x1848 size=2912x22 format=2 depth=24
04-17 08:29:52.787 I/LorieNative(16758): DamageTraceV2: PutImage count=114560 drawableType=WINDOW screenPixmap=0 drawable=0xb400007cd98d66b0 geom=2898x1848 box=0,1210-2898,1232 backend=other fn=0x7bd5f2ee24 fn_offset=0x30de24 fbase=0x7bd5c21000 sym=unknown so=/data/app/~~iNwcSjv3C2CZCLwcLxpEtA==/com.termux.x11-1tus8NhfW98goVF914TrYw==/base.apk!/lib/arm64-v8a/libXlorie.so
04-17 08:29:52.873 I/LorieNative(16758): DamageTraceV2: PutImage count=114624 drawableType=WINDOW screenPixmap=0 drawable=0xb400007cd98d66b0 geom=2898x1848 box=0,770-2898,792 backend=other fn=0x7bd5f2ee24 fn_offset=0x30de24 fbase=0x7bd5c21000 sym=unknown so=/data/app/~~iNwcSjv3C2CZCLwcLxpEtA==/com.termux.x11-1tus8NhfW98goVF914TrYw==/base.apk!/lib/arm64-v8a/libXlorie.so
04-17 08:29:52.954 I/LorieNative(16758): ExaTrace: putImage accel count=116736 drawableType=0 drawableId=0x600037 geom=2898x1848 size=2912x22 format=2 depth=24
04-17 08:29:52.957 I/LorieNative(16758): DamageTraceV2: PutImage count=114688 drawableType=WINDOW screenPixmap=0 drawable=0xb400007cd98d66b0 geom=2898x1848 box=0,330-2898,352 backend=other fn=0x7bd5f2ee24 fn_offset=0x30de24 fbase=0x7bd5c21000 sym=unknown so=/data/app/~~iNwcSjv3C2CZCLwcLxpEtA==/com.termux.x11-1tus8NhfW98goVF914TrYw==/base.apk!/lib/arm64-v8a/libXlorie.so
04-17 08:29:52.969 I/LorieNative(16758): DamageTraceV2: PutImage count=114752 drawableType=WINDOW screenPixmap=0 drawable=0xb400007cd98d66b0 geom=2898x1848 box=0,1738-2898,1760 backend=other fn=0x7bd5f2ee24 fn_offset=0x30de24 fbase=0x7bd5c21000 sym=unknown so=/data/app/~~iNwcSjv3C2CZCLwcLxpEtA==/com.termux.x11-1tus8NhfW98goVF914TrYw==/base.apk!/lib/arm64-v8a/libXlorie.so
04-17 08:29:53.039 I/LorieNative(16758): ExaTrace: putImage accel count=116864 drawableType=0 drawableId=0x600037 geom=2898x1848 size=2912x22 format=2 depth=24
04-17 08:29:53.044 I/LorieNative(16758): DamageTraceV2: PutImage count=114816 drawableType=WINDOW screenPixmap=0 drawable=0xb400007cd98d66b0 geom=2898x1848 box=0,1298-2898,1320 backend=other fn=0x7bd5f2ee24 fn_offset=0x30de24 fbase=0x7bd5c21000 sym=unknown so=/data/app/~~iNwcSjv3C2CZCLwcLxpEtA==/com.termux.x11-1tus8NhfW98goVF914TrYw==/base.apk!/lib/arm64-v8a/libXlorie.so
04-17 08:29:53.138 I/LorieNative(16758): DamageTraceV2: PutImage count=114880 drawableType=WINDOW screenPixmap=0 drawable=0xb400007cd98d66b0 geom=2898x1848 box=0,858-2898,880 backend=other fn=0x7bd5f2ee24 fn_offset=0x30de24 fbase=0x7bd5c21000 sym=unknown so=/data/app/~~iNwcSjv3C2CZCLwcLxpEtA==/com.termux.x11-1tus8NhfW98goVF914TrYw==/base.apk!/lib/arm64-v8a/libXlorie.so
04-17 08:29:53.218 I/LorieNative(16758): ExaTrace: putImage accel count=116992 drawableType=0 drawableId=0x600037 geom=2898x1848 size=2912x22 format=2 depth=24
04-17 08:29:53.224 I/LorieNative(16758): DamageTraceV2: PutImage count=114944 drawableType=WINDOW screenPixmap=0 drawable=0xb400007cd98d66b0 geom=2898x1848 box=0,418-2898,440 backend=other fn=0x7bd5f2ee24 fn_offset=0x30de24 fbase=0x7bd5c21000 sym=unknown so=/data/app/~~iNwcSjv3C2CZCLwcLxpEtA==/com.termux.x11-1tus8NhfW98goVF914TrYw==/base.apk!/lib/arm64-v8a/libXlorie.so
04-17 08:29:53.241 I/LorieNative(16758): DamageTraceV2: PutImage count=115008 drawableType=WINDOW screenPixmap=0 drawable=0xb400007cd98d66b0 geom=2898x1848 box=0,1826-2898,1848 backend=other fn=0x7bd5f2ee24 fn_offset=0x30de24 fbase=0x7bd5c21000 sym=unknown so=/data/app/~~iNwcSjv3C2CZCLwcLxpEtA==/com.termux.x11-1tus8NhfW98goVF914TrYw==/base.apk!/lib/arm64-v8a/libXlorie.so
04-17 08:29:53.322 I/LorieNative(16758): ExaTrace: putImage accel count=117120 drawableType=0 drawableId=0x600037 geom=2898x1848 size=2912x22 format=2 depth=24
04-17 08:29:53.325 I/LorieNative(16758): DamageTraceV2: PutImage count=115072 drawableType=WINDOW screenPixmap=0 drawable=0xb400007cd98d66b0 geom=2898x1848 box=0,1386-2898,1408 backend=other fn=0x7bd5f2ee24 fn_offset=0x30de24 fbase=0x7bd5c21000 sym=unknown so=/data/app/~~iNwcSjv3C2CZCLwcLxpEtA==/com.termux.x11-1tus8NhfW98goVF914TrYw==/base.apk!/lib/arm64-v8a/libXlorie.so
04-17 08:29:53.396 I/LorieNative(16758): DamageTraceV2: PutImage count=115136 drawableType=WINDOW screenPixmap=0 drawable=0xb400007cd98d66b0 geom=2898x1848 box=0,946-2898,968 backend=other fn=0x7bd5f2ee24 fn_offset=0x30de24 fbase=0x7bd5c21000 sym=unknown so=/data/app/~~iNwcSjv3C2CZCLwcLxpEtA==/com.termux.x11-1tus8NhfW98goVF914TrYw==/base.apk!/lib/arm64-v8a/libXlorie.so
04-17 08:29:53.471 I/LorieNative(16758): ExaTrace: putImage accel count=117248 drawableType=0 drawableId=0x600037 geom=2898x1848 size=2912x22 format=2 depth=24
04-17 08:29:53.476 I/LorieNative(16758): DamageTraceV2: PutImage count=115200 drawableType=WINDOW screenPixmap=0 drawable=0xb400007cd98d66b0 geom=2898x1848 box=0,506-2898,528 backend=other fn=0x7bd5f2ee24 fn_offset=0x30de24 fbase=0x7bd5c21000 sym=unknown so=/data/app/~~iNwcSjv3C2CZCLwcLxpEtA==/com.termux.x11-1tus8NhfW98goVF914TrYw==/base.apk!/lib/arm64-v8a/libXlorie.so
04-17 08:29:53.549 I/LorieNative(16758): DamageTraceV2: PutImage count=115264 drawableType=WINDOW screenPixmap=0 drawable=0xb400007cd98d66b0 geom=2898x1848 box=0,66-2898,88 backend=other fn=0x7bd5f2ee24 fn_offset=0x30de24 fbase=0x7bd5c21000 sym=unknown so=/data/app/~~iNwcSjv3C2CZCLwcLxpEtA==/com.termux.x11-1tus8NhfW98goVF914TrYw==/base.apk!/lib/arm64-v8a/libXlorie.so
04-17 08:29:53.566 I/LorieNative(16758): ExaTrace: putImage accel count=117376 drawableType=0 drawableId=0x600037 geom=2898x1848 size=2912x22 format=2 depth=24
04-17 08:29:53.570 I/LorieNative(16758): DamageTraceV2: PutImage count=115328 drawableType=WINDOW screenPixmap=0 drawable=0xb400007cd98d66b0 geom=2898x1848 box=0,1474-2898,1496 backend=other fn=0x7bd5f2ee24 fn_offset=0x30de24 fbase=0x7bd5c21000 sym=unknown so=/data/app/~~iNwcSjv3C2CZCLwcLxpEtA==/com.termux.x11-1tus8NhfW98goVF914TrYw==/base.apk!/lib/arm64-v8a/libXlorie.so
04-17 08:29:53.652 I/LorieNative(16758): DamageTraceV2: PutImage count=115392 drawableType=WINDOW screenPixmap=0 drawable=0xb400007cd98d66b0 geom=2898x1848 box=0,1034-2898,1056 backend=other fn=0x7bd5f2ee24 fn_offset=0x30de24 fbase=0x7bd5c21000 sym=unknown so=/data/app/~~iNwcSjv3C2CZCLwcLxpEtA==/com.termux.x11-1tus8NhfW98goVF914TrYw==/base.apk!/lib/arm64-v8a/libXlorie.so
04-17 08:29:53.718 I/LorieNative(16758): ExaTrace: putImage accel count=117504 drawableType=0 drawableId=0x600037 geom=2898x1848 size=2912x22 format=2 depth=24
04-17 08:29:53.722 I/LorieNative(16758): DamageTraceV2: PutImage count=115456 drawableType=WINDOW screenPixmap=0 drawable=0xb400007cd98d66b0 geom=2898x1848 box=0,594-2898,616 backend=other fn=0x7bd5f2ee24 fn_offset=0x30de24 fbase=0x7bd5c21000 sym=unknown so=/data/app/~~iNwcSjv3C2CZCLwcLxpEtA==/com.termux.x11-1tus8NhfW98goVF914TrYw==/base.apk!/lib/arm64-v8a/libXlorie.so
04-17 08:29:53.798 I/LorieNative(16758): DamageTraceV2: PutImage count=115520 drawableType=WINDOW screenPixmap=0 drawable=0xb400007cd98d66b0 geom=2898x1848 box=0,154-2898,176 backend=other fn=0x7bd5f2ee24 fn_offset=0x30de24 fbase=0x7bd5c21000 sym=unknown so=/data/app/~~iNwcSjv3C2CZCLwcLxpEtA==/com.termux.x11-1tus8NhfW98goVF914TrYw==/base.apk!/lib/arm64-v8a/libXlorie.so
04-17 08:29:53.816 I/LorieNative(16758): ExaTrace: putImage accel count=117632 drawableType=0 drawableId=0x600037 geom=2898x1848 size=2912x22 format=2 depth=24
04-17 08:29:53.819 I/LorieNative(16758): DamageTraceV2: PutImage count=115584 drawableType=WINDOW screenPixmap=0 drawable=0xb400007cd98d66b0 geom=2898x1848 box=0,1562-2898,1584 backend=other fn=0x7bd5f2ee24 fn_offset=0x30de24 fbase=0x7bd5c21000 sym=unknown so=/data/app/~~iNwcSjv3C2CZCLwcLxpEtA==/com.termux.x11-1tus8NhfW98goVF914TrYw==/base.apk!/lib/arm64-v8a/libXlorie.so
04-17 08:29:53.904 I/LorieNative(16758): DamageTraceV2: PutImage count=115648 drawableType=WINDOW screenPixmap=0 drawable=0xb400007cd98d66b0 geom=2898x1848 box=0,1122-2898,1144 backend=other fn=0x7bd5f2ee24 fn_offset=0x30de24 fbase=0x7bd5c21000 sym=unknown so=/data/app/~~iNwcSjv3C2CZCLwcLxpEtA==/com.termux.x11-1tus8NhfW98goVF914TrYw==/base.apk!/lib/arm64-v8a/libXlorie.so
04-17 08:29:53.987 I/LorieNative(16758): ExaTrace: putImage accel count=117760 drawableType=0 drawableId=0x600037 geom=2898x1848 size=2912x22 format=2 depth=24
04-17 08:29:53.991 I/LorieNative(16758): DamageTraceV2: PutImage count=115712 drawableType=WINDOW screenPixmap=0 drawable=0xb400007cd98d66b0 geom=2898x1848 box=0,682-2898,704 backend=other fn=0x7bd5f2ee24 fn_offset=0x30de24 fbase=0x7bd5c21000 sym=unknown so=/data/app/~~iNwcSjv3C2CZCLwcLxpEtA==/com.termux.x11-1tus8NhfW98goVF914TrYw==/base.apk!/lib/arm64-v8a/libXlorie.so
04-17 08:29:54.082 I/LorieNative(16758): DamageTraceV2: PutImage count=115776 drawableType=WINDOW screenPixmap=0 drawable=0xb400007cd98d66b0 geom=2898x1848 box=0,242-2898,264 backend=other fn=0x7bd5f2ee24 fn_offset=0x30de24 fbase=0x7bd5c21000 sym=unknown so=/data/app/~~iNwcSjv3C2CZCLwcLxpEtA==/com.termux.x11-1tus8NhfW98goVF914TrYw==/base.apk!/lib/arm64-v8a/libXlorie.so
04-17 08:29:54.101 I/LorieNative(16758): ExaTrace: putImage accel count=117888 drawableType=0 drawableId=0x600037 geom=2898x1848 size=2912x22 format=2 depth=24
04-17 08:29:54.109 I/LorieNative(16758): DamageTraceV2: PutImage count=115840 drawableType=WINDOW screenPixmap=0 drawable=0xb400007cd98d66b0 geom=2898x1848 box=0,1650-2898,1672 backend=other fn=0x7bd5f2ee24 fn_offset=0x30de24 fbase=0x7bd5c21000 sym=unknown so=/data/app/~~iNwcSjv3C2CZCLwcLxpEtA==/com.termux.x11-1tus8NhfW98goVF914TrYw==/base.apk!/lib/arm64-v8a/libXlorie.so
04-17 08:29:54.194 I/LorieNative(16758): DamageTraceV2: PutImage count=115904 drawableType=WINDOW screenPixmap=0 drawable=0xb400007cd98d66b0 geom=2898x1848 box=0,1210-2898,1232 backend=other fn=0x7bd5f2ee24 fn_offset=0x30de24 fbase=0x7bd5c21000 sym=unknown so=/data/app/~~iNwcSjv3C2CZCLwcLxpEtA==/com.termux.x11-1tus8NhfW98goVF914TrYw==/base.apk!/lib/arm64-v8a/libXlorie.so
04-17 08:29:54.272 I/LorieNative(16758): ExaTrace: putImage accel count=118016 drawableType=0 drawableId=0x600037 geom=2898x1848 size=2912x22 format=2 depth=24
04-17 08:29:54.277 I/LorieNative(16758): DamageTraceV2: PutImage count=115968 drawableType=WINDOW screenPixmap=0 drawable=0xb400007cd98d66b0 geom=2898x1848 box=0,770-2898,792 backend=other fn=0x7bd5f2ee24 fn_offset=0x30de24 fbase=0x7bd5c21000 sym=unknown so=/data/app/~~iNwcSjv3C2CZCLwcLxpEtA==/com.termux.x11-1tus8NhfW98goVF914TrYw==/base.apk!/lib/arm64-v8a/libXlorie.so
04-17 08:29:54.361 I/LorieNative(16758): DamageTraceV2: PutImage count=116032 drawableType=WINDOW screenPixmap=0 drawable=0xb400007cd98d66b0 geom=2898x1848 box=0,330-2898,352 backend=other fn=0x7bd5f2ee24 fn_offset=0x30de24 fbase=0x7bd5c21000 sym=unknown so=/data/app/~~iNwcSjv3C2CZCLwcLxpEtA==/com.termux.x11-1tus8NhfW98goVF914TrYw==/base.apk!/lib/arm64-v8a/libXlorie.so
04-17 08:29:54.375 I/LorieNative(16758): ExaTrace: putImage accel count=118144 drawableType=0 drawableId=0x600037 geom=2898x1848 size=2912x22 format=2 depth=24
04-17 08:29:54.378 I/LorieNative(16758): DamageTraceV2: PutImage count=116096 drawableType=WINDOW screenPixmap=0 drawable=0xb400007cd98d66b0 geom=2898x1848 box=0,1738-2898,1760 backend=other fn=0x7bd5f2ee24 fn_offset=0x30de24 fbase=0x7bd5c21000 sym=unknown so=/data/app/~~iNwcSjv3C2CZCLwcLxpEtA==/com.termux.x11-1tus8NhfW98goVF914TrYw==/base.apk!/lib/arm64-v8a/libXlorie.so
04-17 08:29:54.455 I/LorieNative(16758): DamageTraceV2: PutImage count=116160 drawableType=WINDOW screenPixmap=0 drawable=0xb400007cd98d66b0 geom=2898x1848 box=0,1298-2898,1320 backend=other fn=0x7bd5f2ee24 fn_offset=0x30de24 fbase=0x7bd5c21000 sym=unknown so=/data/app/~~iNwcSjv3C2CZCLwcLxpEtA==/com.termux.x11-1tus8NhfW98goVF914TrYw==/base.apk!/lib/arm64-v8a/libXlorie.so
04-17 08:29:54.522 I/LorieNative(16758): ExaTrace: putImage accel count=118272 drawableType=0 drawableId=0x600037 geom=2898x1848 size=2912x22 format=2 depth=24
04-17 08:29:54.525 I/LorieNative(16758): DamageTraceV2: PutImage count=116224 drawableType=WINDOW screenPixmap=0 drawable=0xb400007cd98d66b0 geom=2898x1848 box=0,858-2898,880 backend=other fn=0x7bd5f2ee24 fn_offset=0x30de24 fbase=0x7bd5c21000 sym=unknown so=/data/app/~~iNwcSjv3C2CZCLwcLxpEtA==/com.termux.x11-1tus8NhfW98goVF914TrYw==/base.apk!/lib/arm64-v8a/libXlorie.so
04-17 08:29:54.593 I/LorieNative(16758): DamageTraceV2: PutImage count=116288 drawableType=WINDOW screenPixmap=0 drawable=0xb400007cd98d66b0 geom=2898x1848 box=0,418-2898,440 backend=other fn=0x7bd5f2ee24 fn_offset=0x30de24 fbase=0x7bd5c21000 sym=unknown so=/data/app/~~iNwcSjv3C2CZCLwcLxpEtA==/com.termux.x11-1tus8NhfW98goVF914TrYw==/base.apk!/lib/arm64-v8a/libXlorie.so
04-17 08:29:54.604 I/LorieNative(16758): ExaTrace: putImage accel count=118400 drawableType=0 drawableId=0x600037 geom=2898x1848 size=2912x22 format=2 depth=24
04-17 08:29:54.606 I/LorieNative(16758): DamageTraceV2: PutImage count=116352 drawableType=WINDOW screenPixmap=0 drawable=0xb400007cd98d66b0 geom=2898x1848 box=0,1826-2898,1848 backend=other fn=0x7bd5f2ee24 fn_offset=0x30de24 fbase=0x7bd5c21000 sym=unknown so=/data/app/~~iNwcSjv3C2CZCLwcLxpEtA==/com.termux.x11-1tus8NhfW98goVF914TrYw==/base.apk!/lib/arm64-v8a/libXlorie.so
04-17 08:29:54.653 I/LorieNative(16758): DamageTraceV2: PutImage count=116416 drawableType=WINDOW screenPixmap=0 drawable=0xb400007cd98d66b0 geom=2898x1848 box=0,1386-2898,1408 backend=other fn=0x7bd5f2ee24 fn_offset=0x30de24 fbase=0x7bd5c21000 sym=unknown so=/data/app/~~iNwcSjv3C2CZCLwcLxpEtA==/com.termux.x11-1tus8NhfW98goVF914TrYw==/base.apk!/lib/arm64-v8a/libXlorie.so
04-17 08:29:54.715 I/LorieNative(16758): ExaTrace: putImage accel count=118528 drawableType=0 drawableId=0x600037 geom=2898x1848 size=2912x22 format=2 depth=24
04-17 08:29:54.719 I/LorieNative(16758): DamageTraceV2: PutImage count=116480 drawableType=WINDOW screenPixmap=0 drawable=0xb400007cd98d66b0 geom=2898x1848 box=0,946-2898,968 backend=other fn=0x7bd5f2ee24 fn_offset=0x30de24 fbase=0x7bd5c21000 sym=unknown so=/data/app/~~iNwcSjv3C2CZCLwcLxpEtA==/com.termux.x11-1tus8NhfW98goVF914TrYw==/base.apk!/lib/arm64-v8a/libXlorie.so
04-17 08:29:54.806 I/LorieNative(16758): DamageTraceV2: PutImage count=116544 drawableType=WINDOW screenPixmap=0 drawable=0xb400007cd98d66b0 geom=2898x1848 box=0,506-2898,528 backend=other fn=0x7bd5f2ee24 fn_offset=0x30de24 fbase=0x7bd5c21000 sym=unknown so=/data/app/~~iNwcSjv3C2CZCLwcLxpEtA==/com.termux.x11-1tus8NhfW98goVF914TrYw==/base.apk!/lib/arm64-v8a/libXlorie.so
04-17 08:29:54.821 I/LorieNative(16758): ExaTrace: putImage accel count=118656 drawableType=0 drawableId=0x600037 geom=2898x1848 size=2912x22 format=2 depth=24
04-17 08:29:54.894 I/LorieNative(16758): DamageTraceV2: PutImage count=116608 drawableType=WINDOW screenPixmap=0 drawable=0xb400007cd98d66b0 geom=2898x1848 box=0,66-2898,88 backend=other fn=0x7bd5f2ee24 fn_offset=0x30de24 fbase=0x7bd5c21000 sym=unknown so=/data/app/~~iNwcSjv3C2CZCLwcLxpEtA==/com.termux.x11-1tus8NhfW98goVF914TrYw==/base.apk!/lib/arm64-v8a/libXlorie.so
04-17 08:29:54.918 I/LorieNative(16758): DamageTraceV2: PutImage count=116672 drawableType=WINDOW screenPixmap=0 drawable=0xb400007cd98d66b0 geom=2898x1848 box=0,1474-2898,1496 backend=other fn=0x7bd5f2ee24 fn_offset=0x30de24 fbase=0x7bd5c21000 sym=unknown so=/data/app/~~iNwcSjv3C2CZCLwcLxpEtA==/com.termux.x11-1tus8NhfW98goVF914TrYw==/base.apk!/lib/arm64-v8a/libXlorie.so
04-17 08:29:54.986 I/LorieNative(16758): ExaTrace: putImage accel count=118784 drawableType=0 drawableId=0x600037 geom=2898x1848 size=2912x22 format=2 depth=24
04-17 08:29:54.989 I/LorieNative(16758): DamageTraceV2: PutImage count=116736 drawableType=WINDOW screenPixmap=0 drawable=0xb400007cd98d66b0 geom=2898x1848 box=0,1034-2898,1056 backend=other fn=0x7bd5f2ee24 fn_offset=0x30de24 fbase=0x7bd5c21000 sym=unknown so=/data/app/~~iNwcSjv3C2CZCLwcLxpEtA==/com.termux.x11-1tus8NhfW98goVF914TrYw==/base.apk!/lib/arm64-v8a/libXlorie.so
04-17 08:29:55.068 I/LorieNative(16758): DamageTraceV2: PutImage count=116800 drawableType=WINDOW screenPixmap=0 drawable=0xb400007cd98d66b0 geom=2898x1848 box=0,594-2898,616 backend=other fn=0x7bd5f2ee24 fn_offset=0x30de24 fbase=0x7bd5c21000 sym=unknown so=/data/app/~~iNwcSjv3C2CZCLwcLxpEtA==/com.termux.x11-1tus8NhfW98goVF914TrYw==/base.apk!/lib/arm64-v8a/libXlorie.so
04-17 08:29:55.082 I/LorieNative(16758): ExaTrace: putImage accel count=118912 drawableType=0 drawableId=0x600037 geom=2898x1848 size=2912x22 format=2 depth=24
04-17 08:29:55.142 I/LorieNative(16758): DamageTraceV2: PutImage count=116864 drawableType=WINDOW screenPixmap=0 drawable=0xb400007cd98d66b0 geom=2898x1848 box=0,154-2898,176 backend=other fn=0x7bd5f2ee24 fn_offset=0x30de24 fbase=0x7bd5c21000 sym=unknown so=/data/app/~~iNwcSjv3C2CZCLwcLxpEtA==/com.termux.x11-1tus8NhfW98goVF914TrYw==/base.apk!/lib/arm64-v8a/libXlorie.so
04-17 08:29:55.152 I/LorieNative(16758): DamageTraceV2: PutImage count=116928 drawableType=WINDOW screenPixmap=0 drawable=0xb400007cd98d66b0 geom=2898x1848 box=0,1562-2898,1584 backend=other fn=0x7bd5f2ee24 fn_offset=0x30de24 fbase=0x7bd5c21000 sym=unknown so=/data/app/~~iNwcSjv3C2CZCLwcLxpEtA==/com.termux.x11-1tus8NhfW98goVF914TrYw==/base.apk!/lib/arm64-v8a/libXlorie.so
04-17 08:29:55.218 I/LorieNative(16758): ExaTrace: putImage accel count=119040 drawableType=0 drawableId=0x600037 geom=2898x1848 size=2912x22 format=2 depth=24
04-17 08:29:55.223 I/LorieNative(16758): DamageTraceV2: PutImage count=116992 drawableType=WINDOW screenPixmap=0 drawable=0xb400007cd98d66b0 geom=2898x1848 box=0,1122-2898,1144 backend=other fn=0x7bd5f2ee24 fn_offset=0x30de24 fbase=0x7bd5c21000 sym=unknown so=/data/app/~~iNwcSjv3C2CZCLwcLxpEtA==/com.termux.x11-1tus8NhfW98goVF914TrYw==/base.apk!/lib/arm64-v8a/libXlorie.so
04-17 08:29:55.307 I/LorieNative(16758): DamageTraceV2: PutImage count=117056 drawableType=WINDOW screenPixmap=0 drawable=0xb400007cd98d66b0 geom=2898x1848 box=0,682-2898,704 backend=other fn=0x7bd5f2ee24 fn_offset=0x30de24 fbase=0x7bd5c21000 sym=unknown so=/data/app/~~iNwcSjv3C2CZCLwcLxpEtA==/com.termux.x11-1tus8NhfW98goVF914TrYw==/base.apk!/lib/arm64-v8a/libXlorie.so
04-17 08:29:55.320 I/LorieNative(16758): ExaTrace: putImage accel count=119168 drawableType=0 drawableId=0x600037 geom=2898x1848 size=2912x22 format=2 depth=24
04-17 08:29:55.395 I/LorieNative(16758): DamageTraceV2: PutImage count=117120 drawableType=WINDOW screenPixmap=0 drawable=0xb400007cd98d66b0 geom=2898x1848 box=0,242-2898,264 backend=other fn=0x7bd5f2ee24 fn_offset=0x30de24 fbase=0x7bd5c21000 sym=unknown so=/data/app/~~iNwcSjv3C2CZCLwcLxpEtA==/com.termux.x11-1tus8NhfW98goVF914TrYw==/base.apk!/lib/arm64-v8a/libXlorie.so
04-17 08:29:55.410 I/LorieNative(16758): DamageTraceV2: PutImage count=117184 drawableType=WINDOW screenPixmap=0 drawable=0xb400007cd98d66b0 geom=2898x1848 box=0,1650-2898,1672 backend=other fn=0x7bd5f2ee24 fn_offset=0x30de24 fbase=0x7bd5c21000 sym=unknown so=/data/app/~~iNwcSjv3C2CZCLwcLxpEtA==/com.termux.x11-1tus8NhfW98goVF914TrYw==/base.apk!/lib/arm64-v8a/libXlorie.so
04-17 08:29:55.477 I/LorieNative(16758): ExaTrace: putImage accel count=119296 drawableType=0 drawableId=0x600037 geom=2898x1848 size=2912x22 format=2 depth=24
04-17 08:29:55.482 I/LorieNative(16758): DamageTraceV2: PutImage count=117248 drawableType=WINDOW screenPixmap=0 drawable=0xb400007cd98d66b0 geom=2898x1848 box=0,1210-2898,1232 backend=other fn=0x7bd5f2ee24 fn_offset=0x30de24 fbase=0x7bd5c21000 sym=unknown so=/data/app/~~iNwcSjv3C2CZCLwcLxpEtA==/com.termux.x11-1tus8NhfW98goVF914TrYw==/base.apk!/lib/arm64-v8a/libXlorie.so
04-17 08:29:55.557 I/LorieNative(16758): DamageTraceV2: PutImage count=117312 drawableType=WINDOW screenPixmap=0 drawable=0xb400007cd98d66b0 geom=2898x1848 box=0,770-2898,792 backend=other fn=0x7bd5f2ee24 fn_offset=0x30de24 fbase=0x7bd5c21000 sym=unknown so=/data/app/~~iNwcSjv3C2CZCLwcLxpEtA==/com.termux.x11-1tus8NhfW98goVF914TrYw==/base.apk!/lib/arm64-v8a/libXlorie.so
04-17 08:29:55.573 I/LorieNative(16758): choreographer callbacks in 5.0 seconds = 120.0 FPS
04-17 08:29:55.573 I/LorieNative(16758): redraw wakeups in 5.0 seconds = 120.0 FPS
04-17 08:29:55.573 I/LorieNative(16758): damage-triggered redraws in 5.0 seconds = 32.2 FPS
04-17 08:29:55.573 I/LorieNative(16758): AhbLockTrace: sticky=0 lock_calls=161 unlock_calls=161 sticky_hits=5208 flush_skipped=0 in 5.0s
04-17 08:29:55.573 I/LorieNative(16758): present flip attempts in 5.0 seconds = 0.0 FPS (accepted 0.0, rejected 0.0)
04-17 08:29:55.573 I/LorieNative(16758): present after-flips in 5.0 seconds = 0.0 FPS
04-17 08:29:55.573 I/LorieNative(16758): 162 frames in 5.0 seconds = 32.4 FPS
04-17 08:29:55.610 I/LorieNative(16758): ExaTrace: putImage accel count=119424 drawableType=0 drawableId=0x600037 geom=2898x1848 size=2912x22 format=2 depth=24
04-17 08:29:55.614 I/LorieNative(16758): DamageTraceV2: PutImage count=117376 drawableType=WINDOW screenPixmap=0 drawable=0xb400007cd98d66b0 geom=2898x1848 box=0,330-2898,352 backend=other fn=0x7bd5f2ee24 fn_offset=0x30de24 fbase=0x7bd5c21000 sym=unknown so=/data/app/~~iNwcSjv3C2CZCLwcLxpEtA==/com.termux.x11-1tus8NhfW98goVF914TrYw==/base.apk!/lib/arm64-v8a/libXlorie.so
04-17 08:29:55.633 I/LorieNative(16758): DamageTraceV2: PutImage count=117440 drawableType=WINDOW screenPixmap=0 drawable=0xb400007cd98d66b0 geom=2898x1848 box=0,1738-2898,1760 backend=other fn=0x7bd5f2ee24 fn_offset=0x30de24 fbase=0x7bd5c21000 sym=unknown so=/data/app/~~iNwcSjv3C2CZCLwcLxpEtA==/com.termux.x11-1tus8NhfW98goVF914TrYw==/base.apk!/lib/arm64-v8a/libXlorie.so
04-17 08:29:55.692 I/LorieNative(16758): ExaTrace: putImage accel count=119552 drawableType=0 drawableId=0x600037 geom=2898x1848 size=2912x22 format=2 depth=24
04-17 08:29:55.694 I/LorieNative(16758): DamageTraceV2: PutImage count=117504 drawableType=WINDOW screenPixmap=0 drawable=0xb400007cd98d66b0 geom=2898x1848 box=0,1298-2898,1320 backend=other fn=0x7bd5f2ee24 fn_offset=0x30de24 fbase=0x7bd5c21000 sym=unknown so=/data/app/~~iNwcSjv3C2CZCLwcLxpEtA==/com.termux.x11-1tus8NhfW98goVF914TrYw==/base.apk!/lib/arm64-v8a/libXlorie.so
04-17 08:29:55.756 I/LorieNative(16758): DamageTraceV2: PutImage count=117568 drawableType=WINDOW screenPixmap=0 drawable=0xb400007cd98d66b0 geom=2898x1848 box=0,858-2898,880 backend=other fn=0x7bd5f2ee24 fn_offset=0x30de24 fbase=0x7bd5c21000 sym=unknown so=/data/app/~~iNwcSjv3C2CZCLwcLxpEtA==/com.termux.x11-1tus8NhfW98goVF914TrYw==/base.apk!/lib/arm64-v8a/libXlorie.so
04-17 08:29:55.819 I/LorieNative(16758): ExaTrace: putImage accel count=119680 drawableType=0 drawableId=0x600037 geom=2898x1848 size=2912x22 format=2 depth=24
04-17 08:29:55.823 I/LorieNative(16758): DamageTraceV2: PutImage count=117632 drawableType=WINDOW screenPixmap=0 drawable=0xb400007cd98d66b0 geom=2898x1848 box=0,418-2898,440 backend=other fn=0x7bd5f2ee24 fn_offset=0x30de24 fbase=0x7bd5c21000 sym=unknown so=/data/app/~~iNwcSjv3C2CZCLwcLxpEtA==/com.termux.x11-1tus8NhfW98goVF914TrYw==/base.apk!/lib/arm64-v8a/libXlorie.so
04-17 08:29:55.839 I/LorieNative(16758): DamageTraceV2: PutImage count=117696 drawableType=WINDOW screenPixmap=0 drawable=0xb400007cd98d66b0 geom=2898x1848 box=0,1826-2898,1848 backend=other fn=0x7bd5f2ee24 fn_offset=0x30de24 fbase=0x7bd5c21000 sym=unknown so=/data/app/~~iNwcSjv3C2CZCLwcLxpEtA==/com.termux.x11-1tus8NhfW98goVF914TrYw==/base.apk!/lib/arm64-v8a/libXlorie.so
04-17 08:29:55.890 I/LorieNative(16758): ExaTrace: putImage accel count=119808 drawableType=0 drawableId=0x600037 geom=2898x1848 size=2912x22 format=2 depth=24
04-17 08:29:55.892 I/LorieNative(16758): DamageTraceV2: PutImage count=117760 drawableType=WINDOW screenPixmap=0 drawable=0xb400007cd98d66b0 geom=2898x1848 box=0,1386-2898,1408 backend=other fn=0x7bd5f2ee24 fn_offset=0x30de24 fbase=0x7bd5c21000 sym=unknown so=/data/app/~~iNwcSjv3C2CZCLwcLxpEtA==/com.termux.x11-1tus8NhfW98goVF914TrYw==/base.apk!/lib/arm64-v8a/libXlorie.so
04-17 08:29:55.955 I/LorieNative(16758): DamageTraceV2: PutImage count=117824 drawableType=WINDOW screenPixmap=0 drawable=0xb400007cd98d66b0 geom=2898x1848 box=0,946-2898,968 backend=other fn=0x7bd5f2ee24 fn_offset=0x30de24 fbase=0x7bd5c21000 sym=unknown so=/data/app/~~iNwcSjv3C2CZCLwcLxpEtA==/com.termux.x11-1tus8NhfW98goVF914TrYw==/base.apk!/lib/arm64-v8a/libXlorie.so
04-17 08:29:56.040 I/LorieNative(16758): ExaTrace: putImage accel count=119936 drawableType=0 drawableId=0x600037 geom=2898x1848 size=2912x22 format=2 depth=24
04-17 08:29:56.046 I/LorieNative(16758): DamageTraceV2: PutImage count=117888 drawableType=WINDOW screenPixmap=0 drawable=0xb400007cd98d66b0 geom=2898x1848 box=0,506-2898,528 backend=other fn=0x7bd5f2ee24 fn_offset=0x30de24 fbase=0x7bd5c21000 sym=unknown so=/data/app/~~iNwcSjv3C2CZCLwcLxpEtA==/com.termux.x11-1tus8NhfW98goVF914TrYw==/base.apk!/lib/arm64-v8a/libXlorie.so
04-17 08:29:56.141 I/LorieNative(16758): DamageTraceV2: PutImage count=117952 drawableType=WINDOW screenPixmap=0 drawable=0xb400007cd98d66b0 geom=2898x1848 box=0,66-2898,88 backend=other fn=0x7bd5f2ee24 fn_offset=0x30de24 fbase=0x7bd5c21000 sym=unknown so=/data/app/~~iNwcSjv3C2CZCLwcLxpEtA==/com.termux.x11-1tus8NhfW98goVF914TrYw==/base.apk!/lib/arm64-v8a/libXlorie.so
04-17 08:29:56.160 I/LorieNative(16758): ExaTrace: putImage accel count=120064 drawableType=0 drawableId=0x600037 geom=2898x1848 size=2912x22 format=2 depth=24
04-17 08:29:56.162 I/LorieNative(16758): DamageTraceV2: PutImage count=118016 drawableType=WINDOW screenPixmap=0 drawable=0xb400007cd98d66b0 geom=2898x1848 box=0,1474-2898,1496 backend=other fn=0x7bd5f2ee24 fn_offset=0x30de24 fbase=0x7bd5c21000 sym=unknown so=/data/app/~~iNwcSjv3C2CZCLwcLxpEtA==/com.termux.x11-1tus8NhfW98goVF914TrYw==/base.apk!/lib/arm64-v8a/libXlorie.so
04-17 08:29:56.235 I/LorieNative(16758): DamageTraceV2: PutImage count=118080 drawableType=WINDOW screenPixmap=0 drawable=0xb400007cd98d66b0 geom=2898x1848 box=0,1034-2898,1056 backend=other fn=0x7bd5f2ee24 fn_offset=0x30de24 fbase=0x7bd5c21000 sym=unknown so=/data/app/~~iNwcSjv3C2CZCLwcLxpEtA==/com.termux.x11-1tus8NhfW98goVF914TrYw==/base.apk!/lib/arm64-v8a/libXlorie.so
04-17 08:29:56.311 I/LorieNative(16758): ExaTrace: putImage accel count=120192 drawableType=0 drawableId=0x600037 geom=2898x1848 size=2912x22 format=2 depth=24
04-17 08:29:56.316 I/LorieNative(16758): DamageTraceV2: PutImage count=118144 drawableType=WINDOW screenPixmap=0 drawable=0xb400007cd98d66b0 geom=2898x1848 box=0,594-2898,616 backend=other fn=0x7bd5f2ee24 fn_offset=0x30de24 fbase=0x7bd5c21000 sym=unknown so=/data/app/~~iNwcSjv3C2CZCLwcLxpEtA==/com.termux.x11-1tus8NhfW98goVF914TrYw==/base.apk!/lib/arm64-v8a/libXlorie.so
04-17 08:29:56.411 I/LorieNative(16758): DamageTraceV2: PutImage count=118208 drawableType=WINDOW screenPixmap=0 drawable=0xb400007cd98d66b0 geom=2898x1848 box=0,154-2898,176 backend=other fn=0x7bd5f2ee24 fn_offset=0x30de24 fbase=0x7bd5c21000 sym=unknown so=/data/app/~~iNwcSjv3C2CZCLwcLxpEtA==/com.termux.x11-1tus8NhfW98goVF914TrYw==/base.apk!/lib/arm64-v8a/libXlorie.so
04-17 08:29:56.432 I/LorieNative(16758): ExaTrace: putImage accel count=120320 drawableType=0 drawableId=0x600037 geom=2898x1848 size=2912x22 format=2 depth=24
04-17 08:29:56.435 I/LorieNative(16758): DamageTraceV2: PutImage count=118272 drawableType=WINDOW screenPixmap=0 drawable=0xb400007cd98d66b0 geom=2898x1848 box=0,1562-2898,1584 backend=other fn=0x7bd5f2ee24 fn_offset=0x30de24 fbase=0x7bd5c21000 sym=unknown so=/data/app/~~iNwcSjv3C2CZCLwcLxpEtA==/com.termux.x11-1tus8NhfW98goVF914TrYw==/base.apk!/lib/arm64-v8a/libXlorie.so
04-17 08:29:56.515 I/LorieNative(16758): DamageTraceV2: PutImage count=118336 drawableType=WINDOW screenPixmap=0 drawable=0xb400007cd98d66b0 geom=2898x1848 box=0,1122-2898,1144 backend=other fn=0x7bd5f2ee24 fn_offset=0x30de24 fbase=0x7bd5c21000 sym=unknown so=/data/app/~~iNwcSjv3C2CZCLwcLxpEtA==/com.termux.x11-1tus8NhfW98goVF914TrYw==/base.apk!/lib/arm64-v8a/libXlorie.so
04-17 08:29:56.591 I/LorieNative(16758): ExaTrace: putImage accel count=120448 drawableType=0 drawableId=0x600037 geom=2898x1848 size=2912x22 format=2 depth=24
04-17 08:29:56.596 I/LorieNative(16758): DamageTraceV2: PutImage count=118400 drawableType=WINDOW screenPixmap=0 drawable=0xb400007cd98d66b0 geom=2898x1848 box=0,682-2898,704 backend=other fn=0x7bd5f2ee24 fn_offset=0x30de24 fbase=0x7bd5c21000 sym=unknown so=/data/app/~~iNwcSjv3C2CZCLwcLxpEtA==/com.termux.x11-1tus8NhfW98goVF914TrYw==/base.apk!/lib/arm64-v8a/libXlorie.so
04-17 08:29:56.673 I/LorieNative(16758): DamageTraceV2: PutImage count=118464 drawableType=WINDOW screenPixmap=0 drawable=0xb400007cd98d66b0 geom=2898x1848 box=0,242-2898,264 backend=other fn=0x7bd5f2ee24 fn_offset=0x30de24 fbase=0x7bd5c21000 sym=unknown so=/data/app/~~iNwcSjv3C2CZCLwcLxpEtA==/com.termux.x11-1tus8NhfW98goVF914TrYw==/base.apk!/lib/arm64-v8a/libXlorie.so
04-17 08:29:56.687 I/LorieNative(16758): ExaTrace: putImage accel count=120576 drawableType=0 drawableId=0x600037 geom=2898x1848 size=2912x22 format=2 depth=24
04-17 08:29:56.690 I/LorieNative(16758): DamageTraceV2: PutImage count=118528 drawableType=WINDOW screenPixmap=0 drawable=0xb400007cd98d66b0 geom=2898x1848 box=0,1650-2898,1672 backend=other fn=0x7bd5f2ee24 fn_offset=0x30de24 fbase=0x7bd5c21000 sym=unknown so=/data/app/~~iNwcSjv3C2CZCLwcLxpEtA==/com.termux.x11-1tus8NhfW98goVF914TrYw==/base.apk!/lib/arm64-v8a/libXlorie.so
04-17 08:29:56.768 I/LorieNative(16758): DamageTraceV2: PutImage count=118592 drawableType=WINDOW screenPixmap=0 drawable=0xb400007cd98d66b0 geom=2898x1848 box=0,1210-2898,1232 backend=other fn=0x7bd5f2ee24 fn_offset=0x30de24 fbase=0x7bd5c21000 sym=unknown so=/data/app/~~iNwcSjv3C2CZCLwcLxpEtA==/com.termux.x11-1tus8NhfW98goVF914TrYw==/base.apk!/lib/arm64-v8a/libXlorie.so
04-17 08:29:56.835 I/LorieNative(16758): ExaTrace: putImage accel count=120704 drawableType=0 drawableId=0x600037 geom=2898x1848 size=2912x22 format=2 depth=24
04-17 08:29:56.837 I/LorieNative(16758): DamageTraceV2: PutImage count=118656 drawableType=WINDOW screenPixmap=0 drawable=0xb400007cd98d66b0 geom=2898x1848 box=0,770-2898,792 backend=other fn=0x7bd5f2ee24 fn_offset=0x30de24 fbase=0x7bd5c21000 sym=unknown so=/data/app/~~iNwcSjv3C2CZCLwcLxpEtA==/com.termux.x11-1tus8NhfW98goVF914TrYw==/base.apk!/lib/arm64-v8a/libXlorie.so
04-17 08:29:56.910 I/LorieNative(16758): DamageTraceV2: PutImage count=118720 drawableType=WINDOW screenPixmap=0 drawable=0xb400007cd98d66b0 geom=2898x1848 box=0,330-2898,352 backend=other fn=0x7bd5f2ee24 fn_offset=0x30de24 fbase=0x7bd5c21000 sym=unknown so=/data/app/~~iNwcSjv3C2CZCLwcLxpEtA==/com.termux.x11-1tus8NhfW98goVF914TrYw==/base.apk!/lib/arm64-v8a/libXlorie.so
04-17 08:29:56.921 I/LorieNative(16758): ExaTrace: putImage accel count=120832 drawableType=0 drawableId=0x600037 geom=2898x1848 size=2912x22 format=2 depth=24
04-17 08:29:56.924 I/LorieNative(16758): DamageTraceV2: PutImage count=118784 drawableType=WINDOW screenPixmap=0 drawable=0xb400007cd98d66b0 geom=2898x1848 box=0,1738-2898,1760 backend=other fn=0x7bd5f2ee24 fn_offset=0x30de24 fbase=0x7bd5c21000 sym=unknown so=/data/app/~~iNwcSjv3C2CZCLwcLxpEtA==/com.termux.x11-1tus8NhfW98goVF914TrYw==/base.apk!/lib/arm64-v8a/libXlorie.so
04-17 08:29:56.983 I/LorieNative(16758): DamageTraceV2: PutImage count=118848 drawableType=WINDOW screenPixmap=0 drawable=0xb400007cd98d66b0 geom=2898x1848 box=0,1298-2898,1320 backend=other fn=0x7bd5f2ee24 fn_offset=0x30de24 fbase=0x7bd5c21000 sym=unknown so=/data/app/~~iNwcSjv3C2CZCLwcLxpEtA==/com.termux.x11-1tus8NhfW98goVF914TrYw==/base.apk!/lib/arm64-v8a/libXlorie.so
04-17 08:29:57.049 I/LorieNative(16758): ExaTrace: putImage accel count=120960 drawableType=0 drawableId=0x600037 geom=2898x1848 size=2912x22 format=2 depth=24
04-17 08:29:57.051 I/LorieNative(16758): DamageTraceV2: PutImage count=118912 drawableType=WINDOW screenPixmap=0 drawable=0xb400007cd98d66b0 geom=2898x1848 box=0,858-2898,880 backend=other fn=0x7bd5f2ee24 fn_offset=0x30de24 fbase=0x7bd5c21000 sym=unknown so=/data/app/~~iNwcSjv3C2CZCLwcLxpEtA==/com.termux.x11-1tus8NhfW98goVF914TrYw==/base.apk!/lib/arm64-v8a/libXlorie.so
04-17 08:29:57.107 I/LorieNative(16758): DamageTraceV2: PutImage count=118976 drawableType=WINDOW screenPixmap=0 drawable=0xb400007cd98d66b0 geom=2898x1848 box=0,418-2898,440 backend=other fn=0x7bd5f2ee24 fn_offset=0x30de24 fbase=0x7bd5c21000 sym=unknown so=/data/app/~~iNwcSjv3C2CZCLwcLxpEtA==/com.termux.x11-1tus8NhfW98goVF914TrYw==/base.apk!/lib/arm64-v8a/libXlorie.so
04-17 08:29:57.119 I/LorieNative(16758): ExaTrace: putImage accel count=121088 drawableType=0 drawableId=0x600037 geom=2898x1848 size=2912x22 format=2 depth=24
04-17 08:29:57.122 I/LorieNative(16758): DamageTraceV2: PutImage count=119040 drawableType=WINDOW screenPixmap=0 drawable=0xb400007cd98d66b0 geom=2898x1848 box=0,1826-2898,1848 backend=other fn=0x7bd5f2ee24 fn_offset=0x30de24 fbase=0x7bd5c21000 sym=unknown so=/data/app/~~iNwcSjv3C2CZCLwcLxpEtA==/com.termux.x11-1tus8NhfW98goVF914TrYw==/base.apk!/lib/arm64-v8a/libXlorie.so
04-17 08:29:57.195 I/LorieNative(16758): DamageTraceV2: PutImage count=119104 drawableType=WINDOW screenPixmap=0 drawable=0xb400007cd98d66b0 geom=2898x1848 box=0,1386-2898,1408 backend=other fn=0x7bd5f2ee24 fn_offset=0x30de24 fbase=0x7bd5c21000 sym=unknown so=/data/app/~~iNwcSjv3C2CZCLwcLxpEtA==/com.termux.x11-1tus8NhfW98goVF914TrYw==/base.apk!/lib/arm64-v8a/libXlorie.so
04-17 08:29:57.263 I/LorieNative(16758): ExaTrace: putImage accel count=121216 drawableType=0 drawableId=0x600037 geom=2898x1848 size=2912x22 format=2 depth=24
04-17 08:29:57.267 I/LorieNative(16758): DamageTraceV2: PutImage count=119168 drawableType=WINDOW screenPixmap=0 drawable=0xb400007cd98d66b0 geom=2898x1848 box=0,946-2898,968 backend=other fn=0x7bd5f2ee24 fn_offset=0x30de24 fbase=0x7bd5c21000 sym=unknown so=/data/app/~~iNwcSjv3C2CZCLwcLxpEtA==/com.termux.x11-1tus8NhfW98goVF914TrYw==/base.apk!/lib/arm64-v8a/libXlorie.so
04-17 08:29:57.362 I/LorieNative(16758): DamageTraceV2: PutImage count=119232 drawableType=WINDOW screenPixmap=0 drawable=0xb400007cd98d66b0 geom=2898x1848 box=0,506-2898,528 backend=other fn=0x7bd5f2ee24 fn_offset=0x30de24 fbase=0x7bd5c21000 sym=unknown so=/data/app/~~iNwcSjv3C2CZCLwcLxpEtA==/com.termux.x11-1tus8NhfW98goVF914TrYw==/base.apk!/lib/arm64-v8a/libXlorie.so
04-17 08:29:57.381 I/LorieNative(16758): ExaTrace: putImage accel count=121344 drawableType=0 drawableId=0x600037 geom=2898x1848 size=2912x22 format=2 depth=24
04-17 08:29:57.450 I/LorieNative(16758): DamageTraceV2: PutImage count=119296 drawableType=WINDOW screenPixmap=0 drawable=0xb400007cd98d66b0 geom=2898x1848 box=0,66-2898,88 backend=other fn=0x7bd5f2ee24 fn_offset=0x30de24 fbase=0x7bd5c21000 sym=unknown so=/data/app/~~iNwcSjv3C2CZCLwcLxpEtA==/com.termux.x11-1tus8NhfW98goVF914TrYw==/base.apk!/lib/arm64-v8a/libXlorie.so
04-17 08:29:57.470 I/LorieNative(16758): DamageTraceV2: PutImage count=119360 drawableType=WINDOW screenPixmap=0 drawable=0xb400007cd98d66b0 geom=2898x1848 box=0,1474-2898,1496 backend=other fn=0x7bd5f2ee24 fn_offset=0x30de24 fbase=0x7bd5c21000 sym=unknown so=/data/app/~~iNwcSjv3C2CZCLwcLxpEtA==/com.termux.x11-1tus8NhfW98goVF914TrYw==/base.apk!/lib/arm64-v8a/libXlorie.so
04-17 08:29:57.552 I/LorieNative(16758): ExaTrace: putImage accel count=121472 drawableType=0 drawableId=0x600037 geom=2898x1848 size=2912x22 format=2 depth=24
04-17 08:29:57.554 I/LorieNative(16758): DamageTraceV2: PutImage count=119424 drawableType=WINDOW screenPixmap=0 drawable=0xb400007cd98d66b0 geom=2898x1848 box=0,1034-2898,1056 backend=other fn=0x7bd5f2ee24 fn_offset=0x30de24 fbase=0x7bd5c21000 sym=unknown so=/data/app/~~iNwcSjv3C2CZCLwcLxpEtA==/com.termux.x11-1tus8NhfW98goVF914TrYw==/base.apk!/lib/arm64-v8a/libXlorie.so
04-17 08:29:57.620 I/LorieNative(16758): DamageTraceV2: PutImage count=119488 drawableType=WINDOW screenPixmap=0 drawable=0xb400007cd98d66b0 geom=2898x1848 box=0,594-2898,616 backend=other fn=0x7bd5f2ee24 fn_offset=0x30de24 fbase=0x7bd5c21000 sym=unknown so=/data/app/~~iNwcSjv3C2CZCLwcLxpEtA==/com.termux.x11-1tus8NhfW98goVF914TrYw==/base.apk!/lib/arm64-v8a/libXlorie.so
04-17 08:29:57.633 I/LorieNative(16758): ExaTrace: putImage accel count=121600 drawableType=0 drawableId=0x600037 geom=2898x1848 size=2912x22 format=2 depth=24
04-17 08:29:57.690 I/LorieNative(16758): DamageTraceV2: PutImage count=119552 drawableType=WINDOW screenPixmap=0 drawable=0xb400007cd98d66b0 geom=2898x1848 box=0,154-2898,176 backend=other fn=0x7bd5f2ee24 fn_offset=0x30de24 fbase=0x7bd5c21000 sym=unknown so=/data/app/~~iNwcSjv3C2CZCLwcLxpEtA==/com.termux.x11-1tus8NhfW98goVF914TrYw==/base.apk!/lib/arm64-v8a/libXlorie.so
04-17 08:29:57.707 I/LorieNative(16758): DamageTraceV2: PutImage count=119616 drawableType=WINDOW screenPixmap=0 drawable=0xb400007cd98d66b0 geom=2898x1848 box=0,1562-2898,1584 backend=other fn=0x7bd5f2ee24 fn_offset=0x30de24 fbase=0x7bd5c21000 sym=unknown so=/data/app/~~iNwcSjv3C2CZCLwcLxpEtA==/com.termux.x11-1tus8NhfW98goVF914TrYw==/base.apk!/lib/arm64-v8a/libXlorie.so
04-17 08:29:57.801 I/LorieNative(16758): ExaTrace: putImage accel count=121728 drawableType=0 drawableId=0x600037 geom=2898x1848 size=2912x22 format=2 depth=24
04-17 08:29:57.805 I/LorieNative(16758): DamageTraceV2: PutImage count=119680 drawableType=WINDOW screenPixmap=0 drawable=0xb400007cd98d66b0 geom=2898x1848 box=0,1122-2898,1144 backend=other fn=0x7bd5f2ee24 fn_offset=0x30de24 fbase=0x7bd5c21000 sym=unknown so=/data/app/~~iNwcSjv3C2CZCLwcLxpEtA==/com.termux.x11-1tus8NhfW98goVF914TrYw==/base.apk!/lib/arm64-v8a/libXlorie.so
04-17 08:29:57.888 I/LorieNative(16758): DamageTraceV2: PutImage count=119744 drawableType=WINDOW screenPixmap=0 drawable=0xb400007cd98d66b0 geom=2898x1848 box=0,682-2898,704 backend=other fn=0x7bd5f2ee24 fn_offset=0x30de24 fbase=0x7bd5c21000 sym=unknown so=/data/app/~~iNwcSjv3C2CZCLwcLxpEtA==/com.termux.x11-1tus8NhfW98goVF914TrYw==/base.apk!/lib/arm64-v8a/libXlorie.so
04-17 08:29:57.901 I/LorieNative(16758): ExaTrace: putImage accel count=121856 drawableType=0 drawableId=0x600037 geom=2898x1848 size=2912x22 format=2 depth=24
04-17 08:29:57.977 I/LorieNative(16758): DamageTraceV2: PutImage count=119808 drawableType=WINDOW screenPixmap=0 drawable=0xb400007cd98d66b0 geom=2898x1848 box=0,242-2898,264 backend=other fn=0x7bd5f2ee24 fn_offset=0x30de24 fbase=0x7bd5c21000 sym=unknown so=/data/app/~~iNwcSjv3C2CZCLwcLxpEtA==/com.termux.x11-1tus8NhfW98goVF914TrYw==/base.apk!/lib/arm64-v8a/libXlorie.so
04-17 08:29:57.996 I/LorieNative(16758): DamageTraceV2: PutImage count=119872 drawableType=WINDOW screenPixmap=0 drawable=0xb400007cd98d66b0 geom=2898x1848 box=0,1650-2898,1672 backend=other fn=0x7bd5f2ee24 fn_offset=0x30de24 fbase=0x7bd5c21000 sym=unknown so=/data/app/~~iNwcSjv3C2CZCLwcLxpEtA==/com.termux.x11-1tus8NhfW98goVF914TrYw==/base.apk!/lib/arm64-v8a/libXlorie.so
04-17 08:29:58.074 I/LorieNative(16758): ExaTrace: putImage accel count=121984 drawableType=0 drawableId=0x600037 geom=2898x1848 size=2912x22 format=2 depth=24
04-17 08:29:58.077 I/LorieNative(16758): DamageTraceV2: PutImage count=119936 drawableType=WINDOW screenPixmap=0 drawable=0xb400007cd98d66b0 geom=2898x1848 box=0,1210-2898,1232 backend=other fn=0x7bd5f2ee24 fn_offset=0x30de24 fbase=0x7bd5c21000 sym=unknown so=/data/app/~~iNwcSjv3C2CZCLwcLxpEtA==/com.termux.x11-1tus8NhfW98goVF914TrYw==/base.apk!/lib/arm64-v8a/libXlorie.so
04-17 08:29:58.154 I/LorieNative(16758): DamageTraceV2: PutImage count=120000 drawableType=WINDOW screenPixmap=0 drawable=0xb400007cd98d66b0 geom=2898x1848 box=0,770-2898,792 backend=other fn=0x7bd5f2ee24 fn_offset=0x30de24 fbase=0x7bd5c21000 sym=unknown so=/data/app/~~iNwcSjv3C2CZCLwcLxpEtA==/com.termux.x11-1tus8NhfW98goVF914TrYw==/base.apk!/lib/arm64-v8a/libXlorie.so
04-17 08:29:58.237 I/LorieNative(16758): ExaTrace: putImage accel count=122112 drawableType=0 drawableId=0x600037 geom=2898x1848 size=2912x22 format=2 depth=24
04-17 08:29:58.243 I/LorieNative(16758): DamageTraceV2: PutImage count=120064 drawableType=WINDOW screenPixmap=0 drawable=0xb400007cd98d66b0 geom=2898x1848 box=0,330-2898,352 backend=other fn=0x7bd5f2ee24 fn_offset=0x30de24 fbase=0x7bd5c21000 sym=unknown so=/data/app/~~iNwcSjv3C2CZCLwcLxpEtA==/com.termux.x11-1tus8NhfW98goVF914TrYw==/base.apk!/lib/arm64-v8a/libXlorie.so
04-17 08:29:58.260 I/LorieNative(16758): DamageTraceV2: PutImage count=120128 drawableType=WINDOW screenPixmap=0 drawable=0xb400007cd98d66b0 geom=2898x1848 box=0,1738-2898,1760 backend=other fn=0x7bd5f2ee24 fn_offset=0x30de24 fbase=0x7bd5c21000 sym=unknown so=/data/app/~~iNwcSjv3C2CZCLwcLxpEtA==/com.termux.x11-1tus8NhfW98goVF914TrYw==/base.apk!/lib/arm64-v8a/libXlorie.so
04-17 08:29:58.331 I/LorieNative(16758): ExaTrace: putImage accel count=122240 drawableType=0 drawableId=0x600037 geom=2898x1848 size=2912x22 format=2 depth=24
04-17 08:29:58.336 I/LorieNative(16758): DamageTraceV2: PutImage count=120192 drawableType=WINDOW screenPixmap=0 drawable=0xb400007cd98d66b0 geom=2898x1848 box=0,1298-2898,1320 backend=other fn=0x7bd5f2ee24 fn_offset=0x30de24 fbase=0x7bd5c21000 sym=unknown so=/data/app/~~iNwcSjv3C2CZCLwcLxpEtA==/com.termux.x11-1tus8NhfW98goVF914TrYw==/base.apk!/lib/arm64-v8a/libXlorie.so
04-17 08:29:58.407 I/LorieNative(16758): DamageTraceV2: PutImage count=120256 drawableType=WINDOW screenPixmap=0 drawable=0xb400007cd98d66b0 geom=2898x1848 box=0,858-2898,880 backend=other fn=0x7bd5f2ee24 fn_offset=0x30de24 fbase=0x7bd5c21000 sym=unknown so=/data/app/~~iNwcSjv3C2CZCLwcLxpEtA==/com.termux.x11-1tus8NhfW98goVF914TrYw==/base.apk!/lib/arm64-v8a/libXlorie.so
04-17 08:29:58.481 I/LorieNative(16758): ExaTrace: putImage accel count=122368 drawableType=0 drawableId=0x600037 geom=2898x1848 size=2912x22 format=2 depth=24
04-17 08:29:58.490 I/LorieNative(16758): DamageTraceV2: PutImage count=120320 drawableType=WINDOW screenPixmap=0 drawable=0xb400007cd98d66b0 geom=2898x1848 box=0,418-2898,440 backend=other fn=0x7bd5f2ee24 fn_offset=0x30de24 fbase=0x7bd5c21000 sym=unknown so=/data/app/~~iNwcSjv3C2CZCLwcLxpEtA==/com.termux.x11-1tus8NhfW98goVF914TrYw==/base.apk!/lib/arm64-v8a/libXlorie.so
04-17 08:29:58.505 I/LorieNative(16758): DamageTraceV2: PutImage count=120384 drawableType=WINDOW screenPixmap=0 drawable=0xb400007cd98d66b0 geom=2898x1848 box=0,1826-2898,1848 backend=other fn=0x7bd5f2ee24 fn_offset=0x30de24 fbase=0x7bd5c21000 sym=unknown so=/data/app/~~iNwcSjv3C2CZCLwcLxpEtA==/com.termux.x11-1tus8NhfW98goVF914TrYw==/base.apk!/lib/arm64-v8a/libXlorie.so
04-17 08:29:58.593 I/LorieNative(16758): ExaTrace: putImage accel count=122496 drawableType=0 drawableId=0x600037 geom=2898x1848 size=2912x22 format=2 depth=24
04-17 08:29:58.596 I/LorieNative(16758): DamageTraceV2: PutImage count=120448 drawableType=WINDOW screenPixmap=0 drawable=0xb400007cd98d66b0 geom=2898x1848 box=0,1386-2898,1408 backend=other fn=0x7bd5f2ee24 fn_offset=0x30de24 fbase=0x7bd5c21000 sym=unknown so=/data/app/~~iNwcSjv3C2CZCLwcLxpEtA==/com.termux.x11-1tus8NhfW98goVF914TrYw==/base.apk!/lib/arm64-v8a/libXlorie.so
04-17 08:29:58.674 I/LorieNative(16758): DamageTraceV2: PutImage count=120512 drawableType=WINDOW screenPixmap=0 drawable=0xb400007cd98d66b0 geom=2898x1848 box=0,946-2898,968 backend=other fn=0x7bd5f2ee24 fn_offset=0x30de24 fbase=0x7bd5c21000 sym=unknown so=/data/app/~~iNwcSjv3C2CZCLwcLxpEtA==/com.termux.x11-1tus8NhfW98goVF914TrYw==/base.apk!/lib/arm64-v8a/libXlorie.so
04-17 08:29:58.739 I/LorieNative(16758): ExaTrace: putImage accel count=122624 drawableType=0 drawableId=0x600037 geom=2898x1848 size=2912x22 format=2 depth=24
04-17 08:29:58.743 I/LorieNative(16758): DamageTraceV2: PutImage count=120576 drawableType=WINDOW screenPixmap=0 drawable=0xb400007cd98d66b0 geom=2898x1848 box=0,506-2898,528 backend=other fn=0x7bd5f2ee24 fn_offset=0x30de24 fbase=0x7bd5c21000 sym=unknown so=/data/app/~~iNwcSjv3C2CZCLwcLxpEtA==/com.termux.x11-1tus8NhfW98goVF914TrYw==/base.apk!/lib/arm64-v8a/libXlorie.so
04-17 08:29:58.806 I/LorieNative(16758): DamageTraceV2: PutImage count=120640 drawableType=WINDOW screenPixmap=0 drawable=0xb400007cd98d66b0 geom=2898x1848 box=0,66-2898,88 backend=other fn=0x7bd5f2ee24 fn_offset=0x30de24 fbase=0x7bd5c21000 sym=unknown so=/data/app/~~iNwcSjv3C2CZCLwcLxpEtA==/com.termux.x11-1tus8NhfW98goVF914TrYw==/base.apk!/lib/arm64-v8a/libXlorie.so
04-17 08:29:58.814 I/LorieNative(16758): ExaTrace: putImage accel count=122752 drawableType=0 drawableId=0x600037 geom=2898x1848 size=2912x22 format=2 depth=24
04-17 08:29:58.816 I/LorieNative(16758): DamageTraceV2: PutImage count=120704 drawableType=WINDOW screenPixmap=0 drawable=0xb400007cd98d66b0 geom=2898x1848 box=0,1474-2898,1496 backend=other fn=0x7bd5f2ee24 fn_offset=0x30de24 fbase=0x7bd5c21000 sym=unknown so=/data/app/~~iNwcSjv3C2CZCLwcLxpEtA==/com.termux.x11-1tus8NhfW98goVF914TrYw==/base.apk!/lib/arm64-v8a/libXlorie.so
04-17 08:29:58.888 I/LorieNative(16758): DamageTraceV2: PutImage count=120768 drawableType=WINDOW screenPixmap=0 drawable=0xb400007cd98d66b0 geom=2898x1848 box=0,1034-2898,1056 backend=other fn=0x7bd5f2ee24 fn_offset=0x30de24 fbase=0x7bd5c21000 sym=unknown so=/data/app/~~iNwcSjv3C2CZCLwcLxpEtA==/com.termux.x11-1tus8NhfW98goVF914TrYw==/base.apk!/lib/arm64-v8a/libXlorie.so
04-17 08:29:58.965 I/LorieNative(16758): ExaTrace: putImage accel count=122880 drawableType=0 drawableId=0x600037 geom=2898x1848 size=2912x22 format=2 depth=24
04-17 08:29:58.968 I/LorieNative(16758): DamageTraceV2: PutImage count=120832 drawableType=WINDOW screenPixmap=0 drawable=0xb400007cd98d66b0 geom=2898x1848 box=0,594-2898,616 backend=other fn=0x7bd5f2ee24 fn_offset=0x30de24 fbase=0x7bd5c21000 sym=unknown so=/data/app/~~iNwcSjv3C2CZCLwcLxpEtA==/com.termux.x11-1tus8NhfW98goVF914TrYw==/base.apk!/lib/arm64-v8a/libXlorie.so
04-17 08:29:59.039 I/LorieNative(16758): DamageTraceV2: PutImage count=120896 drawableType=WINDOW screenPixmap=0 drawable=0xb400007cd98d66b0 geom=2898x1848 box=0,154-2898,176 backend=other fn=0x7bd5f2ee24 fn_offset=0x30de24 fbase=0x7bd5c21000 sym=unknown so=/data/app/~~iNwcSjv3C2CZCLwcLxpEtA==/com.termux.x11-1tus8NhfW98goVF914TrYw==/base.apk!/lib/arm64-v8a/libXlorie.so
04-17 08:29:59.056 I/LorieNative(16758): ExaTrace: putImage accel count=123008 drawableType=0 drawableId=0x600037 geom=2898x1848 size=2912x22 format=2 depth=24
04-17 08:29:59.058 I/LorieNative(16758): DamageTraceV2: PutImage count=120960 drawableType=WINDOW screenPixmap=0 drawable=0xb400007cd98d66b0 geom=2898x1848 box=0,1562-2898,1584 backend=other fn=0x7bd5f2ee24 fn_offset=0x30de24 fbase=0x7bd5c21000 sym=unknown so=/data/app/~~iNwcSjv3C2CZCLwcLxpEtA==/com.termux.x11-1tus8NhfW98goVF914TrYw==/base.apk!/lib/arm64-v8a/libXlorie.so
04-17 08:29:59.139 I/LorieNative(16758): DamageTraceV2: PutImage count=121024 drawableType=WINDOW screenPixmap=0 drawable=0xb400007cd98d66b0 geom=2898x1848 box=0,1122-2898,1144 backend=other fn=0x7bd5f2ee24 fn_offset=0x30de24 fbase=0x7bd5c21000 sym=unknown so=/data/app/~~iNwcSjv3C2CZCLwcLxpEtA==/com.termux.x11-1tus8NhfW98goVF914TrYw==/base.apk!/lib/arm64-v8a/libXlorie.so
04-17 08:29:59.215 I/LorieNative(16758): ExaTrace: putImage accel count=123136 drawableType=0 drawableId=0x600037 geom=2898x1848 size=2912x22 format=2 depth=24
04-17 08:29:59.219 I/LorieNative(16758): DamageTraceV2: PutImage count=121088 drawableType=WINDOW screenPixmap=0 drawable=0xb400007cd98d66b0 geom=2898x1848 box=0,682-2898,704 backend=other fn=0x7bd5f2ee24 fn_offset=0x30de24 fbase=0x7bd5c21000 sym=unknown so=/data/app/~~iNwcSjv3C2CZCLwcLxpEtA==/com.termux.x11-1tus8NhfW98goVF914TrYw==/base.apk!/lib/arm64-v8a/libXlorie.so
04-17 08:29:59.291 I/LorieNative(16758): DamageTraceV2: PutImage count=121152 drawableType=WINDOW screenPixmap=0 drawable=0xb400007cd98d66b0 geom=2898x1848 box=0,242-2898,264 backend=other fn=0x7bd5f2ee24 fn_offset=0x30de24 fbase=0x7bd5c21000 sym=unknown so=/data/app/~~iNwcSjv3C2CZCLwcLxpEtA==/com.termux.x11-1tus8NhfW98goVF914TrYw==/base.apk!/lib/arm64-v8a/libXlorie.so
04-17 08:29:59.307 I/LorieNative(16758): ExaTrace: putImage accel count=123264 drawableType=0 drawableId=0x600037 geom=2898x1848 size=2912x22 format=2 depth=24
04-17 08:29:59.310 I/LorieNative(16758): DamageTraceV2: PutImage count=121216 drawableType=WINDOW screenPixmap=0 drawable=0xb400007cd98d66b0 geom=2898x1848 box=0,1650-2898,1672 backend=other fn=0x7bd5f2ee24 fn_offset=0x30de24 fbase=0x7bd5c21000 sym=unknown so=/data/app/~~iNwcSjv3C2CZCLwcLxpEtA==/com.termux.x11-1tus8NhfW98goVF914TrYw==/base.apk!/lib/arm64-v8a/libXlorie.so
04-17 08:29:59.393 I/LorieNative(16758): DamageTraceV2: PutImage count=121280 drawableType=WINDOW screenPixmap=0 drawable=0xb400007cd98d66b0 geom=2898x1848 box=0,1210-2898,1232 backend=other fn=0x7bd5f2ee24 fn_offset=0x30de24 fbase=0x7bd5c21000 sym=unknown so=/data/app/~~iNwcSjv3C2CZCLwcLxpEtA==/com.termux.x11-1tus8NhfW98goVF914TrYw==/base.apk!/lib/arm64-v8a/libXlorie.so
04-17 08:29:59.460 I/LorieNative(16758): ExaTrace: putImage accel count=123392 drawableType=0 drawableId=0x600037 geom=2898x1848 size=2912x22 format=2 depth=24
04-17 08:29:59.464 I/LorieNative(16758): DamageTraceV2: PutImage count=121344 drawableType=WINDOW screenPixmap=0 drawable=0xb400007cd98d66b0 geom=2898x1848 box=0,770-2898,792 backend=other fn=0x7bd5f2ee24 fn_offset=0x30de24 fbase=0x7bd5c21000 sym=unknown so=/data/app/~~iNwcSjv3C2CZCLwcLxpEtA==/com.termux.x11-1tus8NhfW98goVF914TrYw==/base.apk!/lib/arm64-v8a/libXlorie.so
04-17 08:29:59.539 I/LorieNative(16758): DamageTraceV2: PutImage count=121408 drawableType=WINDOW screenPixmap=0 drawable=0xb400007cd98d66b0 geom=2898x1848 box=0,330-2898,352 backend=other fn=0x7bd5f2ee24 fn_offset=0x30de24 fbase=0x7bd5c21000 sym=unknown so=/data/app/~~iNwcSjv3C2CZCLwcLxpEtA==/com.termux.x11-1tus8NhfW98goVF914TrYw==/base.apk!/lib/arm64-v8a/libXlorie.so
04-17 08:29:59.554 I/LorieNative(16758): ExaTrace: putImage accel count=123520 drawableType=0 drawableId=0x600037 geom=2898x1848 size=2912x22 format=2 depth=24
04-17 08:29:59.556 I/LorieNative(16758): DamageTraceV2: PutImage count=121472 drawableType=WINDOW screenPixmap=0 drawable=0xb400007cd98d66b0 geom=2898x1848 box=0,1738-2898,1760 backend=other fn=0x7bd5f2ee24 fn_offset=0x30de24 fbase=0x7bd5c21000 sym=unknown so=/data/app/~~iNwcSjv3C2CZCLwcLxpEtA==/com.termux.x11-1tus8NhfW98goVF914TrYw==/base.apk!/lib/arm64-v8a/libXlorie.so
04-17 08:29:59.655 I/LorieNative(16758): DamageTraceV2: PutImage count=121536 drawableType=WINDOW screenPixmap=0 drawable=0xb400007cd98d66b0 geom=2898x1848 box=0,1298-2898,1320 backend=other fn=0x7bd5f2ee24 fn_offset=0x30de24 fbase=0x7bd5c21000 sym=unknown so=/data/app/~~iNwcSjv3C2CZCLwcLxpEtA==/com.termux.x11-1tus8NhfW98goVF914TrYw==/base.apk!/lib/arm64-v8a/libXlorie.so
04-17 08:29:59.739 I/LorieNative(16758): ExaTrace: putImage accel count=123648 drawableType=0 drawableId=0x600037 geom=2898x1848 size=2912x22 format=2 depth=24
04-17 08:29:59.743 I/LorieNative(16758): DamageTraceV2: PutImage count=121600 drawableType=WINDOW screenPixmap=0 drawable=0xb400007cd98d66b0 geom=2898x1848 box=0,858-2898,880 backend=other fn=0x7bd5f2ee24 fn_offset=0x30de24 fbase=0x7bd5c21000 sym=unknown so=/data/app/~~iNwcSjv3C2CZCLwcLxpEtA==/com.termux.x11-1tus8NhfW98goVF914TrYw==/base.apk!/lib/arm64-v8a/libXlorie.so
04-17 08:29:59.817 I/LorieNative(16758): DamageTraceV2: PutImage count=121664 drawableType=WINDOW screenPixmap=0 drawable=0xb400007cd98d66b0 geom=2898x1848 box=0,418-2898,440 backend=other fn=0x7bd5f2ee24 fn_offset=0x30de24 fbase=0x7bd5c21000 sym=unknown so=/data/app/~~iNwcSjv3C2CZCLwcLxpEtA==/com.termux.x11-1tus8NhfW98goVF914TrYw==/base.apk!/lib/arm64-v8a/libXlorie.so
04-17 08:29:59.826 I/LorieNative(16758): ExaTrace: putImage accel count=123776 drawableType=0 drawableId=0x600037 geom=2898x1848 size=2912x22 format=2 depth=24
04-17 08:29:59.831 I/LorieNative(16758): DamageTraceV2: PutImage count=121728 drawableType=WINDOW screenPixmap=0 drawable=0xb400007cd98d66b0 geom=2898x1848 box=0,1826-2898,1848 backend=other fn=0x7bd5f2ee24 fn_offset=0x30de24 fbase=0x7bd5c21000 sym=unknown so=/data/app/~~iNwcSjv3C2CZCLwcLxpEtA==/com.termux.x11-1tus8NhfW98goVF914TrYw==/base.apk!/lib/arm64-v8a/libXlorie.so
04-17 08:29:59.879 I/LorieNative(16758): DamageTraceV2: PutImage count=121792 drawableType=WINDOW screenPixmap=0 drawable=0xb400007cd98d66b0 geom=2898x1848 box=0,1386-2898,1408 backend=other fn=0x7bd5f2ee24 fn_offset=0x30de24 fbase=0x7bd5c21000 sym=unknown so=/data/app/~~iNwcSjv3C2CZCLwcLxpEtA==/com.termux.x11-1tus8NhfW98goVF914TrYw==/base.apk!/lib/arm64-v8a/libXlorie.so
04-17 08:29:59.942 I/LorieNative(16758): ExaTrace: putImage accel count=123904 drawableType=0 drawableId=0x600037 geom=2898x1848 size=2912x22 format=2 depth=24
04-17 08:29:59.945 I/LorieNative(16758): DamageTraceV2: PutImage count=121856 drawableType=WINDOW screenPixmap=0 drawable=0xb400007cd98d66b0 geom=2898x1848 box=0,946-2898,968 backend=other fn=0x7bd5f2ee24 fn_offset=0x30de24 fbase=0x7bd5c21000 sym=unknown so=/data/app/~~iNwcSjv3C2CZCLwcLxpEtA==/com.termux.x11-1tus8NhfW98goVF914TrYw==/base.apk!/lib/arm64-v8a/libXlorie.so
04-17 08:30:00.023 I/LorieNative(16758): DamageTraceV2: PutImage count=121920 drawableType=WINDOW screenPixmap=0 drawable=0xb400007cd98d66b0 geom=2898x1848 box=0,506-2898,528 backend=other fn=0x7bd5f2ee24 fn_offset=0x30de24 fbase=0x7bd5c21000 sym=unknown so=/data/app/~~iNwcSjv3C2CZCLwcLxpEtA==/com.termux.x11-1tus8NhfW98goVF914TrYw==/base.apk!/lib/arm64-v8a/libXlorie.so
04-17 08:30:00.036 I/LorieNative(16758): ExaTrace: putImage accel count=124032 drawableType=0 drawableId=0x600037 geom=2898x1848 size=2912x22 format=2 depth=24
04-17 08:30:00.095 I/LorieNative(16758): DamageTraceV2: PutImage count=121984 drawableType=WINDOW screenPixmap=0 drawable=0xb400007cd98d66b0 geom=2898x1848 box=0,66-2898,88 backend=other fn=0x7bd5f2ee24 fn_offset=0x30de24 fbase=0x7bd5c21000 sym=unknown so=/data/app/~~iNwcSjv3C2CZCLwcLxpEtA==/com.termux.x11-1tus8NhfW98goVF914TrYw==/base.apk!/lib/arm64-v8a/libXlorie.so
04-17 08:30:00.113 I/LorieNative(16758): DamageTraceV2: PutImage count=122048 drawableType=WINDOW screenPixmap=0 drawable=0xb400007cd98d66b0 geom=2898x1848 box=0,1474-2898,1496 backend=other fn=0x7bd5f2ee24 fn_offset=0x30de24 fbase=0x7bd5c21000 sym=unknown so=/data/app/~~iNwcSjv3C2CZCLwcLxpEtA==/com.termux.x11-1tus8NhfW98goVF914TrYw==/base.apk!/lib/arm64-v8a/libXlorie.so
04-17 08:30:00.202 I/LorieNative(16758): ExaTrace: putImage accel count=124160 drawableType=0 drawableId=0x600037 geom=2898x1848 size=2912x22 format=2 depth=24
04-17 08:30:00.207 I/LorieNative(16758): DamageTraceV2: PutImage count=122112 drawableType=WINDOW screenPixmap=0 drawable=0xb400007cd98d66b0 geom=2898x1848 box=0,1034-2898,1056 backend=other fn=0x7bd5f2ee24 fn_offset=0x30de24 fbase=0x7bd5c21000 sym=unknown so=/data/app/~~iNwcSjv3C2CZCLwcLxpEtA==/com.termux.x11-1tus8NhfW98goVF914TrYw==/base.apk!/lib/arm64-v8a/libXlorie.so
04-17 08:30:00.287 I/LorieNative(16758): DamageTraceV2: PutImage count=122176 drawableType=WINDOW screenPixmap=0 drawable=0xb400007cd98d66b0 geom=2898x1848 box=0,594-2898,616 backend=other fn=0x7bd5f2ee24 fn_offset=0x30de24 fbase=0x7bd5c21000 sym=unknown so=/data/app/~~iNwcSjv3C2CZCLwcLxpEtA==/com.termux.x11-1tus8NhfW98goVF914TrYw==/base.apk!/lib/arm64-v8a/libXlorie.so
04-17 08:30:00.301 I/LorieNative(16758): ExaTrace: putImage accel count=124288 drawableType=0 drawableId=0x600037 geom=2898x1848 size=2912x22 format=2 depth=24
04-17 08:30:00.365 I/LorieNative(16758): DamageTraceV2: PutImage count=122240 drawableType=WINDOW screenPixmap=0 drawable=0xb400007cd98d66b0 geom=2898x1848 box=0,154-2898,176 backend=other fn=0x7bd5f2ee24 fn_offset=0x30de24 fbase=0x7bd5c21000 sym=unknown so=/data/app/~~iNwcSjv3C2CZCLwcLxpEtA==/com.termux.x11-1tus8NhfW98goVF914TrYw==/base.apk!/lib/arm64-v8a/libXlorie.so
04-17 08:30:00.396 I/LorieNative(16758): DamageTraceV2: PutImage count=122304 drawableType=WINDOW screenPixmap=0 drawable=0xb400007cd98d66b0 geom=2898x1848 box=0,1562-2898,1584 backend=other fn=0x7bd5f2ee24 fn_offset=0x30de24 fbase=0x7bd5c21000 sym=unknown so=/data/app/~~iNwcSjv3C2CZCLwcLxpEtA==/com.termux.x11-1tus8NhfW98goVF914TrYw==/base.apk!/lib/arm64-v8a/libXlorie.so
04-17 08:30:00.468 I/LorieNative(16758): ExaTrace: putImage accel count=124416 drawableType=0 drawableId=0x600037 geom=2898x1848 size=2912x22 format=2 depth=24
04-17 08:30:00.471 I/LorieNative(16758): DamageTraceV2: PutImage count=122368 drawableType=WINDOW screenPixmap=0 drawable=0xb400007cd98d66b0 geom=2898x1848 box=0,1122-2898,1144 backend=other fn=0x7bd5f2ee24 fn_offset=0x30de24 fbase=0x7bd5c21000 sym=unknown so=/data/app/~~iNwcSjv3C2CZCLwcLxpEtA==/com.termux.x11-1tus8NhfW98goVF914TrYw==/base.apk!/lib/arm64-v8a/libXlorie.so
04-17 08:30:00.551 I/LorieNative(16758): DamageTraceV2: PutImage count=122432 drawableType=WINDOW screenPixmap=0 drawable=0xb400007cd98d66b0 geom=2898x1848 box=0,682-2898,704 backend=other fn=0x7bd5f2ee24 fn_offset=0x30de24 fbase=0x7bd5c21000 sym=unknown so=/data/app/~~iNwcSjv3C2CZCLwcLxpEtA==/com.termux.x11-1tus8NhfW98goVF914TrYw==/base.apk!/lib/arm64-v8a/libXlorie.so
04-17 08:30:00.563 I/LorieNative(16758): ExaTrace: putImage accel count=124544 drawableType=0 drawableId=0x600037 geom=2898x1848 size=2912x22 format=2 depth=24
04-17 08:30:00.574 I/LorieNative(16758): choreographer callbacks in 5.0 seconds = 120.0 FPS
04-17 08:30:00.574 I/LorieNative(16758): redraw wakeups in 5.0 seconds = 120.0 FPS
04-17 08:30:00.574 I/LorieNative(16758): damage-triggered redraws in 5.0 seconds = 27.2 FPS
04-17 08:30:00.574 I/LorieNative(16758): AhbLockTrace: sticky=0 lock_calls=136 unlock_calls=136 sticky_hits=5124 flush_skipped=0 in 5.0s
04-17 08:30:00.574 I/LorieNative(16758): present flip attempts in 5.0 seconds = 0.0 FPS (accepted 0.0, rejected 0.0)
04-17 08:30:00.574 I/LorieNative(16758): present after-flips in 5.0 seconds = 0.0 FPS
04-17 08:30:00.574 I/LorieNative(16758): 136 frames in 5.0 seconds = 27.2 FPS
04-17 08:30:00.619 I/LorieNative(16758): DamageTraceV2: PutImage count=122496 drawableType=WINDOW screenPixmap=0 drawable=0xb400007cd98d66b0 geom=2898x1848 box=0,242-2898,264 backend=other fn=0x7bd5f2ee24 fn_offset=0x30de24 fbase=0x7bd5c21000 sym=unknown so=/data/app/~~iNwcSjv3C2CZCLwcLxpEtA==/com.termux.x11-1tus8NhfW98goVF914TrYw==/base.apk!/lib/arm64-v8a/libXlorie.so
04-17 08:30:00.643 I/LorieNative(16758): DamageTraceV2: PutImage count=122560 drawableType=WINDOW screenPixmap=0 drawable=0xb400007cd98d66b0 geom=2898x1848 box=0,1650-2898,1672 backend=other fn=0x7bd5f2ee24 fn_offset=0x30de24 fbase=0x7bd5c21000 sym=unknown so=/data/app/~~iNwcSjv3C2CZCLwcLxpEtA==/com.termux.x11-1tus8NhfW98goVF914TrYw==/base.apk!/lib/arm64-v8a/libXlorie.so
04-17 08:30:00.716 I/LorieNative(16758): ExaTrace: putImage accel count=124672 drawableType=0 drawableId=0x600037 geom=2898x1848 size=2912x22 format=2 depth=24
04-17 08:30:00.721 I/LorieNative(16758): DamageTraceV2: PutImage count=122624 drawableType=WINDOW screenPixmap=0 drawable=0xb400007cd98d66b0 geom=2898x1848 box=0,1210-2898,1232 backend=other fn=0x7bd5f2ee24 fn_offset=0x30de24 fbase=0x7bd5c21000 sym=unknown so=/data/app/~~iNwcSjv3C2CZCLwcLxpEtA==/com.termux.x11-1tus8NhfW98goVF914TrYw==/base.apk!/lib/arm64-v8a/libXlorie.so
04-17 08:30:00.817 I/LorieNative(16758): DamageTraceV2: PutImage count=122688 drawableType=WINDOW screenPixmap=0 drawable=0xb400007cd98d66b0 geom=2898x1848 box=0,770-2898,792 backend=other fn=0x7bd5f2ee24 fn_offset=0x30de24 fbase=0x7bd5c21000 sym=unknown so=/data/app/~~iNwcSjv3C2CZCLwcLxpEtA==/com.termux.x11-1tus8NhfW98goVF914TrYw==/base.apk!/lib/arm64-v8a/libXlorie.so
04-17 08:30:00.891 I/LorieNative(16758): ExaTrace: putImage accel count=124800 drawableType=0 drawableId=0x600037 geom=2898x1848 size=2912x22 format=2 depth=24
04-17 08:30:00.893 I/LorieNative(16758): DamageTraceV2: PutImage count=122752 drawableType=WINDOW screenPixmap=0 drawable=0xb400007cd98d66b0 geom=2898x1848 box=0,330-2898,352 backend=other fn=0x7bd5f2ee24 fn_offset=0x30de24 fbase=0x7bd5c21000 sym=unknown so=/data/app/~~iNwcSjv3C2CZCLwcLxpEtA==/com.termux.x11-1tus8NhfW98goVF914TrYw==/base.apk!/lib/arm64-v8a/libXlorie.so
04-17 08:30:00.905 I/LorieNative(16758): DamageTraceV2: PutImage count=122816 drawableType=WINDOW screenPixmap=0 drawable=0xb400007cd98d66b0 geom=2898x1848 box=0,1738-2898,1760 backend=other fn=0x7bd5f2ee24 fn_offset=0x30de24 fbase=0x7bd5c21000 sym=unknown so=/data/app/~~iNwcSjv3C2CZCLwcLxpEtA==/com.termux.x11-1tus8NhfW98goVF914TrYw==/base.apk!/lib/arm64-v8a/libXlorie.so
04-17 08:30:00.971 I/LorieNative(16758): ExaTrace: putImage accel count=124928 drawableType=0 drawableId=0x600037 geom=2898x1848 size=2912x22 format=2 depth=24
04-17 08:30:00.974 I/LorieNative(16758): DamageTraceV2: PutImage count=122880 drawableType=WINDOW screenPixmap=0 drawable=0xb400007cd98d66b0 geom=2898x1848 box=0,1298-2898,1320 backend=other fn=0x7bd5f2ee24 fn_offset=0x30de24 fbase=0x7bd5c21000 sym=unknown so=/data/app/~~iNwcSjv3C2CZCLwcLxpEtA==/com.termux.x11-1tus8NhfW98goVF914TrYw==/base.apk!/lib/arm64-v8a/libXlorie.so
04-17 08:30:01.052 I/LorieNative(16758): DamageTraceV2: PutImage count=122944 drawableType=WINDOW screenPixmap=0 drawable=0xb400007cd98d66b0 geom=2898x1848 box=0,858-2898,880 backend=other fn=0x7bd5f2ee24 fn_offset=0x30de24 fbase=0x7bd5c21000 sym=unknown so=/data/app/~~iNwcSjv3C2CZCLwcLxpEtA==/com.termux.x11-1tus8NhfW98goVF914TrYw==/base.apk!/lib/arm64-v8a/libXlorie.so
04-17 08:30:01.140 I/LorieNative(16758): ExaTrace: putImage accel count=125056 drawableType=0 drawableId=0x600037 geom=2898x1848 size=2912x22 format=2 depth=24
04-17 08:30:01.146 I/LorieNative(16758): DamageTraceV2: PutImage count=123008 drawableType=WINDOW screenPixmap=0 drawable=0xb400007cd98d66b0 geom=2898x1848 box=0,418-2898,440 backend=other fn=0x7bd5f2ee24 fn_offset=0x30de24 fbase=0x7bd5c21000 sym=unknown so=/data/app/~~iNwcSjv3C2CZCLwcLxpEtA==/com.termux.x11-1tus8NhfW98goVF914TrYw==/base.apk!/lib/arm64-v8a/libXlorie.so
04-17 08:30:01.163 I/LorieNative(16758): DamageTraceV2: PutImage count=123072 drawableType=WINDOW screenPixmap=0 drawable=0xb400007cd98d66b0 geom=2898x1848 box=0,1826-2898,1848 backend=other fn=0x7bd5f2ee24 fn_offset=0x30de24 fbase=0x7bd5c21000 sym=unknown so=/data/app/~~iNwcSjv3C2CZCLwcLxpEtA==/com.termux.x11-1tus8NhfW98goVF914TrYw==/base.apk!/lib/arm64-v8a/libXlorie.so
04-17 08:30:01.249 I/LorieNative(16758): ExaTrace: putImage accel count=125184 drawableType=0 drawableId=0x600037 geom=2898x1848 size=2912x22 format=2 depth=24
04-17 08:30:01.252 I/LorieNative(16758): DamageTraceV2: PutImage count=123136 drawableType=WINDOW screenPixmap=0 drawable=0xb400007cd98d66b0 geom=2898x1848 box=0,1386-2898,1408 backend=other fn=0x7bd5f2ee24 fn_offset=0x30de24 fbase=0x7bd5c21000 sym=unknown so=/data/app/~~iNwcSjv3C2CZCLwcLxpEtA==/com.termux.x11-1tus8NhfW98goVF914TrYw==/base.apk!/lib/arm64-v8a/libXlorie.so
04-17 08:30:01.330 I/LorieNative(16758): DamageTraceV2: PutImage count=123200 drawableType=WINDOW screenPixmap=0 drawable=0xb400007cd98d66b0 geom=2898x1848 box=0,946-2898,968 backend=other fn=0x7bd5f2ee24 fn_offset=0x30de24 fbase=0x7bd5c21000 sym=unknown so=/data/app/~~iNwcSjv3C2CZCLwcLxpEtA==/com.termux.x11-1tus8NhfW98goVF914TrYw==/base.apk!/lib/arm64-v8a/libXlorie.so
04-17 08:30:01.403 I/LorieNative(16758): ExaTrace: putImage accel count=125312 drawableType=0 drawableId=0x600037 geom=2898x1848 size=2912x22 format=2 depth=24
04-17 08:30:01.409 I/LorieNative(16758): DamageTraceV2: PutImage count=123264 drawableType=WINDOW screenPixmap=0 drawable=0xb400007cd98d66b0 geom=2898x1848 box=0,506-2898,528 backend=other fn=0x7bd5f2ee24 fn_offset=0x30de24 fbase=0x7bd5c21000 sym=unknown so=/data/app/~~iNwcSjv3C2CZCLwcLxpEtA==/com.termux.x11-1tus8NhfW98goVF914TrYw==/base.apk!/lib/arm64-v8a/libXlorie.so
04-17 08:30:01.497 I/LorieNative(16758): DamageTraceV2: PutImage count=123328 drawableType=WINDOW screenPixmap=0 drawable=0xb400007cd98d66b0 geom=2898x1848 box=0,66-2898,88 backend=other fn=0x7bd5f2ee24 fn_offset=0x30de24 fbase=0x7bd5c21000 sym=unknown so=/data/app/~~iNwcSjv3C2CZCLwcLxpEtA==/com.termux.x11-1tus8NhfW98goVF914TrYw==/base.apk!/lib/arm64-v8a/libXlorie.so
04-17 08:30:01.513 I/LorieNative(16758): ExaTrace: putImage accel count=125440 drawableType=0 drawableId=0x600037 geom=2898x1848 size=2912x22 format=2 depth=24
04-17 08:30:01.516 I/LorieNative(16758): DamageTraceV2: PutImage count=123392 drawableType=WINDOW screenPixmap=0 drawable=0xb400007cd98d66b0 geom=2898x1848 box=0,1474-2898,1496 backend=other fn=0x7bd5f2ee24 fn_offset=0x30de24 fbase=0x7bd5c21000 sym=unknown so=/data/app/~~iNwcSjv3C2CZCLwcLxpEtA==/com.termux.x11-1tus8NhfW98goVF914TrYw==/base.apk!/lib/arm64-v8a/libXlorie.so
04-17 08:30:01.602 I/LorieNative(16758): DamageTraceV2: PutImage count=123456 drawableType=WINDOW screenPixmap=0 drawable=0xb400007cd98d66b0 geom=2898x1848 box=0,1034-2898,1056 backend=other fn=0x7bd5f2ee24 fn_offset=0x30de24 fbase=0x7bd5c21000 sym=unknown so=/data/app/~~iNwcSjv3C2CZCLwcLxpEtA==/com.termux.x11-1tus8NhfW98goVF914TrYw==/base.apk!/lib/arm64-v8a/libXlorie.so
04-17 08:30:01.685 I/LorieNative(16758): ExaTrace: putImage accel count=125568 drawableType=0 drawableId=0x600037 geom=2898x1848 size=2912x22 format=2 depth=24
04-17 08:30:01.690 I/LorieNative(16758): DamageTraceV2: PutImage count=123520 drawableType=WINDOW screenPixmap=0 drawable=0xb400007cd98d66b0 geom=2898x1848 box=0,594-2898,616 backend=other fn=0x7bd5f2ee24 fn_offset=0x30de24 fbase=0x7bd5c21000 sym=unknown so=/data/app/~~iNwcSjv3C2CZCLwcLxpEtA==/com.termux.x11-1tus8NhfW98goVF914TrYw==/base.apk!/lib/arm64-v8a/libXlorie.so
04-17 08:30:01.767 I/LorieNative(16758): DamageTraceV2: PutImage count=123584 drawableType=WINDOW screenPixmap=0 drawable=0xb400007cd98d66b0 geom=2898x1848 box=0,154-2898,176 backend=other fn=0x7bd5f2ee24 fn_offset=0x30de24 fbase=0x7bd5c21000 sym=unknown so=/data/app/~~iNwcSjv3C2CZCLwcLxpEtA==/com.termux.x11-1tus8NhfW98goVF914TrYw==/base.apk!/lib/arm64-v8a/libXlorie.so
04-17 08:30:01.782 I/LorieNative(16758): ExaTrace: putImage accel count=125696 drawableType=0 drawableId=0x600037 geom=2898x1848 size=2912x22 format=2 depth=24
04-17 08:30:01.785 I/LorieNative(16758): DamageTraceV2: PutImage count=123648 drawableType=WINDOW screenPixmap=0 drawable=0xb400007cd98d66b0 geom=2898x1848 box=0,1562-2898,1584 backend=other fn=0x7bd5f2ee24 fn_offset=0x30de24 fbase=0x7bd5c21000 sym=unknown so=/data/app/~~iNwcSjv3C2CZCLwcLxpEtA==/com.termux.x11-1tus8NhfW98goVF914TrYw==/base.apk!/lib/arm64-v8a/libXlorie.so
04-17 08:30:01.863 I/LorieNative(16758): DamageTraceV2: PutImage count=123712 drawableType=WINDOW screenPixmap=0 drawable=0xb400007cd98d66b0 geom=2898x1848 box=0,1122-2898,1144 backend=other fn=0x7bd5f2ee24 fn_offset=0x30de24 fbase=0x7bd5c21000 sym=unknown so=/data/app/~~iNwcSjv3C2CZCLwcLxpEtA==/com.termux.x11-1tus8NhfW98goVF914TrYw==/base.apk!/lib/arm64-v8a/libXlorie.so
04-17 08:30:01.934 I/LorieNative(16758): ExaTrace: putImage accel count=125824 drawableType=0 drawableId=0x600037 geom=2898x1848 size=2912x22 format=2 depth=24
04-17 08:30:01.936 I/LorieNative(16758): DamageTraceV2: PutImage count=123776 drawableType=WINDOW screenPixmap=0 drawable=0xb400007cd98d66b0 geom=2898x1848 box=0,682-2898,704 backend=other fn=0x7bd5f2ee24 fn_offset=0x30de24 fbase=0x7bd5c21000 sym=unknown so=/data/app/~~iNwcSjv3C2CZCLwcLxpEtA==/com.termux.x11-1tus8NhfW98goVF914TrYw==/base.apk!/lib/arm64-v8a/libXlorie.so
04-17 08:30:02.001 I/LorieNative(16758): DamageTraceV2: PutImage count=123840 drawableType=WINDOW screenPixmap=0 drawable=0xb400007cd98d66b0 geom=2898x1848 box=0,242-2898,264 backend=other fn=0x7bd5f2ee24 fn_offset=0x30de24 fbase=0x7bd5c21000 sym=unknown so=/data/app/~~iNwcSjv3C2CZCLwcLxpEtA==/com.termux.x11-1tus8NhfW98goVF914TrYw==/base.apk!/lib/arm64-v8a/libXlorie.so
04-17 08:30:02.018 I/LorieNative(16758): ExaTrace: putImage accel count=125952 drawableType=0 drawableId=0x600037 geom=2898x1848 size=2912x22 format=2 depth=24
04-17 08:30:02.021 I/LorieNative(16758): DamageTraceV2: PutImage count=123904 drawableType=WINDOW screenPixmap=0 drawable=0xb400007cd98d66b0 geom=2898x1848 box=0,1650-2898,1672 backend=other fn=0x7bd5f2ee24 fn_offset=0x30de24 fbase=0x7bd5c21000 sym=unknown so=/data/app/~~iNwcSjv3C2CZCLwcLxpEtA==/com.termux.x11-1tus8NhfW98goVF914TrYw==/base.apk!/lib/arm64-v8a/libXlorie.so
04-17 08:30:02.099 I/LorieNative(16758): DamageTraceV2: PutImage count=123968 drawableType=WINDOW screenPixmap=0 drawable=0xb400007cd98d66b0 geom=2898x1848 box=0,1210-2898,1232 backend=other fn=0x7bd5f2ee24 fn_offset=0x30de24 fbase=0x7bd5c21000 sym=unknown so=/data/app/~~iNwcSjv3C2CZCLwcLxpEtA==/com.termux.x11-1tus8NhfW98goVF914TrYw==/base.apk!/lib/arm64-v8a/libXlorie.so
04-17 08:30:02.154 I/LorieNative(16758): ExaTrace: putImage accel count=126080 drawableType=0 drawableId=0x600037 geom=2898x1848 size=2912x22 format=2 depth=24
04-17 08:30:02.156 I/LorieNative(16758): DamageTraceV2: PutImage count=124032 drawableType=WINDOW screenPixmap=0 drawable=0xb400007cd98d66b0 geom=2898x1848 box=0,770-2898,792 backend=other fn=0x7bd5f2ee24 fn_offset=0x30de24 fbase=0x7bd5c21000 sym=unknown so=/data/app/~~iNwcSjv3C2CZCLwcLxpEtA==/com.termux.x11-1tus8NhfW98goVF914TrYw==/base.apk!/lib/arm64-v8a/libXlorie.so
04-17 08:30:02.226 I/LorieNative(16758): DamageTraceV2: PutImage count=124096 drawableType=WINDOW screenPixmap=0 drawable=0xb400007cd98d66b0 geom=2898x1848 box=0,330-2898,352 backend=other fn=0x7bd5f2ee24 fn_offset=0x30de24 fbase=0x7bd5c21000 sym=unknown so=/data/app/~~iNwcSjv3C2CZCLwcLxpEtA==/com.termux.x11-1tus8NhfW98goVF914TrYw==/base.apk!/lib/arm64-v8a/libXlorie.so
04-17 08:30:02.242 I/LorieNative(16758): ExaTrace: putImage accel count=126208 drawableType=0 drawableId=0x600037 geom=2898x1848 size=2912x22 format=2 depth=24
04-17 08:30:02.245 I/LorieNative(16758): DamageTraceV2: PutImage count=124160 drawableType=WINDOW screenPixmap=0 drawable=0xb400007cd98d66b0 geom=2898x1848 box=0,1738-2898,1760 backend=other fn=0x7bd5f2ee24 fn_offset=0x30de24 fbase=0x7bd5c21000 sym=unknown so=/data/app/~~iNwcSjv3C2CZCLwcLxpEtA==/com.termux.x11-1tus8NhfW98goVF914TrYw==/base.apk!/lib/arm64-v8a/libXlorie.so
04-17 08:30:02.329 I/LorieNative(16758): DamageTraceV2: PutImage count=124224 drawableType=WINDOW screenPixmap=0 drawable=0xb400007cd98d66b0 geom=2898x1848 box=0,1298-2898,1320 backend=other fn=0x7bd5f2ee24 fn_offset=0x30de24 fbase=0x7bd5c21000 sym=unknown so=/data/app/~~iNwcSjv3C2CZCLwcLxpEtA==/com.termux.x11-1tus8NhfW98goVF914TrYw==/base.apk!/lib/arm64-v8a/libXlorie.so
04-17 08:30:02.402 I/LorieNative(16758): ExaTrace: putImage accel count=126336 drawableType=0 drawableId=0x600037 geom=2898x1848 size=2912x22 format=2 depth=24
04-17 08:30:02.406 I/LorieNative(16758): DamageTraceV2: PutImage count=124288 drawableType=WINDOW screenPixmap=0 drawable=0xb400007cd98d66b0 geom=2898x1848 box=0,858-2898,880 backend=other fn=0x7bd5f2ee24 fn_offset=0x30de24 fbase=0x7bd5c21000 sym=unknown so=/data/app/~~iNwcSjv3C2CZCLwcLxpEtA==/com.termux.x11-1tus8NhfW98goVF914TrYw==/base.apk!/lib/arm64-v8a/libXlorie.so
04-17 08:30:02.489 I/LorieNative(16758): DamageTraceV2: PutImage count=124352 drawableType=WINDOW screenPixmap=0 drawable=0xb400007cd98d66b0 geom=2898x1848 box=0,418-2898,440 backend=other fn=0x7bd5f2ee24 fn_offset=0x30de24 fbase=0x7bd5c21000 sym=unknown so=/data/app/~~iNwcSjv3C2CZCLwcLxpEtA==/com.termux.x11-1tus8NhfW98goVF914TrYw==/base.apk!/lib/arm64-v8a/libXlorie.so
04-17 08:30:02.503 I/LorieNative(16758): ExaTrace: putImage accel count=126464 drawableType=0 drawableId=0x600037 geom=2898x1848 size=2912x22 format=2 depth=24
04-17 08:30:02.507 I/LorieNative(16758): DamageTraceV2: PutImage count=124416 drawableType=WINDOW screenPixmap=0 drawable=0xb400007cd98d66b0 geom=2898x1848 box=0,1826-2898,1848 backend=other fn=0x7bd5f2ee24 fn_offset=0x30de24 fbase=0x7bd5c21000 sym=unknown so=/data/app/~~iNwcSjv3C2CZCLwcLxpEtA==/com.termux.x11-1tus8NhfW98goVF914TrYw==/base.apk!/lib/arm64-v8a/libXlorie.so
04-17 08:30:02.590 I/LorieNative(16758): DamageTraceV2: PutImage count=124480 drawableType=WINDOW screenPixmap=0 drawable=0xb400007cd98d66b0 geom=2898x1848 box=0,1386-2898,1408 backend=other fn=0x7bd5f2ee24 fn_offset=0x30de24 fbase=0x7bd5c21000 sym=unknown so=/data/app/~~iNwcSjv3C2CZCLwcLxpEtA==/com.termux.x11-1tus8NhfW98goVF914TrYw==/base.apk!/lib/arm64-v8a/libXlorie.so
04-17 08:30:02.672 I/LorieNative(16758): ExaTrace: putImage accel count=126592 drawableType=0 drawableId=0x600037 geom=2898x1848 size=2912x22 format=2 depth=24
04-17 08:30:02.678 I/LorieNative(16758): DamageTraceV2: PutImage count=124544 drawableType=WINDOW screenPixmap=0 drawable=0xb400007cd98d66b0 geom=2898x1848 box=0,946-2898,968 backend=other fn=0x7bd5f2ee24 fn_offset=0x30de24 fbase=0x7bd5c21000 sym=unknown so=/data/app/~~iNwcSjv3C2CZCLwcLxpEtA==/com.termux.x11-1tus8NhfW98goVF914TrYw==/base.apk!/lib/arm64-v8a/libXlorie.so
04-17 08:30:02.750 I/LorieNative(16758): DamageTraceV2: PutImage count=124608 drawableType=WINDOW screenPixmap=0 drawable=0xb400007cd98d66b0 geom=2898x1848 box=0,506-2898,528 backend=other fn=0x7bd5f2ee24 fn_offset=0x30de24 fbase=0x7bd5c21000 sym=unknown so=/data/app/~~iNwcSjv3C2CZCLwcLxpEtA==/com.termux.x11-1tus8NhfW98goVF914TrYw==/base.apk!/lib/arm64-v8a/libXlorie.so
04-17 08:30:02.758 I/LorieNative(16758): ExaTrace: putImage accel count=126720 drawableType=0 drawableId=0x600037 geom=2898x1848 size=2912x22 format=2 depth=24
04-17 08:30:02.809 I/LorieNative(16758): DamageTraceV2: PutImage count=124672 drawableType=WINDOW screenPixmap=0 drawable=0xb400007cd98d66b0 geom=2898x1848 box=0,66-2898,88 backend=other fn=0x7bd5f2ee24 fn_offset=0x30de24 fbase=0x7bd5c21000 sym=unknown so=/data/app/~~iNwcSjv3C2CZCLwcLxpEtA==/com.termux.x11-1tus8NhfW98goVF914TrYw==/base.apk!/lib/arm64-v8a/libXlorie.so
04-17 08:30:02.830 I/LorieNative(16758): DamageTraceV2: PutImage count=124736 drawableType=WINDOW screenPixmap=0 drawable=0xb400007cd98d66b0 geom=2898x1848 box=0,1474-2898,1496 backend=other fn=0x7bd5f2ee24 fn_offset=0x30de24 fbase=0x7bd5c21000 sym=unknown so=/data/app/~~iNwcSjv3C2CZCLwcLxpEtA==/com.termux.x11-1tus8NhfW98goVF914TrYw==/base.apk!/lib/arm64-v8a/libXlorie.so
04-17 08:30:02.899 I/LorieNative(16758): ExaTrace: putImage accel count=126848 drawableType=0 drawableId=0x600037 geom=2898x1848 size=2912x22 format=2 depth=24
04-17 08:30:02.902 I/LorieNative(16758): DamageTraceV2: PutImage count=124800 drawableType=WINDOW screenPixmap=0 drawable=0xb400007cd98d66b0 geom=2898x1848 box=0,1034-2898,1056 backend=other fn=0x7bd5f2ee24 fn_offset=0x30de24 fbase=0x7bd5c21000 sym=unknown so=/data/app/~~iNwcSjv3C2CZCLwcLxpEtA==/com.termux.x11-1tus8NhfW98goVF914TrYw==/base.apk!/lib/arm64-v8a/libXlorie.so
04-17 08:30:02.966 I/LorieNative(16758): DamageTraceV2: PutImage count=124864 drawableType=WINDOW screenPixmap=0 drawable=0xb400007cd98d66b0 geom=2898x1848 box=0,594-2898,616 backend=other fn=0x7bd5f2ee24 fn_offset=0x30de24 fbase=0x7bd5c21000 sym=unknown so=/data/app/~~iNwcSjv3C2CZCLwcLxpEtA==/com.termux.x11-1tus8NhfW98goVF914TrYw==/base.apk!/lib/arm64-v8a/libXlorie.so
04-17 08:30:02.975 I/LorieNative(16758): ExaTrace: putImage accel count=126976 drawableType=0 drawableId=0x600037 geom=2898x1848 size=2912x22 format=2 depth=24
04-17 08:30:03.022 I/LorieNative(16758): DamageTraceV2: PutImage count=124928 drawableType=WINDOW screenPixmap=0 drawable=0xb400007cd98d66b0 geom=2898x1848 box=0,154-2898,176 backend=other fn=0x7bd5f2ee24 fn_offset=0x30de24 fbase=0x7bd5c21000 sym=unknown so=/data/app/~~iNwcSjv3C2CZCLwcLxpEtA==/com.termux.x11-1tus8NhfW98goVF914TrYw==/base.apk!/lib/arm64-v8a/libXlorie.so
04-17 08:30:03.043 I/LorieNative(16758): DamageTraceV2: PutImage count=124992 drawableType=WINDOW screenPixmap=0 drawable=0xb400007cd98d66b0 geom=2898x1848 box=0,1562-2898,1584 backend=other fn=0x7bd5f2ee24 fn_offset=0x30de24 fbase=0x7bd5c21000 sym=unknown so=/data/app/~~iNwcSjv3C2CZCLwcLxpEtA==/com.termux.x11-1tus8NhfW98goVF914TrYw==/base.apk!/lib/arm64-v8a/libXlorie.so
04-17 08:30:03.106 I/LorieNative(16758): ExaTrace: putImage accel count=127104 drawableType=0 drawableId=0x600037 geom=2898x1848 size=2912x22 format=2 depth=24
04-17 08:30:03.113 I/LorieNative(16758): DamageTraceV2: PutImage count=125056 drawableType=WINDOW screenPixmap=0 drawable=0xb400007cd98d66b0 geom=2898x1848 box=0,1122-2898,1144 backend=other fn=0x7bd5f2ee24 fn_offset=0x30de24 fbase=0x7bd5c21000 sym=unknown so=/data/app/~~iNwcSjv3C2CZCLwcLxpEtA==/com.termux.x11-1tus8NhfW98goVF914TrYw==/base.apk!/lib/arm64-v8a/libXlorie.so
04-17 08:30:03.188 I/LorieNative(16758): DamageTraceV2: PutImage count=125120 drawableType=WINDOW screenPixmap=0 drawable=0xb400007cd98d66b0 geom=2898x1848 box=0,682-2898,704 backend=other fn=0x7bd5f2ee24 fn_offset=0x30de24 fbase=0x7bd5c21000 sym=unknown so=/data/app/~~iNwcSjv3C2CZCLwcLxpEtA==/com.termux.x11-1tus8NhfW98goVF914TrYw==/base.apk!/lib/arm64-v8a/libXlorie.so
04-17 08:30:03.201 I/LorieNative(16758): ExaTrace: putImage accel count=127232 drawableType=0 drawableId=0x600037 geom=2898x1848 size=2912x22 format=2 depth=24
04-17 08:30:03.273 I/LorieNative(16758): DamageTraceV2: PutImage count=125184 drawableType=WINDOW screenPixmap=0 drawable=0xb400007cd98d66b0 geom=2898x1848 box=0,242-2898,264 backend=other fn=0x7bd5f2ee24 fn_offset=0x30de24 fbase=0x7bd5c21000 sym=unknown so=/data/app/~~iNwcSjv3C2CZCLwcLxpEtA==/com.termux.x11-1tus8NhfW98goVF914TrYw==/base.apk!/lib/arm64-v8a/libXlorie.so
04-17 08:30:03.292 I/LorieNative(16758): DamageTraceV2: PutImage count=125248 drawableType=WINDOW screenPixmap=0 drawable=0xb400007cd98d66b0 geom=2898x1848 box=0,1650-2898,1672 backend=other fn=0x7bd5f2ee24 fn_offset=0x30de24 fbase=0x7bd5c21000 sym=unknown so=/data/app/~~iNwcSjv3C2CZCLwcLxpEtA==/com.termux.x11-1tus8NhfW98goVF914TrYw==/base.apk!/lib/arm64-v8a/libXlorie.so
04-17 08:30:03.376 I/LorieNative(16758): ExaTrace: putImage accel count=127360 drawableType=0 drawableId=0x600037 geom=2898x1848 size=2912x22 format=2 depth=24
04-17 08:30:03.379 I/LorieNative(16758): DamageTraceV2: PutImage count=125312 drawableType=WINDOW screenPixmap=0 drawable=0xb400007cd98d66b0 geom=2898x1848 box=0,1210-2898,1232 backend=other fn=0x7bd5f2ee24 fn_offset=0x30de24 fbase=0x7bd5c21000 sym=unknown so=/data/app/~~iNwcSjv3C2CZCLwcLxpEtA==/com.termux.x11-1tus8NhfW98goVF914TrYw==/base.apk!/lib/arm64-v8a/libXlorie.so
04-17 08:30:03.460 I/LorieNative(16758): DamageTraceV2: PutImage count=125376 drawableType=WINDOW screenPixmap=0 drawable=0xb400007cd98d66b0 geom=2898x1848 box=0,770-2898,792 backend=other fn=0x7bd5f2ee24 fn_offset=0x30de24 fbase=0x7bd5c21000 sym=unknown so=/data/app/~~iNwcSjv3C2CZCLwcLxpEtA==/com.termux.x11-1tus8NhfW98goVF914TrYw==/base.apk!/lib/arm64-v8a/libXlorie.so
04-17 08:30:03.531 I/LorieNative(16758): ExaTrace: putImage accel count=127488 drawableType=0 drawableId=0x600037 geom=2898x1848 size=2912x22 format=2 depth=24
04-17 08:30:03.533 I/LorieNative(16758): DamageTraceV2: PutImage count=125440 drawableType=WINDOW screenPixmap=0 drawable=0xb400007cd98d66b0 geom=2898x1848 box=0,330-2898,352 backend=other fn=0x7bd5f2ee24 fn_offset=0x30de24 fbase=0x7bd5c21000 sym=unknown so=/data/app/~~iNwcSjv3C2CZCLwcLxpEtA==/com.termux.x11-1tus8NhfW98goVF914TrYw==/base.apk!/lib/arm64-v8a/libXlorie.so
04-17 08:30:03.546 I/LorieNative(16758): DamageTraceV2: PutImage count=125504 drawableType=WINDOW screenPixmap=0 drawable=0xb400007cd98d66b0 geom=2898x1848 box=0,1738-2898,1760 backend=other fn=0x7bd5f2ee24 fn_offset=0x30de24 fbase=0x7bd5c21000 sym=unknown so=/data/app/~~iNwcSjv3C2CZCLwcLxpEtA==/com.termux.x11-1tus8NhfW98goVF914TrYw==/base.apk!/lib/arm64-v8a/libXlorie.so
04-17 08:30:03.613 I/LorieNative(16758): ExaTrace: putImage accel count=127616 drawableType=0 drawableId=0x600037 geom=2898x1848 size=2912x22 format=2 depth=24
04-17 08:30:03.616 I/LorieNative(16758): DamageTraceV2: PutImage count=125568 drawableType=WINDOW screenPixmap=0 drawable=0xb400007cd98d66b0 geom=2898x1848 box=0,1298-2898,1320 backend=other fn=0x7bd5f2ee24 fn_offset=0x30de24 fbase=0x7bd5c21000 sym=unknown so=/data/app/~~iNwcSjv3C2CZCLwcLxpEtA==/com.termux.x11-1tus8NhfW98goVF914TrYw==/base.apk!/lib/arm64-v8a/libXlorie.so
04-17 08:30:03.693 I/LorieNative(16758): DamageTraceV2: PutImage count=125632 drawableType=WINDOW screenPixmap=0 drawable=0xb400007cd98d66b0 geom=2898x1848 box=0,858-2898,880 backend=other fn=0x7bd5f2ee24 fn_offset=0x30de24 fbase=0x7bd5c21000 sym=unknown so=/data/app/~~iNwcSjv3C2CZCLwcLxpEtA==/com.termux.x11-1tus8NhfW98goVF914TrYw==/base.apk!/lib/arm64-v8a/libXlorie.so
04-17 08:30:03.777 I/LorieNative(16758): ExaTrace: putImage accel count=127744 drawableType=0 drawableId=0x600037 geom=2898x1848 size=2912x22 format=2 depth=24
04-17 08:30:03.782 I/LorieNative(16758): DamageTraceV2: PutImage count=125696 drawableType=WINDOW screenPixmap=0 drawable=0xb400007cd98d66b0 geom=2898x1848 box=0,418-2898,440 backend=other fn=0x7bd5f2ee24 fn_offset=0x30de24 fbase=0x7bd5c21000 sym=unknown so=/data/app/~~iNwcSjv3C2CZCLwcLxpEtA==/com.termux.x11-1tus8NhfW98goVF914TrYw==/base.apk!/lib/arm64-v8a/libXlorie.so
04-17 08:30:03.800 I/LorieNative(16758): DamageTraceV2: PutImage count=125760 drawableType=WINDOW screenPixmap=0 drawable=0xb400007cd98d66b0 geom=2898x1848 box=0,1826-2898,1848 backend=other fn=0x7bd5f2ee24 fn_offset=0x30de24 fbase=0x7bd5c21000 sym=unknown so=/data/app/~~iNwcSjv3C2CZCLwcLxpEtA==/com.termux.x11-1tus8NhfW98goVF914TrYw==/base.apk!/lib/arm64-v8a/libXlorie.so
04-17 08:30:03.863 I/LorieNative(16758): ExaTrace: putImage accel count=127872 drawableType=0 drawableId=0x600037 geom=2898x1848 size=2912x22 format=2 depth=24
04-17 08:30:03.866 I/LorieNative(16758): DamageTraceV2: PutImage count=125824 drawableType=WINDOW screenPixmap=0 drawable=0xb400007cd98d66b0 geom=2898x1848 box=0,1386-2898,1408 backend=other fn=0x7bd5f2ee24 fn_offset=0x30de24 fbase=0x7bd5c21000 sym=unknown so=/data/app/~~iNwcSjv3C2CZCLwcLxpEtA==/com.termux.x11-1tus8NhfW98goVF914TrYw==/base.apk!/lib/arm64-v8a/libXlorie.so
04-17 08:30:03.939 I/LorieNative(16758): DamageTraceV2: PutImage count=125888 drawableType=WINDOW screenPixmap=0 drawable=0xb400007cd98d66b0 geom=2898x1848 box=0,946-2898,968 backend=other fn=0x7bd5f2ee24 fn_offset=0x30de24 fbase=0x7bd5c21000 sym=unknown so=/data/app/~~iNwcSjv3C2CZCLwcLxpEtA==/com.termux.x11-1tus8NhfW98goVF914TrYw==/base.apk!/lib/arm64-v8a/libXlorie.so
04-17 08:30:04.009 I/LorieNative(16758): ExaTrace: putImage accel count=128000 drawableType=0 drawableId=0x600037 geom=2898x1848 size=2912x22 format=2 depth=24
04-17 08:30:04.015 I/LorieNative(16758): DamageTraceV2: PutImage count=125952 drawableType=WINDOW screenPixmap=0 drawable=0xb400007cd98d66b0 geom=2898x1848 box=0,506-2898,528 backend=other fn=0x7bd5f2ee24 fn_offset=0x30de24 fbase=0x7bd5c21000 sym=unknown so=/data/app/~~iNwcSjv3C2CZCLwcLxpEtA==/com.termux.x11-1tus8NhfW98goVF914TrYw==/base.apk!/lib/arm64-v8a/libXlorie.so
04-17 08:30:04.095 I/LorieNative(16758): DamageTraceV2: PutImage count=126016 drawableType=WINDOW screenPixmap=0 drawable=0xb400007cd98d66b0 geom=2898x1848 box=0,66-2898,88 backend=other fn=0x7bd5f2ee24 fn_offset=0x30de24 fbase=0x7bd5c21000 sym=unknown so=/data/app/~~iNwcSjv3C2CZCLwcLxpEtA==/com.termux.x11-1tus8NhfW98goVF914TrYw==/base.apk!/lib/arm64-v8a/libXlorie.so
04-17 08:30:04.105 I/LorieNative(16758): ExaTrace: putImage accel count=128128 drawableType=0 drawableId=0x600037 geom=2898x1848 size=2912x22 format=2 depth=24
04-17 08:30:04.108 I/LorieNative(16758): DamageTraceV2: PutImage count=126080 drawableType=WINDOW screenPixmap=0 drawable=0xb400007cd98d66b0 geom=2898x1848 box=0,1474-2898,1496 backend=other fn=0x7bd5f2ee24 fn_offset=0x30de24 fbase=0x7bd5c21000 sym=unknown so=/data/app/~~iNwcSjv3C2CZCLwcLxpEtA==/com.termux.x11-1tus8NhfW98goVF914TrYw==/base.apk!/lib/arm64-v8a/libXlorie.so
04-17 08:30:04.189 I/LorieNative(16758): DamageTraceV2: PutImage count=126144 drawableType=WINDOW screenPixmap=0 drawable=0xb400007cd98d66b0 geom=2898x1848 box=0,1034-2898,1056 backend=other fn=0x7bd5f2ee24 fn_offset=0x30de24 fbase=0x7bd5c21000 sym=unknown so=/data/app/~~iNwcSjv3C2CZCLwcLxpEtA==/com.termux.x11-1tus8NhfW98goVF914TrYw==/base.apk!/lib/arm64-v8a/libXlorie.so
04-17 08:30:04.263 I/LorieNative(16758): ExaTrace: putImage accel count=128256 drawableType=0 drawableId=0x600037 geom=2898x1848 size=2912x22 format=2 depth=24
04-17 08:30:04.268 I/LorieNative(16758): DamageTraceV2: PutImage count=126208 drawableType=WINDOW screenPixmap=0 drawable=0xb400007cd98d66b0 geom=2898x1848 box=0,594-2898,616 backend=other fn=0x7bd5f2ee24 fn_offset=0x30de24 fbase=0x7bd5c21000 sym=unknown so=/data/app/~~iNwcSjv3C2CZCLwcLxpEtA==/com.termux.x11-1tus8NhfW98goVF914TrYw==/base.apk!/lib/arm64-v8a/libXlorie.so
04-17 08:30:04.343 I/LorieNative(16758): DamageTraceV2: PutImage count=126272 drawableType=WINDOW screenPixmap=0 drawable=0xb400007cd98d66b0 geom=2898x1848 box=0,154-2898,176 backend=other fn=0x7bd5f2ee24 fn_offset=0x30de24 fbase=0x7bd5c21000 sym=unknown so=/data/app/~~iNwcSjv3C2CZCLwcLxpEtA==/com.termux.x11-1tus8NhfW98goVF914TrYw==/base.apk!/lib/arm64-v8a/libXlorie.so
04-17 08:30:04.357 I/LorieNative(16758): ExaTrace: putImage accel count=128384 drawableType=0 drawableId=0x600037 geom=2898x1848 size=2912x22 format=2 depth=24
04-17 08:30:04.360 I/LorieNative(16758): DamageTraceV2: PutImage count=126336 drawableType=WINDOW screenPixmap=0 drawable=0xb400007cd98d66b0 geom=2898x1848 box=0,1562-2898,1584 backend=other fn=0x7bd5f2ee24 fn_offset=0x30de24 fbase=0x7bd5c21000 sym=unknown so=/data/app/~~iNwcSjv3C2CZCLwcLxpEtA==/com.termux.x11-1tus8NhfW98goVF914TrYw==/base.apk!/lib/arm64-v8a/libXlorie.so
04-17 08:30:04.441 I/LorieNative(16758): DamageTraceV2: PutImage count=126400 drawableType=WINDOW screenPixmap=0 drawable=0xb400007cd98d66b0 geom=2898x1848 box=0,1122-2898,1144 backend=other fn=0x7bd5f2ee24 fn_offset=0x30de24 fbase=0x7bd5c21000 sym=unknown so=/data/app/~~iNwcSjv3C2CZCLwcLxpEtA==/com.termux.x11-1tus8NhfW98goVF914TrYw==/base.apk!/lib/arm64-v8a/libXlorie.so
04-17 08:30:04.500 I/LorieNative(16758): ExaTrace: putImage accel count=128512 drawableType=0 drawableId=0x600037 geom=2898x1848 size=2912x22 format=2 depth=24
04-17 08:30:04.503 I/LorieNative(16758): DamageTraceV2: PutImage count=126464 drawableType=WINDOW screenPixmap=0 drawable=0xb400007cd98d66b0 geom=2898x1848 box=0,682-2898,704 backend=other fn=0x7bd5f2ee24 fn_offset=0x30de24 fbase=0x7bd5c21000 sym=unknown so=/data/app/~~iNwcSjv3C2CZCLwcLxpEtA==/com.termux.x11-1tus8NhfW98goVF914TrYw==/base.apk!/lib/arm64-v8a/libXlorie.so
04-17 08:30:04.570 I/LorieNative(16758): DamageTraceV2: PutImage count=126528 drawableType=WINDOW screenPixmap=0 drawable=0xb400007cd98d66b0 geom=2898x1848 box=0,242-2898,264 backend=other fn=0x7bd5f2ee24 fn_offset=0x30de24 fbase=0x7bd5c21000 sym=unknown so=/data/app/~~iNwcSjv3C2CZCLwcLxpEtA==/com.termux.x11-1tus8NhfW98goVF914TrYw==/base.apk!/lib/arm64-v8a/libXlorie.so
04-17 08:30:04.587 I/LorieNative(16758): ExaTrace: putImage accel count=128640 drawableType=0 drawableId=0x600037 geom=2898x1848 size=2912x22 format=2 depth=24
04-17 08:30:04.590 I/LorieNative(16758): DamageTraceV2: PutImage count=126592 drawableType=WINDOW screenPixmap=0 drawable=0xb400007cd98d66b0 geom=2898x1848 box=0,1650-2898,1672 backend=other fn=0x7bd5f2ee24 fn_offset=0x30de24 fbase=0x7bd5c21000 sym=unknown so=/data/app/~~iNwcSjv3C2CZCLwcLxpEtA==/com.termux.x11-1tus8NhfW98goVF914TrYw==/base.apk!/lib/arm64-v8a/libXlorie.so
04-17 08:30:04.670 I/LorieNative(16758): DamageTraceV2: PutImage count=126656 drawableType=WINDOW screenPixmap=0 drawable=0xb400007cd98d66b0 geom=2898x1848 box=0,1210-2898,1232 backend=other fn=0x7bd5f2ee24 fn_offset=0x30de24 fbase=0x7bd5c21000 sym=unknown so=/data/app/~~iNwcSjv3C2CZCLwcLxpEtA==/com.termux.x11-1tus8NhfW98goVF914TrYw==/base.apk!/lib/arm64-v8a/libXlorie.so
04-17 08:30:04.748 I/LorieNative(16758): ExaTrace: putImage accel count=128768 drawableType=0 drawableId=0x600037 geom=2898x1848 size=2912x22 format=2 depth=24
04-17 08:30:04.752 I/LorieNative(16758): DamageTraceV2: PutImage count=126720 drawableType=WINDOW screenPixmap=0 drawable=0xb400007cd98d66b0 geom=2898x1848 box=0,770-2898,792 backend=other fn=0x7bd5f2ee24 fn_offset=0x30de24 fbase=0x7bd5c21000 sym=unknown so=/data/app/~~iNwcSjv3C2CZCLwcLxpEtA==/com.termux.x11-1tus8NhfW98goVF914TrYw==/base.apk!/lib/arm64-v8a/libXlorie.so
04-17 08:30:04.846 I/LorieNative(16758): DamageTraceV2: PutImage count=126784 drawableType=WINDOW screenPixmap=0 drawable=0xb400007cd98d66b0 geom=2898x1848 box=0,330-2898,352 backend=other fn=0x7bd5f2ee24 fn_offset=0x30de24 fbase=0x7bd5c21000 sym=unknown so=/data/app/~~iNwcSjv3C2CZCLwcLxpEtA==/com.termux.x11-1tus8NhfW98goVF914TrYw==/base.apk!/lib/arm64-v8a/libXlorie.so
04-17 08:30:04.869 I/LorieNative(16758): ExaTrace: putImage accel count=128896 drawableType=0 drawableId=0x600037 geom=2898x1848 size=2912x22 format=2 depth=24
04-17 08:30:04.877 I/LorieNative(16758): DamageTraceV2: PutImage count=126848 drawableType=WINDOW screenPixmap=0 drawable=0xb400007cd98d66b0 geom=2898x1848 box=0,1738-2898,1760 backend=other fn=0x7bd5f2ee24 fn_offset=0x30de24 fbase=0x7bd5c21000 sym=unknown so=/data/app/~~iNwcSjv3C2CZCLwcLxpEtA==/com.termux.x11-1tus8NhfW98goVF914TrYw==/base.apk!/lib/arm64-v8a/libXlorie.so
04-17 08:30:04.957 I/LorieNative(16758): DamageTraceV2: PutImage count=126912 drawableType=WINDOW screenPixmap=0 drawable=0xb400007cd98d66b0 geom=2898x1848 box=0,1298-2898,1320 backend=other fn=0x7bd5f2ee24 fn_offset=0x30de24 fbase=0x7bd5c21000 sym=unknown so=/data/app/~~iNwcSjv3C2CZCLwcLxpEtA==/com.termux.x11-1tus8NhfW98goVF914TrYw==/base.apk!/lib/arm64-v8a/libXlorie.so
04-17 08:30:05.021 I/LorieNative(16758): ExaTrace: putImage accel count=129024 drawableType=0 drawableId=0x600037 geom=2898x1848 size=2912x22 format=2 depth=24
04-17 08:30:05.023 I/LorieNative(16758): DamageTraceV2: PutImage count=126976 drawableType=WINDOW screenPixmap=0 drawable=0xb400007cd98d66b0 geom=2898x1848 box=0,858-2898,880 backend=other fn=0x7bd5f2ee24 fn_offset=0x30de24 fbase=0x7bd5c21000 sym=unknown so=/data/app/~~iNwcSjv3C2CZCLwcLxpEtA==/com.termux.x11-1tus8NhfW98goVF914TrYw==/base.apk!/lib/arm64-v8a/libXlorie.so
04-17 08:30:05.079 I/LorieNative(16758): DamageTraceV2: PutImage count=127040 drawableType=WINDOW screenPixmap=0 drawable=0xb400007cd98d66b0 geom=2898x1848 box=0,418-2898,440 backend=other fn=0x7bd5f2ee24 fn_offset=0x30de24 fbase=0x7bd5c21000 sym=unknown so=/data/app/~~iNwcSjv3C2CZCLwcLxpEtA==/com.termux.x11-1tus8NhfW98goVF914TrYw==/base.apk!/lib/arm64-v8a/libXlorie.so
04-17 08:30:05.092 I/LorieNative(16758): ExaTrace: putImage accel count=129152 drawableType=0 drawableId=0x600037 geom=2898x1848 size=2912x22 format=2 depth=24
04-17 08:30:05.095 I/LorieNative(16758): DamageTraceV2: PutImage count=127104 drawableType=WINDOW screenPixmap=0 drawable=0xb400007cd98d66b0 geom=2898x1848 box=0,1826-2898,1848 backend=other fn=0x7bd5f2ee24 fn_offset=0x30de24 fbase=0x7bd5c21000 sym=unknown so=/data/app/~~iNwcSjv3C2CZCLwcLxpEtA==/com.termux.x11-1tus8NhfW98goVF914TrYw==/base.apk!/lib/arm64-v8a/libXlorie.so
04-17 08:30:05.171 I/LorieNative(16758): DamageTraceV2: PutImage count=127168 drawableType=WINDOW screenPixmap=0 drawable=0xb400007cd98d66b0 geom=2898x1848 box=0,1386-2898,1408 backend=other fn=0x7bd5f2ee24 fn_offset=0x30de24 fbase=0x7bd5c21000 sym=unknown so=/data/app/~~iNwcSjv3C2CZCLwcLxpEtA==/com.termux.x11-1tus8NhfW98goVF914TrYw==/base.apk!/lib/arm64-v8a/libXlorie.so
04-17 08:30:05.251 I/LorieNative(16758): ExaTrace: putImage accel count=129280 drawableType=0 drawableId=0x600037 geom=2898x1848 size=2912x22 format=2 depth=24
04-17 08:30:05.254 I/LorieNative(16758): DamageTraceV2: PutImage count=127232 drawableType=WINDOW screenPixmap=0 drawable=0xb400007cd98d66b0 geom=2898x1848 box=0,946-2898,968 backend=other fn=0x7bd5f2ee24 fn_offset=0x30de24 fbase=0x7bd5c21000 sym=unknown so=/data/app/~~iNwcSjv3C2CZCLwcLxpEtA==/com.termux.x11-1tus8NhfW98goVF914TrYw==/base.apk!/lib/arm64-v8a/libXlorie.so
04-17 08:30:05.359 I/LorieNative(16758): DamageTraceV2: PutImage count=127296 drawableType=WINDOW screenPixmap=0 drawable=0xb400007cd98d66b0 geom=2898x1848 box=0,506-2898,528 backend=other fn=0x7bd5f2ee24 fn_offset=0x30de24 fbase=0x7bd5c21000 sym=unknown so=/data/app/~~iNwcSjv3C2CZCLwcLxpEtA==/com.termux.x11-1tus8NhfW98goVF914TrYw==/base.apk!/lib/arm64-v8a/libXlorie.so
04-17 08:30:05.375 I/LorieNative(16758): ExaTrace: putImage accel count=129408 drawableType=0 drawableId=0x600037 geom=2898x1848 size=2912x22 format=2 depth=24
04-17 08:30:05.446 I/LorieNative(16758): DamageTraceV2: PutImage count=127360 drawableType=WINDOW screenPixmap=0 drawable=0xb400007cd98d66b0 geom=2898x1848 box=0,66-2898,88 backend=other fn=0x7bd5f2ee24 fn_offset=0x30de24 fbase=0x7bd5c21000 sym=unknown so=/data/app/~~iNwcSjv3C2CZCLwcLxpEtA==/com.termux.x11-1tus8NhfW98goVF914TrYw==/base.apk!/lib/arm64-v8a/libXlorie.so
04-17 08:30:05.470 I/LorieNative(16758): DamageTraceV2: PutImage count=127424 drawableType=WINDOW screenPixmap=0 drawable=0xb400007cd98d66b0 geom=2898x1848 box=0,1474-2898,1496 backend=other fn=0x7bd5f2ee24 fn_offset=0x30de24 fbase=0x7bd5c21000 sym=unknown so=/data/app/~~iNwcSjv3C2CZCLwcLxpEtA==/com.termux.x11-1tus8NhfW98goVF914TrYw==/base.apk!/lib/arm64-v8a/libXlorie.so
04-17 08:30:05.546 I/LorieNative(16758): ExaTrace: putImage accel count=129536 drawableType=0 drawableId=0x600037 geom=2898x1848 size=2912x22 format=2 depth=24
04-17 08:30:05.549 I/LorieNative(16758): DamageTraceV2: PutImage count=127488 drawableType=WINDOW screenPixmap=0 drawable=0xb400007cd98d66b0 geom=2898x1848 box=0,1034-2898,1056 backend=other fn=0x7bd5f2ee24 fn_offset=0x30de24 fbase=0x7bd5c21000 sym=unknown so=/data/app/~~iNwcSjv3C2CZCLwcLxpEtA==/com.termux.x11-1tus8NhfW98goVF914TrYw==/base.apk!/lib/arm64-v8a/libXlorie.so
04-17 08:30:05.573 I/LorieNative(16758): choreographer callbacks in 5.0 seconds = 120.0 FPS
04-17 08:30:05.573 I/LorieNative(16758): redraw wakeups in 5.0 seconds = 120.0 FPS
04-17 08:30:05.573 I/LorieNative(16758): damage-triggered redraws in 5.0 seconds = 25.0 FPS
04-17 08:30:05.573 I/LorieNative(16758): AhbLockTrace: sticky=0 lock_calls=125 unlock_calls=125 sticky_hits=5040 flush_skipped=0 in 5.0s
04-17 08:30:05.573 I/LorieNative(16758): present flip attempts in 5.0 seconds = 0.0 FPS (accepted 0.0, rejected 0.0)
04-17 08:30:05.573 I/LorieNative(16758): present after-flips in 5.0 seconds = 0.0 FPS
04-17 08:30:05.573 I/LorieNative(16758): 125 frames in 5.0 seconds = 25.0 FPS
04-17 08:30:05.637 I/LorieNative(16758): DamageTraceV2: PutImage count=127552 drawableType=WINDOW screenPixmap=0 drawable=0xb400007cd98d66b0 geom=2898x1848 box=0,594-2898,616 backend=other fn=0x7bd5f2ee24 fn_offset=0x30de24 fbase=0x7bd5c21000 sym=unknown so=/data/app/~~iNwcSjv3C2CZCLwcLxpEtA==/com.termux.x11-1tus8NhfW98goVF914TrYw==/base.apk!/lib/arm64-v8a/libXlorie.so
04-17 08:30:05.648 I/LorieNative(16758): ExaTrace: putImage accel count=129664 drawableType=0 drawableId=0x600037 geom=2898x1848 size=2912x22 format=2 depth=24
04-17 08:30:05.700 I/LorieNative(16758): DamageTraceV2: PutImage count=127616 drawableType=WINDOW screenPixmap=0 drawable=0xb400007cd98d66b0 geom=2898x1848 box=0,154-2898,176 backend=other fn=0x7bd5f2ee24 fn_offset=0x30de24 fbase=0x7bd5c21000 sym=unknown so=/data/app/~~iNwcSjv3C2CZCLwcLxpEtA==/com.termux.x11-1tus8NhfW98goVF914TrYw==/base.apk!/lib/arm64-v8a/libXlorie.so
04-17 08:30:05.717 I/LorieNative(16758): DamageTraceV2: PutImage count=127680 drawableType=WINDOW screenPixmap=0 drawable=0xb400007cd98d66b0 geom=2898x1848 box=0,1562-2898,1584 backend=other fn=0x7bd5f2ee24 fn_offset=0x30de24 fbase=0x7bd5c21000 sym=unknown so=/data/app/~~iNwcSjv3C2CZCLwcLxpEtA==/com.termux.x11-1tus8NhfW98goVF914TrYw==/base.apk!/lib/arm64-v8a/libXlorie.so
04-17 08:30:05.788 I/LorieNative(16758): ExaTrace: putImage accel count=129792 drawableType=0 drawableId=0x600037 geom=2898x1848 size=2912x22 format=2 depth=24
04-17 08:30:05.794 I/LorieNative(16758): DamageTraceV2: PutImage count=127744 drawableType=WINDOW screenPixmap=0 drawable=0xb400007cd98d66b0 geom=2898x1848 box=0,1122-2898,1144 backend=other fn=0x7bd5f2ee24 fn_offset=0x30de24 fbase=0x7bd5c21000 sym=unknown so=/data/app/~~iNwcSjv3C2CZCLwcLxpEtA==/com.termux.x11-1tus8NhfW98goVF914TrYw==/base.apk!/lib/arm64-v8a/libXlorie.so
04-17 08:30:05.860 I/LorieNative(16758): DamageTraceV2: PutImage count=127808 drawableType=WINDOW screenPixmap=0 drawable=0xb400007cd98d66b0 geom=2898x1848 box=0,682-2898,704 backend=other fn=0x7bd5f2ee24 fn_offset=0x30de24 fbase=0x7bd5c21000 sym=unknown so=/data/app/~~iNwcSjv3C2CZCLwcLxpEtA==/com.termux.x11-1tus8NhfW98goVF914TrYw==/base.apk!/lib/arm64-v8a/libXlorie.so
04-17 08:30:05.874 I/LorieNative(16758): ExaTrace: putImage accel count=129920 drawableType=0 drawableId=0x600037 geom=2898x1848 size=2912x22 format=2 depth=24
04-17 08:30:05.936 I/LorieNative(16758): DamageTraceV2: PutImage count=127872 drawableType=WINDOW screenPixmap=0 drawable=0xb400007cd98d66b0 geom=2898x1848 box=0,242-2898,264 backend=other fn=0x7bd5f2ee24 fn_offset=0x30de24 fbase=0x7bd5c21000 sym=unknown so=/data/app/~~iNwcSjv3C2CZCLwcLxpEtA==/com.termux.x11-1tus8NhfW98goVF914TrYw==/base.apk!/lib/arm64-v8a/libXlorie.so
04-17 08:30:05.955 I/LorieNative(16758): DamageTraceV2: PutImage count=127936 drawableType=WINDOW screenPixmap=0 drawable=0xb400007cd98d66b0 geom=2898x1848 box=0,1650-2898,1672 backend=other fn=0x7bd5f2ee24 fn_offset=0x30de24 fbase=0x7bd5c21000 sym=unknown so=/data/app/~~iNwcSjv3C2CZCLwcLxpEtA==/com.termux.x11-1tus8NhfW98goVF914TrYw==/base.apk!/lib/arm64-v8a/libXlorie.so
04-17 08:30:06.022 I/LorieNative(16758): ExaTrace: putImage accel count=130048 drawableType=0 drawableId=0x600037 geom=2898x1848 size=2912x22 format=2 depth=24
04-17 08:30:06.028 I/LorieNative(16758): DamageTraceV2: PutImage count=128000 drawableType=WINDOW screenPixmap=0 drawable=0xb400007cd98d66b0 geom=2898x1848 box=0,1210-2898,1232 backend=other fn=0x7bd5f2ee24 fn_offset=0x30de24 fbase=0x7bd5c21000 sym=unknown so=/data/app/~~iNwcSjv3C2CZCLwcLxpEtA==/com.termux.x11-1tus8NhfW98goVF914TrYw==/base.apk!/lib/arm64-v8a/libXlorie.so
04-17 08:30:06.106 I/LorieNative(16758): DamageTraceV2: PutImage count=128064 drawableType=WINDOW screenPixmap=0 drawable=0xb400007cd98d66b0 geom=2898x1848 box=0,770-2898,792 backend=other fn=0x7bd5f2ee24 fn_offset=0x30de24 fbase=0x7bd5c21000 sym=unknown so=/data/app/~~iNwcSjv3C2CZCLwcLxpEtA==/com.termux.x11-1tus8NhfW98goVF914TrYw==/base.apk!/lib/arm64-v8a/libXlorie.so
04-17 08:30:06.169 I/LorieNative(16758): ExaTrace: putImage accel count=130176 drawableType=0 drawableId=0x600037 geom=2898x1848 size=2912x22 format=2 depth=24
04-17 08:30:06.175 I/LorieNative(16758): DamageTraceV2: PutImage count=128128 drawableType=WINDOW screenPixmap=0 drawable=0xb400007cd98d66b0 geom=2898x1848 box=0,330-2898,352 backend=other fn=0x7bd5f2ee24 fn_offset=0x30de24 fbase=0x7bd5c21000 sym=unknown so=/data/app/~~iNwcSjv3C2CZCLwcLxpEtA==/com.termux.x11-1tus8NhfW98goVF914TrYw==/base.apk!/lib/arm64-v8a/libXlorie.so
04-17 08:30:06.195 I/LorieNative(16758): DamageTraceV2: PutImage count=128192 drawableType=WINDOW screenPixmap=0 drawable=0xb400007cd98d66b0 geom=2898x1848 box=0,1738-2898,1760 backend=other fn=0x7bd5f2ee24 fn_offset=0x30de24 fbase=0x7bd5c21000 sym=unknown so=/data/app/~~iNwcSjv3C2CZCLwcLxpEtA==/com.termux.x11-1tus8NhfW98goVF914TrYw==/base.apk!/lib/arm64-v8a/libXlorie.so
04-17 08:30:06.272 I/LorieNative(16758): ExaTrace: putImage accel count=130304 drawableType=0 drawableId=0x600037 geom=2898x1848 size=2912x22 format=2 depth=24
04-17 08:30:06.275 I/LorieNative(16758): DamageTraceV2: PutImage count=128256 drawableType=WINDOW screenPixmap=0 drawable=0xb400007cd98d66b0 geom=2898x1848 box=0,1298-2898,1320 backend=other fn=0x7bd5f2ee24 fn_offset=0x30de24 fbase=0x7bd5c21000 sym=unknown so=/data/app/~~iNwcSjv3C2CZCLwcLxpEtA==/com.termux.x11-1tus8NhfW98goVF914TrYw==/base.apk!/lib/arm64-v8a/libXlorie.so
04-17 08:30:06.356 I/LorieNative(16758): DamageTraceV2: PutImage count=128320 drawableType=WINDOW screenPixmap=0 drawable=0xb400007cd98d66b0 geom=2898x1848 box=0,858-2898,880 backend=other fn=0x7bd5f2ee24 fn_offset=0x30de24 fbase=0x7bd5c21000 sym=unknown so=/data/app/~~iNwcSjv3C2CZCLwcLxpEtA==/com.termux.x11-1tus8NhfW98goVF914TrYw==/base.apk!/lib/arm64-v8a/libXlorie.so
04-17 08:30:06.426 I/LorieNative(16758): ExaTrace: putImage accel count=130432 drawableType=0 drawableId=0x600037 geom=2898x1848 size=2912x22 format=2 depth=24
04-17 08:30:06.431 I/LorieNative(16758): DamageTraceV2: PutImage count=128384 drawableType=WINDOW screenPixmap=0 drawable=0xb400007cd98d66b0 geom=2898x1848 box=0,418-2898,440 backend=other fn=0x7bd5f2ee24 fn_offset=0x30de24 fbase=0x7bd5c21000 sym=unknown so=/data/app/~~iNwcSjv3C2CZCLwcLxpEtA==/com.termux.x11-1tus8NhfW98goVF914TrYw==/base.apk!/lib/arm64-v8a/libXlorie.so
04-17 08:30:06.450 I/LorieNative(16758): DamageTraceV2: PutImage count=128448 drawableType=WINDOW screenPixmap=0 drawable=0xb400007cd98d66b0 geom=2898x1848 box=0,1826-2898,1848 backend=other fn=0x7bd5f2ee24 fn_offset=0x30de24 fbase=0x7bd5c21000 sym=unknown so=/data/app/~~iNwcSjv3C2CZCLwcLxpEtA==/com.termux.x11-1tus8NhfW98goVF914TrYw==/base.apk!/lib/arm64-v8a/libXlorie.so
04-17 08:30:06.526 I/LorieNative(16758): ExaTrace: putImage accel count=130560 drawableType=0 drawableId=0x600037 geom=2898x1848 size=2912x22 format=2 depth=24
04-17 08:30:06.529 I/LorieNative(16758): DamageTraceV2: PutImage count=128512 drawableType=WINDOW screenPixmap=0 drawable=0xb400007cd98d66b0 geom=2898x1848 box=0,1386-2898,1408 backend=other fn=0x7bd5f2ee24 fn_offset=0x30de24 fbase=0x7bd5c21000 sym=unknown so=/data/app/~~iNwcSjv3C2CZCLwcLxpEtA==/com.termux.x11-1tus8NhfW98goVF914TrYw==/base.apk!/lib/arm64-v8a/libXlorie.so
04-17 08:30:06.600 I/LorieNative(16758): DamageTraceV2: PutImage count=128576 drawableType=WINDOW screenPixmap=0 drawable=0xb400007cd98d66b0 geom=2898x1848 box=0,946-2898,968 backend=other fn=0x7bd5f2ee24 fn_offset=0x30de24 fbase=0x7bd5c21000 sym=unknown so=/data/app/~~iNwcSjv3C2CZCLwcLxpEtA==/com.termux.x11-1tus8NhfW98goVF914TrYw==/base.apk!/lib/arm64-v8a/libXlorie.so
04-17 08:30:06.674 I/LorieNative(16758): ExaTrace: putImage accel count=130688 drawableType=0 drawableId=0x600037 geom=2898x1848 size=2912x22 format=2 depth=24
04-17 08:30:06.680 I/LorieNative(16758): DamageTraceV2: PutImage count=128640 drawableType=WINDOW screenPixmap=0 drawable=0xb400007cd98d66b0 geom=2898x1848 box=0,506-2898,528 backend=other fn=0x7bd5f2ee24 fn_offset=0x30de24 fbase=0x7bd5c21000 sym=unknown so=/data/app/~~iNwcSjv3C2CZCLwcLxpEtA==/com.termux.x11-1tus8NhfW98goVF914TrYw==/base.apk!/lib/arm64-v8a/libXlorie.so
04-17 08:30:06.774 I/LorieNative(16758): DamageTraceV2: PutImage count=128704 drawableType=WINDOW screenPixmap=0 drawable=0xb400007cd98d66b0 geom=2898x1848 box=0,66-2898,88 backend=other fn=0x7bd5f2ee24 fn_offset=0x30de24 fbase=0x7bd5c21000 sym=unknown so=/data/app/~~iNwcSjv3C2CZCLwcLxpEtA==/com.termux.x11-1tus8NhfW98goVF914TrYw==/base.apk!/lib/arm64-v8a/libXlorie.so
04-17 08:30:06.793 I/LorieNative(16758): ExaTrace: putImage accel count=130816 drawableType=0 drawableId=0x600037 geom=2898x1848 size=2912x22 format=2 depth=24
04-17 08:30:06.796 I/LorieNative(16758): DamageTraceV2: PutImage count=128768 drawableType=WINDOW screenPixmap=0 drawable=0xb400007cd98d66b0 geom=2898x1848 box=0,1474-2898,1496 backend=other fn=0x7bd5f2ee24 fn_offset=0x30de24 fbase=0x7bd5c21000 sym=unknown so=/data/app/~~iNwcSjv3C2CZCLwcLxpEtA==/com.termux.x11-1tus8NhfW98goVF914TrYw==/base.apk!/lib/arm64-v8a/libXlorie.so
04-17 08:30:06.870 I/LorieNative(16758): DamageTraceV2: PutImage count=128832 drawableType=WINDOW screenPixmap=0 drawable=0xb400007cd98d66b0 geom=2898x1848 box=0,1034-2898,1056 backend=other fn=0x7bd5f2ee24 fn_offset=0x30de24 fbase=0x7bd5c21000 sym=unknown so=/data/app/~~iNwcSjv3C2CZCLwcLxpEtA==/com.termux.x11-1tus8NhfW98goVF914TrYw==/base.apk!/lib/arm64-v8a/libXlorie.so
04-17 08:30:06.941 I/LorieNative(16758): ExaTrace: putImage accel count=130944 drawableType=0 drawableId=0x600037 geom=2898x1848 size=2912x22 format=2 depth=24
04-17 08:30:06.943 I/LorieNative(16758): DamageTraceV2: PutImage count=128896 drawableType=WINDOW screenPixmap=0 drawable=0xb400007cd98d66b0 geom=2898x1848 box=0,594-2898,616 backend=other fn=0x7bd5f2ee24 fn_offset=0x30de24 fbase=0x7bd5c21000 sym=unknown so=/data/app/~~iNwcSjv3C2CZCLwcLxpEtA==/com.termux.x11-1tus8NhfW98goVF914TrYw==/base.apk!/lib/arm64-v8a/libXlorie.so
04-17 08:30:07.014 I/LorieNative(16758): DamageTraceV2: PutImage count=128960 drawableType=WINDOW screenPixmap=0 drawable=0xb400007cd98d66b0 geom=2898x1848 box=0,154-2898,176 backend=other fn=0x7bd5f2ee24 fn_offset=0x30de24 fbase=0x7bd5c21000 sym=unknown so=/data/app/~~iNwcSjv3C2CZCLwcLxpEtA==/com.termux.x11-1tus8NhfW98goVF914TrYw==/base.apk!/lib/arm64-v8a/libXlorie.so
04-17 08:30:07.035 I/LorieNative(16758): ExaTrace: putImage accel count=131072 drawableType=0 drawableId=0x600037 geom=2898x1848 size=2912x22 format=2 depth=24
04-17 08:30:07.039 I/LorieNative(16758): DamageTraceV2: PutImage count=129024 drawableType=WINDOW screenPixmap=0 drawable=0xb400007cd98d66b0 geom=2898x1848 box=0,1562-2898,1584 backend=other fn=0x7bd5f2ee24 fn_offset=0x30de24 fbase=0x7bd5c21000 sym=unknown so=/data/app/~~iNwcSjv3C2CZCLwcLxpEtA==/com.termux.x11-1tus8NhfW98goVF914TrYw==/base.apk!/lib/arm64-v8a/libXlorie.so
04-17 08:30:07.117 I/LorieNative(16758): DamageTraceV2: PutImage count=129088 drawableType=WINDOW screenPixmap=0 drawable=0xb400007cd98d66b0 geom=2898x1848 box=0,1122-2898,1144 backend=other fn=0x7bd5f2ee24 fn_offset=0x30de24 fbase=0x7bd5c21000 sym=unknown so=/data/app/~~iNwcSjv3C2CZCLwcLxpEtA==/com.termux.x11-1tus8NhfW98goVF914TrYw==/base.apk!/lib/arm64-v8a/libXlorie.so
04-17 08:30:07.194 I/LorieNative(16758): ExaTrace: putImage accel count=131200 drawableType=0 drawableId=0x600037 geom=2898x1848 size=2912x22 format=2 depth=24
04-17 08:30:07.201 I/LorieNative(16758): DamageTraceV2: PutImage count=129152 drawableType=WINDOW screenPixmap=0 drawable=0xb400007cd98d66b0 geom=2898x1848 box=0,682-2898,704 backend=other fn=0x7bd5f2ee24 fn_offset=0x30de24 fbase=0x7bd5c21000 sym=unknown so=/data/app/~~iNwcSjv3C2CZCLwcLxpEtA==/com.termux.x11-1tus8NhfW98goVF914TrYw==/base.apk!/lib/arm64-v8a/libXlorie.so
04-17 08:30:07.285 I/LorieNative(16758): DamageTraceV2: PutImage count=129216 drawableType=WINDOW screenPixmap=0 drawable=0xb400007cd98d66b0 geom=2898x1848 box=0,242-2898,264 backend=other fn=0x7bd5f2ee24 fn_offset=0x30de24 fbase=0x7bd5c21000 sym=unknown so=/data/app/~~iNwcSjv3C2CZCLwcLxpEtA==/com.termux.x11-1tus8NhfW98goVF914TrYw==/base.apk!/lib/arm64-v8a/libXlorie.so
04-17 08:30:07.295 I/LorieNative(16758): ExaTrace: putImage accel count=131328 drawableType=0 drawableId=0x600037 geom=2898x1848 size=2912x22 format=2 depth=24
04-17 08:30:07.297 I/LorieNative(16758): DamageTraceV2: PutImage count=129280 drawableType=WINDOW screenPixmap=0 drawable=0xb400007cd98d66b0 geom=2898x1848 box=0,1650-2898,1672 backend=other fn=0x7bd5f2ee24 fn_offset=0x30de24 fbase=0x7bd5c21000 sym=unknown so=/data/app/~~iNwcSjv3C2CZCLwcLxpEtA==/com.termux.x11-1tus8NhfW98goVF914TrYw==/base.apk!/lib/arm64-v8a/libXlorie.so
04-17 08:30:07.375 I/LorieNative(16758): DamageTraceV2: PutImage count=129344 drawableType=WINDOW screenPixmap=0 drawable=0xb400007cd98d66b0 geom=2898x1848 box=0,1210-2898,1232 backend=other fn=0x7bd5f2ee24 fn_offset=0x30de24 fbase=0x7bd5c21000 sym=unknown so=/data/app/~~iNwcSjv3C2CZCLwcLxpEtA==/com.termux.x11-1tus8NhfW98goVF914TrYw==/base.apk!/lib/arm64-v8a/libXlorie.so
04-17 08:30:07.449 I/LorieNative(16758): ExaTrace: putImage accel count=131456 drawableType=0 drawableId=0x600037 geom=2898x1848 size=2912x22 format=2 depth=24
04-17 08:30:07.454 I/LorieNative(16758): DamageTraceV2: PutImage count=129408 drawableType=WINDOW screenPixmap=0 drawable=0xb400007cd98d66b0 geom=2898x1848 box=0,770-2898,792 backend=other fn=0x7bd5f2ee24 fn_offset=0x30de24 fbase=0x7bd5c21000 sym=unknown so=/data/app/~~iNwcSjv3C2CZCLwcLxpEtA==/com.termux.x11-1tus8NhfW98goVF914TrYw==/base.apk!/lib/arm64-v8a/libXlorie.so
04-17 08:30:07.548 I/LorieNative(16758): DamageTraceV2: PutImage count=129472 drawableType=WINDOW screenPixmap=0 drawable=0xb400007cd98d66b0 geom=2898x1848 box=0,330-2898,352 backend=other fn=0x7bd5f2ee24 fn_offset=0x30de24 fbase=0x7bd5c21000 sym=unknown so=/data/app/~~iNwcSjv3C2CZCLwcLxpEtA==/com.termux.x11-1tus8NhfW98goVF914TrYw==/base.apk!/lib/arm64-v8a/libXlorie.so
04-17 08:30:07.564 I/LorieNative(16758): ExaTrace: putImage accel count=131584 drawableType=0 drawableId=0x600037 geom=2898x1848 size=2912x22 format=2 depth=24
04-17 08:30:07.569 I/LorieNative(16758): DamageTraceV2: PutImage count=129536 drawableType=WINDOW screenPixmap=0 drawable=0xb400007cd98d66b0 geom=2898x1848 box=0,1738-2898,1760 backend=other fn=0x7bd5f2ee24 fn_offset=0x30de24 fbase=0x7bd5c21000 sym=unknown so=/data/app/~~iNwcSjv3C2CZCLwcLxpEtA==/com.termux.x11-1tus8NhfW98goVF914TrYw==/base.apk!/lib/arm64-v8a/libXlorie.so
04-17 08:30:07.649 I/LorieNative(16758): DamageTraceV2: PutImage count=129600 drawableType=WINDOW screenPixmap=0 drawable=0xb400007cd98d66b0 geom=2898x1848 box=0,1298-2898,1320 backend=other fn=0x7bd5f2ee24 fn_offset=0x30de24 fbase=0x7bd5c21000 sym=unknown so=/data/app/~~iNwcSjv3C2CZCLwcLxpEtA==/com.termux.x11-1tus8NhfW98goVF914TrYw==/base.apk!/lib/arm64-v8a/libXlorie.so
04-17 08:30:07.718 I/LorieNative(16758): ExaTrace: putImage accel count=131712 drawableType=0 drawableId=0x600037 geom=2898x1848 size=2912x22 format=2 depth=24
04-17 08:30:07.722 I/LorieNative(16758): DamageTraceV2: PutImage count=129664 drawableType=WINDOW screenPixmap=0 drawable=0xb400007cd98d66b0 geom=2898x1848 box=0,858-2898,880 backend=other fn=0x7bd5f2ee24 fn_offset=0x30de24 fbase=0x7bd5c21000 sym=unknown so=/data/app/~~iNwcSjv3C2CZCLwcLxpEtA==/com.termux.x11-1tus8NhfW98goVF914TrYw==/base.apk!/lib/arm64-v8a/libXlorie.so
04-17 08:30:07.799 I/LorieNative(16758): DamageTraceV2: PutImage count=129728 drawableType=WINDOW screenPixmap=0 drawable=0xb400007cd98d66b0 geom=2898x1848 box=0,418-2898,440 backend=other fn=0x7bd5f2ee24 fn_offset=0x30de24 fbase=0x7bd5c21000 sym=unknown so=/data/app/~~iNwcSjv3C2CZCLwcLxpEtA==/com.termux.x11-1tus8NhfW98goVF914TrYw==/base.apk!/lib/arm64-v8a/libXlorie.so
04-17 08:30:07.817 I/LorieNative(16758): ExaTrace: putImage accel count=131840 drawableType=0 drawableId=0x600037 geom=2898x1848 size=2912x22 format=2 depth=24
04-17 08:30:07.824 I/LorieNative(16758): DamageTraceV2: PutImage count=129792 drawableType=WINDOW screenPixmap=0 drawable=0xb400007cd98d66b0 geom=2898x1848 box=0,1826-2898,1848 backend=other fn=0x7bd5f2ee24 fn_offset=0x30de24 fbase=0x7bd5c21000 sym=unknown so=/data/app/~~iNwcSjv3C2CZCLwcLxpEtA==/com.termux.x11-1tus8NhfW98goVF914TrYw==/base.apk!/lib/arm64-v8a/libXlorie.so
04-17 08:30:07.900 I/LorieNative(16758): DamageTraceV2: PutImage count=129856 drawableType=WINDOW screenPixmap=0 drawable=0xb400007cd98d66b0 geom=2898x1848 box=0,1386-2898,1408 backend=other fn=0x7bd5f2ee24 fn_offset=0x30de24 fbase=0x7bd5c21000 sym=unknown so=/data/app/~~iNwcSjv3C2CZCLwcLxpEtA==/com.termux.x11-1tus8NhfW98goVF914TrYw==/base.apk!/lib/arm64-v8a/libXlorie.so
04-17 08:30:07.972 I/LorieNative(16758): ExaTrace: putImage accel count=131968 drawableType=0 drawableId=0x600037 geom=2898x1848 size=2912x22 format=2 depth=24
04-17 08:30:07.978 I/LorieNative(16758): DamageTraceV2: PutImage count=129920 drawableType=WINDOW screenPixmap=0 drawable=0xb400007cd98d66b0 geom=2898x1848 box=0,946-2898,968 backend=other fn=0x7bd5f2ee24 fn_offset=0x30de24 fbase=0x7bd5c21000 sym=unknown so=/data/app/~~iNwcSjv3C2CZCLwcLxpEtA==/com.termux.x11-1tus8NhfW98goVF914TrYw==/base.apk!/lib/arm64-v8a/libXlorie.so
04-17 08:30:08.061 I/LorieNative(16758): DamageTraceV2: PutImage count=129984 drawableType=WINDOW screenPixmap=0 drawable=0xb400007cd98d66b0 geom=2898x1848 box=0,506-2898,528 backend=other fn=0x7bd5f2ee24 fn_offset=0x30de24 fbase=0x7bd5c21000 sym=unknown so=/data/app/~~iNwcSjv3C2CZCLwcLxpEtA==/com.termux.x11-1tus8NhfW98goVF914TrYw==/base.apk!/lib/arm64-v8a/libXlorie.so
04-17 08:30:08.085 I/LorieNative(16758): ExaTrace: putImage accel count=132096 drawableType=0 drawableId=0x600037 geom=2898x1848 size=2912x22 format=2 depth=24
04-17 08:30:08.134 I/LorieNative(16758): DamageTraceV2: PutImage count=130048 drawableType=WINDOW screenPixmap=0 drawable=0xb400007cd98d66b0 geom=2898x1848 box=0,66-2898,88 backend=other fn=0x7bd5f2ee24 fn_offset=0x30de24 fbase=0x7bd5c21000 sym=unknown so=/data/app/~~iNwcSjv3C2CZCLwcLxpEtA==/com.termux.x11-1tus8NhfW98goVF914TrYw==/base.apk!/lib/arm64-v8a/libXlorie.so
04-17 08:30:08.147 I/LorieNative(16758): DamageTraceV2: PutImage count=130112 drawableType=WINDOW screenPixmap=0 drawable=0xb400007cd98d66b0 geom=2898x1848 box=0,1474-2898,1496 backend=other fn=0x7bd5f2ee24 fn_offset=0x30de24 fbase=0x7bd5c21000 sym=unknown so=/data/app/~~iNwcSjv3C2CZCLwcLxpEtA==/com.termux.x11-1tus8NhfW98goVF914TrYw==/base.apk!/lib/arm64-v8a/libXlorie.so
04-17 08:30:08.208 I/LorieNative(16758): ExaTrace: putImage accel count=132224 drawableType=0 drawableId=0x600037 geom=2898x1848 size=2912x22 format=2 depth=24
04-17 08:30:08.210 I/LorieNative(16758): DamageTraceV2: PutImage count=130176 drawableType=WINDOW screenPixmap=0 drawable=0xb400007cd98d66b0 geom=2898x1848 box=0,1034-2898,1056 backend=other fn=0x7bd5f2ee24 fn_offset=0x30de24 fbase=0x7bd5c21000 sym=unknown so=/data/app/~~iNwcSjv3C2CZCLwcLxpEtA==/com.termux.x11-1tus8NhfW98goVF914TrYw==/base.apk!/lib/arm64-v8a/libXlorie.so
04-17 08:30:08.282 I/LorieNative(16758): DamageTraceV2: PutImage count=130240 drawableType=WINDOW screenPixmap=0 drawable=0xb400007cd98d66b0 geom=2898x1848 box=0,594-2898,616 backend=other fn=0x7bd5f2ee24 fn_offset=0x30de24 fbase=0x7bd5c21000 sym=unknown so=/data/app/~~iNwcSjv3C2CZCLwcLxpEtA==/com.termux.x11-1tus8NhfW98goVF914TrYw==/base.apk!/lib/arm64-v8a/libXlorie.so
04-17 08:30:08.295 I/LorieNative(16758): ExaTrace: putImage accel count=132352 drawableType=0 drawableId=0x600037 geom=2898x1848 size=2912x22 format=2 depth=24
04-17 08:30:08.369 I/LorieNative(16758): DamageTraceV2: PutImage count=130304 drawableType=WINDOW screenPixmap=0 drawable=0xb400007cd98d66b0 geom=2898x1848 box=0,154-2898,176 backend=other fn=0x7bd5f2ee24 fn_offset=0x30de24 fbase=0x7bd5c21000 sym=unknown so=/data/app/~~iNwcSjv3C2CZCLwcLxpEtA==/com.termux.x11-1tus8NhfW98goVF914TrYw==/base.apk!/lib/arm64-v8a/libXlorie.so
04-17 08:30:08.384 I/LorieNative(16758): DamageTraceV2: PutImage count=130368 drawableType=WINDOW screenPixmap=0 drawable=0xb400007cd98d66b0 geom=2898x1848 box=0,1562-2898,1584 backend=other fn=0x7bd5f2ee24 fn_offset=0x30de24 fbase=0x7bd5c21000 sym=unknown so=/data/app/~~iNwcSjv3C2CZCLwcLxpEtA==/com.termux.x11-1tus8NhfW98goVF914TrYw==/base.apk!/lib/arm64-v8a/libXlorie.so
04-17 08:30:08.461 I/LorieNative(16758): ExaTrace: putImage accel count=132480 drawableType=0 drawableId=0x600037 geom=2898x1848 size=2912x22 format=2 depth=24
04-17 08:30:08.464 I/LorieNative(16758): DamageTraceV2: PutImage count=130432 drawableType=WINDOW screenPixmap=0 drawable=0xb400007cd98d66b0 geom=2898x1848 box=0,1122-2898,1144 backend=other fn=0x7bd5f2ee24 fn_offset=0x30de24 fbase=0x7bd5c21000 sym=unknown so=/data/app/~~iNwcSjv3C2CZCLwcLxpEtA==/com.termux.x11-1tus8NhfW98goVF914TrYw==/base.apk!/lib/arm64-v8a/libXlorie.so
04-17 08:30:08.544 I/LorieNative(16758): DamageTraceV2: PutImage count=130496 drawableType=WINDOW screenPixmap=0 drawable=0xb400007cd98d66b0 geom=2898x1848 box=0,682-2898,704 backend=other fn=0x7bd5f2ee24 fn_offset=0x30de24 fbase=0x7bd5c21000 sym=unknown so=/data/app/~~iNwcSjv3C2CZCLwcLxpEtA==/com.termux.x11-1tus8NhfW98goVF914TrYw==/base.apk!/lib/arm64-v8a/libXlorie.so
04-17 08:30:08.567 I/LorieNative(16758): ExaTrace: putImage accel count=132608 drawableType=0 drawableId=0x600037 geom=2898x1848 size=2912x22 format=2 depth=24
04-17 08:30:08.625 I/LorieNative(16758): DamageTraceV2: PutImage count=130560 drawableType=WINDOW screenPixmap=0 drawable=0xb400007cd98d66b0 geom=2898x1848 box=0,242-2898,264 backend=other fn=0x7bd5f2ee24 fn_offset=0x30de24 fbase=0x7bd5c21000 sym=unknown so=/data/app/~~iNwcSjv3C2CZCLwcLxpEtA==/com.termux.x11-1tus8NhfW98goVF914TrYw==/base.apk!/lib/arm64-v8a/libXlorie.so
04-17 08:30:08.640 I/LorieNative(16758): DamageTraceV2: PutImage count=130624 drawableType=WINDOW screenPixmap=0 drawable=0xb400007cd98d66b0 geom=2898x1848 box=0,1650-2898,1672 backend=other fn=0x7bd5f2ee24 fn_offset=0x30de24 fbase=0x7bd5c21000 sym=unknown so=/data/app/~~iNwcSjv3C2CZCLwcLxpEtA==/com.termux.x11-1tus8NhfW98goVF914TrYw==/base.apk!/lib/arm64-v8a/libXlorie.so
04-17 08:30:08.719 I/LorieNative(16758): ExaTrace: putImage accel count=132736 drawableType=0 drawableId=0x600037 geom=2898x1848 size=2912x22 format=2 depth=24
04-17 08:30:08.723 I/LorieNative(16758): DamageTraceV2: PutImage count=130688 drawableType=WINDOW screenPixmap=0 drawable=0xb400007cd98d66b0 geom=2898x1848 box=0,1210-2898,1232 backend=other fn=0x7bd5f2ee24 fn_offset=0x30de24 fbase=0x7bd5c21000 sym=unknown so=/data/app/~~iNwcSjv3C2CZCLwcLxpEtA==/com.termux.x11-1tus8NhfW98goVF914TrYw==/base.apk!/lib/arm64-v8a/libXlorie.so
04-17 08:30:08.811 I/LorieNative(16758): DamageTraceV2: PutImage count=130752 drawableType=WINDOW screenPixmap=0 drawable=0xb400007cd98d66b0 geom=2898x1848 box=0,770-2898,792 backend=other fn=0x7bd5f2ee24 fn_offset=0x30de24 fbase=0x7bd5c21000 sym=unknown so=/data/app/~~iNwcSjv3C2CZCLwcLxpEtA==/com.termux.x11-1tus8NhfW98goVF914TrYw==/base.apk!/lib/arm64-v8a/libXlorie.so
04-17 08:30:08.876 I/LorieNative(16758): ExaTrace: putImage accel count=132864 drawableType=0 drawableId=0x600037 geom=2898x1848 size=2912x22 format=2 depth=24
04-17 08:30:08.882 I/LorieNative(16758): DamageTraceV2: PutImage count=130816 drawableType=WINDOW screenPixmap=0 drawable=0xb400007cd98d66b0 geom=2898x1848 box=0,330-2898,352 backend=other fn=0x7bd5f2ee24 fn_offset=0x30de24 fbase=0x7bd5c21000 sym=unknown so=/data/app/~~iNwcSjv3C2CZCLwcLxpEtA==/com.termux.x11-1tus8NhfW98goVF914TrYw==/base.apk!/lib/arm64-v8a/libXlorie.so
04-17 08:30:08.900 I/LorieNative(16758): DamageTraceV2: PutImage count=130880 drawableType=WINDOW screenPixmap=0 drawable=0xb400007cd98d66b0 geom=2898x1848 box=0,1738-2898,1760 backend=other fn=0x7bd5f2ee24 fn_offset=0x30de24 fbase=0x7bd5c21000 sym=unknown so=/data/app/~~iNwcSjv3C2CZCLwcLxpEtA==/com.termux.x11-1tus8NhfW98goVF914TrYw==/base.apk!/lib/arm64-v8a/libXlorie.so
04-17 08:30:08.987 I/LorieNative(16758): ExaTrace: putImage accel count=132992 drawableType=0 drawableId=0x600037 geom=2898x1848 size=2912x22 format=2 depth=24
04-17 08:30:08.992 I/LorieNative(16758): DamageTraceV2: PutImage count=130944 drawableType=WINDOW screenPixmap=0 drawable=0xb400007cd98d66b0 geom=2898x1848 box=0,1298-2898,1320 backend=other fn=0x7bd5f2ee24 fn_offset=0x30de24 fbase=0x7bd5c21000 sym=unknown so=/data/app/~~iNwcSjv3C2CZCLwcLxpEtA==/com.termux.x11-1tus8NhfW98goVF914TrYw==/base.apk!/lib/arm64-v8a/libXlorie.so
04-17 08:30:09.069 I/LorieNative(16758): DamageTraceV2: PutImage count=131008 drawableType=WINDOW screenPixmap=0 drawable=0xb400007cd98d66b0 geom=2898x1848 box=0,858-2898,880 backend=other fn=0x7bd5f2ee24 fn_offset=0x30de24 fbase=0x7bd5c21000 sym=unknown so=/data/app/~~iNwcSjv3C2CZCLwcLxpEtA==/com.termux.x11-1tus8NhfW98goVF914TrYw==/base.apk!/lib/arm64-v8a/libXlorie.so
04-17 08:30:09.136 I/LorieNative(16758): ExaTrace: putImage accel count=133120 drawableType=0 drawableId=0x600037 geom=2898x1848 size=2912x22 format=2 depth=24
04-17 08:30:09.140 I/LorieNative(16758): DamageTraceV2: PutImage count=131072 drawableType=WINDOW screenPixmap=0 drawable=0xb400007cd98d66b0 geom=2898x1848 box=0,418-2898,440 backend=other fn=0x7bd5f2ee24 fn_offset=0x30de24 fbase=0x7bd5c21000 sym=unknown so=/data/app/~~iNwcSjv3C2CZCLwcLxpEtA==/com.termux.x11-1tus8NhfW98goVF914TrYw==/base.apk!/lib/arm64-v8a/libXlorie.so
04-17 08:30:09.155 I/LorieNative(16758): DamageTraceV2: PutImage count=131136 drawableType=WINDOW screenPixmap=0 drawable=0xb400007cd98d66b0 geom=2898x1848 box=0,1826-2898,1848 backend=other fn=0x7bd5f2ee24 fn_offset=0x30de24 fbase=0x7bd5c21000 sym=unknown so=/data/app/~~iNwcSjv3C2CZCLwcLxpEtA==/com.termux.x11-1tus8NhfW98goVF914TrYw==/base.apk!/lib/arm64-v8a/libXlorie.so
04-17 08:30:09.232 I/LorieNative(16758): ExaTrace: putImage accel count=133248 drawableType=0 drawableId=0x600037 geom=2898x1848 size=2912x22 format=2 depth=24
04-17 08:30:09.235 I/LorieNative(16758): DamageTraceV2: PutImage count=131200 drawableType=WINDOW screenPixmap=0 drawable=0xb400007cd98d66b0 geom=2898x1848 box=0,1386-2898,1408 backend=other fn=0x7bd5f2ee24 fn_offset=0x30de24 fbase=0x7bd5c21000 sym=unknown so=/data/app/~~iNwcSjv3C2CZCLwcLxpEtA==/com.termux.x11-1tus8NhfW98goVF914TrYw==/base.apk!/lib/arm64-v8a/libXlorie.so
04-17 08:30:09.310 I/LorieNative(16758): DamageTraceV2: PutImage count=131264 drawableType=WINDOW screenPixmap=0 drawable=0xb400007cd98d66b0 geom=2898x1848 box=0,946-2898,968 backend=other fn=0x7bd5f2ee24 fn_offset=0x30de24 fbase=0x7bd5c21000 sym=unknown so=/data/app/~~iNwcSjv3C2CZCLwcLxpEtA==/com.termux.x11-1tus8NhfW98goVF914TrYw==/base.apk!/lib/arm64-v8a/libXlorie.so
04-17 08:30:09.388 I/LorieNative(16758): ExaTrace: putImage accel count=133376 drawableType=0 drawableId=0x600037 geom=2898x1848 size=2912x22 format=2 depth=24
04-17 08:30:09.392 I/LorieNative(16758): DamageTraceV2: PutImage count=131328 drawableType=WINDOW screenPixmap=0 drawable=0xb400007cd98d66b0 geom=2898x1848 box=0,506-2898,528 backend=other fn=0x7bd5f2ee24 fn_offset=0x30de24 fbase=0x7bd5c21000 sym=unknown so=/data/app/~~iNwcSjv3C2CZCLwcLxpEtA==/com.termux.x11-1tus8NhfW98goVF914TrYw==/base.apk!/lib/arm64-v8a/libXlorie.so
04-17 08:30:09.477 I/LorieNative(16758): DamageTraceV2: PutImage count=131392 drawableType=WINDOW screenPixmap=0 drawable=0xb400007cd98d66b0 geom=2898x1848 box=0,66-2898,88 backend=other fn=0x7bd5f2ee24 fn_offset=0x30de24 fbase=0x7bd5c21000 sym=unknown so=/data/app/~~iNwcSjv3C2CZCLwcLxpEtA==/com.termux.x11-1tus8NhfW98goVF914TrYw==/base.apk!/lib/arm64-v8a/libXlorie.so
04-17 08:30:09.500 I/LorieNative(16758): ExaTrace: putImage accel count=133504 drawableType=0 drawableId=0x600037 geom=2898x1848 size=2912x22 format=2 depth=24
04-17 08:30:09.505 I/LorieNative(16758): DamageTraceV2: PutImage count=131456 drawableType=WINDOW screenPixmap=0 drawable=0xb400007cd98d66b0 geom=2898x1848 box=0,1474-2898,1496 backend=other fn=0x7bd5f2ee24 fn_offset=0x30de24 fbase=0x7bd5c21000 sym=unknown so=/data/app/~~iNwcSjv3C2CZCLwcLxpEtA==/com.termux.x11-1tus8NhfW98goVF914TrYw==/base.apk!/lib/arm64-v8a/libXlorie.so
04-17 08:30:09.590 I/LorieNative(16758): DamageTraceV2: PutImage count=131520 drawableType=WINDOW screenPixmap=0 drawable=0xb400007cd98d66b0 geom=2898x1848 box=0,1034-2898,1056 backend=other fn=0x7bd5f2ee24 fn_offset=0x30de24 fbase=0x7bd5c21000 sym=unknown so=/data/app/~~iNwcSjv3C2CZCLwcLxpEtA==/com.termux.x11-1tus8NhfW98goVF914TrYw==/base.apk!/lib/arm64-v8a/libXlorie.so
04-17 08:30:09.650 I/LorieNative(16758): ExaTrace: putImage accel count=133632 drawableType=0 drawableId=0x600037 geom=2898x1848 size=2912x22 format=2 depth=24
04-17 08:30:09.656 I/LorieNative(16758): DamageTraceV2: PutImage count=131584 drawableType=WINDOW screenPixmap=0 drawable=0xb400007cd98d66b0 geom=2898x1848 box=0,594-2898,616 backend=other fn=0x7bd5f2ee24 fn_offset=0x30de24 fbase=0x7bd5c21000 sym=unknown so=/data/app/~~iNwcSjv3C2CZCLwcLxpEtA==/com.termux.x11-1tus8NhfW98goVF914TrYw==/base.apk!/lib/arm64-v8a/libXlorie.so
04-17 08:30:09.748 I/LorieNative(16758): DamageTraceV2: PutImage count=131648 drawableType=WINDOW screenPixmap=0 drawable=0xb400007cd98d66b0 geom=2898x1848 box=0,154-2898,176 backend=other fn=0x7bd5f2ee24 fn_offset=0x30de24 fbase=0x7bd5c21000 sym=unknown so=/data/app/~~iNwcSjv3C2CZCLwcLxpEtA==/com.termux.x11-1tus8NhfW98goVF914TrYw==/base.apk!/lib/arm64-v8a/libXlorie.so
04-17 08:30:09.764 I/LorieNative(16758): ExaTrace: putImage accel count=133760 drawableType=0 drawableId=0x600037 geom=2898x1848 size=2912x22 format=2 depth=24
04-17 08:30:09.767 I/LorieNative(16758): DamageTraceV2: PutImage count=131712 drawableType=WINDOW screenPixmap=0 drawable=0xb400007cd98d66b0 geom=2898x1848 box=0,1562-2898,1584 backend=other fn=0x7bd5f2ee24 fn_offset=0x30de24 fbase=0x7bd5c21000 sym=unknown so=/data/app/~~iNwcSjv3C2CZCLwcLxpEtA==/com.termux.x11-1tus8NhfW98goVF914TrYw==/base.apk!/lib/arm64-v8a/libXlorie.so
04-17 08:30:09.849 I/LorieNative(16758): DamageTraceV2: PutImage count=131776 drawableType=WINDOW screenPixmap=0 drawable=0xb400007cd98d66b0 geom=2898x1848 box=0,1122-2898,1144 backend=other fn=0x7bd5f2ee24 fn_offset=0x30de24 fbase=0x7bd5c21000 sym=unknown so=/data/app/~~iNwcSjv3C2CZCLwcLxpEtA==/com.termux.x11-1tus8NhfW98goVF914TrYw==/base.apk!/lib/arm64-v8a/libXlorie.so
04-17 08:30:09.931 I/LorieNative(16758): ExaTrace: putImage accel count=133888 drawableType=0 drawableId=0x600037 geom=2898x1848 size=2912x22 format=2 depth=24
04-17 08:30:09.937 I/LorieNative(16758): DamageTraceV2: PutImage count=131840 drawableType=WINDOW screenPixmap=0 drawable=0xb400007cd98d66b0 geom=2898x1848 box=0,682-2898,704 backend=other fn=0x7bd5f2ee24 fn_offset=0x30de24 fbase=0x7bd5c21000 sym=unknown so=/data/app/~~iNwcSjv3C2CZCLwcLxpEtA==/com.termux.x11-1tus8NhfW98goVF914TrYw==/base.apk!/lib/arm64-v8a/libXlorie.so
04-17 08:30:10.019 I/LorieNative(16758): DamageTraceV2: PutImage count=131904 drawableType=WINDOW screenPixmap=0 drawable=0xb400007cd98d66b0 geom=2898x1848 box=0,242-2898,264 backend=other fn=0x7bd5f2ee24 fn_offset=0x30de24 fbase=0x7bd5c21000 sym=unknown so=/data/app/~~iNwcSjv3C2CZCLwcLxpEtA==/com.termux.x11-1tus8NhfW98goVF914TrYw==/base.apk!/lib/arm64-v8a/libXlorie.so
04-17 08:30:10.042 I/LorieNative(16758): ExaTrace: putImage accel count=134016 drawableType=0 drawableId=0x600037 geom=2898x1848 size=2912x22 format=2 depth=24
04-17 08:30:10.048 I/LorieNative(16758): DamageTraceV2: PutImage count=131968 drawableType=WINDOW screenPixmap=0 drawable=0xb400007cd98d66b0 geom=2898x1848 box=0,1650-2898,1672 backend=other fn=0x7bd5f2ee24 fn_offset=0x30de24 fbase=0x7bd5c21000 sym=unknown so=/data/app/~~iNwcSjv3C2CZCLwcLxpEtA==/com.termux.x11-1tus8NhfW98goVF914TrYw==/base.apk!/lib/arm64-v8a/libXlorie.so
04-17 08:30:10.115 I/LorieNative(16758): DamageTraceV2: PutImage count=132032 drawableType=WINDOW screenPixmap=0 drawable=0xb400007cd98d66b0 geom=2898x1848 box=0,1210-2898,1232 backend=other fn=0x7bd5f2ee24 fn_offset=0x30de24 fbase=0x7bd5c21000 sym=unknown so=/data/app/~~iNwcSjv3C2CZCLwcLxpEtA==/com.termux.x11-1tus8NhfW98goVF914TrYw==/base.apk!/lib/arm64-v8a/libXlorie.so
04-17 08:30:10.175 I/LorieNative(16758): ExaTrace: putImage accel count=134144 drawableType=0 drawableId=0x600037 geom=2898x1848 size=2912x22 format=2 depth=24
04-17 08:30:10.178 I/LorieNative(16758): DamageTraceV2: PutImage count=132096 drawableType=WINDOW screenPixmap=0 drawable=0xb400007cd98d66b0 geom=2898x1848 box=0,770-2898,792 backend=other fn=0x7bd5f2ee24 fn_offset=0x30de24 fbase=0x7bd5c21000 sym=unknown so=/data/app/~~iNwcSjv3C2CZCLwcLxpEtA==/com.termux.x11-1tus8NhfW98goVF914TrYw==/base.apk!/lib/arm64-v8a/libXlorie.so
04-17 08:30:10.248 I/LorieNative(16758): DamageTraceV2: PutImage count=132160 drawableType=WINDOW screenPixmap=0 drawable=0xb400007cd98d66b0 geom=2898x1848 box=0,330-2898,352 backend=other fn=0x7bd5f2ee24 fn_offset=0x30de24 fbase=0x7bd5c21000 sym=unknown so=/data/app/~~iNwcSjv3C2CZCLwcLxpEtA==/com.termux.x11-1tus8NhfW98goVF914TrYw==/base.apk!/lib/arm64-v8a/libXlorie.so
04-17 08:30:10.263 I/LorieNative(16758): ExaTrace: putImage accel count=134272 drawableType=0 drawableId=0x600037 geom=2898x1848 size=2912x22 format=2 depth=24
04-17 08:30:10.266 I/LorieNative(16758): DamageTraceV2: PutImage count=132224 drawableType=WINDOW screenPixmap=0 drawable=0xb400007cd98d66b0 geom=2898x1848 box=0,1738-2898,1760 backend=other fn=0x7bd5f2ee24 fn_offset=0x30de24 fbase=0x7bd5c21000 sym=unknown so=/data/app/~~iNwcSjv3C2CZCLwcLxpEtA==/com.termux.x11-1tus8NhfW98goVF914TrYw==/base.apk!/lib/arm64-v8a/libXlorie.so
04-17 08:30:10.348 I/LorieNative(16758): DamageTraceV2: PutImage count=132288 drawableType=WINDOW screenPixmap=0 drawable=0xb400007cd98d66b0 geom=2898x1848 box=0,1298-2898,1320 backend=other fn=0x7bd5f2ee24 fn_offset=0x30de24 fbase=0x7bd5c21000 sym=unknown so=/data/app/~~iNwcSjv3C2CZCLwcLxpEtA==/com.termux.x11-1tus8NhfW98goVF914TrYw==/base.apk!/lib/arm64-v8a/libXlorie.so
04-17 08:30:10.422 I/LorieNative(16758): ExaTrace: putImage accel count=134400 drawableType=0 drawableId=0x600037 geom=2898x1848 size=2912x22 format=2 depth=24
04-17 08:30:10.426 I/LorieNative(16758): DamageTraceV2: PutImage count=132352 drawableType=WINDOW screenPixmap=0 drawable=0xb400007cd98d66b0 geom=2898x1848 box=0,858-2898,880 backend=other fn=0x7bd5f2ee24 fn_offset=0x30de24 fbase=0x7bd5c21000 sym=unknown so=/data/app/~~iNwcSjv3C2CZCLwcLxpEtA==/com.termux.x11-1tus8NhfW98goVF914TrYw==/base.apk!/lib/arm64-v8a/libXlorie.so
04-17 08:30:10.502 I/LorieNative(16758): DamageTraceV2: PutImage count=132416 drawableType=WINDOW screenPixmap=0 drawable=0xb400007cd98d66b0 geom=2898x1848 box=0,418-2898,440 backend=other fn=0x7bd5f2ee24 fn_offset=0x30de24 fbase=0x7bd5c21000 sym=unknown so=/data/app/~~iNwcSjv3C2CZCLwcLxpEtA==/com.termux.x11-1tus8NhfW98goVF914TrYw==/base.apk!/lib/arm64-v8a/libXlorie.so
04-17 08:30:10.511 I/LorieNative(16758): ExaTrace: putImage accel count=134528 drawableType=0 drawableId=0x600037 geom=2898x1848 size=2912x22 format=2 depth=24
04-17 08:30:10.513 I/LorieNative(16758): DamageTraceV2: PutImage count=132480 drawableType=WINDOW screenPixmap=0 drawable=0xb400007cd98d66b0 geom=2898x1848 box=0,1826-2898,1848 backend=other fn=0x7bd5f2ee24 fn_offset=0x30de24 fbase=0x7bd5c21000 sym=unknown so=/data/app/~~iNwcSjv3C2CZCLwcLxpEtA==/com.termux.x11-1tus8NhfW98goVF914TrYw==/base.apk!/lib/arm64-v8a/libXlorie.so
04-17 08:30:10.581 I/LorieNative(16758): choreographer callbacks in 5.0 seconds = 120.2 FPS
04-17 08:30:10.581 I/LorieNative(16758): redraw wakeups in 5.0 seconds = 120.2 FPS
04-17 08:30:10.582 I/LorieNative(16758): damage-triggered redraws in 5.0 seconds = 27.0 FPS
04-17 08:30:10.582 I/LorieNative(16758): AhbLockTrace: sticky=0 lock_calls=135 unlock_calls=135 sticky_hits=5009 flush_skipped=0 in 5.0s
04-17 08:30:10.582 I/LorieNative(16758): present flip attempts in 5.0 seconds = 0.0 FPS (accepted 0.0, rejected 0.0)
04-17 08:30:10.582 I/LorieNative(16758): present after-flips in 5.0 seconds = 0.0 FPS
04-17 08:30:10.582 I/LorieNative(16758): 133 frames in 5.0 seconds = 26.6 FPS
04-17 08:30:10.584 I/LorieNative(16758): DamageTraceV2: PutImage count=132544 drawableType=WINDOW screenPixmap=0 drawable=0xb400007cd98d66b0 geom=2898x1848 box=0,1386-2898,1408 backend=other fn=0x7bd5f2ee24 fn_offset=0x30de24 fbase=0x7bd5c21000 sym=unknown so=/data/app/~~iNwcSjv3C2CZCLwcLxpEtA==/com.termux.x11-1tus8NhfW98goVF914TrYw==/base.apk!/lib/arm64-v8a/libXlorie.so
04-17 08:30:10.657 I/LorieNative(16758): ExaTrace: putImage accel count=134656 drawableType=0 drawableId=0x600037 geom=2898x1848 size=2912x22 format=2 depth=24
04-17 08:30:10.666 I/LorieNative(16758): DamageTraceV2: PutImage count=132608 drawableType=WINDOW screenPixmap=0 drawable=0xb400007cd98d66b0 geom=2898x1848 box=0,946-2898,968 backend=other fn=0x7bd5f2ee24 fn_offset=0x30de24 fbase=0x7bd5c21000 sym=unknown so=/data/app/~~iNwcSjv3C2CZCLwcLxpEtA==/com.termux.x11-1tus8NhfW98goVF914TrYw==/base.apk!/lib/arm64-v8a/libXlorie.so
04-17 08:30:10.747 I/LorieNative(16758): DamageTraceV2: PutImage count=132672 drawableType=WINDOW screenPixmap=0 drawable=0xb400007cd98d66b0 geom=2898x1848 box=0,506-2898,528 backend=other fn=0x7bd5f2ee24 fn_offset=0x30de24 fbase=0x7bd5c21000 sym=unknown so=/data/app/~~iNwcSjv3C2CZCLwcLxpEtA==/com.termux.x11-1tus8NhfW98goVF914TrYw==/base.apk!/lib/arm64-v8a/libXlorie.so
04-17 08:30:10.760 I/LorieNative(16758): ExaTrace: putImage accel count=134784 drawableType=0 drawableId=0x600037 geom=2898x1848 size=2912x22 format=2 depth=24
04-17 08:30:10.819 I/LorieNative(16758): DamageTraceV2: PutImage count=132736 drawableType=WINDOW screenPixmap=0 drawable=0xb400007cd98d66b0 geom=2898x1848 box=0,66-2898,88 backend=other fn=0x7bd5f2ee24 fn_offset=0x30de24 fbase=0x7bd5c21000 sym=unknown so=/data/app/~~iNwcSjv3C2CZCLwcLxpEtA==/com.termux.x11-1tus8NhfW98goVF914TrYw==/base.apk!/lib/arm64-v8a/libXlorie.so
04-17 08:30:10.838 I/LorieNative(16758): DamageTraceV2: PutImage count=132800 drawableType=WINDOW screenPixmap=0 drawable=0xb400007cd98d66b0 geom=2898x1848 box=0,1474-2898,1496 backend=other fn=0x7bd5f2ee24 fn_offset=0x30de24 fbase=0x7bd5c21000 sym=unknown so=/data/app/~~iNwcSjv3C2CZCLwcLxpEtA==/com.termux.x11-1tus8NhfW98goVF914TrYw==/base.apk!/lib/arm64-v8a/libXlorie.so
04-17 08:30:10.899 I/LorieNative(16758): ExaTrace: putImage accel count=134912 drawableType=0 drawableId=0x600037 geom=2898x1848 size=2912x22 format=2 depth=24
04-17 08:30:10.902 I/LorieNative(16758): DamageTraceV2: PutImage count=132864 drawableType=WINDOW screenPixmap=0 drawable=0xb400007cd98d66b0 geom=2898x1848 box=0,1034-2898,1056 backend=other fn=0x7bd5f2ee24 fn_offset=0x30de24 fbase=0x7bd5c21000 sym=unknown so=/data/app/~~iNwcSjv3C2CZCLwcLxpEtA==/com.termux.x11-1tus8NhfW98goVF914TrYw==/base.apk!/lib/arm64-v8a/libXlorie.so
04-17 08:30:10.965 I/LorieNative(16758): DamageTraceV2: PutImage count=132928 drawableType=WINDOW screenPixmap=0 drawable=0xb400007cd98d66b0 geom=2898x1848 box=0,594-2898,616 backend=other fn=0x7bd5f2ee24 fn_offset=0x30de24 fbase=0x7bd5c21000 sym=unknown so=/data/app/~~iNwcSjv3C2CZCLwcLxpEtA==/com.termux.x11-1tus8NhfW98goVF914TrYw==/base.apk!/lib/arm64-v8a/libXlorie.so
04-17 08:30:10.981 I/LorieNative(16758): ExaTrace: putImage accel count=135040 drawableType=0 drawableId=0x600037 geom=2898x1848 size=2912x22 format=2 depth=24
04-17 08:30:11.048 I/LorieNative(16758): DamageTraceV2: PutImage count=132992 drawableType=WINDOW screenPixmap=0 drawable=0xb400007cd98d66b0 geom=2898x1848 box=0,154-2898,176 backend=other fn=0x7bd5f2ee24 fn_offset=0x30de24 fbase=0x7bd5c21000 sym=unknown so=/data/app/~~iNwcSjv3C2CZCLwcLxpEtA==/com.termux.x11-1tus8NhfW98goVF914TrYw==/base.apk!/lib/arm64-v8a/libXlorie.so
04-17 08:30:11.072 I/LorieNative(16758): DamageTraceV2: PutImage count=133056 drawableType=WINDOW screenPixmap=0 drawable=0xb400007cd98d66b0 geom=2898x1848 box=0,1562-2898,1584 backend=other fn=0x7bd5f2ee24 fn_offset=0x30de24 fbase=0x7bd5c21000 sym=unknown so=/data/app/~~iNwcSjv3C2CZCLwcLxpEtA==/com.termux.x11-1tus8NhfW98goVF914TrYw==/base.apk!/lib/arm64-v8a/libXlorie.so
04-17 08:30:11.155 I/LorieNative(16758): ExaTrace: putImage accel count=135168 drawableType=0 drawableId=0x600037 geom=2898x1848 size=2912x22 format=2 depth=24
04-17 08:30:11.159 I/LorieNative(16758): DamageTraceV2: PutImage count=133120 drawableType=WINDOW screenPixmap=0 drawable=0xb400007cd98d66b0 geom=2898x1848 box=0,1122-2898,1144 backend=other fn=0x7bd5f2ee24 fn_offset=0x30de24 fbase=0x7bd5c21000 sym=unknown so=/data/app/~~iNwcSjv3C2CZCLwcLxpEtA==/com.termux.x11-1tus8NhfW98goVF914TrYw==/base.apk!/lib/arm64-v8a/libXlorie.so
04-17 08:30:11.227 I/LorieNative(16758): DamageTraceV2: PutImage count=133184 drawableType=WINDOW screenPixmap=0 drawable=0xb400007cd98d66b0 geom=2898x1848 box=0,682-2898,704 backend=other fn=0x7bd5f2ee24 fn_offset=0x30de24 fbase=0x7bd5c21000 sym=unknown so=/data/app/~~iNwcSjv3C2CZCLwcLxpEtA==/com.termux.x11-1tus8NhfW98goVF914TrYw==/base.apk!/lib/arm64-v8a/libXlorie.so
04-17 08:30:11.240 I/LorieNative(16758): ExaTrace: putImage accel count=135296 drawableType=0 drawableId=0x600037 geom=2898x1848 size=2912x22 format=2 depth=24
04-17 08:30:11.294 I/LorieNative(16758): DamageTraceV2: PutImage count=133248 drawableType=WINDOW screenPixmap=0 drawable=0xb400007cd98d66b0 geom=2898x1848 box=0,242-2898,264 backend=other fn=0x7bd5f2ee24 fn_offset=0x30de24 fbase=0x7bd5c21000 sym=unknown so=/data/app/~~iNwcSjv3C2CZCLwcLxpEtA==/com.termux.x11-1tus8NhfW98goVF914TrYw==/base.apk!/lib/arm64-v8a/libXlorie.so
04-17 08:30:11.312 I/LorieNative(16758): DamageTraceV2: PutImage count=133312 drawableType=WINDOW screenPixmap=0 drawable=0xb400007cd98d66b0 geom=2898x1848 box=0,1650-2898,1672 backend=other fn=0x7bd5f2ee24 fn_offset=0x30de24 fbase=0x7bd5c21000 sym=unknown so=/data/app/~~iNwcSjv3C2CZCLwcLxpEtA==/com.termux.x11-1tus8NhfW98goVF914TrYw==/base.apk!/lib/arm64-v8a/libXlorie.so
04-17 08:30:11.377 I/LorieNative(16758): ExaTrace: putImage accel count=135424 drawableType=0 drawableId=0x600037 geom=2898x1848 size=2912x22 format=2 depth=24
04-17 08:30:11.381 I/LorieNative(16758): DamageTraceV2: PutImage count=133376 drawableType=WINDOW screenPixmap=0 drawable=0xb400007cd98d66b0 geom=2898x1848 box=0,1210-2898,1232 backend=other fn=0x7bd5f2ee24 fn_offset=0x30de24 fbase=0x7bd5c21000 sym=unknown so=/data/app/~~iNwcSjv3C2CZCLwcLxpEtA==/com.termux.x11-1tus8NhfW98goVF914TrYw==/base.apk!/lib/arm64-v8a/libXlorie.so
04-17 08:30:11.447 I/LorieNative(16758): DamageTraceV2: PutImage count=133440 drawableType=WINDOW screenPixmap=0 drawable=0xb400007cd98d66b0 geom=2898x1848 box=0,770-2898,792 backend=other fn=0x7bd5f2ee24 fn_offset=0x30de24 fbase=0x7bd5c21000 sym=unknown so=/data/app/~~iNwcSjv3C2CZCLwcLxpEtA==/com.termux.x11-1tus8NhfW98goVF914TrYw==/base.apk!/lib/arm64-v8a/libXlorie.so
04-17 08:30:11.516 I/LorieNative(16758): ExaTrace: putImage accel count=135552 drawableType=0 drawableId=0x600037 geom=2898x1848 size=2912x22 format=2 depth=24
04-17 08:30:11.525 I/LorieNative(16758): DamageTraceV2: PutImage count=133504 drawableType=WINDOW screenPixmap=0 drawable=0xb400007cd98d66b0 geom=2898x1848 box=0,330-2898,352 backend=other fn=0x7bd5f2ee24 fn_offset=0x30de24 fbase=0x7bd5c21000 sym=unknown so=/data/app/~~iNwcSjv3C2CZCLwcLxpEtA==/com.termux.x11-1tus8NhfW98goVF914TrYw==/base.apk!/lib/arm64-v8a/libXlorie.so
04-17 08:30:11.542 I/LorieNative(16758): DamageTraceV2: PutImage count=133568 drawableType=WINDOW screenPixmap=0 drawable=0xb400007cd98d66b0 geom=2898x1848 box=0,1738-2898,1760 backend=other fn=0x7bd5f2ee24 fn_offset=0x30de24 fbase=0x7bd5c21000 sym=unknown so=/data/app/~~iNwcSjv3C2CZCLwcLxpEtA==/com.termux.x11-1tus8NhfW98goVF914TrYw==/base.apk!/lib/arm64-v8a/libXlorie.so
04-17 08:30:11.606 I/LorieNative(16758): ExaTrace: putImage accel count=135680 drawableType=0 drawableId=0x600037 geom=2898x1848 size=2912x22 format=2 depth=24
04-17 08:30:11.609 I/LorieNative(16758): DamageTraceV2: PutImage count=133632 drawableType=WINDOW screenPixmap=0 drawable=0xb400007cd98d66b0 geom=2898x1848 box=0,1298-2898,1320 backend=other fn=0x7bd5f2ee24 fn_offset=0x30de24 fbase=0x7bd5c21000 sym=unknown so=/data/app/~~iNwcSjv3C2CZCLwcLxpEtA==/com.termux.x11-1tus8NhfW98goVF914TrYw==/base.apk!/lib/arm64-v8a/libXlorie.so
04-17 08:30:11.674 I/LorieNative(16758): DamageTraceV2: PutImage count=133696 drawableType=WINDOW screenPixmap=0 drawable=0xb400007cd98d66b0 geom=2898x1848 box=0,858-2898,880 backend=other fn=0x7bd5f2ee24 fn_offset=0x30de24 fbase=0x7bd5c21000 sym=unknown so=/data/app/~~iNwcSjv3C2CZCLwcLxpEtA==/com.termux.x11-1tus8NhfW98goVF914TrYw==/base.apk!/lib/arm64-v8a/libXlorie.so
04-17 08:30:11.749 I/LorieNative(16758): ExaTrace: putImage accel count=135808 drawableType=0 drawableId=0x600037 geom=2898x1848 size=2912x22 format=2 depth=24
04-17 08:30:11.752 I/LorieNative(16758): DamageTraceV2: PutImage count=133760 drawableType=WINDOW screenPixmap=0 drawable=0xb400007cd98d66b0 geom=2898x1848 box=0,418-2898,440 backend=other fn=0x7bd5f2ee24 fn_offset=0x30de24 fbase=0x7bd5c21000 sym=unknown so=/data/app/~~iNwcSjv3C2CZCLwcLxpEtA==/com.termux.x11-1tus8NhfW98goVF914TrYw==/base.apk!/lib/arm64-v8a/libXlorie.so
04-17 08:30:11.766 I/LorieNative(16758): DamageTraceV2: PutImage count=133824 drawableType=WINDOW screenPixmap=0 drawable=0xb400007cd98d66b0 geom=2898x1848 box=0,1826-2898,1848 backend=other fn=0x7bd5f2ee24 fn_offset=0x30de24 fbase=0x7bd5c21000 sym=unknown so=/data/app/~~iNwcSjv3C2CZCLwcLxpEtA==/com.termux.x11-1tus8NhfW98goVF914TrYw==/base.apk!/lib/arm64-v8a/libXlorie.so
04-17 08:30:11.867 I/LorieNative(16758): ExaTrace: putImage accel count=135936 drawableType=0 drawableId=0x600037 geom=2898x1848 size=2912x22 format=2 depth=24
04-17 08:30:11.870 I/LorieNative(16758): DamageTraceV2: PutImage count=133888 drawableType=WINDOW screenPixmap=0 drawable=0xb400007cd98d66b0 geom=2898x1848 box=0,1386-2898,1408 backend=other fn=0x7bd5f2ee24 fn_offset=0x30de24 fbase=0x7bd5c21000 sym=unknown so=/data/app/~~iNwcSjv3C2CZCLwcLxpEtA==/com.termux.x11-1tus8NhfW98goVF914TrYw==/base.apk!/lib/arm64-v8a/libXlorie.so
04-17 08:30:11.944 I/LorieNative(16758): DamageTraceV2: PutImage count=133952 drawableType=WINDOW screenPixmap=0 drawable=0xb400007cd98d66b0 geom=2898x1848 box=0,946-2898,968 backend=other fn=0x7bd5f2ee24 fn_offset=0x30de24 fbase=0x7bd5c21000 sym=unknown so=/data/app/~~iNwcSjv3C2CZCLwcLxpEtA==/com.termux.x11-1tus8NhfW98goVF914TrYw==/base.apk!/lib/arm64-v8a/libXlorie.so
04-17 08:30:12.017 I/LorieNative(16758): ExaTrace: putImage accel count=136064 drawableType=0 drawableId=0x600037 geom=2898x1848 size=2912x22 format=2 depth=24
04-17 08:30:12.024 I/LorieNative(16758): DamageTraceV2: PutImage count=134016 drawableType=WINDOW screenPixmap=0 drawable=0xb400007cd98d66b0 geom=2898x1848 box=0,506-2898,528 backend=other fn=0x7bd5f2ee24 fn_offset=0x30de24 fbase=0x7bd5c21000 sym=unknown so=/data/app/~~iNwcSjv3C2CZCLwcLxpEtA==/com.termux.x11-1tus8NhfW98goVF914TrYw==/base.apk!/lib/arm64-v8a/libXlorie.so
04-17 08:30:12.092 I/LorieNative(16758): DamageTraceV2: PutImage count=134080 drawableType=WINDOW screenPixmap=0 drawable=0xb400007cd98d66b0 geom=2898x1848 box=0,66-2898,88 backend=other fn=0x7bd5f2ee24 fn_offset=0x30de24 fbase=0x7bd5c21000 sym=unknown so=/data/app/~~iNwcSjv3C2CZCLwcLxpEtA==/com.termux.x11-1tus8NhfW98goVF914TrYw==/base.apk!/lib/arm64-v8a/libXlorie.so
04-17 08:30:12.107 I/LorieNative(16758): ExaTrace: putImage accel count=136192 drawableType=0 drawableId=0x600037 geom=2898x1848 size=2912x22 format=2 depth=24
04-17 08:30:12.110 I/LorieNative(16758): DamageTraceV2: PutImage count=134144 drawableType=WINDOW screenPixmap=0 drawable=0xb400007cd98d66b0 geom=2898x1848 box=0,1474-2898,1496 backend=other fn=0x7bd5f2ee24 fn_offset=0x30de24 fbase=0x7bd5c21000 sym=unknown so=/data/app/~~iNwcSjv3C2CZCLwcLxpEtA==/com.termux.x11-1tus8NhfW98goVF914TrYw==/base.apk!/lib/arm64-v8a/libXlorie.so
04-17 08:30:12.179 I/LorieNative(16758): DamageTraceV2: PutImage count=134208 drawableType=WINDOW screenPixmap=0 drawable=0xb400007cd98d66b0 geom=2898x1848 box=0,1034-2898,1056 backend=other fn=0x7bd5f2ee24 fn_offset=0x30de24 fbase=0x7bd5c21000 sym=unknown so=/data/app/~~iNwcSjv3C2CZCLwcLxpEtA==/com.termux.x11-1tus8NhfW98goVF914TrYw==/base.apk!/lib/arm64-v8a/libXlorie.so
04-17 08:30:12.242 I/LorieNative(16758): ExaTrace: putImage accel count=136320 drawableType=0 drawableId=0x600037 geom=2898x1848 size=2912x22 format=2 depth=24
04-17 08:30:12.245 I/LorieNative(16758): DamageTraceV2: PutImage count=134272 drawableType=WINDOW screenPixmap=0 drawable=0xb400007cd98d66b0 geom=2898x1848 box=0,594-2898,616 backend=other fn=0x7bd5f2ee24 fn_offset=0x30de24 fbase=0x7bd5c21000 sym=unknown so=/data/app/~~iNwcSjv3C2CZCLwcLxpEtA==/com.termux.x11-1tus8NhfW98goVF914TrYw==/base.apk!/lib/arm64-v8a/libXlorie.so
04-17 08:30:12.307 I/LorieNative(16758): DamageTraceV2: PutImage count=134336 drawableType=WINDOW screenPixmap=0 drawable=0xb400007cd98d66b0 geom=2898x1848 box=0,154-2898,176 backend=other fn=0x7bd5f2ee24 fn_offset=0x30de24 fbase=0x7bd5c21000 sym=unknown so=/data/app/~~iNwcSjv3C2CZCLwcLxpEtA==/com.termux.x11-1tus8NhfW98goVF914TrYw==/base.apk!/lib/arm64-v8a/libXlorie.so
04-17 08:30:12.315 I/LorieNative(16758): ExaTrace: putImage accel count=136448 drawableType=0 drawableId=0x600037 geom=2898x1848 size=2912x22 format=2 depth=24
04-17 08:30:12.317 I/LorieNative(16758): DamageTraceV2: PutImage count=134400 drawableType=WINDOW screenPixmap=0 drawable=0xb400007cd98d66b0 geom=2898x1848 box=0,1562-2898,1584 backend=other fn=0x7bd5f2ee24 fn_offset=0x30de24 fbase=0x7bd5c21000 sym=unknown so=/data/app/~~iNwcSjv3C2CZCLwcLxpEtA==/com.termux.x11-1tus8NhfW98goVF914TrYw==/base.apk!/lib/arm64-v8a/libXlorie.so
04-17 08:30:12.368 I/LorieNative(16758): DamageTraceV2: PutImage count=134464 drawableType=WINDOW screenPixmap=0 drawable=0xb400007cd98d66b0 geom=2898x1848 box=0,1122-2898,1144 backend=other fn=0x7bd5f2ee24 fn_offset=0x30de24 fbase=0x7bd5c21000 sym=unknown so=/data/app/~~iNwcSjv3C2CZCLwcLxpEtA==/com.termux.x11-1tus8NhfW98goVF914TrYw==/base.apk!/lib/arm64-v8a/libXlorie.so
04-17 08:30:12.428 I/LorieNative(16758): ExaTrace: putImage accel count=136576 drawableType=0 drawableId=0x600037 geom=2898x1848 size=2912x22 format=2 depth=24
04-17 08:30:12.432 I/LorieNative(16758): DamageTraceV2: PutImage count=134528 drawableType=WINDOW screenPixmap=0 drawable=0xb400007cd98d66b0 geom=2898x1848 box=0,682-2898,704 backend=other fn=0x7bd5f2ee24 fn_offset=0x30de24 fbase=0x7bd5c21000 sym=unknown so=/data/app/~~iNwcSjv3C2CZCLwcLxpEtA==/com.termux.x11-1tus8NhfW98goVF914TrYw==/base.apk!/lib/arm64-v8a/libXlorie.so
04-17 08:30:12.513 I/LorieNative(16758): DamageTraceV2: PutImage count=134592 drawableType=WINDOW screenPixmap=0 drawable=0xb400007cd98d66b0 geom=2898x1848 box=0,242-2898,264 backend=other fn=0x7bd5f2ee24 fn_offset=0x30de24 fbase=0x7bd5c21000 sym=unknown so=/data/app/~~iNwcSjv3C2CZCLwcLxpEtA==/com.termux.x11-1tus8NhfW98goVF914TrYw==/base.apk!/lib/arm64-v8a/libXlorie.so
04-17 08:30:12.528 I/LorieNative(16758): ExaTrace: putImage accel count=136704 drawableType=0 drawableId=0x600037 geom=2898x1848 size=2912x22 format=2 depth=24
04-17 08:30:12.530 I/LorieNative(16758): DamageTraceV2: PutImage count=134656 drawableType=WINDOW screenPixmap=0 drawable=0xb400007cd98d66b0 geom=2898x1848 box=0,1650-2898,1672 backend=other fn=0x7bd5f2ee24 fn_offset=0x30de24 fbase=0x7bd5c21000 sym=unknown so=/data/app/~~iNwcSjv3C2CZCLwcLxpEtA==/com.termux.x11-1tus8NhfW98goVF914TrYw==/base.apk!/lib/arm64-v8a/libXlorie.so
04-17 08:30:12.622 I/LorieNative(16758): DamageTraceV2: PutImage count=134720 drawableType=WINDOW screenPixmap=0 drawable=0xb400007cd98d66b0 geom=2898x1848 box=0,1210-2898,1232 backend=other fn=0x7bd5f2ee24 fn_offset=0x30de24 fbase=0x7bd5c21000 sym=unknown so=/data/app/~~iNwcSjv3C2CZCLwcLxpEtA==/com.termux.x11-1tus8NhfW98goVF914TrYw==/base.apk!/lib/arm64-v8a/libXlorie.so
04-17 08:30:12.725 I/LorieNative(16758): ExaTrace: putImage accel count=136832 drawableType=0 drawableId=0x600037 geom=2898x1848 size=2912x22 format=2 depth=24
04-17 08:30:12.734 I/LorieNative(16758): DamageTraceV2: PutImage count=134784 drawableType=WINDOW screenPixmap=0 drawable=0xb400007cd98d66b0 geom=2898x1848 box=0,770-2898,792 backend=other fn=0x7bd5f2ee24 fn_offset=0x30de24 fbase=0x7bd5c21000 sym=unknown so=/data/app/~~iNwcSjv3C2CZCLwcLxpEtA==/com.termux.x11-1tus8NhfW98goVF914TrYw==/base.apk!/lib/arm64-v8a/libXlorie.so
04-17 08:30:12.824 I/LorieNative(16758): DamageTraceV2: PutImage count=134848 drawableType=WINDOW screenPixmap=0 drawable=0xb400007cd98d66b0 geom=2898x1848 box=0,330-2898,352 backend=other fn=0x7bd5f2ee24 fn_offset=0x30de24 fbase=0x7bd5c21000 sym=unknown so=/data/app/~~iNwcSjv3C2CZCLwcLxpEtA==/com.termux.x11-1tus8NhfW98goVF914TrYw==/base.apk!/lib/arm64-v8a/libXlorie.so
04-17 08:30:12.839 I/LorieNative(16758): ExaTrace: putImage accel count=136960 drawableType=0 drawableId=0x600037 geom=2898x1848 size=2912x22 format=2 depth=24
04-17 08:30:12.842 I/LorieNative(16758): DamageTraceV2: PutImage count=134912 drawableType=WINDOW screenPixmap=0 drawable=0xb400007cd98d66b0 geom=2898x1848 box=0,1738-2898,1760 backend=other fn=0x7bd5f2ee24 fn_offset=0x30de24 fbase=0x7bd5c21000 sym=unknown so=/data/app/~~iNwcSjv3C2CZCLwcLxpEtA==/com.termux.x11-1tus8NhfW98goVF914TrYw==/base.apk!/lib/arm64-v8a/libXlorie.so
04-17 08:30:12.932 I/LorieNative(16758): DamageTraceV2: PutImage count=134976 drawableType=WINDOW screenPixmap=0 drawable=0xb400007cd98d66b0 geom=2898x1848 box=0,1298-2898,1320 backend=other fn=0x7bd5f2ee24 fn_offset=0x30de24 fbase=0x7bd5c21000 sym=unknown so=/data/app/~~iNwcSjv3C2CZCLwcLxpEtA==/com.termux.x11-1tus8NhfW98goVF914TrYw==/base.apk!/lib/arm64-v8a/libXlorie.so
04-17 08:30:13.022 I/LorieNative(16758): ExaTrace: putImage accel count=137088 drawableType=0 drawableId=0x600037 geom=2898x1848 size=2912x22 format=2 depth=24
04-17 08:30:13.026 I/LorieNative(16758): DamageTraceV2: PutImage count=135040 drawableType=WINDOW screenPixmap=0 drawable=0xb400007cd98d66b0 geom=2898x1848 box=0,858-2898,880 backend=other fn=0x7bd5f2ee24 fn_offset=0x30de24 fbase=0x7bd5c21000 sym=unknown so=/data/app/~~iNwcSjv3C2CZCLwcLxpEtA==/com.termux.x11-1tus8NhfW98goVF914TrYw==/base.apk!/lib/arm64-v8a/libXlorie.so
04-17 08:30:13.111 I/LorieNative(16758): DamageTraceV2: PutImage count=135104 drawableType=WINDOW screenPixmap=0 drawable=0xb400007cd98d66b0 geom=2898x1848 box=0,418-2898,440 backend=other fn=0x7bd5f2ee24 fn_offset=0x30de24 fbase=0x7bd5c21000 sym=unknown so=/data/app/~~iNwcSjv3C2CZCLwcLxpEtA==/com.termux.x11-1tus8NhfW98goVF914TrYw==/base.apk!/lib/arm64-v8a/libXlorie.so
04-17 08:30:13.127 I/LorieNative(16758): ExaTrace: putImage accel count=137216 drawableType=0 drawableId=0x600037 geom=2898x1848 size=2912x22 format=2 depth=24
04-17 08:30:13.132 I/LorieNative(16758): DamageTraceV2: PutImage count=135168 drawableType=WINDOW screenPixmap=0 drawable=0xb400007cd98d66b0 geom=2898x1848 box=0,1826-2898,1848 backend=other fn=0x7bd5f2ee24 fn_offset=0x30de24 fbase=0x7bd5c21000 sym=unknown so=/data/app/~~iNwcSjv3C2CZCLwcLxpEtA==/com.termux.x11-1tus8NhfW98goVF914TrYw==/base.apk!/lib/arm64-v8a/libXlorie.so
04-17 08:30:13.231 I/LorieNative(16758): DamageTraceV2: PutImage count=135232 drawableType=WINDOW screenPixmap=0 drawable=0xb400007cd98d66b0 geom=2898x1848 box=0,1386-2898,1408 backend=other fn=0x7bd5f2ee24 fn_offset=0x30de24 fbase=0x7bd5c21000 sym=unknown so=/data/app/~~iNwcSjv3C2CZCLwcLxpEtA==/com.termux.x11-1tus8NhfW98goVF914TrYw==/base.apk!/lib/arm64-v8a/libXlorie.so
04-17 08:30:13.296 I/LorieNative(16758): ExaTrace: putImage accel count=137344 drawableType=0 drawableId=0x600037 geom=2898x1848 size=2912x22 format=2 depth=24
04-17 08:30:13.299 I/LorieNative(16758): DamageTraceV2: PutImage count=135296 drawableType=WINDOW screenPixmap=0 drawable=0xb400007cd98d66b0 geom=2898x1848 box=0,946-2898,968 backend=other fn=0x7bd5f2ee24 fn_offset=0x30de24 fbase=0x7bd5c21000 sym=unknown so=/data/app/~~iNwcSjv3C2CZCLwcLxpEtA==/com.termux.x11-1tus8NhfW98goVF914TrYw==/base.apk!/lib/arm64-v8a/libXlorie.so
04-17 08:30:13.373 I/LorieNative(16758): DamageTraceV2: PutImage count=135360 drawableType=WINDOW screenPixmap=0 drawable=0xb400007cd98d66b0 geom=2898x1848 box=0,506-2898,528 backend=other fn=0x7bd5f2ee24 fn_offset=0x30de24 fbase=0x7bd5c21000 sym=unknown so=/data/app/~~iNwcSjv3C2CZCLwcLxpEtA==/com.termux.x11-1tus8NhfW98goVF914TrYw==/base.apk!/lib/arm64-v8a/libXlorie.so
04-17 08:30:13.389 I/LorieNative(16758): ExaTrace: putImage accel count=137472 drawableType=0 drawableId=0x600037 geom=2898x1848 size=2912x22 format=2 depth=24
04-17 08:30:13.453 I/LorieNative(16758): DamageTraceV2: PutImage count=135424 drawableType=WINDOW screenPixmap=0 drawable=0xb400007cd98d66b0 geom=2898x1848 box=0,66-2898,88 backend=other fn=0x7bd5f2ee24 fn_offset=0x30de24 fbase=0x7bd5c21000 sym=unknown so=/data/app/~~iNwcSjv3C2CZCLwcLxpEtA==/com.termux.x11-1tus8NhfW98goVF914TrYw==/base.apk!/lib/arm64-v8a/libXlorie.so
04-17 08:30:13.478 I/LorieNative(16758): DamageTraceV2: PutImage count=135488 drawableType=WINDOW screenPixmap=0 drawable=0xb400007cd98d66b0 geom=2898x1848 box=0,1474-2898,1496 backend=other fn=0x7bd5f2ee24 fn_offset=0x30de24 fbase=0x7bd5c21000 sym=unknown so=/data/app/~~iNwcSjv3C2CZCLwcLxpEtA==/com.termux.x11-1tus8NhfW98goVF914TrYw==/base.apk!/lib/arm64-v8a/libXlorie.so
04-17 08:30:13.556 I/LorieNative(16758): ExaTrace: putImage accel count=137600 drawableType=0 drawableId=0x600037 geom=2898x1848 size=2912x22 format=2 depth=24
04-17 08:30:13.559 I/LorieNative(16758): DamageTraceV2: PutImage count=135552 drawableType=WINDOW screenPixmap=0 drawable=0xb400007cd98d66b0 geom=2898x1848 box=0,1034-2898,1056 backend=other fn=0x7bd5f2ee24 fn_offset=0x30de24 fbase=0x7bd5c21000 sym=unknown so=/data/app/~~iNwcSjv3C2CZCLwcLxpEtA==/com.termux.x11-1tus8NhfW98goVF914TrYw==/base.apk!/lib/arm64-v8a/libXlorie.so
04-17 08:30:13.645 I/LorieNative(16758): DamageTraceV2: PutImage count=135616 drawableType=WINDOW screenPixmap=0 drawable=0xb400007cd98d66b0 geom=2898x1848 box=0,594-2898,616 backend=other fn=0x7bd5f2ee24 fn_offset=0x30de24 fbase=0x7bd5c21000 sym=unknown so=/data/app/~~iNwcSjv3C2CZCLwcLxpEtA==/com.termux.x11-1tus8NhfW98goVF914TrYw==/base.apk!/lib/arm64-v8a/libXlorie.so
04-17 08:30:13.660 I/LorieNative(16758): ExaTrace: putImage accel count=137728 drawableType=0 drawableId=0x600037 geom=2898x1848 size=2912x22 format=2 depth=24
04-17 08:30:13.719 I/LorieNative(16758): DamageTraceV2: PutImage count=135680 drawableType=WINDOW screenPixmap=0 drawable=0xb400007cd98d66b0 geom=2898x1848 box=0,154-2898,176 backend=other fn=0x7bd5f2ee24 fn_offset=0x30de24 fbase=0x7bd5c21000 sym=unknown so=/data/app/~~iNwcSjv3C2CZCLwcLxpEtA==/com.termux.x11-1tus8NhfW98goVF914TrYw==/base.apk!/lib/arm64-v8a/libXlorie.so
04-17 08:30:13.742 I/LorieNative(16758): DamageTraceV2: PutImage count=135744 drawableType=WINDOW screenPixmap=0 drawable=0xb400007cd98d66b0 geom=2898x1848 box=0,1562-2898,1584 backend=other fn=0x7bd5f2ee24 fn_offset=0x30de24 fbase=0x7bd5c21000 sym=unknown so=/data/app/~~iNwcSjv3C2CZCLwcLxpEtA==/com.termux.x11-1tus8NhfW98goVF914TrYw==/base.apk!/lib/arm64-v8a/libXlorie.so
04-17 08:30:13.817 I/LorieNative(16758): ExaTrace: putImage accel count=137856 drawableType=0 drawableId=0x600037 geom=2898x1848 size=2912x22 format=2 depth=24
04-17 08:30:13.820 I/LorieNative(16758): DamageTraceV2: PutImage count=135808 drawableType=WINDOW screenPixmap=0 drawable=0xb400007cd98d66b0 geom=2898x1848 box=0,1122-2898,1144 backend=other fn=0x7bd5f2ee24 fn_offset=0x30de24 fbase=0x7bd5c21000 sym=unknown so=/data/app/~~iNwcSjv3C2CZCLwcLxpEtA==/com.termux.x11-1tus8NhfW98goVF914TrYw==/base.apk!/lib/arm64-v8a/libXlorie.so
04-17 08:30:13.907 I/LorieNative(16758): DamageTraceV2: PutImage count=135872 drawableType=WINDOW screenPixmap=0 drawable=0xb400007cd98d66b0 geom=2898x1848 box=0,682-2898,704 backend=other fn=0x7bd5f2ee24 fn_offset=0x30de24 fbase=0x7bd5c21000 sym=unknown so=/data/app/~~iNwcSjv3C2CZCLwcLxpEtA==/com.termux.x11-1tus8NhfW98goVF914TrYw==/base.apk!/lib/arm64-v8a/libXlorie.so
04-17 08:30:13.921 I/LorieNative(16758): ExaTrace: putImage accel count=137984 drawableType=0 drawableId=0x600037 geom=2898x1848 size=2912x22 format=2 depth=24
04-17 08:30:13.988 I/LorieNative(16758): DamageTraceV2: PutImage count=135936 drawableType=WINDOW screenPixmap=0 drawable=0xb400007cd98d66b0 geom=2898x1848 box=0,242-2898,264 backend=other fn=0x7bd5f2ee24 fn_offset=0x30de24 fbase=0x7bd5c21000 sym=unknown so=/data/app/~~iNwcSjv3C2CZCLwcLxpEtA==/com.termux.x11-1tus8NhfW98goVF914TrYw==/base.apk!/lib/arm64-v8a/libXlorie.so
04-17 08:30:14.006 I/LorieNative(16758): DamageTraceV2: PutImage count=136000 drawableType=WINDOW screenPixmap=0 drawable=0xb400007cd98d66b0 geom=2898x1848 box=0,1650-2898,1672 backend=other fn=0x7bd5f2ee24 fn_offset=0x30de24 fbase=0x7bd5c21000 sym=unknown so=/data/app/~~iNwcSjv3C2CZCLwcLxpEtA==/com.termux.x11-1tus8NhfW98goVF914TrYw==/base.apk!/lib/arm64-v8a/libXlorie.so
04-17 08:30:14.078 I/LorieNative(16758): ExaTrace: putImage accel count=138112 drawableType=0 drawableId=0x600037 geom=2898x1848 size=2912x22 format=2 depth=24
04-17 08:30:14.083 I/LorieNative(16758): DamageTraceV2: PutImage count=136064 drawableType=WINDOW screenPixmap=0 drawable=0xb400007cd98d66b0 geom=2898x1848 box=0,1210-2898,1232 backend=other fn=0x7bd5f2ee24 fn_offset=0x30de24 fbase=0x7bd5c21000 sym=unknown so=/data/app/~~iNwcSjv3C2CZCLwcLxpEtA==/com.termux.x11-1tus8NhfW98goVF914TrYw==/base.apk!/lib/arm64-v8a/libXlorie.so
04-17 08:30:14.177 I/LorieNative(16758): DamageTraceV2: PutImage count=136128 drawableType=WINDOW screenPixmap=0 drawable=0xb400007cd98d66b0 geom=2898x1848 box=0,770-2898,792 backend=other fn=0x7bd5f2ee24 fn_offset=0x30de24 fbase=0x7bd5c21000 sym=unknown so=/data/app/~~iNwcSjv3C2CZCLwcLxpEtA==/com.termux.x11-1tus8NhfW98goVF914TrYw==/base.apk!/lib/arm64-v8a/libXlorie.so
04-17 08:30:14.248 I/LorieNative(16758): ExaTrace: putImage accel count=138240 drawableType=0 drawableId=0x600037 geom=2898x1848 size=2912x22 format=2 depth=24
04-17 08:30:14.255 I/LorieNative(16758): DamageTraceV2: PutImage count=136192 drawableType=WINDOW screenPixmap=0 drawable=0xb400007cd98d66b0 geom=2898x1848 box=0,330-2898,352 backend=other fn=0x7bd5f2ee24 fn_offset=0x30de24 fbase=0x7bd5c21000 sym=unknown so=/data/app/~~iNwcSjv3C2CZCLwcLxpEtA==/com.termux.x11-1tus8NhfW98goVF914TrYw==/base.apk!/lib/arm64-v8a/libXlorie.so
04-17 08:30:14.271 I/LorieNative(16758): DamageTraceV2: PutImage count=136256 drawableType=WINDOW screenPixmap=0 drawable=0xb400007cd98d66b0 geom=2898x1848 box=0,1738-2898,1760 backend=other fn=0x7bd5f2ee24 fn_offset=0x30de24 fbase=0x7bd5c21000 sym=unknown so=/data/app/~~iNwcSjv3C2CZCLwcLxpEtA==/com.termux.x11-1tus8NhfW98goVF914TrYw==/base.apk!/lib/arm64-v8a/libXlorie.so
04-17 08:30:14.334 I/LorieNative(16758): ExaTrace: putImage accel count=138368 drawableType=0 drawableId=0x600037 geom=2898x1848 size=2912x22 format=2 depth=24
04-17 08:30:14.336 I/LorieNative(16758): DamageTraceV2: PutImage count=136320 drawableType=WINDOW screenPixmap=0 drawable=0xb400007cd98d66b0 geom=2898x1848 box=0,1298-2898,1320 backend=other fn=0x7bd5f2ee24 fn_offset=0x30de24 fbase=0x7bd5c21000 sym=unknown so=/data/app/~~iNwcSjv3C2CZCLwcLxpEtA==/com.termux.x11-1tus8NhfW98goVF914TrYw==/base.apk!/lib/arm64-v8a/libXlorie.so
04-17 08:30:14.399 I/LorieNative(16758): DamageTraceV2: PutImage count=136384 drawableType=WINDOW screenPixmap=0 drawable=0xb400007cd98d66b0 geom=2898x1848 box=0,858-2898,880 backend=other fn=0x7bd5f2ee24 fn_offset=0x30de24 fbase=0x7bd5c21000 sym=unknown so=/data/app/~~iNwcSjv3C2CZCLwcLxpEtA==/com.termux.x11-1tus8NhfW98goVF914TrYw==/base.apk!/lib/arm64-v8a/libXlorie.so
04-17 08:30:14.468 I/LorieNative(16758): ExaTrace: putImage accel count=138496 drawableType=0 drawableId=0x600037 geom=2898x1848 size=2912x22 format=2 depth=24
04-17 08:30:14.475 I/LorieNative(16758): DamageTraceV2: PutImage count=136448 drawableType=WINDOW screenPixmap=0 drawable=0xb400007cd98d66b0 geom=2898x1848 box=0,418-2898,440 backend=other fn=0x7bd5f2ee24 fn_offset=0x30de24 fbase=0x7bd5c21000 sym=unknown so=/data/app/~~iNwcSjv3C2CZCLwcLxpEtA==/com.termux.x11-1tus8NhfW98goVF914TrYw==/base.apk!/lib/arm64-v8a/libXlorie.so
04-17 08:30:14.493 I/LorieNative(16758): DamageTraceV2: PutImage count=136512 drawableType=WINDOW screenPixmap=0 drawable=0xb400007cd98d66b0 geom=2898x1848 box=0,1826-2898,1848 backend=other fn=0x7bd5f2ee24 fn_offset=0x30de24 fbase=0x7bd5c21000 sym=unknown so=/data/app/~~iNwcSjv3C2CZCLwcLxpEtA==/com.termux.x11-1tus8NhfW98goVF914TrYw==/base.apk!/lib/arm64-v8a/libXlorie.so
04-17 08:30:14.569 I/LorieNative(16758): ExaTrace: putImage accel count=138624 drawableType=0 drawableId=0x600037 geom=2898x1848 size=2912x22 format=2 depth=24
04-17 08:30:14.572 I/LorieNative(16758): DamageTraceV2: PutImage count=136576 drawableType=WINDOW screenPixmap=0 drawable=0xb400007cd98d66b0 geom=2898x1848 box=0,1386-2898,1408 backend=other fn=0x7bd5f2ee24 fn_offset=0x30de24 fbase=0x7bd5c21000 sym=unknown so=/data/app/~~iNwcSjv3C2CZCLwcLxpEtA==/com.termux.x11-1tus8NhfW98goVF914TrYw==/base.apk!/lib/arm64-v8a/libXlorie.so
04-17 08:30:14.660 I/LorieNative(16758): DamageTraceV2: PutImage count=136640 drawableType=WINDOW screenPixmap=0 drawable=0xb400007cd98d66b0 geom=2898x1848 box=0,946-2898,968 backend=other fn=0x7bd5f2ee24 fn_offset=0x30de24 fbase=0x7bd5c21000 sym=unknown so=/data/app/~~iNwcSjv3C2CZCLwcLxpEtA==/com.termux.x11-1tus8NhfW98goVF914TrYw==/base.apk!/lib/arm64-v8a/libXlorie.so
04-17 08:30:14.742 I/LorieNative(16758): ExaTrace: putImage accel count=138752 drawableType=0 drawableId=0x600037 geom=2898x1848 size=2912x22 format=2 depth=24
04-17 08:30:14.748 I/LorieNative(16758): DamageTraceV2: PutImage count=136704 drawableType=WINDOW screenPixmap=0 drawable=0xb400007cd98d66b0 geom=2898x1848 box=0,506-2898,528 backend=other fn=0x7bd5f2ee24 fn_offset=0x30de24 fbase=0x7bd5c21000 sym=unknown so=/data/app/~~iNwcSjv3C2CZCLwcLxpEtA==/com.termux.x11-1tus8NhfW98goVF914TrYw==/base.apk!/lib/arm64-v8a/libXlorie.so
04-17 08:30:14.835 I/LorieNative(16758): DamageTraceV2: PutImage count=136768 drawableType=WINDOW screenPixmap=0 drawable=0xb400007cd98d66b0 geom=2898x1848 box=0,66-2898,88 backend=other fn=0x7bd5f2ee24 fn_offset=0x30de24 fbase=0x7bd5c21000 sym=unknown so=/data/app/~~iNwcSjv3C2CZCLwcLxpEtA==/com.termux.x11-1tus8NhfW98goVF914TrYw==/base.apk!/lib/arm64-v8a/libXlorie.so
04-17 08:30:14.853 I/LorieNative(16758): ExaTrace: putImage accel count=138880 drawableType=0 drawableId=0x600037 geom=2898x1848 size=2912x22 format=2 depth=24
04-17 08:30:14.856 I/LorieNative(16758): DamageTraceV2: PutImage count=136832 drawableType=WINDOW screenPixmap=0 drawable=0xb400007cd98d66b0 geom=2898x1848 box=0,1474-2898,1496 backend=other fn=0x7bd5f2ee24 fn_offset=0x30de24 fbase=0x7bd5c21000 sym=unknown so=/data/app/~~iNwcSjv3C2CZCLwcLxpEtA==/com.termux.x11-1tus8NhfW98goVF914TrYw==/base.apk!/lib/arm64-v8a/libXlorie.so
04-17 08:30:14.909 I/LorieNative(16758): DamageTraceV2: PutImage count=136896 drawableType=WINDOW screenPixmap=0 drawable=0xb400007cd98d66b0 geom=2898x1848 box=0,1034-2898,1056 backend=other fn=0x7bd5f2ee24 fn_offset=0x30de24 fbase=0x7bd5c21000 sym=unknown so=/data/app/~~iNwcSjv3C2CZCLwcLxpEtA==/com.termux.x11-1tus8NhfW98goVF914TrYw==/base.apk!/lib/arm64-v8a/libXlorie.so
04-17 08:30:14.992 I/LorieNative(16758): ExaTrace: putImage accel count=139008 drawableType=0 drawableId=0x600037 geom=2898x1848 size=2912x22 format=2 depth=24
04-17 08:30:14.998 I/LorieNative(16758): DamageTraceV2: PutImage count=136960 drawableType=WINDOW screenPixmap=0 drawable=0xb400007cd98d66b0 geom=2898x1848 box=0,594-2898,616 backend=other fn=0x7bd5f2ee24 fn_offset=0x30de24 fbase=0x7bd5c21000 sym=unknown so=/data/app/~~iNwcSjv3C2CZCLwcLxpEtA==/com.termux.x11-1tus8NhfW98goVF914TrYw==/base.apk!/lib/arm64-v8a/libXlorie.so
04-17 08:30:15.084 I/LorieNative(16758): DamageTraceV2: PutImage count=137024 drawableType=WINDOW screenPixmap=0 drawable=0xb400007cd98d66b0 geom=2898x1848 box=0,154-2898,176 backend=other fn=0x7bd5f2ee24 fn_offset=0x30de24 fbase=0x7bd5c21000 sym=unknown so=/data/app/~~iNwcSjv3C2CZCLwcLxpEtA==/com.termux.x11-1tus8NhfW98goVF914TrYw==/base.apk!/lib/arm64-v8a/libXlorie.so
04-17 08:30:15.096 I/LorieNative(16758): ExaTrace: putImage accel count=139136 drawableType=0 drawableId=0x600037 geom=2898x1848 size=2912x22 format=2 depth=24
04-17 08:30:15.100 I/LorieNative(16758): DamageTraceV2: PutImage count=137088 drawableType=WINDOW screenPixmap=0 drawable=0xb400007cd98d66b0 geom=2898x1848 box=0,1562-2898,1584 backend=other fn=0x7bd5f2ee24 fn_offset=0x30de24 fbase=0x7bd5c21000 sym=unknown so=/data/app/~~iNwcSjv3C2CZCLwcLxpEtA==/com.termux.x11-1tus8NhfW98goVF914TrYw==/base.apk!/lib/arm64-v8a/libXlorie.so
04-17 08:30:15.195 I/LorieNative(16758): DamageTraceV2: PutImage count=137152 drawableType=WINDOW screenPixmap=0 drawable=0xb400007cd98d66b0 geom=2898x1848 box=0,1122-2898,1144 backend=other fn=0x7bd5f2ee24 fn_offset=0x30de24 fbase=0x7bd5c21000 sym=unknown so=/data/app/~~iNwcSjv3C2CZCLwcLxpEtA==/com.termux.x11-1tus8NhfW98goVF914TrYw==/base.apk!/lib/arm64-v8a/libXlorie.so
04-17 08:30:15.280 I/LorieNative(16758): ExaTrace: putImage accel count=139264 drawableType=0 drawableId=0x600037 geom=2898x1848 size=2912x22 format=2 depth=24
04-17 08:30:15.285 I/LorieNative(16758): DamageTraceV2: PutImage count=137216 drawableType=WINDOW screenPixmap=0 drawable=0xb400007cd98d66b0 geom=2898x1848 box=0,682-2898,704 backend=other fn=0x7bd5f2ee24 fn_offset=0x30de24 fbase=0x7bd5c21000 sym=unknown so=/data/app/~~iNwcSjv3C2CZCLwcLxpEtA==/com.termux.x11-1tus8NhfW98goVF914TrYw==/base.apk!/lib/arm64-v8a/libXlorie.so
04-17 08:30:15.360 I/LorieNative(16758): DamageTraceV2: PutImage count=137280 drawableType=WINDOW screenPixmap=0 drawable=0xb400007cd98d66b0 geom=2898x1848 box=0,242-2898,264 backend=other fn=0x7bd5f2ee24 fn_offset=0x30de24 fbase=0x7bd5c21000 sym=unknown so=/data/app/~~iNwcSjv3C2CZCLwcLxpEtA==/com.termux.x11-1tus8NhfW98goVF914TrYw==/base.apk!/lib/arm64-v8a/libXlorie.so
04-17 08:30:15.369 I/LorieNative(16758): ExaTrace: putImage accel count=139392 drawableType=0 drawableId=0x600037 geom=2898x1848 size=2912x22 format=2 depth=24
04-17 08:30:15.371 I/LorieNative(16758): DamageTraceV2: PutImage count=137344 drawableType=WINDOW screenPixmap=0 drawable=0xb400007cd98d66b0 geom=2898x1848 box=0,1650-2898,1672 backend=other fn=0x7bd5f2ee24 fn_offset=0x30de24 fbase=0x7bd5c21000 sym=unknown so=/data/app/~~iNwcSjv3C2CZCLwcLxpEtA==/com.termux.x11-1tus8NhfW98goVF914TrYw==/base.apk!/lib/arm64-v8a/libXlorie.so
04-17 08:30:15.438 I/LorieNative(16758): DamageTraceV2: PutImage count=137408 drawableType=WINDOW screenPixmap=0 drawable=0xb400007cd98d66b0 geom=2898x1848 box=0,1210-2898,1232 backend=other fn=0x7bd5f2ee24 fn_offset=0x30de24 fbase=0x7bd5c21000 sym=unknown so=/data/app/~~iNwcSjv3C2CZCLwcLxpEtA==/com.termux.x11-1tus8NhfW98goVF914TrYw==/base.apk!/lib/arm64-v8a/libXlorie.so
04-17 08:30:15.519 I/LorieNative(16758): ExaTrace: putImage accel count=139520 drawableType=0 drawableId=0x600037 geom=2898x1848 size=2912x22 format=2 depth=24
04-17 08:30:15.523 I/LorieNative(16758): DamageTraceV2: PutImage count=137472 drawableType=WINDOW screenPixmap=0 drawable=0xb400007cd98d66b0 geom=2898x1848 box=0,770-2898,792 backend=other fn=0x7bd5f2ee24 fn_offset=0x30de24 fbase=0x7bd5c21000 sym=unknown so=/data/app/~~iNwcSjv3C2CZCLwcLxpEtA==/com.termux.x11-1tus8NhfW98goVF914TrYw==/base.apk!/lib/arm64-v8a/libXlorie.so
04-17 08:30:15.582 I/LorieNative(16758): choreographer callbacks in 5.0 seconds = 119.8 FPS
04-17 08:30:15.582 I/LorieNative(16758): redraw wakeups in 5.0 seconds = 119.8 FPS
04-17 08:30:15.582 I/LorieNative(16758): damage-triggered redraws in 5.0 seconds = 29.4 FPS
04-17 08:30:15.582 I/LorieNative(16758): AhbLockTrace: sticky=0 lock_calls=147 unlock_calls=147 sticky_hits=4987 flush_skipped=0 in 5.0s
04-17 08:30:15.582 I/LorieNative(16758): present flip attempts in 5.0 seconds = 0.0 FPS (accepted 0.0, rejected 0.0)
04-17 08:30:15.582 I/LorieNative(16758): present after-flips in 5.0 seconds = 0.0 FPS
04-17 08:30:15.582 I/LorieNative(16758): 148 frames in 5.0 seconds = 29.6 FPS
04-17 08:30:15.601 I/LorieNative(16758): DamageTraceV2: PutImage count=137536 drawableType=WINDOW screenPixmap=0 drawable=0xb400007cd98d66b0 geom=2898x1848 box=0,330-2898,352 backend=other fn=0x7bd5f2ee24 fn_offset=0x30de24 fbase=0x7bd5c21000 sym=unknown so=/data/app/~~iNwcSjv3C2CZCLwcLxpEtA==/com.termux.x11-1tus8NhfW98goVF914TrYw==/base.apk!/lib/arm64-v8a/libXlorie.so
04-17 08:30:15.616 I/LorieNative(16758): ExaTrace: putImage accel count=139648 drawableType=0 drawableId=0x600037 geom=2898x1848 size=2912x22 format=2 depth=24
04-17 08:30:15.620 I/LorieNative(16758): DamageTraceV2: PutImage count=137600 drawableType=WINDOW screenPixmap=0 drawable=0xb400007cd98d66b0 geom=2898x1848 box=0,1738-2898,1760 backend=other fn=0x7bd5f2ee24 fn_offset=0x30de24 fbase=0x7bd5c21000 sym=unknown so=/data/app/~~iNwcSjv3C2CZCLwcLxpEtA==/com.termux.x11-1tus8NhfW98goVF914TrYw==/base.apk!/lib/arm64-v8a/libXlorie.so
04-17 08:30:15.692 I/LorieNative(16758): DamageTraceV2: PutImage count=137664 drawableType=WINDOW screenPixmap=0 drawable=0xb400007cd98d66b0 geom=2898x1848 box=0,1298-2898,1320 backend=other fn=0x7bd5f2ee24 fn_offset=0x30de24 fbase=0x7bd5c21000 sym=unknown so=/data/app/~~iNwcSjv3C2CZCLwcLxpEtA==/com.termux.x11-1tus8NhfW98goVF914TrYw==/base.apk!/lib/arm64-v8a/libXlorie.so
04-17 08:30:15.772 I/LorieNative(16758): ExaTrace: putImage accel count=139776 drawableType=0 drawableId=0x600037 geom=2898x1848 size=2912x22 format=2 depth=24
04-17 08:30:15.775 I/LorieNative(16758): DamageTraceV2: PutImage count=137728 drawableType=WINDOW screenPixmap=0 drawable=0xb400007cd98d66b0 geom=2898x1848 box=0,858-2898,880 backend=other fn=0x7bd5f2ee24 fn_offset=0x30de24 fbase=0x7bd5c21000 sym=unknown so=/data/app/~~iNwcSjv3C2CZCLwcLxpEtA==/com.termux.x11-1tus8NhfW98goVF914TrYw==/base.apk!/lib/arm64-v8a/libXlorie.so
04-17 08:30:15.858 I/LorieNative(16758): DamageTraceV2: PutImage count=137792 drawableType=WINDOW screenPixmap=0 drawable=0xb400007cd98d66b0 geom=2898x1848 box=0,418-2898,440 backend=other fn=0x7bd5f2ee24 fn_offset=0x30de24 fbase=0x7bd5c21000 sym=unknown so=/data/app/~~iNwcSjv3C2CZCLwcLxpEtA==/com.termux.x11-1tus8NhfW98goVF914TrYw==/base.apk!/lib/arm64-v8a/libXlorie.so
04-17 08:30:15.877 I/LorieNative(16758): ExaTrace: putImage accel count=139904 drawableType=0 drawableId=0x600037 geom=2898x1848 size=2912x22 format=2 depth=24
04-17 08:30:15.885 I/LorieNative(16758): DamageTraceV2: PutImage count=137856 drawableType=WINDOW screenPixmap=0 drawable=0xb400007cd98d66b0 geom=2898x1848 box=0,1826-2898,1848 backend=other fn=0x7bd5f2ee24 fn_offset=0x30de24 fbase=0x7bd5c21000 sym=unknown so=/data/app/~~iNwcSjv3C2CZCLwcLxpEtA==/com.termux.x11-1tus8NhfW98goVF914TrYw==/base.apk!/lib/arm64-v8a/libXlorie.so
04-17 08:30:15.963 I/LorieNative(16758): DamageTraceV2: PutImage count=137920 drawableType=WINDOW screenPixmap=0 drawable=0xb400007cd98d66b0 geom=2898x1848 box=0,1386-2898,1408 backend=other fn=0x7bd5f2ee24 fn_offset=0x30de24 fbase=0x7bd5c21000 sym=unknown so=/data/app/~~iNwcSjv3C2CZCLwcLxpEtA==/com.termux.x11-1tus8NhfW98goVF914TrYw==/base.apk!/lib/arm64-v8a/libXlorie.so
04-17 08:30:16.036 I/LorieNative(16758): ExaTrace: putImage accel count=140032 drawableType=0 drawableId=0x600037 geom=2898x1848 size=2912x22 format=2 depth=24
04-17 08:30:16.045 I/LorieNative(16758): DamageTraceV2: PutImage count=137984 drawableType=WINDOW screenPixmap=0 drawable=0xb400007cd98d66b0 geom=2898x1848 box=0,946-2898,968 backend=other fn=0x7bd5f2ee24 fn_offset=0x30de24 fbase=0x7bd5c21000 sym=unknown so=/data/app/~~iNwcSjv3C2CZCLwcLxpEtA==/com.termux.x11-1tus8NhfW98goVF914TrYw==/base.apk!/lib/arm64-v8a/libXlorie.so
04-17 08:30:16.121 I/LorieNative(16758): DamageTraceV2: PutImage count=138048 drawableType=WINDOW screenPixmap=0 drawable=0xb400007cd98d66b0 geom=2898x1848 box=0,506-2898,528 backend=other fn=0x7bd5f2ee24 fn_offset=0x30de24 fbase=0x7bd5c21000 sym=unknown so=/data/app/~~iNwcSjv3C2CZCLwcLxpEtA==/com.termux.x11-1tus8NhfW98goVF914TrYw==/base.apk!/lib/arm64-v8a/libXlorie.so
04-17 08:30:16.132 I/LorieNative(16758): ExaTrace: putImage accel count=140160 drawableType=0 drawableId=0x600037 geom=2898x1848 size=2912x22 format=2 depth=24
04-17 08:30:16.195 I/LorieNative(16758): DamageTraceV2: PutImage count=138112 drawableType=WINDOW screenPixmap=0 drawable=0xb400007cd98d66b0 geom=2898x1848 box=0,66-2898,88 backend=other fn=0x7bd5f2ee24 fn_offset=0x30de24 fbase=0x7bd5c21000 sym=unknown so=/data/app/~~iNwcSjv3C2CZCLwcLxpEtA==/com.termux.x11-1tus8NhfW98goVF914TrYw==/base.apk!/lib/arm64-v8a/libXlorie.so
04-17 08:30:16.207 I/LorieNative(16758): DamageTraceV2: PutImage count=138176 drawableType=WINDOW screenPixmap=0 drawable=0xb400007cd98d66b0 geom=2898x1848 box=0,1474-2898,1496 backend=other fn=0x7bd5f2ee24 fn_offset=0x30de24 fbase=0x7bd5c21000 sym=unknown so=/data/app/~~iNwcSjv3C2CZCLwcLxpEtA==/com.termux.x11-1tus8NhfW98goVF914TrYw==/base.apk!/lib/arm64-v8a/libXlorie.so
04-17 08:30:16.269 I/LorieNative(16758): ExaTrace: putImage accel count=140288 drawableType=0 drawableId=0x600037 geom=2898x1848 size=2912x22 format=2 depth=24
04-17 08:30:16.271 I/LorieNative(16758): DamageTraceV2: PutImage count=138240 drawableType=WINDOW screenPixmap=0 drawable=0xb400007cd98d66b0 geom=2898x1848 box=0,1034-2898,1056 backend=other fn=0x7bd5f2ee24 fn_offset=0x30de24 fbase=0x7bd5c21000 sym=unknown so=/data/app/~~iNwcSjv3C2CZCLwcLxpEtA==/com.termux.x11-1tus8NhfW98goVF914TrYw==/base.apk!/lib/arm64-v8a/libXlorie.so
04-17 08:30:16.346 I/LorieNative(16758): DamageTraceV2: PutImage count=138304 drawableType=WINDOW screenPixmap=0 drawable=0xb400007cd98d66b0 geom=2898x1848 box=0,594-2898,616 backend=other fn=0x7bd5f2ee24 fn_offset=0x30de24 fbase=0x7bd5c21000 sym=unknown so=/data/app/~~iNwcSjv3C2CZCLwcLxpEtA==/com.termux.x11-1tus8NhfW98goVF914TrYw==/base.apk!/lib/arm64-v8a/libXlorie.so
04-17 08:30:16.358 I/LorieNative(16758): ExaTrace: putImage accel count=140416 drawableType=0 drawableId=0x600037 geom=2898x1848 size=2912x22 format=2 depth=24
04-17 08:30:16.424 I/LorieNative(16758): DamageTraceV2: PutImage count=138368 drawableType=WINDOW screenPixmap=0 drawable=0xb400007cd98d66b0 geom=2898x1848 box=0,154-2898,176 backend=other fn=0x7bd5f2ee24 fn_offset=0x30de24 fbase=0x7bd5c21000 sym=unknown so=/data/app/~~iNwcSjv3C2CZCLwcLxpEtA==/com.termux.x11-1tus8NhfW98goVF914TrYw==/base.apk!/lib/arm64-v8a/libXlorie.so
04-17 08:30:16.442 I/LorieNative(16758): DamageTraceV2: PutImage count=138432 drawableType=WINDOW screenPixmap=0 drawable=0xb400007cd98d66b0 geom=2898x1848 box=0,1562-2898,1584 backend=other fn=0x7bd5f2ee24 fn_offset=0x30de24 fbase=0x7bd5c21000 sym=unknown so=/data/app/~~iNwcSjv3C2CZCLwcLxpEtA==/com.termux.x11-1tus8NhfW98goVF914TrYw==/base.apk!/lib/arm64-v8a/libXlorie.so
04-17 08:30:16.508 I/LorieNative(16758): ExaTrace: putImage accel count=140544 drawableType=0 drawableId=0x600037 geom=2898x1848 size=2912x22 format=2 depth=24
04-17 08:30:16.511 I/LorieNative(16758): DamageTraceV2: PutImage count=138496 drawableType=WINDOW screenPixmap=0 drawable=0xb400007cd98d66b0 geom=2898x1848 box=0,1122-2898,1144 backend=other fn=0x7bd5f2ee24 fn_offset=0x30de24 fbase=0x7bd5c21000 sym=unknown so=/data/app/~~iNwcSjv3C2CZCLwcLxpEtA==/com.termux.x11-1tus8NhfW98goVF914TrYw==/base.apk!/lib/arm64-v8a/libXlorie.so
04-17 08:30:16.576 I/LorieNative(16758): DamageTraceV2: PutImage count=138560 drawableType=WINDOW screenPixmap=0 drawable=0xb400007cd98d66b0 geom=2898x1848 box=0,682-2898,704 backend=other fn=0x7bd5f2ee24 fn_offset=0x30de24 fbase=0x7bd5c21000 sym=unknown so=/data/app/~~iNwcSjv3C2CZCLwcLxpEtA==/com.termux.x11-1tus8NhfW98goVF914TrYw==/base.apk!/lib/arm64-v8a/libXlorie.so
04-17 08:30:16.588 I/LorieNative(16758): ExaTrace: putImage accel count=140672 drawableType=0 drawableId=0x600037 geom=2898x1848 size=2912x22 format=2 depth=24
04-17 08:30:16.648 I/LorieNative(16758): DamageTraceV2: PutImage count=138624 drawableType=WINDOW screenPixmap=0 drawable=0xb400007cd98d66b0 geom=2898x1848 box=0,242-2898,264 backend=other fn=0x7bd5f2ee24 fn_offset=0x30de24 fbase=0x7bd5c21000 sym=unknown so=/data/app/~~iNwcSjv3C2CZCLwcLxpEtA==/com.termux.x11-1tus8NhfW98goVF914TrYw==/base.apk!/lib/arm64-v8a/libXlorie.so
04-17 08:30:16.665 I/LorieNative(16758): DamageTraceV2: PutImage count=138688 drawableType=WINDOW screenPixmap=0 drawable=0xb400007cd98d66b0 geom=2898x1848 box=0,1650-2898,1672 backend=other fn=0x7bd5f2ee24 fn_offset=0x30de24 fbase=0x7bd5c21000 sym=unknown so=/data/app/~~iNwcSjv3C2CZCLwcLxpEtA==/com.termux.x11-1tus8NhfW98goVF914TrYw==/base.apk!/lib/arm64-v8a/libXlorie.so
04-17 08:30:16.740 I/LorieNative(16758): ExaTrace: putImage accel count=140800 drawableType=0 drawableId=0x600037 geom=2898x1848 size=2912x22 format=2 depth=24
04-17 08:30:16.743 I/LorieNative(16758): DamageTraceV2: PutImage count=138752 drawableType=WINDOW screenPixmap=0 drawable=0xb400007cd98d66b0 geom=2898x1848 box=0,1210-2898,1232 backend=other fn=0x7bd5f2ee24 fn_offset=0x30de24 fbase=0x7bd5c21000 sym=unknown so=/data/app/~~iNwcSjv3C2CZCLwcLxpEtA==/com.termux.x11-1tus8NhfW98goVF914TrYw==/base.apk!/lib/arm64-v8a/libXlorie.so
04-17 08:30:16.821 I/LorieNative(16758): DamageTraceV2: PutImage count=138816 drawableType=WINDOW screenPixmap=0 drawable=0xb400007cd98d66b0 geom=2898x1848 box=0,770-2898,792 backend=other fn=0x7bd5f2ee24 fn_offset=0x30de24 fbase=0x7bd5c21000 sym=unknown so=/data/app/~~iNwcSjv3C2CZCLwcLxpEtA==/com.termux.x11-1tus8NhfW98goVF914TrYw==/base.apk!/lib/arm64-v8a/libXlorie.so
04-17 08:30:16.895 I/LorieNative(16758): ExaTrace: putImage accel count=140928 drawableType=0 drawableId=0x600037 geom=2898x1848 size=2912x22 format=2 depth=24
04-17 08:30:16.902 I/LorieNative(16758): DamageTraceV2: PutImage count=138880 drawableType=WINDOW screenPixmap=0 drawable=0xb400007cd98d66b0 geom=2898x1848 box=0,330-2898,352 backend=other fn=0x7bd5f2ee24 fn_offset=0x30de24 fbase=0x7bd5c21000 sym=unknown so=/data/app/~~iNwcSjv3C2CZCLwcLxpEtA==/com.termux.x11-1tus8NhfW98goVF914TrYw==/base.apk!/lib/arm64-v8a/libXlorie.so
04-17 08:30:16.930 I/LorieNative(16758): DamageTraceV2: PutImage count=138944 drawableType=WINDOW screenPixmap=0 drawable=0xb400007cd98d66b0 geom=2898x1848 box=0,1738-2898,1760 backend=other fn=0x7bd5f2ee24 fn_offset=0x30de24 fbase=0x7bd5c21000 sym=unknown so=/data/app/~~iNwcSjv3C2CZCLwcLxpEtA==/com.termux.x11-1tus8NhfW98goVF914TrYw==/base.apk!/lib/arm64-v8a/libXlorie.so
04-17 08:30:17.001 I/LorieNative(16758): ExaTrace: putImage accel count=141056 drawableType=0 drawableId=0x600037 geom=2898x1848 size=2912x22 format=2 depth=24
04-17 08:30:17.006 I/LorieNative(16758): DamageTraceV2: PutImage count=139008 drawableType=WINDOW screenPixmap=0 drawable=0xb400007cd98d66b0 geom=2898x1848 box=0,1298-2898,1320 backend=other fn=0x7bd5f2ee24 fn_offset=0x30de24 fbase=0x7bd5c21000 sym=unknown so=/data/app/~~iNwcSjv3C2CZCLwcLxpEtA==/com.termux.x11-1tus8NhfW98goVF914TrYw==/base.apk!/lib/arm64-v8a/libXlorie.so
04-17 08:30:17.103 I/LorieNative(16758): DamageTraceV2: PutImage count=139072 drawableType=WINDOW screenPixmap=0 drawable=0xb400007cd98d66b0 geom=2898x1848 box=0,858-2898,880 backend=other fn=0x7bd5f2ee24 fn_offset=0x30de24 fbase=0x7bd5c21000 sym=unknown so=/data/app/~~iNwcSjv3C2CZCLwcLxpEtA==/com.termux.x11-1tus8NhfW98goVF914TrYw==/base.apk!/lib/arm64-v8a/libXlorie.so
04-17 08:30:17.179 I/LorieNative(16758): ExaTrace: putImage accel count=141184 drawableType=0 drawableId=0x600037 geom=2898x1848 size=2912x22 format=2 depth=24
04-17 08:30:17.182 I/LorieNative(16758): DamageTraceV2: PutImage count=139136 drawableType=WINDOW screenPixmap=0 drawable=0xb400007cd98d66b0 geom=2898x1848 box=0,418-2898,440 backend=other fn=0x7bd5f2ee24 fn_offset=0x30de24 fbase=0x7bd5c21000 sym=unknown so=/data/app/~~iNwcSjv3C2CZCLwcLxpEtA==/com.termux.x11-1tus8NhfW98goVF914TrYw==/base.apk!/lib/arm64-v8a/libXlorie.so
04-17 08:30:17.201 I/LorieNative(16758): DamageTraceV2: PutImage count=139200 drawableType=WINDOW screenPixmap=0 drawable=0xb400007cd98d66b0 geom=2898x1848 box=0,1826-2898,1848 backend=other fn=0x7bd5f2ee24 fn_offset=0x30de24 fbase=0x7bd5c21000 sym=unknown so=/data/app/~~iNwcSjv3C2CZCLwcLxpEtA==/com.termux.x11-1tus8NhfW98goVF914TrYw==/base.apk!/lib/arm64-v8a/libXlorie.so
04-17 08:30:17.275 I/LorieNative(16758): ExaTrace: putImage accel count=141312 drawableType=0 drawableId=0x600037 geom=2898x1848 size=2912x22 format=2 depth=24
04-17 08:30:17.278 I/LorieNative(16758): DamageTraceV2: PutImage count=139264 drawableType=WINDOW screenPixmap=0 drawable=0xb400007cd98d66b0 geom=2898x1848 box=0,1386-2898,1408 backend=other fn=0x7bd5f2ee24 fn_offset=0x30de24 fbase=0x7bd5c21000 sym=unknown so=/data/app/~~iNwcSjv3C2CZCLwcLxpEtA==/com.termux.x11-1tus8NhfW98goVF914TrYw==/base.apk!/lib/arm64-v8a/libXlorie.so
04-17 08:30:17.357 I/LorieNative(16758): DamageTraceV2: PutImage count=139328 drawableType=WINDOW screenPixmap=0 drawable=0xb400007cd98d66b0 geom=2898x1848 box=0,946-2898,968 backend=other fn=0x7bd5f2ee24 fn_offset=0x30de24 fbase=0x7bd5c21000 sym=unknown so=/data/app/~~iNwcSjv3C2CZCLwcLxpEtA==/com.termux.x11-1tus8NhfW98goVF914TrYw==/base.apk!/lib/arm64-v8a/libXlorie.so
04-17 08:30:17.424 I/LorieNative(16758): ExaTrace: putImage accel count=141440 drawableType=0 drawableId=0x600037 geom=2898x1848 size=2912x22 format=2 depth=24
04-17 08:30:17.427 I/LorieNative(16758): DamageTraceV2: PutImage count=139392 drawableType=WINDOW screenPixmap=0 drawable=0xb400007cd98d66b0 geom=2898x1848 box=0,506-2898,528 backend=other fn=0x7bd5f2ee24 fn_offset=0x30de24 fbase=0x7bd5c21000 sym=unknown so=/data/app/~~iNwcSjv3C2CZCLwcLxpEtA==/com.termux.x11-1tus8NhfW98goVF914TrYw==/base.apk!/lib/arm64-v8a/libXlorie.so
04-17 08:30:17.489 I/LorieNative(16758): DamageTraceV2: PutImage count=139456 drawableType=WINDOW screenPixmap=0 drawable=0xb400007cd98d66b0 geom=2898x1848 box=0,66-2898,88 backend=other fn=0x7bd5f2ee24 fn_offset=0x30de24 fbase=0x7bd5c21000 sym=unknown so=/data/app/~~iNwcSjv3C2CZCLwcLxpEtA==/com.termux.x11-1tus8NhfW98goVF914TrYw==/base.apk!/lib/arm64-v8a/libXlorie.so
04-17 08:30:17.503 I/LorieNative(16758): ExaTrace: putImage accel count=141568 drawableType=0 drawableId=0x600037 geom=2898x1848 size=2912x22 format=2 depth=24
04-17 08:30:17.507 I/LorieNative(16758): DamageTraceV2: PutImage count=139520 drawableType=WINDOW screenPixmap=0 drawable=0xb400007cd98d66b0 geom=2898x1848 box=0,1474-2898,1496 backend=other fn=0x7bd5f2ee24 fn_offset=0x30de24 fbase=0x7bd5c21000 sym=unknown so=/data/app/~~iNwcSjv3C2CZCLwcLxpEtA==/com.termux.x11-1tus8NhfW98goVF914TrYw==/base.apk!/lib/arm64-v8a/libXlorie.so
04-17 08:30:17.579 I/LorieNative(16758): DamageTraceV2: PutImage count=139584 drawableType=WINDOW screenPixmap=0 drawable=0xb400007cd98d66b0 geom=2898x1848 box=0,1034-2898,1056 backend=other fn=0x7bd5f2ee24 fn_offset=0x30de24 fbase=0x7bd5c21000 sym=unknown so=/data/app/~~iNwcSjv3C2CZCLwcLxpEtA==/com.termux.x11-1tus8NhfW98goVF914TrYw==/base.apk!/lib/arm64-v8a/libXlorie.so
04-17 08:30:17.653 I/LorieNative(16758): ExaTrace: putImage accel count=141696 drawableType=0 drawableId=0x600037 geom=2898x1848 size=2912x22 format=2 depth=24
04-17 08:30:17.655 I/LorieNative(16758): DamageTraceV2: PutImage count=139648 drawableType=WINDOW screenPixmap=0 drawable=0xb400007cd98d66b0 geom=2898x1848 box=0,594-2898,616 backend=other fn=0x7bd5f2ee24 fn_offset=0x30de24 fbase=0x7bd5c21000 sym=unknown so=/data/app/~~iNwcSjv3C2CZCLwcLxpEtA==/com.termux.x11-1tus8NhfW98goVF914TrYw==/base.apk!/lib/arm64-v8a/libXlorie.so
04-17 08:30:17.721 I/LorieNative(16758): DamageTraceV2: PutImage count=139712 drawableType=WINDOW screenPixmap=0 drawable=0xb400007cd98d66b0 geom=2898x1848 box=0,154-2898,176 backend=other fn=0x7bd5f2ee24 fn_offset=0x30de24 fbase=0x7bd5c21000 sym=unknown so=/data/app/~~iNwcSjv3C2CZCLwcLxpEtA==/com.termux.x11-1tus8NhfW98goVF914TrYw==/base.apk!/lib/arm64-v8a/libXlorie.so
04-17 08:30:17.737 I/LorieNative(16758): ExaTrace: putImage accel count=141824 drawableType=0 drawableId=0x600037 geom=2898x1848 size=2912x22 format=2 depth=24
04-17 08:30:17.742 I/LorieNative(16758): DamageTraceV2: PutImage count=139776 drawableType=WINDOW screenPixmap=0 drawable=0xb400007cd98d66b0 geom=2898x1848 box=0,1562-2898,1584 backend=other fn=0x7bd5f2ee24 fn_offset=0x30de24 fbase=0x7bd5c21000 sym=unknown so=/data/app/~~iNwcSjv3C2CZCLwcLxpEtA==/com.termux.x11-1tus8NhfW98goVF914TrYw==/base.apk!/lib/arm64-v8a/libXlorie.so
04-17 08:30:17.829 I/LorieNative(16758): DamageTraceV2: PutImage count=139840 drawableType=WINDOW screenPixmap=0 drawable=0xb400007cd98d66b0 geom=2898x1848 box=0,1122-2898,1144 backend=other fn=0x7bd5f2ee24 fn_offset=0x30de24 fbase=0x7bd5c21000 sym=unknown so=/data/app/~~iNwcSjv3C2CZCLwcLxpEtA==/com.termux.x11-1tus8NhfW98goVF914TrYw==/base.apk!/lib/arm64-v8a/libXlorie.so
04-17 08:30:17.898 I/LorieNative(16758): ExaTrace: putImage accel count=141952 drawableType=0 drawableId=0x600037 geom=2898x1848 size=2912x22 format=2 depth=24
04-17 08:30:17.902 I/LorieNative(16758): DamageTraceV2: PutImage count=139904 drawableType=WINDOW screenPixmap=0 drawable=0xb400007cd98d66b0 geom=2898x1848 box=0,682-2898,704 backend=other fn=0x7bd5f2ee24 fn_offset=0x30de24 fbase=0x7bd5c21000 sym=unknown so=/data/app/~~iNwcSjv3C2CZCLwcLxpEtA==/com.termux.x11-1tus8NhfW98goVF914TrYw==/base.apk!/lib/arm64-v8a/libXlorie.so
04-17 08:30:17.969 I/LorieNative(16758): DamageTraceV2: PutImage count=139968 drawableType=WINDOW screenPixmap=0 drawable=0xb400007cd98d66b0 geom=2898x1848 box=0,242-2898,264 backend=other fn=0x7bd5f2ee24 fn_offset=0x30de24 fbase=0x7bd5c21000 sym=unknown so=/data/app/~~iNwcSjv3C2CZCLwcLxpEtA==/com.termux.x11-1tus8NhfW98goVF914TrYw==/base.apk!/lib/arm64-v8a/libXlorie.so
04-17 08:30:17.984 I/LorieNative(16758): ExaTrace: putImage accel count=142080 drawableType=0 drawableId=0x600037 geom=2898x1848 size=2912x22 format=2 depth=24
04-17 08:30:17.986 I/LorieNative(16758): DamageTraceV2: PutImage count=140032 drawableType=WINDOW screenPixmap=0 drawable=0xb400007cd98d66b0 geom=2898x1848 box=0,1650-2898,1672 backend=other fn=0x7bd5f2ee24 fn_offset=0x30de24 fbase=0x7bd5c21000 sym=unknown so=/data/app/~~iNwcSjv3C2CZCLwcLxpEtA==/com.termux.x11-1tus8NhfW98goVF914TrYw==/base.apk!/lib/arm64-v8a/libXlorie.so
04-17 08:30:18.048 I/LorieNative(16758): DamageTraceV2: PutImage count=140096 drawableType=WINDOW screenPixmap=0 drawable=0xb400007cd98d66b0 geom=2898x1848 box=0,1210-2898,1232 backend=other fn=0x7bd5f2ee24 fn_offset=0x30de24 fbase=0x7bd5c21000 sym=unknown so=/data/app/~~iNwcSjv3C2CZCLwcLxpEtA==/com.termux.x11-1tus8NhfW98goVF914TrYw==/base.apk!/lib/arm64-v8a/libXlorie.so
04-17 08:30:18.105 I/LorieNative(16758): ExaTrace: putImage accel count=142208 drawableType=0 drawableId=0x600037 geom=2898x1848 size=2912x22 format=2 depth=24
04-17 08:30:18.109 I/LorieNative(16758): DamageTraceV2: PutImage count=140160 drawableType=WINDOW screenPixmap=0 drawable=0xb400007cd98d66b0 geom=2898x1848 box=0,770-2898,792 backend=other fn=0x7bd5f2ee24 fn_offset=0x30de24 fbase=0x7bd5c21000 sym=unknown so=/data/app/~~iNwcSjv3C2CZCLwcLxpEtA==/com.termux.x11-1tus8NhfW98goVF914TrYw==/base.apk!/lib/arm64-v8a/libXlorie.so
04-17 08:30:18.185 I/LorieNative(16758): DamageTraceV2: PutImage count=140224 drawableType=WINDOW screenPixmap=0 drawable=0xb400007cd98d66b0 geom=2898x1848 box=0,330-2898,352 backend=other fn=0x7bd5f2ee24 fn_offset=0x30de24 fbase=0x7bd5c21000 sym=unknown so=/data/app/~~iNwcSjv3C2CZCLwcLxpEtA==/com.termux.x11-1tus8NhfW98goVF914TrYw==/base.apk!/lib/arm64-v8a/libXlorie.so
04-17 08:30:18.200 I/LorieNative(16758): ExaTrace: putImage accel count=142336 drawableType=0 drawableId=0x600037 geom=2898x1848 size=2912x22 format=2 depth=24
04-17 08:30:18.203 I/LorieNative(16758): DamageTraceV2: PutImage count=140288 drawableType=WINDOW screenPixmap=0 drawable=0xb400007cd98d66b0 geom=2898x1848 box=0,1738-2898,1760 backend=other fn=0x7bd5f2ee24 fn_offset=0x30de24 fbase=0x7bd5c21000 sym=unknown so=/data/app/~~iNwcSjv3C2CZCLwcLxpEtA==/com.termux.x11-1tus8NhfW98goVF914TrYw==/base.apk!/lib/arm64-v8a/libXlorie.so
04-17 08:30:18.281 I/LorieNative(16758): DamageTraceV2: PutImage count=140352 drawableType=WINDOW screenPixmap=0 drawable=0xb400007cd98d66b0 geom=2898x1848 box=0,1298-2898,1320 backend=other fn=0x7bd5f2ee24 fn_offset=0x30de24 fbase=0x7bd5c21000 sym=unknown so=/data/app/~~iNwcSjv3C2CZCLwcLxpEtA==/com.termux.x11-1tus8NhfW98goVF914TrYw==/base.apk!/lib/arm64-v8a/libXlorie.so
04-17 08:30:18.361 I/LorieNative(16758): ExaTrace: putImage accel count=142464 drawableType=0 drawableId=0x600037 geom=2898x1848 size=2912x22 format=2 depth=24
04-17 08:30:18.367 I/LorieNative(16758): DamageTraceV2: PutImage count=140416 drawableType=WINDOW screenPixmap=0 drawable=0xb400007cd98d66b0 geom=2898x1848 box=0,858-2898,880 backend=other fn=0x7bd5f2ee24 fn_offset=0x30de24 fbase=0x7bd5c21000 sym=unknown so=/data/app/~~iNwcSjv3C2CZCLwcLxpEtA==/com.termux.x11-1tus8NhfW98goVF914TrYw==/base.apk!/lib/arm64-v8a/libXlorie.so
04-17 08:30:18.428 I/LorieNative(16758): DamageTraceV2: PutImage count=140480 drawableType=WINDOW screenPixmap=0 drawable=0xb400007cd98d66b0 geom=2898x1848 box=0,418-2898,440 backend=other fn=0x7bd5f2ee24 fn_offset=0x30de24 fbase=0x7bd5c21000 sym=unknown so=/data/app/~~iNwcSjv3C2CZCLwcLxpEtA==/com.termux.x11-1tus8NhfW98goVF914TrYw==/base.apk!/lib/arm64-v8a/libXlorie.so
04-17 08:30:18.438 I/LorieNative(16758): ExaTrace: putImage accel count=142592 drawableType=0 drawableId=0x600037 geom=2898x1848 size=2912x22 format=2 depth=24
04-17 08:30:18.442 I/LorieNative(16758): DamageTraceV2: PutImage count=140544 drawableType=WINDOW screenPixmap=0 drawable=0xb400007cd98d66b0 geom=2898x1848 box=0,1826-2898,1848 backend=other fn=0x7bd5f2ee24 fn_offset=0x30de24 fbase=0x7bd5c21000 sym=unknown so=/data/app/~~iNwcSjv3C2CZCLwcLxpEtA==/com.termux.x11-1tus8NhfW98goVF914TrYw==/base.apk!/lib/arm64-v8a/libXlorie.so
04-17 08:30:18.496 I/LorieNative(16758): DamageTraceV2: PutImage count=140608 drawableType=WINDOW screenPixmap=0 drawable=0xb400007cd98d66b0 geom=2898x1848 box=0,1386-2898,1408 backend=other fn=0x7bd5f2ee24 fn_offset=0x30de24 fbase=0x7bd5c21000 sym=unknown so=/data/app/~~iNwcSjv3C2CZCLwcLxpEtA==/com.termux.x11-1tus8NhfW98goVF914TrYw==/base.apk!/lib/arm64-v8a/libXlorie.so
04-17 08:30:18.577 I/LorieNative(16758): ExaTrace: putImage accel count=142720 drawableType=0 drawableId=0x600037 geom=2898x1848 size=2912x22 format=2 depth=24
04-17 08:30:18.583 I/LorieNative(16758): DamageTraceV2: PutImage count=140672 drawableType=WINDOW screenPixmap=0 drawable=0xb400007cd98d66b0 geom=2898x1848 box=0,946-2898,968 backend=other fn=0x7bd5f2ee24 fn_offset=0x30de24 fbase=0x7bd5c21000 sym=unknown so=/data/app/~~iNwcSjv3C2CZCLwcLxpEtA==/com.termux.x11-1tus8NhfW98goVF914TrYw==/base.apk!/lib/arm64-v8a/libXlorie.so
04-17 08:30:18.658 I/LorieNative(16758): DamageTraceV2: PutImage count=140736 drawableType=WINDOW screenPixmap=0 drawable=0xb400007cd98d66b0 geom=2898x1848 box=0,506-2898,528 backend=other fn=0x7bd5f2ee24 fn_offset=0x30de24 fbase=0x7bd5c21000 sym=unknown so=/data/app/~~iNwcSjv3C2CZCLwcLxpEtA==/com.termux.x11-1tus8NhfW98goVF914TrYw==/base.apk!/lib/arm64-v8a/libXlorie.so
04-17 08:30:18.676 I/LorieNative(16758): ExaTrace: putImage accel count=142848 drawableType=0 drawableId=0x600037 geom=2898x1848 size=2912x22 format=2 depth=24
04-17 08:30:18.739 I/LorieNative(16758): DamageTraceV2: PutImage count=140800 drawableType=WINDOW screenPixmap=0 drawable=0xb400007cd98d66b0 geom=2898x1848 box=0,66-2898,88 backend=other fn=0x7bd5f2ee24 fn_offset=0x30de24 fbase=0x7bd5c21000 sym=unknown so=/data/app/~~iNwcSjv3C2CZCLwcLxpEtA==/com.termux.x11-1tus8NhfW98goVF914TrYw==/base.apk!/lib/arm64-v8a/libXlorie.so
04-17 08:30:18.753 I/LorieNative(16758): DamageTraceV2: PutImage count=140864 drawableType=WINDOW screenPixmap=0 drawable=0xb400007cd98d66b0 geom=2898x1848 box=0,1474-2898,1496 backend=other fn=0x7bd5f2ee24 fn_offset=0x30de24 fbase=0x7bd5c21000 sym=unknown so=/data/app/~~iNwcSjv3C2CZCLwcLxpEtA==/com.termux.x11-1tus8NhfW98goVF914TrYw==/base.apk!/lib/arm64-v8a/libXlorie.so
04-17 08:30:18.835 I/LorieNative(16758): ExaTrace: putImage accel count=142976 drawableType=0 drawableId=0x600037 geom=2898x1848 size=2912x22 format=2 depth=24
04-17 08:30:18.840 I/LorieNative(16758): DamageTraceV2: PutImage count=140928 drawableType=WINDOW screenPixmap=0 drawable=0xb400007cd98d66b0 geom=2898x1848 box=0,1034-2898,1056 backend=other fn=0x7bd5f2ee24 fn_offset=0x30de24 fbase=0x7bd5c21000 sym=unknown so=/data/app/~~iNwcSjv3C2CZCLwcLxpEtA==/com.termux.x11-1tus8NhfW98goVF914TrYw==/base.apk!/lib/arm64-v8a/libXlorie.so
04-17 08:30:18.927 I/LorieNative(16758): DamageTraceV2: PutImage count=140992 drawableType=WINDOW screenPixmap=0 drawable=0xb400007cd98d66b0 geom=2898x1848 box=0,594-2898,616 backend=other fn=0x7bd5f2ee24 fn_offset=0x30de24 fbase=0x7bd5c21000 sym=unknown so=/data/app/~~iNwcSjv3C2CZCLwcLxpEtA==/com.termux.x11-1tus8NhfW98goVF914TrYw==/base.apk!/lib/arm64-v8a/libXlorie.so
04-17 08:30:18.935 I/LorieNative(16758): ExaTrace: putImage accel count=143104 drawableType=0 drawableId=0x600037 geom=2898x1848 size=2912x22 format=2 depth=24
04-17 08:30:18.988 I/LorieNative(16758): DamageTraceV2: PutImage count=141056 drawableType=WINDOW screenPixmap=0 drawable=0xb400007cd98d66b0 geom=2898x1848 box=0,154-2898,176 backend=other fn=0x7bd5f2ee24 fn_offset=0x30de24 fbase=0x7bd5c21000 sym=unknown so=/data/app/~~iNwcSjv3C2CZCLwcLxpEtA==/com.termux.x11-1tus8NhfW98goVF914TrYw==/base.apk!/lib/arm64-v8a/libXlorie.so
04-17 08:30:19.010 I/LorieNative(16758): DamageTraceV2: PutImage count=141120 drawableType=WINDOW screenPixmap=0 drawable=0xb400007cd98d66b0 geom=2898x1848 box=0,1562-2898,1584 backend=other fn=0x7bd5f2ee24 fn_offset=0x30de24 fbase=0x7bd5c21000 sym=unknown so=/data/app/~~iNwcSjv3C2CZCLwcLxpEtA==/com.termux.x11-1tus8NhfW98goVF914TrYw==/base.apk!/lib/arm64-v8a/libXlorie.so
04-17 08:30:19.106 I/LorieNative(16758): ExaTrace: putImage accel count=143232 drawableType=0 drawableId=0x600037 geom=2898x1848 size=2912x22 format=2 depth=24
04-17 08:30:19.109 I/LorieNative(16758): DamageTraceV2: PutImage count=141184 drawableType=WINDOW screenPixmap=0 drawable=0xb400007cd98d66b0 geom=2898x1848 box=0,1122-2898,1144 backend=other fn=0x7bd5f2ee24 fn_offset=0x30de24 fbase=0x7bd5c21000 sym=unknown so=/data/app/~~iNwcSjv3C2CZCLwcLxpEtA==/com.termux.x11-1tus8NhfW98goVF914TrYw==/base.apk!/lib/arm64-v8a/libXlorie.so
04-17 08:30:19.191 I/LorieNative(16758): DamageTraceV2: PutImage count=141248 drawableType=WINDOW screenPixmap=0 drawable=0xb400007cd98d66b0 geom=2898x1848 box=0,682-2898,704 backend=other fn=0x7bd5f2ee24 fn_offset=0x30de24 fbase=0x7bd5c21000 sym=unknown so=/data/app/~~iNwcSjv3C2CZCLwcLxpEtA==/com.termux.x11-1tus8NhfW98goVF914TrYw==/base.apk!/lib/arm64-v8a/libXlorie.so
04-17 08:30:19.203 I/LorieNative(16758): ExaTrace: putImage accel count=143360 drawableType=0 drawableId=0x600037 geom=2898x1848 size=2912x22 format=2 depth=24
04-17 08:30:19.268 I/LorieNative(16758): DamageTraceV2: PutImage count=141312 drawableType=WINDOW screenPixmap=0 drawable=0xb400007cd98d66b0 geom=2898x1848 box=0,242-2898,264 backend=other fn=0x7bd5f2ee24 fn_offset=0x30de24 fbase=0x7bd5c21000 sym=unknown so=/data/app/~~iNwcSjv3C2CZCLwcLxpEtA==/com.termux.x11-1tus8NhfW98goVF914TrYw==/base.apk!/lib/arm64-v8a/libXlorie.so
04-17 08:30:19.286 I/LorieNative(16758): DamageTraceV2: PutImage count=141376 drawableType=WINDOW screenPixmap=0 drawable=0xb400007cd98d66b0 geom=2898x1848 box=0,1650-2898,1672 backend=other fn=0x7bd5f2ee24 fn_offset=0x30de24 fbase=0x7bd5c21000 sym=unknown so=/data/app/~~iNwcSjv3C2CZCLwcLxpEtA==/com.termux.x11-1tus8NhfW98goVF914TrYw==/base.apk!/lib/arm64-v8a/libXlorie.so
04-17 08:30:19.369 I/LorieNative(16758): ExaTrace: putImage accel count=143488 drawableType=0 drawableId=0x600037 geom=2898x1848 size=2912x22 format=2 depth=24
04-17 08:30:19.372 I/LorieNative(16758): DamageTraceV2: PutImage count=141440 drawableType=WINDOW screenPixmap=0 drawable=0xb400007cd98d66b0 geom=2898x1848 box=0,1210-2898,1232 backend=other fn=0x7bd5f2ee24 fn_offset=0x30de24 fbase=0x7bd5c21000 sym=unknown so=/data/app/~~iNwcSjv3C2CZCLwcLxpEtA==/com.termux.x11-1tus8NhfW98goVF914TrYw==/base.apk!/lib/arm64-v8a/libXlorie.so
04-17 08:30:19.453 I/LorieNative(16758): DamageTraceV2: PutImage count=141504 drawableType=WINDOW screenPixmap=0 drawable=0xb400007cd98d66b0 geom=2898x1848 box=0,770-2898,792 backend=other fn=0x7bd5f2ee24 fn_offset=0x30de24 fbase=0x7bd5c21000 sym=unknown so=/data/app/~~iNwcSjv3C2CZCLwcLxpEtA==/com.termux.x11-1tus8NhfW98goVF914TrYw==/base.apk!/lib/arm64-v8a/libXlorie.so
04-17 08:30:19.517 I/LorieNative(16758): ExaTrace: putImage accel count=143616 drawableType=0 drawableId=0x600037 geom=2898x1848 size=2912x22 format=2 depth=24
04-17 08:30:19.520 I/LorieNative(16758): DamageTraceV2: PutImage count=141568 drawableType=WINDOW screenPixmap=0 drawable=0xb400007cd98d66b0 geom=2898x1848 box=0,330-2898,352 backend=other fn=0x7bd5f2ee24 fn_offset=0x30de24 fbase=0x7bd5c21000 sym=unknown so=/data/app/~~iNwcSjv3C2CZCLwcLxpEtA==/com.termux.x11-1tus8NhfW98goVF914TrYw==/base.apk!/lib/arm64-v8a/libXlorie.so
04-17 08:30:19.531 I/LorieNative(16758): DamageTraceV2: PutImage count=141632 drawableType=WINDOW screenPixmap=0 drawable=0xb400007cd98d66b0 geom=2898x1848 box=0,1738-2898,1760 backend=other fn=0x7bd5f2ee24 fn_offset=0x30de24 fbase=0x7bd5c21000 sym=unknown so=/data/app/~~iNwcSjv3C2CZCLwcLxpEtA==/com.termux.x11-1tus8NhfW98goVF914TrYw==/base.apk!/lib/arm64-v8a/libXlorie.so
04-17 08:30:19.591 I/LorieNative(16758): ExaTrace: putImage accel count=143744 drawableType=0 drawableId=0x600037 geom=2898x1848 size=2912x22 format=2 depth=24
04-17 08:30:19.596 I/LorieNative(16758): DamageTraceV2: PutImage count=141696 drawableType=WINDOW screenPixmap=0 drawable=0xb400007cd98d66b0 geom=2898x1848 box=0,1298-2898,1320 backend=other fn=0x7bd5f2ee24 fn_offset=0x30de24 fbase=0x7bd5c21000 sym=unknown so=/data/app/~~iNwcSjv3C2CZCLwcLxpEtA==/com.termux.x11-1tus8NhfW98goVF914TrYw==/base.apk!/lib/arm64-v8a/libXlorie.so
04-17 08:30:19.673 I/LorieNative(16758): DamageTraceV2: PutImage count=141760 drawableType=WINDOW screenPixmap=0 drawable=0xb400007cd98d66b0 geom=2898x1848 box=0,858-2898,880 backend=other fn=0x7bd5f2ee24 fn_offset=0x30de24 fbase=0x7bd5c21000 sym=unknown so=/data/app/~~iNwcSjv3C2CZCLwcLxpEtA==/com.termux.x11-1tus8NhfW98goVF914TrYw==/base.apk!/lib/arm64-v8a/libXlorie.so
04-17 08:30:19.755 I/LorieNative(16758): ExaTrace: putImage accel count=143872 drawableType=0 drawableId=0x600037 geom=2898x1848 size=2912x22 format=2 depth=24
04-17 08:30:19.761 I/LorieNative(16758): DamageTraceV2: PutImage count=141824 drawableType=WINDOW screenPixmap=0 drawable=0xb400007cd98d66b0 geom=2898x1848 box=0,418-2898,440 backend=other fn=0x7bd5f2ee24 fn_offset=0x30de24 fbase=0x7bd5c21000 sym=unknown so=/data/app/~~iNwcSjv3C2CZCLwcLxpEtA==/com.termux.x11-1tus8NhfW98goVF914TrYw==/base.apk!/lib/arm64-v8a/libXlorie.so
04-17 08:30:19.779 I/LorieNative(16758): DamageTraceV2: PutImage count=141888 drawableType=WINDOW screenPixmap=0 drawable=0xb400007cd98d66b0 geom=2898x1848 box=0,1826-2898,1848 backend=other fn=0x7bd5f2ee24 fn_offset=0x30de24 fbase=0x7bd5c21000 sym=unknown so=/data/app/~~iNwcSjv3C2CZCLwcLxpEtA==/com.termux.x11-1tus8NhfW98goVF914TrYw==/base.apk!/lib/arm64-v8a/libXlorie.so
04-17 08:30:19.847 I/LorieNative(16758): ExaTrace: putImage accel count=144000 drawableType=0 drawableId=0x600037 geom=2898x1848 size=2912x22 format=2 depth=24
04-17 08:30:19.850 I/LorieNative(16758): DamageTraceV2: PutImage count=141952 drawableType=WINDOW screenPixmap=0 drawable=0xb400007cd98d66b0 geom=2898x1848 box=0,1386-2898,1408 backend=other fn=0x7bd5f2ee24 fn_offset=0x30de24 fbase=0x7bd5c21000 sym=unknown so=/data/app/~~iNwcSjv3C2CZCLwcLxpEtA==/com.termux.x11-1tus8NhfW98goVF914TrYw==/base.apk!/lib/arm64-v8a/libXlorie.so
04-17 08:30:19.926 I/LorieNative(16758): DamageTraceV2: PutImage count=142016 drawableType=WINDOW screenPixmap=0 drawable=0xb400007cd98d66b0 geom=2898x1848 box=0,946-2898,968 backend=other fn=0x7bd5f2ee24 fn_offset=0x30de24 fbase=0x7bd5c21000 sym=unknown so=/data/app/~~iNwcSjv3C2CZCLwcLxpEtA==/com.termux.x11-1tus8NhfW98goVF914TrYw==/base.apk!/lib/arm64-v8a/libXlorie.so
04-17 08:30:20.000 I/LorieNative(16758): ExaTrace: putImage accel count=144128 drawableType=0 drawableId=0x600037 geom=2898x1848 size=2912x22 format=2 depth=24
04-17 08:30:20.006 I/LorieNative(16758): DamageTraceV2: PutImage count=142080 drawableType=WINDOW screenPixmap=0 drawable=0xb400007cd98d66b0 geom=2898x1848 box=0,506-2898,528 backend=other fn=0x7bd5f2ee24 fn_offset=0x30de24 fbase=0x7bd5c21000 sym=unknown so=/data/app/~~iNwcSjv3C2CZCLwcLxpEtA==/com.termux.x11-1tus8NhfW98goVF914TrYw==/base.apk!/lib/arm64-v8a/libXlorie.so
04-17 08:30:20.078 I/LorieNative(16758): DamageTraceV2: PutImage count=142144 drawableType=WINDOW screenPixmap=0 drawable=0xb400007cd98d66b0 geom=2898x1848 box=0,66-2898,88 backend=other fn=0x7bd5f2ee24 fn_offset=0x30de24 fbase=0x7bd5c21000 sym=unknown so=/data/app/~~iNwcSjv3C2CZCLwcLxpEtA==/com.termux.x11-1tus8NhfW98goVF914TrYw==/base.apk!/lib/arm64-v8a/libXlorie.so
04-17 08:30:20.096 I/LorieNative(16758): ExaTrace: putImage accel count=144256 drawableType=0 drawableId=0x600037 geom=2898x1848 size=2912x22 format=2 depth=24
04-17 08:30:20.098 I/LorieNative(16758): DamageTraceV2: PutImage count=142208 drawableType=WINDOW screenPixmap=0 drawable=0xb400007cd98d66b0 geom=2898x1848 box=0,1474-2898,1496 backend=other fn=0x7bd5f2ee24 fn_offset=0x30de24 fbase=0x7bd5c21000 sym=unknown so=/data/app/~~iNwcSjv3C2CZCLwcLxpEtA==/com.termux.x11-1tus8NhfW98goVF914TrYw==/base.apk!/lib/arm64-v8a/libXlorie.so
04-17 08:30:20.186 I/LorieNative(16758): DamageTraceV2: PutImage count=142272 drawableType=WINDOW screenPixmap=0 drawable=0xb400007cd98d66b0 geom=2898x1848 box=0,1034-2898,1056 backend=other fn=0x7bd5f2ee24 fn_offset=0x30de24 fbase=0x7bd5c21000 sym=unknown so=/data/app/~~iNwcSjv3C2CZCLwcLxpEtA==/com.termux.x11-1tus8NhfW98goVF914TrYw==/base.apk!/lib/arm64-v8a/libXlorie.so
04-17 08:30:20.257 I/LorieNative(16758): ExaTrace: putImage accel count=144384 drawableType=0 drawableId=0x600037 geom=2898x1848 size=2912x22 format=2 depth=24
04-17 08:30:20.262 I/LorieNative(16758): DamageTraceV2: PutImage count=142336 drawableType=WINDOW screenPixmap=0 drawable=0xb400007cd98d66b0 geom=2898x1848 box=0,594-2898,616 backend=other fn=0x7bd5f2ee24 fn_offset=0x30de24 fbase=0x7bd5c21000 sym=unknown so=/data/app/~~iNwcSjv3C2CZCLwcLxpEtA==/com.termux.x11-1tus8NhfW98goVF914TrYw==/base.apk!/lib/arm64-v8a/libXlorie.so
04-17 08:30:20.363 I/LorieNative(16758): DamageTraceV2: PutImage count=142400 drawableType=WINDOW screenPixmap=0 drawable=0xb400007cd98d66b0 geom=2898x1848 box=0,154-2898,176 backend=other fn=0x7bd5f2ee24 fn_offset=0x30de24 fbase=0x7bd5c21000 sym=unknown so=/data/app/~~iNwcSjv3C2CZCLwcLxpEtA==/com.termux.x11-1tus8NhfW98goVF914TrYw==/base.apk!/lib/arm64-v8a/libXlorie.so
04-17 08:30:20.380 I/LorieNative(16758): ExaTrace: putImage accel count=144512 drawableType=0 drawableId=0x600037 geom=2898x1848 size=2912x22 format=2 depth=24
04-17 08:30:20.383 I/LorieNative(16758): DamageTraceV2: PutImage count=142464 drawableType=WINDOW screenPixmap=0 drawable=0xb400007cd98d66b0 geom=2898x1848 box=0,1562-2898,1584 backend=other fn=0x7bd5f2ee24 fn_offset=0x30de24 fbase=0x7bd5c21000 sym=unknown so=/data/app/~~iNwcSjv3C2CZCLwcLxpEtA==/com.termux.x11-1tus8NhfW98goVF914TrYw==/base.apk!/lib/arm64-v8a/libXlorie.so
04-17 08:30:20.461 I/LorieNative(16758): DamageTraceV2: PutImage count=142528 drawableType=WINDOW screenPixmap=0 drawable=0xb400007cd98d66b0 geom=2898x1848 box=0,1122-2898,1144 backend=other fn=0x7bd5f2ee24 fn_offset=0x30de24 fbase=0x7bd5c21000 sym=unknown so=/data/app/~~iNwcSjv3C2CZCLwcLxpEtA==/com.termux.x11-1tus8NhfW98goVF914TrYw==/base.apk!/lib/arm64-v8a/libXlorie.so
04-17 08:30:20.551 I/LorieNative(16758): ExaTrace: putImage accel count=144640 drawableType=0 drawableId=0x600037 geom=2898x1848 size=2912x22 format=2 depth=24
04-17 08:30:20.560 I/LorieNative(16758): DamageTraceV2: PutImage count=142592 drawableType=WINDOW screenPixmap=0 drawable=0xb400007cd98d66b0 geom=2898x1848 box=0,682-2898,704 backend=other fn=0x7bd5f2ee24 fn_offset=0x30de24 fbase=0x7bd5c21000 sym=unknown so=/data/app/~~iNwcSjv3C2CZCLwcLxpEtA==/com.termux.x11-1tus8NhfW98goVF914TrYw==/base.apk!/lib/arm64-v8a/libXlorie.so
04-17 08:30:20.583 I/LorieNative(16758): choreographer callbacks in 5.0 seconds = 120.0 FPS
04-17 08:30:20.583 I/LorieNative(16758): redraw wakeups in 5.0 seconds = 120.0 FPS
04-17 08:30:20.583 I/LorieNative(16758): damage-triggered redraws in 5.0 seconds = 25.4 FPS
04-17 08:30:20.583 I/LorieNative(16758): AhbLockTrace: sticky=0 lock_calls=127 unlock_calls=127 sticky_hits=5124 flush_skipped=0 in 5.0s
04-17 08:30:20.583 I/LorieNative(16758): present flip attempts in 5.0 seconds = 0.0 FPS (accepted 0.0, rejected 0.0)
04-17 08:30:20.583 I/LorieNative(16758): present after-flips in 5.0 seconds = 0.0 FPS
04-17 08:30:20.583 I/LorieNative(16758): 126 frames in 5.0 seconds = 25.2 FPS
04-17 08:30:20.639 I/LorieNative(16758): DamageTraceV2: PutImage count=142656 drawableType=WINDOW screenPixmap=0 drawable=0xb400007cd98d66b0 geom=2898x1848 box=0,242-2898,264 backend=other fn=0x7bd5f2ee24 fn_offset=0x30de24 fbase=0x7bd5c21000 sym=unknown so=/data/app/~~iNwcSjv3C2CZCLwcLxpEtA==/com.termux.x11-1tus8NhfW98goVF914TrYw==/base.apk!/lib/arm64-v8a/libXlorie.so
04-17 08:30:20.655 I/LorieNative(16758): ExaTrace: putImage accel count=144768 drawableType=0 drawableId=0x600037 geom=2898x1848 size=2912x22 format=2 depth=24
04-17 08:30:20.657 I/LorieNative(16758): DamageTraceV2: PutImage count=142720 drawableType=WINDOW screenPixmap=0 drawable=0xb400007cd98d66b0 geom=2898x1848 box=0,1650-2898,1672 backend=other fn=0x7bd5f2ee24 fn_offset=0x30de24 fbase=0x7bd5c21000 sym=unknown so=/data/app/~~iNwcSjv3C2CZCLwcLxpEtA==/com.termux.x11-1tus8NhfW98goVF914TrYw==/base.apk!/lib/arm64-v8a/libXlorie.so
04-17 08:30:20.743 I/LorieNative(16758): DamageTraceV2: PutImage count=142784 drawableType=WINDOW screenPixmap=0 drawable=0xb400007cd98d66b0 geom=2898x1848 box=0,1210-2898,1232 backend=other fn=0x7bd5f2ee24 fn_offset=0x30de24 fbase=0x7bd5c21000 sym=unknown so=/data/app/~~iNwcSjv3C2CZCLwcLxpEtA==/com.termux.x11-1tus8NhfW98goVF914TrYw==/base.apk!/lib/arm64-v8a/libXlorie.so
04-17 08:30:20.833 I/LorieNative(16758): ExaTrace: putImage accel count=144896 drawableType=0 drawableId=0x600037 geom=2898x1848 size=2912x22 format=2 depth=24
04-17 08:30:20.840 I/LorieNative(16758): DamageTraceV2: PutImage count=142848 drawableType=WINDOW screenPixmap=0 drawable=0xb400007cd98d66b0 geom=2898x1848 box=0,770-2898,792 backend=other fn=0x7bd5f2ee24 fn_offset=0x30de24 fbase=0x7bd5c21000 sym=unknown so=/data/app/~~iNwcSjv3C2CZCLwcLxpEtA==/com.termux.x11-1tus8NhfW98goVF914TrYw==/base.apk!/lib/arm64-v8a/libXlorie.so
04-17 08:30:20.917 I/LorieNative(16758): DamageTraceV2: PutImage count=142912 drawableType=WINDOW screenPixmap=0 drawable=0xb400007cd98d66b0 geom=2898x1848 box=0,330-2898,352 backend=other fn=0x7bd5f2ee24 fn_offset=0x30de24 fbase=0x7bd5c21000 sym=unknown so=/data/app/~~iNwcSjv3C2CZCLwcLxpEtA==/com.termux.x11-1tus8NhfW98goVF914TrYw==/base.apk!/lib/arm64-v8a/libXlorie.so
04-17 08:30:20.931 I/LorieNative(16758): ExaTrace: putImage accel count=145024 drawableType=0 drawableId=0x600037 geom=2898x1848 size=2912x22 format=2 depth=24
04-17 08:30:20.933 I/LorieNative(16758): DamageTraceV2: PutImage count=142976 drawableType=WINDOW screenPixmap=0 drawable=0xb400007cd98d66b0 geom=2898x1848 box=0,1738-2898,1760 backend=other fn=0x7bd5f2ee24 fn_offset=0x30de24 fbase=0x7bd5c21000 sym=unknown so=/data/app/~~iNwcSjv3C2CZCLwcLxpEtA==/com.termux.x11-1tus8NhfW98goVF914TrYw==/base.apk!/lib/arm64-v8a/libXlorie.so
04-17 08:30:21.014 I/LorieNative(16758): DamageTraceV2: PutImage count=143040 drawableType=WINDOW screenPixmap=0 drawable=0xb400007cd98d66b0 geom=2898x1848 box=0,1298-2898,1320 backend=other fn=0x7bd5f2ee24 fn_offset=0x30de24 fbase=0x7bd5c21000 sym=unknown so=/data/app/~~iNwcSjv3C2CZCLwcLxpEtA==/com.termux.x11-1tus8NhfW98goVF914TrYw==/base.apk!/lib/arm64-v8a/libXlorie.so
04-17 08:30:21.095 I/LorieNative(16758): ExaTrace: putImage accel count=145152 drawableType=0 drawableId=0x600037 geom=2898x1848 size=2912x22 format=2 depth=24
04-17 08:30:21.100 I/LorieNative(16758): DamageTraceV2: PutImage count=143104 drawableType=WINDOW screenPixmap=0 drawable=0xb400007cd98d66b0 geom=2898x1848 box=0,858-2898,880 backend=other fn=0x7bd5f2ee24 fn_offset=0x30de24 fbase=0x7bd5c21000 sym=unknown so=/data/app/~~iNwcSjv3C2CZCLwcLxpEtA==/com.termux.x11-1tus8NhfW98goVF914TrYw==/base.apk!/lib/arm64-v8a/libXlorie.so
04-17 08:30:21.174 I/LorieNative(16758): DamageTraceV2: PutImage count=143168 drawableType=WINDOW screenPixmap=0 drawable=0xb400007cd98d66b0 geom=2898x1848 box=0,418-2898,440 backend=other fn=0x7bd5f2ee24 fn_offset=0x30de24 fbase=0x7bd5c21000 sym=unknown so=/data/app/~~iNwcSjv3C2CZCLwcLxpEtA==/com.termux.x11-1tus8NhfW98goVF914TrYw==/base.apk!/lib/arm64-v8a/libXlorie.so
04-17 08:30:21.193 I/LorieNative(16758): ExaTrace: putImage accel count=145280 drawableType=0 drawableId=0x600037 geom=2898x1848 size=2912x22 format=2 depth=24
04-17 08:30:21.200 I/LorieNative(16758): DamageTraceV2: PutImage count=143232 drawableType=WINDOW screenPixmap=0 drawable=0xb400007cd98d66b0 geom=2898x1848 box=0,1826-2898,1848 backend=other fn=0x7bd5f2ee24 fn_offset=0x30de24 fbase=0x7bd5c21000 sym=unknown so=/data/app/~~iNwcSjv3C2CZCLwcLxpEtA==/com.termux.x11-1tus8NhfW98goVF914TrYw==/base.apk!/lib/arm64-v8a/libXlorie.so
04-17 08:30:21.284 I/LorieNative(16758): DamageTraceV2: PutImage count=143296 drawableType=WINDOW screenPixmap=0 drawable=0xb400007cd98d66b0 geom=2898x1848 box=0,1386-2898,1408 backend=other fn=0x7bd5f2ee24 fn_offset=0x30de24 fbase=0x7bd5c21000 sym=unknown so=/data/app/~~iNwcSjv3C2CZCLwcLxpEtA==/com.termux.x11-1tus8NhfW98goVF914TrYw==/base.apk!/lib/arm64-v8a/libXlorie.so
04-17 08:30:21.364 I/LorieNative(16758): ExaTrace: putImage accel count=145408 drawableType=0 drawableId=0x600037 geom=2898x1848 size=2912x22 format=2 depth=24
04-17 08:30:21.367 I/LorieNative(16758): DamageTraceV2: PutImage count=143360 drawableType=WINDOW screenPixmap=0 drawable=0xb400007cd98d66b0 geom=2898x1848 box=0,946-2898,968 backend=other fn=0x7bd5f2ee24 fn_offset=0x30de24 fbase=0x7bd5c21000 sym=unknown so=/data/app/~~iNwcSjv3C2CZCLwcLxpEtA==/com.termux.x11-1tus8NhfW98goVF914TrYw==/base.apk!/lib/arm64-v8a/libXlorie.so
04-17 08:30:21.443 I/LorieNative(16758): DamageTraceV2: PutImage count=143424 drawableType=WINDOW screenPixmap=0 drawable=0xb400007cd98d66b0 geom=2898x1848 box=0,506-2898,528 backend=other fn=0x7bd5f2ee24 fn_offset=0x30de24 fbase=0x7bd5c21000 sym=unknown so=/data/app/~~iNwcSjv3C2CZCLwcLxpEtA==/com.termux.x11-1tus8NhfW98goVF914TrYw==/base.apk!/lib/arm64-v8a/libXlorie.so
04-17 08:30:21.460 I/LorieNative(16758): ExaTrace: putImage accel count=145536 drawableType=0 drawableId=0x600037 geom=2898x1848 size=2912x22 format=2 depth=24
04-17 08:30:21.523 I/LorieNative(16758): DamageTraceV2: PutImage count=143488 drawableType=WINDOW screenPixmap=0 drawable=0xb400007cd98d66b0 geom=2898x1848 box=0,66-2898,88 backend=other fn=0x7bd5f2ee24 fn_offset=0x30de24 fbase=0x7bd5c21000 sym=unknown so=/data/app/~~iNwcSjv3C2CZCLwcLxpEtA==/com.termux.x11-1tus8NhfW98goVF914TrYw==/base.apk!/lib/arm64-v8a/libXlorie.so
04-17 08:30:21.533 I/LorieNative(16758): DamageTraceV2: PutImage count=143552 drawableType=WINDOW screenPixmap=0 drawable=0xb400007cd98d66b0 geom=2898x1848 box=0,1474-2898,1496 backend=other fn=0x7bd5f2ee24 fn_offset=0x30de24 fbase=0x7bd5c21000 sym=unknown so=/data/app/~~iNwcSjv3C2CZCLwcLxpEtA==/com.termux.x11-1tus8NhfW98goVF914TrYw==/base.apk!/lib/arm64-v8a/libXlorie.so
04-17 08:30:21.602 I/LorieNative(16758): ExaTrace: putImage accel count=145664 drawableType=0 drawableId=0x600037 geom=2898x1848 size=2912x22 format=2 depth=24
04-17 08:30:21.605 I/LorieNative(16758): DamageTraceV2: PutImage count=143616 drawableType=WINDOW screenPixmap=0 drawable=0xb400007cd98d66b0 geom=2898x1848 box=0,1034-2898,1056 backend=other fn=0x7bd5f2ee24 fn_offset=0x30de24 fbase=0x7bd5c21000 sym=unknown so=/data/app/~~iNwcSjv3C2CZCLwcLxpEtA==/com.termux.x11-1tus8NhfW98goVF914TrYw==/base.apk!/lib/arm64-v8a/libXlorie.so
04-17 08:30:21.670 I/LorieNative(16758): DamageTraceV2: PutImage count=143680 drawableType=WINDOW screenPixmap=0 drawable=0xb400007cd98d66b0 geom=2898x1848 box=0,594-2898,616 backend=other fn=0x7bd5f2ee24 fn_offset=0x30de24 fbase=0x7bd5c21000 sym=unknown so=/data/app/~~iNwcSjv3C2CZCLwcLxpEtA==/com.termux.x11-1tus8NhfW98goVF914TrYw==/base.apk!/lib/arm64-v8a/libXlorie.so
04-17 08:30:21.683 I/LorieNative(16758): ExaTrace: putImage accel count=145792 drawableType=0 drawableId=0x600037 geom=2898x1848 size=2912x22 format=2 depth=24
04-17 08:30:21.756 I/LorieNative(16758): DamageTraceV2: PutImage count=143744 drawableType=WINDOW screenPixmap=0 drawable=0xb400007cd98d66b0 geom=2898x1848 box=0,154-2898,176 backend=other fn=0x7bd5f2ee24 fn_offset=0x30de24 fbase=0x7bd5c21000 sym=unknown so=/data/app/~~iNwcSjv3C2CZCLwcLxpEtA==/com.termux.x11-1tus8NhfW98goVF914TrYw==/base.apk!/lib/arm64-v8a/libXlorie.so
04-17 08:30:21.776 I/LorieNative(16758): DamageTraceV2: PutImage count=143808 drawableType=WINDOW screenPixmap=0 drawable=0xb400007cd98d66b0 geom=2898x1848 box=0,1562-2898,1584 backend=other fn=0x7bd5f2ee24 fn_offset=0x30de24 fbase=0x7bd5c21000 sym=unknown so=/data/app/~~iNwcSjv3C2CZCLwcLxpEtA==/com.termux.x11-1tus8NhfW98goVF914TrYw==/base.apk!/lib/arm64-v8a/libXlorie.so
04-17 08:30:21.847 I/LorieNative(16758): ExaTrace: putImage accel count=145920 drawableType=0 drawableId=0x600037 geom=2898x1848 size=2912x22 format=2 depth=24
04-17 08:30:21.853 I/LorieNative(16758): DamageTraceV2: PutImage count=143872 drawableType=WINDOW screenPixmap=0 drawable=0xb400007cd98d66b0 geom=2898x1848 box=0,1122-2898,1144 backend=other fn=0x7bd5f2ee24 fn_offset=0x30de24 fbase=0x7bd5c21000 sym=unknown so=/data/app/~~iNwcSjv3C2CZCLwcLxpEtA==/com.termux.x11-1tus8NhfW98goVF914TrYw==/base.apk!/lib/arm64-v8a/libXlorie.so
04-17 08:30:21.922 I/LorieNative(16758): DamageTraceV2: PutImage count=143936 drawableType=WINDOW screenPixmap=0 drawable=0xb400007cd98d66b0 geom=2898x1848 box=0,682-2898,704 backend=other fn=0x7bd5f2ee24 fn_offset=0x30de24 fbase=0x7bd5c21000 sym=unknown so=/data/app/~~iNwcSjv3C2CZCLwcLxpEtA==/com.termux.x11-1tus8NhfW98goVF914TrYw==/base.apk!/lib/arm64-v8a/libXlorie.so
04-17 08:30:21.935 I/LorieNative(16758): ExaTrace: putImage accel count=146048 drawableType=0 drawableId=0x600037 geom=2898x1848 size=2912x22 format=2 depth=24
04-17 08:30:22.007 I/LorieNative(16758): DamageTraceV2: PutImage count=144000 drawableType=WINDOW screenPixmap=0 drawable=0xb400007cd98d66b0 geom=2898x1848 box=0,242-2898,264 backend=other fn=0x7bd5f2ee24 fn_offset=0x30de24 fbase=0x7bd5c21000 sym=unknown so=/data/app/~~iNwcSjv3C2CZCLwcLxpEtA==/com.termux.x11-1tus8NhfW98goVF914TrYw==/base.apk!/lib/arm64-v8a/libXlorie.so
04-17 08:30:22.026 I/LorieNative(16758): DamageTraceV2: PutImage count=144064 drawableType=WINDOW screenPixmap=0 drawable=0xb400007cd98d66b0 geom=2898x1848 box=0,1650-2898,1672 backend=other fn=0x7bd5f2ee24 fn_offset=0x30de24 fbase=0x7bd5c21000 sym=unknown so=/data/app/~~iNwcSjv3C2CZCLwcLxpEtA==/com.termux.x11-1tus8NhfW98goVF914TrYw==/base.apk!/lib/arm64-v8a/libXlorie.so
04-17 08:30:22.102 I/LorieNative(16758): ExaTrace: putImage accel count=146176 drawableType=0 drawableId=0x600037 geom=2898x1848 size=2912x22 format=2 depth=24
04-17 08:30:22.107 I/LorieNative(16758): DamageTraceV2: PutImage count=144128 drawableType=WINDOW screenPixmap=0 drawable=0xb400007cd98d66b0 geom=2898x1848 box=0,1210-2898,1232 backend=other fn=0x7bd5f2ee24 fn_offset=0x30de24 fbase=0x7bd5c21000 sym=unknown so=/data/app/~~iNwcSjv3C2CZCLwcLxpEtA==/com.termux.x11-1tus8NhfW98goVF914TrYw==/base.apk!/lib/arm64-v8a/libXlorie.so
04-17 08:30:22.176 I/LorieNative(16758): DamageTraceV2: PutImage count=144192 drawableType=WINDOW screenPixmap=0 drawable=0xb400007cd98d66b0 geom=2898x1848 box=0,770-2898,792 backend=other fn=0x7bd5f2ee24 fn_offset=0x30de24 fbase=0x7bd5c21000 sym=unknown so=/data/app/~~iNwcSjv3C2CZCLwcLxpEtA==/com.termux.x11-1tus8NhfW98goVF914TrYw==/base.apk!/lib/arm64-v8a/libXlorie.so
04-17 08:30:22.236 I/LorieNative(16758): ExaTrace: putImage accel count=146304 drawableType=0 drawableId=0x600037 geom=2898x1848 size=2912x22 format=2 depth=24
04-17 08:30:22.243 I/LorieNative(16758): DamageTraceV2: PutImage count=144256 drawableType=WINDOW screenPixmap=0 drawable=0xb400007cd98d66b0 geom=2898x1848 box=0,330-2898,352 backend=other fn=0x7bd5f2ee24 fn_offset=0x30de24 fbase=0x7bd5c21000 sym=unknown so=/data/app/~~iNwcSjv3C2CZCLwcLxpEtA==/com.termux.x11-1tus8NhfW98goVF914TrYw==/base.apk!/lib/arm64-v8a/libXlorie.so
04-17 08:30:22.261 I/LorieNative(16758): DamageTraceV2: PutImage count=144320 drawableType=WINDOW screenPixmap=0 drawable=0xb400007cd98d66b0 geom=2898x1848 box=0,1738-2898,1760 backend=other fn=0x7bd5f2ee24 fn_offset=0x30de24 fbase=0x7bd5c21000 sym=unknown so=/data/app/~~iNwcSjv3C2CZCLwcLxpEtA==/com.termux.x11-1tus8NhfW98goVF914TrYw==/base.apk!/lib/arm64-v8a/libXlorie.so
04-17 08:30:22.336 I/LorieNative(16758): ExaTrace: putImage accel count=146432 drawableType=0 drawableId=0x600037 geom=2898x1848 size=2912x22 format=2 depth=24
04-17 08:30:22.340 I/LorieNative(16758): DamageTraceV2: PutImage count=144384 drawableType=WINDOW screenPixmap=0 drawable=0xb400007cd98d66b0 geom=2898x1848 box=0,1298-2898,1320 backend=other fn=0x7bd5f2ee24 fn_offset=0x30de24 fbase=0x7bd5c21000 sym=unknown so=/data/app/~~iNwcSjv3C2CZCLwcLxpEtA==/com.termux.x11-1tus8NhfW98goVF914TrYw==/base.apk!/lib/arm64-v8a/libXlorie.so
04-17 08:30:22.416 I/LorieNative(16758): DamageTraceV2: PutImage count=144448 drawableType=WINDOW screenPixmap=0 drawable=0xb400007cd98d66b0 geom=2898x1848 box=0,858-2898,880 backend=other fn=0x7bd5f2ee24 fn_offset=0x30de24 fbase=0x7bd5c21000 sym=unknown so=/data/app/~~iNwcSjv3C2CZCLwcLxpEtA==/com.termux.x11-1tus8NhfW98goVF914TrYw==/base.apk!/lib/arm64-v8a/libXlorie.so
04-17 08:30:22.490 I/LorieNative(16758): ExaTrace: putImage accel count=146560 drawableType=0 drawableId=0x600037 geom=2898x1848 size=2912x22 format=2 depth=24
04-17 08:30:22.492 I/LorieNative(16758): DamageTraceV2: PutImage count=144512 drawableType=WINDOW screenPixmap=0 drawable=0xb400007cd98d66b0 geom=2898x1848 box=0,418-2898,440 backend=other fn=0x7bd5f2ee24 fn_offset=0x30de24 fbase=0x7bd5c21000 sym=unknown so=/data/app/~~iNwcSjv3C2CZCLwcLxpEtA==/com.termux.x11-1tus8NhfW98goVF914TrYw==/base.apk!/lib/arm64-v8a/libXlorie.so
04-17 08:30:22.508 I/LorieNative(16758): DamageTraceV2: PutImage count=144576 drawableType=WINDOW screenPixmap=0 drawable=0xb400007cd98d66b0 geom=2898x1848 box=0,1826-2898,1848 backend=other fn=0x7bd5f2ee24 fn_offset=0x30de24 fbase=0x7bd5c21000 sym=unknown so=/data/app/~~iNwcSjv3C2CZCLwcLxpEtA==/com.termux.x11-1tus8NhfW98goVF914TrYw==/base.apk!/lib/arm64-v8a/libXlorie.so
04-17 08:30:22.574 I/LorieNative(16758): ExaTrace: putImage accel count=146688 drawableType=0 drawableId=0x600037 geom=2898x1848 size=2912x22 format=2 depth=24
04-17 08:30:22.576 I/LorieNative(16758): DamageTraceV2: PutImage count=144640 drawableType=WINDOW screenPixmap=0 drawable=0xb400007cd98d66b0 geom=2898x1848 box=0,1386-2898,1408 backend=other fn=0x7bd5f2ee24 fn_offset=0x30de24 fbase=0x7bd5c21000 sym=unknown so=/data/app/~~iNwcSjv3C2CZCLwcLxpEtA==/com.termux.x11-1tus8NhfW98goVF914TrYw==/base.apk!/lib/arm64-v8a/libXlorie.so
04-17 08:30:22.645 I/LorieNative(16758): DamageTraceV2: PutImage count=144704 drawableType=WINDOW screenPixmap=0 drawable=0xb400007cd98d66b0 geom=2898x1848 box=0,946-2898,968 backend=other fn=0x7bd5f2ee24 fn_offset=0x30de24 fbase=0x7bd5c21000 sym=unknown so=/data/app/~~iNwcSjv3C2CZCLwcLxpEtA==/com.termux.x11-1tus8NhfW98goVF914TrYw==/base.apk!/lib/arm64-v8a/libXlorie.so
04-17 08:30:22.720 I/LorieNative(16758): ExaTrace: putImage accel count=146816 drawableType=0 drawableId=0x600037 geom=2898x1848 size=2912x22 format=2 depth=24
04-17 08:30:22.722 I/LorieNative(16758): DamageTraceV2: PutImage count=144768 drawableType=WINDOW screenPixmap=0 drawable=0xb400007cd98d66b0 geom=2898x1848 box=0,506-2898,528 backend=other fn=0x7bd5f2ee24 fn_offset=0x30de24 fbase=0x7bd5c21000 sym=unknown so=/data/app/~~iNwcSjv3C2CZCLwcLxpEtA==/com.termux.x11-1tus8NhfW98goVF914TrYw==/base.apk!/lib/arm64-v8a/libXlorie.so
04-17 08:30:22.784 I/LorieNative(16758): DamageTraceV2: PutImage count=144832 drawableType=WINDOW screenPixmap=0 drawable=0xb400007cd98d66b0 geom=2898x1848 box=0,66-2898,88 backend=other fn=0x7bd5f2ee24 fn_offset=0x30de24 fbase=0x7bd5c21000 sym=unknown so=/data/app/~~iNwcSjv3C2CZCLwcLxpEtA==/com.termux.x11-1tus8NhfW98goVF914TrYw==/base.apk!/lib/arm64-v8a/libXlorie.so
04-17 08:30:22.804 I/LorieNative(16758): ExaTrace: putImage accel count=146944 drawableType=0 drawableId=0x600037 geom=2898x1848 size=2912x22 format=2 depth=24
04-17 08:30:22.809 I/LorieNative(16758): DamageTraceV2: PutImage count=144896 drawableType=WINDOW screenPixmap=0 drawable=0xb400007cd98d66b0 geom=2898x1848 box=0,1474-2898,1496 backend=other fn=0x7bd5f2ee24 fn_offset=0x30de24 fbase=0x7bd5c21000 sym=unknown so=/data/app/~~iNwcSjv3C2CZCLwcLxpEtA==/com.termux.x11-1tus8NhfW98goVF914TrYw==/base.apk!/lib/arm64-v8a/libXlorie.so
04-17 08:30:22.895 I/LorieNative(16758): DamageTraceV2: PutImage count=144960 drawableType=WINDOW screenPixmap=0 drawable=0xb400007cd98d66b0 geom=2898x1848 box=0,1034-2898,1056 backend=other fn=0x7bd5f2ee24 fn_offset=0x30de24 fbase=0x7bd5c21000 sym=unknown so=/data/app/~~iNwcSjv3C2CZCLwcLxpEtA==/com.termux.x11-1tus8NhfW98goVF914TrYw==/base.apk!/lib/arm64-v8a/libXlorie.so
04-17 08:30:22.971 I/LorieNative(16758): ExaTrace: putImage accel count=147072 drawableType=0 drawableId=0x600037 geom=2898x1848 size=2912x22 format=2 depth=24
04-17 08:30:22.977 I/LorieNative(16758): DamageTraceV2: PutImage count=145024 drawableType=WINDOW screenPixmap=0 drawable=0xb400007cd98d66b0 geom=2898x1848 box=0,594-2898,616 backend=other fn=0x7bd5f2ee24 fn_offset=0x30de24 fbase=0x7bd5c21000 sym=unknown so=/data/app/~~iNwcSjv3C2CZCLwcLxpEtA==/com.termux.x11-1tus8NhfW98goVF914TrYw==/base.apk!/lib/arm64-v8a/libXlorie.so
04-17 08:30:23.050 I/LorieNative(16758): DamageTraceV2: PutImage count=145088 drawableType=WINDOW screenPixmap=0 drawable=0xb400007cd98d66b0 geom=2898x1848 box=0,154-2898,176 backend=other fn=0x7bd5f2ee24 fn_offset=0x30de24 fbase=0x7bd5c21000 sym=unknown so=/data/app/~~iNwcSjv3C2CZCLwcLxpEtA==/com.termux.x11-1tus8NhfW98goVF914TrYw==/base.apk!/lib/arm64-v8a/libXlorie.so
04-17 08:30:23.068 I/LorieNative(16758): ExaTrace: putImage accel count=147200 drawableType=0 drawableId=0x600037 geom=2898x1848 size=2912x22 format=2 depth=24
04-17 08:30:23.073 I/LorieNative(16758): DamageTraceV2: PutImage count=145152 drawableType=WINDOW screenPixmap=0 drawable=0xb400007cd98d66b0 geom=2898x1848 box=0,1562-2898,1584 backend=other fn=0x7bd5f2ee24 fn_offset=0x30de24 fbase=0x7bd5c21000 sym=unknown so=/data/app/~~iNwcSjv3C2CZCLwcLxpEtA==/com.termux.x11-1tus8NhfW98goVF914TrYw==/base.apk!/lib/arm64-v8a/libXlorie.so
04-17 08:30:23.150 I/LorieNative(16758): DamageTraceV2: PutImage count=145216 drawableType=WINDOW screenPixmap=0 drawable=0xb400007cd98d66b0 geom=2898x1848 box=0,1122-2898,1144 backend=other fn=0x7bd5f2ee24 fn_offset=0x30de24 fbase=0x7bd5c21000 sym=unknown so=/data/app/~~iNwcSjv3C2CZCLwcLxpEtA==/com.termux.x11-1tus8NhfW98goVF914TrYw==/base.apk!/lib/arm64-v8a/libXlorie.so
04-17 08:30:23.226 I/LorieNative(16758): ExaTrace: putImage accel count=147328 drawableType=0 drawableId=0x600037 geom=2898x1848 size=2912x22 format=2 depth=24
04-17 08:30:23.230 I/LorieNative(16758): DamageTraceV2: PutImage count=145280 drawableType=WINDOW screenPixmap=0 drawable=0xb400007cd98d66b0 geom=2898x1848 box=0,682-2898,704 backend=other fn=0x7bd5f2ee24 fn_offset=0x30de24 fbase=0x7bd5c21000 sym=unknown so=/data/app/~~iNwcSjv3C2CZCLwcLxpEtA==/com.termux.x11-1tus8NhfW98goVF914TrYw==/base.apk!/lib/arm64-v8a/libXlorie.so
04-17 08:30:23.307 I/LorieNative(16758): DamageTraceV2: PutImage count=145344 drawableType=WINDOW screenPixmap=0 drawable=0xb400007cd98d66b0 geom=2898x1848 box=0,242-2898,264 backend=other fn=0x7bd5f2ee24 fn_offset=0x30de24 fbase=0x7bd5c21000 sym=unknown so=/data/app/~~iNwcSjv3C2CZCLwcLxpEtA==/com.termux.x11-1tus8NhfW98goVF914TrYw==/base.apk!/lib/arm64-v8a/libXlorie.so
04-17 08:30:23.323 I/LorieNative(16758): ExaTrace: putImage accel count=147456 drawableType=0 drawableId=0x600037 geom=2898x1848 size=2912x22 format=2 depth=24
04-17 08:30:23.326 I/LorieNative(16758): DamageTraceV2: PutImage count=145408 drawableType=WINDOW screenPixmap=0 drawable=0xb400007cd98d66b0 geom=2898x1848 box=0,1650-2898,1672 backend=other fn=0x7bd5f2ee24 fn_offset=0x30de24 fbase=0x7bd5c21000 sym=unknown so=/data/app/~~iNwcSjv3C2CZCLwcLxpEtA==/com.termux.x11-1tus8NhfW98goVF914TrYw==/base.apk!/lib/arm64-v8a/libXlorie.so
04-17 08:30:23.414 I/LorieNative(16758): DamageTraceV2: PutImage count=145472 drawableType=WINDOW screenPixmap=0 drawable=0xb400007cd98d66b0 geom=2898x1848 box=0,1210-2898,1232 backend=other fn=0x7bd5f2ee24 fn_offset=0x30de24 fbase=0x7bd5c21000 sym=unknown so=/data/app/~~iNwcSjv3C2CZCLwcLxpEtA==/com.termux.x11-1tus8NhfW98goVF914TrYw==/base.apk!/lib/arm64-v8a/libXlorie.so
04-17 08:30:23.492 I/LorieNative(16758): ExaTrace: putImage accel count=147584 drawableType=0 drawableId=0x600037 geom=2898x1848 size=2912x22 format=2 depth=24
04-17 08:30:23.497 I/LorieNative(16758): DamageTraceV2: PutImage count=145536 drawableType=WINDOW screenPixmap=0 drawable=0xb400007cd98d66b0 geom=2898x1848 box=0,770-2898,792 backend=other fn=0x7bd5f2ee24 fn_offset=0x30de24 fbase=0x7bd5c21000 sym=unknown so=/data/app/~~iNwcSjv3C2CZCLwcLxpEtA==/com.termux.x11-1tus8NhfW98goVF914TrYw==/base.apk!/lib/arm64-v8a/libXlorie.so
04-17 08:30:23.580 I/LorieNative(16758): DamageTraceV2: PutImage count=145600 drawableType=WINDOW screenPixmap=0 drawable=0xb400007cd98d66b0 geom=2898x1848 box=0,330-2898,352 backend=other fn=0x7bd5f2ee24 fn_offset=0x30de24 fbase=0x7bd5c21000 sym=unknown so=/data/app/~~iNwcSjv3C2CZCLwcLxpEtA==/com.termux.x11-1tus8NhfW98goVF914TrYw==/base.apk!/lib/arm64-v8a/libXlorie.so
04-17 08:30:23.595 I/LorieNative(16758): ExaTrace: putImage accel count=147712 drawableType=0 drawableId=0x600037 geom=2898x1848 size=2912x22 format=2 depth=24
04-17 08:30:23.597 I/LorieNative(16758): DamageTraceV2: PutImage count=145664 drawableType=WINDOW screenPixmap=0 drawable=0xb400007cd98d66b0 geom=2898x1848 box=0,1738-2898,1760 backend=other fn=0x7bd5f2ee24 fn_offset=0x30de24 fbase=0x7bd5c21000 sym=unknown so=/data/app/~~iNwcSjv3C2CZCLwcLxpEtA==/com.termux.x11-1tus8NhfW98goVF914TrYw==/base.apk!/lib/arm64-v8a/libXlorie.so
04-17 08:30:23.671 I/LorieNative(16758): DamageTraceV2: PutImage count=145728 drawableType=WINDOW screenPixmap=0 drawable=0xb400007cd98d66b0 geom=2898x1848 box=0,1298-2898,1320 backend=other fn=0x7bd5f2ee24 fn_offset=0x30de24 fbase=0x7bd5c21000 sym=unknown so=/data/app/~~iNwcSjv3C2CZCLwcLxpEtA==/com.termux.x11-1tus8NhfW98goVF914TrYw==/base.apk!/lib/arm64-v8a/libXlorie.so
04-17 08:30:23.744 I/LorieNative(16758): ExaTrace: putImage accel count=147840 drawableType=0 drawableId=0x600037 geom=2898x1848 size=2912x22 format=2 depth=24
04-17 08:30:23.748 I/LorieNative(16758): DamageTraceV2: PutImage count=145792 drawableType=WINDOW screenPixmap=0 drawable=0xb400007cd98d66b0 geom=2898x1848 box=0,858-2898,880 backend=other fn=0x7bd5f2ee24 fn_offset=0x30de24 fbase=0x7bd5c21000 sym=unknown so=/data/app/~~iNwcSjv3C2CZCLwcLxpEtA==/com.termux.x11-1tus8NhfW98goVF914TrYw==/base.apk!/lib/arm64-v8a/libXlorie.so
04-17 08:30:23.826 I/LorieNative(16758): DamageTraceV2: PutImage count=145856 drawableType=WINDOW screenPixmap=0 drawable=0xb400007cd98d66b0 geom=2898x1848 box=0,418-2898,440 backend=other fn=0x7bd5f2ee24 fn_offset=0x30de24 fbase=0x7bd5c21000 sym=unknown so=/data/app/~~iNwcSjv3C2CZCLwcLxpEtA==/com.termux.x11-1tus8NhfW98goVF914TrYw==/base.apk!/lib/arm64-v8a/libXlorie.so
04-17 08:30:23.843 I/LorieNative(16758): ExaTrace: putImage accel count=147968 drawableType=0 drawableId=0x600037 geom=2898x1848 size=2912x22 format=2 depth=24
04-17 08:30:23.849 I/LorieNative(16758): DamageTraceV2: PutImage count=145920 drawableType=WINDOW screenPixmap=0 drawable=0xb400007cd98d66b0 geom=2898x1848 box=0,1826-2898,1848 backend=other fn=0x7bd5f2ee24 fn_offset=0x30de24 fbase=0x7bd5c21000 sym=unknown so=/data/app/~~iNwcSjv3C2CZCLwcLxpEtA==/com.termux.x11-1tus8NhfW98goVF914TrYw==/base.apk!/lib/arm64-v8a/libXlorie.so
04-17 08:30:23.917 I/LorieNative(16758): DamageTraceV2: PutImage count=145984 drawableType=WINDOW screenPixmap=0 drawable=0xb400007cd98d66b0 geom=2898x1848 box=0,1386-2898,1408 backend=other fn=0x7bd5f2ee24 fn_offset=0x30de24 fbase=0x7bd5c21000 sym=unknown so=/data/app/~~iNwcSjv3C2CZCLwcLxpEtA==/com.termux.x11-1tus8NhfW98goVF914TrYw==/base.apk!/lib/arm64-v8a/libXlorie.so
04-17 08:30:23.989 I/LorieNative(16758): ExaTrace: putImage accel count=148096 drawableType=0 drawableId=0x600037 geom=2898x1848 size=2912x22 format=2 depth=24
04-17 08:30:23.995 I/LorieNative(16758): DamageTraceV2: PutImage count=146048 drawableType=WINDOW screenPixmap=0 drawable=0xb400007cd98d66b0 geom=2898x1848 box=0,946-2898,968 backend=other fn=0x7bd5f2ee24 fn_offset=0x30de24 fbase=0x7bd5c21000 sym=unknown so=/data/app/~~iNwcSjv3C2CZCLwcLxpEtA==/com.termux.x11-1tus8NhfW98goVF914TrYw==/base.apk!/lib/arm64-v8a/libXlorie.so
04-17 08:30:24.068 I/LorieNative(16758): DamageTraceV2: PutImage count=146112 drawableType=WINDOW screenPixmap=0 drawable=0xb400007cd98d66b0 geom=2898x1848 box=0,506-2898,528 backend=other fn=0x7bd5f2ee24 fn_offset=0x30de24 fbase=0x7bd5c21000 sym=unknown so=/data/app/~~iNwcSjv3C2CZCLwcLxpEtA==/com.termux.x11-1tus8NhfW98goVF914TrYw==/base.apk!/lib/arm64-v8a/libXlorie.so
04-17 08:30:24.084 I/LorieNative(16758): ExaTrace: putImage accel count=148224 drawableType=0 drawableId=0x600037 geom=2898x1848 size=2912x22 format=2 depth=24
04-17 08:30:24.145 I/LorieNative(16758): DamageTraceV2: PutImage count=146176 drawableType=WINDOW screenPixmap=0 drawable=0xb400007cd98d66b0 geom=2898x1848 box=0,66-2898,88 backend=other fn=0x7bd5f2ee24 fn_offset=0x30de24 fbase=0x7bd5c21000 sym=unknown so=/data/app/~~iNwcSjv3C2CZCLwcLxpEtA==/com.termux.x11-1tus8NhfW98goVF914TrYw==/base.apk!/lib/arm64-v8a/libXlorie.so
04-17 08:30:24.155 I/LorieNative(16758): DamageTraceV2: PutImage count=146240 drawableType=WINDOW screenPixmap=0 drawable=0xb400007cd98d66b0 geom=2898x1848 box=0,1474-2898,1496 backend=other fn=0x7bd5f2ee24 fn_offset=0x30de24 fbase=0x7bd5c21000 sym=unknown so=/data/app/~~iNwcSjv3C2CZCLwcLxpEtA==/com.termux.x11-1tus8NhfW98goVF914TrYw==/base.apk!/lib/arm64-v8a/libXlorie.so
04-17 08:30:24.216 I/LorieNative(16758): ExaTrace: putImage accel count=148352 drawableType=0 drawableId=0x600037 geom=2898x1848 size=2912x22 format=2 depth=24
04-17 08:30:24.219 I/LorieNative(16758): DamageTraceV2: PutImage count=146304 drawableType=WINDOW screenPixmap=0 drawable=0xb400007cd98d66b0 geom=2898x1848 box=0,1034-2898,1056 backend=other fn=0x7bd5f2ee24 fn_offset=0x30de24 fbase=0x7bd5c21000 sym=unknown so=/data/app/~~iNwcSjv3C2CZCLwcLxpEtA==/com.termux.x11-1tus8NhfW98goVF914TrYw==/base.apk!/lib/arm64-v8a/libXlorie.so
04-17 08:30:24.296 I/LorieNative(16758): DamageTraceV2: PutImage count=146368 drawableType=WINDOW screenPixmap=0 drawable=0xb400007cd98d66b0 geom=2898x1848 box=0,594-2898,616 backend=other fn=0x7bd5f2ee24 fn_offset=0x30de24 fbase=0x7bd5c21000 sym=unknown so=/data/app/~~iNwcSjv3C2CZCLwcLxpEtA==/com.termux.x11-1tus8NhfW98goVF914TrYw==/base.apk!/lib/arm64-v8a/libXlorie.so
04-17 08:30:24.312 I/LorieNative(16758): ExaTrace: putImage accel count=148480 drawableType=0 drawableId=0x600037 geom=2898x1848 size=2912x22 format=2 depth=24
04-17 08:30:24.383 I/LorieNative(16758): DamageTraceV2: PutImage count=146432 drawableType=WINDOW screenPixmap=0 drawable=0xb400007cd98d66b0 geom=2898x1848 box=0,154-2898,176 backend=other fn=0x7bd5f2ee24 fn_offset=0x30de24 fbase=0x7bd5c21000 sym=unknown so=/data/app/~~iNwcSjv3C2CZCLwcLxpEtA==/com.termux.x11-1tus8NhfW98goVF914TrYw==/base.apk!/lib/arm64-v8a/libXlorie.so
04-17 08:30:24.398 I/LorieNative(16758): DamageTraceV2: PutImage count=146496 drawableType=WINDOW screenPixmap=0 drawable=0xb400007cd98d66b0 geom=2898x1848 box=0,1562-2898,1584 backend=other fn=0x7bd5f2ee24 fn_offset=0x30de24 fbase=0x7bd5c21000 sym=unknown so=/data/app/~~iNwcSjv3C2CZCLwcLxpEtA==/com.termux.x11-1tus8NhfW98goVF914TrYw==/base.apk!/lib/arm64-v8a/libXlorie.so
04-17 08:30:24.471 I/LorieNative(16758): ExaTrace: putImage accel count=148608 drawableType=0 drawableId=0x600037 geom=2898x1848 size=2912x22 format=2 depth=24
04-17 08:30:24.473 I/LorieNative(16758): DamageTraceV2: PutImage count=146560 drawableType=WINDOW screenPixmap=0 drawable=0xb400007cd98d66b0 geom=2898x1848 box=0,1122-2898,1144 backend=other fn=0x7bd5f2ee24 fn_offset=0x30de24 fbase=0x7bd5c21000 sym=unknown so=/data/app/~~iNwcSjv3C2CZCLwcLxpEtA==/com.termux.x11-1tus8NhfW98goVF914TrYw==/base.apk!/lib/arm64-v8a/libXlorie.so
04-17 08:30:24.531 I/LorieNative(16758): DamageTraceV2: PutImage count=146624 drawableType=WINDOW screenPixmap=0 drawable=0xb400007cd98d66b0 geom=2898x1848 box=0,682-2898,704 backend=other fn=0x7bd5f2ee24 fn_offset=0x30de24 fbase=0x7bd5c21000 sym=unknown so=/data/app/~~iNwcSjv3C2CZCLwcLxpEtA==/com.termux.x11-1tus8NhfW98goVF914TrYw==/base.apk!/lib/arm64-v8a/libXlorie.so
04-17 08:30:24.542 I/LorieNative(16758): ExaTrace: putImage accel count=148736 drawableType=0 drawableId=0x600037 geom=2898x1848 size=2912x22 format=2 depth=24
04-17 08:30:24.591 I/LorieNative(16758): DamageTraceV2: PutImage count=146688 drawableType=WINDOW screenPixmap=0 drawable=0xb400007cd98d66b0 geom=2898x1848 box=0,242-2898,264 backend=other fn=0x7bd5f2ee24 fn_offset=0x30de24 fbase=0x7bd5c21000 sym=unknown so=/data/app/~~iNwcSjv3C2CZCLwcLxpEtA==/com.termux.x11-1tus8NhfW98goVF914TrYw==/base.apk!/lib/arm64-v8a/libXlorie.so
04-17 08:30:24.602 I/LorieNative(16758): DamageTraceV2: PutImage count=146752 drawableType=WINDOW screenPixmap=0 drawable=0xb400007cd98d66b0 geom=2898x1848 box=0,1650-2898,1672 backend=other fn=0x7bd5f2ee24 fn_offset=0x30de24 fbase=0x7bd5c21000 sym=unknown so=/data/app/~~iNwcSjv3C2CZCLwcLxpEtA==/com.termux.x11-1tus8NhfW98goVF914TrYw==/base.apk!/lib/arm64-v8a/libXlorie.so
04-17 08:30:24.666 I/LorieNative(16758): ExaTrace: putImage accel count=148864 drawableType=0 drawableId=0x600037 geom=2898x1848 size=2912x22 format=2 depth=24
04-17 08:30:24.669 I/LorieNative(16758): DamageTraceV2: PutImage count=146816 drawableType=WINDOW screenPixmap=0 drawable=0xb400007cd98d66b0 geom=2898x1848 box=0,1210-2898,1232 backend=other fn=0x7bd5f2ee24 fn_offset=0x30de24 fbase=0x7bd5c21000 sym=unknown so=/data/app/~~iNwcSjv3C2CZCLwcLxpEtA==/com.termux.x11-1tus8NhfW98goVF914TrYw==/base.apk!/lib/arm64-v8a/libXlorie.so
04-17 08:30:24.725 I/LorieNative(16758): DamageTraceV2: PutImage count=146880 drawableType=WINDOW screenPixmap=0 drawable=0xb400007cd98d66b0 geom=2898x1848 box=0,770-2898,792 backend=other fn=0x7bd5f2ee24 fn_offset=0x30de24 fbase=0x7bd5c21000 sym=unknown so=/data/app/~~iNwcSjv3C2CZCLwcLxpEtA==/com.termux.x11-1tus8NhfW98goVF914TrYw==/base.apk!/lib/arm64-v8a/libXlorie.so
04-17 08:30:24.786 I/LorieNative(16758): ExaTrace: putImage accel count=148992 drawableType=0 drawableId=0x600037 geom=2898x1848 size=2912x22 format=2 depth=24
04-17 08:30:24.791 I/LorieNative(16758): DamageTraceV2: PutImage count=146944 drawableType=WINDOW screenPixmap=0 drawable=0xb400007cd98d66b0 geom=2898x1848 box=0,330-2898,352 backend=other fn=0x7bd5f2ee24 fn_offset=0x30de24 fbase=0x7bd5c21000 sym=unknown so=/data/app/~~iNwcSjv3C2CZCLwcLxpEtA==/com.termux.x11-1tus8NhfW98goVF914TrYw==/base.apk!/lib/arm64-v8a/libXlorie.so
04-17 08:30:24.806 I/LorieNative(16758): DamageTraceV2: PutImage count=147008 drawableType=WINDOW screenPixmap=0 drawable=0xb400007cd98d66b0 geom=2898x1848 box=0,1738-2898,1760 backend=other fn=0x7bd5f2ee24 fn_offset=0x30de24 fbase=0x7bd5c21000 sym=unknown so=/data/app/~~iNwcSjv3C2CZCLwcLxpEtA==/com.termux.x11-1tus8NhfW98goVF914TrYw==/base.apk!/lib/arm64-v8a/libXlorie.so
04-17 08:30:24.872 I/LorieNative(16758): ExaTrace: putImage accel count=149120 drawableType=0 drawableId=0x600037 geom=2898x1848 size=2912x22 format=2 depth=24
04-17 08:30:24.874 I/LorieNative(16758): DamageTraceV2: PutImage count=147072 drawableType=WINDOW screenPixmap=0 drawable=0xb400007cd98d66b0 geom=2898x1848 box=0,1298-2898,1320 backend=other fn=0x7bd5f2ee24 fn_offset=0x30de24 fbase=0x7bd5c21000 sym=unknown so=/data/app/~~iNwcSjv3C2CZCLwcLxpEtA==/com.termux.x11-1tus8NhfW98goVF914TrYw==/base.apk!/lib/arm64-v8a/libXlorie.so
04-17 08:30:24.935 I/LorieNative(16758): DamageTraceV2: PutImage count=147136 drawableType=WINDOW screenPixmap=0 drawable=0xb400007cd98d66b0 geom=2898x1848 box=0,858-2898,880 backend=other fn=0x7bd5f2ee24 fn_offset=0x30de24 fbase=0x7bd5c21000 sym=unknown so=/data/app/~~iNwcSjv3C2CZCLwcLxpEtA==/com.termux.x11-1tus8NhfW98goVF914TrYw==/base.apk!/lib/arm64-v8a/libXlorie.so
04-17 08:30:24.998 I/LorieNative(16758): ExaTrace: putImage accel count=149248 drawableType=0 drawableId=0x600037 geom=2898x1848 size=2912x22 format=2 depth=24
04-17 08:30:25.002 I/LorieNative(16758): DamageTraceV2: PutImage count=147200 drawableType=WINDOW screenPixmap=0 drawable=0xb400007cd98d66b0 geom=2898x1848 box=0,418-2898,440 backend=other fn=0x7bd5f2ee24 fn_offset=0x30de24 fbase=0x7bd5c21000 sym=unknown so=/data/app/~~iNwcSjv3C2CZCLwcLxpEtA==/com.termux.x11-1tus8NhfW98goVF914TrYw==/base.apk!/lib/arm64-v8a/libXlorie.so
04-17 08:30:25.024 I/LorieNative(16758): DamageTraceV2: PutImage count=147264 drawableType=WINDOW screenPixmap=0 drawable=0xb400007cd98d66b0 geom=2898x1848 box=0,1826-2898,1848 backend=other fn=0x7bd5f2ee24 fn_offset=0x30de24 fbase=0x7bd5c21000 sym=unknown so=/data/app/~~iNwcSjv3C2CZCLwcLxpEtA==/com.termux.x11-1tus8NhfW98goVF914TrYw==/base.apk!/lib/arm64-v8a/libXlorie.so
04-17 08:30:25.087 I/LorieNative(16758): ExaTrace: putImage accel count=149376 drawableType=0 drawableId=0x600037 geom=2898x1848 size=2912x22 format=2 depth=24
04-17 08:30:25.091 I/LorieNative(16758): DamageTraceV2: PutImage count=147328 drawableType=WINDOW screenPixmap=0 drawable=0xb400007cd98d66b0 geom=2898x1848 box=0,1386-2898,1408 backend=other fn=0x7bd5f2ee24 fn_offset=0x30de24 fbase=0x7bd5c21000 sym=unknown so=/data/app/~~iNwcSjv3C2CZCLwcLxpEtA==/com.termux.x11-1tus8NhfW98goVF914TrYw==/base.apk!/lib/arm64-v8a/libXlorie.so
04-17 08:30:25.162 I/LorieNative(16758): DamageTraceV2: PutImage count=147392 drawableType=WINDOW screenPixmap=0 drawable=0xb400007cd98d66b0 geom=2898x1848 box=0,946-2898,968 backend=other fn=0x7bd5f2ee24 fn_offset=0x30de24 fbase=0x7bd5c21000 sym=unknown so=/data/app/~~iNwcSjv3C2CZCLwcLxpEtA==/com.termux.x11-1tus8NhfW98goVF914TrYw==/base.apk!/lib/arm64-v8a/libXlorie.so
04-17 08:30:25.214 I/LorieNative(16758): ExaTrace: putImage accel count=149504 drawableType=0 drawableId=0x600037 geom=2898x1848 size=2912x22 format=2 depth=24
04-17 08:30:25.216 I/LorieNative(16758): DamageTraceV2: PutImage count=147456 drawableType=WINDOW screenPixmap=0 drawable=0xb400007cd98d66b0 geom=2898x1848 box=0,506-2898,528 backend=other fn=0x7bd5f2ee24 fn_offset=0x30de24 fbase=0x7bd5c21000 sym=unknown so=/data/app/~~iNwcSjv3C2CZCLwcLxpEtA==/com.termux.x11-1tus8NhfW98goVF914TrYw==/base.apk!/lib/arm64-v8a/libXlorie.so
04-17 08:30:25.275 I/LorieNative(16758): DamageTraceV2: PutImage count=147520 drawableType=WINDOW screenPixmap=0 drawable=0xb400007cd98d66b0 geom=2898x1848 box=0,66-2898,88 backend=other fn=0x7bd5f2ee24 fn_offset=0x30de24 fbase=0x7bd5c21000 sym=unknown so=/data/app/~~iNwcSjv3C2CZCLwcLxpEtA==/com.termux.x11-1tus8NhfW98goVF914TrYw==/base.apk!/lib/arm64-v8a/libXlorie.so
04-17 08:30:25.285 I/LorieNative(16758): ExaTrace: putImage accel count=149632 drawableType=0 drawableId=0x600037 geom=2898x1848 size=2912x22 format=2 depth=24
04-17 08:30:25.289 I/LorieNative(16758): DamageTraceV2: PutImage count=147584 drawableType=WINDOW screenPixmap=0 drawable=0xb400007cd98d66b0 geom=2898x1848 box=0,1474-2898,1496 backend=other fn=0x7bd5f2ee24 fn_offset=0x30de24 fbase=0x7bd5c21000 sym=unknown so=/data/app/~~iNwcSjv3C2CZCLwcLxpEtA==/com.termux.x11-1tus8NhfW98goVF914TrYw==/base.apk!/lib/arm64-v8a/libXlorie.so
04-17 08:30:25.353 I/LorieNative(16758): DamageTraceV2: PutImage count=147648 drawableType=WINDOW screenPixmap=0 drawable=0xb400007cd98d66b0 geom=2898x1848 box=0,1034-2898,1056 backend=other fn=0x7bd5f2ee24 fn_offset=0x30de24 fbase=0x7bd5c21000 sym=unknown so=/data/app/~~iNwcSjv3C2CZCLwcLxpEtA==/com.termux.x11-1tus8NhfW98goVF914TrYw==/base.apk!/lib/arm64-v8a/libXlorie.so
04-17 08:30:25.418 I/LorieNative(16758): ExaTrace: putImage accel count=149760 drawableType=0 drawableId=0x600037 geom=2898x1848 size=2912x22 format=2 depth=24
04-17 08:30:25.421 I/LorieNative(16758): DamageTraceV2: PutImage count=147712 drawableType=WINDOW screenPixmap=0 drawable=0xb400007cd98d66b0 geom=2898x1848 box=0,594-2898,616 backend=other fn=0x7bd5f2ee24 fn_offset=0x30de24 fbase=0x7bd5c21000 sym=unknown so=/data/app/~~iNwcSjv3C2CZCLwcLxpEtA==/com.termux.x11-1tus8NhfW98goVF914TrYw==/base.apk!/lib/arm64-v8a/libXlorie.so
04-17 08:30:25.491 I/LorieNative(16758): DamageTraceV2: PutImage count=147776 drawableType=WINDOW screenPixmap=0 drawable=0xb400007cd98d66b0 geom=2898x1848 box=0,154-2898,176 backend=other fn=0x7bd5f2ee24 fn_offset=0x30de24 fbase=0x7bd5c21000 sym=unknown so=/data/app/~~iNwcSjv3C2CZCLwcLxpEtA==/com.termux.x11-1tus8NhfW98goVF914TrYw==/base.apk!/lib/arm64-v8a/libXlorie.so
04-17 08:30:25.515 I/LorieNative(16758): ExaTrace: putImage accel count=149888 drawableType=0 drawableId=0x600037 geom=2898x1848 size=2912x22 format=2 depth=24
04-17 08:30:25.519 I/LorieNative(16758): DamageTraceV2: PutImage count=147840 drawableType=WINDOW screenPixmap=0 drawable=0xb400007cd98d66b0 geom=2898x1848 box=0,1562-2898,1584 backend=other fn=0x7bd5f2ee24 fn_offset=0x30de24 fbase=0x7bd5c21000 sym=unknown so=/data/app/~~iNwcSjv3C2CZCLwcLxpEtA==/com.termux.x11-1tus8NhfW98goVF914TrYw==/base.apk!/lib/arm64-v8a/libXlorie.so
04-17 08:30:25.583 I/LorieNative(16758): choreographer callbacks in 5.0 seconds = 120.0 FPS
04-17 08:30:25.584 I/LorieNative(16758): redraw wakeups in 5.0 seconds = 120.0 FPS
04-17 08:30:25.584 I/LorieNative(16758): damage-triggered redraws in 5.0 seconds = 27.4 FPS
04-17 08:30:25.584 I/LorieNative(16758): AhbLockTrace: sticky=0 lock_calls=137 unlock_calls=137 sticky_hits=5208 flush_skipped=0 in 5.0s
04-17 08:30:25.584 I/LorieNative(16758): present flip attempts in 5.0 seconds = 0.0 FPS (accepted 0.0, rejected 0.0)
04-17 08:30:25.584 I/LorieNative(16758): present after-flips in 5.0 seconds = 0.0 FPS
04-17 08:30:25.584 I/LorieNative(16758): 138 frames in 5.0 seconds = 27.6 FPS
04-17 08:30:25.598 I/LorieNative(16758): DamageTraceV2: PutImage count=147904 drawableType=WINDOW screenPixmap=0 drawable=0xb400007cd98d66b0 geom=2898x1848 box=0,1122-2898,1144 backend=other fn=0x7bd5f2ee24 fn_offset=0x30de24 fbase=0x7bd5c21000 sym=unknown so=/data/app/~~iNwcSjv3C2CZCLwcLxpEtA==/com.termux.x11-1tus8NhfW98goVF914TrYw==/base.apk!/lib/arm64-v8a/libXlorie.so
04-17 08:30:25.668 I/LorieNative(16758): ExaTrace: putImage accel count=150016 drawableType=0 drawableId=0x600037 geom=2898x1848 size=2912x22 format=2 depth=24
04-17 08:30:25.676 I/LorieNative(16758): DamageTraceV2: PutImage count=147968 drawableType=WINDOW screenPixmap=0 drawable=0xb400007cd98d66b0 geom=2898x1848 box=0,682-2898,704 backend=other fn=0x7bd5f2ee24 fn_offset=0x30de24 fbase=0x7bd5c21000 sym=unknown so=/data/app/~~iNwcSjv3C2CZCLwcLxpEtA==/com.termux.x11-1tus8NhfW98goVF914TrYw==/base.apk!/lib/arm64-v8a/libXlorie.so
04-17 08:30:25.749 I/LorieNative(16758): DamageTraceV2: PutImage count=148032 drawableType=WINDOW screenPixmap=0 drawable=0xb400007cd98d66b0 geom=2898x1848 box=0,242-2898,264 backend=other fn=0x7bd5f2ee24 fn_offset=0x30de24 fbase=0x7bd5c21000 sym=unknown so=/data/app/~~iNwcSjv3C2CZCLwcLxpEtA==/com.termux.x11-1tus8NhfW98goVF914TrYw==/base.apk!/lib/arm64-v8a/libXlorie.so
04-17 08:30:25.759 I/LorieNative(16758): ExaTrace: putImage accel count=150144 drawableType=0 drawableId=0x600037 geom=2898x1848 size=2912x22 format=2 depth=24
04-17 08:30:25.761 I/LorieNative(16758): DamageTraceV2: PutImage count=148096 drawableType=WINDOW screenPixmap=0 drawable=0xb400007cd98d66b0 geom=2898x1848 box=0,1650-2898,1672 backend=other fn=0x7bd5f2ee24 fn_offset=0x30de24 fbase=0x7bd5c21000 sym=unknown so=/data/app/~~iNwcSjv3C2CZCLwcLxpEtA==/com.termux.x11-1tus8NhfW98goVF914TrYw==/base.apk!/lib/arm64-v8a/libXlorie.so
04-17 08:30:25.815 I/LorieNative(16758): DamageTraceV2: PutImage count=148160 drawableType=WINDOW screenPixmap=0 drawable=0xb400007cd98d66b0 geom=2898x1848 box=0,1210-2898,1232 backend=other fn=0x7bd5f2ee24 fn_offset=0x30de24 fbase=0x7bd5c21000 sym=unknown so=/data/app/~~iNwcSjv3C2CZCLwcLxpEtA==/com.termux.x11-1tus8NhfW98goVF914TrYw==/base.apk!/lib/arm64-v8a/libXlorie.so
04-17 08:30:25.898 I/LorieNative(16758): ExaTrace: putImage accel count=150272 drawableType=0 drawableId=0x600037 geom=2898x1848 size=2912x22 format=2 depth=24
04-17 08:30:25.905 I/LorieNative(16758): DamageTraceV2: PutImage count=148224 drawableType=WINDOW screenPixmap=0 drawable=0xb400007cd98d66b0 geom=2898x1848 box=0,770-2898,792 backend=other fn=0x7bd5f2ee24 fn_offset=0x30de24 fbase=0x7bd5c21000 sym=unknown so=/data/app/~~iNwcSjv3C2CZCLwcLxpEtA==/com.termux.x11-1tus8NhfW98goVF914TrYw==/base.apk!/lib/arm64-v8a/libXlorie.so
04-17 08:30:25.979 I/LorieNative(16758): DamageTraceV2: PutImage count=148288 drawableType=WINDOW screenPixmap=0 drawable=0xb400007cd98d66b0 geom=2898x1848 box=0,330-2898,352 backend=other fn=0x7bd5f2ee24 fn_offset=0x30de24 fbase=0x7bd5c21000 sym=unknown so=/data/app/~~iNwcSjv3C2CZCLwcLxpEtA==/com.termux.x11-1tus8NhfW98goVF914TrYw==/base.apk!/lib/arm64-v8a/libXlorie.so
04-17 08:30:25.994 I/LorieNative(16758): ExaTrace: putImage accel count=150400 drawableType=0 drawableId=0x600037 geom=2898x1848 size=2912x22 format=2 depth=24
04-17 08:30:25.997 I/LorieNative(16758): DamageTraceV2: PutImage count=148352 drawableType=WINDOW screenPixmap=0 drawable=0xb400007cd98d66b0 geom=2898x1848 box=0,1738-2898,1760 backend=other fn=0x7bd5f2ee24 fn_offset=0x30de24 fbase=0x7bd5c21000 sym=unknown so=/data/app/~~iNwcSjv3C2CZCLwcLxpEtA==/com.termux.x11-1tus8NhfW98goVF914TrYw==/base.apk!/lib/arm64-v8a/libXlorie.so
04-17 08:30:26.068 I/LorieNative(16758): DamageTraceV2: PutImage count=148416 drawableType=WINDOW screenPixmap=0 drawable=0xb400007cd98d66b0 geom=2898x1848 box=0,1298-2898,1320 backend=other fn=0x7bd5f2ee24 fn_offset=0x30de24 fbase=0x7bd5c21000 sym=unknown so=/data/app/~~iNwcSjv3C2CZCLwcLxpEtA==/com.termux.x11-1tus8NhfW98goVF914TrYw==/base.apk!/lib/arm64-v8a/libXlorie.so
04-17 08:30:26.139 I/LorieNative(16758): ExaTrace: putImage accel count=150528 drawableType=0 drawableId=0x600037 geom=2898x1848 size=2912x22 format=2 depth=24
04-17 08:30:26.143 I/LorieNative(16758): DamageTraceV2: PutImage count=148480 drawableType=WINDOW screenPixmap=0 drawable=0xb400007cd98d66b0 geom=2898x1848 box=0,858-2898,880 backend=other fn=0x7bd5f2ee24 fn_offset=0x30de24 fbase=0x7bd5c21000 sym=unknown so=/data/app/~~iNwcSjv3C2CZCLwcLxpEtA==/com.termux.x11-1tus8NhfW98goVF914TrYw==/base.apk!/lib/arm64-v8a/libXlorie.so
04-17 08:30:26.210 I/LorieNative(16758): DamageTraceV2: PutImage count=148544 drawableType=WINDOW screenPixmap=0 drawable=0xb400007cd98d66b0 geom=2898x1848 box=0,418-2898,440 backend=other fn=0x7bd5f2ee24 fn_offset=0x30de24 fbase=0x7bd5c21000 sym=unknown so=/data/app/~~iNwcSjv3C2CZCLwcLxpEtA==/com.termux.x11-1tus8NhfW98goVF914TrYw==/base.apk!/lib/arm64-v8a/libXlorie.so
04-17 08:30:26.219 I/LorieNative(16758): ExaTrace: putImage accel count=150656 drawableType=0 drawableId=0x600037 geom=2898x1848 size=2912x22 format=2 depth=24
04-17 08:30:26.225 I/LorieNative(16758): DamageTraceV2: PutImage count=148608 drawableType=WINDOW screenPixmap=0 drawable=0xb400007cd98d66b0 geom=2898x1848 box=0,1826-2898,1848 backend=other fn=0x7bd5f2ee24 fn_offset=0x30de24 fbase=0x7bd5c21000 sym=unknown so=/data/app/~~iNwcSjv3C2CZCLwcLxpEtA==/com.termux.x11-1tus8NhfW98goVF914TrYw==/base.apk!/lib/arm64-v8a/libXlorie.so
04-17 08:30:26.286 I/LorieNative(16758): DamageTraceV2: PutImage count=148672 drawableType=WINDOW screenPixmap=0 drawable=0xb400007cd98d66b0 geom=2898x1848 box=0,1386-2898,1408 backend=other fn=0x7bd5f2ee24 fn_offset=0x30de24 fbase=0x7bd5c21000 sym=unknown so=/data/app/~~iNwcSjv3C2CZCLwcLxpEtA==/com.termux.x11-1tus8NhfW98goVF914TrYw==/base.apk!/lib/arm64-v8a/libXlorie.so
04-17 08:30:26.361 I/LorieNative(16758): ExaTrace: putImage accel count=150784 drawableType=0 drawableId=0x600037 geom=2898x1848 size=2912x22 format=2 depth=24
04-17 08:30:26.365 I/LorieNative(16758): DamageTraceV2: PutImage count=148736 drawableType=WINDOW screenPixmap=0 drawable=0xb400007cd98d66b0 geom=2898x1848 box=0,946-2898,968 backend=other fn=0x7bd5f2ee24 fn_offset=0x30de24 fbase=0x7bd5c21000 sym=unknown so=/data/app/~~iNwcSjv3C2CZCLwcLxpEtA==/com.termux.x11-1tus8NhfW98goVF914TrYw==/base.apk!/lib/arm64-v8a/libXlorie.so
04-17 08:30:26.441 I/LorieNative(16758): DamageTraceV2: PutImage count=148800 drawableType=WINDOW screenPixmap=0 drawable=0xb400007cd98d66b0 geom=2898x1848 box=0,506-2898,528 backend=other fn=0x7bd5f2ee24 fn_offset=0x30de24 fbase=0x7bd5c21000 sym=unknown so=/data/app/~~iNwcSjv3C2CZCLwcLxpEtA==/com.termux.x11-1tus8NhfW98goVF914TrYw==/base.apk!/lib/arm64-v8a/libXlorie.so
04-17 08:30:26.460 I/LorieNative(16758): ExaTrace: putImage accel count=150912 drawableType=0 drawableId=0x600037 geom=2898x1848 size=2912x22 format=2 depth=24
04-17 08:30:26.514 I/LorieNative(16758): DamageTraceV2: PutImage count=148864 drawableType=WINDOW screenPixmap=0 drawable=0xb400007cd98d66b0 geom=2898x1848 box=0,66-2898,88 backend=other fn=0x7bd5f2ee24 fn_offset=0x30de24 fbase=0x7bd5c21000 sym=unknown so=/data/app/~~iNwcSjv3C2CZCLwcLxpEtA==/com.termux.x11-1tus8NhfW98goVF914TrYw==/base.apk!/lib/arm64-v8a/libXlorie.so
04-17 08:30:26.531 I/LorieNative(16758): DamageTraceV2: PutImage count=148928 drawableType=WINDOW screenPixmap=0 drawable=0xb400007cd98d66b0 geom=2898x1848 box=0,1474-2898,1496 backend=other fn=0x7bd5f2ee24 fn_offset=0x30de24 fbase=0x7bd5c21000 sym=unknown so=/data/app/~~iNwcSjv3C2CZCLwcLxpEtA==/com.termux.x11-1tus8NhfW98goVF914TrYw==/base.apk!/lib/arm64-v8a/libXlorie.so
04-17 08:30:26.600 I/LorieNative(16758): ExaTrace: putImage accel count=151040 drawableType=0 drawableId=0x600037 geom=2898x1848 size=2912x22 format=2 depth=24
04-17 08:30:26.603 I/LorieNative(16758): DamageTraceV2: PutImage count=148992 drawableType=WINDOW screenPixmap=0 drawable=0xb400007cd98d66b0 geom=2898x1848 box=0,1034-2898,1056 backend=other fn=0x7bd5f2ee24 fn_offset=0x30de24 fbase=0x7bd5c21000 sym=unknown so=/data/app/~~iNwcSjv3C2CZCLwcLxpEtA==/com.termux.x11-1tus8NhfW98goVF914TrYw==/base.apk!/lib/arm64-v8a/libXlorie.so
04-17 08:30:26.672 I/LorieNative(16758): DamageTraceV2: PutImage count=149056 drawableType=WINDOW screenPixmap=0 drawable=0xb400007cd98d66b0 geom=2898x1848 box=0,594-2898,616 backend=other fn=0x7bd5f2ee24 fn_offset=0x30de24 fbase=0x7bd5c21000 sym=unknown so=/data/app/~~iNwcSjv3C2CZCLwcLxpEtA==/com.termux.x11-1tus8NhfW98goVF914TrYw==/base.apk!/lib/arm64-v8a/libXlorie.so
04-17 08:30:26.691 I/LorieNative(16758): ExaTrace: putImage accel count=151168 drawableType=0 drawableId=0x600037 geom=2898x1848 size=2912x22 format=2 depth=24
04-17 08:30:26.750 I/LorieNative(16758): DamageTraceV2: PutImage count=149120 drawableType=WINDOW screenPixmap=0 drawable=0xb400007cd98d66b0 geom=2898x1848 box=0,154-2898,176 backend=other fn=0x7bd5f2ee24 fn_offset=0x30de24 fbase=0x7bd5c21000 sym=unknown so=/data/app/~~iNwcSjv3C2CZCLwcLxpEtA==/com.termux.x11-1tus8NhfW98goVF914TrYw==/base.apk!/lib/arm64-v8a/libXlorie.so
04-17 08:30:26.765 I/LorieNative(16758): DamageTraceV2: PutImage count=149184 drawableType=WINDOW screenPixmap=0 drawable=0xb400007cd98d66b0 geom=2898x1848 box=0,1562-2898,1584 backend=other fn=0x7bd5f2ee24 fn_offset=0x30de24 fbase=0x7bd5c21000 sym=unknown so=/data/app/~~iNwcSjv3C2CZCLwcLxpEtA==/com.termux.x11-1tus8NhfW98goVF914TrYw==/base.apk!/lib/arm64-v8a/libXlorie.so
04-17 08:30:26.839 I/LorieNative(16758): ExaTrace: putImage accel count=151296 drawableType=0 drawableId=0x600037 geom=2898x1848 size=2912x22 format=2 depth=24
04-17 08:30:26.844 I/LorieNative(16758): DamageTraceV2: PutImage count=149248 drawableType=WINDOW screenPixmap=0 drawable=0xb400007cd98d66b0 geom=2898x1848 box=0,1122-2898,1144 backend=other fn=0x7bd5f2ee24 fn_offset=0x30de24 fbase=0x7bd5c21000 sym=unknown so=/data/app/~~iNwcSjv3C2CZCLwcLxpEtA==/com.termux.x11-1tus8NhfW98goVF914TrYw==/base.apk!/lib/arm64-v8a/libXlorie.so
04-17 08:30:26.915 I/LorieNative(16758): DamageTraceV2: PutImage count=149312 drawableType=WINDOW screenPixmap=0 drawable=0xb400007cd98d66b0 geom=2898x1848 box=0,682-2898,704 backend=other fn=0x7bd5f2ee24 fn_offset=0x30de24 fbase=0x7bd5c21000 sym=unknown so=/data/app/~~iNwcSjv3C2CZCLwcLxpEtA==/com.termux.x11-1tus8NhfW98goVF914TrYw==/base.apk!/lib/arm64-v8a/libXlorie.so
04-17 08:30:26.930 I/LorieNative(16758): ExaTrace: putImage accel count=151424 drawableType=0 drawableId=0x600037 geom=2898x1848 size=2912x22 format=2 depth=24
04-17 08:30:26.997 I/LorieNative(16758): DamageTraceV2: PutImage count=149376 drawableType=WINDOW screenPixmap=0 drawable=0xb400007cd98d66b0 geom=2898x1848 box=0,242-2898,264 backend=other fn=0x7bd5f2ee24 fn_offset=0x30de24 fbase=0x7bd5c21000 sym=unknown so=/data/app/~~iNwcSjv3C2CZCLwcLxpEtA==/com.termux.x11-1tus8NhfW98goVF914TrYw==/base.apk!/lib/arm64-v8a/libXlorie.so
04-17 08:30:27.014 I/LorieNative(16758): DamageTraceV2: PutImage count=149440 drawableType=WINDOW screenPixmap=0 drawable=0xb400007cd98d66b0 geom=2898x1848 box=0,1650-2898,1672 backend=other fn=0x7bd5f2ee24 fn_offset=0x30de24 fbase=0x7bd5c21000 sym=unknown so=/data/app/~~iNwcSjv3C2CZCLwcLxpEtA==/com.termux.x11-1tus8NhfW98goVF914TrYw==/base.apk!/lib/arm64-v8a/libXlorie.so
04-17 08:30:27.103 I/LorieNative(16758): ExaTrace: putImage accel count=151552 drawableType=0 drawableId=0x600037 geom=2898x1848 size=2912x22 format=2 depth=24
04-17 08:30:27.106 I/LorieNative(16758): DamageTraceV2: PutImage count=149504 drawableType=WINDOW screenPixmap=0 drawable=0xb400007cd98d66b0 geom=2898x1848 box=0,1210-2898,1232 backend=other fn=0x7bd5f2ee24 fn_offset=0x30de24 fbase=0x7bd5c21000 sym=unknown so=/data/app/~~iNwcSjv3C2CZCLwcLxpEtA==/com.termux.x11-1tus8NhfW98goVF914TrYw==/base.apk!/lib/arm64-v8a/libXlorie.so
04-17 08:30:27.188 I/LorieNative(16758): DamageTraceV2: PutImage count=149568 drawableType=WINDOW screenPixmap=0 drawable=0xb400007cd98d66b0 geom=2898x1848 box=0,770-2898,792 backend=other fn=0x7bd5f2ee24 fn_offset=0x30de24 fbase=0x7bd5c21000 sym=unknown so=/data/app/~~iNwcSjv3C2CZCLwcLxpEtA==/com.termux.x11-1tus8NhfW98goVF914TrYw==/base.apk!/lib/arm64-v8a/libXlorie.so
04-17 08:30:27.253 I/LorieNative(16758): ExaTrace: putImage accel count=151680 drawableType=0 drawableId=0x600037 geom=2898x1848 size=2912x22 format=2 depth=24
04-17 08:30:27.258 I/LorieNative(16758): DamageTraceV2: PutImage count=149632 drawableType=WINDOW screenPixmap=0 drawable=0xb400007cd98d66b0 geom=2898x1848 box=0,330-2898,352 backend=other fn=0x7bd5f2ee24 fn_offset=0x30de24 fbase=0x7bd5c21000 sym=unknown so=/data/app/~~iNwcSjv3C2CZCLwcLxpEtA==/com.termux.x11-1tus8NhfW98goVF914TrYw==/base.apk!/lib/arm64-v8a/libXlorie.so
04-17 08:30:27.283 I/LorieNative(16758): DamageTraceV2: PutImage count=149696 drawableType=WINDOW screenPixmap=0 drawable=0xb400007cd98d66b0 geom=2898x1848 box=0,1738-2898,1760 backend=other fn=0x7bd5f2ee24 fn_offset=0x30de24 fbase=0x7bd5c21000 sym=unknown so=/data/app/~~iNwcSjv3C2CZCLwcLxpEtA==/com.termux.x11-1tus8NhfW98goVF914TrYw==/base.apk!/lib/arm64-v8a/libXlorie.so
04-17 08:30:27.368 I/LorieNative(16758): ExaTrace: putImage accel count=151808 drawableType=0 drawableId=0x600037 geom=2898x1848 size=2912x22 format=2 depth=24
04-17 08:30:27.372 I/LorieNative(16758): DamageTraceV2: PutImage count=149760 drawableType=WINDOW screenPixmap=0 drawable=0xb400007cd98d66b0 geom=2898x1848 box=0,1298-2898,1320 backend=other fn=0x7bd5f2ee24 fn_offset=0x30de24 fbase=0x7bd5c21000 sym=unknown so=/data/app/~~iNwcSjv3C2CZCLwcLxpEtA==/com.termux.x11-1tus8NhfW98goVF914TrYw==/base.apk!/lib/arm64-v8a/libXlorie.so
04-17 08:30:27.462 I/LorieNative(16758): DamageTraceV2: PutImage count=149824 drawableType=WINDOW screenPixmap=0 drawable=0xb400007cd98d66b0 geom=2898x1848 box=0,858-2898,880 backend=other fn=0x7bd5f2ee24 fn_offset=0x30de24 fbase=0x7bd5c21000 sym=unknown so=/data/app/~~iNwcSjv3C2CZCLwcLxpEtA==/com.termux.x11-1tus8NhfW98goVF914TrYw==/base.apk!/lib/arm64-v8a/libXlorie.so
04-17 08:30:27.531 I/LorieNative(16758): ExaTrace: putImage accel count=151936 drawableType=0 drawableId=0x600037 geom=2898x1848 size=2912x22 format=2 depth=24
04-17 08:30:27.538 I/LorieNative(16758): DamageTraceV2: PutImage count=149888 drawableType=WINDOW screenPixmap=0 drawable=0xb400007cd98d66b0 geom=2898x1848 box=0,418-2898,440 backend=other fn=0x7bd5f2ee24 fn_offset=0x30de24 fbase=0x7bd5c21000 sym=unknown so=/data/app/~~iNwcSjv3C2CZCLwcLxpEtA==/com.termux.x11-1tus8NhfW98goVF914TrYw==/base.apk!/lib/arm64-v8a/libXlorie.so
04-17 08:30:27.565 I/LorieNative(16758): DamageTraceV2: PutImage count=149952 drawableType=WINDOW screenPixmap=0 drawable=0xb400007cd98d66b0 geom=2898x1848 box=0,1826-2898,1848 backend=other fn=0x7bd5f2ee24 fn_offset=0x30de24 fbase=0x7bd5c21000 sym=unknown so=/data/app/~~iNwcSjv3C2CZCLwcLxpEtA==/com.termux.x11-1tus8NhfW98goVF914TrYw==/base.apk!/lib/arm64-v8a/libXlorie.so
04-17 08:30:27.644 I/LorieNative(16758): ExaTrace: putImage accel count=152064 drawableType=0 drawableId=0x600037 geom=2898x1848 size=2912x22 format=2 depth=24
04-17 08:30:27.649 I/LorieNative(16758): DamageTraceV2: PutImage count=150016 drawableType=WINDOW screenPixmap=0 drawable=0xb400007cd98d66b0 geom=2898x1848 box=0,1386-2898,1408 backend=other fn=0x7bd5f2ee24 fn_offset=0x30de24 fbase=0x7bd5c21000 sym=unknown so=/data/app/~~iNwcSjv3C2CZCLwcLxpEtA==/com.termux.x11-1tus8NhfW98goVF914TrYw==/base.apk!/lib/arm64-v8a/libXlorie.so
04-17 08:30:27.721 I/LorieNative(16758): DamageTraceV2: PutImage count=150080 drawableType=WINDOW screenPixmap=0 drawable=0xb400007cd98d66b0 geom=2898x1848 box=0,946-2898,968 backend=other fn=0x7bd5f2ee24 fn_offset=0x30de24 fbase=0x7bd5c21000 sym=unknown so=/data/app/~~iNwcSjv3C2CZCLwcLxpEtA==/com.termux.x11-1tus8NhfW98goVF914TrYw==/base.apk!/lib/arm64-v8a/libXlorie.so
04-17 08:30:27.787 I/LorieNative(16758): ExaTrace: putImage accel count=152192 drawableType=0 drawableId=0x600037 geom=2898x1848 size=2912x22 format=2 depth=24
04-17 08:30:27.792 I/LorieNative(16758): DamageTraceV2: PutImage count=150144 drawableType=WINDOW screenPixmap=0 drawable=0xb400007cd98d66b0 geom=2898x1848 box=0,506-2898,528 backend=other fn=0x7bd5f2ee24 fn_offset=0x30de24 fbase=0x7bd5c21000 sym=unknown so=/data/app/~~iNwcSjv3C2CZCLwcLxpEtA==/com.termux.x11-1tus8NhfW98goVF914TrYw==/base.apk!/lib/arm64-v8a/libXlorie.so
04-17 08:30:27.864 I/LorieNative(16758): DamageTraceV2: PutImage count=150208 drawableType=WINDOW screenPixmap=0 drawable=0xb400007cd98d66b0 geom=2898x1848 box=0,66-2898,88 backend=other fn=0x7bd5f2ee24 fn_offset=0x30de24 fbase=0x7bd5c21000 sym=unknown so=/data/app/~~iNwcSjv3C2CZCLwcLxpEtA==/com.termux.x11-1tus8NhfW98goVF914TrYw==/base.apk!/lib/arm64-v8a/libXlorie.so
04-17 08:30:27.875 I/LorieNative(16758): ExaTrace: putImage accel count=152320 drawableType=0 drawableId=0x600037 geom=2898x1848 size=2912x22 format=2 depth=24
04-17 08:30:27.877 I/LorieNative(16758): DamageTraceV2: PutImage count=150272 drawableType=WINDOW screenPixmap=0 drawable=0xb400007cd98d66b0 geom=2898x1848 box=0,1474-2898,1496 backend=other fn=0x7bd5f2ee24 fn_offset=0x30de24 fbase=0x7bd5c21000 sym=unknown so=/data/app/~~iNwcSjv3C2CZCLwcLxpEtA==/com.termux.x11-1tus8NhfW98goVF914TrYw==/base.apk!/lib/arm64-v8a/libXlorie.so
04-17 08:30:27.969 I/LorieNative(16758): DamageTraceV2: PutImage count=150336 drawableType=WINDOW screenPixmap=0 drawable=0xb400007cd98d66b0 geom=2898x1848 box=0,1034-2898,1056 backend=other fn=0x7bd5f2ee24 fn_offset=0x30de24 fbase=0x7bd5c21000 sym=unknown so=/data/app/~~iNwcSjv3C2CZCLwcLxpEtA==/com.termux.x11-1tus8NhfW98goVF914TrYw==/base.apk!/lib/arm64-v8a/libXlorie.so
04-17 08:30:28.052 I/LorieNative(16758): ExaTrace: putImage accel count=152448 drawableType=0 drawableId=0x600037 geom=2898x1848 size=2912x22 format=2 depth=24
04-17 08:30:28.057 I/LorieNative(16758): DamageTraceV2: PutImage count=150400 drawableType=WINDOW screenPixmap=0 drawable=0xb400007cd98d66b0 geom=2898x1848 box=0,594-2898,616 backend=other fn=0x7bd5f2ee24 fn_offset=0x30de24 fbase=0x7bd5c21000 sym=unknown so=/data/app/~~iNwcSjv3C2CZCLwcLxpEtA==/com.termux.x11-1tus8NhfW98goVF914TrYw==/base.apk!/lib/arm64-v8a/libXlorie.so
04-17 08:30:28.137 I/LorieNative(16758): DamageTraceV2: PutImage count=150464 drawableType=WINDOW screenPixmap=0 drawable=0xb400007cd98d66b0 geom=2898x1848 box=0,154-2898,176 backend=other fn=0x7bd5f2ee24 fn_offset=0x30de24 fbase=0x7bd5c21000 sym=unknown so=/data/app/~~iNwcSjv3C2CZCLwcLxpEtA==/com.termux.x11-1tus8NhfW98goVF914TrYw==/base.apk!/lib/arm64-v8a/libXlorie.so
04-17 08:30:28.150 I/LorieNative(16758): ExaTrace: putImage accel count=152576 drawableType=0 drawableId=0x600037 geom=2898x1848 size=2912x22 format=2 depth=24
04-17 08:30:28.153 I/LorieNative(16758): DamageTraceV2: PutImage count=150528 drawableType=WINDOW screenPixmap=0 drawable=0xb400007cd98d66b0 geom=2898x1848 box=0,1562-2898,1584 backend=other fn=0x7bd5f2ee24 fn_offset=0x30de24 fbase=0x7bd5c21000 sym=unknown so=/data/app/~~iNwcSjv3C2CZCLwcLxpEtA==/com.termux.x11-1tus8NhfW98goVF914TrYw==/base.apk!/lib/arm64-v8a/libXlorie.so
04-17 08:30:28.240 I/LorieNative(16758): DamageTraceV2: PutImage count=150592 drawableType=WINDOW screenPixmap=0 drawable=0xb400007cd98d66b0 geom=2898x1848 box=0,1122-2898,1144 backend=other fn=0x7bd5f2ee24 fn_offset=0x30de24 fbase=0x7bd5c21000 sym=unknown so=/data/app/~~iNwcSjv3C2CZCLwcLxpEtA==/com.termux.x11-1tus8NhfW98goVF914TrYw==/base.apk!/lib/arm64-v8a/libXlorie.so
04-17 08:30:28.318 I/LorieNative(16758): ExaTrace: putImage accel count=152704 drawableType=0 drawableId=0x600037 geom=2898x1848 size=2912x22 format=2 depth=24
04-17 08:30:28.320 I/LorieNative(16758): DamageTraceV2: PutImage count=150656 drawableType=WINDOW screenPixmap=0 drawable=0xb400007cd98d66b0 geom=2898x1848 box=0,682-2898,704 backend=other fn=0x7bd5f2ee24 fn_offset=0x30de24 fbase=0x7bd5c21000 sym=unknown so=/data/app/~~iNwcSjv3C2CZCLwcLxpEtA==/com.termux.x11-1tus8NhfW98goVF914TrYw==/base.apk!/lib/arm64-v8a/libXlorie.so
04-17 08:30:28.386 I/LorieNative(16758): DamageTraceV2: PutImage count=150720 drawableType=WINDOW screenPixmap=0 drawable=0xb400007cd98d66b0 geom=2898x1848 box=0,242-2898,264 backend=other fn=0x7bd5f2ee24 fn_offset=0x30de24 fbase=0x7bd5c21000 sym=unknown so=/data/app/~~iNwcSjv3C2CZCLwcLxpEtA==/com.termux.x11-1tus8NhfW98goVF914TrYw==/base.apk!/lib/arm64-v8a/libXlorie.so
04-17 08:30:28.403 I/LorieNative(16758): ExaTrace: putImage accel count=152832 drawableType=0 drawableId=0x600037 geom=2898x1848 size=2912x22 format=2 depth=24
04-17 08:30:28.407 I/LorieNative(16758): DamageTraceV2: PutImage count=150784 drawableType=WINDOW screenPixmap=0 drawable=0xb400007cd98d66b0 geom=2898x1848 box=0,1650-2898,1672 backend=other fn=0x7bd5f2ee24 fn_offset=0x30de24 fbase=0x7bd5c21000 sym=unknown so=/data/app/~~iNwcSjv3C2CZCLwcLxpEtA==/com.termux.x11-1tus8NhfW98goVF914TrYw==/base.apk!/lib/arm64-v8a/libXlorie.so
04-17 08:30:28.502 I/LorieNative(16758): DamageTraceV2: PutImage count=150848 drawableType=WINDOW screenPixmap=0 drawable=0xb400007cd98d66b0 geom=2898x1848 box=0,1210-2898,1232 backend=other fn=0x7bd5f2ee24 fn_offset=0x30de24 fbase=0x7bd5c21000 sym=unknown so=/data/app/~~iNwcSjv3C2CZCLwcLxpEtA==/com.termux.x11-1tus8NhfW98goVF914TrYw==/base.apk!/lib/arm64-v8a/libXlorie.so
04-17 08:30:28.574 I/LorieNative(16758): ExaTrace: putImage accel count=152960 drawableType=0 drawableId=0x600037 geom=2898x1848 size=2912x22 format=2 depth=24
04-17 08:30:28.576 I/LorieNative(16758): DamageTraceV2: PutImage count=150912 drawableType=WINDOW screenPixmap=0 drawable=0xb400007cd98d66b0 geom=2898x1848 box=0,770-2898,792 backend=other fn=0x7bd5f2ee24 fn_offset=0x30de24 fbase=0x7bd5c21000 sym=unknown so=/data/app/~~iNwcSjv3C2CZCLwcLxpEtA==/com.termux.x11-1tus8NhfW98goVF914TrYw==/base.apk!/lib/arm64-v8a/libXlorie.so
04-17 08:30:28.641 I/LorieNative(16758): DamageTraceV2: PutImage count=150976 drawableType=WINDOW screenPixmap=0 drawable=0xb400007cd98d66b0 geom=2898x1848 box=0,330-2898,352 backend=other fn=0x7bd5f2ee24 fn_offset=0x30de24 fbase=0x7bd5c21000 sym=unknown so=/data/app/~~iNwcSjv3C2CZCLwcLxpEtA==/com.termux.x11-1tus8NhfW98goVF914TrYw==/base.apk!/lib/arm64-v8a/libXlorie.so
04-17 08:30:28.656 I/LorieNative(16758): ExaTrace: putImage accel count=153088 drawableType=0 drawableId=0x600037 geom=2898x1848 size=2912x22 format=2 depth=24
04-17 08:30:28.659 I/LorieNative(16758): DamageTraceV2: PutImage count=151040 drawableType=WINDOW screenPixmap=0 drawable=0xb400007cd98d66b0 geom=2898x1848 box=0,1738-2898,1760 backend=other fn=0x7bd5f2ee24 fn_offset=0x30de24 fbase=0x7bd5c21000 sym=unknown so=/data/app/~~iNwcSjv3C2CZCLwcLxpEtA==/com.termux.x11-1tus8NhfW98goVF914TrYw==/base.apk!/lib/arm64-v8a/libXlorie.so
04-17 08:30:28.742 I/LorieNative(16758): DamageTraceV2: PutImage count=151104 drawableType=WINDOW screenPixmap=0 drawable=0xb400007cd98d66b0 geom=2898x1848 box=0,1298-2898,1320 backend=other fn=0x7bd5f2ee24 fn_offset=0x30de24 fbase=0x7bd5c21000 sym=unknown so=/data/app/~~iNwcSjv3C2CZCLwcLxpEtA==/com.termux.x11-1tus8NhfW98goVF914TrYw==/base.apk!/lib/arm64-v8a/libXlorie.so
04-17 08:30:28.805 I/LorieNative(16758): ExaTrace: putImage accel count=153216 drawableType=0 drawableId=0x600037 geom=2898x1848 size=2912x22 format=2 depth=24
04-17 08:30:28.809 I/LorieNative(16758): DamageTraceV2: PutImage count=151168 drawableType=WINDOW screenPixmap=0 drawable=0xb400007cd98d66b0 geom=2898x1848 box=0,858-2898,880 backend=other fn=0x7bd5f2ee24 fn_offset=0x30de24 fbase=0x7bd5c21000 sym=unknown so=/data/app/~~iNwcSjv3C2CZCLwcLxpEtA==/com.termux.x11-1tus8NhfW98goVF914TrYw==/base.apk!/lib/arm64-v8a/libXlorie.so
04-17 08:30:28.885 I/LorieNative(16758): DamageTraceV2: PutImage count=151232 drawableType=WINDOW screenPixmap=0 drawable=0xb400007cd98d66b0 geom=2898x1848 box=0,418-2898,440 backend=other fn=0x7bd5f2ee24 fn_offset=0x30de24 fbase=0x7bd5c21000 sym=unknown so=/data/app/~~iNwcSjv3C2CZCLwcLxpEtA==/com.termux.x11-1tus8NhfW98goVF914TrYw==/base.apk!/lib/arm64-v8a/libXlorie.so
04-17 08:30:28.894 I/LorieNative(16758): ExaTrace: putImage accel count=153344 drawableType=0 drawableId=0x600037 geom=2898x1848 size=2912x22 format=2 depth=24
04-17 08:30:28.897 I/LorieNative(16758): DamageTraceV2: PutImage count=151296 drawableType=WINDOW screenPixmap=0 drawable=0xb400007cd98d66b0 geom=2898x1848 box=0,1826-2898,1848 backend=other fn=0x7bd5f2ee24 fn_offset=0x30de24 fbase=0x7bd5c21000 sym=unknown so=/data/app/~~iNwcSjv3C2CZCLwcLxpEtA==/com.termux.x11-1tus8NhfW98goVF914TrYw==/base.apk!/lib/arm64-v8a/libXlorie.so
04-17 08:30:28.975 I/LorieNative(16758): DamageTraceV2: PutImage count=151360 drawableType=WINDOW screenPixmap=0 drawable=0xb400007cd98d66b0 geom=2898x1848 box=0,1386-2898,1408 backend=other fn=0x7bd5f2ee24 fn_offset=0x30de24 fbase=0x7bd5c21000 sym=unknown so=/data/app/~~iNwcSjv3C2CZCLwcLxpEtA==/com.termux.x11-1tus8NhfW98goVF914TrYw==/base.apk!/lib/arm64-v8a/libXlorie.so
04-17 08:30:29.056 I/LorieNative(16758): ExaTrace: putImage accel count=153472 drawableType=0 drawableId=0x600037 geom=2898x1848 size=2912x22 format=2 depth=24
04-17 08:30:29.059 I/LorieNative(16758): DamageTraceV2: PutImage count=151424 drawableType=WINDOW screenPixmap=0 drawable=0xb400007cd98d66b0 geom=2898x1848 box=0,946-2898,968 backend=other fn=0x7bd5f2ee24 fn_offset=0x30de24 fbase=0x7bd5c21000 sym=unknown so=/data/app/~~iNwcSjv3C2CZCLwcLxpEtA==/com.termux.x11-1tus8NhfW98goVF914TrYw==/base.apk!/lib/arm64-v8a/libXlorie.so
04-17 08:30:29.135 I/LorieNative(16758): DamageTraceV2: PutImage count=151488 drawableType=WINDOW screenPixmap=0 drawable=0xb400007cd98d66b0 geom=2898x1848 box=0,506-2898,528 backend=other fn=0x7bd5f2ee24 fn_offset=0x30de24 fbase=0x7bd5c21000 sym=unknown so=/data/app/~~iNwcSjv3C2CZCLwcLxpEtA==/com.termux.x11-1tus8NhfW98goVF914TrYw==/base.apk!/lib/arm64-v8a/libXlorie.so
04-17 08:30:29.148 I/LorieNative(16758): ExaTrace: putImage accel count=153600 drawableType=0 drawableId=0x600037 geom=2898x1848 size=2912x22 format=2 depth=24
04-17 08:30:29.218 I/LorieNative(16758): DamageTraceV2: PutImage count=151552 drawableType=WINDOW screenPixmap=0 drawable=0xb400007cd98d66b0 geom=2898x1848 box=0,66-2898,88 backend=other fn=0x7bd5f2ee24 fn_offset=0x30de24 fbase=0x7bd5c21000 sym=unknown so=/data/app/~~iNwcSjv3C2CZCLwcLxpEtA==/com.termux.x11-1tus8NhfW98goVF914TrYw==/base.apk!/lib/arm64-v8a/libXlorie.so
04-17 08:30:29.239 I/LorieNative(16758): DamageTraceV2: PutImage count=151616 drawableType=WINDOW screenPixmap=0 drawable=0xb400007cd98d66b0 geom=2898x1848 box=0,1474-2898,1496 backend=other fn=0x7bd5f2ee24 fn_offset=0x30de24 fbase=0x7bd5c21000 sym=unknown so=/data/app/~~iNwcSjv3C2CZCLwcLxpEtA==/com.termux.x11-1tus8NhfW98goVF914TrYw==/base.apk!/lib/arm64-v8a/libXlorie.so
04-17 08:30:29.304 I/LorieNative(16758): ExaTrace: putImage accel count=153728 drawableType=0 drawableId=0x600037 geom=2898x1848 size=2912x22 format=2 depth=24
04-17 08:30:29.306 I/LorieNative(16758): DamageTraceV2: PutImage count=151680 drawableType=WINDOW screenPixmap=0 drawable=0xb400007cd98d66b0 geom=2898x1848 box=0,1034-2898,1056 backend=other fn=0x7bd5f2ee24 fn_offset=0x30de24 fbase=0x7bd5c21000 sym=unknown so=/data/app/~~iNwcSjv3C2CZCLwcLxpEtA==/com.termux.x11-1tus8NhfW98goVF914TrYw==/base.apk!/lib/arm64-v8a/libXlorie.so
04-17 08:30:29.382 I/LorieNative(16758): DamageTraceV2: PutImage count=151744 drawableType=WINDOW screenPixmap=0 drawable=0xb400007cd98d66b0 geom=2898x1848 box=0,594-2898,616 backend=other fn=0x7bd5f2ee24 fn_offset=0x30de24 fbase=0x7bd5c21000 sym=unknown so=/data/app/~~iNwcSjv3C2CZCLwcLxpEtA==/com.termux.x11-1tus8NhfW98goVF914TrYw==/base.apk!/lib/arm64-v8a/libXlorie.so
04-17 08:30:29.397 I/LorieNative(16758): ExaTrace: putImage accel count=153856 drawableType=0 drawableId=0x600037 geom=2898x1848 size=2912x22 format=2 depth=24
04-17 08:30:29.473 I/LorieNative(16758): DamageTraceV2: PutImage count=151808 drawableType=WINDOW screenPixmap=0 drawable=0xb400007cd98d66b0 geom=2898x1848 box=0,154-2898,176 backend=other fn=0x7bd5f2ee24 fn_offset=0x30de24 fbase=0x7bd5c21000 sym=unknown so=/data/app/~~iNwcSjv3C2CZCLwcLxpEtA==/com.termux.x11-1tus8NhfW98goVF914TrYw==/base.apk!/lib/arm64-v8a/libXlorie.so
04-17 08:30:29.492 I/LorieNative(16758): DamageTraceV2: PutImage count=151872 drawableType=WINDOW screenPixmap=0 drawable=0xb400007cd98d66b0 geom=2898x1848 box=0,1562-2898,1584 backend=other fn=0x7bd5f2ee24 fn_offset=0x30de24 fbase=0x7bd5c21000 sym=unknown so=/data/app/~~iNwcSjv3C2CZCLwcLxpEtA==/com.termux.x11-1tus8NhfW98goVF914TrYw==/base.apk!/lib/arm64-v8a/libXlorie.so
04-17 08:30:29.562 I/LorieNative(16758): ExaTrace: putImage accel count=153984 drawableType=0 drawableId=0x600037 geom=2898x1848 size=2912x22 format=2 depth=24
04-17 08:30:29.566 I/LorieNative(16758): DamageTraceV2: PutImage count=151936 drawableType=WINDOW screenPixmap=0 drawable=0xb400007cd98d66b0 geom=2898x1848 box=0,1122-2898,1144 backend=other fn=0x7bd5f2ee24 fn_offset=0x30de24 fbase=0x7bd5c21000 sym=unknown so=/data/app/~~iNwcSjv3C2CZCLwcLxpEtA==/com.termux.x11-1tus8NhfW98goVF914TrYw==/base.apk!/lib/arm64-v8a/libXlorie.so
04-17 08:30:29.646 I/LorieNative(16758): DamageTraceV2: PutImage count=152000 drawableType=WINDOW screenPixmap=0 drawable=0xb400007cd98d66b0 geom=2898x1848 box=0,682-2898,704 backend=other fn=0x7bd5f2ee24 fn_offset=0x30de24 fbase=0x7bd5c21000 sym=unknown so=/data/app/~~iNwcSjv3C2CZCLwcLxpEtA==/com.termux.x11-1tus8NhfW98goVF914TrYw==/base.apk!/lib/arm64-v8a/libXlorie.so
04-17 08:30:29.667 I/LorieNative(16758): ExaTrace: putImage accel count=154112 drawableType=0 drawableId=0x600037 geom=2898x1848 size=2912x22 format=2 depth=24
04-17 08:30:29.740 I/LorieNative(16758): DamageTraceV2: PutImage count=152064 drawableType=WINDOW screenPixmap=0 drawable=0xb400007cd98d66b0 geom=2898x1848 box=0,242-2898,264 backend=other fn=0x7bd5f2ee24 fn_offset=0x30de24 fbase=0x7bd5c21000 sym=unknown so=/data/app/~~iNwcSjv3C2CZCLwcLxpEtA==/com.termux.x11-1tus8NhfW98goVF914TrYw==/base.apk!/lib/arm64-v8a/libXlorie.so
04-17 08:30:29.758 I/LorieNative(16758): DamageTraceV2: PutImage count=152128 drawableType=WINDOW screenPixmap=0 drawable=0xb400007cd98d66b0 geom=2898x1848 box=0,1650-2898,1672 backend=other fn=0x7bd5f2ee24 fn_offset=0x30de24 fbase=0x7bd5c21000 sym=unknown so=/data/app/~~iNwcSjv3C2CZCLwcLxpEtA==/com.termux.x11-1tus8NhfW98goVF914TrYw==/base.apk!/lib/arm64-v8a/libXlorie.so
04-17 08:30:29.858 I/LorieNative(16758): ExaTrace: putImage accel count=154240 drawableType=0 drawableId=0x600037 geom=2898x1848 size=2912x22 format=2 depth=24
04-17 08:30:29.861 I/LorieNative(16758): DamageTraceV2: PutImage count=152192 drawableType=WINDOW screenPixmap=0 drawable=0xb400007cd98d66b0 geom=2898x1848 box=0,1210-2898,1232 backend=other fn=0x7bd5f2ee24 fn_offset=0x30de24 fbase=0x7bd5c21000 sym=unknown so=/data/app/~~iNwcSjv3C2CZCLwcLxpEtA==/com.termux.x11-1tus8NhfW98goVF914TrYw==/base.apk!/lib/arm64-v8a/libXlorie.so
04-17 08:30:29.933 I/LorieNative(16758): DamageTraceV2: PutImage count=152256 drawableType=WINDOW screenPixmap=0 drawable=0xb400007cd98d66b0 geom=2898x1848 box=0,770-2898,792 backend=other fn=0x7bd5f2ee24 fn_offset=0x30de24 fbase=0x7bd5c21000 sym=unknown so=/data/app/~~iNwcSjv3C2CZCLwcLxpEtA==/com.termux.x11-1tus8NhfW98goVF914TrYw==/base.apk!/lib/arm64-v8a/libXlorie.so
04-17 08:30:29.993 I/LorieNative(16758): ExaTrace: putImage accel count=154368 drawableType=0 drawableId=0x600037 geom=2898x1848 size=2912x22 format=2 depth=24
04-17 08:30:30.000 I/LorieNative(16758): DamageTraceV2: PutImage count=152320 drawableType=WINDOW screenPixmap=0 drawable=0xb400007cd98d66b0 geom=2898x1848 box=0,330-2898,352 backend=other fn=0x7bd5f2ee24 fn_offset=0x30de24 fbase=0x7bd5c21000 sym=unknown so=/data/app/~~iNwcSjv3C2CZCLwcLxpEtA==/com.termux.x11-1tus8NhfW98goVF914TrYw==/base.apk!/lib/arm64-v8a/libXlorie.so
04-17 08:30:30.017 I/LorieNative(16758): DamageTraceV2: PutImage count=152384 drawableType=WINDOW screenPixmap=0 drawable=0xb400007cd98d66b0 geom=2898x1848 box=0,1738-2898,1760 backend=other fn=0x7bd5f2ee24 fn_offset=0x30de24 fbase=0x7bd5c21000 sym=unknown so=/data/app/~~iNwcSjv3C2CZCLwcLxpEtA==/com.termux.x11-1tus8NhfW98goVF914TrYw==/base.apk!/lib/arm64-v8a/libXlorie.so
04-17 08:30:30.102 I/LorieNative(16758): ExaTrace: putImage accel count=154496 drawableType=0 drawableId=0x600037 geom=2898x1848 size=2912x22 format=2 depth=24
04-17 08:30:30.104 I/LorieNative(16758): DamageTraceV2: PutImage count=152448 drawableType=WINDOW screenPixmap=0 drawable=0xb400007cd98d66b0 geom=2898x1848 box=0,1298-2898,1320 backend=other fn=0x7bd5f2ee24 fn_offset=0x30de24 fbase=0x7bd5c21000 sym=unknown so=/data/app/~~iNwcSjv3C2CZCLwcLxpEtA==/com.termux.x11-1tus8NhfW98goVF914TrYw==/base.apk!/lib/arm64-v8a/libXlorie.so
04-17 08:30:30.176 I/LorieNative(16758): DamageTraceV2: PutImage count=152512 drawableType=WINDOW screenPixmap=0 drawable=0xb400007cd98d66b0 geom=2898x1848 box=0,858-2898,880 backend=other fn=0x7bd5f2ee24 fn_offset=0x30de24 fbase=0x7bd5c21000 sym=unknown so=/data/app/~~iNwcSjv3C2CZCLwcLxpEtA==/com.termux.x11-1tus8NhfW98goVF914TrYw==/base.apk!/lib/arm64-v8a/libXlorie.so
04-17 08:30:30.249 I/LorieNative(16758): ExaTrace: putImage accel count=154624 drawableType=0 drawableId=0x600037 geom=2898x1848 size=2912x22 format=2 depth=24
04-17 08:30:30.253 I/LorieNative(16758): DamageTraceV2: PutImage count=152576 drawableType=WINDOW screenPixmap=0 drawable=0xb400007cd98d66b0 geom=2898x1848 box=0,418-2898,440 backend=other fn=0x7bd5f2ee24 fn_offset=0x30de24 fbase=0x7bd5c21000 sym=unknown so=/data/app/~~iNwcSjv3C2CZCLwcLxpEtA==/com.termux.x11-1tus8NhfW98goVF914TrYw==/base.apk!/lib/arm64-v8a/libXlorie.so
04-17 08:30:30.269 I/LorieNative(16758): DamageTraceV2: PutImage count=152640 drawableType=WINDOW screenPixmap=0 drawable=0xb400007cd98d66b0 geom=2898x1848 box=0,1826-2898,1848 backend=other fn=0x7bd5f2ee24 fn_offset=0x30de24 fbase=0x7bd5c21000 sym=unknown so=/data/app/~~iNwcSjv3C2CZCLwcLxpEtA==/com.termux.x11-1tus8NhfW98goVF914TrYw==/base.apk!/lib/arm64-v8a/libXlorie.so
04-17 08:30:30.346 I/LorieNative(16758): ExaTrace: putImage accel count=154752 drawableType=0 drawableId=0x600037 geom=2898x1848 size=2912x22 format=2 depth=24
04-17 08:30:30.349 I/LorieNative(16758): DamageTraceV2: PutImage count=152704 drawableType=WINDOW screenPixmap=0 drawable=0xb400007cd98d66b0 geom=2898x1848 box=0,1386-2898,1408 backend=other fn=0x7bd5f2ee24 fn_offset=0x30de24 fbase=0x7bd5c21000 sym=unknown so=/data/app/~~iNwcSjv3C2CZCLwcLxpEtA==/com.termux.x11-1tus8NhfW98goVF914TrYw==/base.apk!/lib/arm64-v8a/libXlorie.so
04-17 08:30:30.439 I/LorieNative(16758): DamageTraceV2: PutImage count=152768 drawableType=WINDOW screenPixmap=0 drawable=0xb400007cd98d66b0 geom=2898x1848 box=0,946-2898,968 backend=other fn=0x7bd5f2ee24 fn_offset=0x30de24 fbase=0x7bd5c21000 sym=unknown so=/data/app/~~iNwcSjv3C2CZCLwcLxpEtA==/com.termux.x11-1tus8NhfW98goVF914TrYw==/base.apk!/lib/arm64-v8a/libXlorie.so
04-17 08:30:30.507 I/LorieNative(16758): ExaTrace: putImage accel count=154880 drawableType=0 drawableId=0x600037 geom=2898x1848 size=2912x22 format=2 depth=24
04-17 08:30:30.514 I/LorieNative(16758): DamageTraceV2: PutImage count=152832 drawableType=WINDOW screenPixmap=0 drawable=0xb400007cd98d66b0 geom=2898x1848 box=0,506-2898,528 backend=other fn=0x7bd5f2ee24 fn_offset=0x30de24 fbase=0x7bd5c21000 sym=unknown so=/data/app/~~iNwcSjv3C2CZCLwcLxpEtA==/com.termux.x11-1tus8NhfW98goVF914TrYw==/base.apk!/lib/arm64-v8a/libXlorie.so
04-17 08:30:30.584 I/LorieNative(16758): choreographer callbacks in 5.0 seconds = 119.8 FPS
04-17 08:30:30.585 I/LorieNative(16758): redraw wakeups in 5.0 seconds = 119.8 FPS
04-17 08:30:30.585 I/LorieNative(16758): damage-triggered redraws in 5.0 seconds = 24.8 FPS
04-17 08:30:30.585 I/LorieNative(16758): AhbLockTrace: sticky=0 lock_calls=124 unlock_calls=124 sticky_hits=5040 flush_skipped=0 in 5.0s
04-17 08:30:30.585 I/LorieNative(16758): present flip attempts in 5.0 seconds = 0.0 FPS (accepted 0.0, rejected 0.0)
04-17 08:30:30.586 I/LorieNative(16758): present after-flips in 5.0 seconds = 0.0 FPS
04-17 08:30:30.586 I/LorieNative(16758): 124 frames in 5.0 seconds = 24.8 FPS
04-17 08:30:30.593 I/LorieNative(16758): DamageTraceV2: PutImage count=152896 drawableType=WINDOW screenPixmap=0 drawable=0xb400007cd98d66b0 geom=2898x1848 box=0,66-2898,88 backend=other fn=0x7bd5f2ee24 fn_offset=0x30de24 fbase=0x7bd5c21000 sym=unknown so=/data/app/~~iNwcSjv3C2CZCLwcLxpEtA==/com.termux.x11-1tus8NhfW98goVF914TrYw==/base.apk!/lib/arm64-v8a/libXlorie.so
04-17 08:30:30.606 I/LorieNative(16758): ExaTrace: putImage accel count=155008 drawableType=0 drawableId=0x600037 geom=2898x1848 size=2912x22 format=2 depth=24
04-17 08:30:30.610 I/LorieNative(16758): DamageTraceV2: PutImage count=152960 drawableType=WINDOW screenPixmap=0 drawable=0xb400007cd98d66b0 geom=2898x1848 box=0,1474-2898,1496 backend=other fn=0x7bd5f2ee24 fn_offset=0x30de24 fbase=0x7bd5c21000 sym=unknown so=/data/app/~~iNwcSjv3C2CZCLwcLxpEtA==/com.termux.x11-1tus8NhfW98goVF914TrYw==/base.apk!/lib/arm64-v8a/libXlorie.so
04-17 08:30:30.688 I/LorieNative(16758): DamageTraceV2: PutImage count=153024 drawableType=WINDOW screenPixmap=0 drawable=0xb400007cd98d66b0 geom=2898x1848 box=0,1034-2898,1056 backend=other fn=0x7bd5f2ee24 fn_offset=0x30de24 fbase=0x7bd5c21000 sym=unknown so=/data/app/~~iNwcSjv3C2CZCLwcLxpEtA==/com.termux.x11-1tus8NhfW98goVF914TrYw==/base.apk!/lib/arm64-v8a/libXlorie.so
04-17 08:30:30.755 I/LorieNative(16758): ExaTrace: putImage accel count=155136 drawableType=0 drawableId=0x600037 geom=2898x1848 size=2912x22 format=2 depth=24
04-17 08:30:30.760 I/LorieNative(16758): DamageTraceV2: PutImage count=153088 drawableType=WINDOW screenPixmap=0 drawable=0xb400007cd98d66b0 geom=2898x1848 box=0,594-2898,616 backend=other fn=0x7bd5f2ee24 fn_offset=0x30de24 fbase=0x7bd5c21000 sym=unknown so=/data/app/~~iNwcSjv3C2CZCLwcLxpEtA==/com.termux.x11-1tus8NhfW98goVF914TrYw==/base.apk!/lib/arm64-v8a/libXlorie.so
04-17 08:30:30.841 I/LorieNative(16758): DamageTraceV2: PutImage count=153152 drawableType=WINDOW screenPixmap=0 drawable=0xb400007cd98d66b0 geom=2898x1848 box=0,154-2898,176 backend=other fn=0x7bd5f2ee24 fn_offset=0x30de24 fbase=0x7bd5c21000 sym=unknown so=/data/app/~~iNwcSjv3C2CZCLwcLxpEtA==/com.termux.x11-1tus8NhfW98goVF914TrYw==/base.apk!/lib/arm64-v8a/libXlorie.so
04-17 08:30:30.854 I/LorieNative(16758): ExaTrace: putImage accel count=155264 drawableType=0 drawableId=0x600037 geom=2898x1848 size=2912x22 format=2 depth=24
04-17 08:30:30.858 I/LorieNative(16758): DamageTraceV2: PutImage count=153216 drawableType=WINDOW screenPixmap=0 drawable=0xb400007cd98d66b0 geom=2898x1848 box=0,1562-2898,1584 backend=other fn=0x7bd5f2ee24 fn_offset=0x30de24 fbase=0x7bd5c21000 sym=unknown so=/data/app/~~iNwcSjv3C2CZCLwcLxpEtA==/com.termux.x11-1tus8NhfW98goVF914TrYw==/base.apk!/lib/arm64-v8a/libXlorie.so
04-17 08:30:30.936 I/LorieNative(16758): DamageTraceV2: PutImage count=153280 drawableType=WINDOW screenPixmap=0 drawable=0xb400007cd98d66b0 geom=2898x1848 box=0,1122-2898,1144 backend=other fn=0x7bd5f2ee24 fn_offset=0x30de24 fbase=0x7bd5c21000 sym=unknown so=/data/app/~~iNwcSjv3C2CZCLwcLxpEtA==/com.termux.x11-1tus8NhfW98goVF914TrYw==/base.apk!/lib/arm64-v8a/libXlorie.so
04-17 08:30:31.023 I/LorieNative(16758): ExaTrace: putImage accel count=155392 drawableType=0 drawableId=0x600037 geom=2898x1848 size=2912x22 format=2 depth=24
04-17 08:30:31.029 I/LorieNative(16758): DamageTraceV2: PutImage count=153344 drawableType=WINDOW screenPixmap=0 drawable=0xb400007cd98d66b0 geom=2898x1848 box=0,682-2898,704 backend=other fn=0x7bd5f2ee24 fn_offset=0x30de24 fbase=0x7bd5c21000 sym=unknown so=/data/app/~~iNwcSjv3C2CZCLwcLxpEtA==/com.termux.x11-1tus8NhfW98goVF914TrYw==/base.apk!/lib/arm64-v8a/libXlorie.so
04-17 08:30:31.105 I/LorieNative(16758): DamageTraceV2: PutImage count=153408 drawableType=WINDOW screenPixmap=0 drawable=0xb400007cd98d66b0 geom=2898x1848 box=0,242-2898,264 backend=other fn=0x7bd5f2ee24 fn_offset=0x30de24 fbase=0x7bd5c21000 sym=unknown so=/data/app/~~iNwcSjv3C2CZCLwcLxpEtA==/com.termux.x11-1tus8NhfW98goVF914TrYw==/base.apk!/lib/arm64-v8a/libXlorie.so
04-17 08:30:31.123 I/LorieNative(16758): ExaTrace: putImage accel count=155520 drawableType=0 drawableId=0x600037 geom=2898x1848 size=2912x22 format=2 depth=24
04-17 08:30:31.129 I/LorieNative(16758): DamageTraceV2: PutImage count=153472 drawableType=WINDOW screenPixmap=0 drawable=0xb400007cd98d66b0 geom=2898x1848 box=0,1650-2898,1672 backend=other fn=0x7bd5f2ee24 fn_offset=0x30de24 fbase=0x7bd5c21000 sym=unknown so=/data/app/~~iNwcSjv3C2CZCLwcLxpEtA==/com.termux.x11-1tus8NhfW98goVF914TrYw==/base.apk!/lib/arm64-v8a/libXlorie.so
04-17 08:30:31.202 I/LorieNative(16758): DamageTraceV2: PutImage count=153536 drawableType=WINDOW screenPixmap=0 drawable=0xb400007cd98d66b0 geom=2898x1848 box=0,1210-2898,1232 backend=other fn=0x7bd5f2ee24 fn_offset=0x30de24 fbase=0x7bd5c21000 sym=unknown so=/data/app/~~iNwcSjv3C2CZCLwcLxpEtA==/com.termux.x11-1tus8NhfW98goVF914TrYw==/base.apk!/lib/arm64-v8a/libXlorie.so
04-17 08:30:31.278 I/LorieNative(16758): ExaTrace: putImage accel count=155648 drawableType=0 drawableId=0x600037 geom=2898x1848 size=2912x22 format=2 depth=24
04-17 08:30:31.280 I/LorieNative(16758): DamageTraceV2: PutImage count=153600 drawableType=WINDOW screenPixmap=0 drawable=0xb400007cd98d66b0 geom=2898x1848 box=0,770-2898,792 backend=other fn=0x7bd5f2ee24 fn_offset=0x30de24 fbase=0x7bd5c21000 sym=unknown so=/data/app/~~iNwcSjv3C2CZCLwcLxpEtA==/com.termux.x11-1tus8NhfW98goVF914TrYw==/base.apk!/lib/arm64-v8a/libXlorie.so
04-17 08:30:31.342 I/LorieNative(16758): DamageTraceV2: PutImage count=153664 drawableType=WINDOW screenPixmap=0 drawable=0xb400007cd98d66b0 geom=2898x1848 box=0,330-2898,352 backend=other fn=0x7bd5f2ee24 fn_offset=0x30de24 fbase=0x7bd5c21000 sym=unknown so=/data/app/~~iNwcSjv3C2CZCLwcLxpEtA==/com.termux.x11-1tus8NhfW98goVF914TrYw==/base.apk!/lib/arm64-v8a/libXlorie.so
04-17 08:30:31.350 I/LorieNative(16758): ExaTrace: putImage accel count=155776 drawableType=0 drawableId=0x600037 geom=2898x1848 size=2912x22 format=2 depth=24
04-17 08:30:31.353 I/LorieNative(16758): DamageTraceV2: PutImage count=153728 drawableType=WINDOW screenPixmap=0 drawable=0xb400007cd98d66b0 geom=2898x1848 box=0,1738-2898,1760 backend=other fn=0x7bd5f2ee24 fn_offset=0x30de24 fbase=0x7bd5c21000 sym=unknown so=/data/app/~~iNwcSjv3C2CZCLwcLxpEtA==/com.termux.x11-1tus8NhfW98goVF914TrYw==/base.apk!/lib/arm64-v8a/libXlorie.so
04-17 08:30:31.420 I/LorieNative(16758): DamageTraceV2: PutImage count=153792 drawableType=WINDOW screenPixmap=0 drawable=0xb400007cd98d66b0 geom=2898x1848 box=0,1298-2898,1320 backend=other fn=0x7bd5f2ee24 fn_offset=0x30de24 fbase=0x7bd5c21000 sym=unknown so=/data/app/~~iNwcSjv3C2CZCLwcLxpEtA==/com.termux.x11-1tus8NhfW98goVF914TrYw==/base.apk!/lib/arm64-v8a/libXlorie.so
04-17 08:30:31.491 I/LorieNative(16758): ExaTrace: putImage accel count=155904 drawableType=0 drawableId=0x600037 geom=2898x1848 size=2912x22 format=2 depth=24
04-17 08:30:31.495 I/LorieNative(16758): DamageTraceV2: PutImage count=153856 drawableType=WINDOW screenPixmap=0 drawable=0xb400007cd98d66b0 geom=2898x1848 box=0,858-2898,880 backend=other fn=0x7bd5f2ee24 fn_offset=0x30de24 fbase=0x7bd5c21000 sym=unknown so=/data/app/~~iNwcSjv3C2CZCLwcLxpEtA==/com.termux.x11-1tus8NhfW98goVF914TrYw==/base.apk!/lib/arm64-v8a/libXlorie.so
04-17 08:30:31.572 I/LorieNative(16758): DamageTraceV2: PutImage count=153920 drawableType=WINDOW screenPixmap=0 drawable=0xb400007cd98d66b0 geom=2898x1848 box=0,418-2898,440 backend=other fn=0x7bd5f2ee24 fn_offset=0x30de24 fbase=0x7bd5c21000 sym=unknown so=/data/app/~~iNwcSjv3C2CZCLwcLxpEtA==/com.termux.x11-1tus8NhfW98goVF914TrYw==/base.apk!/lib/arm64-v8a/libXlorie.so
04-17 08:30:31.584 I/LorieNative(16758): ExaTrace: putImage accel count=156032 drawableType=0 drawableId=0x600037 geom=2898x1848 size=2912x22 format=2 depth=24
04-17 08:30:31.588 I/LorieNative(16758): DamageTraceV2: PutImage count=153984 drawableType=WINDOW screenPixmap=0 drawable=0xb400007cd98d66b0 geom=2898x1848 box=0,1826-2898,1848 backend=other fn=0x7bd5f2ee24 fn_offset=0x30de24 fbase=0x7bd5c21000 sym=unknown so=/data/app/~~iNwcSjv3C2CZCLwcLxpEtA==/com.termux.x11-1tus8NhfW98goVF914TrYw==/base.apk!/lib/arm64-v8a/libXlorie.so
04-17 08:30:31.663 I/LorieNative(16758): DamageTraceV2: PutImage count=154048 drawableType=WINDOW screenPixmap=0 drawable=0xb400007cd98d66b0 geom=2898x1848 box=0,1386-2898,1408 backend=other fn=0x7bd5f2ee24 fn_offset=0x30de24 fbase=0x7bd5c21000 sym=unknown so=/data/app/~~iNwcSjv3C2CZCLwcLxpEtA==/com.termux.x11-1tus8NhfW98goVF914TrYw==/base.apk!/lib/arm64-v8a/libXlorie.so
04-17 08:30:31.735 I/LorieNative(16758): ExaTrace: putImage accel count=156160 drawableType=0 drawableId=0x600037 geom=2898x1848 size=2912x22 format=2 depth=24
04-17 08:30:31.738 I/LorieNative(16758): DamageTraceV2: PutImage count=154112 drawableType=WINDOW screenPixmap=0 drawable=0xb400007cd98d66b0 geom=2898x1848 box=0,946-2898,968 backend=other fn=0x7bd5f2ee24 fn_offset=0x30de24 fbase=0x7bd5c21000 sym=unknown so=/data/app/~~iNwcSjv3C2CZCLwcLxpEtA==/com.termux.x11-1tus8NhfW98goVF914TrYw==/base.apk!/lib/arm64-v8a/libXlorie.so
04-17 08:30:31.799 I/LorieNative(16758): DamageTraceV2: PutImage count=154176 drawableType=WINDOW screenPixmap=0 drawable=0xb400007cd98d66b0 geom=2898x1848 box=0,506-2898,528 backend=other fn=0x7bd5f2ee24 fn_offset=0x30de24 fbase=0x7bd5c21000 sym=unknown so=/data/app/~~iNwcSjv3C2CZCLwcLxpEtA==/com.termux.x11-1tus8NhfW98goVF914TrYw==/base.apk!/lib/arm64-v8a/libXlorie.so
04-17 08:30:31.812 I/LorieNative(16758): ExaTrace: putImage accel count=156288 drawableType=0 drawableId=0x600037 geom=2898x1848 size=2912x22 format=2 depth=24
04-17 08:30:31.870 I/LorieNative(16758): DamageTraceV2: PutImage count=154240 drawableType=WINDOW screenPixmap=0 drawable=0xb400007cd98d66b0 geom=2898x1848 box=0,66-2898,88 backend=other fn=0x7bd5f2ee24 fn_offset=0x30de24 fbase=0x7bd5c21000 sym=unknown so=/data/app/~~iNwcSjv3C2CZCLwcLxpEtA==/com.termux.x11-1tus8NhfW98goVF914TrYw==/base.apk!/lib/arm64-v8a/libXlorie.so
04-17 08:30:31.889 I/LorieNative(16758): DamageTraceV2: PutImage count=154304 drawableType=WINDOW screenPixmap=0 drawable=0xb400007cd98d66b0 geom=2898x1848 box=0,1474-2898,1496 backend=other fn=0x7bd5f2ee24 fn_offset=0x30de24 fbase=0x7bd5c21000 sym=unknown so=/data/app/~~iNwcSjv3C2CZCLwcLxpEtA==/com.termux.x11-1tus8NhfW98goVF914TrYw==/base.apk!/lib/arm64-v8a/libXlorie.so
04-17 08:30:31.970 I/LorieNative(16758): ExaTrace: putImage accel count=156416 drawableType=0 drawableId=0x600037 geom=2898x1848 size=2912x22 format=2 depth=24
04-17 08:30:31.975 I/LorieNative(16758): DamageTraceV2: PutImage count=154368 drawableType=WINDOW screenPixmap=0 drawable=0xb400007cd98d66b0 geom=2898x1848 box=0,1034-2898,1056 backend=other fn=0x7bd5f2ee24 fn_offset=0x30de24 fbase=0x7bd5c21000 sym=unknown so=/data/app/~~iNwcSjv3C2CZCLwcLxpEtA==/com.termux.x11-1tus8NhfW98goVF914TrYw==/base.apk!/lib/arm64-v8a/libXlorie.so
04-17 08:30:32.046 I/LorieNative(16758): DamageTraceV2: PutImage count=154432 drawableType=WINDOW screenPixmap=0 drawable=0xb400007cd98d66b0 geom=2898x1848 box=0,594-2898,616 backend=other fn=0x7bd5f2ee24 fn_offset=0x30de24 fbase=0x7bd5c21000 sym=unknown so=/data/app/~~iNwcSjv3C2CZCLwcLxpEtA==/com.termux.x11-1tus8NhfW98goVF914TrYw==/base.apk!/lib/arm64-v8a/libXlorie.so
04-17 08:30:32.071 I/LorieNative(16758): ExaTrace: putImage accel count=156544 drawableType=0 drawableId=0x600037 geom=2898x1848 size=2912x22 format=2 depth=24
04-17 08:30:32.123 I/LorieNative(16758): DamageTraceV2: PutImage count=154496 drawableType=WINDOW screenPixmap=0 drawable=0xb400007cd98d66b0 geom=2898x1848 box=0,154-2898,176 backend=other fn=0x7bd5f2ee24 fn_offset=0x30de24 fbase=0x7bd5c21000 sym=unknown so=/data/app/~~iNwcSjv3C2CZCLwcLxpEtA==/com.termux.x11-1tus8NhfW98goVF914TrYw==/base.apk!/lib/arm64-v8a/libXlorie.so
04-17 08:30:32.133 I/LorieNative(16758): DamageTraceV2: PutImage count=154560 drawableType=WINDOW screenPixmap=0 drawable=0xb400007cd98d66b0 geom=2898x1848 box=0,1562-2898,1584 backend=other fn=0x7bd5f2ee24 fn_offset=0x30de24 fbase=0x7bd5c21000 sym=unknown so=/data/app/~~iNwcSjv3C2CZCLwcLxpEtA==/com.termux.x11-1tus8NhfW98goVF914TrYw==/base.apk!/lib/arm64-v8a/libXlorie.so
04-17 08:30:32.193 I/LorieNative(16758): ExaTrace: putImage accel count=156672 drawableType=0 drawableId=0x600037 geom=2898x1848 size=2912x22 format=2 depth=24
04-17 08:30:32.196 I/LorieNative(16758): DamageTraceV2: PutImage count=154624 drawableType=WINDOW screenPixmap=0 drawable=0xb400007cd98d66b0 geom=2898x1848 box=0,1122-2898,1144 backend=other fn=0x7bd5f2ee24 fn_offset=0x30de24 fbase=0x7bd5c21000 sym=unknown so=/data/app/~~iNwcSjv3C2CZCLwcLxpEtA==/com.termux.x11-1tus8NhfW98goVF914TrYw==/base.apk!/lib/arm64-v8a/libXlorie.so
04-17 08:30:32.278 I/LorieNative(16758): DamageTraceV2: PutImage count=154688 drawableType=WINDOW screenPixmap=0 drawable=0xb400007cd98d66b0 geom=2898x1848 box=0,682-2898,704 backend=other fn=0x7bd5f2ee24 fn_offset=0x30de24 fbase=0x7bd5c21000 sym=unknown so=/data/app/~~iNwcSjv3C2CZCLwcLxpEtA==/com.termux.x11-1tus8NhfW98goVF914TrYw==/base.apk!/lib/arm64-v8a/libXlorie.so
04-17 08:30:32.288 I/LorieNative(16758): ExaTrace: putImage accel count=156800 drawableType=0 drawableId=0x600037 geom=2898x1848 size=2912x22 format=2 depth=24
04-17 08:30:32.348 I/LorieNative(16758): DamageTraceV2: PutImage count=154752 drawableType=WINDOW screenPixmap=0 drawable=0xb400007cd98d66b0 geom=2898x1848 box=0,242-2898,264 backend=other fn=0x7bd5f2ee24 fn_offset=0x30de24 fbase=0x7bd5c21000 sym=unknown so=/data/app/~~iNwcSjv3C2CZCLwcLxpEtA==/com.termux.x11-1tus8NhfW98goVF914TrYw==/base.apk!/lib/arm64-v8a/libXlorie.so
04-17 08:30:32.368 I/LorieNative(16758): DamageTraceV2: PutImage count=154816 drawableType=WINDOW screenPixmap=0 drawable=0xb400007cd98d66b0 geom=2898x1848 box=0,1650-2898,1672 backend=other fn=0x7bd5f2ee24 fn_offset=0x30de24 fbase=0x7bd5c21000 sym=unknown so=/data/app/~~iNwcSjv3C2CZCLwcLxpEtA==/com.termux.x11-1tus8NhfW98goVF914TrYw==/base.apk!/lib/arm64-v8a/libXlorie.so
04-17 08:30:32.433 I/LorieNative(16758): ExaTrace: putImage accel count=156928 drawableType=0 drawableId=0x600037 geom=2898x1848 size=2912x22 format=2 depth=24
04-17 08:30:32.436 I/LorieNative(16758): DamageTraceV2: PutImage count=154880 drawableType=WINDOW screenPixmap=0 drawable=0xb400007cd98d66b0 geom=2898x1848 box=0,1210-2898,1232 backend=other fn=0x7bd5f2ee24 fn_offset=0x30de24 fbase=0x7bd5c21000 sym=unknown so=/data/app/~~iNwcSjv3C2CZCLwcLxpEtA==/com.termux.x11-1tus8NhfW98goVF914TrYw==/base.apk!/lib/arm64-v8a/libXlorie.so
04-17 08:30:32.528 I/LorieNative(16758): DamageTraceV2: PutImage count=154944 drawableType=WINDOW screenPixmap=0 drawable=0xb400007cd98d66b0 geom=2898x1848 box=0,770-2898,792 backend=other fn=0x7bd5f2ee24 fn_offset=0x30de24 fbase=0x7bd5c21000 sym=unknown so=/data/app/~~iNwcSjv3C2CZCLwcLxpEtA==/com.termux.x11-1tus8NhfW98goVF914TrYw==/base.apk!/lib/arm64-v8a/libXlorie.so
04-17 08:30:32.595 I/LorieNative(16758): ExaTrace: putImage accel count=157056 drawableType=0 drawableId=0x600037 geom=2898x1848 size=2912x22 format=2 depth=24
04-17 08:30:32.597 I/LorieNative(16758): DamageTraceV2: PutImage count=155008 drawableType=WINDOW screenPixmap=0 drawable=0xb400007cd98d66b0 geom=2898x1848 box=0,330-2898,352 backend=other fn=0x7bd5f2ee24 fn_offset=0x30de24 fbase=0x7bd5c21000 sym=unknown so=/data/app/~~iNwcSjv3C2CZCLwcLxpEtA==/com.termux.x11-1tus8NhfW98goVF914TrYw==/base.apk!/lib/arm64-v8a/libXlorie.so
04-17 08:30:32.609 I/LorieNative(16758): DamageTraceV2: PutImage count=155072 drawableType=WINDOW screenPixmap=0 drawable=0xb400007cd98d66b0 geom=2898x1848 box=0,1738-2898,1760 backend=other fn=0x7bd5f2ee24 fn_offset=0x30de24 fbase=0x7bd5c21000 sym=unknown so=/data/app/~~iNwcSjv3C2CZCLwcLxpEtA==/com.termux.x11-1tus8NhfW98goVF914TrYw==/base.apk!/lib/arm64-v8a/libXlorie.so
04-17 08:30:32.678 I/LorieNative(16758): ExaTrace: putImage accel count=157184 drawableType=0 drawableId=0x600037 geom=2898x1848 size=2912x22 format=2 depth=24
04-17 08:30:32.681 I/LorieNative(16758): DamageTraceV2: PutImage count=155136 drawableType=WINDOW screenPixmap=0 drawable=0xb400007cd98d66b0 geom=2898x1848 box=0,1298-2898,1320 backend=other fn=0x7bd5f2ee24 fn_offset=0x30de24 fbase=0x7bd5c21000 sym=unknown so=/data/app/~~iNwcSjv3C2CZCLwcLxpEtA==/com.termux.x11-1tus8NhfW98goVF914TrYw==/base.apk!/lib/arm64-v8a/libXlorie.so
04-17 08:30:32.773 I/LorieNative(16758): DamageTraceV2: PutImage count=155200 drawableType=WINDOW screenPixmap=0 drawable=0xb400007cd98d66b0 geom=2898x1848 box=0,858-2898,880 backend=other fn=0x7bd5f2ee24 fn_offset=0x30de24 fbase=0x7bd5c21000 sym=unknown so=/data/app/~~iNwcSjv3C2CZCLwcLxpEtA==/com.termux.x11-1tus8NhfW98goVF914TrYw==/base.apk!/lib/arm64-v8a/libXlorie.so
04-17 08:30:32.855 I/LorieNative(16758): ExaTrace: putImage accel count=157312 drawableType=0 drawableId=0x600037 geom=2898x1848 size=2912x22 format=2 depth=24
04-17 08:30:32.862 I/LorieNative(16758): DamageTraceV2: PutImage count=155264 drawableType=WINDOW screenPixmap=0 drawable=0xb400007cd98d66b0 geom=2898x1848 box=0,418-2898,440 backend=other fn=0x7bd5f2ee24 fn_offset=0x30de24 fbase=0x7bd5c21000 sym=unknown so=/data/app/~~iNwcSjv3C2CZCLwcLxpEtA==/com.termux.x11-1tus8NhfW98goVF914TrYw==/base.apk!/lib/arm64-v8a/libXlorie.so
04-17 08:30:32.881 I/LorieNative(16758): DamageTraceV2: PutImage count=155328 drawableType=WINDOW screenPixmap=0 drawable=0xb400007cd98d66b0 geom=2898x1848 box=0,1826-2898,1848 backend=other fn=0x7bd5f2ee24 fn_offset=0x30de24 fbase=0x7bd5c21000 sym=unknown so=/data/app/~~iNwcSjv3C2CZCLwcLxpEtA==/com.termux.x11-1tus8NhfW98goVF914TrYw==/base.apk!/lib/arm64-v8a/libXlorie.so
04-17 08:30:32.949 I/LorieNative(16758): ExaTrace: putImage accel count=157440 drawableType=0 drawableId=0x600037 geom=2898x1848 size=2912x22 format=2 depth=24
04-17 08:30:32.952 I/LorieNative(16758): DamageTraceV2: PutImage count=155392 drawableType=WINDOW screenPixmap=0 drawable=0xb400007cd98d66b0 geom=2898x1848 box=0,1386-2898,1408 backend=other fn=0x7bd5f2ee24 fn_offset=0x30de24 fbase=0x7bd5c21000 sym=unknown so=/data/app/~~iNwcSjv3C2CZCLwcLxpEtA==/com.termux.x11-1tus8NhfW98goVF914TrYw==/base.apk!/lib/arm64-v8a/libXlorie.so
04-17 08:30:33.034 I/LorieNative(16758): DamageTraceV2: PutImage count=155456 drawableType=WINDOW screenPixmap=0 drawable=0xb400007cd98d66b0 geom=2898x1848 box=0,946-2898,968 backend=other fn=0x7bd5f2ee24 fn_offset=0x30de24 fbase=0x7bd5c21000 sym=unknown so=/data/app/~~iNwcSjv3C2CZCLwcLxpEtA==/com.termux.x11-1tus8NhfW98goVF914TrYw==/base.apk!/lib/arm64-v8a/libXlorie.so
04-17 08:30:33.121 I/LorieNative(16758): ExaTrace: putImage accel count=157568 drawableType=0 drawableId=0x600037 geom=2898x1848 size=2912x22 format=2 depth=24
04-17 08:30:33.127 I/LorieNative(16758): DamageTraceV2: PutImage count=155520 drawableType=WINDOW screenPixmap=0 drawable=0xb400007cd98d66b0 geom=2898x1848 box=0,506-2898,528 backend=other fn=0x7bd5f2ee24 fn_offset=0x30de24 fbase=0x7bd5c21000 sym=unknown so=/data/app/~~iNwcSjv3C2CZCLwcLxpEtA==/com.termux.x11-1tus8NhfW98goVF914TrYw==/base.apk!/lib/arm64-v8a/libXlorie.so
04-17 08:30:33.201 I/LorieNative(16758): DamageTraceV2: PutImage count=155584 drawableType=WINDOW screenPixmap=0 drawable=0xb400007cd98d66b0 geom=2898x1848 box=0,66-2898,88 backend=other fn=0x7bd5f2ee24 fn_offset=0x30de24 fbase=0x7bd5c21000 sym=unknown so=/data/app/~~iNwcSjv3C2CZCLwcLxpEtA==/com.termux.x11-1tus8NhfW98goVF914TrYw==/base.apk!/lib/arm64-v8a/libXlorie.so
04-17 08:30:33.218 I/LorieNative(16758): ExaTrace: putImage accel count=157696 drawableType=0 drawableId=0x600037 geom=2898x1848 size=2912x22 format=2 depth=24
04-17 08:30:33.220 I/LorieNative(16758): DamageTraceV2: PutImage count=155648 drawableType=WINDOW screenPixmap=0 drawable=0xb400007cd98d66b0 geom=2898x1848 box=0,1474-2898,1496 backend=other fn=0x7bd5f2ee24 fn_offset=0x30de24 fbase=0x7bd5c21000 sym=unknown so=/data/app/~~iNwcSjv3C2CZCLwcLxpEtA==/com.termux.x11-1tus8NhfW98goVF914TrYw==/base.apk!/lib/arm64-v8a/libXlorie.so
04-17 08:30:33.303 I/LorieNative(16758): DamageTraceV2: PutImage count=155712 drawableType=WINDOW screenPixmap=0 drawable=0xb400007cd98d66b0 geom=2898x1848 box=0,1034-2898,1056 backend=other fn=0x7bd5f2ee24 fn_offset=0x30de24 fbase=0x7bd5c21000 sym=unknown so=/data/app/~~iNwcSjv3C2CZCLwcLxpEtA==/com.termux.x11-1tus8NhfW98goVF914TrYw==/base.apk!/lib/arm64-v8a/libXlorie.so
04-17 08:30:33.392 I/LorieNative(16758): ExaTrace: putImage accel count=157824 drawableType=0 drawableId=0x600037 geom=2898x1848 size=2912x22 format=2 depth=24
04-17 08:30:33.398 I/LorieNative(16758): DamageTraceV2: PutImage count=155776 drawableType=WINDOW screenPixmap=0 drawable=0xb400007cd98d66b0 geom=2898x1848 box=0,594-2898,616 backend=other fn=0x7bd5f2ee24 fn_offset=0x30de24 fbase=0x7bd5c21000 sym=unknown so=/data/app/~~iNwcSjv3C2CZCLwcLxpEtA==/com.termux.x11-1tus8NhfW98goVF914TrYw==/base.apk!/lib/arm64-v8a/libXlorie.so
04-17 08:30:33.476 I/LorieNative(16758): DamageTraceV2: PutImage count=155840 drawableType=WINDOW screenPixmap=0 drawable=0xb400007cd98d66b0 geom=2898x1848 box=0,154-2898,176 backend=other fn=0x7bd5f2ee24 fn_offset=0x30de24 fbase=0x7bd5c21000 sym=unknown so=/data/app/~~iNwcSjv3C2CZCLwcLxpEtA==/com.termux.x11-1tus8NhfW98goVF914TrYw==/base.apk!/lib/arm64-v8a/libXlorie.so
04-17 08:30:33.494 I/LorieNative(16758): ExaTrace: putImage accel count=157952 drawableType=0 drawableId=0x600037 geom=2898x1848 size=2912x22 format=2 depth=24
04-17 08:30:33.497 I/LorieNative(16758): DamageTraceV2: PutImage count=155904 drawableType=WINDOW screenPixmap=0 drawable=0xb400007cd98d66b0 geom=2898x1848 box=0,1562-2898,1584 backend=other fn=0x7bd5f2ee24 fn_offset=0x30de24 fbase=0x7bd5c21000 sym=unknown so=/data/app/~~iNwcSjv3C2CZCLwcLxpEtA==/com.termux.x11-1tus8NhfW98goVF914TrYw==/base.apk!/lib/arm64-v8a/libXlorie.so
04-17 08:30:33.578 I/LorieNative(16758): DamageTraceV2: PutImage count=155968 drawableType=WINDOW screenPixmap=0 drawable=0xb400007cd98d66b0 geom=2898x1848 box=0,1122-2898,1144 backend=other fn=0x7bd5f2ee24 fn_offset=0x30de24 fbase=0x7bd5c21000 sym=unknown so=/data/app/~~iNwcSjv3C2CZCLwcLxpEtA==/com.termux.x11-1tus8NhfW98goVF914TrYw==/base.apk!/lib/arm64-v8a/libXlorie.so
04-17 08:30:33.665 I/LorieNative(16758): ExaTrace: putImage accel count=158080 drawableType=0 drawableId=0x600037 geom=2898x1848 size=2912x22 format=2 depth=24
04-17 08:30:33.669 I/LorieNative(16758): DamageTraceV2: PutImage count=156032 drawableType=WINDOW screenPixmap=0 drawable=0xb400007cd98d66b0 geom=2898x1848 box=0,682-2898,704 backend=other fn=0x7bd5f2ee24 fn_offset=0x30de24 fbase=0x7bd5c21000 sym=unknown so=/data/app/~~iNwcSjv3C2CZCLwcLxpEtA==/com.termux.x11-1tus8NhfW98goVF914TrYw==/base.apk!/lib/arm64-v8a/libXlorie.so
04-17 08:30:33.750 I/LorieNative(16758): DamageTraceV2: PutImage count=156096 drawableType=WINDOW screenPixmap=0 drawable=0xb400007cd98d66b0 geom=2898x1848 box=0,242-2898,264 backend=other fn=0x7bd5f2ee24 fn_offset=0x30de24 fbase=0x7bd5c21000 sym=unknown so=/data/app/~~iNwcSjv3C2CZCLwcLxpEtA==/com.termux.x11-1tus8NhfW98goVF914TrYw==/base.apk!/lib/arm64-v8a/libXlorie.so
04-17 08:30:33.764 I/LorieNative(16758): ExaTrace: putImage accel count=158208 drawableType=0 drawableId=0x600037 geom=2898x1848 size=2912x22 format=2 depth=24
04-17 08:30:33.766 I/LorieNative(16758): DamageTraceV2: PutImage count=156160 drawableType=WINDOW screenPixmap=0 drawable=0xb400007cd98d66b0 geom=2898x1848 box=0,1650-2898,1672 backend=other fn=0x7bd5f2ee24 fn_offset=0x30de24 fbase=0x7bd5c21000 sym=unknown so=/data/app/~~iNwcSjv3C2CZCLwcLxpEtA==/com.termux.x11-1tus8NhfW98goVF914TrYw==/base.apk!/lib/arm64-v8a/libXlorie.so
04-17 08:30:33.850 I/LorieNative(16758): DamageTraceV2: PutImage count=156224 drawableType=WINDOW screenPixmap=0 drawable=0xb400007cd98d66b0 geom=2898x1848 box=0,1210-2898,1232 backend=other fn=0x7bd5f2ee24 fn_offset=0x30de24 fbase=0x7bd5c21000 sym=unknown so=/data/app/~~iNwcSjv3C2CZCLwcLxpEtA==/com.termux.x11-1tus8NhfW98goVF914TrYw==/base.apk!/lib/arm64-v8a/libXlorie.so
04-17 08:30:33.929 I/LorieNative(16758): ExaTrace: putImage accel count=158336 drawableType=0 drawableId=0x600037 geom=2898x1848 size=2912x22 format=2 depth=24
04-17 08:30:33.936 I/LorieNative(16758): DamageTraceV2: PutImage count=156288 drawableType=WINDOW screenPixmap=0 drawable=0xb400007cd98d66b0 geom=2898x1848 box=0,770-2898,792 backend=other fn=0x7bd5f2ee24 fn_offset=0x30de24 fbase=0x7bd5c21000 sym=unknown so=/data/app/~~iNwcSjv3C2CZCLwcLxpEtA==/com.termux.x11-1tus8NhfW98goVF914TrYw==/base.apk!/lib/arm64-v8a/libXlorie.so
04-17 08:30:34.018 I/LorieNative(16758): DamageTraceV2: PutImage count=156352 drawableType=WINDOW screenPixmap=0 drawable=0xb400007cd98d66b0 geom=2898x1848 box=0,330-2898,352 backend=other fn=0x7bd5f2ee24 fn_offset=0x30de24 fbase=0x7bd5c21000 sym=unknown so=/data/app/~~iNwcSjv3C2CZCLwcLxpEtA==/com.termux.x11-1tus8NhfW98goVF914TrYw==/base.apk!/lib/arm64-v8a/libXlorie.so
04-17 08:30:34.032 I/LorieNative(16758): ExaTrace: putImage accel count=158464 drawableType=0 drawableId=0x600037 geom=2898x1848 size=2912x22 format=2 depth=24
04-17 08:30:34.035 I/LorieNative(16758): DamageTraceV2: PutImage count=156416 drawableType=WINDOW screenPixmap=0 drawable=0xb400007cd98d66b0 geom=2898x1848 box=0,1738-2898,1760 backend=other fn=0x7bd5f2ee24 fn_offset=0x30de24 fbase=0x7bd5c21000 sym=unknown so=/data/app/~~iNwcSjv3C2CZCLwcLxpEtA==/com.termux.x11-1tus8NhfW98goVF914TrYw==/base.apk!/lib/arm64-v8a/libXlorie.so
04-17 08:30:34.101 I/LorieNative(16758): DamageTraceV2: PutImage count=156480 drawableType=WINDOW screenPixmap=0 drawable=0xb400007cd98d66b0 geom=2898x1848 box=0,1298-2898,1320 backend=other fn=0x7bd5f2ee24 fn_offset=0x30de24 fbase=0x7bd5c21000 sym=unknown so=/data/app/~~iNwcSjv3C2CZCLwcLxpEtA==/com.termux.x11-1tus8NhfW98goVF914TrYw==/base.apk!/lib/arm64-v8a/libXlorie.so
04-17 08:30:34.181 I/LorieNative(16758): ExaTrace: putImage accel count=158592 drawableType=0 drawableId=0x600037 geom=2898x1848 size=2912x22 format=2 depth=24
04-17 08:30:34.185 I/LorieNative(16758): DamageTraceV2: PutImage count=156544 drawableType=WINDOW screenPixmap=0 drawable=0xb400007cd98d66b0 geom=2898x1848 box=0,858-2898,880 backend=other fn=0x7bd5f2ee24 fn_offset=0x30de24 fbase=0x7bd5c21000 sym=unknown so=/data/app/~~iNwcSjv3C2CZCLwcLxpEtA==/com.termux.x11-1tus8NhfW98goVF914TrYw==/base.apk!/lib/arm64-v8a/libXlorie.so
04-17 08:30:34.277 I/LorieNative(16758): DamageTraceV2: PutImage count=156608 drawableType=WINDOW screenPixmap=0 drawable=0xb400007cd98d66b0 geom=2898x1848 box=0,418-2898,440 backend=other fn=0x7bd5f2ee24 fn_offset=0x30de24 fbase=0x7bd5c21000 sym=unknown so=/data/app/~~iNwcSjv3C2CZCLwcLxpEtA==/com.termux.x11-1tus8NhfW98goVF914TrYw==/base.apk!/lib/arm64-v8a/libXlorie.so
04-17 08:30:34.301 I/LorieNative(16758): ExaTrace: putImage accel count=158720 drawableType=0 drawableId=0x600037 geom=2898x1848 size=2912x22 format=2 depth=24
04-17 08:30:34.307 I/LorieNative(16758): DamageTraceV2: PutImage count=156672 drawableType=WINDOW screenPixmap=0 drawable=0xb400007cd98d66b0 geom=2898x1848 box=0,1826-2898,1848 backend=other fn=0x7bd5f2ee24 fn_offset=0x30de24 fbase=0x7bd5c21000 sym=unknown so=/data/app/~~iNwcSjv3C2CZCLwcLxpEtA==/com.termux.x11-1tus8NhfW98goVF914TrYw==/base.apk!/lib/arm64-v8a/libXlorie.so
04-17 08:30:34.372 I/LorieNative(16758): DamageTraceV2: PutImage count=156736 drawableType=WINDOW screenPixmap=0 drawable=0xb400007cd98d66b0 geom=2898x1848 box=0,1386-2898,1408 backend=other fn=0x7bd5f2ee24 fn_offset=0x30de24 fbase=0x7bd5c21000 sym=unknown so=/data/app/~~iNwcSjv3C2CZCLwcLxpEtA==/com.termux.x11-1tus8NhfW98goVF914TrYw==/base.apk!/lib/arm64-v8a/libXlorie.so
04-17 08:30:34.433 I/LorieNative(16758): ExaTrace: putImage accel count=158848 drawableType=0 drawableId=0x600037 geom=2898x1848 size=2912x22 format=2 depth=24
04-17 08:30:34.437 I/LorieNative(16758): DamageTraceV2: PutImage count=156800 drawableType=WINDOW screenPixmap=0 drawable=0xb400007cd98d66b0 geom=2898x1848 box=0,946-2898,968 backend=other fn=0x7bd5f2ee24 fn_offset=0x30de24 fbase=0x7bd5c21000 sym=unknown so=/data/app/~~iNwcSjv3C2CZCLwcLxpEtA==/com.termux.x11-1tus8NhfW98goVF914TrYw==/base.apk!/lib/arm64-v8a/libXlorie.so
04-17 08:30:34.523 I/LorieNative(16758): DamageTraceV2: PutImage count=156864 drawableType=WINDOW screenPixmap=0 drawable=0xb400007cd98d66b0 geom=2898x1848 box=0,506-2898,528 backend=other fn=0x7bd5f2ee24 fn_offset=0x30de24 fbase=0x7bd5c21000 sym=unknown so=/data/app/~~iNwcSjv3C2CZCLwcLxpEtA==/com.termux.x11-1tus8NhfW98goVF914TrYw==/base.apk!/lib/arm64-v8a/libXlorie.so
04-17 08:30:34.539 I/LorieNative(16758): ExaTrace: putImage accel count=158976 drawableType=0 drawableId=0x600037 geom=2898x1848 size=2912x22 format=2 depth=24
04-17 08:30:34.614 I/LorieNative(16758): DamageTraceV2: PutImage count=156928 drawableType=WINDOW screenPixmap=0 drawable=0xb400007cd98d66b0 geom=2898x1848 box=0,66-2898,88 backend=other fn=0x7bd5f2ee24 fn_offset=0x30de24 fbase=0x7bd5c21000 sym=unknown so=/data/app/~~iNwcSjv3C2CZCLwcLxpEtA==/com.termux.x11-1tus8NhfW98goVF914TrYw==/base.apk!/lib/arm64-v8a/libXlorie.so
04-17 08:30:34.633 I/LorieNative(16758): DamageTraceV2: PutImage count=156992 drawableType=WINDOW screenPixmap=0 drawable=0xb400007cd98d66b0 geom=2898x1848 box=0,1474-2898,1496 backend=other fn=0x7bd5f2ee24 fn_offset=0x30de24 fbase=0x7bd5c21000 sym=unknown so=/data/app/~~iNwcSjv3C2CZCLwcLxpEtA==/com.termux.x11-1tus8NhfW98goVF914TrYw==/base.apk!/lib/arm64-v8a/libXlorie.so
04-17 08:30:34.715 I/LorieNative(16758): ExaTrace: putImage accel count=159104 drawableType=0 drawableId=0x600037 geom=2898x1848 size=2912x22 format=2 depth=24
04-17 08:30:34.720 I/LorieNative(16758): DamageTraceV2: PutImage count=157056 drawableType=WINDOW screenPixmap=0 drawable=0xb400007cd98d66b0 geom=2898x1848 box=0,1034-2898,1056 backend=other fn=0x7bd5f2ee24 fn_offset=0x30de24 fbase=0x7bd5c21000 sym=unknown so=/data/app/~~iNwcSjv3C2CZCLwcLxpEtA==/com.termux.x11-1tus8NhfW98goVF914TrYw==/base.apk!/lib/arm64-v8a/libXlorie.so
04-17 08:30:34.800 I/LorieNative(16758): DamageTraceV2: PutImage count=157120 drawableType=WINDOW screenPixmap=0 drawable=0xb400007cd98d66b0 geom=2898x1848 box=0,594-2898,616 backend=other fn=0x7bd5f2ee24 fn_offset=0x30de24 fbase=0x7bd5c21000 sym=unknown so=/data/app/~~iNwcSjv3C2CZCLwcLxpEtA==/com.termux.x11-1tus8NhfW98goVF914TrYw==/base.apk!/lib/arm64-v8a/libXlorie.so
04-17 08:30:34.813 I/LorieNative(16758): ExaTrace: putImage accel count=159232 drawableType=0 drawableId=0x600037 geom=2898x1848 size=2912x22 format=2 depth=24
04-17 08:30:34.876 I/LorieNative(16758): DamageTraceV2: PutImage count=157184 drawableType=WINDOW screenPixmap=0 drawable=0xb400007cd98d66b0 geom=2898x1848 box=0,154-2898,176 backend=other fn=0x7bd5f2ee24 fn_offset=0x30de24 fbase=0x7bd5c21000 sym=unknown so=/data/app/~~iNwcSjv3C2CZCLwcLxpEtA==/com.termux.x11-1tus8NhfW98goVF914TrYw==/base.apk!/lib/arm64-v8a/libXlorie.so
04-17 08:30:34.903 I/LorieNative(16758): DamageTraceV2: PutImage count=157248 drawableType=WINDOW screenPixmap=0 drawable=0xb400007cd98d66b0 geom=2898x1848 box=0,1562-2898,1584 backend=other fn=0x7bd5f2ee24 fn_offset=0x30de24 fbase=0x7bd5c21000 sym=unknown so=/data/app/~~iNwcSjv3C2CZCLwcLxpEtA==/com.termux.x11-1tus8NhfW98goVF914TrYw==/base.apk!/lib/arm64-v8a/libXlorie.so
04-17 08:30:34.972 I/LorieNative(16758): ExaTrace: putImage accel count=159360 drawableType=0 drawableId=0x600037 geom=2898x1848 size=2912x22 format=2 depth=24
04-17 08:30:34.979 I/LorieNative(16758): DamageTraceV2: PutImage count=157312 drawableType=WINDOW screenPixmap=0 drawable=0xb400007cd98d66b0 geom=2898x1848 box=0,1122-2898,1144 backend=other fn=0x7bd5f2ee24 fn_offset=0x30de24 fbase=0x7bd5c21000 sym=unknown so=/data/app/~~iNwcSjv3C2CZCLwcLxpEtA==/com.termux.x11-1tus8NhfW98goVF914TrYw==/base.apk!/lib/arm64-v8a/libXlorie.so
04-17 08:30:35.063 I/LorieNative(16758): DamageTraceV2: PutImage count=157376 drawableType=WINDOW screenPixmap=0 drawable=0xb400007cd98d66b0 geom=2898x1848 box=0,682-2898,704 backend=other fn=0x7bd5f2ee24 fn_offset=0x30de24 fbase=0x7bd5c21000 sym=unknown so=/data/app/~~iNwcSjv3C2CZCLwcLxpEtA==/com.termux.x11-1tus8NhfW98goVF914TrYw==/base.apk!/lib/arm64-v8a/libXlorie.so
04-17 08:30:35.076 I/LorieNative(16758): ExaTrace: putImage accel count=159488 drawableType=0 drawableId=0x600037 geom=2898x1848 size=2912x22 format=2 depth=24
04-17 08:30:35.143 I/LorieNative(16758): DamageTraceV2: PutImage count=157440 drawableType=WINDOW screenPixmap=0 drawable=0xb400007cd98d66b0 geom=2898x1848 box=0,242-2898,264 backend=other fn=0x7bd5f2ee24 fn_offset=0x30de24 fbase=0x7bd5c21000 sym=unknown so=/data/app/~~iNwcSjv3C2CZCLwcLxpEtA==/com.termux.x11-1tus8NhfW98goVF914TrYw==/base.apk!/lib/arm64-v8a/libXlorie.so
04-17 08:30:35.161 I/LorieNative(16758): DamageTraceV2: PutImage count=157504 drawableType=WINDOW screenPixmap=0 drawable=0xb400007cd98d66b0 geom=2898x1848 box=0,1650-2898,1672 backend=other fn=0x7bd5f2ee24 fn_offset=0x30de24 fbase=0x7bd5c21000 sym=unknown so=/data/app/~~iNwcSjv3C2CZCLwcLxpEtA==/com.termux.x11-1tus8NhfW98goVF914TrYw==/base.apk!/lib/arm64-v8a/libXlorie.so
04-17 08:30:35.231 I/LorieNative(16758): ExaTrace: putImage accel count=159616 drawableType=0 drawableId=0x600037 geom=2898x1848 size=2912x22 format=2 depth=24
04-17 08:30:35.235 I/LorieNative(16758): DamageTraceV2: PutImage count=157568 drawableType=WINDOW screenPixmap=0 drawable=0xb400007cd98d66b0 geom=2898x1848 box=0,1210-2898,1232 backend=other fn=0x7bd5f2ee24 fn_offset=0x30de24 fbase=0x7bd5c21000 sym=unknown so=/data/app/~~iNwcSjv3C2CZCLwcLxpEtA==/com.termux.x11-1tus8NhfW98goVF914TrYw==/base.apk!/lib/arm64-v8a/libXlorie.so
04-17 08:30:35.323 I/LorieNative(16758): DamageTraceV2: PutImage count=157632 drawableType=WINDOW screenPixmap=0 drawable=0xb400007cd98d66b0 geom=2898x1848 box=0,770-2898,792 backend=other fn=0x7bd5f2ee24 fn_offset=0x30de24 fbase=0x7bd5c21000 sym=unknown so=/data/app/~~iNwcSjv3C2CZCLwcLxpEtA==/com.termux.x11-1tus8NhfW98goVF914TrYw==/base.apk!/lib/arm64-v8a/libXlorie.so
04-17 08:30:35.408 I/LorieNative(16758): ExaTrace: putImage accel count=159744 drawableType=0 drawableId=0x600037 geom=2898x1848 size=2912x22 format=2 depth=24
04-17 08:30:35.415 I/LorieNative(16758): DamageTraceV2: PutImage count=157696 drawableType=WINDOW screenPixmap=0 drawable=0xb400007cd98d66b0 geom=2898x1848 box=0,330-2898,352 backend=other fn=0x7bd5f2ee24 fn_offset=0x30de24 fbase=0x7bd5c21000 sym=unknown so=/data/app/~~iNwcSjv3C2CZCLwcLxpEtA==/com.termux.x11-1tus8NhfW98goVF914TrYw==/base.apk!/lib/arm64-v8a/libXlorie.so
04-17 08:30:35.436 I/LorieNative(16758): DamageTraceV2: PutImage count=157760 drawableType=WINDOW screenPixmap=0 drawable=0xb400007cd98d66b0 geom=2898x1848 box=0,1738-2898,1760 backend=other fn=0x7bd5f2ee24 fn_offset=0x30de24 fbase=0x7bd5c21000 sym=unknown so=/data/app/~~iNwcSjv3C2CZCLwcLxpEtA==/com.termux.x11-1tus8NhfW98goVF914TrYw==/base.apk!/lib/arm64-v8a/libXlorie.so
04-17 08:30:35.511 I/LorieNative(16758): ExaTrace: putImage accel count=159872 drawableType=0 drawableId=0x600037 geom=2898x1848 size=2912x22 format=2 depth=24
04-17 08:30:35.516 I/LorieNative(16758): DamageTraceV2: PutImage count=157824 drawableType=WINDOW screenPixmap=0 drawable=0xb400007cd98d66b0 geom=2898x1848 box=0,1298-2898,1320 backend=other fn=0x7bd5f2ee24 fn_offset=0x30de24 fbase=0x7bd5c21000 sym=unknown so=/data/app/~~iNwcSjv3C2CZCLwcLxpEtA==/com.termux.x11-1tus8NhfW98goVF914TrYw==/base.apk!/lib/arm64-v8a/libXlorie.so
04-17 08:30:35.596 I/LorieNative(16758): DamageTraceV2: PutImage count=157888 drawableType=WINDOW screenPixmap=0 drawable=0xb400007cd98d66b0 geom=2898x1848 box=0,858-2898,880 backend=other fn=0x7bd5f2ee24 fn_offset=0x30de24 fbase=0x7bd5c21000 sym=unknown so=/data/app/~~iNwcSjv3C2CZCLwcLxpEtA==/com.termux.x11-1tus8NhfW98goVF914TrYw==/base.apk!/lib/arm64-v8a/libXlorie.so
04-17 08:30:35.600 I/LorieNative(16758): choreographer callbacks in 5.0 seconds = 120.4 FPS
04-17 08:30:35.601 I/LorieNative(16758): redraw wakeups in 5.0 seconds = 120.4 FPS
04-17 08:30:35.601 I/LorieNative(16758): damage-triggered redraws in 5.0 seconds = 26.2 FPS
04-17 08:30:35.601 I/LorieNative(16758): AhbLockTrace: sticky=0 lock_calls=131 unlock_calls=131 sticky_hits=5004 flush_skipped=0 in 5.0s
04-17 08:30:35.601 I/LorieNative(16758): present flip attempts in 5.0 seconds = 0.0 FPS (accepted 0.0, rejected 0.0)
04-17 08:30:35.601 I/LorieNative(16758): present after-flips in 5.0 seconds = 0.0 FPS
04-17 08:30:35.601 I/LorieNative(16758): 130 frames in 5.0 seconds = 26.0 FPS
04-17 08:30:35.681 I/LorieNative(16758): ExaTrace: putImage accel count=160000 drawableType=0 drawableId=0x600037 geom=2898x1848 size=2912x22 format=2 depth=24
04-17 08:30:35.688 I/LorieNative(16758): DamageTraceV2: PutImage count=157952 drawableType=WINDOW screenPixmap=0 drawable=0xb400007cd98d66b0 geom=2898x1848 box=0,418-2898,440 backend=other fn=0x7bd5f2ee24 fn_offset=0x30de24 fbase=0x7bd5c21000 sym=unknown so=/data/app/~~iNwcSjv3C2CZCLwcLxpEtA==/com.termux.x11-1tus8NhfW98goVF914TrYw==/base.apk!/lib/arm64-v8a/libXlorie.so
04-17 08:30:35.711 I/LorieNative(16758): DamageTraceV2: PutImage count=158016 drawableType=WINDOW screenPixmap=0 drawable=0xb400007cd98d66b0 geom=2898x1848 box=0,1826-2898,1848 backend=other fn=0x7bd5f2ee24 fn_offset=0x30de24 fbase=0x7bd5c21000 sym=unknown so=/data/app/~~iNwcSjv3C2CZCLwcLxpEtA==/com.termux.x11-1tus8NhfW98goVF914TrYw==/base.apk!/lib/arm64-v8a/libXlorie.so
04-17 08:30:35.797 I/LorieNative(16758): ExaTrace: putImage accel count=160128 drawableType=0 drawableId=0x600037 geom=2898x1848 size=2912x22 format=2 depth=24
04-17 08:30:35.800 I/LorieNative(16758): DamageTraceV2: PutImage count=158080 drawableType=WINDOW screenPixmap=0 drawable=0xb400007cd98d66b0 geom=2898x1848 box=0,1386-2898,1408 backend=other fn=0x7bd5f2ee24 fn_offset=0x30de24 fbase=0x7bd5c21000 sym=unknown so=/data/app/~~iNwcSjv3C2CZCLwcLxpEtA==/com.termux.x11-1tus8NhfW98goVF914TrYw==/base.apk!/lib/arm64-v8a/libXlorie.so
04-17 08:30:35.882 I/LorieNative(16758): DamageTraceV2: PutImage count=158144 drawableType=WINDOW screenPixmap=0 drawable=0xb400007cd98d66b0 geom=2898x1848 box=0,946-2898,968 backend=other fn=0x7bd5f2ee24 fn_offset=0x30de24 fbase=0x7bd5c21000 sym=unknown so=/data/app/~~iNwcSjv3C2CZCLwcLxpEtA==/com.termux.x11-1tus8NhfW98goVF914TrYw==/base.apk!/lib/arm64-v8a/libXlorie.so
04-17 08:30:35.949 I/LorieNative(16758): ExaTrace: putImage accel count=160256 drawableType=0 drawableId=0x600037 geom=2898x1848 size=2912x22 format=2 depth=24
04-17 08:30:35.951 I/LorieNative(16758): DamageTraceV2: PutImage count=158208 drawableType=WINDOW screenPixmap=0 drawable=0xb400007cd98d66b0 geom=2898x1848 box=0,506-2898,528 backend=other fn=0x7bd5f2ee24 fn_offset=0x30de24 fbase=0x7bd5c21000 sym=unknown so=/data/app/~~iNwcSjv3C2CZCLwcLxpEtA==/com.termux.x11-1tus8NhfW98goVF914TrYw==/base.apk!/lib/arm64-v8a/libXlorie.so
04-17 08:30:36.013 I/LorieNative(16758): DamageTraceV2: PutImage count=158272 drawableType=WINDOW screenPixmap=0 drawable=0xb400007cd98d66b0 geom=2898x1848 box=0,66-2898,88 backend=other fn=0x7bd5f2ee24 fn_offset=0x30de24 fbase=0x7bd5c21000 sym=unknown so=/data/app/~~iNwcSjv3C2CZCLwcLxpEtA==/com.termux.x11-1tus8NhfW98goVF914TrYw==/base.apk!/lib/arm64-v8a/libXlorie.so
04-17 08:30:36.037 I/LorieNative(16758): ExaTrace: putImage accel count=160384 drawableType=0 drawableId=0x600037 geom=2898x1848 size=2912x22 format=2 depth=24
04-17 08:30:36.041 I/LorieNative(16758): DamageTraceV2: PutImage count=158336 drawableType=WINDOW screenPixmap=0 drawable=0xb400007cd98d66b0 geom=2898x1848 box=0,1474-2898,1496 backend=other fn=0x7bd5f2ee24 fn_offset=0x30de24 fbase=0x7bd5c21000 sym=unknown so=/data/app/~~iNwcSjv3C2CZCLwcLxpEtA==/com.termux.x11-1tus8NhfW98goVF914TrYw==/base.apk!/lib/arm64-v8a/libXlorie.so
04-17 08:30:36.125 I/LorieNative(16758): DamageTraceV2: PutImage count=158400 drawableType=WINDOW screenPixmap=0 drawable=0xb400007cd98d66b0 geom=2898x1848 box=0,1034-2898,1056 backend=other fn=0x7bd5f2ee24 fn_offset=0x30de24 fbase=0x7bd5c21000 sym=unknown so=/data/app/~~iNwcSjv3C2CZCLwcLxpEtA==/com.termux.x11-1tus8NhfW98goVF914TrYw==/base.apk!/lib/arm64-v8a/libXlorie.so
04-17 08:30:36.191 I/LorieNative(16758): ExaTrace: putImage accel count=160512 drawableType=0 drawableId=0x600037 geom=2898x1848 size=2912x22 format=2 depth=24
04-17 08:30:36.196 I/LorieNative(16758): DamageTraceV2: PutImage count=158464 drawableType=WINDOW screenPixmap=0 drawable=0xb400007cd98d66b0 geom=2898x1848 box=0,594-2898,616 backend=other fn=0x7bd5f2ee24 fn_offset=0x30de24 fbase=0x7bd5c21000 sym=unknown so=/data/app/~~iNwcSjv3C2CZCLwcLxpEtA==/com.termux.x11-1tus8NhfW98goVF914TrYw==/base.apk!/lib/arm64-v8a/libXlorie.so
04-17 08:30:36.274 I/LorieNative(16758): DamageTraceV2: PutImage count=158528 drawableType=WINDOW screenPixmap=0 drawable=0xb400007cd98d66b0 geom=2898x1848 box=0,154-2898,176 backend=other fn=0x7bd5f2ee24 fn_offset=0x30de24 fbase=0x7bd5c21000 sym=unknown so=/data/app/~~iNwcSjv3C2CZCLwcLxpEtA==/com.termux.x11-1tus8NhfW98goVF914TrYw==/base.apk!/lib/arm64-v8a/libXlorie.so
04-17 08:30:36.292 I/LorieNative(16758): ExaTrace: putImage accel count=160640 drawableType=0 drawableId=0x600037 geom=2898x1848 size=2912x22 format=2 depth=24
04-17 08:30:36.295 I/LorieNative(16758): DamageTraceV2: PutImage count=158592 drawableType=WINDOW screenPixmap=0 drawable=0xb400007cd98d66b0 geom=2898x1848 box=0,1562-2898,1584 backend=other fn=0x7bd5f2ee24 fn_offset=0x30de24 fbase=0x7bd5c21000 sym=unknown so=/data/app/~~iNwcSjv3C2CZCLwcLxpEtA==/com.termux.x11-1tus8NhfW98goVF914TrYw==/base.apk!/lib/arm64-v8a/libXlorie.so
04-17 08:30:36.382 I/LorieNative(16758): DamageTraceV2: PutImage count=158656 drawableType=WINDOW screenPixmap=0 drawable=0xb400007cd98d66b0 geom=2898x1848 box=0,1122-2898,1144 backend=other fn=0x7bd5f2ee24 fn_offset=0x30de24 fbase=0x7bd5c21000 sym=unknown so=/data/app/~~iNwcSjv3C2CZCLwcLxpEtA==/com.termux.x11-1tus8NhfW98goVF914TrYw==/base.apk!/lib/arm64-v8a/libXlorie.so
04-17 08:30:36.467 I/LorieNative(16758): ExaTrace: putImage accel count=160768 drawableType=0 drawableId=0x600037 geom=2898x1848 size=2912x22 format=2 depth=24
04-17 08:30:36.472 I/LorieNative(16758): DamageTraceV2: PutImage count=158720 drawableType=WINDOW screenPixmap=0 drawable=0xb400007cd98d66b0 geom=2898x1848 box=0,682-2898,704 backend=other fn=0x7bd5f2ee24 fn_offset=0x30de24 fbase=0x7bd5c21000 sym=unknown so=/data/app/~~iNwcSjv3C2CZCLwcLxpEtA==/com.termux.x11-1tus8NhfW98goVF914TrYw==/base.apk!/lib/arm64-v8a/libXlorie.so
04-17 08:30:36.546 I/LorieNative(16758): DamageTraceV2: PutImage count=158784 drawableType=WINDOW screenPixmap=0 drawable=0xb400007cd98d66b0 geom=2898x1848 box=0,242-2898,264 backend=other fn=0x7bd5f2ee24 fn_offset=0x30de24 fbase=0x7bd5c21000 sym=unknown so=/data/app/~~iNwcSjv3C2CZCLwcLxpEtA==/com.termux.x11-1tus8NhfW98goVF914TrYw==/base.apk!/lib/arm64-v8a/libXlorie.so
04-17 08:30:36.561 I/LorieNative(16758): ExaTrace: putImage accel count=160896 drawableType=0 drawableId=0x600037 geom=2898x1848 size=2912x22 format=2 depth=24
04-17 08:30:36.563 I/LorieNative(16758): DamageTraceV2: PutImage count=158848 drawableType=WINDOW screenPixmap=0 drawable=0xb400007cd98d66b0 geom=2898x1848 box=0,1650-2898,1672 backend=other fn=0x7bd5f2ee24 fn_offset=0x30de24 fbase=0x7bd5c21000 sym=unknown so=/data/app/~~iNwcSjv3C2CZCLwcLxpEtA==/com.termux.x11-1tus8NhfW98goVF914TrYw==/base.apk!/lib/arm64-v8a/libXlorie.so
04-17 08:30:36.627 I/LorieNative(16758): DamageTraceV2: PutImage count=158912 drawableType=WINDOW screenPixmap=0 drawable=0xb400007cd98d66b0 geom=2898x1848 box=0,1210-2898,1232 backend=other fn=0x7bd5f2ee24 fn_offset=0x30de24 fbase=0x7bd5c21000 sym=unknown so=/data/app/~~iNwcSjv3C2CZCLwcLxpEtA==/com.termux.x11-1tus8NhfW98goVF914TrYw==/base.apk!/lib/arm64-v8a/libXlorie.so
04-17 08:30:36.691 I/LorieNative(16758): ExaTrace: putImage accel count=161024 drawableType=0 drawableId=0x600037 geom=2898x1848 size=2912x22 format=2 depth=24
04-17 08:30:36.697 I/LorieNative(16758): DamageTraceV2: PutImage count=158976 drawableType=WINDOW screenPixmap=0 drawable=0xb400007cd98d66b0 geom=2898x1848 box=0,770-2898,792 backend=other fn=0x7bd5f2ee24 fn_offset=0x30de24 fbase=0x7bd5c21000 sym=unknown so=/data/app/~~iNwcSjv3C2CZCLwcLxpEtA==/com.termux.x11-1tus8NhfW98goVF914TrYw==/base.apk!/lib/arm64-v8a/libXlorie.so
04-17 08:30:36.769 I/LorieNative(16758): DamageTraceV2: PutImage count=159040 drawableType=WINDOW screenPixmap=0 drawable=0xb400007cd98d66b0 geom=2898x1848 box=0,330-2898,352 backend=other fn=0x7bd5f2ee24 fn_offset=0x30de24 fbase=0x7bd5c21000 sym=unknown so=/data/app/~~iNwcSjv3C2CZCLwcLxpEtA==/com.termux.x11-1tus8NhfW98goVF914TrYw==/base.apk!/lib/arm64-v8a/libXlorie.so
04-17 08:30:36.779 I/LorieNative(16758): ExaTrace: putImage accel count=161152 drawableType=0 drawableId=0x600037 geom=2898x1848 size=2912x22 format=2 depth=24
04-17 08:30:36.781 I/LorieNative(16758): DamageTraceV2: PutImage count=159104 drawableType=WINDOW screenPixmap=0 drawable=0xb400007cd98d66b0 geom=2898x1848 box=0,1738-2898,1760 backend=other fn=0x7bd5f2ee24 fn_offset=0x30de24 fbase=0x7bd5c21000 sym=unknown so=/data/app/~~iNwcSjv3C2CZCLwcLxpEtA==/com.termux.x11-1tus8NhfW98goVF914TrYw==/base.apk!/lib/arm64-v8a/libXlorie.so
04-17 08:30:36.855 I/LorieNative(16758): DamageTraceV2: PutImage count=159168 drawableType=WINDOW screenPixmap=0 drawable=0xb400007cd98d66b0 geom=2898x1848 box=0,1298-2898,1320 backend=other fn=0x7bd5f2ee24 fn_offset=0x30de24 fbase=0x7bd5c21000 sym=unknown so=/data/app/~~iNwcSjv3C2CZCLwcLxpEtA==/com.termux.x11-1tus8NhfW98goVF914TrYw==/base.apk!/lib/arm64-v8a/libXlorie.so
04-17 08:30:36.931 I/LorieNative(16758): ExaTrace: putImage accel count=161280 drawableType=0 drawableId=0x600037 geom=2898x1848 size=2912x22 format=2 depth=24
04-17 08:30:36.937 I/LorieNative(16758): DamageTraceV2: PutImage count=159232 drawableType=WINDOW screenPixmap=0 drawable=0xb400007cd98d66b0 geom=2898x1848 box=0,858-2898,880 backend=other fn=0x7bd5f2ee24 fn_offset=0x30de24 fbase=0x7bd5c21000 sym=unknown so=/data/app/~~iNwcSjv3C2CZCLwcLxpEtA==/com.termux.x11-1tus8NhfW98goVF914TrYw==/base.apk!/lib/arm64-v8a/libXlorie.so
04-17 08:30:37.018 I/LorieNative(16758): DamageTraceV2: PutImage count=159296 drawableType=WINDOW screenPixmap=0 drawable=0xb400007cd98d66b0 geom=2898x1848 box=0,418-2898,440 backend=other fn=0x7bd5f2ee24 fn_offset=0x30de24 fbase=0x7bd5c21000 sym=unknown so=/data/app/~~iNwcSjv3C2CZCLwcLxpEtA==/com.termux.x11-1tus8NhfW98goVF914TrYw==/base.apk!/lib/arm64-v8a/libXlorie.so
04-17 08:30:37.032 I/LorieNative(16758): ExaTrace: putImage accel count=161408 drawableType=0 drawableId=0x600037 geom=2898x1848 size=2912x22 format=2 depth=24
04-17 08:30:37.035 I/LorieNative(16758): DamageTraceV2: PutImage count=159360 drawableType=WINDOW screenPixmap=0 drawable=0xb400007cd98d66b0 geom=2898x1848 box=0,1826-2898,1848 backend=other fn=0x7bd5f2ee24 fn_offset=0x30de24 fbase=0x7bd5c21000 sym=unknown so=/data/app/~~iNwcSjv3C2CZCLwcLxpEtA==/com.termux.x11-1tus8NhfW98goVF914TrYw==/base.apk!/lib/arm64-v8a/libXlorie.so
04-17 08:30:37.101 I/LorieNative(16758): DamageTraceV2: PutImage count=159424 drawableType=WINDOW screenPixmap=0 drawable=0xb400007cd98d66b0 geom=2898x1848 box=0,1386-2898,1408 backend=other fn=0x7bd5f2ee24 fn_offset=0x30de24 fbase=0x7bd5c21000 sym=unknown so=/data/app/~~iNwcSjv3C2CZCLwcLxpEtA==/com.termux.x11-1tus8NhfW98goVF914TrYw==/base.apk!/lib/arm64-v8a/libXlorie.so
04-17 08:30:37.168 I/LorieNative(16758): ExaTrace: putImage accel count=161536 drawableType=0 drawableId=0x600037 geom=2898x1848 size=2912x22 format=2 depth=24
04-17 08:30:37.174 I/LorieNative(16758): DamageTraceV2: PutImage count=159488 drawableType=WINDOW screenPixmap=0 drawable=0xb400007cd98d66b0 geom=2898x1848 box=0,946-2898,968 backend=other fn=0x7bd5f2ee24 fn_offset=0x30de24 fbase=0x7bd5c21000 sym=unknown so=/data/app/~~iNwcSjv3C2CZCLwcLxpEtA==/com.termux.x11-1tus8NhfW98goVF914TrYw==/base.apk!/lib/arm64-v8a/libXlorie.so
04-17 08:30:37.245 I/LorieNative(16758): DamageTraceV2: PutImage count=159552 drawableType=WINDOW screenPixmap=0 drawable=0xb400007cd98d66b0 geom=2898x1848 box=0,506-2898,528 backend=other fn=0x7bd5f2ee24 fn_offset=0x30de24 fbase=0x7bd5c21000 sym=unknown so=/data/app/~~iNwcSjv3C2CZCLwcLxpEtA==/com.termux.x11-1tus8NhfW98goVF914TrYw==/base.apk!/lib/arm64-v8a/libXlorie.so
04-17 08:30:37.264 I/LorieNative(16758): ExaTrace: putImage accel count=161664 drawableType=0 drawableId=0x600037 geom=2898x1848 size=2912x22 format=2 depth=24
04-17 08:30:37.322 I/LorieNative(16758): DamageTraceV2: PutImage count=159616 drawableType=WINDOW screenPixmap=0 drawable=0xb400007cd98d66b0 geom=2898x1848 box=0,66-2898,88 backend=other fn=0x7bd5f2ee24 fn_offset=0x30de24 fbase=0x7bd5c21000 sym=unknown so=/data/app/~~iNwcSjv3C2CZCLwcLxpEtA==/com.termux.x11-1tus8NhfW98goVF914TrYw==/base.apk!/lib/arm64-v8a/libXlorie.so
04-17 08:30:37.339 I/LorieNative(16758): DamageTraceV2: PutImage count=159680 drawableType=WINDOW screenPixmap=0 drawable=0xb400007cd98d66b0 geom=2898x1848 box=0,1474-2898,1496 backend=other fn=0x7bd5f2ee24 fn_offset=0x30de24 fbase=0x7bd5c21000 sym=unknown so=/data/app/~~iNwcSjv3C2CZCLwcLxpEtA==/com.termux.x11-1tus8NhfW98goVF914TrYw==/base.apk!/lib/arm64-v8a/libXlorie.so
04-17 08:30:37.414 I/LorieNative(16758): ExaTrace: putImage accel count=161792 drawableType=0 drawableId=0x600037 geom=2898x1848 size=2912x22 format=2 depth=24
04-17 08:30:37.419 I/LorieNative(16758): DamageTraceV2: PutImage count=159744 drawableType=WINDOW screenPixmap=0 drawable=0xb400007cd98d66b0 geom=2898x1848 box=0,1034-2898,1056 backend=other fn=0x7bd5f2ee24 fn_offset=0x30de24 fbase=0x7bd5c21000 sym=unknown so=/data/app/~~iNwcSjv3C2CZCLwcLxpEtA==/com.termux.x11-1tus8NhfW98goVF914TrYw==/base.apk!/lib/arm64-v8a/libXlorie.so
04-17 08:30:37.498 I/LorieNative(16758): DamageTraceV2: PutImage count=159808 drawableType=WINDOW screenPixmap=0 drawable=0xb400007cd98d66b0 geom=2898x1848 box=0,594-2898,616 backend=other fn=0x7bd5f2ee24 fn_offset=0x30de24 fbase=0x7bd5c21000 sym=unknown so=/data/app/~~iNwcSjv3C2CZCLwcLxpEtA==/com.termux.x11-1tus8NhfW98goVF914TrYw==/base.apk!/lib/arm64-v8a/libXlorie.so
04-17 08:30:37.511 I/LorieNative(16758): ExaTrace: putImage accel count=161920 drawableType=0 drawableId=0x600037 geom=2898x1848 size=2912x22 format=2 depth=24
04-17 08:30:37.570 I/LorieNative(16758): DamageTraceV2: PutImage count=159872 drawableType=WINDOW screenPixmap=0 drawable=0xb400007cd98d66b0 geom=2898x1848 box=0,154-2898,176 backend=other fn=0x7bd5f2ee24 fn_offset=0x30de24 fbase=0x7bd5c21000 sym=unknown so=/data/app/~~iNwcSjv3C2CZCLwcLxpEtA==/com.termux.x11-1tus8NhfW98goVF914TrYw==/base.apk!/lib/arm64-v8a/libXlorie.so
04-17 08:30:37.587 I/LorieNative(16758): DamageTraceV2: PutImage count=159936 drawableType=WINDOW screenPixmap=0 drawable=0xb400007cd98d66b0 geom=2898x1848 box=0,1562-2898,1584 backend=other fn=0x7bd5f2ee24 fn_offset=0x30de24 fbase=0x7bd5c21000 sym=unknown so=/data/app/~~iNwcSjv3C2CZCLwcLxpEtA==/com.termux.x11-1tus8NhfW98goVF914TrYw==/base.apk!/lib/arm64-v8a/libXlorie.so
04-17 08:30:37.652 I/LorieNative(16758): ExaTrace: putImage accel count=162048 drawableType=0 drawableId=0x600037 geom=2898x1848 size=2912x22 format=2 depth=24
04-17 08:30:37.657 I/LorieNative(16758): DamageTraceV2: PutImage count=160000 drawableType=WINDOW screenPixmap=0 drawable=0xb400007cd98d66b0 geom=2898x1848 box=0,1122-2898,1144 backend=other fn=0x7bd5f2ee24 fn_offset=0x30de24 fbase=0x7bd5c21000 sym=unknown so=/data/app/~~iNwcSjv3C2CZCLwcLxpEtA==/com.termux.x11-1tus8NhfW98goVF914TrYw==/base.apk!/lib/arm64-v8a/libXlorie.so
04-17 08:30:37.736 I/LorieNative(16758): DamageTraceV2: PutImage count=160064 drawableType=WINDOW screenPixmap=0 drawable=0xb400007cd98d66b0 geom=2898x1848 box=0,682-2898,704 backend=other fn=0x7bd5f2ee24 fn_offset=0x30de24 fbase=0x7bd5c21000 sym=unknown so=/data/app/~~iNwcSjv3C2CZCLwcLxpEtA==/com.termux.x11-1tus8NhfW98goVF914TrYw==/base.apk!/lib/arm64-v8a/libXlorie.so
04-17 08:30:37.750 I/LorieNative(16758): ExaTrace: putImage accel count=162176 drawableType=0 drawableId=0x600037 geom=2898x1848 size=2912x22 format=2 depth=24
04-17 08:30:37.814 I/LorieNative(16758): DamageTraceV2: PutImage count=160128 drawableType=WINDOW screenPixmap=0 drawable=0xb400007cd98d66b0 geom=2898x1848 box=0,242-2898,264 backend=other fn=0x7bd5f2ee24 fn_offset=0x30de24 fbase=0x7bd5c21000 sym=unknown so=/data/app/~~iNwcSjv3C2CZCLwcLxpEtA==/com.termux.x11-1tus8NhfW98goVF914TrYw==/base.apk!/lib/arm64-v8a/libXlorie.so
04-17 08:30:37.831 I/LorieNative(16758): DamageTraceV2: PutImage count=160192 drawableType=WINDOW screenPixmap=0 drawable=0xb400007cd98d66b0 geom=2898x1848 box=0,1650-2898,1672 backend=other fn=0x7bd5f2ee24 fn_offset=0x30de24 fbase=0x7bd5c21000 sym=unknown so=/data/app/~~iNwcSjv3C2CZCLwcLxpEtA==/com.termux.x11-1tus8NhfW98goVF914TrYw==/base.apk!/lib/arm64-v8a/libXlorie.so
04-17 08:30:37.910 I/LorieNative(16758): ExaTrace: putImage accel count=162304 drawableType=0 drawableId=0x600037 geom=2898x1848 size=2912x22 format=2 depth=24
04-17 08:30:37.913 I/LorieNative(16758): DamageTraceV2: PutImage count=160256 drawableType=WINDOW screenPixmap=0 drawable=0xb400007cd98d66b0 geom=2898x1848 box=0,1210-2898,1232 backend=other fn=0x7bd5f2ee24 fn_offset=0x30de24 fbase=0x7bd5c21000 sym=unknown so=/data/app/~~iNwcSjv3C2CZCLwcLxpEtA==/com.termux.x11-1tus8NhfW98goVF914TrYw==/base.apk!/lib/arm64-v8a/libXlorie.so
04-17 08:30:37.988 I/LorieNative(16758): DamageTraceV2: PutImage count=160320 drawableType=WINDOW screenPixmap=0 drawable=0xb400007cd98d66b0 geom=2898x1848 box=0,770-2898,792 backend=other fn=0x7bd5f2ee24 fn_offset=0x30de24 fbase=0x7bd5c21000 sym=unknown so=/data/app/~~iNwcSjv3C2CZCLwcLxpEtA==/com.termux.x11-1tus8NhfW98goVF914TrYw==/base.apk!/lib/arm64-v8a/libXlorie.so
04-17 08:30:38.064 I/LorieNative(16758): ExaTrace: putImage accel count=162432 drawableType=0 drawableId=0x600037 geom=2898x1848 size=2912x22 format=2 depth=24
04-17 08:30:38.071 I/LorieNative(16758): DamageTraceV2: PutImage count=160384 drawableType=WINDOW screenPixmap=0 drawable=0xb400007cd98d66b0 geom=2898x1848 box=0,330-2898,352 backend=other fn=0x7bd5f2ee24 fn_offset=0x30de24 fbase=0x7bd5c21000 sym=unknown so=/data/app/~~iNwcSjv3C2CZCLwcLxpEtA==/com.termux.x11-1tus8NhfW98goVF914TrYw==/base.apk!/lib/arm64-v8a/libXlorie.so
04-17 08:30:38.089 I/LorieNative(16758): DamageTraceV2: PutImage count=160448 drawableType=WINDOW screenPixmap=0 drawable=0xb400007cd98d66b0 geom=2898x1848 box=0,1738-2898,1760 backend=other fn=0x7bd5f2ee24 fn_offset=0x30de24 fbase=0x7bd5c21000 sym=unknown so=/data/app/~~iNwcSjv3C2CZCLwcLxpEtA==/com.termux.x11-1tus8NhfW98goVF914TrYw==/base.apk!/lib/arm64-v8a/libXlorie.so
04-17 08:30:38.165 I/LorieNative(16758): ExaTrace: putImage accel count=162560 drawableType=0 drawableId=0x600037 geom=2898x1848 size=2912x22 format=2 depth=24
04-17 08:30:38.167 I/LorieNative(16758): DamageTraceV2: PutImage count=160512 drawableType=WINDOW screenPixmap=0 drawable=0xb400007cd98d66b0 geom=2898x1848 box=0,1298-2898,1320 backend=other fn=0x7bd5f2ee24 fn_offset=0x30de24 fbase=0x7bd5c21000 sym=unknown so=/data/app/~~iNwcSjv3C2CZCLwcLxpEtA==/com.termux.x11-1tus8NhfW98goVF914TrYw==/base.apk!/lib/arm64-v8a/libXlorie.so
04-17 08:30:38.232 I/LorieNative(16758): DamageTraceV2: PutImage count=160576 drawableType=WINDOW screenPixmap=0 drawable=0xb400007cd98d66b0 geom=2898x1848 box=0,858-2898,880 backend=other fn=0x7bd5f2ee24 fn_offset=0x30de24 fbase=0x7bd5c21000 sym=unknown so=/data/app/~~iNwcSjv3C2CZCLwcLxpEtA==/com.termux.x11-1tus8NhfW98goVF914TrYw==/base.apk!/lib/arm64-v8a/libXlorie.so
04-17 08:30:38.298 I/LorieNative(16758): ExaTrace: putImage accel count=162688 drawableType=0 drawableId=0x600037 geom=2898x1848 size=2912x22 format=2 depth=24
04-17 08:30:38.303 I/LorieNative(16758): DamageTraceV2: PutImage count=160640 drawableType=WINDOW screenPixmap=0 drawable=0xb400007cd98d66b0 geom=2898x1848 box=0,418-2898,440 backend=other fn=0x7bd5f2ee24 fn_offset=0x30de24 fbase=0x7bd5c21000 sym=unknown so=/data/app/~~iNwcSjv3C2CZCLwcLxpEtA==/com.termux.x11-1tus8NhfW98goVF914TrYw==/base.apk!/lib/arm64-v8a/libXlorie.so
04-17 08:30:38.325 I/LorieNative(16758): DamageTraceV2: PutImage count=160704 drawableType=WINDOW screenPixmap=0 drawable=0xb400007cd98d66b0 geom=2898x1848 box=0,1826-2898,1848 backend=other fn=0x7bd5f2ee24 fn_offset=0x30de24 fbase=0x7bd5c21000 sym=unknown so=/data/app/~~iNwcSjv3C2CZCLwcLxpEtA==/com.termux.x11-1tus8NhfW98goVF914TrYw==/base.apk!/lib/arm64-v8a/libXlorie.so
04-17 08:30:38.387 I/LorieNative(16758): ExaTrace: putImage accel count=162816 drawableType=0 drawableId=0x600037 geom=2898x1848 size=2912x22 format=2 depth=24
04-17 08:30:38.390 I/LorieNative(16758): DamageTraceV2: PutImage count=160768 drawableType=WINDOW screenPixmap=0 drawable=0xb400007cd98d66b0 geom=2898x1848 box=0,1386-2898,1408 backend=other fn=0x7bd5f2ee24 fn_offset=0x30de24 fbase=0x7bd5c21000 sym=unknown so=/data/app/~~iNwcSjv3C2CZCLwcLxpEtA==/com.termux.x11-1tus8NhfW98goVF914TrYw==/base.apk!/lib/arm64-v8a/libXlorie.so
04-17 08:30:38.455 I/LorieNative(16758): DamageTraceV2: PutImage count=160832 drawableType=WINDOW screenPixmap=0 drawable=0xb400007cd98d66b0 geom=2898x1848 box=0,946-2898,968 backend=other fn=0x7bd5f2ee24 fn_offset=0x30de24 fbase=0x7bd5c21000 sym=unknown so=/data/app/~~iNwcSjv3C2CZCLwcLxpEtA==/com.termux.x11-1tus8NhfW98goVF914TrYw==/base.apk!/lib/arm64-v8a/libXlorie.so
04-17 08:30:38.528 I/LorieNative(16758): ExaTrace: putImage accel count=162944 drawableType=0 drawableId=0x600037 geom=2898x1848 size=2912x22 format=2 depth=24
04-17 08:30:38.530 I/LorieNative(16758): DamageTraceV2: PutImage count=160896 drawableType=WINDOW screenPixmap=0 drawable=0xb400007cd98d66b0 geom=2898x1848 box=0,506-2898,528 backend=other fn=0x7bd5f2ee24 fn_offset=0x30de24 fbase=0x7bd5c21000 sym=unknown so=/data/app/~~iNwcSjv3C2CZCLwcLxpEtA==/com.termux.x11-1tus8NhfW98goVF914TrYw==/base.apk!/lib/arm64-v8a/libXlorie.so
04-17 08:30:38.585 I/LorieNative(16758): DamageTraceV2: PutImage count=160960 drawableType=WINDOW screenPixmap=0 drawable=0xb400007cd98d66b0 geom=2898x1848 box=0,66-2898,88 backend=other fn=0x7bd5f2ee24 fn_offset=0x30de24 fbase=0x7bd5c21000 sym=unknown so=/data/app/~~iNwcSjv3C2CZCLwcLxpEtA==/com.termux.x11-1tus8NhfW98goVF914TrYw==/base.apk!/lib/arm64-v8a/libXlorie.so
04-17 08:30:38.598 I/LorieNative(16758): ExaTrace: putImage accel count=163072 drawableType=0 drawableId=0x600037 geom=2898x1848 size=2912x22 format=2 depth=24
04-17 08:30:38.603 I/LorieNative(16758): DamageTraceV2: PutImage count=161024 drawableType=WINDOW screenPixmap=0 drawable=0xb400007cd98d66b0 geom=2898x1848 box=0,1474-2898,1496 backend=other fn=0x7bd5f2ee24 fn_offset=0x30de24 fbase=0x7bd5c21000 sym=unknown so=/data/app/~~iNwcSjv3C2CZCLwcLxpEtA==/com.termux.x11-1tus8NhfW98goVF914TrYw==/base.apk!/lib/arm64-v8a/libXlorie.so
04-17 08:30:38.675 I/LorieNative(16758): DamageTraceV2: PutImage count=161088 drawableType=WINDOW screenPixmap=0 drawable=0xb400007cd98d66b0 geom=2898x1848 box=0,1034-2898,1056 backend=other fn=0x7bd5f2ee24 fn_offset=0x30de24 fbase=0x7bd5c21000 sym=unknown so=/data/app/~~iNwcSjv3C2CZCLwcLxpEtA==/com.termux.x11-1tus8NhfW98goVF914TrYw==/base.apk!/lib/arm64-v8a/libXlorie.so
04-17 08:30:38.759 I/LorieNative(16758): ExaTrace: putImage accel count=163200 drawableType=0 drawableId=0x600037 geom=2898x1848 size=2912x22 format=2 depth=24
04-17 08:30:38.763 I/LorieNative(16758): DamageTraceV2: PutImage count=161152 drawableType=WINDOW screenPixmap=0 drawable=0xb400007cd98d66b0 geom=2898x1848 box=0,594-2898,616 backend=other fn=0x7bd5f2ee24 fn_offset=0x30de24 fbase=0x7bd5c21000 sym=unknown so=/data/app/~~iNwcSjv3C2CZCLwcLxpEtA==/com.termux.x11-1tus8NhfW98goVF914TrYw==/base.apk!/lib/arm64-v8a/libXlorie.so
04-17 08:30:38.835 I/LorieNative(16758): DamageTraceV2: PutImage count=161216 drawableType=WINDOW screenPixmap=0 drawable=0xb400007cd98d66b0 geom=2898x1848 box=0,154-2898,176 backend=other fn=0x7bd5f2ee24 fn_offset=0x30de24 fbase=0x7bd5c21000 sym=unknown so=/data/app/~~iNwcSjv3C2CZCLwcLxpEtA==/com.termux.x11-1tus8NhfW98goVF914TrYw==/base.apk!/lib/arm64-v8a/libXlorie.so
04-17 08:30:38.845 I/LorieNative(16758): ExaTrace: putImage accel count=163328 drawableType=0 drawableId=0x600037 geom=2898x1848 size=2912x22 format=2 depth=24
04-17 08:30:38.847 I/LorieNative(16758): DamageTraceV2: PutImage count=161280 drawableType=WINDOW screenPixmap=0 drawable=0xb400007cd98d66b0 geom=2898x1848 box=0,1562-2898,1584 backend=other fn=0x7bd5f2ee24 fn_offset=0x30de24 fbase=0x7bd5c21000 sym=unknown so=/data/app/~~iNwcSjv3C2CZCLwcLxpEtA==/com.termux.x11-1tus8NhfW98goVF914TrYw==/base.apk!/lib/arm64-v8a/libXlorie.so
04-17 08:30:38.925 I/LorieNative(16758): DamageTraceV2: PutImage count=161344 drawableType=WINDOW screenPixmap=0 drawable=0xb400007cd98d66b0 geom=2898x1848 box=0,1122-2898,1144 backend=other fn=0x7bd5f2ee24 fn_offset=0x30de24 fbase=0x7bd5c21000 sym=unknown so=/data/app/~~iNwcSjv3C2CZCLwcLxpEtA==/com.termux.x11-1tus8NhfW98goVF914TrYw==/base.apk!/lib/arm64-v8a/libXlorie.so
04-17 08:30:39.003 I/LorieNative(16758): ExaTrace: putImage accel count=163456 drawableType=0 drawableId=0x600037 geom=2898x1848 size=2912x22 format=2 depth=24
04-17 08:30:39.008 I/LorieNative(16758): DamageTraceV2: PutImage count=161408 drawableType=WINDOW screenPixmap=0 drawable=0xb400007cd98d66b0 geom=2898x1848 box=0,682-2898,704 backend=other fn=0x7bd5f2ee24 fn_offset=0x30de24 fbase=0x7bd5c21000 sym=unknown so=/data/app/~~iNwcSjv3C2CZCLwcLxpEtA==/com.termux.x11-1tus8NhfW98goVF914TrYw==/base.apk!/lib/arm64-v8a/libXlorie.so
04-17 08:30:39.097 I/LorieNative(16758): DamageTraceV2: PutImage count=161472 drawableType=WINDOW screenPixmap=0 drawable=0xb400007cd98d66b0 geom=2898x1848 box=0,242-2898,264 backend=other fn=0x7bd5f2ee24 fn_offset=0x30de24 fbase=0x7bd5c21000 sym=unknown so=/data/app/~~iNwcSjv3C2CZCLwcLxpEtA==/com.termux.x11-1tus8NhfW98goVF914TrYw==/base.apk!/lib/arm64-v8a/libXlorie.so
04-17 08:30:39.112 I/LorieNative(16758): ExaTrace: putImage accel count=163584 drawableType=0 drawableId=0x600037 geom=2898x1848 size=2912x22 format=2 depth=24
04-17 08:30:39.115 I/LorieNative(16758): DamageTraceV2: PutImage count=161536 drawableType=WINDOW screenPixmap=0 drawable=0xb400007cd98d66b0 geom=2898x1848 box=0,1650-2898,1672 backend=other fn=0x7bd5f2ee24 fn_offset=0x30de24 fbase=0x7bd5c21000 sym=unknown so=/data/app/~~iNwcSjv3C2CZCLwcLxpEtA==/com.termux.x11-1tus8NhfW98goVF914TrYw==/base.apk!/lib/arm64-v8a/libXlorie.so
04-17 08:30:39.208 I/LorieNative(16758): DamageTraceV2: PutImage count=161600 drawableType=WINDOW screenPixmap=0 drawable=0xb400007cd98d66b0 geom=2898x1848 box=0,1210-2898,1232 backend=other fn=0x7bd5f2ee24 fn_offset=0x30de24 fbase=0x7bd5c21000 sym=unknown so=/data/app/~~iNwcSjv3C2CZCLwcLxpEtA==/com.termux.x11-1tus8NhfW98goVF914TrYw==/base.apk!/lib/arm64-v8a/libXlorie.so
04-17 08:30:39.276 I/LorieNative(16758): ExaTrace: putImage accel count=163712 drawableType=0 drawableId=0x600037 geom=2898x1848 size=2912x22 format=2 depth=24
04-17 08:30:39.281 I/LorieNative(16758): DamageTraceV2: PutImage count=161664 drawableType=WINDOW screenPixmap=0 drawable=0xb400007cd98d66b0 geom=2898x1848 box=0,770-2898,792 backend=other fn=0x7bd5f2ee24 fn_offset=0x30de24 fbase=0x7bd5c21000 sym=unknown so=/data/app/~~iNwcSjv3C2CZCLwcLxpEtA==/com.termux.x11-1tus8NhfW98goVF914TrYw==/base.apk!/lib/arm64-v8a/libXlorie.so
04-17 08:30:39.353 I/LorieNative(16758): DamageTraceV2: PutImage count=161728 drawableType=WINDOW screenPixmap=0 drawable=0xb400007cd98d66b0 geom=2898x1848 box=0,330-2898,352 backend=other fn=0x7bd5f2ee24 fn_offset=0x30de24 fbase=0x7bd5c21000 sym=unknown so=/data/app/~~iNwcSjv3C2CZCLwcLxpEtA==/com.termux.x11-1tus8NhfW98goVF914TrYw==/base.apk!/lib/arm64-v8a/libXlorie.so
04-17 08:30:39.369 I/LorieNative(16758): ExaTrace: putImage accel count=163840 drawableType=0 drawableId=0x600037 geom=2898x1848 size=2912x22 format=2 depth=24
04-17 08:30:39.372 I/LorieNative(16758): DamageTraceV2: PutImage count=161792 drawableType=WINDOW screenPixmap=0 drawable=0xb400007cd98d66b0 geom=2898x1848 box=0,1738-2898,1760 backend=other fn=0x7bd5f2ee24 fn_offset=0x30de24 fbase=0x7bd5c21000 sym=unknown so=/data/app/~~iNwcSjv3C2CZCLwcLxpEtA==/com.termux.x11-1tus8NhfW98goVF914TrYw==/base.apk!/lib/arm64-v8a/libXlorie.so
04-17 08:30:39.450 I/LorieNative(16758): DamageTraceV2: PutImage count=161856 drawableType=WINDOW screenPixmap=0 drawable=0xb400007cd98d66b0 geom=2898x1848 box=0,1298-2898,1320 backend=other fn=0x7bd5f2ee24 fn_offset=0x30de24 fbase=0x7bd5c21000 sym=unknown so=/data/app/~~iNwcSjv3C2CZCLwcLxpEtA==/com.termux.x11-1tus8NhfW98goVF914TrYw==/base.apk!/lib/arm64-v8a/libXlorie.so
04-17 08:30:39.522 I/LorieNative(16758): ExaTrace: putImage accel count=163968 drawableType=0 drawableId=0x600037 geom=2898x1848 size=2912x22 format=2 depth=24
04-17 08:30:39.525 I/LorieNative(16758): DamageTraceV2: PutImage count=161920 drawableType=WINDOW screenPixmap=0 drawable=0xb400007cd98d66b0 geom=2898x1848 box=0,858-2898,880 backend=other fn=0x7bd5f2ee24 fn_offset=0x30de24 fbase=0x7bd5c21000 sym=unknown so=/data/app/~~iNwcSjv3C2CZCLwcLxpEtA==/com.termux.x11-1tus8NhfW98goVF914TrYw==/base.apk!/lib/arm64-v8a/libXlorie.so
04-17 08:30:39.589 I/LorieNative(16758): DamageTraceV2: PutImage count=161984 drawableType=WINDOW screenPixmap=0 drawable=0xb400007cd98d66b0 geom=2898x1848 box=0,418-2898,440 backend=other fn=0x7bd5f2ee24 fn_offset=0x30de24 fbase=0x7bd5c21000 sym=unknown so=/data/app/~~iNwcSjv3C2CZCLwcLxpEtA==/com.termux.x11-1tus8NhfW98goVF914TrYw==/base.apk!/lib/arm64-v8a/libXlorie.so
04-17 08:30:39.605 I/LorieNative(16758): ExaTrace: putImage accel count=164096 drawableType=0 drawableId=0x600037 geom=2898x1848 size=2912x22 format=2 depth=24
04-17 08:30:39.608 I/LorieNative(16758): DamageTraceV2: PutImage count=162048 drawableType=WINDOW screenPixmap=0 drawable=0xb400007cd98d66b0 geom=2898x1848 box=0,1826-2898,1848 backend=other fn=0x7bd5f2ee24 fn_offset=0x30de24 fbase=0x7bd5c21000 sym=unknown so=/data/app/~~iNwcSjv3C2CZCLwcLxpEtA==/com.termux.x11-1tus8NhfW98goVF914TrYw==/base.apk!/lib/arm64-v8a/libXlorie.so
04-17 08:30:39.685 I/LorieNative(16758): DamageTraceV2: PutImage count=162112 drawableType=WINDOW screenPixmap=0 drawable=0xb400007cd98d66b0 geom=2898x1848 box=0,1386-2898,1408 backend=other fn=0x7bd5f2ee24 fn_offset=0x30de24 fbase=0x7bd5c21000 sym=unknown so=/data/app/~~iNwcSjv3C2CZCLwcLxpEtA==/com.termux.x11-1tus8NhfW98goVF914TrYw==/base.apk!/lib/arm64-v8a/libXlorie.so
04-17 08:30:39.753 I/LorieNative(16758): ExaTrace: putImage accel count=164224 drawableType=0 drawableId=0x600037 geom=2898x1848 size=2912x22 format=2 depth=24
04-17 08:30:39.757 I/LorieNative(16758): DamageTraceV2: PutImage count=162176 drawableType=WINDOW screenPixmap=0 drawable=0xb400007cd98d66b0 geom=2898x1848 box=0,946-2898,968 backend=other fn=0x7bd5f2ee24 fn_offset=0x30de24 fbase=0x7bd5c21000 sym=unknown so=/data/app/~~iNwcSjv3C2CZCLwcLxpEtA==/com.termux.x11-1tus8NhfW98goVF914TrYw==/base.apk!/lib/arm64-v8a/libXlorie.so
04-17 08:30:39.836 I/LorieNative(16758): DamageTraceV2: PutImage count=162240 drawableType=WINDOW screenPixmap=0 drawable=0xb400007cd98d66b0 geom=2898x1848 box=0,506-2898,528 backend=other fn=0x7bd5f2ee24 fn_offset=0x30de24 fbase=0x7bd5c21000 sym=unknown so=/data/app/~~iNwcSjv3C2CZCLwcLxpEtA==/com.termux.x11-1tus8NhfW98goVF914TrYw==/base.apk!/lib/arm64-v8a/libXlorie.so
04-17 08:30:39.861 I/LorieNative(16758): ExaTrace: putImage accel count=164352 drawableType=0 drawableId=0x600037 geom=2898x1848 size=2912x22 format=2 depth=24
04-17 08:30:39.918 I/LorieNative(16758): DamageTraceV2: PutImage count=162304 drawableType=WINDOW screenPixmap=0 drawable=0xb400007cd98d66b0 geom=2898x1848 box=0,66-2898,88 backend=other fn=0x7bd5f2ee24 fn_offset=0x30de24 fbase=0x7bd5c21000 sym=unknown so=/data/app/~~iNwcSjv3C2CZCLwcLxpEtA==/com.termux.x11-1tus8NhfW98goVF914TrYw==/base.apk!/lib/arm64-v8a/libXlorie.so
04-17 08:30:39.930 I/LorieNative(16758): DamageTraceV2: PutImage count=162368 drawableType=WINDOW screenPixmap=0 drawable=0xb400007cd98d66b0 geom=2898x1848 box=0,1474-2898,1496 backend=other fn=0x7bd5f2ee24 fn_offset=0x30de24 fbase=0x7bd5c21000 sym=unknown so=/data/app/~~iNwcSjv3C2CZCLwcLxpEtA==/com.termux.x11-1tus8NhfW98goVF914TrYw==/base.apk!/lib/arm64-v8a/libXlorie.so
04-17 08:30:39.992 I/LorieNative(16758): ExaTrace: putImage accel count=164480 drawableType=0 drawableId=0x600037 geom=2898x1848 size=2912x22 format=2 depth=24
04-17 08:30:39.997 I/LorieNative(16758): DamageTraceV2: PutImage count=162432 drawableType=WINDOW screenPixmap=0 drawable=0xb400007cd98d66b0 geom=2898x1848 box=0,1034-2898,1056 backend=other fn=0x7bd5f2ee24 fn_offset=0x30de24 fbase=0x7bd5c21000 sym=unknown so=/data/app/~~iNwcSjv3C2CZCLwcLxpEtA==/com.termux.x11-1tus8NhfW98goVF914TrYw==/base.apk!/lib/arm64-v8a/libXlorie.so
04-17 08:30:40.090 I/LorieNative(16758): DamageTraceV2: PutImage count=162496 drawableType=WINDOW screenPixmap=0 drawable=0xb400007cd98d66b0 geom=2898x1848 box=0,594-2898,616 backend=other fn=0x7bd5f2ee24 fn_offset=0x30de24 fbase=0x7bd5c21000 sym=unknown so=/data/app/~~iNwcSjv3C2CZCLwcLxpEtA==/com.termux.x11-1tus8NhfW98goVF914TrYw==/base.apk!/lib/arm64-v8a/libXlorie.so
04-17 08:30:40.113 I/LorieNative(16758): ExaTrace: putImage accel count=164608 drawableType=0 drawableId=0x600037 geom=2898x1848 size=2912x22 format=2 depth=24
04-17 08:30:40.164 I/LorieNative(16758): DamageTraceV2: PutImage count=162560 drawableType=WINDOW screenPixmap=0 drawable=0xb400007cd98d66b0 geom=2898x1848 box=0,154-2898,176 backend=other fn=0x7bd5f2ee24 fn_offset=0x30de24 fbase=0x7bd5c21000 sym=unknown so=/data/app/~~iNwcSjv3C2CZCLwcLxpEtA==/com.termux.x11-1tus8NhfW98goVF914TrYw==/base.apk!/lib/arm64-v8a/libXlorie.so
04-17 08:30:40.182 I/LorieNative(16758): DamageTraceV2: PutImage count=162624 drawableType=WINDOW screenPixmap=0 drawable=0xb400007cd98d66b0 geom=2898x1848 box=0,1562-2898,1584 backend=other fn=0x7bd5f2ee24 fn_offset=0x30de24 fbase=0x7bd5c21000 sym=unknown so=/data/app/~~iNwcSjv3C2CZCLwcLxpEtA==/com.termux.x11-1tus8NhfW98goVF914TrYw==/base.apk!/lib/arm64-v8a/libXlorie.so
04-17 08:30:40.262 I/LorieNative(16758): ExaTrace: putImage accel count=164736 drawableType=0 drawableId=0x600037 geom=2898x1848 size=2912x22 format=2 depth=24
04-17 08:30:40.267 I/LorieNative(16758): DamageTraceV2: PutImage count=162688 drawableType=WINDOW screenPixmap=0 drawable=0xb400007cd98d66b0 geom=2898x1848 box=0,1122-2898,1144 backend=other fn=0x7bd5f2ee24 fn_offset=0x30de24 fbase=0x7bd5c21000 sym=unknown so=/data/app/~~iNwcSjv3C2CZCLwcLxpEtA==/com.termux.x11-1tus8NhfW98goVF914TrYw==/base.apk!/lib/arm64-v8a/libXlorie.so
04-17 08:30:40.333 I/LorieNative(16758): DamageTraceV2: PutImage count=162752 drawableType=WINDOW screenPixmap=0 drawable=0xb400007cd98d66b0 geom=2898x1848 box=0,682-2898,704 backend=other fn=0x7bd5f2ee24 fn_offset=0x30de24 fbase=0x7bd5c21000 sym=unknown so=/data/app/~~iNwcSjv3C2CZCLwcLxpEtA==/com.termux.x11-1tus8NhfW98goVF914TrYw==/base.apk!/lib/arm64-v8a/libXlorie.so
04-17 08:30:40.343 I/LorieNative(16758): ExaTrace: putImage accel count=164864 drawableType=0 drawableId=0x600037 geom=2898x1848 size=2912x22 format=2 depth=24
04-17 08:30:40.400 I/LorieNative(16758): DamageTraceV2: PutImage count=162816 drawableType=WINDOW screenPixmap=0 drawable=0xb400007cd98d66b0 geom=2898x1848 box=0,242-2898,264 backend=other fn=0x7bd5f2ee24 fn_offset=0x30de24 fbase=0x7bd5c21000 sym=unknown so=/data/app/~~iNwcSjv3C2CZCLwcLxpEtA==/com.termux.x11-1tus8NhfW98goVF914TrYw==/base.apk!/lib/arm64-v8a/libXlorie.so
04-17 08:30:40.412 I/LorieNative(16758): DamageTraceV2: PutImage count=162880 drawableType=WINDOW screenPixmap=0 drawable=0xb400007cd98d66b0 geom=2898x1848 box=0,1650-2898,1672 backend=other fn=0x7bd5f2ee24 fn_offset=0x30de24 fbase=0x7bd5c21000 sym=unknown so=/data/app/~~iNwcSjv3C2CZCLwcLxpEtA==/com.termux.x11-1tus8NhfW98goVF914TrYw==/base.apk!/lib/arm64-v8a/libXlorie.so
04-17 08:30:40.486 I/LorieNative(16758): ExaTrace: putImage accel count=164992 drawableType=0 drawableId=0x600037 geom=2898x1848 size=2912x22 format=2 depth=24
04-17 08:30:40.491 I/LorieNative(16758): DamageTraceV2: PutImage count=162944 drawableType=WINDOW screenPixmap=0 drawable=0xb400007cd98d66b0 geom=2898x1848 box=0,1210-2898,1232 backend=other fn=0x7bd5f2ee24 fn_offset=0x30de24 fbase=0x7bd5c21000 sym=unknown so=/data/app/~~iNwcSjv3C2CZCLwcLxpEtA==/com.termux.x11-1tus8NhfW98goVF914TrYw==/base.apk!/lib/arm64-v8a/libXlorie.so
04-17 08:30:40.578 I/LorieNative(16758): DamageTraceV2: PutImage count=163008 drawableType=WINDOW screenPixmap=0 drawable=0xb400007cd98d66b0 geom=2898x1848 box=0,770-2898,792 backend=other fn=0x7bd5f2ee24 fn_offset=0x30de24 fbase=0x7bd5c21000 sym=unknown so=/data/app/~~iNwcSjv3C2CZCLwcLxpEtA==/com.termux.x11-1tus8NhfW98goVF914TrYw==/base.apk!/lib/arm64-v8a/libXlorie.so
04-17 08:30:40.601 I/LorieNative(16758): choreographer callbacks in 5.0 seconds = 120.0 FPS
04-17 08:30:40.602 I/LorieNative(16758): redraw wakeups in 5.0 seconds = 120.0 FPS
04-17 08:30:40.602 I/LorieNative(16758): damage-triggered redraws in 5.0 seconds = 24.4 FPS
04-17 08:30:40.602 I/LorieNative(16758): AhbLockTrace: sticky=0 lock_calls=122 unlock_calls=122 sticky_hits=5160 flush_skipped=0 in 5.0s
04-17 08:30:40.602 I/LorieNative(16758): present flip attempts in 5.0 seconds = 0.0 FPS (accepted 0.0, rejected 0.0)
04-17 08:30:40.602 I/LorieNative(16758): present after-flips in 5.0 seconds = 0.0 FPS
04-17 08:30:40.602 I/LorieNative(16758): 123 frames in 5.0 seconds = 24.6 FPS
04-17 08:30:40.647 I/LorieNative(16758): ExaTrace: putImage accel count=165120 drawableType=0 drawableId=0x600037 geom=2898x1848 size=2912x22 format=2 depth=24
04-17 08:30:40.651 I/LorieNative(16758): DamageTraceV2: PutImage count=163072 drawableType=WINDOW screenPixmap=0 drawable=0xb400007cd98d66b0 geom=2898x1848 box=0,330-2898,352 backend=other fn=0x7bd5f2ee24 fn_offset=0x30de24 fbase=0x7bd5c21000 sym=unknown so=/data/app/~~iNwcSjv3C2CZCLwcLxpEtA==/com.termux.x11-1tus8NhfW98goVF914TrYw==/base.apk!/lib/arm64-v8a/libXlorie.so
04-17 08:30:40.669 I/LorieNative(16758): DamageTraceV2: PutImage count=163136 drawableType=WINDOW screenPixmap=0 drawable=0xb400007cd98d66b0 geom=2898x1848 box=0,1738-2898,1760 backend=other fn=0x7bd5f2ee24 fn_offset=0x30de24 fbase=0x7bd5c21000 sym=unknown so=/data/app/~~iNwcSjv3C2CZCLwcLxpEtA==/com.termux.x11-1tus8NhfW98goVF914TrYw==/base.apk!/lib/arm64-v8a/libXlorie.so
04-17 08:30:40.742 I/LorieNative(16758): ExaTrace: putImage accel count=165248 drawableType=0 drawableId=0x600037 geom=2898x1848 size=2912x22 format=2 depth=24
04-17 08:30:40.745 I/LorieNative(16758): DamageTraceV2: PutImage count=163200 drawableType=WINDOW screenPixmap=0 drawable=0xb400007cd98d66b0 geom=2898x1848 box=0,1298-2898,1320 backend=other fn=0x7bd5f2ee24 fn_offset=0x30de24 fbase=0x7bd5c21000 sym=unknown so=/data/app/~~iNwcSjv3C2CZCLwcLxpEtA==/com.termux.x11-1tus8NhfW98goVF914TrYw==/base.apk!/lib/arm64-v8a/libXlorie.so
04-17 08:30:40.831 I/LorieNative(16758): DamageTraceV2: PutImage count=163264 drawableType=WINDOW screenPixmap=0 drawable=0xb400007cd98d66b0 geom=2898x1848 box=0,858-2898,880 backend=other fn=0x7bd5f2ee24 fn_offset=0x30de24 fbase=0x7bd5c21000 sym=unknown so=/data/app/~~iNwcSjv3C2CZCLwcLxpEtA==/com.termux.x11-1tus8NhfW98goVF914TrYw==/base.apk!/lib/arm64-v8a/libXlorie.so
04-17 08:30:40.910 I/LorieNative(16758): ExaTrace: putImage accel count=165376 drawableType=0 drawableId=0x600037 geom=2898x1848 size=2912x22 format=2 depth=24
04-17 08:30:40.914 I/LorieNative(16758): DamageTraceV2: PutImage count=163328 drawableType=WINDOW screenPixmap=0 drawable=0xb400007cd98d66b0 geom=2898x1848 box=0,418-2898,440 backend=other fn=0x7bd5f2ee24 fn_offset=0x30de24 fbase=0x7bd5c21000 sym=unknown so=/data/app/~~iNwcSjv3C2CZCLwcLxpEtA==/com.termux.x11-1tus8NhfW98goVF914TrYw==/base.apk!/lib/arm64-v8a/libXlorie.so
04-17 08:30:40.931 I/LorieNative(16758): DamageTraceV2: PutImage count=163392 drawableType=WINDOW screenPixmap=0 drawable=0xb400007cd98d66b0 geom=2898x1848 box=0,1826-2898,1848 backend=other fn=0x7bd5f2ee24 fn_offset=0x30de24 fbase=0x7bd5c21000 sym=unknown so=/data/app/~~iNwcSjv3C2CZCLwcLxpEtA==/com.termux.x11-1tus8NhfW98goVF914TrYw==/base.apk!/lib/arm64-v8a/libXlorie.so
04-17 08:30:41.020 I/LorieNative(16758): ExaTrace: putImage accel count=165504 drawableType=0 drawableId=0x600037 geom=2898x1848 size=2912x22 format=2 depth=24
04-17 08:30:41.023 I/LorieNative(16758): DamageTraceV2: PutImage count=163456 drawableType=WINDOW screenPixmap=0 drawable=0xb400007cd98d66b0 geom=2898x1848 box=0,1386-2898,1408 backend=other fn=0x7bd5f2ee24 fn_offset=0x30de24 fbase=0x7bd5c21000 sym=unknown so=/data/app/~~iNwcSjv3C2CZCLwcLxpEtA==/com.termux.x11-1tus8NhfW98goVF914TrYw==/base.apk!/lib/arm64-v8a/libXlorie.so
04-17 08:30:41.102 I/LorieNative(16758): DamageTraceV2: PutImage count=163520 drawableType=WINDOW screenPixmap=0 drawable=0xb400007cd98d66b0 geom=2898x1848 box=0,946-2898,968 backend=other fn=0x7bd5f2ee24 fn_offset=0x30de24 fbase=0x7bd5c21000 sym=unknown so=/data/app/~~iNwcSjv3C2CZCLwcLxpEtA==/com.termux.x11-1tus8NhfW98goVF914TrYw==/base.apk!/lib/arm64-v8a/libXlorie.so
04-17 08:30:41.177 I/LorieNative(16758): ExaTrace: putImage accel count=165632 drawableType=0 drawableId=0x600037 geom=2898x1848 size=2912x22 format=2 depth=24
04-17 08:30:41.184 I/LorieNative(16758): DamageTraceV2: PutImage count=163584 drawableType=WINDOW screenPixmap=0 drawable=0xb400007cd98d66b0 geom=2898x1848 box=0,506-2898,528 backend=other fn=0x7bd5f2ee24 fn_offset=0x30de24 fbase=0x7bd5c21000 sym=unknown so=/data/app/~~iNwcSjv3C2CZCLwcLxpEtA==/com.termux.x11-1tus8NhfW98goVF914TrYw==/base.apk!/lib/arm64-v8a/libXlorie.so
04-17 08:30:41.267 I/LorieNative(16758): DamageTraceV2: PutImage count=163648 drawableType=WINDOW screenPixmap=0 drawable=0xb400007cd98d66b0 geom=2898x1848 box=0,66-2898,88 backend=other fn=0x7bd5f2ee24 fn_offset=0x30de24 fbase=0x7bd5c21000 sym=unknown so=/data/app/~~iNwcSjv3C2CZCLwcLxpEtA==/com.termux.x11-1tus8NhfW98goVF914TrYw==/base.apk!/lib/arm64-v8a/libXlorie.so
04-17 08:30:41.285 I/LorieNative(16758): ExaTrace: putImage accel count=165760 drawableType=0 drawableId=0x600037 geom=2898x1848 size=2912x22 format=2 depth=24
04-17 08:30:41.290 I/LorieNative(16758): DamageTraceV2: PutImage count=163712 drawableType=WINDOW screenPixmap=0 drawable=0xb400007cd98d66b0 geom=2898x1848 box=0,1474-2898,1496 backend=other fn=0x7bd5f2ee24 fn_offset=0x30de24 fbase=0x7bd5c21000 sym=unknown so=/data/app/~~iNwcSjv3C2CZCLwcLxpEtA==/com.termux.x11-1tus8NhfW98goVF914TrYw==/base.apk!/lib/arm64-v8a/libXlorie.so
04-17 08:30:41.374 I/LorieNative(16758): DamageTraceV2: PutImage count=163776 drawableType=WINDOW screenPixmap=0 drawable=0xb400007cd98d66b0 geom=2898x1848 box=0,1034-2898,1056 backend=other fn=0x7bd5f2ee24 fn_offset=0x30de24 fbase=0x7bd5c21000 sym=unknown so=/data/app/~~iNwcSjv3C2CZCLwcLxpEtA==/com.termux.x11-1tus8NhfW98goVF914TrYw==/base.apk!/lib/arm64-v8a/libXlorie.so
04-17 08:30:41.444 I/LorieNative(16758): ExaTrace: putImage accel count=165888 drawableType=0 drawableId=0x600037 geom=2898x1848 size=2912x22 format=2 depth=24
04-17 08:30:41.448 I/LorieNative(16758): DamageTraceV2: PutImage count=163840 drawableType=WINDOW screenPixmap=0 drawable=0xb400007cd98d66b0 geom=2898x1848 box=0,594-2898,616 backend=other fn=0x7bd5f2ee24 fn_offset=0x30de24 fbase=0x7bd5c21000 sym=unknown so=/data/app/~~iNwcSjv3C2CZCLwcLxpEtA==/com.termux.x11-1tus8NhfW98goVF914TrYw==/base.apk!/lib/arm64-v8a/libXlorie.so
04-17 08:30:41.529 I/LorieNative(16758): DamageTraceV2: PutImage count=163904 drawableType=WINDOW screenPixmap=0 drawable=0xb400007cd98d66b0 geom=2898x1848 box=0,154-2898,176 backend=other fn=0x7bd5f2ee24 fn_offset=0x30de24 fbase=0x7bd5c21000 sym=unknown so=/data/app/~~iNwcSjv3C2CZCLwcLxpEtA==/com.termux.x11-1tus8NhfW98goVF914TrYw==/base.apk!/lib/arm64-v8a/libXlorie.so
04-17 08:30:41.548 I/LorieNative(16758): ExaTrace: putImage accel count=166016 drawableType=0 drawableId=0x600037 geom=2898x1848 size=2912x22 format=2 depth=24
04-17 08:30:41.554 I/LorieNative(16758): DamageTraceV2: PutImage count=163968 drawableType=WINDOW screenPixmap=0 drawable=0xb400007cd98d66b0 geom=2898x1848 box=0,1562-2898,1584 backend=other fn=0x7bd5f2ee24 fn_offset=0x30de24 fbase=0x7bd5c21000 sym=unknown so=/data/app/~~iNwcSjv3C2CZCLwcLxpEtA==/com.termux.x11-1tus8NhfW98goVF914TrYw==/base.apk!/lib/arm64-v8a/libXlorie.so
04-17 08:30:41.638 I/LorieNative(16758): DamageTraceV2: PutImage count=164032 drawableType=WINDOW screenPixmap=0 drawable=0xb400007cd98d66b0 geom=2898x1848 box=0,1122-2898,1144 backend=other fn=0x7bd5f2ee24 fn_offset=0x30de24 fbase=0x7bd5c21000 sym=unknown so=/data/app/~~iNwcSjv3C2CZCLwcLxpEtA==/com.termux.x11-1tus8NhfW98goVF914TrYw==/base.apk!/lib/arm64-v8a/libXlorie.so
04-17 08:30:41.713 I/LorieNative(16758): ExaTrace: putImage accel count=166144 drawableType=0 drawableId=0x600037 geom=2898x1848 size=2912x22 format=2 depth=24
04-17 08:30:41.719 I/LorieNative(16758): DamageTraceV2: PutImage count=164096 drawableType=WINDOW screenPixmap=0 drawable=0xb400007cd98d66b0 geom=2898x1848 box=0,682-2898,704 backend=other fn=0x7bd5f2ee24 fn_offset=0x30de24 fbase=0x7bd5c21000 sym=unknown so=/data/app/~~iNwcSjv3C2CZCLwcLxpEtA==/com.termux.x11-1tus8NhfW98goVF914TrYw==/base.apk!/lib/arm64-v8a/libXlorie.so
04-17 08:30:41.802 I/LorieNative(16758): DamageTraceV2: PutImage count=164160 drawableType=WINDOW screenPixmap=0 drawable=0xb400007cd98d66b0 geom=2898x1848 box=0,242-2898,264 backend=other fn=0x7bd5f2ee24 fn_offset=0x30de24 fbase=0x7bd5c21000 sym=unknown so=/data/app/~~iNwcSjv3C2CZCLwcLxpEtA==/com.termux.x11-1tus8NhfW98goVF914TrYw==/base.apk!/lib/arm64-v8a/libXlorie.so
04-17 08:30:41.825 I/LorieNative(16758): ExaTrace: putImage accel count=166272 drawableType=0 drawableId=0x600037 geom=2898x1848 size=2912x22 format=2 depth=24
04-17 08:30:41.830 I/LorieNative(16758): DamageTraceV2: PutImage count=164224 drawableType=WINDOW screenPixmap=0 drawable=0xb400007cd98d66b0 geom=2898x1848 box=0,1650-2898,1672 backend=other fn=0x7bd5f2ee24 fn_offset=0x30de24 fbase=0x7bd5c21000 sym=unknown so=/data/app/~~iNwcSjv3C2CZCLwcLxpEtA==/com.termux.x11-1tus8NhfW98goVF914TrYw==/base.apk!/lib/arm64-v8a/libXlorie.so
04-17 08:30:41.904 I/LorieNative(16758): DamageTraceV2: PutImage count=164288 drawableType=WINDOW screenPixmap=0 drawable=0xb400007cd98d66b0 geom=2898x1848 box=0,1210-2898,1232 backend=other fn=0x7bd5f2ee24 fn_offset=0x30de24 fbase=0x7bd5c21000 sym=unknown so=/data/app/~~iNwcSjv3C2CZCLwcLxpEtA==/com.termux.x11-1tus8NhfW98goVF914TrYw==/base.apk!/lib/arm64-v8a/libXlorie.so
04-17 08:30:41.964 I/LorieNative(16758): ExaTrace: putImage accel count=166400 drawableType=0 drawableId=0x600037 geom=2898x1848 size=2912x22 format=2 depth=24
04-17 08:30:41.969 I/LorieNative(16758): DamageTraceV2: PutImage count=164352 drawableType=WINDOW screenPixmap=0 drawable=0xb400007cd98d66b0 geom=2898x1848 box=0,770-2898,792 backend=other fn=0x7bd5f2ee24 fn_offset=0x30de24 fbase=0x7bd5c21000 sym=unknown so=/data/app/~~iNwcSjv3C2CZCLwcLxpEtA==/com.termux.x11-1tus8NhfW98goVF914TrYw==/base.apk!/lib/arm64-v8a/libXlorie.so
04-17 08:30:42.038 I/LorieNative(16758): DamageTraceV2: PutImage count=164416 drawableType=WINDOW screenPixmap=0 drawable=0xb400007cd98d66b0 geom=2898x1848 box=0,330-2898,352 backend=other fn=0x7bd5f2ee24 fn_offset=0x30de24 fbase=0x7bd5c21000 sym=unknown so=/data/app/~~iNwcSjv3C2CZCLwcLxpEtA==/com.termux.x11-1tus8NhfW98goVF914TrYw==/base.apk!/lib/arm64-v8a/libXlorie.so
04-17 08:30:42.052 I/LorieNative(16758): ExaTrace: putImage accel count=166528 drawableType=0 drawableId=0x600037 geom=2898x1848 size=2912x22 format=2 depth=24
04-17 08:30:42.056 I/LorieNative(16758): DamageTraceV2: PutImage count=164480 drawableType=WINDOW screenPixmap=0 drawable=0xb400007cd98d66b0 geom=2898x1848 box=0,1738-2898,1760 backend=other fn=0x7bd5f2ee24 fn_offset=0x30de24 fbase=0x7bd5c21000 sym=unknown so=/data/app/~~iNwcSjv3C2CZCLwcLxpEtA==/com.termux.x11-1tus8NhfW98goVF914TrYw==/base.apk!/lib/arm64-v8a/libXlorie.so
04-17 08:30:42.121 I/LorieNative(16758): DamageTraceV2: PutImage count=164544 drawableType=WINDOW screenPixmap=0 drawable=0xb400007cd98d66b0 geom=2898x1848 box=0,1298-2898,1320 backend=other fn=0x7bd5f2ee24 fn_offset=0x30de24 fbase=0x7bd5c21000 sym=unknown so=/data/app/~~iNwcSjv3C2CZCLwcLxpEtA==/com.termux.x11-1tus8NhfW98goVF914TrYw==/base.apk!/lib/arm64-v8a/libXlorie.so
04-17 08:30:42.187 I/LorieNative(16758): ExaTrace: putImage accel count=166656 drawableType=0 drawableId=0x600037 geom=2898x1848 size=2912x22 format=2 depth=24
04-17 08:30:42.191 I/LorieNative(16758): DamageTraceV2: PutImage count=164608 drawableType=WINDOW screenPixmap=0 drawable=0xb400007cd98d66b0 geom=2898x1848 box=0,858-2898,880 backend=other fn=0x7bd5f2ee24 fn_offset=0x30de24 fbase=0x7bd5c21000 sym=unknown so=/data/app/~~iNwcSjv3C2CZCLwcLxpEtA==/com.termux.x11-1tus8NhfW98goVF914TrYw==/base.apk!/lib/arm64-v8a/libXlorie.so
04-17 08:30:42.266 I/LorieNative(16758): DamageTraceV2: PutImage count=164672 drawableType=WINDOW screenPixmap=0 drawable=0xb400007cd98d66b0 geom=2898x1848 box=0,418-2898,440 backend=other fn=0x7bd5f2ee24 fn_offset=0x30de24 fbase=0x7bd5c21000 sym=unknown so=/data/app/~~iNwcSjv3C2CZCLwcLxpEtA==/com.termux.x11-1tus8NhfW98goVF914TrYw==/base.apk!/lib/arm64-v8a/libXlorie.so
04-17 08:30:42.275 I/LorieNative(16758): ExaTrace: putImage accel count=166784 drawableType=0 drawableId=0x600037 geom=2898x1848 size=2912x22 format=2 depth=24
04-17 08:30:42.279 I/LorieNative(16758): DamageTraceV2: PutImage count=164736 drawableType=WINDOW screenPixmap=0 drawable=0xb400007cd98d66b0 geom=2898x1848 box=0,1826-2898,1848 backend=other fn=0x7bd5f2ee24 fn_offset=0x30de24 fbase=0x7bd5c21000 sym=unknown so=/data/app/~~iNwcSjv3C2CZCLwcLxpEtA==/com.termux.x11-1tus8NhfW98goVF914TrYw==/base.apk!/lib/arm64-v8a/libXlorie.so
04-17 08:30:42.336 I/LorieNative(16758): DamageTraceV2: PutImage count=164800 drawableType=WINDOW screenPixmap=0 drawable=0xb400007cd98d66b0 geom=2898x1848 box=0,1386-2898,1408 backend=other fn=0x7bd5f2ee24 fn_offset=0x30de24 fbase=0x7bd5c21000 sym=unknown so=/data/app/~~iNwcSjv3C2CZCLwcLxpEtA==/com.termux.x11-1tus8NhfW98goVF914TrYw==/base.apk!/lib/arm64-v8a/libXlorie.so
04-17 08:30:42.389 I/LorieNative(16758): ExaTrace: putImage accel count=166912 drawableType=0 drawableId=0x600037 geom=2898x1848 size=2912x22 format=2 depth=24
04-17 08:30:42.392 I/LorieNative(16758): DamageTraceV2: PutImage count=164864 drawableType=WINDOW screenPixmap=0 drawable=0xb400007cd98d66b0 geom=2898x1848 box=0,946-2898,968 backend=other fn=0x7bd5f2ee24 fn_offset=0x30de24 fbase=0x7bd5c21000 sym=unknown so=/data/app/~~iNwcSjv3C2CZCLwcLxpEtA==/com.termux.x11-1tus8NhfW98goVF914TrYw==/base.apk!/lib/arm64-v8a/libXlorie.so
04-17 08:30:42.464 I/LorieNative(16758): DamageTraceV2: PutImage count=164928 drawableType=WINDOW screenPixmap=0 drawable=0xb400007cd98d66b0 geom=2898x1848 box=0,506-2898,528 backend=other fn=0x7bd5f2ee24 fn_offset=0x30de24 fbase=0x7bd5c21000 sym=unknown so=/data/app/~~iNwcSjv3C2CZCLwcLxpEtA==/com.termux.x11-1tus8NhfW98goVF914TrYw==/base.apk!/lib/arm64-v8a/libXlorie.so
04-17 08:30:42.485 I/LorieNative(16758): ExaTrace: putImage accel count=167040 drawableType=0 drawableId=0x600037 geom=2898x1848 size=2912x22 format=2 depth=24
04-17 08:30:42.547 I/LorieNative(16758): DamageTraceV2: PutImage count=164992 drawableType=WINDOW screenPixmap=0 drawable=0xb400007cd98d66b0 geom=2898x1848 box=0,66-2898,88 backend=other fn=0x7bd5f2ee24 fn_offset=0x30de24 fbase=0x7bd5c21000 sym=unknown so=/data/app/~~iNwcSjv3C2CZCLwcLxpEtA==/com.termux.x11-1tus8NhfW98goVF914TrYw==/base.apk!/lib/arm64-v8a/libXlorie.so
04-17 08:30:42.560 I/LorieNative(16758): DamageTraceV2: PutImage count=165056 drawableType=WINDOW screenPixmap=0 drawable=0xb400007cd98d66b0 geom=2898x1848 box=0,1474-2898,1496 backend=other fn=0x7bd5f2ee24 fn_offset=0x30de24 fbase=0x7bd5c21000 sym=unknown so=/data/app/~~iNwcSjv3C2CZCLwcLxpEtA==/com.termux.x11-1tus8NhfW98goVF914TrYw==/base.apk!/lib/arm64-v8a/libXlorie.so
04-17 08:30:42.643 I/LorieNative(16758): ExaTrace: putImage accel count=167168 drawableType=0 drawableId=0x600037 geom=2898x1848 size=2912x22 format=2 depth=24
04-17 08:30:42.647 I/LorieNative(16758): DamageTraceV2: PutImage count=165120 drawableType=WINDOW screenPixmap=0 drawable=0xb400007cd98d66b0 geom=2898x1848 box=0,1034-2898,1056 backend=other fn=0x7bd5f2ee24 fn_offset=0x30de24 fbase=0x7bd5c21000 sym=unknown so=/data/app/~~iNwcSjv3C2CZCLwcLxpEtA==/com.termux.x11-1tus8NhfW98goVF914TrYw==/base.apk!/lib/arm64-v8a/libXlorie.so
04-17 08:30:42.744 I/LorieNative(16758): DamageTraceV2: PutImage count=165184 drawableType=WINDOW screenPixmap=0 drawable=0xb400007cd98d66b0 geom=2898x1848 box=0,594-2898,616 backend=other fn=0x7bd5f2ee24 fn_offset=0x30de24 fbase=0x7bd5c21000 sym=unknown so=/data/app/~~iNwcSjv3C2CZCLwcLxpEtA==/com.termux.x11-1tus8NhfW98goVF914TrYw==/base.apk!/lib/arm64-v8a/libXlorie.so
04-17 08:30:42.755 I/LorieNative(16758): ExaTrace: putImage accel count=167296 drawableType=0 drawableId=0x600037 geom=2898x1848 size=2912x22 format=2 depth=24
04-17 08:30:42.822 I/LorieNative(16758): DamageTraceV2: PutImage count=165248 drawableType=WINDOW screenPixmap=0 drawable=0xb400007cd98d66b0 geom=2898x1848 box=0,154-2898,176 backend=other fn=0x7bd5f2ee24 fn_offset=0x30de24 fbase=0x7bd5c21000 sym=unknown so=/data/app/~~iNwcSjv3C2CZCLwcLxpEtA==/com.termux.x11-1tus8NhfW98goVF914TrYw==/base.apk!/lib/arm64-v8a/libXlorie.so
04-17 08:30:42.841 I/LorieNative(16758): DamageTraceV2: PutImage count=165312 drawableType=WINDOW screenPixmap=0 drawable=0xb400007cd98d66b0 geom=2898x1848 box=0,1562-2898,1584 backend=other fn=0x7bd5f2ee24 fn_offset=0x30de24 fbase=0x7bd5c21000 sym=unknown so=/data/app/~~iNwcSjv3C2CZCLwcLxpEtA==/com.termux.x11-1tus8NhfW98goVF914TrYw==/base.apk!/lib/arm64-v8a/libXlorie.so
04-17 08:30:42.923 I/LorieNative(16758): ExaTrace: putImage accel count=167424 drawableType=0 drawableId=0x600037 geom=2898x1848 size=2912x22 format=2 depth=24
04-17 08:30:42.926 I/LorieNative(16758): DamageTraceV2: PutImage count=165376 drawableType=WINDOW screenPixmap=0 drawable=0xb400007cd98d66b0 geom=2898x1848 box=0,1122-2898,1144 backend=other fn=0x7bd5f2ee24 fn_offset=0x30de24 fbase=0x7bd5c21000 sym=unknown so=/data/app/~~iNwcSjv3C2CZCLwcLxpEtA==/com.termux.x11-1tus8NhfW98goVF914TrYw==/base.apk!/lib/arm64-v8a/libXlorie.so
04-17 08:30:43.012 I/LorieNative(16758): DamageTraceV2: PutImage count=165440 drawableType=WINDOW screenPixmap=0 drawable=0xb400007cd98d66b0 geom=2898x1848 box=0,682-2898,704 backend=other fn=0x7bd5f2ee24 fn_offset=0x30de24 fbase=0x7bd5c21000 sym=unknown so=/data/app/~~iNwcSjv3C2CZCLwcLxpEtA==/com.termux.x11-1tus8NhfW98goVF914TrYw==/base.apk!/lib/arm64-v8a/libXlorie.so
04-17 08:30:43.025 I/LorieNative(16758): ExaTrace: putImage accel count=167552 drawableType=0 drawableId=0x600037 geom=2898x1848 size=2912x22 format=2 depth=24
04-17 08:30:43.097 I/LorieNative(16758): DamageTraceV2: PutImage count=165504 drawableType=WINDOW screenPixmap=0 drawable=0xb400007cd98d66b0 geom=2898x1848 box=0,242-2898,264 backend=other fn=0x7bd5f2ee24 fn_offset=0x30de24 fbase=0x7bd5c21000 sym=unknown so=/data/app/~~iNwcSjv3C2CZCLwcLxpEtA==/com.termux.x11-1tus8NhfW98goVF914TrYw==/base.apk!/lib/arm64-v8a/libXlorie.so
04-17 08:30:43.119 I/LorieNative(16758): DamageTraceV2: PutImage count=165568 drawableType=WINDOW screenPixmap=0 drawable=0xb400007cd98d66b0 geom=2898x1848 box=0,1650-2898,1672 backend=other fn=0x7bd5f2ee24 fn_offset=0x30de24 fbase=0x7bd5c21000 sym=unknown so=/data/app/~~iNwcSjv3C2CZCLwcLxpEtA==/com.termux.x11-1tus8NhfW98goVF914TrYw==/base.apk!/lib/arm64-v8a/libXlorie.so
04-17 08:30:43.192 I/LorieNative(16758): ExaTrace: putImage accel count=167680 drawableType=0 drawableId=0x600037 geom=2898x1848 size=2912x22 format=2 depth=24
04-17 08:30:43.197 I/LorieNative(16758): DamageTraceV2: PutImage count=165632 drawableType=WINDOW screenPixmap=0 drawable=0xb400007cd98d66b0 geom=2898x1848 box=0,1210-2898,1232 backend=other fn=0x7bd5f2ee24 fn_offset=0x30de24 fbase=0x7bd5c21000 sym=unknown so=/data/app/~~iNwcSjv3C2CZCLwcLxpEtA==/com.termux.x11-1tus8NhfW98goVF914TrYw==/base.apk!/lib/arm64-v8a/libXlorie.so
04-17 08:30:43.267 I/LorieNative(16758): DamageTraceV2: PutImage count=165696 drawableType=WINDOW screenPixmap=0 drawable=0xb400007cd98d66b0 geom=2898x1848 box=0,770-2898,792 backend=other fn=0x7bd5f2ee24 fn_offset=0x30de24 fbase=0x7bd5c21000 sym=unknown so=/data/app/~~iNwcSjv3C2CZCLwcLxpEtA==/com.termux.x11-1tus8NhfW98goVF914TrYw==/base.apk!/lib/arm64-v8a/libXlorie.so
04-17 08:30:43.339 I/LorieNative(16758): ExaTrace: putImage accel count=167808 drawableType=0 drawableId=0x600037 geom=2898x1848 size=2912x22 format=2 depth=24
04-17 08:30:43.343 I/LorieNative(16758): DamageTraceV2: PutImage count=165760 drawableType=WINDOW screenPixmap=0 drawable=0xb400007cd98d66b0 geom=2898x1848 box=0,330-2898,352 backend=other fn=0x7bd5f2ee24 fn_offset=0x30de24 fbase=0x7bd5c21000 sym=unknown so=/data/app/~~iNwcSjv3C2CZCLwcLxpEtA==/com.termux.x11-1tus8NhfW98goVF914TrYw==/base.apk!/lib/arm64-v8a/libXlorie.so
04-17 08:30:43.360 I/LorieNative(16758): DamageTraceV2: PutImage count=165824 drawableType=WINDOW screenPixmap=0 drawable=0xb400007cd98d66b0 geom=2898x1848 box=0,1738-2898,1760 backend=other fn=0x7bd5f2ee24 fn_offset=0x30de24 fbase=0x7bd5c21000 sym=unknown so=/data/app/~~iNwcSjv3C2CZCLwcLxpEtA==/com.termux.x11-1tus8NhfW98goVF914TrYw==/base.apk!/lib/arm64-v8a/libXlorie.so
04-17 08:30:43.434 I/LorieNative(16758): ExaTrace: putImage accel count=167936 drawableType=0 drawableId=0x600037 geom=2898x1848 size=2912x22 format=2 depth=24
04-17 08:30:43.436 I/LorieNative(16758): DamageTraceV2: PutImage count=165888 drawableType=WINDOW screenPixmap=0 drawable=0xb400007cd98d66b0 geom=2898x1848 box=0,1298-2898,1320 backend=other fn=0x7bd5f2ee24 fn_offset=0x30de24 fbase=0x7bd5c21000 sym=unknown so=/data/app/~~iNwcSjv3C2CZCLwcLxpEtA==/com.termux.x11-1tus8NhfW98goVF914TrYw==/base.apk!/lib/arm64-v8a/libXlorie.so
04-17 08:30:43.522 I/LorieNative(16758): DamageTraceV2: PutImage count=165952 drawableType=WINDOW screenPixmap=0 drawable=0xb400007cd98d66b0 geom=2898x1848 box=0,858-2898,880 backend=other fn=0x7bd5f2ee24 fn_offset=0x30de24 fbase=0x7bd5c21000 sym=unknown so=/data/app/~~iNwcSjv3C2CZCLwcLxpEtA==/com.termux.x11-1tus8NhfW98goVF914TrYw==/base.apk!/lib/arm64-v8a/libXlorie.so
04-17 08:30:43.597 I/LorieNative(16758): ExaTrace: putImage accel count=168064 drawableType=0 drawableId=0x600037 geom=2898x1848 size=2912x22 format=2 depth=24
04-17 08:30:43.604 I/LorieNative(16758): DamageTraceV2: PutImage count=166016 drawableType=WINDOW screenPixmap=0 drawable=0xb400007cd98d66b0 geom=2898x1848 box=0,418-2898,440 backend=other fn=0x7bd5f2ee24 fn_offset=0x30de24 fbase=0x7bd5c21000 sym=unknown so=/data/app/~~iNwcSjv3C2CZCLwcLxpEtA==/com.termux.x11-1tus8NhfW98goVF914TrYw==/base.apk!/lib/arm64-v8a/libXlorie.so
04-17 08:30:43.629 I/LorieNative(16758): DamageTraceV2: PutImage count=166080 drawableType=WINDOW screenPixmap=0 drawable=0xb400007cd98d66b0 geom=2898x1848 box=0,1826-2898,1848 backend=other fn=0x7bd5f2ee24 fn_offset=0x30de24 fbase=0x7bd5c21000 sym=unknown so=/data/app/~~iNwcSjv3C2CZCLwcLxpEtA==/com.termux.x11-1tus8NhfW98goVF914TrYw==/base.apk!/lib/arm64-v8a/libXlorie.so
04-17 08:30:43.708 I/LorieNative(16758): ExaTrace: putImage accel count=168192 drawableType=0 drawableId=0x600037 geom=2898x1848 size=2912x22 format=2 depth=24
04-17 08:30:43.713 I/LorieNative(16758): DamageTraceV2: PutImage count=166144 drawableType=WINDOW screenPixmap=0 drawable=0xb400007cd98d66b0 geom=2898x1848 box=0,1386-2898,1408 backend=other fn=0x7bd5f2ee24 fn_offset=0x30de24 fbase=0x7bd5c21000 sym=unknown so=/data/app/~~iNwcSjv3C2CZCLwcLxpEtA==/com.termux.x11-1tus8NhfW98goVF914TrYw==/base.apk!/lib/arm64-v8a/libXlorie.so
04-17 08:30:43.792 I/LorieNative(16758): DamageTraceV2: PutImage count=166208 drawableType=WINDOW screenPixmap=0 drawable=0xb400007cd98d66b0 geom=2898x1848 box=0,946-2898,968 backend=other fn=0x7bd5f2ee24 fn_offset=0x30de24 fbase=0x7bd5c21000 sym=unknown so=/data/app/~~iNwcSjv3C2CZCLwcLxpEtA==/com.termux.x11-1tus8NhfW98goVF914TrYw==/base.apk!/lib/arm64-v8a/libXlorie.so
04-17 08:30:43.865 I/LorieNative(16758): ExaTrace: putImage accel count=168320 drawableType=0 drawableId=0x600037 geom=2898x1848 size=2912x22 format=2 depth=24
04-17 08:30:43.870 I/LorieNative(16758): DamageTraceV2: PutImage count=166272 drawableType=WINDOW screenPixmap=0 drawable=0xb400007cd98d66b0 geom=2898x1848 box=0,506-2898,528 backend=other fn=0x7bd5f2ee24 fn_offset=0x30de24 fbase=0x7bd5c21000 sym=unknown so=/data/app/~~iNwcSjv3C2CZCLwcLxpEtA==/com.termux.x11-1tus8NhfW98goVF914TrYw==/base.apk!/lib/arm64-v8a/libXlorie.so
04-17 08:30:43.942 I/LorieNative(16758): DamageTraceV2: PutImage count=166336 drawableType=WINDOW screenPixmap=0 drawable=0xb400007cd98d66b0 geom=2898x1848 box=0,66-2898,88 backend=other fn=0x7bd5f2ee24 fn_offset=0x30de24 fbase=0x7bd5c21000 sym=unknown so=/data/app/~~iNwcSjv3C2CZCLwcLxpEtA==/com.termux.x11-1tus8NhfW98goVF914TrYw==/base.apk!/lib/arm64-v8a/libXlorie.so
04-17 08:30:43.956 I/LorieNative(16758): ExaTrace: putImage accel count=168448 drawableType=0 drawableId=0x600037 geom=2898x1848 size=2912x22 format=2 depth=24
04-17 08:30:43.960 I/LorieNative(16758): DamageTraceV2: PutImage count=166400 drawableType=WINDOW screenPixmap=0 drawable=0xb400007cd98d66b0 geom=2898x1848 box=0,1474-2898,1496 backend=other fn=0x7bd5f2ee24 fn_offset=0x30de24 fbase=0x7bd5c21000 sym=unknown so=/data/app/~~iNwcSjv3C2CZCLwcLxpEtA==/com.termux.x11-1tus8NhfW98goVF914TrYw==/base.apk!/lib/arm64-v8a/libXlorie.so
04-17 08:30:44.060 I/LorieNative(16758): DamageTraceV2: PutImage count=166464 drawableType=WINDOW screenPixmap=0 drawable=0xb400007cd98d66b0 geom=2898x1848 box=0,1034-2898,1056 backend=other fn=0x7bd5f2ee24 fn_offset=0x30de24 fbase=0x7bd5c21000 sym=unknown so=/data/app/~~iNwcSjv3C2CZCLwcLxpEtA==/com.termux.x11-1tus8NhfW98goVF914TrYw==/base.apk!/lib/arm64-v8a/libXlorie.so
04-17 08:30:44.137 I/LorieNative(16758): ExaTrace: putImage accel count=168576 drawableType=0 drawableId=0x600037 geom=2898x1848 size=2912x22 format=2 depth=24
04-17 08:30:44.139 I/LorieNative(16758): DamageTraceV2: PutImage count=166528 drawableType=WINDOW screenPixmap=0 drawable=0xb400007cd98d66b0 geom=2898x1848 box=0,594-2898,616 backend=other fn=0x7bd5f2ee24 fn_offset=0x30de24 fbase=0x7bd5c21000 sym=unknown so=/data/app/~~iNwcSjv3C2CZCLwcLxpEtA==/com.termux.x11-1tus8NhfW98goVF914TrYw==/base.apk!/lib/arm64-v8a/libXlorie.so
04-17 08:30:44.206 I/LorieNative(16758): DamageTraceV2: PutImage count=166592 drawableType=WINDOW screenPixmap=0 drawable=0xb400007cd98d66b0 geom=2898x1848 box=0,154-2898,176 backend=other fn=0x7bd5f2ee24 fn_offset=0x30de24 fbase=0x7bd5c21000 sym=unknown so=/data/app/~~iNwcSjv3C2CZCLwcLxpEtA==/com.termux.x11-1tus8NhfW98goVF914TrYw==/base.apk!/lib/arm64-v8a/libXlorie.so
04-17 08:30:44.225 I/LorieNative(16758): ExaTrace: putImage accel count=168704 drawableType=0 drawableId=0x600037 geom=2898x1848 size=2912x22 format=2 depth=24
04-17 08:30:44.228 I/LorieNative(16758): DamageTraceV2: PutImage count=166656 drawableType=WINDOW screenPixmap=0 drawable=0xb400007cd98d66b0 geom=2898x1848 box=0,1562-2898,1584 backend=other fn=0x7bd5f2ee24 fn_offset=0x30de24 fbase=0x7bd5c21000 sym=unknown so=/data/app/~~iNwcSjv3C2CZCLwcLxpEtA==/com.termux.x11-1tus8NhfW98goVF914TrYw==/base.apk!/lib/arm64-v8a/libXlorie.so
04-17 08:30:44.313 I/LorieNative(16758): DamageTraceV2: PutImage count=166720 drawableType=WINDOW screenPixmap=0 drawable=0xb400007cd98d66b0 geom=2898x1848 box=0,1122-2898,1144 backend=other fn=0x7bd5f2ee24 fn_offset=0x30de24 fbase=0x7bd5c21000 sym=unknown so=/data/app/~~iNwcSjv3C2CZCLwcLxpEtA==/com.termux.x11-1tus8NhfW98goVF914TrYw==/base.apk!/lib/arm64-v8a/libXlorie.so
04-17 08:30:44.388 I/LorieNative(16758): ExaTrace: putImage accel count=168832 drawableType=0 drawableId=0x600037 geom=2898x1848 size=2912x22 format=2 depth=24
04-17 08:30:44.392 I/LorieNative(16758): DamageTraceV2: PutImage count=166784 drawableType=WINDOW screenPixmap=0 drawable=0xb400007cd98d66b0 geom=2898x1848 box=0,682-2898,704 backend=other fn=0x7bd5f2ee24 fn_offset=0x30de24 fbase=0x7bd5c21000 sym=unknown so=/data/app/~~iNwcSjv3C2CZCLwcLxpEtA==/com.termux.x11-1tus8NhfW98goVF914TrYw==/base.apk!/lib/arm64-v8a/libXlorie.so
04-17 08:30:44.456 I/LorieNative(16758): DamageTraceV2: PutImage count=166848 drawableType=WINDOW screenPixmap=0 drawable=0xb400007cd98d66b0 geom=2898x1848 box=0,242-2898,264 backend=other fn=0x7bd5f2ee24 fn_offset=0x30de24 fbase=0x7bd5c21000 sym=unknown so=/data/app/~~iNwcSjv3C2CZCLwcLxpEtA==/com.termux.x11-1tus8NhfW98goVF914TrYw==/base.apk!/lib/arm64-v8a/libXlorie.so
04-17 08:30:44.467 I/LorieNative(16758): ExaTrace: putImage accel count=168960 drawableType=0 drawableId=0x600037 geom=2898x1848 size=2912x22 format=2 depth=24
04-17 08:30:44.470 I/LorieNative(16758): DamageTraceV2: PutImage count=166912 drawableType=WINDOW screenPixmap=0 drawable=0xb400007cd98d66b0 geom=2898x1848 box=0,1650-2898,1672 backend=other fn=0x7bd5f2ee24 fn_offset=0x30de24 fbase=0x7bd5c21000 sym=unknown so=/data/app/~~iNwcSjv3C2CZCLwcLxpEtA==/com.termux.x11-1tus8NhfW98goVF914TrYw==/base.apk!/lib/arm64-v8a/libXlorie.so
04-17 08:30:44.545 I/LorieNative(16758): DamageTraceV2: PutImage count=166976 drawableType=WINDOW screenPixmap=0 drawable=0xb400007cd98d66b0 geom=2898x1848 box=0,1210-2898,1232 backend=other fn=0x7bd5f2ee24 fn_offset=0x30de24 fbase=0x7bd5c21000 sym=unknown so=/data/app/~~iNwcSjv3C2CZCLwcLxpEtA==/com.termux.x11-1tus8NhfW98goVF914TrYw==/base.apk!/lib/arm64-v8a/libXlorie.so
04-17 08:30:44.617 I/LorieNative(16758): ExaTrace: putImage accel count=169088 drawableType=0 drawableId=0x600037 geom=2898x1848 size=2912x22 format=2 depth=24
04-17 08:30:44.621 I/LorieNative(16758): DamageTraceV2: PutImage count=167040 drawableType=WINDOW screenPixmap=0 drawable=0xb400007cd98d66b0 geom=2898x1848 box=0,770-2898,792 backend=other fn=0x7bd5f2ee24 fn_offset=0x30de24 fbase=0x7bd5c21000 sym=unknown so=/data/app/~~iNwcSjv3C2CZCLwcLxpEtA==/com.termux.x11-1tus8NhfW98goVF914TrYw==/base.apk!/lib/arm64-v8a/libXlorie.so
04-17 08:30:44.691 I/LorieNative(16758): DamageTraceV2: PutImage count=167104 drawableType=WINDOW screenPixmap=0 drawable=0xb400007cd98d66b0 geom=2898x1848 box=0,330-2898,352 backend=other fn=0x7bd5f2ee24 fn_offset=0x30de24 fbase=0x7bd5c21000 sym=unknown so=/data/app/~~iNwcSjv3C2CZCLwcLxpEtA==/com.termux.x11-1tus8NhfW98goVF914TrYw==/base.apk!/lib/arm64-v8a/libXlorie.so
04-17 08:30:44.701 I/LorieNative(16758): ExaTrace: putImage accel count=169216 drawableType=0 drawableId=0x600037 geom=2898x1848 size=2912x22 format=2 depth=24
04-17 08:30:44.703 I/LorieNative(16758): DamageTraceV2: PutImage count=167168 drawableType=WINDOW screenPixmap=0 drawable=0xb400007cd98d66b0 geom=2898x1848 box=0,1738-2898,1760 backend=other fn=0x7bd5f2ee24 fn_offset=0x30de24 fbase=0x7bd5c21000 sym=unknown so=/data/app/~~iNwcSjv3C2CZCLwcLxpEtA==/com.termux.x11-1tus8NhfW98goVF914TrYw==/base.apk!/lib/arm64-v8a/libXlorie.so
04-17 08:30:44.771 I/LorieNative(16758): DamageTraceV2: PutImage count=167232 drawableType=WINDOW screenPixmap=0 drawable=0xb400007cd98d66b0 geom=2898x1848 box=0,1298-2898,1320 backend=other fn=0x7bd5f2ee24 fn_offset=0x30de24 fbase=0x7bd5c21000 sym=unknown so=/data/app/~~iNwcSjv3C2CZCLwcLxpEtA==/com.termux.x11-1tus8NhfW98goVF914TrYw==/base.apk!/lib/arm64-v8a/libXlorie.so
04-17 08:30:44.842 I/LorieNative(16758): ExaTrace: putImage accel count=169344 drawableType=0 drawableId=0x600037 geom=2898x1848 size=2912x22 format=2 depth=24
04-17 08:30:44.847 I/LorieNative(16758): DamageTraceV2: PutImage count=167296 drawableType=WINDOW screenPixmap=0 drawable=0xb400007cd98d66b0 geom=2898x1848 box=0,858-2898,880 backend=other fn=0x7bd5f2ee24 fn_offset=0x30de24 fbase=0x7bd5c21000 sym=unknown so=/data/app/~~iNwcSjv3C2CZCLwcLxpEtA==/com.termux.x11-1tus8NhfW98goVF914TrYw==/base.apk!/lib/arm64-v8a/libXlorie.so
04-17 08:30:44.922 I/LorieNative(16758): DamageTraceV2: PutImage count=167360 drawableType=WINDOW screenPixmap=0 drawable=0xb400007cd98d66b0 geom=2898x1848 box=0,418-2898,440 backend=other fn=0x7bd5f2ee24 fn_offset=0x30de24 fbase=0x7bd5c21000 sym=unknown so=/data/app/~~iNwcSjv3C2CZCLwcLxpEtA==/com.termux.x11-1tus8NhfW98goVF914TrYw==/base.apk!/lib/arm64-v8a/libXlorie.so
04-17 08:30:44.940 I/LorieNative(16758): ExaTrace: putImage accel count=169472 drawableType=0 drawableId=0x600037 geom=2898x1848 size=2912x22 format=2 depth=24
04-17 08:30:44.942 I/LorieNative(16758): DamageTraceV2: PutImage count=167424 drawableType=WINDOW screenPixmap=0 drawable=0xb400007cd98d66b0 geom=2898x1848 box=0,1826-2898,1848 backend=other fn=0x7bd5f2ee24 fn_offset=0x30de24 fbase=0x7bd5c21000 sym=unknown so=/data/app/~~iNwcSjv3C2CZCLwcLxpEtA==/com.termux.x11-1tus8NhfW98goVF914TrYw==/base.apk!/lib/arm64-v8a/libXlorie.so
04-17 08:30:45.020 I/LorieNative(16758): DamageTraceV2: PutImage count=167488 drawableType=WINDOW screenPixmap=0 drawable=0xb400007cd98d66b0 geom=2898x1848 box=0,1386-2898,1408 backend=other fn=0x7bd5f2ee24 fn_offset=0x30de24 fbase=0x7bd5c21000 sym=unknown so=/data/app/~~iNwcSjv3C2CZCLwcLxpEtA==/com.termux.x11-1tus8NhfW98goVF914TrYw==/base.apk!/lib/arm64-v8a/libXlorie.so
04-17 08:30:45.090 I/LorieNative(16758): ExaTrace: putImage accel count=169600 drawableType=0 drawableId=0x600037 geom=2898x1848 size=2912x22 format=2 depth=24
04-17 08:30:45.094 I/LorieNative(16758): DamageTraceV2: PutImage count=167552 drawableType=WINDOW screenPixmap=0 drawable=0xb400007cd98d66b0 geom=2898x1848 box=0,946-2898,968 backend=other fn=0x7bd5f2ee24 fn_offset=0x30de24 fbase=0x7bd5c21000 sym=unknown so=/data/app/~~iNwcSjv3C2CZCLwcLxpEtA==/com.termux.x11-1tus8NhfW98goVF914TrYw==/base.apk!/lib/arm64-v8a/libXlorie.so
04-17 08:30:45.174 I/LorieNative(16758): DamageTraceV2: PutImage count=167616 drawableType=WINDOW screenPixmap=0 drawable=0xb400007cd98d66b0 geom=2898x1848 box=0,506-2898,528 backend=other fn=0x7bd5f2ee24 fn_offset=0x30de24 fbase=0x7bd5c21000 sym=unknown so=/data/app/~~iNwcSjv3C2CZCLwcLxpEtA==/com.termux.x11-1tus8NhfW98goVF914TrYw==/base.apk!/lib/arm64-v8a/libXlorie.so
04-17 08:30:45.188 I/LorieNative(16758): ExaTrace: putImage accel count=169728 drawableType=0 drawableId=0x600037 geom=2898x1848 size=2912x22 format=2 depth=24
04-17 08:30:45.263 I/LorieNative(16758): DamageTraceV2: PutImage count=167680 drawableType=WINDOW screenPixmap=0 drawable=0xb400007cd98d66b0 geom=2898x1848 box=0,66-2898,88 backend=other fn=0x7bd5f2ee24 fn_offset=0x30de24 fbase=0x7bd5c21000 sym=unknown so=/data/app/~~iNwcSjv3C2CZCLwcLxpEtA==/com.termux.x11-1tus8NhfW98goVF914TrYw==/base.apk!/lib/arm64-v8a/libXlorie.so
04-17 08:30:45.295 I/LorieNative(16758): DamageTraceV2: PutImage count=167744 drawableType=WINDOW screenPixmap=0 drawable=0xb400007cd98d66b0 geom=2898x1848 box=0,1474-2898,1496 backend=other fn=0x7bd5f2ee24 fn_offset=0x30de24 fbase=0x7bd5c21000 sym=unknown so=/data/app/~~iNwcSjv3C2CZCLwcLxpEtA==/com.termux.x11-1tus8NhfW98goVF914TrYw==/base.apk!/lib/arm64-v8a/libXlorie.so
04-17 08:30:45.370 I/LorieNative(16758): ExaTrace: putImage accel count=169856 drawableType=0 drawableId=0x600037 geom=2898x1848 size=2912x22 format=2 depth=24
04-17 08:30:45.373 I/LorieNative(16758): DamageTraceV2: PutImage count=167808 drawableType=WINDOW screenPixmap=0 drawable=0xb400007cd98d66b0 geom=2898x1848 box=0,1034-2898,1056 backend=other fn=0x7bd5f2ee24 fn_offset=0x30de24 fbase=0x7bd5c21000 sym=unknown so=/data/app/~~iNwcSjv3C2CZCLwcLxpEtA==/com.termux.x11-1tus8NhfW98goVF914TrYw==/base.apk!/lib/arm64-v8a/libXlorie.so
04-17 08:30:45.437 I/LorieNative(16758): DamageTraceV2: PutImage count=167872 drawableType=WINDOW screenPixmap=0 drawable=0xb400007cd98d66b0 geom=2898x1848 box=0,594-2898,616 backend=other fn=0x7bd5f2ee24 fn_offset=0x30de24 fbase=0x7bd5c21000 sym=unknown so=/data/app/~~iNwcSjv3C2CZCLwcLxpEtA==/com.termux.x11-1tus8NhfW98goVF914TrYw==/base.apk!/lib/arm64-v8a/libXlorie.so
04-17 08:30:45.449 I/LorieNative(16758): ExaTrace: putImage accel count=169984 drawableType=0 drawableId=0x600037 geom=2898x1848 size=2912x22 format=2 depth=24
04-17 08:30:45.520 I/LorieNative(16758): DamageTraceV2: PutImage count=167936 drawableType=WINDOW screenPixmap=0 drawable=0xb400007cd98d66b0 geom=2898x1848 box=0,154-2898,176 backend=other fn=0x7bd5f2ee24 fn_offset=0x30de24 fbase=0x7bd5c21000 sym=unknown so=/data/app/~~iNwcSjv3C2CZCLwcLxpEtA==/com.termux.x11-1tus8NhfW98goVF914TrYw==/base.apk!/lib/arm64-v8a/libXlorie.so
04-17 08:30:45.541 I/LorieNative(16758): DamageTraceV2: PutImage count=168000 drawableType=WINDOW screenPixmap=0 drawable=0xb400007cd98d66b0 geom=2898x1848 box=0,1562-2898,1584 backend=other fn=0x7bd5f2ee24 fn_offset=0x30de24 fbase=0x7bd5c21000 sym=unknown so=/data/app/~~iNwcSjv3C2CZCLwcLxpEtA==/com.termux.x11-1tus8NhfW98goVF914TrYw==/base.apk!/lib/arm64-v8a/libXlorie.so
04-17 08:30:45.603 I/LorieNative(16758): choreographer callbacks in 5.0 seconds = 120.0 FPS
04-17 08:30:45.603 I/LorieNative(16758): redraw wakeups in 5.0 seconds = 120.0 FPS
04-17 08:30:45.603 I/LorieNative(16758): damage-triggered redraws in 5.0 seconds = 26.0 FPS
04-17 08:30:45.603 I/LorieNative(16758): AhbLockTrace: sticky=0 lock_calls=130 unlock_calls=130 sticky_hits=4956 flush_skipped=0 in 5.0s
04-17 08:30:45.603 I/LorieNative(16758): present flip attempts in 5.0 seconds = 0.0 FPS (accepted 0.0, rejected 0.0)
04-17 08:30:45.603 I/LorieNative(16758): present after-flips in 5.0 seconds = 0.0 FPS
04-17 08:30:45.603 I/LorieNative(16758): 130 frames in 5.0 seconds = 26.0 FPS
04-17 08:30:45.618 I/LorieNative(16758): ExaTrace: putImage accel count=170112 drawableType=0 drawableId=0x600037 geom=2898x1848 size=2912x22 format=2 depth=24
04-17 08:30:45.622 I/LorieNative(16758): DamageTraceV2: PutImage count=168064 drawableType=WINDOW screenPixmap=0 drawable=0xb400007cd98d66b0 geom=2898x1848 box=0,1122-2898,1144 backend=other fn=0x7bd5f2ee24 fn_offset=0x30de24 fbase=0x7bd5c21000 sym=unknown so=/data/app/~~iNwcSjv3C2CZCLwcLxpEtA==/com.termux.x11-1tus8NhfW98goVF914TrYw==/base.apk!/lib/arm64-v8a/libXlorie.so
04-17 08:30:45.691 I/LorieNative(16758): DamageTraceV2: PutImage count=168128 drawableType=WINDOW screenPixmap=0 drawable=0xb400007cd98d66b0 geom=2898x1848 box=0,682-2898,704 backend=other fn=0x7bd5f2ee24 fn_offset=0x30de24 fbase=0x7bd5c21000 sym=unknown so=/data/app/~~iNwcSjv3C2CZCLwcLxpEtA==/com.termux.x11-1tus8NhfW98goVF914TrYw==/base.apk!/lib/arm64-v8a/libXlorie.so
04-17 08:30:45.704 I/LorieNative(16758): ExaTrace: putImage accel count=170240 drawableType=0 drawableId=0x600037 geom=2898x1848 size=2912x22 format=2 depth=24
04-17 08:30:45.786 I/LorieNative(16758): DamageTraceV2: PutImage count=168192 drawableType=WINDOW screenPixmap=0 drawable=0xb400007cd98d66b0 geom=2898x1848 box=0,242-2898,264 backend=other fn=0x7bd5f2ee24 fn_offset=0x30de24 fbase=0x7bd5c21000 sym=unknown so=/data/app/~~iNwcSjv3C2CZCLwcLxpEtA==/com.termux.x11-1tus8NhfW98goVF914TrYw==/base.apk!/lib/arm64-v8a/libXlorie.so
04-17 08:30:45.809 I/LorieNative(16758): DamageTraceV2: PutImage count=168256 drawableType=WINDOW screenPixmap=0 drawable=0xb400007cd98d66b0 geom=2898x1848 box=0,1650-2898,1672 backend=other fn=0x7bd5f2ee24 fn_offset=0x30de24 fbase=0x7bd5c21000 sym=unknown so=/data/app/~~iNwcSjv3C2CZCLwcLxpEtA==/com.termux.x11-1tus8NhfW98goVF914TrYw==/base.apk!/lib/arm64-v8a/libXlorie.so
04-17 08:30:45.888 I/LorieNative(16758): ExaTrace: putImage accel count=170368 drawableType=0 drawableId=0x600037 geom=2898x1848 size=2912x22 format=2 depth=24
04-17 08:30:45.893 I/LorieNative(16758): DamageTraceV2: PutImage count=168320 drawableType=WINDOW screenPixmap=0 drawable=0xb400007cd98d66b0 geom=2898x1848 box=0,1210-2898,1232 backend=other fn=0x7bd5f2ee24 fn_offset=0x30de24 fbase=0x7bd5c21000 sym=unknown so=/data/app/~~iNwcSjv3C2CZCLwcLxpEtA==/com.termux.x11-1tus8NhfW98goVF914TrYw==/base.apk!/lib/arm64-v8a/libXlorie.so
04-17 08:30:45.968 I/LorieNative(16758): DamageTraceV2: PutImage count=168384 drawableType=WINDOW screenPixmap=0 drawable=0xb400007cd98d66b0 geom=2898x1848 box=0,770-2898,792 backend=other fn=0x7bd5f2ee24 fn_offset=0x30de24 fbase=0x7bd5c21000 sym=unknown so=/data/app/~~iNwcSjv3C2CZCLwcLxpEtA==/com.termux.x11-1tus8NhfW98goVF914TrYw==/base.apk!/lib/arm64-v8a/libXlorie.so
04-17 08:30:46.050 I/LorieNative(16758): ExaTrace: putImage accel count=170496 drawableType=0 drawableId=0x600037 geom=2898x1848 size=2912x22 format=2 depth=24
04-17 08:30:46.057 I/LorieNative(16758): DamageTraceV2: PutImage count=168448 drawableType=WINDOW screenPixmap=0 drawable=0xb400007cd98d66b0 geom=2898x1848 box=0,330-2898,352 backend=other fn=0x7bd5f2ee24 fn_offset=0x30de24 fbase=0x7bd5c21000 sym=unknown so=/data/app/~~iNwcSjv3C2CZCLwcLxpEtA==/com.termux.x11-1tus8NhfW98goVF914TrYw==/base.apk!/lib/arm64-v8a/libXlorie.so
04-17 08:30:46.083 I/LorieNative(16758): DamageTraceV2: PutImage count=168512 drawableType=WINDOW screenPixmap=0 drawable=0xb400007cd98d66b0 geom=2898x1848 box=0,1738-2898,1760 backend=other fn=0x7bd5f2ee24 fn_offset=0x30de24 fbase=0x7bd5c21000 sym=unknown so=/data/app/~~iNwcSjv3C2CZCLwcLxpEtA==/com.termux.x11-1tus8NhfW98goVF914TrYw==/base.apk!/lib/arm64-v8a/libXlorie.so
04-17 08:30:46.173 I/LorieNative(16758): ExaTrace: putImage accel count=170624 drawableType=0 drawableId=0x600037 geom=2898x1848 size=2912x22 format=2 depth=24
04-17 08:30:46.176 I/LorieNative(16758): DamageTraceV2: PutImage count=168576 drawableType=WINDOW screenPixmap=0 drawable=0xb400007cd98d66b0 geom=2898x1848 box=0,1298-2898,1320 backend=other fn=0x7bd5f2ee24 fn_offset=0x30de24 fbase=0x7bd5c21000 sym=unknown so=/data/app/~~iNwcSjv3C2CZCLwcLxpEtA==/com.termux.x11-1tus8NhfW98goVF914TrYw==/base.apk!/lib/arm64-v8a/libXlorie.so
04-17 08:30:46.259 I/LorieNative(16758): DamageTraceV2: PutImage count=168640 drawableType=WINDOW screenPixmap=0 drawable=0xb400007cd98d66b0 geom=2898x1848 box=0,858-2898,880 backend=other fn=0x7bd5f2ee24 fn_offset=0x30de24 fbase=0x7bd5c21000 sym=unknown so=/data/app/~~iNwcSjv3C2CZCLwcLxpEtA==/com.termux.x11-1tus8NhfW98goVF914TrYw==/base.apk!/lib/arm64-v8a/libXlorie.so
04-17 08:30:46.335 I/LorieNative(16758): ExaTrace: putImage accel count=170752 drawableType=0 drawableId=0x600037 geom=2898x1848 size=2912x22 format=2 depth=24
04-17 08:30:46.337 I/LorieNative(16758): DamageTraceV2: PutImage count=168704 drawableType=WINDOW screenPixmap=0 drawable=0xb400007cd98d66b0 geom=2898x1848 box=0,418-2898,440 backend=other fn=0x7bd5f2ee24 fn_offset=0x30de24 fbase=0x7bd5c21000 sym=unknown so=/data/app/~~iNwcSjv3C2CZCLwcLxpEtA==/com.termux.x11-1tus8NhfW98goVF914TrYw==/base.apk!/lib/arm64-v8a/libXlorie.so
04-17 08:30:46.349 I/LorieNative(16758): DamageTraceV2: PutImage count=168768 drawableType=WINDOW screenPixmap=0 drawable=0xb400007cd98d66b0 geom=2898x1848 box=0,1826-2898,1848 backend=other fn=0x7bd5f2ee24 fn_offset=0x30de24 fbase=0x7bd5c21000 sym=unknown so=/data/app/~~iNwcSjv3C2CZCLwcLxpEtA==/com.termux.x11-1tus8NhfW98goVF914TrYw==/base.apk!/lib/arm64-v8a/libXlorie.so
04-17 08:30:46.417 I/LorieNative(16758): ExaTrace: putImage accel count=170880 drawableType=0 drawableId=0x600037 geom=2898x1848 size=2912x22 format=2 depth=24
04-17 08:30:46.420 I/LorieNative(16758): DamageTraceV2: PutImage count=168832 drawableType=WINDOW screenPixmap=0 drawable=0xb400007cd98d66b0 geom=2898x1848 box=0,1386-2898,1408 backend=other fn=0x7bd5f2ee24 fn_offset=0x30de24 fbase=0x7bd5c21000 sym=unknown so=/data/app/~~iNwcSjv3C2CZCLwcLxpEtA==/com.termux.x11-1tus8NhfW98goVF914TrYw==/base.apk!/lib/arm64-v8a/libXlorie.so
04-17 08:30:46.490 I/LorieNative(16758): DamageTraceV2: PutImage count=168896 drawableType=WINDOW screenPixmap=0 drawable=0xb400007cd98d66b0 geom=2898x1848 box=0,946-2898,968 backend=other fn=0x7bd5f2ee24 fn_offset=0x30de24 fbase=0x7bd5c21000 sym=unknown so=/data/app/~~iNwcSjv3C2CZCLwcLxpEtA==/com.termux.x11-1tus8NhfW98goVF914TrYw==/base.apk!/lib/arm64-v8a/libXlorie.so
04-17 08:30:46.557 I/LorieNative(16758): ExaTrace: putImage accel count=171008 drawableType=0 drawableId=0x600037 geom=2898x1848 size=2912x22 format=2 depth=24
04-17 08:30:46.562 I/LorieNative(16758): DamageTraceV2: PutImage count=168960 drawableType=WINDOW screenPixmap=0 drawable=0xb400007cd98d66b0 geom=2898x1848 box=0,506-2898,528 backend=other fn=0x7bd5f2ee24 fn_offset=0x30de24 fbase=0x7bd5c21000 sym=unknown so=/data/app/~~iNwcSjv3C2CZCLwcLxpEtA==/com.termux.x11-1tus8NhfW98goVF914TrYw==/base.apk!/lib/arm64-v8a/libXlorie.so
04-17 08:30:46.643 I/LorieNative(16758): DamageTraceV2: PutImage count=169024 drawableType=WINDOW screenPixmap=0 drawable=0xb400007cd98d66b0 geom=2898x1848 box=0,66-2898,88 backend=other fn=0x7bd5f2ee24 fn_offset=0x30de24 fbase=0x7bd5c21000 sym=unknown so=/data/app/~~iNwcSjv3C2CZCLwcLxpEtA==/com.termux.x11-1tus8NhfW98goVF914TrYw==/base.apk!/lib/arm64-v8a/libXlorie.so
04-17 08:30:46.653 I/LorieNative(16758): ExaTrace: putImage accel count=171136 drawableType=0 drawableId=0x600037 geom=2898x1848 size=2912x22 format=2 depth=24
04-17 08:30:46.655 I/LorieNative(16758): DamageTraceV2: PutImage count=169088 drawableType=WINDOW screenPixmap=0 drawable=0xb400007cd98d66b0 geom=2898x1848 box=0,1474-2898,1496 backend=other fn=0x7bd5f2ee24 fn_offset=0x30de24 fbase=0x7bd5c21000 sym=unknown so=/data/app/~~iNwcSjv3C2CZCLwcLxpEtA==/com.termux.x11-1tus8NhfW98goVF914TrYw==/base.apk!/lib/arm64-v8a/libXlorie.so
04-17 08:30:46.733 I/LorieNative(16758): DamageTraceV2: PutImage count=169152 drawableType=WINDOW screenPixmap=0 drawable=0xb400007cd98d66b0 geom=2898x1848 box=0,1034-2898,1056 backend=other fn=0x7bd5f2ee24 fn_offset=0x30de24 fbase=0x7bd5c21000 sym=unknown so=/data/app/~~iNwcSjv3C2CZCLwcLxpEtA==/com.termux.x11-1tus8NhfW98goVF914TrYw==/base.apk!/lib/arm64-v8a/libXlorie.so
04-17 08:30:46.830 I/LorieNative(16758): ExaTrace: putImage accel count=171264 drawableType=0 drawableId=0x600037 geom=2898x1848 size=2912x22 format=2 depth=24
04-17 08:30:46.835 I/LorieNative(16758): DamageTraceV2: PutImage count=169216 drawableType=WINDOW screenPixmap=0 drawable=0xb400007cd98d66b0 geom=2898x1848 box=0,594-2898,616 backend=other fn=0x7bd5f2ee24 fn_offset=0x30de24 fbase=0x7bd5c21000 sym=unknown so=/data/app/~~iNwcSjv3C2CZCLwcLxpEtA==/com.termux.x11-1tus8NhfW98goVF914TrYw==/base.apk!/lib/arm64-v8a/libXlorie.so
04-17 08:30:46.915 I/LorieNative(16758): DamageTraceV2: PutImage count=169280 drawableType=WINDOW screenPixmap=0 drawable=0xb400007cd98d66b0 geom=2898x1848 box=0,154-2898,176 backend=other fn=0x7bd5f2ee24 fn_offset=0x30de24 fbase=0x7bd5c21000 sym=unknown so=/data/app/~~iNwcSjv3C2CZCLwcLxpEtA==/com.termux.x11-1tus8NhfW98goVF914TrYw==/base.apk!/lib/arm64-v8a/libXlorie.so
04-17 08:30:46.933 I/LorieNative(16758): ExaTrace: putImage accel count=171392 drawableType=0 drawableId=0x600037 geom=2898x1848 size=2912x22 format=2 depth=24
04-17 08:30:46.935 I/LorieNative(16758): DamageTraceV2: PutImage count=169344 drawableType=WINDOW screenPixmap=0 drawable=0xb400007cd98d66b0 geom=2898x1848 box=0,1562-2898,1584 backend=other fn=0x7bd5f2ee24 fn_offset=0x30de24 fbase=0x7bd5c21000 sym=unknown so=/data/app/~~iNwcSjv3C2CZCLwcLxpEtA==/com.termux.x11-1tus8NhfW98goVF914TrYw==/base.apk!/lib/arm64-v8a/libXlorie.so
04-17 08:30:47.014 I/LorieNative(16758): DamageTraceV2: PutImage count=169408 drawableType=WINDOW screenPixmap=0 drawable=0xb400007cd98d66b0 geom=2898x1848 box=0,1122-2898,1144 backend=other fn=0x7bd5f2ee24 fn_offset=0x30de24 fbase=0x7bd5c21000 sym=unknown so=/data/app/~~iNwcSjv3C2CZCLwcLxpEtA==/com.termux.x11-1tus8NhfW98goVF914TrYw==/base.apk!/lib/arm64-v8a/libXlorie.so
04-17 08:30:47.077 I/LorieNative(16758): ExaTrace: putImage accel count=171520 drawableType=0 drawableId=0x600037 geom=2898x1848 size=2912x22 format=2 depth=24
04-17 08:30:47.079 I/LorieNative(16758): DamageTraceV2: PutImage count=169472 drawableType=WINDOW screenPixmap=0 drawable=0xb400007cd98d66b0 geom=2898x1848 box=0,682-2898,704 backend=other fn=0x7bd5f2ee24 fn_offset=0x30de24 fbase=0x7bd5c21000 sym=unknown so=/data/app/~~iNwcSjv3C2CZCLwcLxpEtA==/com.termux.x11-1tus8NhfW98goVF914TrYw==/base.apk!/lib/arm64-v8a/libXlorie.so
04-17 08:30:47.152 I/LorieNative(16758): DamageTraceV2: PutImage count=169536 drawableType=WINDOW screenPixmap=0 drawable=0xb400007cd98d66b0 geom=2898x1848 box=0,242-2898,264 backend=other fn=0x7bd5f2ee24 fn_offset=0x30de24 fbase=0x7bd5c21000 sym=unknown so=/data/app/~~iNwcSjv3C2CZCLwcLxpEtA==/com.termux.x11-1tus8NhfW98goVF914TrYw==/base.apk!/lib/arm64-v8a/libXlorie.so
04-17 08:30:47.168 I/LorieNative(16758): ExaTrace: putImage accel count=171648 drawableType=0 drawableId=0x600037 geom=2898x1848 size=2912x22 format=2 depth=24
04-17 08:30:47.171 I/LorieNative(16758): DamageTraceV2: PutImage count=169600 drawableType=WINDOW screenPixmap=0 drawable=0xb400007cd98d66b0 geom=2898x1848 box=0,1650-2898,1672 backend=other fn=0x7bd5f2ee24 fn_offset=0x30de24 fbase=0x7bd5c21000 sym=unknown so=/data/app/~~iNwcSjv3C2CZCLwcLxpEtA==/com.termux.x11-1tus8NhfW98goVF914TrYw==/base.apk!/lib/arm64-v8a/libXlorie.so
04-17 08:30:47.251 I/LorieNative(16758): DamageTraceV2: PutImage count=169664 drawableType=WINDOW screenPixmap=0 drawable=0xb400007cd98d66b0 geom=2898x1848 box=0,1210-2898,1232 backend=other fn=0x7bd5f2ee24 fn_offset=0x30de24 fbase=0x7bd5c21000 sym=unknown so=/data/app/~~iNwcSjv3C2CZCLwcLxpEtA==/com.termux.x11-1tus8NhfW98goVF914TrYw==/base.apk!/lib/arm64-v8a/libXlorie.so
04-17 08:30:47.327 I/LorieNative(16758): ExaTrace: putImage accel count=171776 drawableType=0 drawableId=0x600037 geom=2898x1848 size=2912x22 format=2 depth=24
04-17 08:30:47.331 I/LorieNative(16758): DamageTraceV2: PutImage count=169728 drawableType=WINDOW screenPixmap=0 drawable=0xb400007cd98d66b0 geom=2898x1848 box=0,770-2898,792 backend=other fn=0x7bd5f2ee24 fn_offset=0x30de24 fbase=0x7bd5c21000 sym=unknown so=/data/app/~~iNwcSjv3C2CZCLwcLxpEtA==/com.termux.x11-1tus8NhfW98goVF914TrYw==/base.apk!/lib/arm64-v8a/libXlorie.so
04-17 08:30:47.411 I/LorieNative(16758): DamageTraceV2: PutImage count=169792 drawableType=WINDOW screenPixmap=0 drawable=0xb400007cd98d66b0 geom=2898x1848 box=0,330-2898,352 backend=other fn=0x7bd5f2ee24 fn_offset=0x30de24 fbase=0x7bd5c21000 sym=unknown so=/data/app/~~iNwcSjv3C2CZCLwcLxpEtA==/com.termux.x11-1tus8NhfW98goVF914TrYw==/base.apk!/lib/arm64-v8a/libXlorie.so
04-17 08:30:47.436 I/LorieNative(16758): ExaTrace: putImage accel count=171904 drawableType=0 drawableId=0x600037 geom=2898x1848 size=2912x22 format=2 depth=24
04-17 08:30:47.441 I/LorieNative(16758): DamageTraceV2: PutImage count=169856 drawableType=WINDOW screenPixmap=0 drawable=0xb400007cd98d66b0 geom=2898x1848 box=0,1738-2898,1760 backend=other fn=0x7bd5f2ee24 fn_offset=0x30de24 fbase=0x7bd5c21000 sym=unknown so=/data/app/~~iNwcSjv3C2CZCLwcLxpEtA==/com.termux.x11-1tus8NhfW98goVF914TrYw==/base.apk!/lib/arm64-v8a/libXlorie.so
04-17 08:30:47.506 I/LorieNative(16758): DamageTraceV2: PutImage count=169920 drawableType=WINDOW screenPixmap=0 drawable=0xb400007cd98d66b0 geom=2898x1848 box=0,1298-2898,1320 backend=other fn=0x7bd5f2ee24 fn_offset=0x30de24 fbase=0x7bd5c21000 sym=unknown so=/data/app/~~iNwcSjv3C2CZCLwcLxpEtA==/com.termux.x11-1tus8NhfW98goVF914TrYw==/base.apk!/lib/arm64-v8a/libXlorie.so
04-17 08:30:47.584 I/LorieNative(16758): ExaTrace: putImage accel count=172032 drawableType=0 drawableId=0x600037 geom=2898x1848 size=2912x22 format=2 depth=24
04-17 08:30:47.590 I/LorieNative(16758): DamageTraceV2: PutImage count=169984 drawableType=WINDOW screenPixmap=0 drawable=0xb400007cd98d66b0 geom=2898x1848 box=0,858-2898,880 backend=other fn=0x7bd5f2ee24 fn_offset=0x30de24 fbase=0x7bd5c21000 sym=unknown so=/data/app/~~iNwcSjv3C2CZCLwcLxpEtA==/com.termux.x11-1tus8NhfW98goVF914TrYw==/base.apk!/lib/arm64-v8a/libXlorie.so
04-17 08:30:47.683 I/LorieNative(16758): DamageTraceV2: PutImage count=170048 drawableType=WINDOW screenPixmap=0 drawable=0xb400007cd98d66b0 geom=2898x1848 box=0,418-2898,440 backend=other fn=0x7bd5f2ee24 fn_offset=0x30de24 fbase=0x7bd5c21000 sym=unknown so=/data/app/~~iNwcSjv3C2CZCLwcLxpEtA==/com.termux.x11-1tus8NhfW98goVF914TrYw==/base.apk!/lib/arm64-v8a/libXlorie.so
04-17 08:30:47.698 I/LorieNative(16758): ExaTrace: putImage accel count=172160 drawableType=0 drawableId=0x600037 geom=2898x1848 size=2912x22 format=2 depth=24
04-17 08:30:47.703 I/LorieNative(16758): DamageTraceV2: PutImage count=170112 drawableType=WINDOW screenPixmap=0 drawable=0xb400007cd98d66b0 geom=2898x1848 box=0,1826-2898,1848 backend=other fn=0x7bd5f2ee24 fn_offset=0x30de24 fbase=0x7bd5c21000 sym=unknown so=/data/app/~~iNwcSjv3C2CZCLwcLxpEtA==/com.termux.x11-1tus8NhfW98goVF914TrYw==/base.apk!/lib/arm64-v8a/libXlorie.so
04-17 08:30:47.774 I/LorieNative(16758): DamageTraceV2: PutImage count=170176 drawableType=WINDOW screenPixmap=0 drawable=0xb400007cd98d66b0 geom=2898x1848 box=0,1386-2898,1408 backend=other fn=0x7bd5f2ee24 fn_offset=0x30de24 fbase=0x7bd5c21000 sym=unknown so=/data/app/~~iNwcSjv3C2CZCLwcLxpEtA==/com.termux.x11-1tus8NhfW98goVF914TrYw==/base.apk!/lib/arm64-v8a/libXlorie.so
04-17 08:30:47.843 I/LorieNative(16758): ExaTrace: putImage accel count=172288 drawableType=0 drawableId=0x600037 geom=2898x1848 size=2912x22 format=2 depth=24
04-17 08:30:47.847 I/LorieNative(16758): DamageTraceV2: PutImage count=170240 drawableType=WINDOW screenPixmap=0 drawable=0xb400007cd98d66b0 geom=2898x1848 box=0,946-2898,968 backend=other fn=0x7bd5f2ee24 fn_offset=0x30de24 fbase=0x7bd5c21000 sym=unknown so=/data/app/~~iNwcSjv3C2CZCLwcLxpEtA==/com.termux.x11-1tus8NhfW98goVF914TrYw==/base.apk!/lib/arm64-v8a/libXlorie.so
04-17 08:30:47.919 I/LorieNative(16758): DamageTraceV2: PutImage count=170304 drawableType=WINDOW screenPixmap=0 drawable=0xb400007cd98d66b0 geom=2898x1848 box=0,506-2898,528 backend=other fn=0x7bd5f2ee24 fn_offset=0x30de24 fbase=0x7bd5c21000 sym=unknown so=/data/app/~~iNwcSjv3C2CZCLwcLxpEtA==/com.termux.x11-1tus8NhfW98goVF914TrYw==/base.apk!/lib/arm64-v8a/libXlorie.so
04-17 08:30:47.935 I/LorieNative(16758): ExaTrace: putImage accel count=172416 drawableType=0 drawableId=0x600037 geom=2898x1848 size=2912x22 format=2 depth=24
04-17 08:30:47.996 I/LorieNative(16758): DamageTraceV2: PutImage count=170368 drawableType=WINDOW screenPixmap=0 drawable=0xb400007cd98d66b0 geom=2898x1848 box=0,66-2898,88 backend=other fn=0x7bd5f2ee24 fn_offset=0x30de24 fbase=0x7bd5c21000 sym=unknown so=/data/app/~~iNwcSjv3C2CZCLwcLxpEtA==/com.termux.x11-1tus8NhfW98goVF914TrYw==/base.apk!/lib/arm64-v8a/libXlorie.so
04-17 08:30:48.017 I/LorieNative(16758): DamageTraceV2: PutImage count=170432 drawableType=WINDOW screenPixmap=0 drawable=0xb400007cd98d66b0 geom=2898x1848 box=0,1474-2898,1496 backend=other fn=0x7bd5f2ee24 fn_offset=0x30de24 fbase=0x7bd5c21000 sym=unknown so=/data/app/~~iNwcSjv3C2CZCLwcLxpEtA==/com.termux.x11-1tus8NhfW98goVF914TrYw==/base.apk!/lib/arm64-v8a/libXlorie.so
04-17 08:30:48.105 I/LorieNative(16758): ExaTrace: putImage accel count=172544 drawableType=0 drawableId=0x600037 geom=2898x1848 size=2912x22 format=2 depth=24
04-17 08:30:48.110 I/LorieNative(16758): DamageTraceV2: PutImage count=170496 drawableType=WINDOW screenPixmap=0 drawable=0xb400007cd98d66b0 geom=2898x1848 box=0,1034-2898,1056 backend=other fn=0x7bd5f2ee24 fn_offset=0x30de24 fbase=0x7bd5c21000 sym=unknown so=/data/app/~~iNwcSjv3C2CZCLwcLxpEtA==/com.termux.x11-1tus8NhfW98goVF914TrYw==/base.apk!/lib/arm64-v8a/libXlorie.so
04-17 08:30:48.184 I/LorieNative(16758): DamageTraceV2: PutImage count=170560 drawableType=WINDOW screenPixmap=0 drawable=0xb400007cd98d66b0 geom=2898x1848 box=0,594-2898,616 backend=other fn=0x7bd5f2ee24 fn_offset=0x30de24 fbase=0x7bd5c21000 sym=unknown so=/data/app/~~iNwcSjv3C2CZCLwcLxpEtA==/com.termux.x11-1tus8NhfW98goVF914TrYw==/base.apk!/lib/arm64-v8a/libXlorie.so
04-17 08:30:48.197 I/LorieNative(16758): ExaTrace: putImage accel count=172672 drawableType=0 drawableId=0x600037 geom=2898x1848 size=2912x22 format=2 depth=24
04-17 08:30:48.259 I/LorieNative(16758): DamageTraceV2: PutImage count=170624 drawableType=WINDOW screenPixmap=0 drawable=0xb400007cd98d66b0 geom=2898x1848 box=0,154-2898,176 backend=other fn=0x7bd5f2ee24 fn_offset=0x30de24 fbase=0x7bd5c21000 sym=unknown so=/data/app/~~iNwcSjv3C2CZCLwcLxpEtA==/com.termux.x11-1tus8NhfW98goVF914TrYw==/base.apk!/lib/arm64-v8a/libXlorie.so
04-17 08:30:48.283 I/LorieNative(16758): DamageTraceV2: PutImage count=170688 drawableType=WINDOW screenPixmap=0 drawable=0xb400007cd98d66b0 geom=2898x1848 box=0,1562-2898,1584 backend=other fn=0x7bd5f2ee24 fn_offset=0x30de24 fbase=0x7bd5c21000 sym=unknown so=/data/app/~~iNwcSjv3C2CZCLwcLxpEtA==/com.termux.x11-1tus8NhfW98goVF914TrYw==/base.apk!/lib/arm64-v8a/libXlorie.so
04-17 08:30:48.364 I/LorieNative(16758): ExaTrace: putImage accel count=172800 drawableType=0 drawableId=0x600037 geom=2898x1848 size=2912x22 format=2 depth=24
04-17 08:30:48.367 I/LorieNative(16758): DamageTraceV2: PutImage count=170752 drawableType=WINDOW screenPixmap=0 drawable=0xb400007cd98d66b0 geom=2898x1848 box=0,1122-2898,1144 backend=other fn=0x7bd5f2ee24 fn_offset=0x30de24 fbase=0x7bd5c21000 sym=unknown so=/data/app/~~iNwcSjv3C2CZCLwcLxpEtA==/com.termux.x11-1tus8NhfW98goVF914TrYw==/base.apk!/lib/arm64-v8a/libXlorie.so
04-17 08:30:48.441 I/LorieNative(16758): DamageTraceV2: PutImage count=170816 drawableType=WINDOW screenPixmap=0 drawable=0xb400007cd98d66b0 geom=2898x1848 box=0,682-2898,704 backend=other fn=0x7bd5f2ee24 fn_offset=0x30de24 fbase=0x7bd5c21000 sym=unknown so=/data/app/~~iNwcSjv3C2CZCLwcLxpEtA==/com.termux.x11-1tus8NhfW98goVF914TrYw==/base.apk!/lib/arm64-v8a/libXlorie.so
04-17 08:30:48.454 I/LorieNative(16758): ExaTrace: putImage accel count=172928 drawableType=0 drawableId=0x600037 geom=2898x1848 size=2912x22 format=2 depth=24
04-17 08:30:48.533 I/LorieNative(16758): DamageTraceV2: PutImage count=170880 drawableType=WINDOW screenPixmap=0 drawable=0xb400007cd98d66b0 geom=2898x1848 box=0,242-2898,264 backend=other fn=0x7bd5f2ee24 fn_offset=0x30de24 fbase=0x7bd5c21000 sym=unknown so=/data/app/~~iNwcSjv3C2CZCLwcLxpEtA==/com.termux.x11-1tus8NhfW98goVF914TrYw==/base.apk!/lib/arm64-v8a/libXlorie.so
04-17 08:30:48.553 I/LorieNative(16758): DamageTraceV2: PutImage count=170944 drawableType=WINDOW screenPixmap=0 drawable=0xb400007cd98d66b0 geom=2898x1848 box=0,1650-2898,1672 backend=other fn=0x7bd5f2ee24 fn_offset=0x30de24 fbase=0x7bd5c21000 sym=unknown so=/data/app/~~iNwcSjv3C2CZCLwcLxpEtA==/com.termux.x11-1tus8NhfW98goVF914TrYw==/base.apk!/lib/arm64-v8a/libXlorie.so
04-17 08:30:48.621 I/LorieNative(16758): ExaTrace: putImage accel count=173056 drawableType=0 drawableId=0x600037 geom=2898x1848 size=2912x22 format=2 depth=24
04-17 08:30:48.626 I/LorieNative(16758): DamageTraceV2: PutImage count=171008 drawableType=WINDOW screenPixmap=0 drawable=0xb400007cd98d66b0 geom=2898x1848 box=0,1210-2898,1232 backend=other fn=0x7bd5f2ee24 fn_offset=0x30de24 fbase=0x7bd5c21000 sym=unknown so=/data/app/~~iNwcSjv3C2CZCLwcLxpEtA==/com.termux.x11-1tus8NhfW98goVF914TrYw==/base.apk!/lib/arm64-v8a/libXlorie.so
04-17 08:30:48.701 I/LorieNative(16758): DamageTraceV2: PutImage count=171072 drawableType=WINDOW screenPixmap=0 drawable=0xb400007cd98d66b0 geom=2898x1848 box=0,770-2898,792 backend=other fn=0x7bd5f2ee24 fn_offset=0x30de24 fbase=0x7bd5c21000 sym=unknown so=/data/app/~~iNwcSjv3C2CZCLwcLxpEtA==/com.termux.x11-1tus8NhfW98goVF914TrYw==/base.apk!/lib/arm64-v8a/libXlorie.so
04-17 08:30:48.777 I/LorieNative(16758): ExaTrace: putImage accel count=173184 drawableType=0 drawableId=0x600037 geom=2898x1848 size=2912x22 format=2 depth=24
04-17 08:30:48.784 I/LorieNative(16758): DamageTraceV2: PutImage count=171136 drawableType=WINDOW screenPixmap=0 drawable=0xb400007cd98d66b0 geom=2898x1848 box=0,330-2898,352 backend=other fn=0x7bd5f2ee24 fn_offset=0x30de24 fbase=0x7bd5c21000 sym=unknown so=/data/app/~~iNwcSjv3C2CZCLwcLxpEtA==/com.termux.x11-1tus8NhfW98goVF914TrYw==/base.apk!/lib/arm64-v8a/libXlorie.so
04-17 08:30:48.801 I/LorieNative(16758): DamageTraceV2: PutImage count=171200 drawableType=WINDOW screenPixmap=0 drawable=0xb400007cd98d66b0 geom=2898x1848 box=0,1738-2898,1760 backend=other fn=0x7bd5f2ee24 fn_offset=0x30de24 fbase=0x7bd5c21000 sym=unknown so=/data/app/~~iNwcSjv3C2CZCLwcLxpEtA==/com.termux.x11-1tus8NhfW98goVF914TrYw==/base.apk!/lib/arm64-v8a/libXlorie.so
04-17 08:30:48.875 I/LorieNative(16758): ExaTrace: putImage accel count=173312 drawableType=0 drawableId=0x600037 geom=2898x1848 size=2912x22 format=2 depth=24
04-17 08:30:48.878 I/LorieNative(16758): DamageTraceV2: PutImage count=171264 drawableType=WINDOW screenPixmap=0 drawable=0xb400007cd98d66b0 geom=2898x1848 box=0,1298-2898,1320 backend=other fn=0x7bd5f2ee24 fn_offset=0x30de24 fbase=0x7bd5c21000 sym=unknown so=/data/app/~~iNwcSjv3C2CZCLwcLxpEtA==/com.termux.x11-1tus8NhfW98goVF914TrYw==/base.apk!/lib/arm64-v8a/libXlorie.so
04-17 08:30:48.951 I/LorieNative(16758): DamageTraceV2: PutImage count=171328 drawableType=WINDOW screenPixmap=0 drawable=0xb400007cd98d66b0 geom=2898x1848 box=0,858-2898,880 backend=other fn=0x7bd5f2ee24 fn_offset=0x30de24 fbase=0x7bd5c21000 sym=unknown so=/data/app/~~iNwcSjv3C2CZCLwcLxpEtA==/com.termux.x11-1tus8NhfW98goVF914TrYw==/base.apk!/lib/arm64-v8a/libXlorie.so
04-17 08:30:49.026 I/LorieNative(16758): ExaTrace: putImage accel count=173440 drawableType=0 drawableId=0x600037 geom=2898x1848 size=2912x22 format=2 depth=24
04-17 08:30:49.031 I/LorieNative(16758): DamageTraceV2: PutImage count=171392 drawableType=WINDOW screenPixmap=0 drawable=0xb400007cd98d66b0 geom=2898x1848 box=0,418-2898,440 backend=other fn=0x7bd5f2ee24 fn_offset=0x30de24 fbase=0x7bd5c21000 sym=unknown so=/data/app/~~iNwcSjv3C2CZCLwcLxpEtA==/com.termux.x11-1tus8NhfW98goVF914TrYw==/base.apk!/lib/arm64-v8a/libXlorie.so
04-17 08:30:49.049 I/LorieNative(16758): DamageTraceV2: PutImage count=171456 drawableType=WINDOW screenPixmap=0 drawable=0xb400007cd98d66b0 geom=2898x1848 box=0,1826-2898,1848 backend=other fn=0x7bd5f2ee24 fn_offset=0x30de24 fbase=0x7bd5c21000 sym=unknown so=/data/app/~~iNwcSjv3C2CZCLwcLxpEtA==/com.termux.x11-1tus8NhfW98goVF914TrYw==/base.apk!/lib/arm64-v8a/libXlorie.so
04-17 08:30:49.139 I/LorieNative(16758): ExaTrace: putImage accel count=173568 drawableType=0 drawableId=0x600037 geom=2898x1848 size=2912x22 format=2 depth=24
04-17 08:30:49.143 I/LorieNative(16758): DamageTraceV2: PutImage count=171520 drawableType=WINDOW screenPixmap=0 drawable=0xb400007cd98d66b0 geom=2898x1848 box=0,1386-2898,1408 backend=other fn=0x7bd5f2ee24 fn_offset=0x30de24 fbase=0x7bd5c21000 sym=unknown so=/data/app/~~iNwcSjv3C2CZCLwcLxpEtA==/com.termux.x11-1tus8NhfW98goVF914TrYw==/base.apk!/lib/arm64-v8a/libXlorie.so
04-17 08:30:49.233 I/LorieNative(16758): DamageTraceV2: PutImage count=171584 drawableType=WINDOW screenPixmap=0 drawable=0xb400007cd98d66b0 geom=2898x1848 box=0,946-2898,968 backend=other fn=0x7bd5f2ee24 fn_offset=0x30de24 fbase=0x7bd5c21000 sym=unknown so=/data/app/~~iNwcSjv3C2CZCLwcLxpEtA==/com.termux.x11-1tus8NhfW98goVF914TrYw==/base.apk!/lib/arm64-v8a/libXlorie.so
04-17 08:30:49.309 I/LorieNative(16758): ExaTrace: putImage accel count=173696 drawableType=0 drawableId=0x600037 geom=2898x1848 size=2912x22 format=2 depth=24
04-17 08:30:49.313 I/LorieNative(16758): DamageTraceV2: PutImage count=171648 drawableType=WINDOW screenPixmap=0 drawable=0xb400007cd98d66b0 geom=2898x1848 box=0,506-2898,528 backend=other fn=0x7bd5f2ee24 fn_offset=0x30de24 fbase=0x7bd5c21000 sym=unknown so=/data/app/~~iNwcSjv3C2CZCLwcLxpEtA==/com.termux.x11-1tus8NhfW98goVF914TrYw==/base.apk!/lib/arm64-v8a/libXlorie.so
04-17 08:30:49.391 I/LorieNative(16758): DamageTraceV2: PutImage count=171712 drawableType=WINDOW screenPixmap=0 drawable=0xb400007cd98d66b0 geom=2898x1848 box=0,66-2898,88 backend=other fn=0x7bd5f2ee24 fn_offset=0x30de24 fbase=0x7bd5c21000 sym=unknown so=/data/app/~~iNwcSjv3C2CZCLwcLxpEtA==/com.termux.x11-1tus8NhfW98goVF914TrYw==/base.apk!/lib/arm64-v8a/libXlorie.so
04-17 08:30:49.409 I/LorieNative(16758): ExaTrace: putImage accel count=173824 drawableType=0 drawableId=0x600037 geom=2898x1848 size=2912x22 format=2 depth=24
04-17 08:30:49.412 I/LorieNative(16758): DamageTraceV2: PutImage count=171776 drawableType=WINDOW screenPixmap=0 drawable=0xb400007cd98d66b0 geom=2898x1848 box=0,1474-2898,1496 backend=other fn=0x7bd5f2ee24 fn_offset=0x30de24 fbase=0x7bd5c21000 sym=unknown so=/data/app/~~iNwcSjv3C2CZCLwcLxpEtA==/com.termux.x11-1tus8NhfW98goVF914TrYw==/base.apk!/lib/arm64-v8a/libXlorie.so
04-17 08:30:49.478 I/LorieNative(16758): DamageTraceV2: PutImage count=171840 drawableType=WINDOW screenPixmap=0 drawable=0xb400007cd98d66b0 geom=2898x1848 box=0,1034-2898,1056 backend=other fn=0x7bd5f2ee24 fn_offset=0x30de24 fbase=0x7bd5c21000 sym=unknown so=/data/app/~~iNwcSjv3C2CZCLwcLxpEtA==/com.termux.x11-1tus8NhfW98goVF914TrYw==/base.apk!/lib/arm64-v8a/libXlorie.so
04-17 08:30:49.539 I/LorieNative(16758): ExaTrace: putImage accel count=173952 drawableType=0 drawableId=0x600037 geom=2898x1848 size=2912x22 format=2 depth=24
04-17 08:30:49.547 I/LorieNative(16758): DamageTraceV2: PutImage count=171904 drawableType=WINDOW screenPixmap=0 drawable=0xb400007cd98d66b0 geom=2898x1848 box=0,594-2898,616 backend=other fn=0x7bd5f2ee24 fn_offset=0x30de24 fbase=0x7bd5c21000 sym=unknown so=/data/app/~~iNwcSjv3C2CZCLwcLxpEtA==/com.termux.x11-1tus8NhfW98goVF914TrYw==/base.apk!/lib/arm64-v8a/libXlorie.so
04-17 08:30:49.626 I/LorieNative(16758): DamageTraceV2: PutImage count=171968 drawableType=WINDOW screenPixmap=0 drawable=0xb400007cd98d66b0 geom=2898x1848 box=0,154-2898,176 backend=other fn=0x7bd5f2ee24 fn_offset=0x30de24 fbase=0x7bd5c21000 sym=unknown so=/data/app/~~iNwcSjv3C2CZCLwcLxpEtA==/com.termux.x11-1tus8NhfW98goVF914TrYw==/base.apk!/lib/arm64-v8a/libXlorie.so
04-17 08:30:49.640 I/LorieNative(16758): ExaTrace: putImage accel count=174080 drawableType=0 drawableId=0x600037 geom=2898x1848 size=2912x22 format=2 depth=24
04-17 08:30:49.643 I/LorieNative(16758): DamageTraceV2: PutImage count=172032 drawableType=WINDOW screenPixmap=0 drawable=0xb400007cd98d66b0 geom=2898x1848 box=0,1562-2898,1584 backend=other fn=0x7bd5f2ee24 fn_offset=0x30de24 fbase=0x7bd5c21000 sym=unknown so=/data/app/~~iNwcSjv3C2CZCLwcLxpEtA==/com.termux.x11-1tus8NhfW98goVF914TrYw==/base.apk!/lib/arm64-v8a/libXlorie.so
04-17 08:30:49.729 I/LorieNative(16758): DamageTraceV2: PutImage count=172096 drawableType=WINDOW screenPixmap=0 drawable=0xb400007cd98d66b0 geom=2898x1848 box=0,1122-2898,1144 backend=other fn=0x7bd5f2ee24 fn_offset=0x30de24 fbase=0x7bd5c21000 sym=unknown so=/data/app/~~iNwcSjv3C2CZCLwcLxpEtA==/com.termux.x11-1tus8NhfW98goVF914TrYw==/base.apk!/lib/arm64-v8a/libXlorie.so
04-17 08:30:49.793 I/LorieNative(16758): ExaTrace: putImage accel count=174208 drawableType=0 drawableId=0x600037 geom=2898x1848 size=2912x22 format=2 depth=24
04-17 08:30:49.796 I/LorieNative(16758): DamageTraceV2: PutImage count=172160 drawableType=WINDOW screenPixmap=0 drawable=0xb400007cd98d66b0 geom=2898x1848 box=0,682-2898,704 backend=other fn=0x7bd5f2ee24 fn_offset=0x30de24 fbase=0x7bd5c21000 sym=unknown so=/data/app/~~iNwcSjv3C2CZCLwcLxpEtA==/com.termux.x11-1tus8NhfW98goVF914TrYw==/base.apk!/lib/arm64-v8a/libXlorie.so
04-17 08:30:49.868 I/LorieNative(16758): DamageTraceV2: PutImage count=172224 drawableType=WINDOW screenPixmap=0 drawable=0xb400007cd98d66b0 geom=2898x1848 box=0,242-2898,264 backend=other fn=0x7bd5f2ee24 fn_offset=0x30de24 fbase=0x7bd5c21000 sym=unknown so=/data/app/~~iNwcSjv3C2CZCLwcLxpEtA==/com.termux.x11-1tus8NhfW98goVF914TrYw==/base.apk!/lib/arm64-v8a/libXlorie.so
04-17 08:30:49.890 I/LorieNative(16758): ExaTrace: putImage accel count=174336 drawableType=0 drawableId=0x600037 geom=2898x1848 size=2912x22 format=2 depth=24
04-17 08:30:49.898 I/LorieNative(16758): DamageTraceV2: PutImage count=172288 drawableType=WINDOW screenPixmap=0 drawable=0xb400007cd98d66b0 geom=2898x1848 box=0,1650-2898,1672 backend=other fn=0x7bd5f2ee24 fn_offset=0x30de24 fbase=0x7bd5c21000 sym=unknown so=/data/app/~~iNwcSjv3C2CZCLwcLxpEtA==/com.termux.x11-1tus8NhfW98goVF914TrYw==/base.apk!/lib/arm64-v8a/libXlorie.so
04-17 08:30:49.989 I/LorieNative(16758): DamageTraceV2: PutImage count=172352 drawableType=WINDOW screenPixmap=0 drawable=0xb400007cd98d66b0 geom=2898x1848 box=0,1210-2898,1232 backend=other fn=0x7bd5f2ee24 fn_offset=0x30de24 fbase=0x7bd5c21000 sym=unknown so=/data/app/~~iNwcSjv3C2CZCLwcLxpEtA==/com.termux.x11-1tus8NhfW98goVF914TrYw==/base.apk!/lib/arm64-v8a/libXlorie.so
04-17 08:30:50.071 I/LorieNative(16758): ExaTrace: putImage accel count=174464 drawableType=0 drawableId=0x600037 geom=2898x1848 size=2912x22 format=2 depth=24
04-17 08:30:50.075 I/LorieNative(16758): DamageTraceV2: PutImage count=172416 drawableType=WINDOW screenPixmap=0 drawable=0xb400007cd98d66b0 geom=2898x1848 box=0,770-2898,792 backend=other fn=0x7bd5f2ee24 fn_offset=0x30de24 fbase=0x7bd5c21000 sym=unknown so=/data/app/~~iNwcSjv3C2CZCLwcLxpEtA==/com.termux.x11-1tus8NhfW98goVF914TrYw==/base.apk!/lib/arm64-v8a/libXlorie.so
04-17 08:30:50.159 I/LorieNative(16758): DamageTraceV2: PutImage count=172480 drawableType=WINDOW screenPixmap=0 drawable=0xb400007cd98d66b0 geom=2898x1848 box=0,330-2898,352 backend=other fn=0x7bd5f2ee24 fn_offset=0x30de24 fbase=0x7bd5c21000 sym=unknown so=/data/app/~~iNwcSjv3C2CZCLwcLxpEtA==/com.termux.x11-1tus8NhfW98goVF914TrYw==/base.apk!/lib/arm64-v8a/libXlorie.so
04-17 08:30:50.175 I/LorieNative(16758): ExaTrace: putImage accel count=174592 drawableType=0 drawableId=0x600037 geom=2898x1848 size=2912x22 format=2 depth=24
04-17 08:30:50.178 I/LorieNative(16758): DamageTraceV2: PutImage count=172544 drawableType=WINDOW screenPixmap=0 drawable=0xb400007cd98d66b0 geom=2898x1848 box=0,1738-2898,1760 backend=other fn=0x7bd5f2ee24 fn_offset=0x30de24 fbase=0x7bd5c21000 sym=unknown so=/data/app/~~iNwcSjv3C2CZCLwcLxpEtA==/com.termux.x11-1tus8NhfW98goVF914TrYw==/base.apk!/lib/arm64-v8a/libXlorie.so
04-17 08:30:50.273 I/LorieNative(16758): DamageTraceV2: PutImage count=172608 drawableType=WINDOW screenPixmap=0 drawable=0xb400007cd98d66b0 geom=2898x1848 box=0,1298-2898,1320 backend=other fn=0x7bd5f2ee24 fn_offset=0x30de24 fbase=0x7bd5c21000 sym=unknown so=/data/app/~~iNwcSjv3C2CZCLwcLxpEtA==/com.termux.x11-1tus8NhfW98goVF914TrYw==/base.apk!/lib/arm64-v8a/libXlorie.so
04-17 08:30:50.352 I/LorieNative(16758): ExaTrace: putImage accel count=174720 drawableType=0 drawableId=0x600037 geom=2898x1848 size=2912x22 format=2 depth=24
04-17 08:30:50.358 I/LorieNative(16758): DamageTraceV2: PutImage count=172672 drawableType=WINDOW screenPixmap=0 drawable=0xb400007cd98d66b0 geom=2898x1848 box=0,858-2898,880 backend=other fn=0x7bd5f2ee24 fn_offset=0x30de24 fbase=0x7bd5c21000 sym=unknown so=/data/app/~~iNwcSjv3C2CZCLwcLxpEtA==/com.termux.x11-1tus8NhfW98goVF914TrYw==/base.apk!/lib/arm64-v8a/libXlorie.so
04-17 08:30:50.427 I/LorieNative(16758): DamageTraceV2: PutImage count=172736 drawableType=WINDOW screenPixmap=0 drawable=0xb400007cd98d66b0 geom=2898x1848 box=0,418-2898,440 backend=other fn=0x7bd5f2ee24 fn_offset=0x30de24 fbase=0x7bd5c21000 sym=unknown so=/data/app/~~iNwcSjv3C2CZCLwcLxpEtA==/com.termux.x11-1tus8NhfW98goVF914TrYw==/base.apk!/lib/arm64-v8a/libXlorie.so
04-17 08:30:50.441 I/LorieNative(16758): ExaTrace: putImage accel count=174848 drawableType=0 drawableId=0x600037 geom=2898x1848 size=2912x22 format=2 depth=24
04-17 08:30:50.444 I/LorieNative(16758): DamageTraceV2: PutImage count=172800 drawableType=WINDOW screenPixmap=0 drawable=0xb400007cd98d66b0 geom=2898x1848 box=0,1826-2898,1848 backend=other fn=0x7bd5f2ee24 fn_offset=0x30de24 fbase=0x7bd5c21000 sym=unknown so=/data/app/~~iNwcSjv3C2CZCLwcLxpEtA==/com.termux.x11-1tus8NhfW98goVF914TrYw==/base.apk!/lib/arm64-v8a/libXlorie.so
04-17 08:30:50.520 I/LorieNative(16758): DamageTraceV2: PutImage count=172864 drawableType=WINDOW screenPixmap=0 drawable=0xb400007cd98d66b0 geom=2898x1848 box=0,1386-2898,1408 backend=other fn=0x7bd5f2ee24 fn_offset=0x30de24 fbase=0x7bd5c21000 sym=unknown so=/data/app/~~iNwcSjv3C2CZCLwcLxpEtA==/com.termux.x11-1tus8NhfW98goVF914TrYw==/base.apk!/lib/arm64-v8a/libXlorie.so
04-17 08:30:50.593 I/LorieNative(16758): ExaTrace: putImage accel count=174976 drawableType=0 drawableId=0x600037 geom=2898x1848 size=2912x22 format=2 depth=24
04-17 08:30:50.599 I/LorieNative(16758): DamageTraceV2: PutImage count=172928 drawableType=WINDOW screenPixmap=0 drawable=0xb400007cd98d66b0 geom=2898x1848 box=0,946-2898,968 backend=other fn=0x7bd5f2ee24 fn_offset=0x30de24 fbase=0x7bd5c21000 sym=unknown so=/data/app/~~iNwcSjv3C2CZCLwcLxpEtA==/com.termux.x11-1tus8NhfW98goVF914TrYw==/base.apk!/lib/arm64-v8a/libXlorie.so
04-17 08:30:50.610 I/LorieNative(16758): choreographer callbacks in 5.0 seconds = 120.2 FPS
04-17 08:30:50.611 I/LorieNative(16758): redraw wakeups in 5.0 seconds = 120.2 FPS
04-17 08:30:50.611 I/LorieNative(16758): damage-triggered redraws in 5.0 seconds = 25.2 FPS
04-17 08:30:50.611 I/LorieNative(16758): AhbLockTrace: sticky=0 lock_calls=126 unlock_calls=126 sticky_hits=4956 flush_skipped=0 in 5.0s
04-17 08:30:50.611 I/LorieNative(16758): present flip attempts in 5.0 seconds = 0.0 FPS (accepted 0.0, rejected 0.0)
04-17 08:30:50.611 I/LorieNative(16758): present after-flips in 5.0 seconds = 0.0 FPS
04-17 08:30:50.611 I/LorieNative(16758): 125 frames in 5.0 seconds = 25.0 FPS
04-17 08:30:50.670 I/LorieNative(16758): DamageTraceV2: PutImage count=172992 drawableType=WINDOW screenPixmap=0 drawable=0xb400007cd98d66b0 geom=2898x1848 box=0,506-2898,528 backend=other fn=0x7bd5f2ee24 fn_offset=0x30de24 fbase=0x7bd5c21000 sym=unknown so=/data/app/~~iNwcSjv3C2CZCLwcLxpEtA==/com.termux.x11-1tus8NhfW98goVF914TrYw==/base.apk!/lib/arm64-v8a/libXlorie.so
04-17 08:30:50.682 I/LorieNative(16758): ExaTrace: putImage accel count=175104 drawableType=0 drawableId=0x600037 geom=2898x1848 size=2912x22 format=2 depth=24
04-17 08:30:50.740 I/LorieNative(16758): DamageTraceV2: PutImage count=173056 drawableType=WINDOW screenPixmap=0 drawable=0xb400007cd98d66b0 geom=2898x1848 box=0,66-2898,88 backend=other fn=0x7bd5f2ee24 fn_offset=0x30de24 fbase=0x7bd5c21000 sym=unknown so=/data/app/~~iNwcSjv3C2CZCLwcLxpEtA==/com.termux.x11-1tus8NhfW98goVF914TrYw==/base.apk!/lib/arm64-v8a/libXlorie.so
04-17 08:30:50.758 I/LorieNative(16758): DamageTraceV2: PutImage count=173120 drawableType=WINDOW screenPixmap=0 drawable=0xb400007cd98d66b0 geom=2898x1848 box=0,1474-2898,1496 backend=other fn=0x7bd5f2ee24 fn_offset=0x30de24 fbase=0x7bd5c21000 sym=unknown so=/data/app/~~iNwcSjv3C2CZCLwcLxpEtA==/com.termux.x11-1tus8NhfW98goVF914TrYw==/base.apk!/lib/arm64-v8a/libXlorie.so
04-17 08:30:50.827 I/LorieNative(16758): ExaTrace: putImage accel count=175232 drawableType=0 drawableId=0x600037 geom=2898x1848 size=2912x22 format=2 depth=24
04-17 08:30:50.832 I/LorieNative(16758): DamageTraceV2: PutImage count=173184 drawableType=WINDOW screenPixmap=0 drawable=0xb400007cd98d66b0 geom=2898x1848 box=0,1034-2898,1056 backend=other fn=0x7bd5f2ee24 fn_offset=0x30de24 fbase=0x7bd5c21000 sym=unknown so=/data/app/~~iNwcSjv3C2CZCLwcLxpEtA==/com.termux.x11-1tus8NhfW98goVF914TrYw==/base.apk!/lib/arm64-v8a/libXlorie.so
04-17 08:30:50.913 I/LorieNative(16758): DamageTraceV2: PutImage count=173248 drawableType=WINDOW screenPixmap=0 drawable=0xb400007cd98d66b0 geom=2898x1848 box=0,594-2898,616 backend=other fn=0x7bd5f2ee24 fn_offset=0x30de24 fbase=0x7bd5c21000 sym=unknown so=/data/app/~~iNwcSjv3C2CZCLwcLxpEtA==/com.termux.x11-1tus8NhfW98goVF914TrYw==/base.apk!/lib/arm64-v8a/libXlorie.so
04-17 08:30:50.923 I/LorieNative(16758): ExaTrace: putImage accel count=175360 drawableType=0 drawableId=0x600037 geom=2898x1848 size=2912x22 format=2 depth=24
04-17 08:30:50.985 I/LorieNative(16758): DamageTraceV2: PutImage count=173312 drawableType=WINDOW screenPixmap=0 drawable=0xb400007cd98d66b0 geom=2898x1848 box=0,154-2898,176 backend=other fn=0x7bd5f2ee24 fn_offset=0x30de24 fbase=0x7bd5c21000 sym=unknown so=/data/app/~~iNwcSjv3C2CZCLwcLxpEtA==/com.termux.x11-1tus8NhfW98goVF914TrYw==/base.apk!/lib/arm64-v8a/libXlorie.so
04-17 08:30:51.006 I/LorieNative(16758): DamageTraceV2: PutImage count=173376 drawableType=WINDOW screenPixmap=0 drawable=0xb400007cd98d66b0 geom=2898x1848 box=0,1562-2898,1584 backend=other fn=0x7bd5f2ee24 fn_offset=0x30de24 fbase=0x7bd5c21000 sym=unknown so=/data/app/~~iNwcSjv3C2CZCLwcLxpEtA==/com.termux.x11-1tus8NhfW98goVF914TrYw==/base.apk!/lib/arm64-v8a/libXlorie.so
04-17 08:30:51.076 I/LorieNative(16758): ExaTrace: putImage accel count=175488 drawableType=0 drawableId=0x600037 geom=2898x1848 size=2912x22 format=2 depth=24
04-17 08:30:51.082 I/LorieNative(16758): DamageTraceV2: PutImage count=173440 drawableType=WINDOW screenPixmap=0 drawable=0xb400007cd98d66b0 geom=2898x1848 box=0,1122-2898,1144 backend=other fn=0x7bd5f2ee24 fn_offset=0x30de24 fbase=0x7bd5c21000 sym=unknown so=/data/app/~~iNwcSjv3C2CZCLwcLxpEtA==/com.termux.x11-1tus8NhfW98goVF914TrYw==/base.apk!/lib/arm64-v8a/libXlorie.so
04-17 08:30:51.154 I/LorieNative(16758): DamageTraceV2: PutImage count=173504 drawableType=WINDOW screenPixmap=0 drawable=0xb400007cd98d66b0 geom=2898x1848 box=0,682-2898,704 backend=other fn=0x7bd5f2ee24 fn_offset=0x30de24 fbase=0x7bd5c21000 sym=unknown so=/data/app/~~iNwcSjv3C2CZCLwcLxpEtA==/com.termux.x11-1tus8NhfW98goVF914TrYw==/base.apk!/lib/arm64-v8a/libXlorie.so
04-17 08:30:51.167 I/LorieNative(16758): ExaTrace: putImage accel count=175616 drawableType=0 drawableId=0x600037 geom=2898x1848 size=2912x22 format=2 depth=24
04-17 08:30:51.228 I/LorieNative(16758): DamageTraceV2: PutImage count=173568 drawableType=WINDOW screenPixmap=0 drawable=0xb400007cd98d66b0 geom=2898x1848 box=0,242-2898,264 backend=other fn=0x7bd5f2ee24 fn_offset=0x30de24 fbase=0x7bd5c21000 sym=unknown so=/data/app/~~iNwcSjv3C2CZCLwcLxpEtA==/com.termux.x11-1tus8NhfW98goVF914TrYw==/base.apk!/lib/arm64-v8a/libXlorie.so
04-17 08:30:51.245 I/LorieNative(16758): DamageTraceV2: PutImage count=173632 drawableType=WINDOW screenPixmap=0 drawable=0xb400007cd98d66b0 geom=2898x1848 box=0,1650-2898,1672 backend=other fn=0x7bd5f2ee24 fn_offset=0x30de24 fbase=0x7bd5c21000 sym=unknown so=/data/app/~~iNwcSjv3C2CZCLwcLxpEtA==/com.termux.x11-1tus8NhfW98goVF914TrYw==/base.apk!/lib/arm64-v8a/libXlorie.so
04-17 08:30:51.318 I/LorieNative(16758): ExaTrace: putImage accel count=175744 drawableType=0 drawableId=0x600037 geom=2898x1848 size=2912x22 format=2 depth=24
04-17 08:30:51.323 I/LorieNative(16758): DamageTraceV2: PutImage count=173696 drawableType=WINDOW screenPixmap=0 drawable=0xb400007cd98d66b0 geom=2898x1848 box=0,1210-2898,1232 backend=other fn=0x7bd5f2ee24 fn_offset=0x30de24 fbase=0x7bd5c21000 sym=unknown so=/data/app/~~iNwcSjv3C2CZCLwcLxpEtA==/com.termux.x11-1tus8NhfW98goVF914TrYw==/base.apk!/lib/arm64-v8a/libXlorie.so
04-17 08:30:51.414 I/LorieNative(16758): DamageTraceV2: PutImage count=173760 drawableType=WINDOW screenPixmap=0 drawable=0xb400007cd98d66b0 geom=2898x1848 box=0,770-2898,792 backend=other fn=0x7bd5f2ee24 fn_offset=0x30de24 fbase=0x7bd5c21000 sym=unknown so=/data/app/~~iNwcSjv3C2CZCLwcLxpEtA==/com.termux.x11-1tus8NhfW98goVF914TrYw==/base.apk!/lib/arm64-v8a/libXlorie.so
04-17 08:30:51.484 I/LorieNative(16758): ExaTrace: putImage accel count=175872 drawableType=0 drawableId=0x600037 geom=2898x1848 size=2912x22 format=2 depth=24
04-17 08:30:51.490 I/LorieNative(16758): DamageTraceV2: PutImage count=173824 drawableType=WINDOW screenPixmap=0 drawable=0xb400007cd98d66b0 geom=2898x1848 box=0,330-2898,352 backend=other fn=0x7bd5f2ee24 fn_offset=0x30de24 fbase=0x7bd5c21000 sym=unknown so=/data/app/~~iNwcSjv3C2CZCLwcLxpEtA==/com.termux.x11-1tus8NhfW98goVF914TrYw==/base.apk!/lib/arm64-v8a/libXlorie.so
04-17 08:30:51.510 I/LorieNative(16758): DamageTraceV2: PutImage count=173888 drawableType=WINDOW screenPixmap=0 drawable=0xb400007cd98d66b0 geom=2898x1848 box=0,1738-2898,1760 backend=other fn=0x7bd5f2ee24 fn_offset=0x30de24 fbase=0x7bd5c21000 sym=unknown so=/data/app/~~iNwcSjv3C2CZCLwcLxpEtA==/com.termux.x11-1tus8NhfW98goVF914TrYw==/base.apk!/lib/arm64-v8a/libXlorie.so
04-17 08:30:51.583 I/LorieNative(16758): ExaTrace: putImage accel count=176000 drawableType=0 drawableId=0x600037 geom=2898x1848 size=2912x22 format=2 depth=24
04-17 08:30:51.587 I/LorieNative(16758): DamageTraceV2: PutImage count=173952 drawableType=WINDOW screenPixmap=0 drawable=0xb400007cd98d66b0 geom=2898x1848 box=0,1298-2898,1320 backend=other fn=0x7bd5f2ee24 fn_offset=0x30de24 fbase=0x7bd5c21000 sym=unknown so=/data/app/~~iNwcSjv3C2CZCLwcLxpEtA==/com.termux.x11-1tus8NhfW98goVF914TrYw==/base.apk!/lib/arm64-v8a/libXlorie.so
04-17 08:30:51.659 I/LorieNative(16758): DamageTraceV2: PutImage count=174016 drawableType=WINDOW screenPixmap=0 drawable=0xb400007cd98d66b0 geom=2898x1848 box=0,858-2898,880 backend=other fn=0x7bd5f2ee24 fn_offset=0x30de24 fbase=0x7bd5c21000 sym=unknown so=/data/app/~~iNwcSjv3C2CZCLwcLxpEtA==/com.termux.x11-1tus8NhfW98goVF914TrYw==/base.apk!/lib/arm64-v8a/libXlorie.so
04-17 08:30:51.728 I/LorieNative(16758): ExaTrace: putImage accel count=176128 drawableType=0 drawableId=0x600037 geom=2898x1848 size=2912x22 format=2 depth=24
04-17 08:30:51.734 I/LorieNative(16758): DamageTraceV2: PutImage count=174080 drawableType=WINDOW screenPixmap=0 drawable=0xb400007cd98d66b0 geom=2898x1848 box=0,418-2898,440 backend=other fn=0x7bd5f2ee24 fn_offset=0x30de24 fbase=0x7bd5c21000 sym=unknown so=/data/app/~~iNwcSjv3C2CZCLwcLxpEtA==/com.termux.x11-1tus8NhfW98goVF914TrYw==/base.apk!/lib/arm64-v8a/libXlorie.so
04-17 08:30:51.753 I/LorieNative(16758): DamageTraceV2: PutImage count=174144 drawableType=WINDOW screenPixmap=0 drawable=0xb400007cd98d66b0 geom=2898x1848 box=0,1826-2898,1848 backend=other fn=0x7bd5f2ee24 fn_offset=0x30de24 fbase=0x7bd5c21000 sym=unknown so=/data/app/~~iNwcSjv3C2CZCLwcLxpEtA==/com.termux.x11-1tus8NhfW98goVF914TrYw==/base.apk!/lib/arm64-v8a/libXlorie.so
04-17 08:30:51.822 I/LorieNative(16758): ExaTrace: putImage accel count=176256 drawableType=0 drawableId=0x600037 geom=2898x1848 size=2912x22 format=2 depth=24
04-17 08:30:51.824 I/LorieNative(16758): DamageTraceV2: PutImage count=174208 drawableType=WINDOW screenPixmap=0 drawable=0xb400007cd98d66b0 geom=2898x1848 box=0,1386-2898,1408 backend=other fn=0x7bd5f2ee24 fn_offset=0x30de24 fbase=0x7bd5c21000 sym=unknown so=/data/app/~~iNwcSjv3C2CZCLwcLxpEtA==/com.termux.x11-1tus8NhfW98goVF914TrYw==/base.apk!/lib/arm64-v8a/libXlorie.so
04-17 08:30:51.905 I/LorieNative(16758): DamageTraceV2: PutImage count=174272 drawableType=WINDOW screenPixmap=0 drawable=0xb400007cd98d66b0 geom=2898x1848 box=0,946-2898,968 backend=other fn=0x7bd5f2ee24 fn_offset=0x30de24 fbase=0x7bd5c21000 sym=unknown so=/data/app/~~iNwcSjv3C2CZCLwcLxpEtA==/com.termux.x11-1tus8NhfW98goVF914TrYw==/base.apk!/lib/arm64-v8a/libXlorie.so
04-17 08:30:51.979 I/LorieNative(16758): ExaTrace: putImage accel count=176384 drawableType=0 drawableId=0x600037 geom=2898x1848 size=2912x22 format=2 depth=24
04-17 08:30:51.984 I/LorieNative(16758): DamageTraceV2: PutImage count=174336 drawableType=WINDOW screenPixmap=0 drawable=0xb400007cd98d66b0 geom=2898x1848 box=0,506-2898,528 backend=other fn=0x7bd5f2ee24 fn_offset=0x30de24 fbase=0x7bd5c21000 sym=unknown so=/data/app/~~iNwcSjv3C2CZCLwcLxpEtA==/com.termux.x11-1tus8NhfW98goVF914TrYw==/base.apk!/lib/arm64-v8a/libXlorie.so
04-17 08:30:52.059 I/LorieNative(16758): DamageTraceV2: PutImage count=174400 drawableType=WINDOW screenPixmap=0 drawable=0xb400007cd98d66b0 geom=2898x1848 box=0,66-2898,88 backend=other fn=0x7bd5f2ee24 fn_offset=0x30de24 fbase=0x7bd5c21000 sym=unknown so=/data/app/~~iNwcSjv3C2CZCLwcLxpEtA==/com.termux.x11-1tus8NhfW98goVF914TrYw==/base.apk!/lib/arm64-v8a/libXlorie.so
04-17 08:30:52.082 I/LorieNative(16758): ExaTrace: putImage accel count=176512 drawableType=0 drawableId=0x600037 geom=2898x1848 size=2912x22 format=2 depth=24
04-17 08:30:52.087 I/LorieNative(16758): DamageTraceV2: PutImage count=174464 drawableType=WINDOW screenPixmap=0 drawable=0xb400007cd98d66b0 geom=2898x1848 box=0,1474-2898,1496 backend=other fn=0x7bd5f2ee24 fn_offset=0x30de24 fbase=0x7bd5c21000 sym=unknown so=/data/app/~~iNwcSjv3C2CZCLwcLxpEtA==/com.termux.x11-1tus8NhfW98goVF914TrYw==/base.apk!/lib/arm64-v8a/libXlorie.so
04-17 08:30:52.177 I/LorieNative(16758): DamageTraceV2: PutImage count=174528 drawableType=WINDOW screenPixmap=0 drawable=0xb400007cd98d66b0 geom=2898x1848 box=0,1034-2898,1056 backend=other fn=0x7bd5f2ee24 fn_offset=0x30de24 fbase=0x7bd5c21000 sym=unknown so=/data/app/~~iNwcSjv3C2CZCLwcLxpEtA==/com.termux.x11-1tus8NhfW98goVF914TrYw==/base.apk!/lib/arm64-v8a/libXlorie.so
04-17 08:30:52.247 I/LorieNative(16758): ExaTrace: putImage accel count=176640 drawableType=0 drawableId=0x600037 geom=2898x1848 size=2912x22 format=2 depth=24
04-17 08:30:52.256 I/LorieNative(16758): DamageTraceV2: PutImage count=174592 drawableType=WINDOW screenPixmap=0 drawable=0xb400007cd98d66b0 geom=2898x1848 box=0,594-2898,616 backend=other fn=0x7bd5f2ee24 fn_offset=0x30de24 fbase=0x7bd5c21000 sym=unknown so=/data/app/~~iNwcSjv3C2CZCLwcLxpEtA==/com.termux.x11-1tus8NhfW98goVF914TrYw==/base.apk!/lib/arm64-v8a/libXlorie.so
04-17 08:30:52.340 I/LorieNative(16758): DamageTraceV2: PutImage count=174656 drawableType=WINDOW screenPixmap=0 drawable=0xb400007cd98d66b0 geom=2898x1848 box=0,154-2898,176 backend=other fn=0x7bd5f2ee24 fn_offset=0x30de24 fbase=0x7bd5c21000 sym=unknown so=/data/app/~~iNwcSjv3C2CZCLwcLxpEtA==/com.termux.x11-1tus8NhfW98goVF914TrYw==/base.apk!/lib/arm64-v8a/libXlorie.so
04-17 08:30:52.358 I/LorieNative(16758): ExaTrace: putImage accel count=176768 drawableType=0 drawableId=0x600037 geom=2898x1848 size=2912x22 format=2 depth=24
04-17 08:30:52.362 I/LorieNative(16758): DamageTraceV2: PutImage count=174720 drawableType=WINDOW screenPixmap=0 drawable=0xb400007cd98d66b0 geom=2898x1848 box=0,1562-2898,1584 backend=other fn=0x7bd5f2ee24 fn_offset=0x30de24 fbase=0x7bd5c21000 sym=unknown so=/data/app/~~iNwcSjv3C2CZCLwcLxpEtA==/com.termux.x11-1tus8NhfW98goVF914TrYw==/base.apk!/lib/arm64-v8a/libXlorie.so
04-17 08:30:52.450 I/LorieNative(16758): DamageTraceV2: PutImage count=174784 drawableType=WINDOW screenPixmap=0 drawable=0xb400007cd98d66b0 geom=2898x1848 box=0,1122-2898,1144 backend=other fn=0x7bd5f2ee24 fn_offset=0x30de24 fbase=0x7bd5c21000 sym=unknown so=/data/app/~~iNwcSjv3C2CZCLwcLxpEtA==/com.termux.x11-1tus8NhfW98goVF914TrYw==/base.apk!/lib/arm64-v8a/libXlorie.so
04-17 08:30:52.533 I/LorieNative(16758): ExaTrace: putImage accel count=176896 drawableType=0 drawableId=0x600037 geom=2898x1848 size=2912x22 format=2 depth=24
04-17 08:30:52.539 I/LorieNative(16758): DamageTraceV2: PutImage count=174848 drawableType=WINDOW screenPixmap=0 drawable=0xb400007cd98d66b0 geom=2898x1848 box=0,682-2898,704 backend=other fn=0x7bd5f2ee24 fn_offset=0x30de24 fbase=0x7bd5c21000 sym=unknown so=/data/app/~~iNwcSjv3C2CZCLwcLxpEtA==/com.termux.x11-1tus8NhfW98goVF914TrYw==/base.apk!/lib/arm64-v8a/libXlorie.so
04-17 08:30:52.620 I/LorieNative(16758): DamageTraceV2: PutImage count=174912 drawableType=WINDOW screenPixmap=0 drawable=0xb400007cd98d66b0 geom=2898x1848 box=0,242-2898,264 backend=other fn=0x7bd5f2ee24 fn_offset=0x30de24 fbase=0x7bd5c21000 sym=unknown so=/data/app/~~iNwcSjv3C2CZCLwcLxpEtA==/com.termux.x11-1tus8NhfW98goVF914TrYw==/base.apk!/lib/arm64-v8a/libXlorie.so
04-17 08:30:52.630 I/LorieNative(16758): ExaTrace: putImage accel count=177024 drawableType=0 drawableId=0x600037 geom=2898x1848 size=2912x22 format=2 depth=24
04-17 08:30:52.632 I/LorieNative(16758): DamageTraceV2: PutImage count=174976 drawableType=WINDOW screenPixmap=0 drawable=0xb400007cd98d66b0 geom=2898x1848 box=0,1650-2898,1672 backend=other fn=0x7bd5f2ee24 fn_offset=0x30de24 fbase=0x7bd5c21000 sym=unknown so=/data/app/~~iNwcSjv3C2CZCLwcLxpEtA==/com.termux.x11-1tus8NhfW98goVF914TrYw==/base.apk!/lib/arm64-v8a/libXlorie.so
04-17 08:30:52.701 I/LorieNative(16758): DamageTraceV2: PutImage count=175040 drawableType=WINDOW screenPixmap=0 drawable=0xb400007cd98d66b0 geom=2898x1848 box=0,1210-2898,1232 backend=other fn=0x7bd5f2ee24 fn_offset=0x30de24 fbase=0x7bd5c21000 sym=unknown so=/data/app/~~iNwcSjv3C2CZCLwcLxpEtA==/com.termux.x11-1tus8NhfW98goVF914TrYw==/base.apk!/lib/arm64-v8a/libXlorie.so
04-17 08:30:52.761 I/LorieNative(16758): ExaTrace: putImage accel count=177152 drawableType=0 drawableId=0x600037 geom=2898x1848 size=2912x22 format=2 depth=24
04-17 08:30:52.764 I/LorieNative(16758): DamageTraceV2: PutImage count=175104 drawableType=WINDOW screenPixmap=0 drawable=0xb400007cd98d66b0 geom=2898x1848 box=0,770-2898,792 backend=other fn=0x7bd5f2ee24 fn_offset=0x30de24 fbase=0x7bd5c21000 sym=unknown so=/data/app/~~iNwcSjv3C2CZCLwcLxpEtA==/com.termux.x11-1tus8NhfW98goVF914TrYw==/base.apk!/lib/arm64-v8a/libXlorie.so
04-17 08:30:52.843 I/LorieNative(16758): DamageTraceV2: PutImage count=175168 drawableType=WINDOW screenPixmap=0 drawable=0xb400007cd98d66b0 geom=2898x1848 box=0,330-2898,352 backend=other fn=0x7bd5f2ee24 fn_offset=0x30de24 fbase=0x7bd5c21000 sym=unknown so=/data/app/~~iNwcSjv3C2CZCLwcLxpEtA==/com.termux.x11-1tus8NhfW98goVF914TrYw==/base.apk!/lib/arm64-v8a/libXlorie.so
04-17 08:30:52.859 I/LorieNative(16758): ExaTrace: putImage accel count=177280 drawableType=0 drawableId=0x600037 geom=2898x1848 size=2912x22 format=2 depth=24
04-17 08:30:52.863 I/LorieNative(16758): DamageTraceV2: PutImage count=175232 drawableType=WINDOW screenPixmap=0 drawable=0xb400007cd98d66b0 geom=2898x1848 box=0,1738-2898,1760 backend=other fn=0x7bd5f2ee24 fn_offset=0x30de24 fbase=0x7bd5c21000 sym=unknown so=/data/app/~~iNwcSjv3C2CZCLwcLxpEtA==/com.termux.x11-1tus8NhfW98goVF914TrYw==/base.apk!/lib/arm64-v8a/libXlorie.so
04-17 08:30:52.944 I/LorieNative(16758): DamageTraceV2: PutImage count=175296 drawableType=WINDOW screenPixmap=0 drawable=0xb400007cd98d66b0 geom=2898x1848 box=0,1298-2898,1320 backend=other fn=0x7bd5f2ee24 fn_offset=0x30de24 fbase=0x7bd5c21000 sym=unknown so=/data/app/~~iNwcSjv3C2CZCLwcLxpEtA==/com.termux.x11-1tus8NhfW98goVF914TrYw==/base.apk!/lib/arm64-v8a/libXlorie.so
04-17 08:30:53.028 I/LorieNative(16758): ExaTrace: putImage accel count=177408 drawableType=0 drawableId=0x600037 geom=2898x1848 size=2912x22 format=2 depth=24
04-17 08:30:53.034 I/LorieNative(16758): DamageTraceV2: PutImage count=175360 drawableType=WINDOW screenPixmap=0 drawable=0xb400007cd98d66b0 geom=2898x1848 box=0,858-2898,880 backend=other fn=0x7bd5f2ee24 fn_offset=0x30de24 fbase=0x7bd5c21000 sym=unknown so=/data/app/~~iNwcSjv3C2CZCLwcLxpEtA==/com.termux.x11-1tus8NhfW98goVF914TrYw==/base.apk!/lib/arm64-v8a/libXlorie.so
04-17 08:30:53.115 I/LorieNative(16758): DamageTraceV2: PutImage count=175424 drawableType=WINDOW screenPixmap=0 drawable=0xb400007cd98d66b0 geom=2898x1848 box=0,418-2898,440 backend=other fn=0x7bd5f2ee24 fn_offset=0x30de24 fbase=0x7bd5c21000 sym=unknown so=/data/app/~~iNwcSjv3C2CZCLwcLxpEtA==/com.termux.x11-1tus8NhfW98goVF914TrYw==/base.apk!/lib/arm64-v8a/libXlorie.so
04-17 08:30:53.130 I/LorieNative(16758): ExaTrace: putImage accel count=177536 drawableType=0 drawableId=0x600037 geom=2898x1848 size=2912x22 format=2 depth=24
04-17 08:30:53.132 I/LorieNative(16758): DamageTraceV2: PutImage count=175488 drawableType=WINDOW screenPixmap=0 drawable=0xb400007cd98d66b0 geom=2898x1848 box=0,1826-2898,1848 backend=other fn=0x7bd5f2ee24 fn_offset=0x30de24 fbase=0x7bd5c21000 sym=unknown so=/data/app/~~iNwcSjv3C2CZCLwcLxpEtA==/com.termux.x11-1tus8NhfW98goVF914TrYw==/base.apk!/lib/arm64-v8a/libXlorie.so
04-17 08:30:53.234 I/LorieNative(16758): DamageTraceV2: PutImage count=175552 drawableType=WINDOW screenPixmap=0 drawable=0xb400007cd98d66b0 geom=2898x1848 box=0,1386-2898,1408 backend=other fn=0x7bd5f2ee24 fn_offset=0x30de24 fbase=0x7bd5c21000 sym=unknown so=/data/app/~~iNwcSjv3C2CZCLwcLxpEtA==/com.termux.x11-1tus8NhfW98goVF914TrYw==/base.apk!/lib/arm64-v8a/libXlorie.so
04-17 08:30:53.308 I/LorieNative(16758): ExaTrace: putImage accel count=177664 drawableType=0 drawableId=0x600037 geom=2898x1848 size=2912x22 format=2 depth=24
04-17 08:30:53.312 I/LorieNative(16758): DamageTraceV2: PutImage count=175616 drawableType=WINDOW screenPixmap=0 drawable=0xb400007cd98d66b0 geom=2898x1848 box=0,946-2898,968 backend=other fn=0x7bd5f2ee24 fn_offset=0x30de24 fbase=0x7bd5c21000 sym=unknown so=/data/app/~~iNwcSjv3C2CZCLwcLxpEtA==/com.termux.x11-1tus8NhfW98goVF914TrYw==/base.apk!/lib/arm64-v8a/libXlorie.so
04-17 08:30:53.391 I/LorieNative(16758): DamageTraceV2: PutImage count=175680 drawableType=WINDOW screenPixmap=0 drawable=0xb400007cd98d66b0 geom=2898x1848 box=0,506-2898,528 backend=other fn=0x7bd5f2ee24 fn_offset=0x30de24 fbase=0x7bd5c21000 sym=unknown so=/data/app/~~iNwcSjv3C2CZCLwcLxpEtA==/com.termux.x11-1tus8NhfW98goVF914TrYw==/base.apk!/lib/arm64-v8a/libXlorie.so
04-17 08:30:53.406 I/LorieNative(16758): ExaTrace: putImage accel count=177792 drawableType=0 drawableId=0x600037 geom=2898x1848 size=2912x22 format=2 depth=24
04-17 08:30:53.469 I/LorieNative(16758): DamageTraceV2: PutImage count=175744 drawableType=WINDOW screenPixmap=0 drawable=0xb400007cd98d66b0 geom=2898x1848 box=0,66-2898,88 backend=other fn=0x7bd5f2ee24 fn_offset=0x30de24 fbase=0x7bd5c21000 sym=unknown so=/data/app/~~iNwcSjv3C2CZCLwcLxpEtA==/com.termux.x11-1tus8NhfW98goVF914TrYw==/base.apk!/lib/arm64-v8a/libXlorie.so
04-17 08:30:53.490 I/LorieNative(16758): DamageTraceV2: PutImage count=175808 drawableType=WINDOW screenPixmap=0 drawable=0xb400007cd98d66b0 geom=2898x1848 box=0,1474-2898,1496 backend=other fn=0x7bd5f2ee24 fn_offset=0x30de24 fbase=0x7bd5c21000 sym=unknown so=/data/app/~~iNwcSjv3C2CZCLwcLxpEtA==/com.termux.x11-1tus8NhfW98goVF914TrYw==/base.apk!/lib/arm64-v8a/libXlorie.so
04-17 08:30:53.558 I/LorieNative(16758): ExaTrace: putImage accel count=177920 drawableType=0 drawableId=0x600037 geom=2898x1848 size=2912x22 format=2 depth=24
04-17 08:30:53.562 I/LorieNative(16758): DamageTraceV2: PutImage count=175872 drawableType=WINDOW screenPixmap=0 drawable=0xb400007cd98d66b0 geom=2898x1848 box=0,1034-2898,1056 backend=other fn=0x7bd5f2ee24 fn_offset=0x30de24 fbase=0x7bd5c21000 sym=unknown so=/data/app/~~iNwcSjv3C2CZCLwcLxpEtA==/com.termux.x11-1tus8NhfW98goVF914TrYw==/base.apk!/lib/arm64-v8a/libXlorie.so
04-17 08:30:53.635 I/LorieNative(16758): DamageTraceV2: PutImage count=175936 drawableType=WINDOW screenPixmap=0 drawable=0xb400007cd98d66b0 geom=2898x1848 box=0,594-2898,616 backend=other fn=0x7bd5f2ee24 fn_offset=0x30de24 fbase=0x7bd5c21000 sym=unknown so=/data/app/~~iNwcSjv3C2CZCLwcLxpEtA==/com.termux.x11-1tus8NhfW98goVF914TrYw==/base.apk!/lib/arm64-v8a/libXlorie.so
04-17 08:30:53.643 I/LorieNative(16758): ExaTrace: putImage accel count=178048 drawableType=0 drawableId=0x600037 geom=2898x1848 size=2912x22 format=2 depth=24
04-17 08:30:53.699 I/LorieNative(16758): DamageTraceV2: PutImage count=176000 drawableType=WINDOW screenPixmap=0 drawable=0xb400007cd98d66b0 geom=2898x1848 box=0,154-2898,176 backend=other fn=0x7bd5f2ee24 fn_offset=0x30de24 fbase=0x7bd5c21000 sym=unknown so=/data/app/~~iNwcSjv3C2CZCLwcLxpEtA==/com.termux.x11-1tus8NhfW98goVF914TrYw==/base.apk!/lib/arm64-v8a/libXlorie.so
04-17 08:30:53.711 I/LorieNative(16758): DamageTraceV2: PutImage count=176064 drawableType=WINDOW screenPixmap=0 drawable=0xb400007cd98d66b0 geom=2898x1848 box=0,1562-2898,1584 backend=other fn=0x7bd5f2ee24 fn_offset=0x30de24 fbase=0x7bd5c21000 sym=unknown so=/data/app/~~iNwcSjv3C2CZCLwcLxpEtA==/com.termux.x11-1tus8NhfW98goVF914TrYw==/base.apk!/lib/arm64-v8a/libXlorie.so
04-17 08:30:53.772 I/LorieNative(16758): ExaTrace: putImage accel count=178176 drawableType=0 drawableId=0x600037 geom=2898x1848 size=2912x22 format=2 depth=24
04-17 08:30:53.778 I/LorieNative(16758): DamageTraceV2: PutImage count=176128 drawableType=WINDOW screenPixmap=0 drawable=0xb400007cd98d66b0 geom=2898x1848 box=0,1122-2898,1144 backend=other fn=0x7bd5f2ee24 fn_offset=0x30de24 fbase=0x7bd5c21000 sym=unknown so=/data/app/~~iNwcSjv3C2CZCLwcLxpEtA==/com.termux.x11-1tus8NhfW98goVF914TrYw==/base.apk!/lib/arm64-v8a/libXlorie.so
04-17 08:30:53.860 I/LorieNative(16758): DamageTraceV2: PutImage count=176192 drawableType=WINDOW screenPixmap=0 drawable=0xb400007cd98d66b0 geom=2898x1848 box=0,682-2898,704 backend=other fn=0x7bd5f2ee24 fn_offset=0x30de24 fbase=0x7bd5c21000 sym=unknown so=/data/app/~~iNwcSjv3C2CZCLwcLxpEtA==/com.termux.x11-1tus8NhfW98goVF914TrYw==/base.apk!/lib/arm64-v8a/libXlorie.so
04-17 08:30:53.876 I/LorieNative(16758): ExaTrace: putImage accel count=178304 drawableType=0 drawableId=0x600037 geom=2898x1848 size=2912x22 format=2 depth=24
04-17 08:30:53.941 I/LorieNative(16758): DamageTraceV2: PutImage count=176256 drawableType=WINDOW screenPixmap=0 drawable=0xb400007cd98d66b0 geom=2898x1848 box=0,242-2898,264 backend=other fn=0x7bd5f2ee24 fn_offset=0x30de24 fbase=0x7bd5c21000 sym=unknown so=/data/app/~~iNwcSjv3C2CZCLwcLxpEtA==/com.termux.x11-1tus8NhfW98goVF914TrYw==/base.apk!/lib/arm64-v8a/libXlorie.so
04-17 08:30:53.964 I/LorieNative(16758): DamageTraceV2: PutImage count=176320 drawableType=WINDOW screenPixmap=0 drawable=0xb400007cd98d66b0 geom=2898x1848 box=0,1650-2898,1672 backend=other fn=0x7bd5f2ee24 fn_offset=0x30de24 fbase=0x7bd5c21000 sym=unknown so=/data/app/~~iNwcSjv3C2CZCLwcLxpEtA==/com.termux.x11-1tus8NhfW98goVF914TrYw==/base.apk!/lib/arm64-v8a/libXlorie.so
04-17 08:30:54.040 I/LorieNative(16758): ExaTrace: putImage accel count=178432 drawableType=0 drawableId=0x600037 geom=2898x1848 size=2912x22 format=2 depth=24
04-17 08:30:54.044 I/LorieNative(16758): DamageTraceV2: PutImage count=176384 drawableType=WINDOW screenPixmap=0 drawable=0xb400007cd98d66b0 geom=2898x1848 box=0,1210-2898,1232 backend=other fn=0x7bd5f2ee24 fn_offset=0x30de24 fbase=0x7bd5c21000 sym=unknown so=/data/app/~~iNwcSjv3C2CZCLwcLxpEtA==/com.termux.x11-1tus8NhfW98goVF914TrYw==/base.apk!/lib/arm64-v8a/libXlorie.so
04-17 08:30:54.116 I/LorieNative(16758): DamageTraceV2: PutImage count=176448 drawableType=WINDOW screenPixmap=0 drawable=0xb400007cd98d66b0 geom=2898x1848 box=0,770-2898,792 backend=other fn=0x7bd5f2ee24 fn_offset=0x30de24 fbase=0x7bd5c21000 sym=unknown so=/data/app/~~iNwcSjv3C2CZCLwcLxpEtA==/com.termux.x11-1tus8NhfW98goVF914TrYw==/base.apk!/lib/arm64-v8a/libXlorie.so
04-17 08:30:54.193 I/LorieNative(16758): ExaTrace: putImage accel count=178560 drawableType=0 drawableId=0x600037 geom=2898x1848 size=2912x22 format=2 depth=24
04-17 08:30:54.199 I/LorieNative(16758): DamageTraceV2: PutImage count=176512 drawableType=WINDOW screenPixmap=0 drawable=0xb400007cd98d66b0 geom=2898x1848 box=0,330-2898,352 backend=other fn=0x7bd5f2ee24 fn_offset=0x30de24 fbase=0x7bd5c21000 sym=unknown so=/data/app/~~iNwcSjv3C2CZCLwcLxpEtA==/com.termux.x11-1tus8NhfW98goVF914TrYw==/base.apk!/lib/arm64-v8a/libXlorie.so
04-17 08:30:54.228 I/LorieNative(16758): DamageTraceV2: PutImage count=176576 drawableType=WINDOW screenPixmap=0 drawable=0xb400007cd98d66b0 geom=2898x1848 box=0,1738-2898,1760 backend=other fn=0x7bd5f2ee24 fn_offset=0x30de24 fbase=0x7bd5c21000 sym=unknown so=/data/app/~~iNwcSjv3C2CZCLwcLxpEtA==/com.termux.x11-1tus8NhfW98goVF914TrYw==/base.apk!/lib/arm64-v8a/libXlorie.so
04-17 08:30:54.298 I/LorieNative(16758): ExaTrace: putImage accel count=178688 drawableType=0 drawableId=0x600037 geom=2898x1848 size=2912x22 format=2 depth=24
04-17 08:30:54.303 I/LorieNative(16758): DamageTraceV2: PutImage count=176640 drawableType=WINDOW screenPixmap=0 drawable=0xb400007cd98d66b0 geom=2898x1848 box=0,1298-2898,1320 backend=other fn=0x7bd5f2ee24 fn_offset=0x30de24 fbase=0x7bd5c21000 sym=unknown so=/data/app/~~iNwcSjv3C2CZCLwcLxpEtA==/com.termux.x11-1tus8NhfW98goVF914TrYw==/base.apk!/lib/arm64-v8a/libXlorie.so
04-17 08:30:54.383 I/LorieNative(16758): DamageTraceV2: PutImage count=176704 drawableType=WINDOW screenPixmap=0 drawable=0xb400007cd98d66b0 geom=2898x1848 box=0,858-2898,880 backend=other fn=0x7bd5f2ee24 fn_offset=0x30de24 fbase=0x7bd5c21000 sym=unknown so=/data/app/~~iNwcSjv3C2CZCLwcLxpEtA==/com.termux.x11-1tus8NhfW98goVF914TrYw==/base.apk!/lib/arm64-v8a/libXlorie.so
04-17 08:30:54.455 I/LorieNative(16758): ExaTrace: putImage accel count=178816 drawableType=0 drawableId=0x600037 geom=2898x1848 size=2912x22 format=2 depth=24
04-17 08:30:54.461 I/LorieNative(16758): DamageTraceV2: PutImage count=176768 drawableType=WINDOW screenPixmap=0 drawable=0xb400007cd98d66b0 geom=2898x1848 box=0,418-2898,440 backend=other fn=0x7bd5f2ee24 fn_offset=0x30de24 fbase=0x7bd5c21000 sym=unknown so=/data/app/~~iNwcSjv3C2CZCLwcLxpEtA==/com.termux.x11-1tus8NhfW98goVF914TrYw==/base.apk!/lib/arm64-v8a/libXlorie.so
04-17 08:30:54.478 I/LorieNative(16758): DamageTraceV2: PutImage count=176832 drawableType=WINDOW screenPixmap=0 drawable=0xb400007cd98d66b0 geom=2898x1848 box=0,1826-2898,1848 backend=other fn=0x7bd5f2ee24 fn_offset=0x30de24 fbase=0x7bd5c21000 sym=unknown so=/data/app/~~iNwcSjv3C2CZCLwcLxpEtA==/com.termux.x11-1tus8NhfW98goVF914TrYw==/base.apk!/lib/arm64-v8a/libXlorie.so
04-17 08:30:54.557 I/LorieNative(16758): ExaTrace: putImage accel count=178944 drawableType=0 drawableId=0x600037 geom=2898x1848 size=2912x22 format=2 depth=24
04-17 08:30:54.562 I/LorieNative(16758): DamageTraceV2: PutImage count=176896 drawableType=WINDOW screenPixmap=0 drawable=0xb400007cd98d66b0 geom=2898x1848 box=0,1386-2898,1408 backend=other fn=0x7bd5f2ee24 fn_offset=0x30de24 fbase=0x7bd5c21000 sym=unknown so=/data/app/~~iNwcSjv3C2CZCLwcLxpEtA==/com.termux.x11-1tus8NhfW98goVF914TrYw==/base.apk!/lib/arm64-v8a/libXlorie.so
04-17 08:30:54.639 I/LorieNative(16758): DamageTraceV2: PutImage count=176960 drawableType=WINDOW screenPixmap=0 drawable=0xb400007cd98d66b0 geom=2898x1848 box=0,946-2898,968 backend=other fn=0x7bd5f2ee24 fn_offset=0x30de24 fbase=0x7bd5c21000 sym=unknown so=/data/app/~~iNwcSjv3C2CZCLwcLxpEtA==/com.termux.x11-1tus8NhfW98goVF914TrYw==/base.apk!/lib/arm64-v8a/libXlorie.so
04-17 08:30:54.709 I/LorieNative(16758): ExaTrace: putImage accel count=179072 drawableType=0 drawableId=0x600037 geom=2898x1848 size=2912x22 format=2 depth=24
04-17 08:30:54.715 I/LorieNative(16758): DamageTraceV2: PutImage count=177024 drawableType=WINDOW screenPixmap=0 drawable=0xb400007cd98d66b0 geom=2898x1848 box=0,506-2898,528 backend=other fn=0x7bd5f2ee24 fn_offset=0x30de24 fbase=0x7bd5c21000 sym=unknown so=/data/app/~~iNwcSjv3C2CZCLwcLxpEtA==/com.termux.x11-1tus8NhfW98goVF914TrYw==/base.apk!/lib/arm64-v8a/libXlorie.so
04-17 08:30:54.781 I/LorieNative(16758): DamageTraceV2: PutImage count=177088 drawableType=WINDOW screenPixmap=0 drawable=0xb400007cd98d66b0 geom=2898x1848 box=0,66-2898,88 backend=other fn=0x7bd5f2ee24 fn_offset=0x30de24 fbase=0x7bd5c21000 sym=unknown so=/data/app/~~iNwcSjv3C2CZCLwcLxpEtA==/com.termux.x11-1tus8NhfW98goVF914TrYw==/base.apk!/lib/arm64-v8a/libXlorie.so
04-17 08:30:54.792 I/LorieNative(16758): ExaTrace: putImage accel count=179200 drawableType=0 drawableId=0x600037 geom=2898x1848 size=2912x22 format=2 depth=24
04-17 08:30:54.795 I/LorieNative(16758): DamageTraceV2: PutImage count=177152 drawableType=WINDOW screenPixmap=0 drawable=0xb400007cd98d66b0 geom=2898x1848 box=0,1474-2898,1496 backend=other fn=0x7bd5f2ee24 fn_offset=0x30de24 fbase=0x7bd5c21000 sym=unknown so=/data/app/~~iNwcSjv3C2CZCLwcLxpEtA==/com.termux.x11-1tus8NhfW98goVF914TrYw==/base.apk!/lib/arm64-v8a/libXlorie.so
04-17 08:30:54.858 I/LorieNative(16758): DamageTraceV2: PutImage count=177216 drawableType=WINDOW screenPixmap=0 drawable=0xb400007cd98d66b0 geom=2898x1848 box=0,1034-2898,1056 backend=other fn=0x7bd5f2ee24 fn_offset=0x30de24 fbase=0x7bd5c21000 sym=unknown so=/data/app/~~iNwcSjv3C2CZCLwcLxpEtA==/com.termux.x11-1tus8NhfW98goVF914TrYw==/base.apk!/lib/arm64-v8a/libXlorie.so
04-17 08:30:54.930 I/LorieNative(16758): ExaTrace: putImage accel count=179328 drawableType=0 drawableId=0x600037 geom=2898x1848 size=2912x22 format=2 depth=24
04-17 08:30:54.935 I/LorieNative(16758): DamageTraceV2: PutImage count=177280 drawableType=WINDOW screenPixmap=0 drawable=0xb400007cd98d66b0 geom=2898x1848 box=0,594-2898,616 backend=other fn=0x7bd5f2ee24 fn_offset=0x30de24 fbase=0x7bd5c21000 sym=unknown so=/data/app/~~iNwcSjv3C2CZCLwcLxpEtA==/com.termux.x11-1tus8NhfW98goVF914TrYw==/base.apk!/lib/arm64-v8a/libXlorie.so
04-17 08:30:55.028 I/LorieNative(16758): DamageTraceV2: PutImage count=177344 drawableType=WINDOW screenPixmap=0 drawable=0xb400007cd98d66b0 geom=2898x1848 box=0,154-2898,176 backend=other fn=0x7bd5f2ee24 fn_offset=0x30de24 fbase=0x7bd5c21000 sym=unknown so=/data/app/~~iNwcSjv3C2CZCLwcLxpEtA==/com.termux.x11-1tus8NhfW98goVF914TrYw==/base.apk!/lib/arm64-v8a/libXlorie.so
04-17 08:30:55.045 I/LorieNative(16758): ExaTrace: putImage accel count=179456 drawableType=0 drawableId=0x600037 geom=2898x1848 size=2912x22 format=2 depth=24
04-17 08:30:55.049 I/LorieNative(16758): DamageTraceV2: PutImage count=177408 drawableType=WINDOW screenPixmap=0 drawable=0xb400007cd98d66b0 geom=2898x1848 box=0,1562-2898,1584 backend=other fn=0x7bd5f2ee24 fn_offset=0x30de24 fbase=0x7bd5c21000 sym=unknown so=/data/app/~~iNwcSjv3C2CZCLwcLxpEtA==/com.termux.x11-1tus8NhfW98goVF914TrYw==/base.apk!/lib/arm64-v8a/libXlorie.so
04-17 08:30:55.130 I/LorieNative(16758): DamageTraceV2: PutImage count=177472 drawableType=WINDOW screenPixmap=0 drawable=0xb400007cd98d66b0 geom=2898x1848 box=0,1122-2898,1144 backend=other fn=0x7bd5f2ee24 fn_offset=0x30de24 fbase=0x7bd5c21000 sym=unknown so=/data/app/~~iNwcSjv3C2CZCLwcLxpEtA==/com.termux.x11-1tus8NhfW98goVF914TrYw==/base.apk!/lib/arm64-v8a/libXlorie.so
04-17 08:30:55.202 I/LorieNative(16758): ExaTrace: putImage accel count=179584 drawableType=0 drawableId=0x600037 geom=2898x1848 size=2912x22 format=2 depth=24
04-17 08:30:55.207 I/LorieNative(16758): DamageTraceV2: PutImage count=177536 drawableType=WINDOW screenPixmap=0 drawable=0xb400007cd98d66b0 geom=2898x1848 box=0,682-2898,704 backend=other fn=0x7bd5f2ee24 fn_offset=0x30de24 fbase=0x7bd5c21000 sym=unknown so=/data/app/~~iNwcSjv3C2CZCLwcLxpEtA==/com.termux.x11-1tus8NhfW98goVF914TrYw==/base.apk!/lib/arm64-v8a/libXlorie.so
04-17 08:30:55.288 I/LorieNative(16758): DamageTraceV2: PutImage count=177600 drawableType=WINDOW screenPixmap=0 drawable=0xb400007cd98d66b0 geom=2898x1848 box=0,242-2898,264 backend=other fn=0x7bd5f2ee24 fn_offset=0x30de24 fbase=0x7bd5c21000 sym=unknown so=/data/app/~~iNwcSjv3C2CZCLwcLxpEtA==/com.termux.x11-1tus8NhfW98goVF914TrYw==/base.apk!/lib/arm64-v8a/libXlorie.so
04-17 08:30:55.304 I/LorieNative(16758): ExaTrace: putImage accel count=179712 drawableType=0 drawableId=0x600037 geom=2898x1848 size=2912x22 format=2 depth=24
04-17 08:30:55.307 I/LorieNative(16758): DamageTraceV2: PutImage count=177664 drawableType=WINDOW screenPixmap=0 drawable=0xb400007cd98d66b0 geom=2898x1848 box=0,1650-2898,1672 backend=other fn=0x7bd5f2ee24 fn_offset=0x30de24 fbase=0x7bd5c21000 sym=unknown so=/data/app/~~iNwcSjv3C2CZCLwcLxpEtA==/com.termux.x11-1tus8NhfW98goVF914TrYw==/base.apk!/lib/arm64-v8a/libXlorie.so
04-17 08:30:55.395 I/LorieNative(16758): DamageTraceV2: PutImage count=177728 drawableType=WINDOW screenPixmap=0 drawable=0xb400007cd98d66b0 geom=2898x1848 box=0,1210-2898,1232 backend=other fn=0x7bd5f2ee24 fn_offset=0x30de24 fbase=0x7bd5c21000 sym=unknown so=/data/app/~~iNwcSjv3C2CZCLwcLxpEtA==/com.termux.x11-1tus8NhfW98goVF914TrYw==/base.apk!/lib/arm64-v8a/libXlorie.so
04-17 08:30:55.463 I/LorieNative(16758): ExaTrace: putImage accel count=179840 drawableType=0 drawableId=0x600037 geom=2898x1848 size=2912x22 format=2 depth=24
04-17 08:30:55.467 I/LorieNative(16758): DamageTraceV2: PutImage count=177792 drawableType=WINDOW screenPixmap=0 drawable=0xb400007cd98d66b0 geom=2898x1848 box=0,770-2898,792 backend=other fn=0x7bd5f2ee24 fn_offset=0x30de24 fbase=0x7bd5c21000 sym=unknown so=/data/app/~~iNwcSjv3C2CZCLwcLxpEtA==/com.termux.x11-1tus8NhfW98goVF914TrYw==/base.apk!/lib/arm64-v8a/libXlorie.so
04-17 08:30:55.543 I/LorieNative(16758): DamageTraceV2: PutImage count=177856 drawableType=WINDOW screenPixmap=0 drawable=0xb400007cd98d66b0 geom=2898x1848 box=0,330-2898,352 backend=other fn=0x7bd5f2ee24 fn_offset=0x30de24 fbase=0x7bd5c21000 sym=unknown so=/data/app/~~iNwcSjv3C2CZCLwcLxpEtA==/com.termux.x11-1tus8NhfW98goVF914TrYw==/base.apk!/lib/arm64-v8a/libXlorie.so
04-17 08:30:55.558 I/LorieNative(16758): ExaTrace: putImage accel count=179968 drawableType=0 drawableId=0x600037 geom=2898x1848 size=2912x22 format=2 depth=24
04-17 08:30:55.561 I/LorieNative(16758): DamageTraceV2: PutImage count=177920 drawableType=WINDOW screenPixmap=0 drawable=0xb400007cd98d66b0 geom=2898x1848 box=0,1738-2898,1760 backend=other fn=0x7bd5f2ee24 fn_offset=0x30de24 fbase=0x7bd5c21000 sym=unknown so=/data/app/~~iNwcSjv3C2CZCLwcLxpEtA==/com.termux.x11-1tus8NhfW98goVF914TrYw==/base.apk!/lib/arm64-v8a/libXlorie.so
04-17 08:30:55.611 I/LorieNative(16758): choreographer callbacks in 5.0 seconds = 120.0 FPS
04-17 08:30:55.611 I/LorieNative(16758): redraw wakeups in 5.0 seconds = 120.0 FPS
04-17 08:30:55.612 I/LorieNative(16758): damage-triggered redraws in 5.0 seconds = 25.6 FPS
04-17 08:30:55.612 I/LorieNative(16758): AhbLockTrace: sticky=0 lock_calls=128 unlock_calls=128 sticky_hits=4956 flush_skipped=0 in 5.0s
04-17 08:30:55.612 I/LorieNative(16758): present flip attempts in 5.0 seconds = 0.0 FPS (accepted 0.0, rejected 0.0)
04-17 08:30:55.612 I/LorieNative(16758): present after-flips in 5.0 seconds = 0.0 FPS
04-17 08:30:55.612 I/LorieNative(16758): 129 frames in 5.0 seconds = 25.8 FPS
04-17 08:30:55.661 I/LorieNative(16758): DamageTraceV2: PutImage count=177984 drawableType=WINDOW screenPixmap=0 drawable=0xb400007cd98d66b0 geom=2898x1848 box=0,1298-2898,1320 backend=other fn=0x7bd5f2ee24 fn_offset=0x30de24 fbase=0x7bd5c21000 sym=unknown so=/data/app/~~iNwcSjv3C2CZCLwcLxpEtA==/com.termux.x11-1tus8NhfW98goVF914TrYw==/base.apk!/lib/arm64-v8a/libXlorie.so
04-17 08:30:55.741 I/LorieNative(16758): ExaTrace: putImage accel count=180096 drawableType=0 drawableId=0x600037 geom=2898x1848 size=2912x22 format=2 depth=24
04-17 08:30:55.745 I/LorieNative(16758): DamageTraceV2: PutImage count=178048 drawableType=WINDOW screenPixmap=0 drawable=0xb400007cd98d66b0 geom=2898x1848 box=0,858-2898,880 backend=other fn=0x7bd5f2ee24 fn_offset=0x30de24 fbase=0x7bd5c21000 sym=unknown so=/data/app/~~iNwcSjv3C2CZCLwcLxpEtA==/com.termux.x11-1tus8NhfW98goVF914TrYw==/base.apk!/lib/arm64-v8a/libXlorie.so
04-17 08:30:55.815 I/LorieNative(16758): DamageTraceV2: PutImage count=178112 drawableType=WINDOW screenPixmap=0 drawable=0xb400007cd98d66b0 geom=2898x1848 box=0,418-2898,440 backend=other fn=0x7bd5f2ee24 fn_offset=0x30de24 fbase=0x7bd5c21000 sym=unknown so=/data/app/~~iNwcSjv3C2CZCLwcLxpEtA==/com.termux.x11-1tus8NhfW98goVF914TrYw==/base.apk!/lib/arm64-v8a/libXlorie.so
04-17 08:30:55.830 I/LorieNative(16758): ExaTrace: putImage accel count=180224 drawableType=0 drawableId=0x600037 geom=2898x1848 size=2912x22 format=2 depth=24
04-17 08:30:55.835 I/LorieNative(16758): DamageTraceV2: PutImage count=178176 drawableType=WINDOW screenPixmap=0 drawable=0xb400007cd98d66b0 geom=2898x1848 box=0,1826-2898,1848 backend=other fn=0x7bd5f2ee24 fn_offset=0x30de24 fbase=0x7bd5c21000 sym=unknown so=/data/app/~~iNwcSjv3C2CZCLwcLxpEtA==/com.termux.x11-1tus8NhfW98goVF914TrYw==/base.apk!/lib/arm64-v8a/libXlorie.so
04-17 08:30:55.928 I/LorieNative(16758): DamageTraceV2: PutImage count=178240 drawableType=WINDOW screenPixmap=0 drawable=0xb400007cd98d66b0 geom=2898x1848 box=0,1386-2898,1408 backend=other fn=0x7bd5f2ee24 fn_offset=0x30de24 fbase=0x7bd5c21000 sym=unknown so=/data/app/~~iNwcSjv3C2CZCLwcLxpEtA==/com.termux.x11-1tus8NhfW98goVF914TrYw==/base.apk!/lib/arm64-v8a/libXlorie.so
04-17 08:30:56.003 I/LorieNative(16758): ExaTrace: putImage accel count=180352 drawableType=0 drawableId=0x600037 geom=2898x1848 size=2912x22 format=2 depth=24
04-17 08:30:56.007 I/LorieNative(16758): DamageTraceV2: PutImage count=178304 drawableType=WINDOW screenPixmap=0 drawable=0xb400007cd98d66b0 geom=2898x1848 box=0,946-2898,968 backend=other fn=0x7bd5f2ee24 fn_offset=0x30de24 fbase=0x7bd5c21000 sym=unknown so=/data/app/~~iNwcSjv3C2CZCLwcLxpEtA==/com.termux.x11-1tus8NhfW98goVF914TrYw==/base.apk!/lib/arm64-v8a/libXlorie.so
04-17 08:30:56.078 I/LorieNative(16758): DamageTraceV2: PutImage count=178368 drawableType=WINDOW screenPixmap=0 drawable=0xb400007cd98d66b0 geom=2898x1848 box=0,506-2898,528 backend=other fn=0x7bd5f2ee24 fn_offset=0x30de24 fbase=0x7bd5c21000 sym=unknown so=/data/app/~~iNwcSjv3C2CZCLwcLxpEtA==/com.termux.x11-1tus8NhfW98goVF914TrYw==/base.apk!/lib/arm64-v8a/libXlorie.so
04-17 08:30:56.092 I/LorieNative(16758): ExaTrace: putImage accel count=180480 drawableType=0 drawableId=0x600037 geom=2898x1848 size=2912x22 format=2 depth=24
04-17 08:30:56.154 I/LorieNative(16758): DamageTraceV2: PutImage count=178432 drawableType=WINDOW screenPixmap=0 drawable=0xb400007cd98d66b0 geom=2898x1848 box=0,66-2898,88 backend=other fn=0x7bd5f2ee24 fn_offset=0x30de24 fbase=0x7bd5c21000 sym=unknown so=/data/app/~~iNwcSjv3C2CZCLwcLxpEtA==/com.termux.x11-1tus8NhfW98goVF914TrYw==/base.apk!/lib/arm64-v8a/libXlorie.so
04-17 08:30:56.165 I/LorieNative(16758): DamageTraceV2: PutImage count=178496 drawableType=WINDOW screenPixmap=0 drawable=0xb400007cd98d66b0 geom=2898x1848 box=0,1474-2898,1496 backend=other fn=0x7bd5f2ee24 fn_offset=0x30de24 fbase=0x7bd5c21000 sym=unknown so=/data/app/~~iNwcSjv3C2CZCLwcLxpEtA==/com.termux.x11-1tus8NhfW98goVF914TrYw==/base.apk!/lib/arm64-v8a/libXlorie.so
04-17 08:30:56.227 I/LorieNative(16758): ExaTrace: putImage accel count=180608 drawableType=0 drawableId=0x600037 geom=2898x1848 size=2912x22 format=2 depth=24
04-17 08:30:56.230 I/LorieNative(16758): DamageTraceV2: PutImage count=178560 drawableType=WINDOW screenPixmap=0 drawable=0xb400007cd98d66b0 geom=2898x1848 box=0,1034-2898,1056 backend=other fn=0x7bd5f2ee24 fn_offset=0x30de24 fbase=0x7bd5c21000 sym=unknown so=/data/app/~~iNwcSjv3C2CZCLwcLxpEtA==/com.termux.x11-1tus8NhfW98goVF914TrYw==/base.apk!/lib/arm64-v8a/libXlorie.so
04-17 08:30:56.310 I/LorieNative(16758): DamageTraceV2: PutImage count=178624 drawableType=WINDOW screenPixmap=0 drawable=0xb400007cd98d66b0 geom=2898x1848 box=0,594-2898,616 backend=other fn=0x7bd5f2ee24 fn_offset=0x30de24 fbase=0x7bd5c21000 sym=unknown so=/data/app/~~iNwcSjv3C2CZCLwcLxpEtA==/com.termux.x11-1tus8NhfW98goVF914TrYw==/base.apk!/lib/arm64-v8a/libXlorie.so
04-17 08:30:56.323 I/LorieNative(16758): ExaTrace: putImage accel count=180736 drawableType=0 drawableId=0x600037 geom=2898x1848 size=2912x22 format=2 depth=24
04-17 08:30:56.403 I/LorieNative(16758): DamageTraceV2: PutImage count=178688 drawableType=WINDOW screenPixmap=0 drawable=0xb400007cd98d66b0 geom=2898x1848 box=0,154-2898,176 backend=other fn=0x7bd5f2ee24 fn_offset=0x30de24 fbase=0x7bd5c21000 sym=unknown so=/data/app/~~iNwcSjv3C2CZCLwcLxpEtA==/com.termux.x11-1tus8NhfW98goVF914TrYw==/base.apk!/lib/arm64-v8a/libXlorie.so
04-17 08:30:56.416 I/LorieNative(16758): DamageTraceV2: PutImage count=178752 drawableType=WINDOW screenPixmap=0 drawable=0xb400007cd98d66b0 geom=2898x1848 box=0,1562-2898,1584 backend=other fn=0x7bd5f2ee24 fn_offset=0x30de24 fbase=0x7bd5c21000 sym=unknown so=/data/app/~~iNwcSjv3C2CZCLwcLxpEtA==/com.termux.x11-1tus8NhfW98goVF914TrYw==/base.apk!/lib/arm64-v8a/libXlorie.so
04-17 08:30:56.495 I/LorieNative(16758): ExaTrace: putImage accel count=180864 drawableType=0 drawableId=0x600037 geom=2898x1848 size=2912x22 format=2 depth=24
04-17 08:30:56.500 I/LorieNative(16758): DamageTraceV2: PutImage count=178816 drawableType=WINDOW screenPixmap=0 drawable=0xb400007cd98d66b0 geom=2898x1848 box=0,1122-2898,1144 backend=other fn=0x7bd5f2ee24 fn_offset=0x30de24 fbase=0x7bd5c21000 sym=unknown so=/data/app/~~iNwcSjv3C2CZCLwcLxpEtA==/com.termux.x11-1tus8NhfW98goVF914TrYw==/base.apk!/lib/arm64-v8a/libXlorie.so
04-17 08:30:56.586 I/LorieNative(16758): DamageTraceV2: PutImage count=178880 drawableType=WINDOW screenPixmap=0 drawable=0xb400007cd98d66b0 geom=2898x1848 box=0,682-2898,704 backend=other fn=0x7bd5f2ee24 fn_offset=0x30de24 fbase=0x7bd5c21000 sym=unknown so=/data/app/~~iNwcSjv3C2CZCLwcLxpEtA==/com.termux.x11-1tus8NhfW98goVF914TrYw==/base.apk!/lib/arm64-v8a/libXlorie.so
04-17 08:30:56.599 I/LorieNative(16758): ExaTrace: putImage accel count=180992 drawableType=0 drawableId=0x600037 geom=2898x1848 size=2912x22 format=2 depth=24
04-17 08:30:56.668 I/LorieNative(16758): DamageTraceV2: PutImage count=178944 drawableType=WINDOW screenPixmap=0 drawable=0xb400007cd98d66b0 geom=2898x1848 box=0,242-2898,264 backend=other fn=0x7bd5f2ee24 fn_offset=0x30de24 fbase=0x7bd5c21000 sym=unknown so=/data/app/~~iNwcSjv3C2CZCLwcLxpEtA==/com.termux.x11-1tus8NhfW98goVF914TrYw==/base.apk!/lib/arm64-v8a/libXlorie.so
04-17 08:30:56.688 I/LorieNative(16758): DamageTraceV2: PutImage count=179008 drawableType=WINDOW screenPixmap=0 drawable=0xb400007cd98d66b0 geom=2898x1848 box=0,1650-2898,1672 backend=other fn=0x7bd5f2ee24 fn_offset=0x30de24 fbase=0x7bd5c21000 sym=unknown so=/data/app/~~iNwcSjv3C2CZCLwcLxpEtA==/com.termux.x11-1tus8NhfW98goVF914TrYw==/base.apk!/lib/arm64-v8a/libXlorie.so
04-17 08:30:56.764 I/LorieNative(16758): ExaTrace: putImage accel count=181120 drawableType=0 drawableId=0x600037 geom=2898x1848 size=2912x22 format=2 depth=24
04-17 08:30:56.767 I/LorieNative(16758): DamageTraceV2: PutImage count=179072 drawableType=WINDOW screenPixmap=0 drawable=0xb400007cd98d66b0 geom=2898x1848 box=0,1210-2898,1232 backend=other fn=0x7bd5f2ee24 fn_offset=0x30de24 fbase=0x7bd5c21000 sym=unknown so=/data/app/~~iNwcSjv3C2CZCLwcLxpEtA==/com.termux.x11-1tus8NhfW98goVF914TrYw==/base.apk!/lib/arm64-v8a/libXlorie.so
04-17 08:30:56.844 I/LorieNative(16758): DamageTraceV2: PutImage count=179136 drawableType=WINDOW screenPixmap=0 drawable=0xb400007cd98d66b0 geom=2898x1848 box=0,770-2898,792 backend=other fn=0x7bd5f2ee24 fn_offset=0x30de24 fbase=0x7bd5c21000 sym=unknown so=/data/app/~~iNwcSjv3C2CZCLwcLxpEtA==/com.termux.x11-1tus8NhfW98goVF914TrYw==/base.apk!/lib/arm64-v8a/libXlorie.so
04-17 08:30:56.907 I/LorieNative(16758): ExaTrace: putImage accel count=181248 drawableType=0 drawableId=0x600037 geom=2898x1848 size=2912x22 format=2 depth=24
04-17 08:30:56.910 I/LorieNative(16758): DamageTraceV2: PutImage count=179200 drawableType=WINDOW screenPixmap=0 drawable=0xb400007cd98d66b0 geom=2898x1848 box=0,330-2898,352 backend=other fn=0x7bd5f2ee24 fn_offset=0x30de24 fbase=0x7bd5c21000 sym=unknown so=/data/app/~~iNwcSjv3C2CZCLwcLxpEtA==/com.termux.x11-1tus8NhfW98goVF914TrYw==/base.apk!/lib/arm64-v8a/libXlorie.so
04-17 08:30:56.927 I/LorieNative(16758): DamageTraceV2: PutImage count=179264 drawableType=WINDOW screenPixmap=0 drawable=0xb400007cd98d66b0 geom=2898x1848 box=0,1738-2898,1760 backend=other fn=0x7bd5f2ee24 fn_offset=0x30de24 fbase=0x7bd5c21000 sym=unknown so=/data/app/~~iNwcSjv3C2CZCLwcLxpEtA==/com.termux.x11-1tus8NhfW98goVF914TrYw==/base.apk!/lib/arm64-v8a/libXlorie.so
04-17 08:30:56.994 I/LorieNative(16758): ExaTrace: putImage accel count=181376 drawableType=0 drawableId=0x600037 geom=2898x1848 size=2912x22 format=2 depth=24
04-17 08:30:56.999 I/LorieNative(16758): DamageTraceV2: PutImage count=179328 drawableType=WINDOW screenPixmap=0 drawable=0xb400007cd98d66b0 geom=2898x1848 box=0,1298-2898,1320 backend=other fn=0x7bd5f2ee24 fn_offset=0x30de24 fbase=0x7bd5c21000 sym=unknown so=/data/app/~~iNwcSjv3C2CZCLwcLxpEtA==/com.termux.x11-1tus8NhfW98goVF914TrYw==/base.apk!/lib/arm64-v8a/libXlorie.so
04-17 08:30:57.068 I/LorieNative(16758): DamageTraceV2: PutImage count=179392 drawableType=WINDOW screenPixmap=0 drawable=0xb400007cd98d66b0 geom=2898x1848 box=0,858-2898,880 backend=other fn=0x7bd5f2ee24 fn_offset=0x30de24 fbase=0x7bd5c21000 sym=unknown so=/data/app/~~iNwcSjv3C2CZCLwcLxpEtA==/com.termux.x11-1tus8NhfW98goVF914TrYw==/base.apk!/lib/arm64-v8a/libXlorie.so
04-17 08:30:57.137 I/LorieNative(16758): ExaTrace: putImage accel count=181504 drawableType=0 drawableId=0x600037 geom=2898x1848 size=2912x22 format=2 depth=24
04-17 08:30:57.139 I/LorieNative(16758): DamageTraceV2: PutImage count=179456 drawableType=WINDOW screenPixmap=0 drawable=0xb400007cd98d66b0 geom=2898x1848 box=0,418-2898,440 backend=other fn=0x7bd5f2ee24 fn_offset=0x30de24 fbase=0x7bd5c21000 sym=unknown so=/data/app/~~iNwcSjv3C2CZCLwcLxpEtA==/com.termux.x11-1tus8NhfW98goVF914TrYw==/base.apk!/lib/arm64-v8a/libXlorie.so
04-17 08:30:57.151 I/LorieNative(16758): DamageTraceV2: PutImage count=179520 drawableType=WINDOW screenPixmap=0 drawable=0xb400007cd98d66b0 geom=2898x1848 box=0,1826-2898,1848 backend=other fn=0x7bd5f2ee24 fn_offset=0x30de24 fbase=0x7bd5c21000 sym=unknown so=/data/app/~~iNwcSjv3C2CZCLwcLxpEtA==/com.termux.x11-1tus8NhfW98goVF914TrYw==/base.apk!/lib/arm64-v8a/libXlorie.so
04-17 08:30:57.211 I/LorieNative(16758): ExaTrace: putImage accel count=181632 drawableType=0 drawableId=0x600037 geom=2898x1848 size=2912x22 format=2 depth=24
04-17 08:30:57.214 I/LorieNative(16758): DamageTraceV2: PutImage count=179584 drawableType=WINDOW screenPixmap=0 drawable=0xb400007cd98d66b0 geom=2898x1848 box=0,1386-2898,1408 backend=other fn=0x7bd5f2ee24 fn_offset=0x30de24 fbase=0x7bd5c21000 sym=unknown so=/data/app/~~iNwcSjv3C2CZCLwcLxpEtA==/com.termux.x11-1tus8NhfW98goVF914TrYw==/base.apk!/lib/arm64-v8a/libXlorie.so
04-17 08:30:57.296 I/LorieNative(16758): DamageTraceV2: PutImage count=179648 drawableType=WINDOW screenPixmap=0 drawable=0xb400007cd98d66b0 geom=2898x1848 box=0,946-2898,968 backend=other fn=0x7bd5f2ee24 fn_offset=0x30de24 fbase=0x7bd5c21000 sym=unknown so=/data/app/~~iNwcSjv3C2CZCLwcLxpEtA==/com.termux.x11-1tus8NhfW98goVF914TrYw==/base.apk!/lib/arm64-v8a/libXlorie.so
04-17 08:30:57.392 I/LorieNative(16758): ExaTrace: putImage accel count=181760 drawableType=0 drawableId=0x600037 geom=2898x1848 size=2912x22 format=2 depth=24
04-17 08:30:57.398 I/LorieNative(16758): DamageTraceV2: PutImage count=179712 drawableType=WINDOW screenPixmap=0 drawable=0xb400007cd98d66b0 geom=2898x1848 box=0,506-2898,528 backend=other fn=0x7bd5f2ee24 fn_offset=0x30de24 fbase=0x7bd5c21000 sym=unknown so=/data/app/~~iNwcSjv3C2CZCLwcLxpEtA==/com.termux.x11-1tus8NhfW98goVF914TrYw==/base.apk!/lib/arm64-v8a/libXlorie.so
04-17 08:30:57.483 I/LorieNative(16758): DamageTraceV2: PutImage count=179776 drawableType=WINDOW screenPixmap=0 drawable=0xb400007cd98d66b0 geom=2898x1848 box=0,66-2898,88 backend=other fn=0x7bd5f2ee24 fn_offset=0x30de24 fbase=0x7bd5c21000 sym=unknown so=/data/app/~~iNwcSjv3C2CZCLwcLxpEtA==/com.termux.x11-1tus8NhfW98goVF914TrYw==/base.apk!/lib/arm64-v8a/libXlorie.so
04-17 08:30:57.500 I/LorieNative(16758): ExaTrace: putImage accel count=181888 drawableType=0 drawableId=0x600037 geom=2898x1848 size=2912x22 format=2 depth=24
04-17 08:30:57.503 I/LorieNative(16758): DamageTraceV2: PutImage count=179840 drawableType=WINDOW screenPixmap=0 drawable=0xb400007cd98d66b0 geom=2898x1848 box=0,1474-2898,1496 backend=other fn=0x7bd5f2ee24 fn_offset=0x30de24 fbase=0x7bd5c21000 sym=unknown so=/data/app/~~iNwcSjv3C2CZCLwcLxpEtA==/com.termux.x11-1tus8NhfW98goVF914TrYw==/base.apk!/lib/arm64-v8a/libXlorie.so
04-17 08:30:57.580 I/LorieNative(16758): DamageTraceV2: PutImage count=179904 drawableType=WINDOW screenPixmap=0 drawable=0xb400007cd98d66b0 geom=2898x1848 box=0,1034-2898,1056 backend=other fn=0x7bd5f2ee24 fn_offset=0x30de24 fbase=0x7bd5c21000 sym=unknown so=/data/app/~~iNwcSjv3C2CZCLwcLxpEtA==/com.termux.x11-1tus8NhfW98goVF914TrYw==/base.apk!/lib/arm64-v8a/libXlorie.so
04-17 08:30:57.654 I/LorieNative(16758): ExaTrace: putImage accel count=182016 drawableType=0 drawableId=0x600037 geom=2898x1848 size=2912x22 format=2 depth=24
04-17 08:30:57.659 I/LorieNative(16758): DamageTraceV2: PutImage count=179968 drawableType=WINDOW screenPixmap=0 drawable=0xb400007cd98d66b0 geom=2898x1848 box=0,594-2898,616 backend=other fn=0x7bd5f2ee24 fn_offset=0x30de24 fbase=0x7bd5c21000 sym=unknown so=/data/app/~~iNwcSjv3C2CZCLwcLxpEtA==/com.termux.x11-1tus8NhfW98goVF914TrYw==/base.apk!/lib/arm64-v8a/libXlorie.so
04-17 08:30:57.737 I/LorieNative(16758): DamageTraceV2: PutImage count=180032 drawableType=WINDOW screenPixmap=0 drawable=0xb400007cd98d66b0 geom=2898x1848 box=0,154-2898,176 backend=other fn=0x7bd5f2ee24 fn_offset=0x30de24 fbase=0x7bd5c21000 sym=unknown so=/data/app/~~iNwcSjv3C2CZCLwcLxpEtA==/com.termux.x11-1tus8NhfW98goVF914TrYw==/base.apk!/lib/arm64-v8a/libXlorie.so
04-17 08:30:57.760 I/LorieNative(16758): ExaTrace: putImage accel count=182144 drawableType=0 drawableId=0x600037 geom=2898x1848 size=2912x22 format=2 depth=24
04-17 08:30:57.768 I/LorieNative(16758): DamageTraceV2: PutImage count=180096 drawableType=WINDOW screenPixmap=0 drawable=0xb400007cd98d66b0 geom=2898x1848 box=0,1562-2898,1584 backend=other fn=0x7bd5f2ee24 fn_offset=0x30de24 fbase=0x7bd5c21000 sym=unknown so=/data/app/~~iNwcSjv3C2CZCLwcLxpEtA==/com.termux.x11-1tus8NhfW98goVF914TrYw==/base.apk!/lib/arm64-v8a/libXlorie.so
04-17 08:30:57.841 I/LorieNative(16758): DamageTraceV2: PutImage count=180160 drawableType=WINDOW screenPixmap=0 drawable=0xb400007cd98d66b0 geom=2898x1848 box=0,1122-2898,1144 backend=other fn=0x7bd5f2ee24 fn_offset=0x30de24 fbase=0x7bd5c21000 sym=unknown so=/data/app/~~iNwcSjv3C2CZCLwcLxpEtA==/com.termux.x11-1tus8NhfW98goVF914TrYw==/base.apk!/lib/arm64-v8a/libXlorie.so
04-17 08:30:57.914 I/LorieNative(16758): ExaTrace: putImage accel count=182272 drawableType=0 drawableId=0x600037 geom=2898x1848 size=2912x22 format=2 depth=24
04-17 08:30:57.918 I/LorieNative(16758): DamageTraceV2: PutImage count=180224 drawableType=WINDOW screenPixmap=0 drawable=0xb400007cd98d66b0 geom=2898x1848 box=0,682-2898,704 backend=other fn=0x7bd5f2ee24 fn_offset=0x30de24 fbase=0x7bd5c21000 sym=unknown so=/data/app/~~iNwcSjv3C2CZCLwcLxpEtA==/com.termux.x11-1tus8NhfW98goVF914TrYw==/base.apk!/lib/arm64-v8a/libXlorie.so
04-17 08:30:57.991 I/LorieNative(16758): DamageTraceV2: PutImage count=180288 drawableType=WINDOW screenPixmap=0 drawable=0xb400007cd98d66b0 geom=2898x1848 box=0,242-2898,264 backend=other fn=0x7bd5f2ee24 fn_offset=0x30de24 fbase=0x7bd5c21000 sym=unknown so=/data/app/~~iNwcSjv3C2CZCLwcLxpEtA==/com.termux.x11-1tus8NhfW98goVF914TrYw==/base.apk!/lib/arm64-v8a/libXlorie.so
04-17 08:30:58.000 I/LorieNative(16758): ExaTrace: putImage accel count=182400 drawableType=0 drawableId=0x600037 geom=2898x1848 size=2912x22 format=2 depth=24
04-17 08:30:58.002 I/LorieNative(16758): DamageTraceV2: PutImage count=180352 drawableType=WINDOW screenPixmap=0 drawable=0xb400007cd98d66b0 geom=2898x1848 box=0,1650-2898,1672 backend=other fn=0x7bd5f2ee24 fn_offset=0x30de24 fbase=0x7bd5c21000 sym=unknown so=/data/app/~~iNwcSjv3C2CZCLwcLxpEtA==/com.termux.x11-1tus8NhfW98goVF914TrYw==/base.apk!/lib/arm64-v8a/libXlorie.so
04-17 08:30:58.084 I/LorieNative(16758): DamageTraceV2: PutImage count=180416 drawableType=WINDOW screenPixmap=0 drawable=0xb400007cd98d66b0 geom=2898x1848 box=0,1210-2898,1232 backend=other fn=0x7bd5f2ee24 fn_offset=0x30de24 fbase=0x7bd5c21000 sym=unknown so=/data/app/~~iNwcSjv3C2CZCLwcLxpEtA==/com.termux.x11-1tus8NhfW98goVF914TrYw==/base.apk!/lib/arm64-v8a/libXlorie.so
04-17 08:30:58.164 I/LorieNative(16758): ExaTrace: putImage accel count=182528 drawableType=0 drawableId=0x600037 geom=2898x1848 size=2912x22 format=2 depth=24
04-17 08:30:58.168 I/LorieNative(16758): DamageTraceV2: PutImage count=180480 drawableType=WINDOW screenPixmap=0 drawable=0xb400007cd98d66b0 geom=2898x1848 box=0,770-2898,792 backend=other fn=0x7bd5f2ee24 fn_offset=0x30de24 fbase=0x7bd5c21000 sym=unknown so=/data/app/~~iNwcSjv3C2CZCLwcLxpEtA==/com.termux.x11-1tus8NhfW98goVF914TrYw==/base.apk!/lib/arm64-v8a/libXlorie.so
04-17 08:30:58.253 I/LorieNative(16758): DamageTraceV2: PutImage count=180544 drawableType=WINDOW screenPixmap=0 drawable=0xb400007cd98d66b0 geom=2898x1848 box=0,330-2898,352 backend=other fn=0x7bd5f2ee24 fn_offset=0x30de24 fbase=0x7bd5c21000 sym=unknown so=/data/app/~~iNwcSjv3C2CZCLwcLxpEtA==/com.termux.x11-1tus8NhfW98goVF914TrYw==/base.apk!/lib/arm64-v8a/libXlorie.so
04-17 08:30:58.272 I/LorieNative(16758): ExaTrace: putImage accel count=182656 drawableType=0 drawableId=0x600037 geom=2898x1848 size=2912x22 format=2 depth=24
04-17 08:30:58.275 I/LorieNative(16758): DamageTraceV2: PutImage count=180608 drawableType=WINDOW screenPixmap=0 drawable=0xb400007cd98d66b0 geom=2898x1848 box=0,1738-2898,1760 backend=other fn=0x7bd5f2ee24 fn_offset=0x30de24 fbase=0x7bd5c21000 sym=unknown so=/data/app/~~iNwcSjv3C2CZCLwcLxpEtA==/com.termux.x11-1tus8NhfW98goVF914TrYw==/base.apk!/lib/arm64-v8a/libXlorie.so
04-17 08:30:58.375 I/LorieNative(16758): DamageTraceV2: PutImage count=180672 drawableType=WINDOW screenPixmap=0 drawable=0xb400007cd98d66b0 geom=2898x1848 box=0,1298-2898,1320 backend=other fn=0x7bd5f2ee24 fn_offset=0x30de24 fbase=0x7bd5c21000 sym=unknown so=/data/app/~~iNwcSjv3C2CZCLwcLxpEtA==/com.termux.x11-1tus8NhfW98goVF914TrYw==/base.apk!/lib/arm64-v8a/libXlorie.so
04-17 08:30:58.451 I/LorieNative(16758): ExaTrace: putImage accel count=182784 drawableType=0 drawableId=0x600037 geom=2898x1848 size=2912x22 format=2 depth=24
04-17 08:30:58.454 I/LorieNative(16758): DamageTraceV2: PutImage count=180736 drawableType=WINDOW screenPixmap=0 drawable=0xb400007cd98d66b0 geom=2898x1848 box=0,858-2898,880 backend=other fn=0x7bd5f2ee24 fn_offset=0x30de24 fbase=0x7bd5c21000 sym=unknown so=/data/app/~~iNwcSjv3C2CZCLwcLxpEtA==/com.termux.x11-1tus8NhfW98goVF914TrYw==/base.apk!/lib/arm64-v8a/libXlorie.so
04-17 08:30:58.526 I/LorieNative(16758): DamageTraceV2: PutImage count=180800 drawableType=WINDOW screenPixmap=0 drawable=0xb400007cd98d66b0 geom=2898x1848 box=0,418-2898,440 backend=other fn=0x7bd5f2ee24 fn_offset=0x30de24 fbase=0x7bd5c21000 sym=unknown so=/data/app/~~iNwcSjv3C2CZCLwcLxpEtA==/com.termux.x11-1tus8NhfW98goVF914TrYw==/base.apk!/lib/arm64-v8a/libXlorie.so
04-17 08:30:58.541 I/LorieNative(16758): ExaTrace: putImage accel count=182912 drawableType=0 drawableId=0x600037 geom=2898x1848 size=2912x22 format=2 depth=24
04-17 08:30:58.547 I/LorieNative(16758): DamageTraceV2: PutImage count=180864 drawableType=WINDOW screenPixmap=0 drawable=0xb400007cd98d66b0 geom=2898x1848 box=0,1826-2898,1848 backend=other fn=0x7bd5f2ee24 fn_offset=0x30de24 fbase=0x7bd5c21000 sym=unknown so=/data/app/~~iNwcSjv3C2CZCLwcLxpEtA==/com.termux.x11-1tus8NhfW98goVF914TrYw==/base.apk!/lib/arm64-v8a/libXlorie.so
04-17 08:30:58.635 I/LorieNative(16758): DamageTraceV2: PutImage count=180928 drawableType=WINDOW screenPixmap=0 drawable=0xb400007cd98d66b0 geom=2898x1848 box=0,1386-2898,1408 backend=other fn=0x7bd5f2ee24 fn_offset=0x30de24 fbase=0x7bd5c21000 sym=unknown so=/data/app/~~iNwcSjv3C2CZCLwcLxpEtA==/com.termux.x11-1tus8NhfW98goVF914TrYw==/base.apk!/lib/arm64-v8a/libXlorie.so
04-17 08:30:58.707 I/LorieNative(16758): ExaTrace: putImage accel count=183040 drawableType=0 drawableId=0x600037 geom=2898x1848 size=2912x22 format=2 depth=24
04-17 08:30:58.713 I/LorieNative(16758): DamageTraceV2: PutImage count=180992 drawableType=WINDOW screenPixmap=0 drawable=0xb400007cd98d66b0 geom=2898x1848 box=0,946-2898,968 backend=other fn=0x7bd5f2ee24 fn_offset=0x30de24 fbase=0x7bd5c21000 sym=unknown so=/data/app/~~iNwcSjv3C2CZCLwcLxpEtA==/com.termux.x11-1tus8NhfW98goVF914TrYw==/base.apk!/lib/arm64-v8a/libXlorie.so
04-17 08:30:58.794 I/LorieNative(16758): DamageTraceV2: PutImage count=181056 drawableType=WINDOW screenPixmap=0 drawable=0xb400007cd98d66b0 geom=2898x1848 box=0,506-2898,528 backend=other fn=0x7bd5f2ee24 fn_offset=0x30de24 fbase=0x7bd5c21000 sym=unknown so=/data/app/~~iNwcSjv3C2CZCLwcLxpEtA==/com.termux.x11-1tus8NhfW98goVF914TrYw==/base.apk!/lib/arm64-v8a/libXlorie.so
04-17 08:30:58.812 I/LorieNative(16758): ExaTrace: putImage accel count=183168 drawableType=0 drawableId=0x600037 geom=2898x1848 size=2912x22 format=2 depth=24
04-17 08:30:58.884 I/LorieNative(16758): DamageTraceV2: PutImage count=181120 drawableType=WINDOW screenPixmap=0 drawable=0xb400007cd98d66b0 geom=2898x1848 box=0,66-2898,88 backend=other fn=0x7bd5f2ee24 fn_offset=0x30de24 fbase=0x7bd5c21000 sym=unknown so=/data/app/~~iNwcSjv3C2CZCLwcLxpEtA==/com.termux.x11-1tus8NhfW98goVF914TrYw==/base.apk!/lib/arm64-v8a/libXlorie.so
04-17 08:30:58.904 I/LorieNative(16758): DamageTraceV2: PutImage count=181184 drawableType=WINDOW screenPixmap=0 drawable=0xb400007cd98d66b0 geom=2898x1848 box=0,1474-2898,1496 backend=other fn=0x7bd5f2ee24 fn_offset=0x30de24 fbase=0x7bd5c21000 sym=unknown so=/data/app/~~iNwcSjv3C2CZCLwcLxpEtA==/com.termux.x11-1tus8NhfW98goVF914TrYw==/base.apk!/lib/arm64-v8a/libXlorie.so
04-17 08:30:58.962 I/LorieNative(16758): ExaTrace: putImage accel count=183296 drawableType=0 drawableId=0x600037 geom=2898x1848 size=2912x22 format=2 depth=24
04-17 08:30:58.964 I/LorieNative(16758): DamageTraceV2: PutImage count=181248 drawableType=WINDOW screenPixmap=0 drawable=0xb400007cd98d66b0 geom=2898x1848 box=0,1034-2898,1056 backend=other fn=0x7bd5f2ee24 fn_offset=0x30de24 fbase=0x7bd5c21000 sym=unknown so=/data/app/~~iNwcSjv3C2CZCLwcLxpEtA==/com.termux.x11-1tus8NhfW98goVF914TrYw==/base.apk!/lib/arm64-v8a/libXlorie.so
04-17 08:30:59.018 I/LorieNative(16758): DamageTraceV2: PutImage count=181312 drawableType=WINDOW screenPixmap=0 drawable=0xb400007cd98d66b0 geom=2898x1848 box=0,594-2898,616 backend=other fn=0x7bd5f2ee24 fn_offset=0x30de24 fbase=0x7bd5c21000 sym=unknown so=/data/app/~~iNwcSjv3C2CZCLwcLxpEtA==/com.termux.x11-1tus8NhfW98goVF914TrYw==/base.apk!/lib/arm64-v8a/libXlorie.so
04-17 08:30:59.027 I/LorieNative(16758): ExaTrace: putImage accel count=183424 drawableType=0 drawableId=0x600037 geom=2898x1848 size=2912x22 format=2 depth=24
04-17 08:30:59.083 I/LorieNative(16758): DamageTraceV2: PutImage count=181376 drawableType=WINDOW screenPixmap=0 drawable=0xb400007cd98d66b0 geom=2898x1848 box=0,154-2898,176 backend=other fn=0x7bd5f2ee24 fn_offset=0x30de24 fbase=0x7bd5c21000 sym=unknown so=/data/app/~~iNwcSjv3C2CZCLwcLxpEtA==/com.termux.x11-1tus8NhfW98goVF914TrYw==/base.apk!/lib/arm64-v8a/libXlorie.so
04-17 08:30:59.102 I/LorieNative(16758): DamageTraceV2: PutImage count=181440 drawableType=WINDOW screenPixmap=0 drawable=0xb400007cd98d66b0 geom=2898x1848 box=0,1562-2898,1584 backend=other fn=0x7bd5f2ee24 fn_offset=0x30de24 fbase=0x7bd5c21000 sym=unknown so=/data/app/~~iNwcSjv3C2CZCLwcLxpEtA==/com.termux.x11-1tus8NhfW98goVF914TrYw==/base.apk!/lib/arm64-v8a/libXlorie.so
04-17 08:30:59.179 I/LorieNative(16758): ExaTrace: putImage accel count=183552 drawableType=0 drawableId=0x600037 geom=2898x1848 size=2912x22 format=2 depth=24
04-17 08:30:59.187 I/LorieNative(16758): DamageTraceV2: PutImage count=181504 drawableType=WINDOW screenPixmap=0 drawable=0xb400007cd98d66b0 geom=2898x1848 box=0,1122-2898,1144 backend=other fn=0x7bd5f2ee24 fn_offset=0x30de24 fbase=0x7bd5c21000 sym=unknown so=/data/app/~~iNwcSjv3C2CZCLwcLxpEtA==/com.termux.x11-1tus8NhfW98goVF914TrYw==/base.apk!/lib/arm64-v8a/libXlorie.so
04-17 08:30:59.274 I/LorieNative(16758): DamageTraceV2: PutImage count=181568 drawableType=WINDOW screenPixmap=0 drawable=0xb400007cd98d66b0 geom=2898x1848 box=0,682-2898,704 backend=other fn=0x7bd5f2ee24 fn_offset=0x30de24 fbase=0x7bd5c21000 sym=unknown so=/data/app/~~iNwcSjv3C2CZCLwcLxpEtA==/com.termux.x11-1tus8NhfW98goVF914TrYw==/base.apk!/lib/arm64-v8a/libXlorie.so
04-17 08:30:59.287 I/LorieNative(16758): ExaTrace: putImage accel count=183680 drawableType=0 drawableId=0x600037 geom=2898x1848 size=2912x22 format=2 depth=24
04-17 08:30:59.356 I/LorieNative(16758): DamageTraceV2: PutImage count=181632 drawableType=WINDOW screenPixmap=0 drawable=0xb400007cd98d66b0 geom=2898x1848 box=0,242-2898,264 backend=other fn=0x7bd5f2ee24 fn_offset=0x30de24 fbase=0x7bd5c21000 sym=unknown so=/data/app/~~iNwcSjv3C2CZCLwcLxpEtA==/com.termux.x11-1tus8NhfW98goVF914TrYw==/base.apk!/lib/arm64-v8a/libXlorie.so
04-17 08:30:59.367 I/LorieNative(16758): DamageTraceV2: PutImage count=181696 drawableType=WINDOW screenPixmap=0 drawable=0xb400007cd98d66b0 geom=2898x1848 box=0,1650-2898,1672 backend=other fn=0x7bd5f2ee24 fn_offset=0x30de24 fbase=0x7bd5c21000 sym=unknown so=/data/app/~~iNwcSjv3C2CZCLwcLxpEtA==/com.termux.x11-1tus8NhfW98goVF914TrYw==/base.apk!/lib/arm64-v8a/libXlorie.so
04-17 08:30:59.434 I/LorieNative(16758): ExaTrace: putImage accel count=183808 drawableType=0 drawableId=0x600037 geom=2898x1848 size=2912x22 format=2 depth=24
04-17 08:30:59.442 I/LorieNative(16758): DamageTraceV2: PutImage count=181760 drawableType=WINDOW screenPixmap=0 drawable=0xb400007cd98d66b0 geom=2898x1848 box=0,1210-2898,1232 backend=other fn=0x7bd5f2ee24 fn_offset=0x30de24 fbase=0x7bd5c21000 sym=unknown so=/data/app/~~iNwcSjv3C2CZCLwcLxpEtA==/com.termux.x11-1tus8NhfW98goVF914TrYw==/base.apk!/lib/arm64-v8a/libXlorie.so
04-17 08:30:59.522 I/LorieNative(16758): DamageTraceV2: PutImage count=181824 drawableType=WINDOW screenPixmap=0 drawable=0xb400007cd98d66b0 geom=2898x1848 box=0,770-2898,792 backend=other fn=0x7bd5f2ee24 fn_offset=0x30de24 fbase=0x7bd5c21000 sym=unknown so=/data/app/~~iNwcSjv3C2CZCLwcLxpEtA==/com.termux.x11-1tus8NhfW98goVF914TrYw==/base.apk!/lib/arm64-v8a/libXlorie.so
04-17 08:30:59.598 I/LorieNative(16758): ExaTrace: putImage accel count=183936 drawableType=0 drawableId=0x600037 geom=2898x1848 size=2912x22 format=2 depth=24
04-17 08:30:59.605 I/LorieNative(16758): DamageTraceV2: PutImage count=181888 drawableType=WINDOW screenPixmap=0 drawable=0xb400007cd98d66b0 geom=2898x1848 box=0,330-2898,352 backend=other fn=0x7bd5f2ee24 fn_offset=0x30de24 fbase=0x7bd5c21000 sym=unknown so=/data/app/~~iNwcSjv3C2CZCLwcLxpEtA==/com.termux.x11-1tus8NhfW98goVF914TrYw==/base.apk!/lib/arm64-v8a/libXlorie.so
04-17 08:30:59.623 I/LorieNative(16758): DamageTraceV2: PutImage count=181952 drawableType=WINDOW screenPixmap=0 drawable=0xb400007cd98d66b0 geom=2898x1848 box=0,1738-2898,1760 backend=other fn=0x7bd5f2ee24 fn_offset=0x30de24 fbase=0x7bd5c21000 sym=unknown so=/data/app/~~iNwcSjv3C2CZCLwcLxpEtA==/com.termux.x11-1tus8NhfW98goVF914TrYw==/base.apk!/lib/arm64-v8a/libXlorie.so
04-17 08:30:59.703 I/LorieNative(16758): ExaTrace: putImage accel count=184064 drawableType=0 drawableId=0x600037 geom=2898x1848 size=2912x22 format=2 depth=24
04-17 08:30:59.705 I/LorieNative(16758): DamageTraceV2: PutImage count=182016 drawableType=WINDOW screenPixmap=0 drawable=0xb400007cd98d66b0 geom=2898x1848 box=0,1298-2898,1320 backend=other fn=0x7bd5f2ee24 fn_offset=0x30de24 fbase=0x7bd5c21000 sym=unknown so=/data/app/~~iNwcSjv3C2CZCLwcLxpEtA==/com.termux.x11-1tus8NhfW98goVF914TrYw==/base.apk!/lib/arm64-v8a/libXlorie.so
04-17 08:30:59.773 I/LorieNative(16758): DamageTraceV2: PutImage count=182080 drawableType=WINDOW screenPixmap=0 drawable=0xb400007cd98d66b0 geom=2898x1848 box=0,858-2898,880 backend=other fn=0x7bd5f2ee24 fn_offset=0x30de24 fbase=0x7bd5c21000 sym=unknown so=/data/app/~~iNwcSjv3C2CZCLwcLxpEtA==/com.termux.x11-1tus8NhfW98goVF914TrYw==/base.apk!/lib/arm64-v8a/libXlorie.so
04-17 08:30:59.837 I/LorieNative(16758): ExaTrace: putImage accel count=184192 drawableType=0 drawableId=0x600037 geom=2898x1848 size=2912x22 format=2 depth=24
04-17 08:30:59.842 I/LorieNative(16758): DamageTraceV2: PutImage count=182144 drawableType=WINDOW screenPixmap=0 drawable=0xb400007cd98d66b0 geom=2898x1848 box=0,418-2898,440 backend=other fn=0x7bd5f2ee24 fn_offset=0x30de24 fbase=0x7bd5c21000 sym=unknown so=/data/app/~~iNwcSjv3C2CZCLwcLxpEtA==/com.termux.x11-1tus8NhfW98goVF914TrYw==/base.apk!/lib/arm64-v8a/libXlorie.so
04-17 08:30:59.859 I/LorieNative(16758): DamageTraceV2: PutImage count=182208 drawableType=WINDOW screenPixmap=0 drawable=0xb400007cd98d66b0 geom=2898x1848 box=0,1826-2898,1848 backend=other fn=0x7bd5f2ee24 fn_offset=0x30de24 fbase=0x7bd5c21000 sym=unknown so=/data/app/~~iNwcSjv3C2CZCLwcLxpEtA==/com.termux.x11-1tus8NhfW98goVF914TrYw==/base.apk!/lib/arm64-v8a/libXlorie.so
04-17 08:30:59.935 I/LorieNative(16758): ExaTrace: putImage accel count=184320 drawableType=0 drawableId=0x600037 geom=2898x1848 size=2912x22 format=2 depth=24
04-17 08:30:59.938 I/LorieNative(16758): DamageTraceV2: PutImage count=182272 drawableType=WINDOW screenPixmap=0 drawable=0xb400007cd98d66b0 geom=2898x1848 box=0,1386-2898,1408 backend=other fn=0x7bd5f2ee24 fn_offset=0x30de24 fbase=0x7bd5c21000 sym=unknown so=/data/app/~~iNwcSjv3C2CZCLwcLxpEtA==/com.termux.x11-1tus8NhfW98goVF914TrYw==/base.apk!/lib/arm64-v8a/libXlorie.so
04-17 08:31:00.014 I/LorieNative(16758): DamageTraceV2: PutImage count=182336 drawableType=WINDOW screenPixmap=0 drawable=0xb400007cd98d66b0 geom=2898x1848 box=0,946-2898,968 backend=other fn=0x7bd5f2ee24 fn_offset=0x30de24 fbase=0x7bd5c21000 sym=unknown so=/data/app/~~iNwcSjv3C2CZCLwcLxpEtA==/com.termux.x11-1tus8NhfW98goVF914TrYw==/base.apk!/lib/arm64-v8a/libXlorie.so
04-17 08:31:00.091 I/LorieNative(16758): ExaTrace: putImage accel count=184448 drawableType=0 drawableId=0x600037 geom=2898x1848 size=2912x22 format=2 depth=24
04-17 08:31:00.095 I/LorieNative(16758): DamageTraceV2: PutImage count=182400 drawableType=WINDOW screenPixmap=0 drawable=0xb400007cd98d66b0 geom=2898x1848 box=0,506-2898,528 backend=other fn=0x7bd5f2ee24 fn_offset=0x30de24 fbase=0x7bd5c21000 sym=unknown so=/data/app/~~iNwcSjv3C2CZCLwcLxpEtA==/com.termux.x11-1tus8NhfW98goVF914TrYw==/base.apk!/lib/arm64-v8a/libXlorie.so
04-17 08:31:00.188 I/LorieNative(16758): DamageTraceV2: PutImage count=182464 drawableType=WINDOW screenPixmap=0 drawable=0xb400007cd98d66b0 geom=2898x1848 box=0,66-2898,88 backend=other fn=0x7bd5f2ee24 fn_offset=0x30de24 fbase=0x7bd5c21000 sym=unknown so=/data/app/~~iNwcSjv3C2CZCLwcLxpEtA==/com.termux.x11-1tus8NhfW98goVF914TrYw==/base.apk!/lib/arm64-v8a/libXlorie.so
04-17 08:31:00.214 I/LorieNative(16758): ExaTrace: putImage accel count=184576 drawableType=0 drawableId=0x600037 geom=2898x1848 size=2912x22 format=2 depth=24
04-17 08:31:00.219 I/LorieNative(16758): DamageTraceV2: PutImage count=182528 drawableType=WINDOW screenPixmap=0 drawable=0xb400007cd98d66b0 geom=2898x1848 box=0,1474-2898,1496 backend=other fn=0x7bd5f2ee24 fn_offset=0x30de24 fbase=0x7bd5c21000 sym=unknown so=/data/app/~~iNwcSjv3C2CZCLwcLxpEtA==/com.termux.x11-1tus8NhfW98goVF914TrYw==/base.apk!/lib/arm64-v8a/libXlorie.so
04-17 08:31:00.295 I/LorieNative(16758): DamageTraceV2: PutImage count=182592 drawableType=WINDOW screenPixmap=0 drawable=0xb400007cd98d66b0 geom=2898x1848 box=0,1034-2898,1056 backend=other fn=0x7bd5f2ee24 fn_offset=0x30de24 fbase=0x7bd5c21000 sym=unknown so=/data/app/~~iNwcSjv3C2CZCLwcLxpEtA==/com.termux.x11-1tus8NhfW98goVF914TrYw==/base.apk!/lib/arm64-v8a/libXlorie.so
04-17 08:31:00.373 I/LorieNative(16758): ExaTrace: putImage accel count=184704 drawableType=0 drawableId=0x600037 geom=2898x1848 size=2912x22 format=2 depth=24
04-17 08:31:00.378 I/LorieNative(16758): DamageTraceV2: PutImage count=182656 drawableType=WINDOW screenPixmap=0 drawable=0xb400007cd98d66b0 geom=2898x1848 box=0,594-2898,616 backend=other fn=0x7bd5f2ee24 fn_offset=0x30de24 fbase=0x7bd5c21000 sym=unknown so=/data/app/~~iNwcSjv3C2CZCLwcLxpEtA==/com.termux.x11-1tus8NhfW98goVF914TrYw==/base.apk!/lib/arm64-v8a/libXlorie.so
04-17 08:31:00.458 I/LorieNative(16758): DamageTraceV2: PutImage count=182720 drawableType=WINDOW screenPixmap=0 drawable=0xb400007cd98d66b0 geom=2898x1848 box=0,154-2898,176 backend=other fn=0x7bd5f2ee24 fn_offset=0x30de24 fbase=0x7bd5c21000 sym=unknown so=/data/app/~~iNwcSjv3C2CZCLwcLxpEtA==/com.termux.x11-1tus8NhfW98goVF914TrYw==/base.apk!/lib/arm64-v8a/libXlorie.so
04-17 08:31:00.472 I/LorieNative(16758): ExaTrace: putImage accel count=184832 drawableType=0 drawableId=0x600037 geom=2898x1848 size=2912x22 format=2 depth=24
04-17 08:31:00.475 I/LorieNative(16758): DamageTraceV2: PutImage count=182784 drawableType=WINDOW screenPixmap=0 drawable=0xb400007cd98d66b0 geom=2898x1848 box=0,1562-2898,1584 backend=other fn=0x7bd5f2ee24 fn_offset=0x30de24 fbase=0x7bd5c21000 sym=unknown so=/data/app/~~iNwcSjv3C2CZCLwcLxpEtA==/com.termux.x11-1tus8NhfW98goVF914TrYw==/base.apk!/lib/arm64-v8a/libXlorie.so
04-17 08:31:00.547 I/LorieNative(16758): DamageTraceV2: PutImage count=182848 drawableType=WINDOW screenPixmap=0 drawable=0xb400007cd98d66b0 geom=2898x1848 box=0,1122-2898,1144 backend=other fn=0x7bd5f2ee24 fn_offset=0x30de24 fbase=0x7bd5c21000 sym=unknown so=/data/app/~~iNwcSjv3C2CZCLwcLxpEtA==/com.termux.x11-1tus8NhfW98goVF914TrYw==/base.apk!/lib/arm64-v8a/libXlorie.so
04-17 08:31:00.619 I/LorieNative(16758): ExaTrace: putImage accel count=184960 drawableType=0 drawableId=0x600037 geom=2898x1848 size=2912x22 format=2 depth=24
04-17 08:31:00.625 I/LorieNative(16758): choreographer callbacks in 5.0 seconds = 120.4 FPS
04-17 08:31:00.625 I/LorieNative(16758): redraw wakeups in 5.0 seconds = 120.4 FPS
04-17 08:31:00.626 I/LorieNative(16758): damage-triggered redraws in 5.0 seconds = 25.6 FPS
04-17 08:31:00.626 I/LorieNative(16758): AhbLockTrace: sticky=0 lock_calls=128 unlock_calls=128 sticky_hits=4984 flush_skipped=0 in 5.0s
04-17 08:31:00.626 I/LorieNative(16758): present flip attempts in 5.0 seconds = 0.0 FPS (accepted 0.0, rejected 0.0)
04-17 08:31:00.626 I/LorieNative(16758): present after-flips in 5.0 seconds = 0.0 FPS
04-17 08:31:00.626 I/LorieNative(16758): 127 frames in 5.0 seconds = 25.4 FPS
04-17 08:31:00.627 I/LorieNative(16758): DamageTraceV2: PutImage count=182912 drawableType=WINDOW screenPixmap=0 drawable=0xb400007cd98d66b0 geom=2898x1848 box=0,682-2898,704 backend=other fn=0x7bd5f2ee24 fn_offset=0x30de24 fbase=0x7bd5c21000 sym=unknown so=/data/app/~~iNwcSjv3C2CZCLwcLxpEtA==/com.termux.x11-1tus8NhfW98goVF914TrYw==/base.apk!/lib/arm64-v8a/libXlorie.so
04-17 08:31:00.730 I/LorieNative(16758): DamageTraceV2: PutImage count=182976 drawableType=WINDOW screenPixmap=0 drawable=0xb400007cd98d66b0 geom=2898x1848 box=0,242-2898,264 backend=other fn=0x7bd5f2ee24 fn_offset=0x30de24 fbase=0x7bd5c21000 sym=unknown so=/data/app/~~iNwcSjv3C2CZCLwcLxpEtA==/com.termux.x11-1tus8NhfW98goVF914TrYw==/base.apk!/lib/arm64-v8a/libXlorie.so
04-17 08:31:00.744 I/LorieNative(16758): ExaTrace: putImage accel count=185088 drawableType=0 drawableId=0x600037 geom=2898x1848 size=2912x22 format=2 depth=24
04-17 08:31:00.751 I/LorieNative(16758): DamageTraceV2: PutImage count=183040 drawableType=WINDOW screenPixmap=0 drawable=0xb400007cd98d66b0 geom=2898x1848 box=0,1650-2898,1672 backend=other fn=0x7bd5f2ee24 fn_offset=0x30de24 fbase=0x7bd5c21000 sym=unknown so=/data/app/~~iNwcSjv3C2CZCLwcLxpEtA==/com.termux.x11-1tus8NhfW98goVF914TrYw==/base.apk!/lib/arm64-v8a/libXlorie.so
04-17 08:31:00.865 I/LorieNative(16758): DamageTraceV2: PutImage count=183104 drawableType=WINDOW screenPixmap=0 drawable=0xb400007cd98d66b0 geom=2898x1848 box=0,1210-2898,1232 backend=other fn=0x7bd5f2ee24 fn_offset=0x30de24 fbase=0x7bd5c21000 sym=unknown so=/data/app/~~iNwcSjv3C2CZCLwcLxpEtA==/com.termux.x11-1tus8NhfW98goVF914TrYw==/base.apk!/lib/arm64-v8a/libXlorie.so
04-17 08:31:00.945 I/LorieNative(16758): ExaTrace: putImage accel count=185216 drawableType=0 drawableId=0x600037 geom=2898x1848 size=2912x22 format=2 depth=24
04-17 08:31:00.951 I/LorieNative(16758): DamageTraceV2: PutImage count=183168 drawableType=WINDOW screenPixmap=0 drawable=0xb400007cd98d66b0 geom=2898x1848 box=0,770-2898,792 backend=other fn=0x7bd5f2ee24 fn_offset=0x30de24 fbase=0x7bd5c21000 sym=unknown so=/data/app/~~iNwcSjv3C2CZCLwcLxpEtA==/com.termux.x11-1tus8NhfW98goVF914TrYw==/base.apk!/lib/arm64-v8a/libXlorie.so
04-17 08:31:01.028 I/LorieNative(16758): DamageTraceV2: PutImage count=183232 drawableType=WINDOW screenPixmap=0 drawable=0xb400007cd98d66b0 geom=2898x1848 box=0,330-2898,352 backend=other fn=0x7bd5f2ee24 fn_offset=0x30de24 fbase=0x7bd5c21000 sym=unknown so=/data/app/~~iNwcSjv3C2CZCLwcLxpEtA==/com.termux.x11-1tus8NhfW98goVF914TrYw==/base.apk!/lib/arm64-v8a/libXlorie.so
04-17 08:31:01.041 I/LorieNative(16758): ExaTrace: putImage accel count=185344 drawableType=0 drawableId=0x600037 geom=2898x1848 size=2912x22 format=2 depth=24
04-17 08:31:01.044 I/LorieNative(16758): DamageTraceV2: PutImage count=183296 drawableType=WINDOW screenPixmap=0 drawable=0xb400007cd98d66b0 geom=2898x1848 box=0,1738-2898,1760 backend=other fn=0x7bd5f2ee24 fn_offset=0x30de24 fbase=0x7bd5c21000 sym=unknown so=/data/app/~~iNwcSjv3C2CZCLwcLxpEtA==/com.termux.x11-1tus8NhfW98goVF914TrYw==/base.apk!/lib/arm64-v8a/libXlorie.so
04-17 08:31:01.109 I/LorieNative(16758): DamageTraceV2: PutImage count=183360 drawableType=WINDOW screenPixmap=0 drawable=0xb400007cd98d66b0 geom=2898x1848 box=0,1298-2898,1320 backend=other fn=0x7bd5f2ee24 fn_offset=0x30de24 fbase=0x7bd5c21000 sym=unknown so=/data/app/~~iNwcSjv3C2CZCLwcLxpEtA==/com.termux.x11-1tus8NhfW98goVF914TrYw==/base.apk!/lib/arm64-v8a/libXlorie.so
04-17 08:31:01.166 I/LorieNative(16758): ExaTrace: putImage accel count=185472 drawableType=0 drawableId=0x600037 geom=2898x1848 size=2912x22 format=2 depth=24
04-17 08:31:01.170 I/LorieNative(16758): DamageTraceV2: PutImage count=183424 drawableType=WINDOW screenPixmap=0 drawable=0xb400007cd98d66b0 geom=2898x1848 box=0,858-2898,880 backend=other fn=0x7bd5f2ee24 fn_offset=0x30de24 fbase=0x7bd5c21000 sym=unknown so=/data/app/~~iNwcSjv3C2CZCLwcLxpEtA==/com.termux.x11-1tus8NhfW98goVF914TrYw==/base.apk!/lib/arm64-v8a/libXlorie.so
04-17 08:31:01.246 I/LorieNative(16758): DamageTraceV2: PutImage count=183488 drawableType=WINDOW screenPixmap=0 drawable=0xb400007cd98d66b0 geom=2898x1848 box=0,418-2898,440 backend=other fn=0x7bd5f2ee24 fn_offset=0x30de24 fbase=0x7bd5c21000 sym=unknown so=/data/app/~~iNwcSjv3C2CZCLwcLxpEtA==/com.termux.x11-1tus8NhfW98goVF914TrYw==/base.apk!/lib/arm64-v8a/libXlorie.so
04-17 08:31:01.261 I/LorieNative(16758): ExaTrace: putImage accel count=185600 drawableType=0 drawableId=0x600037 geom=2898x1848 size=2912x22 format=2 depth=24
04-17 08:31:01.273 I/LorieNative(16758): DamageTraceV2: PutImage count=183552 drawableType=WINDOW screenPixmap=0 drawable=0xb400007cd98d66b0 geom=2898x1848 box=0,1826-2898,1848 backend=other fn=0x7bd5f2ee24 fn_offset=0x30de24 fbase=0x7bd5c21000 sym=unknown so=/data/app/~~iNwcSjv3C2CZCLwcLxpEtA==/com.termux.x11-1tus8NhfW98goVF914TrYw==/base.apk!/lib/arm64-v8a/libXlorie.so
04-17 08:31:01.342 I/LorieNative(16758): DamageTraceV2: PutImage count=183616 drawableType=WINDOW screenPixmap=0 drawable=0xb400007cd98d66b0 geom=2898x1848 box=0,1386-2898,1408 backend=other fn=0x7bd5f2ee24 fn_offset=0x30de24 fbase=0x7bd5c21000 sym=unknown so=/data/app/~~iNwcSjv3C2CZCLwcLxpEtA==/com.termux.x11-1tus8NhfW98goVF914TrYw==/base.apk!/lib/arm64-v8a/libXlorie.so
04-17 08:31:01.408 I/LorieNative(16758): ExaTrace: putImage accel count=185728 drawableType=0 drawableId=0x600037 geom=2898x1848 size=2912x22 format=2 depth=24
04-17 08:31:01.413 I/LorieNative(16758): DamageTraceV2: PutImage count=183680 drawableType=WINDOW screenPixmap=0 drawable=0xb400007cd98d66b0 geom=2898x1848 box=0,946-2898,968 backend=other fn=0x7bd5f2ee24 fn_offset=0x30de24 fbase=0x7bd5c21000 sym=unknown so=/data/app/~~iNwcSjv3C2CZCLwcLxpEtA==/com.termux.x11-1tus8NhfW98goVF914TrYw==/base.apk!/lib/arm64-v8a/libXlorie.so
04-17 08:31:01.486 I/LorieNative(16758): DamageTraceV2: PutImage count=183744 drawableType=WINDOW screenPixmap=0 drawable=0xb400007cd98d66b0 geom=2898x1848 box=0,506-2898,528 backend=other fn=0x7bd5f2ee24 fn_offset=0x30de24 fbase=0x7bd5c21000 sym=unknown so=/data/app/~~iNwcSjv3C2CZCLwcLxpEtA==/com.termux.x11-1tus8NhfW98goVF914TrYw==/base.apk!/lib/arm64-v8a/libXlorie.so
04-17 08:31:01.500 I/LorieNative(16758): ExaTrace: putImage accel count=185856 drawableType=0 drawableId=0x600037 geom=2898x1848 size=2912x22 format=2 depth=24
04-17 08:31:01.567 I/LorieNative(16758): DamageTraceV2: PutImage count=183808 drawableType=WINDOW screenPixmap=0 drawable=0xb400007cd98d66b0 geom=2898x1848 box=0,66-2898,88 backend=other fn=0x7bd5f2ee24 fn_offset=0x30de24 fbase=0x7bd5c21000 sym=unknown so=/data/app/~~iNwcSjv3C2CZCLwcLxpEtA==/com.termux.x11-1tus8NhfW98goVF914TrYw==/base.apk!/lib/arm64-v8a/libXlorie.so
04-17 08:31:01.591 I/LorieNative(16758): DamageTraceV2: PutImage count=183872 drawableType=WINDOW screenPixmap=0 drawable=0xb400007cd98d66b0 geom=2898x1848 box=0,1474-2898,1496 backend=other fn=0x7bd5f2ee24 fn_offset=0x30de24 fbase=0x7bd5c21000 sym=unknown so=/data/app/~~iNwcSjv3C2CZCLwcLxpEtA==/com.termux.x11-1tus8NhfW98goVF914TrYw==/base.apk!/lib/arm64-v8a/libXlorie.so
04-17 08:31:01.675 I/LorieNative(16758): ExaTrace: putImage accel count=185984 drawableType=0 drawableId=0x600037 geom=2898x1848 size=2912x22 format=2 depth=24
04-17 08:31:01.680 I/LorieNative(16758): DamageTraceV2: PutImage count=183936 drawableType=WINDOW screenPixmap=0 drawable=0xb400007cd98d66b0 geom=2898x1848 box=0,1034-2898,1056 backend=other fn=0x7bd5f2ee24 fn_offset=0x30de24 fbase=0x7bd5c21000 sym=unknown so=/data/app/~~iNwcSjv3C2CZCLwcLxpEtA==/com.termux.x11-1tus8NhfW98goVF914TrYw==/base.apk!/lib/arm64-v8a/libXlorie.so
04-17 08:31:01.769 I/LorieNative(16758): DamageTraceV2: PutImage count=184000 drawableType=WINDOW screenPixmap=0 drawable=0xb400007cd98d66b0 geom=2898x1848 box=0,594-2898,616 backend=other fn=0x7bd5f2ee24 fn_offset=0x30de24 fbase=0x7bd5c21000 sym=unknown so=/data/app/~~iNwcSjv3C2CZCLwcLxpEtA==/com.termux.x11-1tus8NhfW98goVF914TrYw==/base.apk!/lib/arm64-v8a/libXlorie.so
04-17 08:31:01.781 I/LorieNative(16758): ExaTrace: putImage accel count=186112 drawableType=0 drawableId=0x600037 geom=2898x1848 size=2912x22 format=2 depth=24
04-17 08:31:01.860 I/LorieNative(16758): DamageTraceV2: PutImage count=184064 drawableType=WINDOW screenPixmap=0 drawable=0xb400007cd98d66b0 geom=2898x1848 box=0,154-2898,176 backend=other fn=0x7bd5f2ee24 fn_offset=0x30de24 fbase=0x7bd5c21000 sym=unknown so=/data/app/~~iNwcSjv3C2CZCLwcLxpEtA==/com.termux.x11-1tus8NhfW98goVF914TrYw==/base.apk!/lib/arm64-v8a/libXlorie.so
04-17 08:31:01.871 I/LorieNative(16758): DamageTraceV2: PutImage count=184128 drawableType=WINDOW screenPixmap=0 drawable=0xb400007cd98d66b0 geom=2898x1848 box=0,1562-2898,1584 backend=other fn=0x7bd5f2ee24 fn_offset=0x30de24 fbase=0x7bd5c21000 sym=unknown so=/data/app/~~iNwcSjv3C2CZCLwcLxpEtA==/com.termux.x11-1tus8NhfW98goVF914TrYw==/base.apk!/lib/arm64-v8a/libXlorie.so
04-17 08:31:01.940 I/LorieNative(16758): ExaTrace: putImage accel count=186240 drawableType=0 drawableId=0x600037 geom=2898x1848 size=2912x22 format=2 depth=24
04-17 08:31:01.946 I/LorieNative(16758): DamageTraceV2: PutImage count=184192 drawableType=WINDOW screenPixmap=0 drawable=0xb400007cd98d66b0 geom=2898x1848 box=0,1122-2898,1144 backend=other fn=0x7bd5f2ee24 fn_offset=0x30de24 fbase=0x7bd5c21000 sym=unknown so=/data/app/~~iNwcSjv3C2CZCLwcLxpEtA==/com.termux.x11-1tus8NhfW98goVF914TrYw==/base.apk!/lib/arm64-v8a/libXlorie.so
04-17 08:31:02.024 I/LorieNative(16758): DamageTraceV2: PutImage count=184256 drawableType=WINDOW screenPixmap=0 drawable=0xb400007cd98d66b0 geom=2898x1848 box=0,682-2898,704 backend=other fn=0x7bd5f2ee24 fn_offset=0x30de24 fbase=0x7bd5c21000 sym=unknown so=/data/app/~~iNwcSjv3C2CZCLwcLxpEtA==/com.termux.x11-1tus8NhfW98goVF914TrYw==/base.apk!/lib/arm64-v8a/libXlorie.so
04-17 08:31:02.032 I/LorieNative(16758): ExaTrace: putImage accel count=186368 drawableType=0 drawableId=0x600037 geom=2898x1848 size=2912x22 format=2 depth=24
04-17 08:31:02.092 I/LorieNative(16758): DamageTraceV2: PutImage count=184320 drawableType=WINDOW screenPixmap=0 drawable=0xb400007cd98d66b0 geom=2898x1848 box=0,242-2898,264 backend=other fn=0x7bd5f2ee24 fn_offset=0x30de24 fbase=0x7bd5c21000 sym=unknown so=/data/app/~~iNwcSjv3C2CZCLwcLxpEtA==/com.termux.x11-1tus8NhfW98goVF914TrYw==/base.apk!/lib/arm64-v8a/libXlorie.so
04-17 08:31:02.110 I/LorieNative(16758): DamageTraceV2: PutImage count=184384 drawableType=WINDOW screenPixmap=0 drawable=0xb400007cd98d66b0 geom=2898x1848 box=0,1650-2898,1672 backend=other fn=0x7bd5f2ee24 fn_offset=0x30de24 fbase=0x7bd5c21000 sym=unknown so=/data/app/~~iNwcSjv3C2CZCLwcLxpEtA==/com.termux.x11-1tus8NhfW98goVF914TrYw==/base.apk!/lib/arm64-v8a/libXlorie.so
04-17 08:31:02.187 I/LorieNative(16758): ExaTrace: putImage accel count=186496 drawableType=0 drawableId=0x600037 geom=2898x1848 size=2912x22 format=2 depth=24
04-17 08:31:02.192 I/LorieNative(16758): DamageTraceV2: PutImage count=184448 drawableType=WINDOW screenPixmap=0 drawable=0xb400007cd98d66b0 geom=2898x1848 box=0,1210-2898,1232 backend=other fn=0x7bd5f2ee24 fn_offset=0x30de24 fbase=0x7bd5c21000 sym=unknown so=/data/app/~~iNwcSjv3C2CZCLwcLxpEtA==/com.termux.x11-1tus8NhfW98goVF914TrYw==/base.apk!/lib/arm64-v8a/libXlorie.so
04-17 08:31:02.268 I/LorieNative(16758): DamageTraceV2: PutImage count=184512 drawableType=WINDOW screenPixmap=0 drawable=0xb400007cd98d66b0 geom=2898x1848 box=0,770-2898,792 backend=other fn=0x7bd5f2ee24 fn_offset=0x30de24 fbase=0x7bd5c21000 sym=unknown so=/data/app/~~iNwcSjv3C2CZCLwcLxpEtA==/com.termux.x11-1tus8NhfW98goVF914TrYw==/base.apk!/lib/arm64-v8a/libXlorie.so
04-17 08:31:02.334 I/LorieNative(16758): ExaTrace: putImage accel count=186624 drawableType=0 drawableId=0x600037 geom=2898x1848 size=2912x22 format=2 depth=24
04-17 08:31:02.340 I/LorieNative(16758): DamageTraceV2: PutImage count=184576 drawableType=WINDOW screenPixmap=0 drawable=0xb400007cd98d66b0 geom=2898x1848 box=0,330-2898,352 backend=other fn=0x7bd5f2ee24 fn_offset=0x30de24 fbase=0x7bd5c21000 sym=unknown so=/data/app/~~iNwcSjv3C2CZCLwcLxpEtA==/com.termux.x11-1tus8NhfW98goVF914TrYw==/base.apk!/lib/arm64-v8a/libXlorie.so
04-17 08:31:02.357 I/LorieNative(16758): DamageTraceV2: PutImage count=184640 drawableType=WINDOW screenPixmap=0 drawable=0xb400007cd98d66b0 geom=2898x1848 box=0,1738-2898,1760 backend=other fn=0x7bd5f2ee24 fn_offset=0x30de24 fbase=0x7bd5c21000 sym=unknown so=/data/app/~~iNwcSjv3C2CZCLwcLxpEtA==/com.termux.x11-1tus8NhfW98goVF914TrYw==/base.apk!/lib/arm64-v8a/libXlorie.so
04-17 08:31:02.428 I/LorieNative(16758): ExaTrace: putImage accel count=186752 drawableType=0 drawableId=0x600037 geom=2898x1848 size=2912x22 format=2 depth=24
04-17 08:31:02.433 I/LorieNative(16758): DamageTraceV2: PutImage count=184704 drawableType=WINDOW screenPixmap=0 drawable=0xb400007cd98d66b0 geom=2898x1848 box=0,1298-2898,1320 backend=other fn=0x7bd5f2ee24 fn_offset=0x30de24 fbase=0x7bd5c21000 sym=unknown so=/data/app/~~iNwcSjv3C2CZCLwcLxpEtA==/com.termux.x11-1tus8NhfW98goVF914TrYw==/base.apk!/lib/arm64-v8a/libXlorie.so
04-17 08:31:02.512 I/LorieNative(16758): DamageTraceV2: PutImage count=184768 drawableType=WINDOW screenPixmap=0 drawable=0xb400007cd98d66b0 geom=2898x1848 box=0,858-2898,880 backend=other fn=0x7bd5f2ee24 fn_offset=0x30de24 fbase=0x7bd5c21000 sym=unknown so=/data/app/~~iNwcSjv3C2CZCLwcLxpEtA==/com.termux.x11-1tus8NhfW98goVF914TrYw==/base.apk!/lib/arm64-v8a/libXlorie.so
04-17 08:31:02.583 I/LorieNative(16758): ExaTrace: putImage accel count=186880 drawableType=0 drawableId=0x600037 geom=2898x1848 size=2912x22 format=2 depth=24
04-17 08:31:02.590 I/LorieNative(16758): DamageTraceV2: PutImage count=184832 drawableType=WINDOW screenPixmap=0 drawable=0xb400007cd98d66b0 geom=2898x1848 box=0,418-2898,440 backend=other fn=0x7bd5f2ee24 fn_offset=0x30de24 fbase=0x7bd5c21000 sym=unknown so=/data/app/~~iNwcSjv3C2CZCLwcLxpEtA==/com.termux.x11-1tus8NhfW98goVF914TrYw==/base.apk!/lib/arm64-v8a/libXlorie.so
04-17 08:31:02.615 I/LorieNative(16758): DamageTraceV2: PutImage count=184896 drawableType=WINDOW screenPixmap=0 drawable=0xb400007cd98d66b0 geom=2898x1848 box=0,1826-2898,1848 backend=other fn=0x7bd5f2ee24 fn_offset=0x30de24 fbase=0x7bd5c21000 sym=unknown so=/data/app/~~iNwcSjv3C2CZCLwcLxpEtA==/com.termux.x11-1tus8NhfW98goVF914TrYw==/base.apk!/lib/arm64-v8a/libXlorie.so
04-17 08:31:02.686 I/LorieNative(16758): ExaTrace: putImage accel count=187008 drawableType=0 drawableId=0x600037 geom=2898x1848 size=2912x22 format=2 depth=24
04-17 08:31:02.689 I/LorieNative(16758): DamageTraceV2: PutImage count=184960 drawableType=WINDOW screenPixmap=0 drawable=0xb400007cd98d66b0 geom=2898x1848 box=0,1386-2898,1408 backend=other fn=0x7bd5f2ee24 fn_offset=0x30de24 fbase=0x7bd5c21000 sym=unknown so=/data/app/~~iNwcSjv3C2CZCLwcLxpEtA==/com.termux.x11-1tus8NhfW98goVF914TrYw==/base.apk!/lib/arm64-v8a/libXlorie.so
04-17 08:31:02.773 I/LorieNative(16758): DamageTraceV2: PutImage count=185024 drawableType=WINDOW screenPixmap=0 drawable=0xb400007cd98d66b0 geom=2898x1848 box=0,946-2898,968 backend=other fn=0x7bd5f2ee24 fn_offset=0x30de24 fbase=0x7bd5c21000 sym=unknown so=/data/app/~~iNwcSjv3C2CZCLwcLxpEtA==/com.termux.x11-1tus8NhfW98goVF914TrYw==/base.apk!/lib/arm64-v8a/libXlorie.so
04-17 08:31:02.836 I/LorieNative(16758): ExaTrace: putImage accel count=187136 drawableType=0 drawableId=0x600037 geom=2898x1848 size=2912x22 format=2 depth=24
04-17 08:31:02.841 I/LorieNative(16758): DamageTraceV2: PutImage count=185088 drawableType=WINDOW screenPixmap=0 drawable=0xb400007cd98d66b0 geom=2898x1848 box=0,506-2898,528 backend=other fn=0x7bd5f2ee24 fn_offset=0x30de24 fbase=0x7bd5c21000 sym=unknown so=/data/app/~~iNwcSjv3C2CZCLwcLxpEtA==/com.termux.x11-1tus8NhfW98goVF914TrYw==/base.apk!/lib/arm64-v8a/libXlorie.so
04-17 08:31:02.918 I/LorieNative(16758): DamageTraceV2: PutImage count=185152 drawableType=WINDOW screenPixmap=0 drawable=0xb400007cd98d66b0 geom=2898x1848 box=0,66-2898,88 backend=other fn=0x7bd5f2ee24 fn_offset=0x30de24 fbase=0x7bd5c21000 sym=unknown so=/data/app/~~iNwcSjv3C2CZCLwcLxpEtA==/com.termux.x11-1tus8NhfW98goVF914TrYw==/base.apk!/lib/arm64-v8a/libXlorie.so
04-17 08:31:02.936 I/LorieNative(16758): ExaTrace: putImage accel count=187264 drawableType=0 drawableId=0x600037 geom=2898x1848 size=2912x22 format=2 depth=24
04-17 08:31:02.938 I/LorieNative(16758): DamageTraceV2: PutImage count=185216 drawableType=WINDOW screenPixmap=0 drawable=0xb400007cd98d66b0 geom=2898x1848 box=0,1474-2898,1496 backend=other fn=0x7bd5f2ee24 fn_offset=0x30de24 fbase=0x7bd5c21000 sym=unknown so=/data/app/~~iNwcSjv3C2CZCLwcLxpEtA==/com.termux.x11-1tus8NhfW98goVF914TrYw==/base.apk!/lib/arm64-v8a/libXlorie.so
04-17 08:31:03.013 I/LorieNative(16758): DamageTraceV2: PutImage count=185280 drawableType=WINDOW screenPixmap=0 drawable=0xb400007cd98d66b0 geom=2898x1848 box=0,1034-2898,1056 backend=other fn=0x7bd5f2ee24 fn_offset=0x30de24 fbase=0x7bd5c21000 sym=unknown so=/data/app/~~iNwcSjv3C2CZCLwcLxpEtA==/com.termux.x11-1tus8NhfW98goVF914TrYw==/base.apk!/lib/arm64-v8a/libXlorie.so
04-17 08:31:03.076 I/LorieNative(16758): ExaTrace: putImage accel count=187392 drawableType=0 drawableId=0x600037 geom=2898x1848 size=2912x22 format=2 depth=24
04-17 08:31:03.079 I/LorieNative(16758): DamageTraceV2: PutImage count=185344 drawableType=WINDOW screenPixmap=0 drawable=0xb400007cd98d66b0 geom=2898x1848 box=0,594-2898,616 backend=other fn=0x7bd5f2ee24 fn_offset=0x30de24 fbase=0x7bd5c21000 sym=unknown so=/data/app/~~iNwcSjv3C2CZCLwcLxpEtA==/com.termux.x11-1tus8NhfW98goVF914TrYw==/base.apk!/lib/arm64-v8a/libXlorie.so
04-17 08:31:03.140 I/LorieNative(16758): DamageTraceV2: PutImage count=185408 drawableType=WINDOW screenPixmap=0 drawable=0xb400007cd98d66b0 geom=2898x1848 box=0,154-2898,176 backend=other fn=0x7bd5f2ee24 fn_offset=0x30de24 fbase=0x7bd5c21000 sym=unknown so=/data/app/~~iNwcSjv3C2CZCLwcLxpEtA==/com.termux.x11-1tus8NhfW98goVF914TrYw==/base.apk!/lib/arm64-v8a/libXlorie.so
04-17 08:31:03.148 I/LorieNative(16758): ExaTrace: putImage accel count=187520 drawableType=0 drawableId=0x600037 geom=2898x1848 size=2912x22 format=2 depth=24
04-17 08:31:03.150 I/LorieNative(16758): DamageTraceV2: PutImage count=185472 drawableType=WINDOW screenPixmap=0 drawable=0xb400007cd98d66b0 geom=2898x1848 box=0,1562-2898,1584 backend=other fn=0x7bd5f2ee24 fn_offset=0x30de24 fbase=0x7bd5c21000 sym=unknown so=/data/app/~~iNwcSjv3C2CZCLwcLxpEtA==/com.termux.x11-1tus8NhfW98goVF914TrYw==/base.apk!/lib/arm64-v8a/libXlorie.so
04-17 08:31:03.215 I/LorieNative(16758): DamageTraceV2: PutImage count=185536 drawableType=WINDOW screenPixmap=0 drawable=0xb400007cd98d66b0 geom=2898x1848 box=0,1122-2898,1144 backend=other fn=0x7bd5f2ee24 fn_offset=0x30de24 fbase=0x7bd5c21000 sym=unknown so=/data/app/~~iNwcSjv3C2CZCLwcLxpEtA==/com.termux.x11-1tus8NhfW98goVF914TrYw==/base.apk!/lib/arm64-v8a/libXlorie.so
04-17 08:31:03.281 I/LorieNative(16758): ExaTrace: putImage accel count=187648 drawableType=0 drawableId=0x600037 geom=2898x1848 size=2912x22 format=2 depth=24
04-17 08:31:03.283 I/LorieNative(16758): DamageTraceV2: PutImage count=185600 drawableType=WINDOW screenPixmap=0 drawable=0xb400007cd98d66b0 geom=2898x1848 box=0,682-2898,704 backend=other fn=0x7bd5f2ee24 fn_offset=0x30de24 fbase=0x7bd5c21000 sym=unknown so=/data/app/~~iNwcSjv3C2CZCLwcLxpEtA==/com.termux.x11-1tus8NhfW98goVF914TrYw==/base.apk!/lib/arm64-v8a/libXlorie.so
04-17 08:31:03.349 I/LorieNative(16758): DamageTraceV2: PutImage count=185664 drawableType=WINDOW screenPixmap=0 drawable=0xb400007cd98d66b0 geom=2898x1848 box=0,242-2898,264 backend=other fn=0x7bd5f2ee24 fn_offset=0x30de24 fbase=0x7bd5c21000 sym=unknown so=/data/app/~~iNwcSjv3C2CZCLwcLxpEtA==/com.termux.x11-1tus8NhfW98goVF914TrYw==/base.apk!/lib/arm64-v8a/libXlorie.so
04-17 08:31:03.364 I/LorieNative(16758): ExaTrace: putImage accel count=187776 drawableType=0 drawableId=0x600037 geom=2898x1848 size=2912x22 format=2 depth=24
04-17 08:31:03.367 I/LorieNative(16758): DamageTraceV2: PutImage count=185728 drawableType=WINDOW screenPixmap=0 drawable=0xb400007cd98d66b0 geom=2898x1848 box=0,1650-2898,1672 backend=other fn=0x7bd5f2ee24 fn_offset=0x30de24 fbase=0x7bd5c21000 sym=unknown so=/data/app/~~iNwcSjv3C2CZCLwcLxpEtA==/com.termux.x11-1tus8NhfW98goVF914TrYw==/base.apk!/lib/arm64-v8a/libXlorie.so
04-17 08:31:03.447 I/LorieNative(16758): DamageTraceV2: PutImage count=185792 drawableType=WINDOW screenPixmap=0 drawable=0xb400007cd98d66b0 geom=2898x1848 box=0,1210-2898,1232 backend=other fn=0x7bd5f2ee24 fn_offset=0x30de24 fbase=0x7bd5c21000 sym=unknown so=/data/app/~~iNwcSjv3C2CZCLwcLxpEtA==/com.termux.x11-1tus8NhfW98goVF914TrYw==/base.apk!/lib/arm64-v8a/libXlorie.so
04-17 08:31:03.523 I/LorieNative(16758): ExaTrace: putImage accel count=187904 drawableType=0 drawableId=0x600037 geom=2898x1848 size=2912x22 format=2 depth=24
04-17 08:31:03.528 I/LorieNative(16758): DamageTraceV2: PutImage count=185856 drawableType=WINDOW screenPixmap=0 drawable=0xb400007cd98d66b0 geom=2898x1848 box=0,770-2898,792 backend=other fn=0x7bd5f2ee24 fn_offset=0x30de24 fbase=0x7bd5c21000 sym=unknown so=/data/app/~~iNwcSjv3C2CZCLwcLxpEtA==/com.termux.x11-1tus8NhfW98goVF914TrYw==/base.apk!/lib/arm64-v8a/libXlorie.so
04-17 08:31:03.615 I/LorieNative(16758): DamageTraceV2: PutImage count=185920 drawableType=WINDOW screenPixmap=0 drawable=0xb400007cd98d66b0 geom=2898x1848 box=0,330-2898,352 backend=other fn=0x7bd5f2ee24 fn_offset=0x30de24 fbase=0x7bd5c21000 sym=unknown so=/data/app/~~iNwcSjv3C2CZCLwcLxpEtA==/com.termux.x11-1tus8NhfW98goVF914TrYw==/base.apk!/lib/arm64-v8a/libXlorie.so
04-17 08:31:03.628 I/LorieNative(16758): ExaTrace: putImage accel count=188032 drawableType=0 drawableId=0x600037 geom=2898x1848 size=2912x22 format=2 depth=24
04-17 08:31:03.631 I/LorieNative(16758): DamageTraceV2: PutImage count=185984 drawableType=WINDOW screenPixmap=0 drawable=0xb400007cd98d66b0 geom=2898x1848 box=0,1738-2898,1760 backend=other fn=0x7bd5f2ee24 fn_offset=0x30de24 fbase=0x7bd5c21000 sym=unknown so=/data/app/~~iNwcSjv3C2CZCLwcLxpEtA==/com.termux.x11-1tus8NhfW98goVF914TrYw==/base.apk!/lib/arm64-v8a/libXlorie.so
04-17 08:31:03.717 I/LorieNative(16758): DamageTraceV2: PutImage count=186048 drawableType=WINDOW screenPixmap=0 drawable=0xb400007cd98d66b0 geom=2898x1848 box=0,1298-2898,1320 backend=other fn=0x7bd5f2ee24 fn_offset=0x30de24 fbase=0x7bd5c21000 sym=unknown so=/data/app/~~iNwcSjv3C2CZCLwcLxpEtA==/com.termux.x11-1tus8NhfW98goVF914TrYw==/base.apk!/lib/arm64-v8a/libXlorie.so
04-17 08:31:03.796 I/LorieNative(16758): ExaTrace: putImage accel count=188160 drawableType=0 drawableId=0x600037 geom=2898x1848 size=2912x22 format=2 depth=24
04-17 08:31:03.802 I/LorieNative(16758): DamageTraceV2: PutImage count=186112 drawableType=WINDOW screenPixmap=0 drawable=0xb400007cd98d66b0 geom=2898x1848 box=0,858-2898,880 backend=other fn=0x7bd5f2ee24 fn_offset=0x30de24 fbase=0x7bd5c21000 sym=unknown so=/data/app/~~iNwcSjv3C2CZCLwcLxpEtA==/com.termux.x11-1tus8NhfW98goVF914TrYw==/base.apk!/lib/arm64-v8a/libXlorie.so
04-17 08:31:03.877 I/LorieNative(16758): DamageTraceV2: PutImage count=186176 drawableType=WINDOW screenPixmap=0 drawable=0xb400007cd98d66b0 geom=2898x1848 box=0,418-2898,440 backend=other fn=0x7bd5f2ee24 fn_offset=0x30de24 fbase=0x7bd5c21000 sym=unknown so=/data/app/~~iNwcSjv3C2CZCLwcLxpEtA==/com.termux.x11-1tus8NhfW98goVF914TrYw==/base.apk!/lib/arm64-v8a/libXlorie.so
04-17 08:31:03.890 I/LorieNative(16758): ExaTrace: putImage accel count=188288 drawableType=0 drawableId=0x600037 geom=2898x1848 size=2912x22 format=2 depth=24
04-17 08:31:03.894 I/LorieNative(16758): DamageTraceV2: PutImage count=186240 drawableType=WINDOW screenPixmap=0 drawable=0xb400007cd98d66b0 geom=2898x1848 box=0,1826-2898,1848 backend=other fn=0x7bd5f2ee24 fn_offset=0x30de24 fbase=0x7bd5c21000 sym=unknown so=/data/app/~~iNwcSjv3C2CZCLwcLxpEtA==/com.termux.x11-1tus8NhfW98goVF914TrYw==/base.apk!/lib/arm64-v8a/libXlorie.so
04-17 08:31:03.969 I/LorieNative(16758): DamageTraceV2: PutImage count=186304 drawableType=WINDOW screenPixmap=0 drawable=0xb400007cd98d66b0 geom=2898x1848 box=0,1386-2898,1408 backend=other fn=0x7bd5f2ee24 fn_offset=0x30de24 fbase=0x7bd5c21000 sym=unknown so=/data/app/~~iNwcSjv3C2CZCLwcLxpEtA==/com.termux.x11-1tus8NhfW98goVF914TrYw==/base.apk!/lib/arm64-v8a/libXlorie.so
04-17 08:31:04.048 I/LorieNative(16758): ExaTrace: putImage accel count=188416 drawableType=0 drawableId=0x600037 geom=2898x1848 size=2912x22 format=2 depth=24
04-17 08:31:04.054 I/LorieNative(16758): DamageTraceV2: PutImage count=186368 drawableType=WINDOW screenPixmap=0 drawable=0xb400007cd98d66b0 geom=2898x1848 box=0,946-2898,968 backend=other fn=0x7bd5f2ee24 fn_offset=0x30de24 fbase=0x7bd5c21000 sym=unknown so=/data/app/~~iNwcSjv3C2CZCLwcLxpEtA==/com.termux.x11-1tus8NhfW98goVF914TrYw==/base.apk!/lib/arm64-v8a/libXlorie.so
04-17 08:31:04.133 I/LorieNative(16758): DamageTraceV2: PutImage count=186432 drawableType=WINDOW screenPixmap=0 drawable=0xb400007cd98d66b0 geom=2898x1848 box=0,506-2898,528 backend=other fn=0x7bd5f2ee24 fn_offset=0x30de24 fbase=0x7bd5c21000 sym=unknown so=/data/app/~~iNwcSjv3C2CZCLwcLxpEtA==/com.termux.x11-1tus8NhfW98goVF914TrYw==/base.apk!/lib/arm64-v8a/libXlorie.so
04-17 08:31:04.146 I/LorieNative(16758): ExaTrace: putImage accel count=188544 drawableType=0 drawableId=0x600037 geom=2898x1848 size=2912x22 format=2 depth=24
04-17 08:31:04.208 I/LorieNative(16758): DamageTraceV2: PutImage count=186496 drawableType=WINDOW screenPixmap=0 drawable=0xb400007cd98d66b0 geom=2898x1848 box=0,66-2898,88 backend=other fn=0x7bd5f2ee24 fn_offset=0x30de24 fbase=0x7bd5c21000 sym=unknown so=/data/app/~~iNwcSjv3C2CZCLwcLxpEtA==/com.termux.x11-1tus8NhfW98goVF914TrYw==/base.apk!/lib/arm64-v8a/libXlorie.so
04-17 08:31:04.227 I/LorieNative(16758): DamageTraceV2: PutImage count=186560 drawableType=WINDOW screenPixmap=0 drawable=0xb400007cd98d66b0 geom=2898x1848 box=0,1474-2898,1496 backend=other fn=0x7bd5f2ee24 fn_offset=0x30de24 fbase=0x7bd5c21000 sym=unknown so=/data/app/~~iNwcSjv3C2CZCLwcLxpEtA==/com.termux.x11-1tus8NhfW98goVF914TrYw==/base.apk!/lib/arm64-v8a/libXlorie.so
04-17 08:31:04.306 I/LorieNative(16758): ExaTrace: putImage accel count=188672 drawableType=0 drawableId=0x600037 geom=2898x1848 size=2912x22 format=2 depth=24
04-17 08:31:04.311 I/LorieNative(16758): DamageTraceV2: PutImage count=186624 drawableType=WINDOW screenPixmap=0 drawable=0xb400007cd98d66b0 geom=2898x1848 box=0,1034-2898,1056 backend=other fn=0x7bd5f2ee24 fn_offset=0x30de24 fbase=0x7bd5c21000 sym=unknown so=/data/app/~~iNwcSjv3C2CZCLwcLxpEtA==/com.termux.x11-1tus8NhfW98goVF914TrYw==/base.apk!/lib/arm64-v8a/libXlorie.so
04-17 08:31:04.388 I/LorieNative(16758): DamageTraceV2: PutImage count=186688 drawableType=WINDOW screenPixmap=0 drawable=0xb400007cd98d66b0 geom=2898x1848 box=0,594-2898,616 backend=other fn=0x7bd5f2ee24 fn_offset=0x30de24 fbase=0x7bd5c21000 sym=unknown so=/data/app/~~iNwcSjv3C2CZCLwcLxpEtA==/com.termux.x11-1tus8NhfW98goVF914TrYw==/base.apk!/lib/arm64-v8a/libXlorie.so
04-17 08:31:04.401 I/LorieNative(16758): ExaTrace: putImage accel count=188800 drawableType=0 drawableId=0x600037 geom=2898x1848 size=2912x22 format=2 depth=24
04-17 08:31:04.458 I/LorieNative(16758): DamageTraceV2: PutImage count=186752 drawableType=WINDOW screenPixmap=0 drawable=0xb400007cd98d66b0 geom=2898x1848 box=0,154-2898,176 backend=other fn=0x7bd5f2ee24 fn_offset=0x30de24 fbase=0x7bd5c21000 sym=unknown so=/data/app/~~iNwcSjv3C2CZCLwcLxpEtA==/com.termux.x11-1tus8NhfW98goVF914TrYw==/base.apk!/lib/arm64-v8a/libXlorie.so
04-17 08:31:04.475 I/LorieNative(16758): DamageTraceV2: PutImage count=186816 drawableType=WINDOW screenPixmap=0 drawable=0xb400007cd98d66b0 geom=2898x1848 box=0,1562-2898,1584 backend=other fn=0x7bd5f2ee24 fn_offset=0x30de24 fbase=0x7bd5c21000 sym=unknown so=/data/app/~~iNwcSjv3C2CZCLwcLxpEtA==/com.termux.x11-1tus8NhfW98goVF914TrYw==/base.apk!/lib/arm64-v8a/libXlorie.so
04-17 08:31:04.560 I/LorieNative(16758): ExaTrace: putImage accel count=188928 drawableType=0 drawableId=0x600037 geom=2898x1848 size=2912x22 format=2 depth=24
04-17 08:31:04.565 I/LorieNative(16758): DamageTraceV2: PutImage count=186880 drawableType=WINDOW screenPixmap=0 drawable=0xb400007cd98d66b0 geom=2898x1848 box=0,1122-2898,1144 backend=other fn=0x7bd5f2ee24 fn_offset=0x30de24 fbase=0x7bd5c21000 sym=unknown so=/data/app/~~iNwcSjv3C2CZCLwcLxpEtA==/com.termux.x11-1tus8NhfW98goVF914TrYw==/base.apk!/lib/arm64-v8a/libXlorie.so
04-17 08:31:04.647 I/LorieNative(16758): DamageTraceV2: PutImage count=186944 drawableType=WINDOW screenPixmap=0 drawable=0xb400007cd98d66b0 geom=2898x1848 box=0,682-2898,704 backend=other fn=0x7bd5f2ee24 fn_offset=0x30de24 fbase=0x7bd5c21000 sym=unknown so=/data/app/~~iNwcSjv3C2CZCLwcLxpEtA==/com.termux.x11-1tus8NhfW98goVF914TrYw==/base.apk!/lib/arm64-v8a/libXlorie.so
04-17 08:31:04.659 I/LorieNative(16758): ExaTrace: putImage accel count=189056 drawableType=0 drawableId=0x600037 geom=2898x1848 size=2912x22 format=2 depth=24
04-17 08:31:04.719 I/LorieNative(16758): DamageTraceV2: PutImage count=187008 drawableType=WINDOW screenPixmap=0 drawable=0xb400007cd98d66b0 geom=2898x1848 box=0,242-2898,264 backend=other fn=0x7bd5f2ee24 fn_offset=0x30de24 fbase=0x7bd5c21000 sym=unknown so=/data/app/~~iNwcSjv3C2CZCLwcLxpEtA==/com.termux.x11-1tus8NhfW98goVF914TrYw==/base.apk!/lib/arm64-v8a/libXlorie.so
04-17 08:31:04.743 I/LorieNative(16758): DamageTraceV2: PutImage count=187072 drawableType=WINDOW screenPixmap=0 drawable=0xb400007cd98d66b0 geom=2898x1848 box=0,1650-2898,1672 backend=other fn=0x7bd5f2ee24 fn_offset=0x30de24 fbase=0x7bd5c21000 sym=unknown so=/data/app/~~iNwcSjv3C2CZCLwcLxpEtA==/com.termux.x11-1tus8NhfW98goVF914TrYw==/base.apk!/lib/arm64-v8a/libXlorie.so
04-17 08:31:04.827 I/LorieNative(16758): ExaTrace: putImage accel count=189184 drawableType=0 drawableId=0x600037 geom=2898x1848 size=2912x22 format=2 depth=24
04-17 08:31:04.830 I/LorieNative(16758): DamageTraceV2: PutImage count=187136 drawableType=WINDOW screenPixmap=0 drawable=0xb400007cd98d66b0 geom=2898x1848 box=0,1210-2898,1232 backend=other fn=0x7bd5f2ee24 fn_offset=0x30de24 fbase=0x7bd5c21000 sym=unknown so=/data/app/~~iNwcSjv3C2CZCLwcLxpEtA==/com.termux.x11-1tus8NhfW98goVF914TrYw==/base.apk!/lib/arm64-v8a/libXlorie.so
04-17 08:31:04.909 I/LorieNative(16758): DamageTraceV2: PutImage count=187200 drawableType=WINDOW screenPixmap=0 drawable=0xb400007cd98d66b0 geom=2898x1848 box=0,770-2898,792 backend=other fn=0x7bd5f2ee24 fn_offset=0x30de24 fbase=0x7bd5c21000 sym=unknown so=/data/app/~~iNwcSjv3C2CZCLwcLxpEtA==/com.termux.x11-1tus8NhfW98goVF914TrYw==/base.apk!/lib/arm64-v8a/libXlorie.so
04-17 08:31:04.987 I/LorieNative(16758): ExaTrace: putImage accel count=189312 drawableType=0 drawableId=0x600037 geom=2898x1848 size=2912x22 format=2 depth=24
04-17 08:31:04.995 I/LorieNative(16758): DamageTraceV2: PutImage count=187264 drawableType=WINDOW screenPixmap=0 drawable=0xb400007cd98d66b0 geom=2898x1848 box=0,330-2898,352 backend=other fn=0x7bd5f2ee24 fn_offset=0x30de24 fbase=0x7bd5c21000 sym=unknown so=/data/app/~~iNwcSjv3C2CZCLwcLxpEtA==/com.termux.x11-1tus8NhfW98goVF914TrYw==/base.apk!/lib/arm64-v8a/libXlorie.so
04-17 08:31:05.023 I/LorieNative(16758): DamageTraceV2: PutImage count=187328 drawableType=WINDOW screenPixmap=0 drawable=0xb400007cd98d66b0 geom=2898x1848 box=0,1738-2898,1760 backend=other fn=0x7bd5f2ee24 fn_offset=0x30de24 fbase=0x7bd5c21000 sym=unknown so=/data/app/~~iNwcSjv3C2CZCLwcLxpEtA==/com.termux.x11-1tus8NhfW98goVF914TrYw==/base.apk!/lib/arm64-v8a/libXlorie.so
04-17 08:31:05.089 I/LorieNative(16758): ExaTrace: putImage accel count=189440 drawableType=0 drawableId=0x600037 geom=2898x1848 size=2912x22 format=2 depth=24
04-17 08:31:05.091 I/LorieNative(16758): DamageTraceV2: PutImage count=187392 drawableType=WINDOW screenPixmap=0 drawable=0xb400007cd98d66b0 geom=2898x1848 box=0,1298-2898,1320 backend=other fn=0x7bd5f2ee24 fn_offset=0x30de24 fbase=0x7bd5c21000 sym=unknown so=/data/app/~~iNwcSjv3C2CZCLwcLxpEtA==/com.termux.x11-1tus8NhfW98goVF914TrYw==/base.apk!/lib/arm64-v8a/libXlorie.so
04-17 08:31:05.152 I/LorieNative(16758): DamageTraceV2: PutImage count=187456 drawableType=WINDOW screenPixmap=0 drawable=0xb400007cd98d66b0 geom=2898x1848 box=0,858-2898,880 backend=other fn=0x7bd5f2ee24 fn_offset=0x30de24 fbase=0x7bd5c21000 sym=unknown so=/data/app/~~iNwcSjv3C2CZCLwcLxpEtA==/com.termux.x11-1tus8NhfW98goVF914TrYw==/base.apk!/lib/arm64-v8a/libXlorie.so
04-17 08:31:05.217 I/LorieNative(16758): ExaTrace: putImage accel count=189568 drawableType=0 drawableId=0x600037 geom=2898x1848 size=2912x22 format=2 depth=24
04-17 08:31:05.222 I/LorieNative(16758): DamageTraceV2: PutImage count=187520 drawableType=WINDOW screenPixmap=0 drawable=0xb400007cd98d66b0 geom=2898x1848 box=0,418-2898,440 backend=other fn=0x7bd5f2ee24 fn_offset=0x30de24 fbase=0x7bd5c21000 sym=unknown so=/data/app/~~iNwcSjv3C2CZCLwcLxpEtA==/com.termux.x11-1tus8NhfW98goVF914TrYw==/base.apk!/lib/arm64-v8a/libXlorie.so
04-17 08:31:05.239 I/LorieNative(16758): DamageTraceV2: PutImage count=187584 drawableType=WINDOW screenPixmap=0 drawable=0xb400007cd98d66b0 geom=2898x1848 box=0,1826-2898,1848 backend=other fn=0x7bd5f2ee24 fn_offset=0x30de24 fbase=0x7bd5c21000 sym=unknown so=/data/app/~~iNwcSjv3C2CZCLwcLxpEtA==/com.termux.x11-1tus8NhfW98goVF914TrYw==/base.apk!/lib/arm64-v8a/libXlorie.so
04-17 08:31:05.308 I/LorieNative(16758): ExaTrace: putImage accel count=189696 drawableType=0 drawableId=0x600037 geom=2898x1848 size=2912x22 format=2 depth=24
04-17 08:31:05.312 I/LorieNative(16758): DamageTraceV2: PutImage count=187648 drawableType=WINDOW screenPixmap=0 drawable=0xb400007cd98d66b0 geom=2898x1848 box=0,1386-2898,1408 backend=other fn=0x7bd5f2ee24 fn_offset=0x30de24 fbase=0x7bd5c21000 sym=unknown so=/data/app/~~iNwcSjv3C2CZCLwcLxpEtA==/com.termux.x11-1tus8NhfW98goVF914TrYw==/base.apk!/lib/arm64-v8a/libXlorie.so
04-17 08:31:05.367 I/LorieNative(16758): DamageTraceV2: PutImage count=187712 drawableType=WINDOW screenPixmap=0 drawable=0xb400007cd98d66b0 geom=2898x1848 box=0,946-2898,968 backend=other fn=0x7bd5f2ee24 fn_offset=0x30de24 fbase=0x7bd5c21000 sym=unknown so=/data/app/~~iNwcSjv3C2CZCLwcLxpEtA==/com.termux.x11-1tus8NhfW98goVF914TrYw==/base.apk!/lib/arm64-v8a/libXlorie.so
04-17 08:31:05.420 I/LorieNative(16758): ExaTrace: putImage accel count=189824 drawableType=0 drawableId=0x600037 geom=2898x1848 size=2912x22 format=2 depth=24
04-17 08:31:05.422 I/LorieNative(16758): DamageTraceV2: PutImage count=187776 drawableType=WINDOW screenPixmap=0 drawable=0xb400007cd98d66b0 geom=2898x1848 box=0,506-2898,528 backend=other fn=0x7bd5f2ee24 fn_offset=0x30de24 fbase=0x7bd5c21000 sym=unknown so=/data/app/~~iNwcSjv3C2CZCLwcLxpEtA==/com.termux.x11-1tus8NhfW98goVF914TrYw==/base.apk!/lib/arm64-v8a/libXlorie.so
04-17 08:31:05.484 I/LorieNative(16758): DamageTraceV2: PutImage count=187840 drawableType=WINDOW screenPixmap=0 drawable=0xb400007cd98d66b0 geom=2898x1848 box=0,66-2898,88 backend=other fn=0x7bd5f2ee24 fn_offset=0x30de24 fbase=0x7bd5c21000 sym=unknown so=/data/app/~~iNwcSjv3C2CZCLwcLxpEtA==/com.termux.x11-1tus8NhfW98goVF914TrYw==/base.apk!/lib/arm64-v8a/libXlorie.so
04-17 08:31:05.501 I/LorieNative(16758): ExaTrace: putImage accel count=189952 drawableType=0 drawableId=0x600037 geom=2898x1848 size=2912x22 format=2 depth=24
04-17 08:31:05.503 I/LorieNative(16758): DamageTraceV2: PutImage count=187904 drawableType=WINDOW screenPixmap=0 drawable=0xb400007cd98d66b0 geom=2898x1848 box=0,1474-2898,1496 backend=other fn=0x7bd5f2ee24 fn_offset=0x30de24 fbase=0x7bd5c21000 sym=unknown so=/data/app/~~iNwcSjv3C2CZCLwcLxpEtA==/com.termux.x11-1tus8NhfW98goVF914TrYw==/base.apk!/lib/arm64-v8a/libXlorie.so
04-17 08:31:05.572 I/LorieNative(16758): DamageTraceV2: PutImage count=187968 drawableType=WINDOW screenPixmap=0 drawable=0xb400007cd98d66b0 geom=2898x1848 box=0,1034-2898,1056 backend=other fn=0x7bd5f2ee24 fn_offset=0x30de24 fbase=0x7bd5c21000 sym=unknown so=/data/app/~~iNwcSjv3C2CZCLwcLxpEtA==/com.termux.x11-1tus8NhfW98goVF914TrYw==/base.apk!/lib/arm64-v8a/libXlorie.so
04-17 08:31:05.627 I/LorieNative(16758): choreographer callbacks in 5.0 seconds = 120.0 FPS
04-17 08:31:05.628 I/LorieNative(16758): redraw wakeups in 5.0 seconds = 120.0 FPS
04-17 08:31:05.628 I/LorieNative(16758): damage-triggered redraws in 5.0 seconds = 24.2 FPS
04-17 08:31:05.628 I/LorieNative(16758): AhbLockTrace: sticky=0 lock_calls=121 unlock_calls=121 sticky_hits=5096 flush_skipped=0 in 5.0s
04-17 08:31:05.628 I/LorieNative(16758): present flip attempts in 5.0 seconds = 0.0 FPS (accepted 0.0, rejected 0.0)
04-17 08:31:05.628 I/LorieNative(16758): present after-flips in 5.0 seconds = 0.0 FPS
04-17 08:31:05.628 I/LorieNative(16758): 122 frames in 5.0 seconds = 24.4 FPS
04-17 08:31:05.639 I/LorieNative(16758): ExaTrace: putImage accel count=190080 drawableType=0 drawableId=0x600037 geom=2898x1848 size=2912x22 format=2 depth=24
04-17 08:31:05.645 I/LorieNative(16758): DamageTraceV2: PutImage count=188032 drawableType=WINDOW screenPixmap=0 drawable=0xb400007cd98d66b0 geom=2898x1848 box=0,594-2898,616 backend=other fn=0x7bd5f2ee24 fn_offset=0x30de24 fbase=0x7bd5c21000 sym=unknown so=/data/app/~~iNwcSjv3C2CZCLwcLxpEtA==/com.termux.x11-1tus8NhfW98goVF914TrYw==/base.apk!/lib/arm64-v8a/libXlorie.so
04-17 08:31:05.734 I/LorieNative(16758): DamageTraceV2: PutImage count=188096 drawableType=WINDOW screenPixmap=0 drawable=0xb400007cd98d66b0 geom=2898x1848 box=0,154-2898,176 backend=other fn=0x7bd5f2ee24 fn_offset=0x30de24 fbase=0x7bd5c21000 sym=unknown so=/data/app/~~iNwcSjv3C2CZCLwcLxpEtA==/com.termux.x11-1tus8NhfW98goVF914TrYw==/base.apk!/lib/arm64-v8a/libXlorie.so
04-17 08:31:05.752 I/LorieNative(16758): ExaTrace: putImage accel count=190208 drawableType=0 drawableId=0x600037 geom=2898x1848 size=2912x22 format=2 depth=24
04-17 08:31:05.756 I/LorieNative(16758): DamageTraceV2: PutImage count=188160 drawableType=WINDOW screenPixmap=0 drawable=0xb400007cd98d66b0 geom=2898x1848 box=0,1562-2898,1584 backend=other fn=0x7bd5f2ee24 fn_offset=0x30de24 fbase=0x7bd5c21000 sym=unknown so=/data/app/~~iNwcSjv3C2CZCLwcLxpEtA==/com.termux.x11-1tus8NhfW98goVF914TrYw==/base.apk!/lib/arm64-v8a/libXlorie.so
04-17 08:31:05.834 I/LorieNative(16758): DamageTraceV2: PutImage count=188224 drawableType=WINDOW screenPixmap=0 drawable=0xb400007cd98d66b0 geom=2898x1848 box=0,1122-2898,1144 backend=other fn=0x7bd5f2ee24 fn_offset=0x30de24 fbase=0x7bd5c21000 sym=unknown so=/data/app/~~iNwcSjv3C2CZCLwcLxpEtA==/com.termux.x11-1tus8NhfW98goVF914TrYw==/base.apk!/lib/arm64-v8a/libXlorie.so
04-17 08:31:05.900 I/LorieNative(16758): ExaTrace: putImage accel count=190336 drawableType=0 drawableId=0x600037 geom=2898x1848 size=2912x22 format=2 depth=24
04-17 08:31:05.904 I/LorieNative(16758): DamageTraceV2: PutImage count=188288 drawableType=WINDOW screenPixmap=0 drawable=0xb400007cd98d66b0 geom=2898x1848 box=0,682-2898,704 backend=other fn=0x7bd5f2ee24 fn_offset=0x30de24 fbase=0x7bd5c21000 sym=unknown so=/data/app/~~iNwcSjv3C2CZCLwcLxpEtA==/com.termux.x11-1tus8NhfW98goVF914TrYw==/base.apk!/lib/arm64-v8a/libXlorie.so
04-17 08:31:05.974 I/LorieNative(16758): DamageTraceV2: PutImage count=188352 drawableType=WINDOW screenPixmap=0 drawable=0xb400007cd98d66b0 geom=2898x1848 box=0,242-2898,264 backend=other fn=0x7bd5f2ee24 fn_offset=0x30de24 fbase=0x7bd5c21000 sym=unknown so=/data/app/~~iNwcSjv3C2CZCLwcLxpEtA==/com.termux.x11-1tus8NhfW98goVF914TrYw==/base.apk!/lib/arm64-v8a/libXlorie.so
04-17 08:31:05.991 I/LorieNative(16758): ExaTrace: putImage accel count=190464 drawableType=0 drawableId=0x600037 geom=2898x1848 size=2912x22 format=2 depth=24
04-17 08:31:05.994 I/LorieNative(16758): DamageTraceV2: PutImage count=188416 drawableType=WINDOW screenPixmap=0 drawable=0xb400007cd98d66b0 geom=2898x1848 box=0,1650-2898,1672 backend=other fn=0x7bd5f2ee24 fn_offset=0x30de24 fbase=0x7bd5c21000 sym=unknown so=/data/app/~~iNwcSjv3C2CZCLwcLxpEtA==/com.termux.x11-1tus8NhfW98goVF914TrYw==/base.apk!/lib/arm64-v8a/libXlorie.so
04-17 08:31:06.074 I/LorieNative(16758): DamageTraceV2: PutImage count=188480 drawableType=WINDOW screenPixmap=0 drawable=0xb400007cd98d66b0 geom=2898x1848 box=0,1210-2898,1232 backend=other fn=0x7bd5f2ee24 fn_offset=0x30de24 fbase=0x7bd5c21000 sym=unknown so=/data/app/~~iNwcSjv3C2CZCLwcLxpEtA==/com.termux.x11-1tus8NhfW98goVF914TrYw==/base.apk!/lib/arm64-v8a/libXlorie.so
04-17 08:31:06.147 I/LorieNative(16758): ExaTrace: putImage accel count=190592 drawableType=0 drawableId=0x600037 geom=2898x1848 size=2912x22 format=2 depth=24
04-17 08:31:06.151 I/LorieNative(16758): DamageTraceV2: PutImage count=188544 drawableType=WINDOW screenPixmap=0 drawable=0xb400007cd98d66b0 geom=2898x1848 box=0,770-2898,792 backend=other fn=0x7bd5f2ee24 fn_offset=0x30de24 fbase=0x7bd5c21000 sym=unknown so=/data/app/~~iNwcSjv3C2CZCLwcLxpEtA==/com.termux.x11-1tus8NhfW98goVF914TrYw==/base.apk!/lib/arm64-v8a/libXlorie.so
04-17 08:31:06.227 I/LorieNative(16758): DamageTraceV2: PutImage count=188608 drawableType=WINDOW screenPixmap=0 drawable=0xb400007cd98d66b0 geom=2898x1848 box=0,330-2898,352 backend=other fn=0x7bd5f2ee24 fn_offset=0x30de24 fbase=0x7bd5c21000 sym=unknown so=/data/app/~~iNwcSjv3C2CZCLwcLxpEtA==/com.termux.x11-1tus8NhfW98goVF914TrYw==/base.apk!/lib/arm64-v8a/libXlorie.so
04-17 08:31:06.241 I/LorieNative(16758): ExaTrace: putImage accel count=190720 drawableType=0 drawableId=0x600037 geom=2898x1848 size=2912x22 format=2 depth=24
04-17 08:31:06.243 I/LorieNative(16758): DamageTraceV2: PutImage count=188672 drawableType=WINDOW screenPixmap=0 drawable=0xb400007cd98d66b0 geom=2898x1848 box=0,1738-2898,1760 backend=other fn=0x7bd5f2ee24 fn_offset=0x30de24 fbase=0x7bd5c21000 sym=unknown so=/data/app/~~iNwcSjv3C2CZCLwcLxpEtA==/com.termux.x11-1tus8NhfW98goVF914TrYw==/base.apk!/lib/arm64-v8a/libXlorie.so
04-17 08:31:06.344 I/LorieNative(16758): DamageTraceV2: PutImage count=188736 drawableType=WINDOW screenPixmap=0 drawable=0xb400007cd98d66b0 geom=2898x1848 box=0,1298-2898,1320 backend=other fn=0x7bd5f2ee24 fn_offset=0x30de24 fbase=0x7bd5c21000 sym=unknown so=/data/app/~~iNwcSjv3C2CZCLwcLxpEtA==/com.termux.x11-1tus8NhfW98goVF914TrYw==/base.apk!/lib/arm64-v8a/libXlorie.so
04-17 08:31:06.414 I/LorieNative(16758): ExaTrace: putImage accel count=190848 drawableType=0 drawableId=0x600037 geom=2898x1848 size=2912x22 format=2 depth=24
04-17 08:31:06.417 I/LorieNative(16758): DamageTraceV2: PutImage count=188800 drawableType=WINDOW screenPixmap=0 drawable=0xb400007cd98d66b0 geom=2898x1848 box=0,858-2898,880 backend=other fn=0x7bd5f2ee24 fn_offset=0x30de24 fbase=0x7bd5c21000 sym=unknown so=/data/app/~~iNwcSjv3C2CZCLwcLxpEtA==/com.termux.x11-1tus8NhfW98goVF914TrYw==/base.apk!/lib/arm64-v8a/libXlorie.so
04-17 08:31:06.490 I/LorieNative(16758): DamageTraceV2: PutImage count=188864 drawableType=WINDOW screenPixmap=0 drawable=0xb400007cd98d66b0 geom=2898x1848 box=0,418-2898,440 backend=other fn=0x7bd5f2ee24 fn_offset=0x30de24 fbase=0x7bd5c21000 sym=unknown so=/data/app/~~iNwcSjv3C2CZCLwcLxpEtA==/com.termux.x11-1tus8NhfW98goVF914TrYw==/base.apk!/lib/arm64-v8a/libXlorie.so
04-17 08:31:06.515 I/LorieNative(16758): ExaTrace: putImage accel count=190976 drawableType=0 drawableId=0x600037 geom=2898x1848 size=2912x22 format=2 depth=24
04-17 08:31:06.519 I/LorieNative(16758): DamageTraceV2: PutImage count=188928 drawableType=WINDOW screenPixmap=0 drawable=0xb400007cd98d66b0 geom=2898x1848 box=0,1826-2898,1848 backend=other fn=0x7bd5f2ee24 fn_offset=0x30de24 fbase=0x7bd5c21000 sym=unknown so=/data/app/~~iNwcSjv3C2CZCLwcLxpEtA==/com.termux.x11-1tus8NhfW98goVF914TrYw==/base.apk!/lib/arm64-v8a/libXlorie.so
04-17 08:31:06.583 I/LorieNative(16758): DamageTraceV2: PutImage count=188992 drawableType=WINDOW screenPixmap=0 drawable=0xb400007cd98d66b0 geom=2898x1848 box=0,1386-2898,1408 backend=other fn=0x7bd5f2ee24 fn_offset=0x30de24 fbase=0x7bd5c21000 sym=unknown so=/data/app/~~iNwcSjv3C2CZCLwcLxpEtA==/com.termux.x11-1tus8NhfW98goVF914TrYw==/base.apk!/lib/arm64-v8a/libXlorie.so
04-17 08:31:06.653 I/LorieNative(16758): ExaTrace: putImage accel count=191104 drawableType=0 drawableId=0x600037 geom=2898x1848 size=2912x22 format=2 depth=24
04-17 08:31:06.657 I/LorieNative(16758): DamageTraceV2: PutImage count=189056 drawableType=WINDOW screenPixmap=0 drawable=0xb400007cd98d66b0 geom=2898x1848 box=0,946-2898,968 backend=other fn=0x7bd5f2ee24 fn_offset=0x30de24 fbase=0x7bd5c21000 sym=unknown so=/data/app/~~iNwcSjv3C2CZCLwcLxpEtA==/com.termux.x11-1tus8NhfW98goVF914TrYw==/base.apk!/lib/arm64-v8a/libXlorie.so
04-17 08:31:06.739 I/LorieNative(16758): DamageTraceV2: PutImage count=189120 drawableType=WINDOW screenPixmap=0 drawable=0xb400007cd98d66b0 geom=2898x1848 box=0,506-2898,528 backend=other fn=0x7bd5f2ee24 fn_offset=0x30de24 fbase=0x7bd5c21000 sym=unknown so=/data/app/~~iNwcSjv3C2CZCLwcLxpEtA==/com.termux.x11-1tus8NhfW98goVF914TrYw==/base.apk!/lib/arm64-v8a/libXlorie.so
04-17 08:31:06.755 I/LorieNative(16758): ExaTrace: putImage accel count=191232 drawableType=0 drawableId=0x600037 geom=2898x1848 size=2912x22 format=2 depth=24
04-17 08:31:06.824 I/LorieNative(16758): DamageTraceV2: PutImage count=189184 drawableType=WINDOW screenPixmap=0 drawable=0xb400007cd98d66b0 geom=2898x1848 box=0,66-2898,88 backend=other fn=0x7bd5f2ee24 fn_offset=0x30de24 fbase=0x7bd5c21000 sym=unknown so=/data/app/~~iNwcSjv3C2CZCLwcLxpEtA==/com.termux.x11-1tus8NhfW98goVF914TrYw==/base.apk!/lib/arm64-v8a/libXlorie.so
04-17 08:31:06.845 I/LorieNative(16758): DamageTraceV2: PutImage count=189248 drawableType=WINDOW screenPixmap=0 drawable=0xb400007cd98d66b0 geom=2898x1848 box=0,1474-2898,1496 backend=other fn=0x7bd5f2ee24 fn_offset=0x30de24 fbase=0x7bd5c21000 sym=unknown so=/data/app/~~iNwcSjv3C2CZCLwcLxpEtA==/com.termux.x11-1tus8NhfW98goVF914TrYw==/base.apk!/lib/arm64-v8a/libXlorie.so
04-17 08:31:06.916 I/LorieNative(16758): ExaTrace: putImage accel count=191360 drawableType=0 drawableId=0x600037 geom=2898x1848 size=2912x22 format=2 depth=24
04-17 08:31:06.922 I/LorieNative(16758): DamageTraceV2: PutImage count=189312 drawableType=WINDOW screenPixmap=0 drawable=0xb400007cd98d66b0 geom=2898x1848 box=0,1034-2898,1056 backend=other fn=0x7bd5f2ee24 fn_offset=0x30de24 fbase=0x7bd5c21000 sym=unknown so=/data/app/~~iNwcSjv3C2CZCLwcLxpEtA==/com.termux.x11-1tus8NhfW98goVF914TrYw==/base.apk!/lib/arm64-v8a/libXlorie.so
04-17 08:31:06.985 I/LorieNative(16758): DamageTraceV2: PutImage count=189376 drawableType=WINDOW screenPixmap=0 drawable=0xb400007cd98d66b0 geom=2898x1848 box=0,594-2898,616 backend=other fn=0x7bd5f2ee24 fn_offset=0x30de24 fbase=0x7bd5c21000 sym=unknown so=/data/app/~~iNwcSjv3C2CZCLwcLxpEtA==/com.termux.x11-1tus8NhfW98goVF914TrYw==/base.apk!/lib/arm64-v8a/libXlorie.so
04-17 08:31:07.000 I/LorieNative(16758): ExaTrace: putImage accel count=191488 drawableType=0 drawableId=0x600037 geom=2898x1848 size=2912x22 format=2 depth=24
04-17 08:31:07.054 I/LorieNative(16758): DamageTraceV2: PutImage count=189440 drawableType=WINDOW screenPixmap=0 drawable=0xb400007cd98d66b0 geom=2898x1848 box=0,154-2898,176 backend=other fn=0x7bd5f2ee24 fn_offset=0x30de24 fbase=0x7bd5c21000 sym=unknown so=/data/app/~~iNwcSjv3C2CZCLwcLxpEtA==/com.termux.x11-1tus8NhfW98goVF914TrYw==/base.apk!/lib/arm64-v8a/libXlorie.so
04-17 08:31:07.074 I/LorieNative(16758): DamageTraceV2: PutImage count=189504 drawableType=WINDOW screenPixmap=0 drawable=0xb400007cd98d66b0 geom=2898x1848 box=0,1562-2898,1584 backend=other fn=0x7bd5f2ee24 fn_offset=0x30de24 fbase=0x7bd5c21000 sym=unknown so=/data/app/~~iNwcSjv3C2CZCLwcLxpEtA==/com.termux.x11-1tus8NhfW98goVF914TrYw==/base.apk!/lib/arm64-v8a/libXlorie.so
04-17 08:31:07.155 I/LorieNative(16758): ExaTrace: putImage accel count=191616 drawableType=0 drawableId=0x600037 geom=2898x1848 size=2912x22 format=2 depth=24
04-17 08:31:07.159 I/LorieNative(16758): DamageTraceV2: PutImage count=189568 drawableType=WINDOW screenPixmap=0 drawable=0xb400007cd98d66b0 geom=2898x1848 box=0,1122-2898,1144 backend=other fn=0x7bd5f2ee24 fn_offset=0x30de24 fbase=0x7bd5c21000 sym=unknown so=/data/app/~~iNwcSjv3C2CZCLwcLxpEtA==/com.termux.x11-1tus8NhfW98goVF914TrYw==/base.apk!/lib/arm64-v8a/libXlorie.so
04-17 08:31:07.224 I/LorieNative(16758): DamageTraceV2: PutImage count=189632 drawableType=WINDOW screenPixmap=0 drawable=0xb400007cd98d66b0 geom=2898x1848 box=0,682-2898,704 backend=other fn=0x7bd5f2ee24 fn_offset=0x30de24 fbase=0x7bd5c21000 sym=unknown so=/data/app/~~iNwcSjv3C2CZCLwcLxpEtA==/com.termux.x11-1tus8NhfW98goVF914TrYw==/base.apk!/lib/arm64-v8a/libXlorie.so
04-17 08:31:07.234 I/LorieNative(16758): ExaTrace: putImage accel count=191744 drawableType=0 drawableId=0x600037 geom=2898x1848 size=2912x22 format=2 depth=24
04-17 08:31:07.282 I/LorieNative(16758): DamageTraceV2: PutImage count=189696 drawableType=WINDOW screenPixmap=0 drawable=0xb400007cd98d66b0 geom=2898x1848 box=0,242-2898,264 backend=other fn=0x7bd5f2ee24 fn_offset=0x30de24 fbase=0x7bd5c21000 sym=unknown so=/data/app/~~iNwcSjv3C2CZCLwcLxpEtA==/com.termux.x11-1tus8NhfW98goVF914TrYw==/base.apk!/lib/arm64-v8a/libXlorie.so
04-17 08:31:07.291 I/LorieNative(16758): DamageTraceV2: PutImage count=189760 drawableType=WINDOW screenPixmap=0 drawable=0xb400007cd98d66b0 geom=2898x1848 box=0,1650-2898,1672 backend=other fn=0x7bd5f2ee24 fn_offset=0x30de24 fbase=0x7bd5c21000 sym=unknown so=/data/app/~~iNwcSjv3C2CZCLwcLxpEtA==/com.termux.x11-1tus8NhfW98goVF914TrYw==/base.apk!/lib/arm64-v8a/libXlorie.so
04-17 08:31:07.363 I/LorieNative(16758): ExaTrace: putImage accel count=191872 drawableType=0 drawableId=0x600037 geom=2898x1848 size=2912x22 format=2 depth=24
04-17 08:31:07.366 I/LorieNative(16758): DamageTraceV2: PutImage count=189824 drawableType=WINDOW screenPixmap=0 drawable=0xb400007cd98d66b0 geom=2898x1848 box=0,1210-2898,1232 backend=other fn=0x7bd5f2ee24 fn_offset=0x30de24 fbase=0x7bd5c21000 sym=unknown so=/data/app/~~iNwcSjv3C2CZCLwcLxpEtA==/com.termux.x11-1tus8NhfW98goVF914TrYw==/base.apk!/lib/arm64-v8a/libXlorie.so
04-17 08:31:07.438 I/LorieNative(16758): DamageTraceV2: PutImage count=189888 drawableType=WINDOW screenPixmap=0 drawable=0xb400007cd98d66b0 geom=2898x1848 box=0,770-2898,792 backend=other fn=0x7bd5f2ee24 fn_offset=0x30de24 fbase=0x7bd5c21000 sym=unknown so=/data/app/~~iNwcSjv3C2CZCLwcLxpEtA==/com.termux.x11-1tus8NhfW98goVF914TrYw==/base.apk!/lib/arm64-v8a/libXlorie.so
04-17 08:31:07.503 I/LorieNative(16758): ExaTrace: putImage accel count=192000 drawableType=0 drawableId=0x600037 geom=2898x1848 size=2912x22 format=2 depth=24
04-17 08:31:07.506 I/LorieNative(16758): DamageTraceV2: PutImage count=189952 drawableType=WINDOW screenPixmap=0 drawable=0xb400007cd98d66b0 geom=2898x1848 box=0,330-2898,352 backend=other fn=0x7bd5f2ee24 fn_offset=0x30de24 fbase=0x7bd5c21000 sym=unknown so=/data/app/~~iNwcSjv3C2CZCLwcLxpEtA==/com.termux.x11-1tus8NhfW98goVF914TrYw==/base.apk!/lib/arm64-v8a/libXlorie.so
04-17 08:31:07.527 I/LorieNative(16758): DamageTraceV2: PutImage count=190016 drawableType=WINDOW screenPixmap=0 drawable=0xb400007cd98d66b0 geom=2898x1848 box=0,1738-2898,1760 backend=other fn=0x7bd5f2ee24 fn_offset=0x30de24 fbase=0x7bd5c21000 sym=unknown so=/data/app/~~iNwcSjv3C2CZCLwcLxpEtA==/com.termux.x11-1tus8NhfW98goVF914TrYw==/base.apk!/lib/arm64-v8a/libXlorie.so
04-17 08:31:07.603 I/LorieNative(16758): ExaTrace: putImage accel count=192128 drawableType=0 drawableId=0x600037 geom=2898x1848 size=2912x22 format=2 depth=24
04-17 08:31:07.606 I/LorieNative(16758): DamageTraceV2: PutImage count=190080 drawableType=WINDOW screenPixmap=0 drawable=0xb400007cd98d66b0 geom=2898x1848 box=0,1298-2898,1320 backend=other fn=0x7bd5f2ee24 fn_offset=0x30de24 fbase=0x7bd5c21000 sym=unknown so=/data/app/~~iNwcSjv3C2CZCLwcLxpEtA==/com.termux.x11-1tus8NhfW98goVF914TrYw==/base.apk!/lib/arm64-v8a/libXlorie.so
04-17 08:31:07.672 I/LorieNative(16758): DamageTraceV2: PutImage count=190144 drawableType=WINDOW screenPixmap=0 drawable=0xb400007cd98d66b0 geom=2898x1848 box=0,858-2898,880 backend=other fn=0x7bd5f2ee24 fn_offset=0x30de24 fbase=0x7bd5c21000 sym=unknown so=/data/app/~~iNwcSjv3C2CZCLwcLxpEtA==/com.termux.x11-1tus8NhfW98goVF914TrYw==/base.apk!/lib/arm64-v8a/libXlorie.so
04-17 08:31:07.782 I/LorieNative(16758): ExaTrace: putImage accel count=192256 drawableType=0 drawableId=0x600037 geom=2898x1848 size=2912x22 format=2 depth=24
04-17 08:31:07.785 I/LorieNative(16758): DamageTraceV2: PutImage count=190208 drawableType=WINDOW screenPixmap=0 drawable=0xb400007cd98d66b0 geom=2898x1848 box=0,418-2898,440 backend=other fn=0x7bd5f2ee24 fn_offset=0x30de24 fbase=0x7bd5c21000 sym=unknown so=/data/app/~~iNwcSjv3C2CZCLwcLxpEtA==/com.termux.x11-1tus8NhfW98goVF914TrYw==/base.apk!/lib/arm64-v8a/libXlorie.so
04-17 08:31:07.805 I/LorieNative(16758): DamageTraceV2: PutImage count=190272 drawableType=WINDOW screenPixmap=0 drawable=0xb400007cd98d66b0 geom=2898x1848 box=0,1826-2898,1848 backend=other fn=0x7bd5f2ee24 fn_offset=0x30de24 fbase=0x7bd5c21000 sym=unknown so=/data/app/~~iNwcSjv3C2CZCLwcLxpEtA==/com.termux.x11-1tus8NhfW98goVF914TrYw==/base.apk!/lib/arm64-v8a/libXlorie.so
04-17 08:31:07.865 I/LorieNative(16758): ExaTrace: putImage accel count=192384 drawableType=0 drawableId=0x600037 geom=2898x1848 size=2912x22 format=2 depth=24
04-17 08:31:07.868 I/LorieNative(16758): DamageTraceV2: PutImage count=190336 drawableType=WINDOW screenPixmap=0 drawable=0xb400007cd98d66b0 geom=2898x1848 box=0,1386-2898,1408 backend=other fn=0x7bd5f2ee24 fn_offset=0x30de24 fbase=0x7bd5c21000 sym=unknown so=/data/app/~~iNwcSjv3C2CZCLwcLxpEtA==/com.termux.x11-1tus8NhfW98goVF914TrYw==/base.apk!/lib/arm64-v8a/libXlorie.so
04-17 08:31:07.941 I/LorieNative(16758): DamageTraceV2: PutImage count=190400 drawableType=WINDOW screenPixmap=0 drawable=0xb400007cd98d66b0 geom=2898x1848 box=0,946-2898,968 backend=other fn=0x7bd5f2ee24 fn_offset=0x30de24 fbase=0x7bd5c21000 sym=unknown so=/data/app/~~iNwcSjv3C2CZCLwcLxpEtA==/com.termux.x11-1tus8NhfW98goVF914TrYw==/base.apk!/lib/arm64-v8a/libXlorie.so
04-17 08:31:07.999 I/LorieNative(16758): ExaTrace: putImage accel count=192512 drawableType=0 drawableId=0x600037 geom=2898x1848 size=2912x22 format=2 depth=24
04-17 08:31:08.003 I/LorieNative(16758): DamageTraceV2: PutImage count=190464 drawableType=WINDOW screenPixmap=0 drawable=0xb400007cd98d66b0 geom=2898x1848 box=0,506-2898,528 backend=other fn=0x7bd5f2ee24 fn_offset=0x30de24 fbase=0x7bd5c21000 sym=unknown so=/data/app/~~iNwcSjv3C2CZCLwcLxpEtA==/com.termux.x11-1tus8NhfW98goVF914TrYw==/base.apk!/lib/arm64-v8a/libXlorie.so
04-17 08:31:08.079 I/LorieNative(16758): DamageTraceV2: PutImage count=190528 drawableType=WINDOW screenPixmap=0 drawable=0xb400007cd98d66b0 geom=2898x1848 box=0,66-2898,88 backend=other fn=0x7bd5f2ee24 fn_offset=0x30de24 fbase=0x7bd5c21000 sym=unknown so=/data/app/~~iNwcSjv3C2CZCLwcLxpEtA==/com.termux.x11-1tus8NhfW98goVF914TrYw==/base.apk!/lib/arm64-v8a/libXlorie.so
04-17 08:31:08.101 I/LorieNative(16758): ExaTrace: putImage accel count=192640 drawableType=0 drawableId=0x600037 geom=2898x1848 size=2912x22 format=2 depth=24
04-17 08:31:08.104 I/LorieNative(16758): DamageTraceV2: PutImage count=190592 drawableType=WINDOW screenPixmap=0 drawable=0xb400007cd98d66b0 geom=2898x1848 box=0,1474-2898,1496 backend=other fn=0x7bd5f2ee24 fn_offset=0x30de24 fbase=0x7bd5c21000 sym=unknown so=/data/app/~~iNwcSjv3C2CZCLwcLxpEtA==/com.termux.x11-1tus8NhfW98goVF914TrYw==/base.apk!/lib/arm64-v8a/libXlorie.so
04-17 08:31:08.185 I/LorieNative(16758): DamageTraceV2: PutImage count=190656 drawableType=WINDOW screenPixmap=0 drawable=0xb400007cd98d66b0 geom=2898x1848 box=0,1034-2898,1056 backend=other fn=0x7bd5f2ee24 fn_offset=0x30de24 fbase=0x7bd5c21000 sym=unknown so=/data/app/~~iNwcSjv3C2CZCLwcLxpEtA==/com.termux.x11-1tus8NhfW98goVF914TrYw==/base.apk!/lib/arm64-v8a/libXlorie.so
04-17 08:31:08.252 I/LorieNative(16758): ExaTrace: putImage accel count=192768 drawableType=0 drawableId=0x600037 geom=2898x1848 size=2912x22 format=2 depth=24
04-17 08:31:08.255 I/LorieNative(16758): DamageTraceV2: PutImage count=190720 drawableType=WINDOW screenPixmap=0 drawable=0xb400007cd98d66b0 geom=2898x1848 box=0,594-2898,616 backend=other fn=0x7bd5f2ee24 fn_offset=0x30de24 fbase=0x7bd5c21000 sym=unknown so=/data/app/~~iNwcSjv3C2CZCLwcLxpEtA==/com.termux.x11-1tus8NhfW98goVF914TrYw==/base.apk!/lib/arm64-v8a/libXlorie.so
04-17 08:31:08.310 I/LorieNative(16758): DamageTraceV2: PutImage count=190784 drawableType=WINDOW screenPixmap=0 drawable=0xb400007cd98d66b0 geom=2898x1848 box=0,154-2898,176 backend=other fn=0x7bd5f2ee24 fn_offset=0x30de24 fbase=0x7bd5c21000 sym=unknown so=/data/app/~~iNwcSjv3C2CZCLwcLxpEtA==/com.termux.x11-1tus8NhfW98goVF914TrYw==/base.apk!/lib/arm64-v8a/libXlorie.so
04-17 08:31:08.322 I/LorieNative(16758): ExaTrace: putImage accel count=192896 drawableType=0 drawableId=0x600037 geom=2898x1848 size=2912x22 format=2 depth=24
04-17 08:31:08.326 I/LorieNative(16758): DamageTraceV2: PutImage count=190848 drawableType=WINDOW screenPixmap=0 drawable=0xb400007cd98d66b0 geom=2898x1848 box=0,1562-2898,1584 backend=other fn=0x7bd5f2ee24 fn_offset=0x30de24 fbase=0x7bd5c21000 sym=unknown so=/data/app/~~iNwcSjv3C2CZCLwcLxpEtA==/com.termux.x11-1tus8NhfW98goVF914TrYw==/base.apk!/lib/arm64-v8a/libXlorie.so
04-17 08:31:08.392 I/LorieNative(16758): DamageTraceV2: PutImage count=190912 drawableType=WINDOW screenPixmap=0 drawable=0xb400007cd98d66b0 geom=2898x1848 box=0,1122-2898,1144 backend=other fn=0x7bd5f2ee24 fn_offset=0x30de24 fbase=0x7bd5c21000 sym=unknown so=/data/app/~~iNwcSjv3C2CZCLwcLxpEtA==/com.termux.x11-1tus8NhfW98goVF914TrYw==/base.apk!/lib/arm64-v8a/libXlorie.so
04-17 08:31:08.466 I/LorieNative(16758): ExaTrace: putImage accel count=193024 drawableType=0 drawableId=0x600037 geom=2898x1848 size=2912x22 format=2 depth=24
04-17 08:31:08.471 I/LorieNative(16758): DamageTraceV2: PutImage count=190976 drawableType=WINDOW screenPixmap=0 drawable=0xb400007cd98d66b0 geom=2898x1848 box=0,682-2898,704 backend=other fn=0x7bd5f2ee24 fn_offset=0x30de24 fbase=0x7bd5c21000 sym=unknown so=/data/app/~~iNwcSjv3C2CZCLwcLxpEtA==/com.termux.x11-1tus8NhfW98goVF914TrYw==/base.apk!/lib/arm64-v8a/libXlorie.so
04-17 08:31:08.555 I/LorieNative(16758): DamageTraceV2: PutImage count=191040 drawableType=WINDOW screenPixmap=0 drawable=0xb400007cd98d66b0 geom=2898x1848 box=0,242-2898,264 backend=other fn=0x7bd5f2ee24 fn_offset=0x30de24 fbase=0x7bd5c21000 sym=unknown so=/data/app/~~iNwcSjv3C2CZCLwcLxpEtA==/com.termux.x11-1tus8NhfW98goVF914TrYw==/base.apk!/lib/arm64-v8a/libXlorie.so
04-17 08:31:08.573 I/LorieNative(16758): ExaTrace: putImage accel count=193152 drawableType=0 drawableId=0x600037 geom=2898x1848 size=2912x22 format=2 depth=24
04-17 08:31:08.578 I/LorieNative(16758): DamageTraceV2: PutImage count=191104 drawableType=WINDOW screenPixmap=0 drawable=0xb400007cd98d66b0 geom=2898x1848 box=0,1650-2898,1672 backend=other fn=0x7bd5f2ee24 fn_offset=0x30de24 fbase=0x7bd5c21000 sym=unknown so=/data/app/~~iNwcSjv3C2CZCLwcLxpEtA==/com.termux.x11-1tus8NhfW98goVF914TrYw==/base.apk!/lib/arm64-v8a/libXlorie.so
04-17 08:31:08.653 I/LorieNative(16758): DamageTraceV2: PutImage count=191168 drawableType=WINDOW screenPixmap=0 drawable=0xb400007cd98d66b0 geom=2898x1848 box=0,1210-2898,1232 backend=other fn=0x7bd5f2ee24 fn_offset=0x30de24 fbase=0x7bd5c21000 sym=unknown so=/data/app/~~iNwcSjv3C2CZCLwcLxpEtA==/com.termux.x11-1tus8NhfW98goVF914TrYw==/base.apk!/lib/arm64-v8a/libXlorie.so
04-17 08:31:08.728 I/LorieNative(16758): ExaTrace: putImage accel count=193280 drawableType=0 drawableId=0x600037 geom=2898x1848 size=2912x22 format=2 depth=24
04-17 08:31:08.732 I/LorieNative(16758): DamageTraceV2: PutImage count=191232 drawableType=WINDOW screenPixmap=0 drawable=0xb400007cd98d66b0 geom=2898x1848 box=0,770-2898,792 backend=other fn=0x7bd5f2ee24 fn_offset=0x30de24 fbase=0x7bd5c21000 sym=unknown so=/data/app/~~iNwcSjv3C2CZCLwcLxpEtA==/com.termux.x11-1tus8NhfW98goVF914TrYw==/base.apk!/lib/arm64-v8a/libXlorie.so
04-17 08:31:08.835 I/LorieNative(16758): DamageTraceV2: PutImage count=191296 drawableType=WINDOW screenPixmap=0 drawable=0xb400007cd98d66b0 geom=2898x1848 box=0,330-2898,352 backend=other fn=0x7bd5f2ee24 fn_offset=0x30de24 fbase=0x7bd5c21000 sym=unknown so=/data/app/~~iNwcSjv3C2CZCLwcLxpEtA==/com.termux.x11-1tus8NhfW98goVF914TrYw==/base.apk!/lib/arm64-v8a/libXlorie.so
04-17 08:31:08.855 I/LorieNative(16758): ExaTrace: putImage accel count=193408 drawableType=0 drawableId=0x600037 geom=2898x1848 size=2912x22 format=2 depth=24
04-17 08:31:08.863 I/LorieNative(16758): DamageTraceV2: PutImage count=191360 drawableType=WINDOW screenPixmap=0 drawable=0xb400007cd98d66b0 geom=2898x1848 box=0,1738-2898,1760 backend=other fn=0x7bd5f2ee24 fn_offset=0x30de24 fbase=0x7bd5c21000 sym=unknown so=/data/app/~~iNwcSjv3C2CZCLwcLxpEtA==/com.termux.x11-1tus8NhfW98goVF914TrYw==/base.apk!/lib/arm64-v8a/libXlorie.so
04-17 08:31:08.948 I/LorieNative(16758): DamageTraceV2: PutImage count=191424 drawableType=WINDOW screenPixmap=0 drawable=0xb400007cd98d66b0 geom=2898x1848 box=0,1298-2898,1320 backend=other fn=0x7bd5f2ee24 fn_offset=0x30de24 fbase=0x7bd5c21000 sym=unknown so=/data/app/~~iNwcSjv3C2CZCLwcLxpEtA==/com.termux.x11-1tus8NhfW98goVF914TrYw==/base.apk!/lib/arm64-v8a/libXlorie.so
04-17 08:31:09.023 I/LorieNative(16758): ExaTrace: putImage accel count=193536 drawableType=0 drawableId=0x600037 geom=2898x1848 size=2912x22 format=2 depth=24
04-17 08:31:09.027 I/LorieNative(16758): DamageTraceV2: PutImage count=191488 drawableType=WINDOW screenPixmap=0 drawable=0xb400007cd98d66b0 geom=2898x1848 box=0,858-2898,880 backend=other fn=0x7bd5f2ee24 fn_offset=0x30de24 fbase=0x7bd5c21000 sym=unknown so=/data/app/~~iNwcSjv3C2CZCLwcLxpEtA==/com.termux.x11-1tus8NhfW98goVF914TrYw==/base.apk!/lib/arm64-v8a/libXlorie.so
04-17 08:31:09.101 I/LorieNative(16758): DamageTraceV2: PutImage count=191552 drawableType=WINDOW screenPixmap=0 drawable=0xb400007cd98d66b0 geom=2898x1848 box=0,418-2898,440 backend=other fn=0x7bd5f2ee24 fn_offset=0x30de24 fbase=0x7bd5c21000 sym=unknown so=/data/app/~~iNwcSjv3C2CZCLwcLxpEtA==/com.termux.x11-1tus8NhfW98goVF914TrYw==/base.apk!/lib/arm64-v8a/libXlorie.so
04-17 08:31:09.122 I/LorieNative(16758): ExaTrace: putImage accel count=193664 drawableType=0 drawableId=0x600037 geom=2898x1848 size=2912x22 format=2 depth=24
04-17 08:31:09.130 I/LorieNative(16758): DamageTraceV2: PutImage count=191616 drawableType=WINDOW screenPixmap=0 drawable=0xb400007cd98d66b0 geom=2898x1848 box=0,1826-2898,1848 backend=other fn=0x7bd5f2ee24 fn_offset=0x30de24 fbase=0x7bd5c21000 sym=unknown so=/data/app/~~iNwcSjv3C2CZCLwcLxpEtA==/com.termux.x11-1tus8NhfW98goVF914TrYw==/base.apk!/lib/arm64-v8a/libXlorie.so
04-17 08:31:09.223 I/LorieNative(16758): DamageTraceV2: PutImage count=191680 drawableType=WINDOW screenPixmap=0 drawable=0xb400007cd98d66b0 geom=2898x1848 box=0,1386-2898,1408 backend=other fn=0x7bd5f2ee24 fn_offset=0x30de24 fbase=0x7bd5c21000 sym=unknown so=/data/app/~~iNwcSjv3C2CZCLwcLxpEtA==/com.termux.x11-1tus8NhfW98goVF914TrYw==/base.apk!/lib/arm64-v8a/libXlorie.so
04-17 08:31:09.295 I/LorieNative(16758): ExaTrace: putImage accel count=193792 drawableType=0 drawableId=0x600037 geom=2898x1848 size=2912x22 format=2 depth=24
04-17 08:31:09.298 I/LorieNative(16758): DamageTraceV2: PutImage count=191744 drawableType=WINDOW screenPixmap=0 drawable=0xb400007cd98d66b0 geom=2898x1848 box=0,946-2898,968 backend=other fn=0x7bd5f2ee24 fn_offset=0x30de24 fbase=0x7bd5c21000 sym=unknown so=/data/app/~~iNwcSjv3C2CZCLwcLxpEtA==/com.termux.x11-1tus8NhfW98goVF914TrYw==/base.apk!/lib/arm64-v8a/libXlorie.so
04-17 08:31:09.365 I/LorieNative(16758): DamageTraceV2: PutImage count=191808 drawableType=WINDOW screenPixmap=0 drawable=0xb400007cd98d66b0 geom=2898x1848 box=0,506-2898,528 backend=other fn=0x7bd5f2ee24 fn_offset=0x30de24 fbase=0x7bd5c21000 sym=unknown so=/data/app/~~iNwcSjv3C2CZCLwcLxpEtA==/com.termux.x11-1tus8NhfW98goVF914TrYw==/base.apk!/lib/arm64-v8a/libXlorie.so
04-17 08:31:09.379 I/LorieNative(16758): ExaTrace: putImage accel count=193920 drawableType=0 drawableId=0x600037 geom=2898x1848 size=2912x22 format=2 depth=24
04-17 08:31:09.448 I/LorieNative(16758): DamageTraceV2: PutImage count=191872 drawableType=WINDOW screenPixmap=0 drawable=0xb400007cd98d66b0 geom=2898x1848 box=0,66-2898,88 backend=other fn=0x7bd5f2ee24 fn_offset=0x30de24 fbase=0x7bd5c21000 sym=unknown so=/data/app/~~iNwcSjv3C2CZCLwcLxpEtA==/com.termux.x11-1tus8NhfW98goVF914TrYw==/base.apk!/lib/arm64-v8a/libXlorie.so
04-17 08:31:09.469 I/LorieNative(16758): DamageTraceV2: PutImage count=191936 drawableType=WINDOW screenPixmap=0 drawable=0xb400007cd98d66b0 geom=2898x1848 box=0,1474-2898,1496 backend=other fn=0x7bd5f2ee24 fn_offset=0x30de24 fbase=0x7bd5c21000 sym=unknown so=/data/app/~~iNwcSjv3C2CZCLwcLxpEtA==/com.termux.x11-1tus8NhfW98goVF914TrYw==/base.apk!/lib/arm64-v8a/libXlorie.so
04-17 08:31:09.556 I/LorieNative(16758): ExaTrace: putImage accel count=194048 drawableType=0 drawableId=0x600037 geom=2898x1848 size=2912x22 format=2 depth=24
04-17 08:31:09.562 I/LorieNative(16758): DamageTraceV2: PutImage count=192000 drawableType=WINDOW screenPixmap=0 drawable=0xb400007cd98d66b0 geom=2898x1848 box=0,1034-2898,1056 backend=other fn=0x7bd5f2ee24 fn_offset=0x30de24 fbase=0x7bd5c21000 sym=unknown so=/data/app/~~iNwcSjv3C2CZCLwcLxpEtA==/com.termux.x11-1tus8NhfW98goVF914TrYw==/base.apk!/lib/arm64-v8a/libXlorie.so
04-17 08:31:09.652 I/LorieNative(16758): DamageTraceV2: PutImage count=192064 drawableType=WINDOW screenPixmap=0 drawable=0xb400007cd98d66b0 geom=2898x1848 box=0,594-2898,616 backend=other fn=0x7bd5f2ee24 fn_offset=0x30de24 fbase=0x7bd5c21000 sym=unknown so=/data/app/~~iNwcSjv3C2CZCLwcLxpEtA==/com.termux.x11-1tus8NhfW98goVF914TrYw==/base.apk!/lib/arm64-v8a/libXlorie.so
04-17 08:31:09.676 I/LorieNative(16758): ExaTrace: putImage accel count=194176 drawableType=0 drawableId=0x600037 geom=2898x1848 size=2912x22 format=2 depth=24
04-17 08:31:09.740 I/LorieNative(16758): DamageTraceV2: PutImage count=192128 drawableType=WINDOW screenPixmap=0 drawable=0xb400007cd98d66b0 geom=2898x1848 box=0,154-2898,176 backend=other fn=0x7bd5f2ee24 fn_offset=0x30de24 fbase=0x7bd5c21000 sym=unknown so=/data/app/~~iNwcSjv3C2CZCLwcLxpEtA==/com.termux.x11-1tus8NhfW98goVF914TrYw==/base.apk!/lib/arm64-v8a/libXlorie.so
04-17 08:31:09.751 I/LorieNative(16758): DamageTraceV2: PutImage count=192192 drawableType=WINDOW screenPixmap=0 drawable=0xb400007cd98d66b0 geom=2898x1848 box=0,1562-2898,1584 backend=other fn=0x7bd5f2ee24 fn_offset=0x30de24 fbase=0x7bd5c21000 sym=unknown so=/data/app/~~iNwcSjv3C2CZCLwcLxpEtA==/com.termux.x11-1tus8NhfW98goVF914TrYw==/base.apk!/lib/arm64-v8a/libXlorie.so
04-17 08:31:09.828 I/LorieNative(16758): ExaTrace: putImage accel count=194304 drawableType=0 drawableId=0x600037 geom=2898x1848 size=2912x22 format=2 depth=24
04-17 08:31:09.836 I/LorieNative(16758): DamageTraceV2: PutImage count=192256 drawableType=WINDOW screenPixmap=0 drawable=0xb400007cd98d66b0 geom=2898x1848 box=0,1122-2898,1144 backend=other fn=0x7bd5f2ee24 fn_offset=0x30de24 fbase=0x7bd5c21000 sym=unknown so=/data/app/~~iNwcSjv3C2CZCLwcLxpEtA==/com.termux.x11-1tus8NhfW98goVF914TrYw==/base.apk!/lib/arm64-v8a/libXlorie.so
04-17 08:31:09.925 I/LorieNative(16758): DamageTraceV2: PutImage count=192320 drawableType=WINDOW screenPixmap=0 drawable=0xb400007cd98d66b0 geom=2898x1848 box=0,682-2898,704 backend=other fn=0x7bd5f2ee24 fn_offset=0x30de24 fbase=0x7bd5c21000 sym=unknown so=/data/app/~~iNwcSjv3C2CZCLwcLxpEtA==/com.termux.x11-1tus8NhfW98goVF914TrYw==/base.apk!/lib/arm64-v8a/libXlorie.so
04-17 08:31:09.937 I/LorieNative(16758): ExaTrace: putImage accel count=194432 drawableType=0 drawableId=0x600037 geom=2898x1848 size=2912x22 format=2 depth=24
04-17 08:31:09.996 I/LorieNative(16758): DamageTraceV2: PutImage count=192384 drawableType=WINDOW screenPixmap=0 drawable=0xb400007cd98d66b0 geom=2898x1848 box=0,242-2898,264 backend=other fn=0x7bd5f2ee24 fn_offset=0x30de24 fbase=0x7bd5c21000 sym=unknown so=/data/app/~~iNwcSjv3C2CZCLwcLxpEtA==/com.termux.x11-1tus8NhfW98goVF914TrYw==/base.apk!/lib/arm64-v8a/libXlorie.so
04-17 08:31:10.007 I/LorieNative(16758): DamageTraceV2: PutImage count=192448 drawableType=WINDOW screenPixmap=0 drawable=0xb400007cd98d66b0 geom=2898x1848 box=0,1650-2898,1672 backend=other fn=0x7bd5f2ee24 fn_offset=0x30de24 fbase=0x7bd5c21000 sym=unknown so=/data/app/~~iNwcSjv3C2CZCLwcLxpEtA==/com.termux.x11-1tus8NhfW98goVF914TrYw==/base.apk!/lib/arm64-v8a/libXlorie.so
04-17 08:31:10.074 I/LorieNative(16758): ExaTrace: putImage accel count=194560 drawableType=0 drawableId=0x600037 geom=2898x1848 size=2912x22 format=2 depth=24
04-17 08:31:10.076 I/LorieNative(16758): DamageTraceV2: PutImage count=192512 drawableType=WINDOW screenPixmap=0 drawable=0xb400007cd98d66b0 geom=2898x1848 box=0,1210-2898,1232 backend=other fn=0x7bd5f2ee24 fn_offset=0x30de24 fbase=0x7bd5c21000 sym=unknown so=/data/app/~~iNwcSjv3C2CZCLwcLxpEtA==/com.termux.x11-1tus8NhfW98goVF914TrYw==/base.apk!/lib/arm64-v8a/libXlorie.so
04-17 08:31:10.140 I/LorieNative(16758): DamageTraceV2: PutImage count=192576 drawableType=WINDOW screenPixmap=0 drawable=0xb400007cd98d66b0 geom=2898x1848 box=0,770-2898,792 backend=other fn=0x7bd5f2ee24 fn_offset=0x30de24 fbase=0x7bd5c21000 sym=unknown so=/data/app/~~iNwcSjv3C2CZCLwcLxpEtA==/com.termux.x11-1tus8NhfW98goVF914TrYw==/base.apk!/lib/arm64-v8a/libXlorie.so
04-17 08:31:10.196 I/LorieNative(16758): ExaTrace: putImage accel count=194688 drawableType=0 drawableId=0x600037 geom=2898x1848 size=2912x22 format=2 depth=24
04-17 08:31:10.200 I/LorieNative(16758): DamageTraceV2: PutImage count=192640 drawableType=WINDOW screenPixmap=0 drawable=0xb400007cd98d66b0 geom=2898x1848 box=0,330-2898,352 backend=other fn=0x7bd5f2ee24 fn_offset=0x30de24 fbase=0x7bd5c21000 sym=unknown so=/data/app/~~iNwcSjv3C2CZCLwcLxpEtA==/com.termux.x11-1tus8NhfW98goVF914TrYw==/base.apk!/lib/arm64-v8a/libXlorie.so
04-17 08:31:10.217 I/LorieNative(16758): DamageTraceV2: PutImage count=192704 drawableType=WINDOW screenPixmap=0 drawable=0xb400007cd98d66b0 geom=2898x1848 box=0,1738-2898,1760 backend=other fn=0x7bd5f2ee24 fn_offset=0x30de24 fbase=0x7bd5c21000 sym=unknown so=/data/app/~~iNwcSjv3C2CZCLwcLxpEtA==/com.termux.x11-1tus8NhfW98goVF914TrYw==/base.apk!/lib/arm64-v8a/libXlorie.so
04-17 08:31:10.282 I/LorieNative(16758): ExaTrace: putImage accel count=194816 drawableType=0 drawableId=0x600037 geom=2898x1848 size=2912x22 format=2 depth=24
04-17 08:31:10.284 I/LorieNative(16758): DamageTraceV2: PutImage count=192768 drawableType=WINDOW screenPixmap=0 drawable=0xb400007cd98d66b0 geom=2898x1848 box=0,1298-2898,1320 backend=other fn=0x7bd5f2ee24 fn_offset=0x30de24 fbase=0x7bd5c21000 sym=unknown so=/data/app/~~iNwcSjv3C2CZCLwcLxpEtA==/com.termux.x11-1tus8NhfW98goVF914TrYw==/base.apk!/lib/arm64-v8a/libXlorie.so
04-17 08:31:10.349 I/LorieNative(16758): DamageTraceV2: PutImage count=192832 drawableType=WINDOW screenPixmap=0 drawable=0xb400007cd98d66b0 geom=2898x1848 box=0,858-2898,880 backend=other fn=0x7bd5f2ee24 fn_offset=0x30de24 fbase=0x7bd5c21000 sym=unknown so=/data/app/~~iNwcSjv3C2CZCLwcLxpEtA==/com.termux.x11-1tus8NhfW98goVF914TrYw==/base.apk!/lib/arm64-v8a/libXlorie.so
04-17 08:31:10.411 I/LorieNative(16758): ExaTrace: putImage accel count=194944 drawableType=0 drawableId=0x600037 geom=2898x1848 size=2912x22 format=2 depth=24
04-17 08:31:10.417 I/LorieNative(16758): DamageTraceV2: PutImage count=192896 drawableType=WINDOW screenPixmap=0 drawable=0xb400007cd98d66b0 geom=2898x1848 box=0,418-2898,440 backend=other fn=0x7bd5f2ee24 fn_offset=0x30de24 fbase=0x7bd5c21000 sym=unknown so=/data/app/~~iNwcSjv3C2CZCLwcLxpEtA==/com.termux.x11-1tus8NhfW98goVF914TrYw==/base.apk!/lib/arm64-v8a/libXlorie.so
04-17 08:31:10.435 I/LorieNative(16758): DamageTraceV2: PutImage count=192960 drawableType=WINDOW screenPixmap=0 drawable=0xb400007cd98d66b0 geom=2898x1848 box=0,1826-2898,1848 backend=other fn=0x7bd5f2ee24 fn_offset=0x30de24 fbase=0x7bd5c21000 sym=unknown so=/data/app/~~iNwcSjv3C2CZCLwcLxpEtA==/com.termux.x11-1tus8NhfW98goVF914TrYw==/base.apk!/lib/arm64-v8a/libXlorie.so
04-17 08:31:10.510 I/LorieNative(16758): ExaTrace: putImage accel count=195072 drawableType=0 drawableId=0x600037 geom=2898x1848 size=2912x22 format=2 depth=24
04-17 08:31:10.515 I/LorieNative(16758): DamageTraceV2: PutImage count=193024 drawableType=WINDOW screenPixmap=0 drawable=0xb400007cd98d66b0 geom=2898x1848 box=0,1386-2898,1408 backend=other fn=0x7bd5f2ee24 fn_offset=0x30de24 fbase=0x7bd5c21000 sym=unknown so=/data/app/~~iNwcSjv3C2CZCLwcLxpEtA==/com.termux.x11-1tus8NhfW98goVF914TrYw==/base.apk!/lib/arm64-v8a/libXlorie.so
04-17 08:31:10.608 I/LorieNative(16758): DamageTraceV2: PutImage count=193088 drawableType=WINDOW screenPixmap=0 drawable=0xb400007cd98d66b0 geom=2898x1848 box=0,946-2898,968 backend=other fn=0x7bd5f2ee24 fn_offset=0x30de24 fbase=0x7bd5c21000 sym=unknown so=/data/app/~~iNwcSjv3C2CZCLwcLxpEtA==/com.termux.x11-1tus8NhfW98goVF914TrYw==/base.apk!/lib/arm64-v8a/libXlorie.so
04-17 08:31:10.632 I/LorieNative(16758): choreographer callbacks in 5.0 seconds = 120.2 FPS
04-17 08:31:10.632 I/LorieNative(16758): redraw wakeups in 5.0 seconds = 120.2 FPS
04-17 08:31:10.632 I/LorieNative(16758): damage-triggered redraws in 5.0 seconds = 25.2 FPS
04-17 08:31:10.632 I/LorieNative(16758): AhbLockTrace: sticky=0 lock_calls=126 unlock_calls=126 sticky_hits=5124 flush_skipped=0 in 5.0s
04-17 08:31:10.633 I/LorieNative(16758): present flip attempts in 5.0 seconds = 0.0 FPS (accepted 0.0, rejected 0.0)
04-17 08:31:10.633 I/LorieNative(16758): present after-flips in 5.0 seconds = 0.0 FPS
04-17 08:31:10.633 I/LorieNative(16758): 125 frames in 5.0 seconds = 25.0 FPS
04-17 08:31:10.684 I/LorieNative(16758): ExaTrace: putImage accel count=195200 drawableType=0 drawableId=0x600037 geom=2898x1848 size=2912x22 format=2 depth=24
04-17 08:31:10.687 I/LorieNative(16758): DamageTraceV2: PutImage count=193152 drawableType=WINDOW screenPixmap=0 drawable=0xb400007cd98d66b0 geom=2898x1848 box=0,506-2898,528 backend=other fn=0x7bd5f2ee24 fn_offset=0x30de24 fbase=0x7bd5c21000 sym=unknown so=/data/app/~~iNwcSjv3C2CZCLwcLxpEtA==/com.termux.x11-1tus8NhfW98goVF914TrYw==/base.apk!/lib/arm64-v8a/libXlorie.so
04-17 08:31:10.747 I/LorieNative(16758): DamageTraceV2: PutImage count=193216 drawableType=WINDOW screenPixmap=0 drawable=0xb400007cd98d66b0 geom=2898x1848 box=0,66-2898,88 backend=other fn=0x7bd5f2ee24 fn_offset=0x30de24 fbase=0x7bd5c21000 sym=unknown so=/data/app/~~iNwcSjv3C2CZCLwcLxpEtA==/com.termux.x11-1tus8NhfW98goVF914TrYw==/base.apk!/lib/arm64-v8a/libXlorie.so
04-17 08:31:10.756 I/LorieNative(16758): ExaTrace: putImage accel count=195328 drawableType=0 drawableId=0x600037 geom=2898x1848 size=2912x22 format=2 depth=24
04-17 08:31:10.759 I/LorieNative(16758): DamageTraceV2: PutImage count=193280 drawableType=WINDOW screenPixmap=0 drawable=0xb400007cd98d66b0 geom=2898x1848 box=0,1474-2898,1496 backend=other fn=0x7bd5f2ee24 fn_offset=0x30de24 fbase=0x7bd5c21000 sym=unknown so=/data/app/~~iNwcSjv3C2CZCLwcLxpEtA==/com.termux.x11-1tus8NhfW98goVF914TrYw==/base.apk!/lib/arm64-v8a/libXlorie.so
04-17 08:31:10.827 I/LorieNative(16758): DamageTraceV2: PutImage count=193344 drawableType=WINDOW screenPixmap=0 drawable=0xb400007cd98d66b0 geom=2898x1848 box=0,1034-2898,1056 backend=other fn=0x7bd5f2ee24 fn_offset=0x30de24 fbase=0x7bd5c21000 sym=unknown so=/data/app/~~iNwcSjv3C2CZCLwcLxpEtA==/com.termux.x11-1tus8NhfW98goVF914TrYw==/base.apk!/lib/arm64-v8a/libXlorie.so
04-17 08:31:10.896 I/LorieNative(16758): ExaTrace: putImage accel count=195456 drawableType=0 drawableId=0x600037 geom=2898x1848 size=2912x22 format=2 depth=24
04-17 08:31:10.902 I/LorieNative(16758): DamageTraceV2: PutImage count=193408 drawableType=WINDOW screenPixmap=0 drawable=0xb400007cd98d66b0 geom=2898x1848 box=0,594-2898,616 backend=other fn=0x7bd5f2ee24 fn_offset=0x30de24 fbase=0x7bd5c21000 sym=unknown so=/data/app/~~iNwcSjv3C2CZCLwcLxpEtA==/com.termux.x11-1tus8NhfW98goVF914TrYw==/base.apk!/lib/arm64-v8a/libXlorie.so
04-17 08:31:10.974 I/LorieNative(16758): DamageTraceV2: PutImage count=193472 drawableType=WINDOW screenPixmap=0 drawable=0xb400007cd98d66b0 geom=2898x1848 box=0,154-2898,176 backend=other fn=0x7bd5f2ee24 fn_offset=0x30de24 fbase=0x7bd5c21000 sym=unknown so=/data/app/~~iNwcSjv3C2CZCLwcLxpEtA==/com.termux.x11-1tus8NhfW98goVF914TrYw==/base.apk!/lib/arm64-v8a/libXlorie.so
04-17 08:31:10.987 I/LorieNative(16758): ExaTrace: putImage accel count=195584 drawableType=0 drawableId=0x600037 geom=2898x1848 size=2912x22 format=2 depth=24
04-17 08:31:10.991 I/LorieNative(16758): DamageTraceV2: PutImage count=193536 drawableType=WINDOW screenPixmap=0 drawable=0xb400007cd98d66b0 geom=2898x1848 box=0,1562-2898,1584 backend=other fn=0x7bd5f2ee24 fn_offset=0x30de24 fbase=0x7bd5c21000 sym=unknown so=/data/app/~~iNwcSjv3C2CZCLwcLxpEtA==/com.termux.x11-1tus8NhfW98goVF914TrYw==/base.apk!/lib/arm64-v8a/libXlorie.so
04-17 08:31:11.081 I/LorieNative(16758): DamageTraceV2: PutImage count=193600 drawableType=WINDOW screenPixmap=0 drawable=0xb400007cd98d66b0 geom=2898x1848 box=0,1122-2898,1144 backend=other fn=0x7bd5f2ee24 fn_offset=0x30de24 fbase=0x7bd5c21000 sym=unknown so=/data/app/~~iNwcSjv3C2CZCLwcLxpEtA==/com.termux.x11-1tus8NhfW98goVF914TrYw==/base.apk!/lib/arm64-v8a/libXlorie.so
04-17 08:31:11.150 I/LorieNative(16758): ExaTrace: putImage accel count=195712 drawableType=0 drawableId=0x600037 geom=2898x1848 size=2912x22 format=2 depth=24
04-17 08:31:11.155 I/LorieNative(16758): DamageTraceV2: PutImage count=193664 drawableType=WINDOW screenPixmap=0 drawable=0xb400007cd98d66b0 geom=2898x1848 box=0,682-2898,704 backend=other fn=0x7bd5f2ee24 fn_offset=0x30de24 fbase=0x7bd5c21000 sym=unknown so=/data/app/~~iNwcSjv3C2CZCLwcLxpEtA==/com.termux.x11-1tus8NhfW98goVF914TrYw==/base.apk!/lib/arm64-v8a/libXlorie.so
04-17 08:31:11.242 I/LorieNative(16758): DamageTraceV2: PutImage count=193728 drawableType=WINDOW screenPixmap=0 drawable=0xb400007cd98d66b0 geom=2898x1848 box=0,242-2898,264 backend=other fn=0x7bd5f2ee24 fn_offset=0x30de24 fbase=0x7bd5c21000 sym=unknown so=/data/app/~~iNwcSjv3C2CZCLwcLxpEtA==/com.termux.x11-1tus8NhfW98goVF914TrYw==/base.apk!/lib/arm64-v8a/libXlorie.so
04-17 08:31:11.259 I/LorieNative(16758): ExaTrace: putImage accel count=195840 drawableType=0 drawableId=0x600037 geom=2898x1848 size=2912x22 format=2 depth=24
04-17 08:31:11.265 I/LorieNative(16758): DamageTraceV2: PutImage count=193792 drawableType=WINDOW screenPixmap=0 drawable=0xb400007cd98d66b0 geom=2898x1848 box=0,1650-2898,1672 backend=other fn=0x7bd5f2ee24 fn_offset=0x30de24 fbase=0x7bd5c21000 sym=unknown so=/data/app/~~iNwcSjv3C2CZCLwcLxpEtA==/com.termux.x11-1tus8NhfW98goVF914TrYw==/base.apk!/lib/arm64-v8a/libXlorie.so
04-17 08:31:11.362 I/LorieNative(16758): DamageTraceV2: PutImage count=193856 drawableType=WINDOW screenPixmap=0 drawable=0xb400007cd98d66b0 geom=2898x1848 box=0,1210-2898,1232 backend=other fn=0x7bd5f2ee24 fn_offset=0x30de24 fbase=0x7bd5c21000 sym=unknown so=/data/app/~~iNwcSjv3C2CZCLwcLxpEtA==/com.termux.x11-1tus8NhfW98goVF914TrYw==/base.apk!/lib/arm64-v8a/libXlorie.so
04-17 08:31:11.430 I/LorieNative(16758): ExaTrace: putImage accel count=195968 drawableType=0 drawableId=0x600037 geom=2898x1848 size=2912x22 format=2 depth=24
04-17 08:31:11.434 I/LorieNative(16758): DamageTraceV2: PutImage count=193920 drawableType=WINDOW screenPixmap=0 drawable=0xb400007cd98d66b0 geom=2898x1848 box=0,770-2898,792 backend=other fn=0x7bd5f2ee24 fn_offset=0x30de24 fbase=0x7bd5c21000 sym=unknown so=/data/app/~~iNwcSjv3C2CZCLwcLxpEtA==/com.termux.x11-1tus8NhfW98goVF914TrYw==/base.apk!/lib/arm64-v8a/libXlorie.so
04-17 08:31:11.505 I/LorieNative(16758): DamageTraceV2: PutImage count=193984 drawableType=WINDOW screenPixmap=0 drawable=0xb400007cd98d66b0 geom=2898x1848 box=0,330-2898,352 backend=other fn=0x7bd5f2ee24 fn_offset=0x30de24 fbase=0x7bd5c21000 sym=unknown so=/data/app/~~iNwcSjv3C2CZCLwcLxpEtA==/com.termux.x11-1tus8NhfW98goVF914TrYw==/base.apk!/lib/arm64-v8a/libXlorie.so
04-17 08:31:11.521 I/LorieNative(16758): ExaTrace: putImage accel count=196096 drawableType=0 drawableId=0x600037 geom=2898x1848 size=2912x22 format=2 depth=24
04-17 08:31:11.524 I/LorieNative(16758): DamageTraceV2: PutImage count=194048 drawableType=WINDOW screenPixmap=0 drawable=0xb400007cd98d66b0 geom=2898x1848 box=0,1738-2898,1760 backend=other fn=0x7bd5f2ee24 fn_offset=0x30de24 fbase=0x7bd5c21000 sym=unknown so=/data/app/~~iNwcSjv3C2CZCLwcLxpEtA==/com.termux.x11-1tus8NhfW98goVF914TrYw==/base.apk!/lib/arm64-v8a/libXlorie.so
04-17 08:31:11.605 I/LorieNative(16758): DamageTraceV2: PutImage count=194112 drawableType=WINDOW screenPixmap=0 drawable=0xb400007cd98d66b0 geom=2898x1848 box=0,1298-2898,1320 backend=other fn=0x7bd5f2ee24 fn_offset=0x30de24 fbase=0x7bd5c21000 sym=unknown so=/data/app/~~iNwcSjv3C2CZCLwcLxpEtA==/com.termux.x11-1tus8NhfW98goVF914TrYw==/base.apk!/lib/arm64-v8a/libXlorie.so
04-17 08:31:11.684 I/LorieNative(16758): ExaTrace: putImage accel count=196224 drawableType=0 drawableId=0x600037 geom=2898x1848 size=2912x22 format=2 depth=24
04-17 08:31:11.687 I/LorieNative(16758): DamageTraceV2: PutImage count=194176 drawableType=WINDOW screenPixmap=0 drawable=0xb400007cd98d66b0 geom=2898x1848 box=0,858-2898,880 backend=other fn=0x7bd5f2ee24 fn_offset=0x30de24 fbase=0x7bd5c21000 sym=unknown so=/data/app/~~iNwcSjv3C2CZCLwcLxpEtA==/com.termux.x11-1tus8NhfW98goVF914TrYw==/base.apk!/lib/arm64-v8a/libXlorie.so
04-17 08:31:11.766 I/LorieNative(16758): DamageTraceV2: PutImage count=194240 drawableType=WINDOW screenPixmap=0 drawable=0xb400007cd98d66b0 geom=2898x1848 box=0,418-2898,440 backend=other fn=0x7bd5f2ee24 fn_offset=0x30de24 fbase=0x7bd5c21000 sym=unknown so=/data/app/~~iNwcSjv3C2CZCLwcLxpEtA==/com.termux.x11-1tus8NhfW98goVF914TrYw==/base.apk!/lib/arm64-v8a/libXlorie.so
04-17 08:31:11.781 I/LorieNative(16758): ExaTrace: putImage accel count=196352 drawableType=0 drawableId=0x600037 geom=2898x1848 size=2912x22 format=2 depth=24
04-17 08:31:11.783 I/LorieNative(16758): DamageTraceV2: PutImage count=194304 drawableType=WINDOW screenPixmap=0 drawable=0xb400007cd98d66b0 geom=2898x1848 box=0,1826-2898,1848 backend=other fn=0x7bd5f2ee24 fn_offset=0x30de24 fbase=0x7bd5c21000 sym=unknown so=/data/app/~~iNwcSjv3C2CZCLwcLxpEtA==/com.termux.x11-1tus8NhfW98goVF914TrYw==/base.apk!/lib/arm64-v8a/libXlorie.so
04-17 08:31:11.867 I/LorieNative(16758): DamageTraceV2: PutImage count=194368 drawableType=WINDOW screenPixmap=0 drawable=0xb400007cd98d66b0 geom=2898x1848 box=0,1386-2898,1408 backend=other fn=0x7bd5f2ee24 fn_offset=0x30de24 fbase=0x7bd5c21000 sym=unknown so=/data/app/~~iNwcSjv3C2CZCLwcLxpEtA==/com.termux.x11-1tus8NhfW98goVF914TrYw==/base.apk!/lib/arm64-v8a/libXlorie.so
04-17 08:31:11.941 I/LorieNative(16758): ExaTrace: putImage accel count=196480 drawableType=0 drawableId=0x600037 geom=2898x1848 size=2912x22 format=2 depth=24
04-17 08:31:11.947 I/LorieNative(16758): DamageTraceV2: PutImage count=194432 drawableType=WINDOW screenPixmap=0 drawable=0xb400007cd98d66b0 geom=2898x1848 box=0,946-2898,968 backend=other fn=0x7bd5f2ee24 fn_offset=0x30de24 fbase=0x7bd5c21000 sym=unknown so=/data/app/~~iNwcSjv3C2CZCLwcLxpEtA==/com.termux.x11-1tus8NhfW98goVF914TrYw==/base.apk!/lib/arm64-v8a/libXlorie.so
04-17 08:31:12.014 I/LorieNative(16758): DamageTraceV2: PutImage count=194496 drawableType=WINDOW screenPixmap=0 drawable=0xb400007cd98d66b0 geom=2898x1848 box=0,506-2898,528 backend=other fn=0x7bd5f2ee24 fn_offset=0x30de24 fbase=0x7bd5c21000 sym=unknown so=/data/app/~~iNwcSjv3C2CZCLwcLxpEtA==/com.termux.x11-1tus8NhfW98goVF914TrYw==/base.apk!/lib/arm64-v8a/libXlorie.so
04-17 08:31:12.029 I/LorieNative(16758): ExaTrace: putImage accel count=196608 drawableType=0 drawableId=0x600037 geom=2898x1848 size=2912x22 format=2 depth=24
04-17 08:31:12.087 I/LorieNative(16758): DamageTraceV2: PutImage count=194560 drawableType=WINDOW screenPixmap=0 drawable=0xb400007cd98d66b0 geom=2898x1848 box=0,66-2898,88 backend=other fn=0x7bd5f2ee24 fn_offset=0x30de24 fbase=0x7bd5c21000 sym=unknown so=/data/app/~~iNwcSjv3C2CZCLwcLxpEtA==/com.termux.x11-1tus8NhfW98goVF914TrYw==/base.apk!/lib/arm64-v8a/libXlorie.so
04-17 08:31:12.105 I/LorieNative(16758): DamageTraceV2: PutImage count=194624 drawableType=WINDOW screenPixmap=0 drawable=0xb400007cd98d66b0 geom=2898x1848 box=0,1474-2898,1496 backend=other fn=0x7bd5f2ee24 fn_offset=0x30de24 fbase=0x7bd5c21000 sym=unknown so=/data/app/~~iNwcSjv3C2CZCLwcLxpEtA==/com.termux.x11-1tus8NhfW98goVF914TrYw==/base.apk!/lib/arm64-v8a/libXlorie.so
04-17 08:31:12.177 I/LorieNative(16758): ExaTrace: putImage accel count=196736 drawableType=0 drawableId=0x600037 geom=2898x1848 size=2912x22 format=2 depth=24
04-17 08:31:12.180 I/LorieNative(16758): DamageTraceV2: PutImage count=194688 drawableType=WINDOW screenPixmap=0 drawable=0xb400007cd98d66b0 geom=2898x1848 box=0,1034-2898,1056 backend=other fn=0x7bd5f2ee24 fn_offset=0x30de24 fbase=0x7bd5c21000 sym=unknown so=/data/app/~~iNwcSjv3C2CZCLwcLxpEtA==/com.termux.x11-1tus8NhfW98goVF914TrYw==/base.apk!/lib/arm64-v8a/libXlorie.so
04-17 08:31:12.257 I/LorieNative(16758): DamageTraceV2: PutImage count=194752 drawableType=WINDOW screenPixmap=0 drawable=0xb400007cd98d66b0 geom=2898x1848 box=0,594-2898,616 backend=other fn=0x7bd5f2ee24 fn_offset=0x30de24 fbase=0x7bd5c21000 sym=unknown so=/data/app/~~iNwcSjv3C2CZCLwcLxpEtA==/com.termux.x11-1tus8NhfW98goVF914TrYw==/base.apk!/lib/arm64-v8a/libXlorie.so
04-17 08:31:12.271 I/LorieNative(16758): ExaTrace: putImage accel count=196864 drawableType=0 drawableId=0x600037 geom=2898x1848 size=2912x22 format=2 depth=24
04-17 08:31:12.347 I/LorieNative(16758): DamageTraceV2: PutImage count=194816 drawableType=WINDOW screenPixmap=0 drawable=0xb400007cd98d66b0 geom=2898x1848 box=0,154-2898,176 backend=other fn=0x7bd5f2ee24 fn_offset=0x30de24 fbase=0x7bd5c21000 sym=unknown so=/data/app/~~iNwcSjv3C2CZCLwcLxpEtA==/com.termux.x11-1tus8NhfW98goVF914TrYw==/base.apk!/lib/arm64-v8a/libXlorie.so
04-17 08:31:12.367 I/LorieNative(16758): DamageTraceV2: PutImage count=194880 drawableType=WINDOW screenPixmap=0 drawable=0xb400007cd98d66b0 geom=2898x1848 box=0,1562-2898,1584 backend=other fn=0x7bd5f2ee24 fn_offset=0x30de24 fbase=0x7bd5c21000 sym=unknown so=/data/app/~~iNwcSjv3C2CZCLwcLxpEtA==/com.termux.x11-1tus8NhfW98goVF914TrYw==/base.apk!/lib/arm64-v8a/libXlorie.so
04-17 08:31:12.444 I/LorieNative(16758): ExaTrace: putImage accel count=196992 drawableType=0 drawableId=0x600037 geom=2898x1848 size=2912x22 format=2 depth=24
04-17 08:31:12.449 I/LorieNative(16758): DamageTraceV2: PutImage count=194944 drawableType=WINDOW screenPixmap=0 drawable=0xb400007cd98d66b0 geom=2898x1848 box=0,1122-2898,1144 backend=other fn=0x7bd5f2ee24 fn_offset=0x30de24 fbase=0x7bd5c21000 sym=unknown so=/data/app/~~iNwcSjv3C2CZCLwcLxpEtA==/com.termux.x11-1tus8NhfW98goVF914TrYw==/base.apk!/lib/arm64-v8a/libXlorie.so
04-17 08:31:12.531 I/LorieNative(16758): DamageTraceV2: PutImage count=195008 drawableType=WINDOW screenPixmap=0 drawable=0xb400007cd98d66b0 geom=2898x1848 box=0,682-2898,704 backend=other fn=0x7bd5f2ee24 fn_offset=0x30de24 fbase=0x7bd5c21000 sym=unknown so=/data/app/~~iNwcSjv3C2CZCLwcLxpEtA==/com.termux.x11-1tus8NhfW98goVF914TrYw==/base.apk!/lib/arm64-v8a/libXlorie.so
04-17 08:31:12.545 I/LorieNative(16758): ExaTrace: putImage accel count=197120 drawableType=0 drawableId=0x600037 geom=2898x1848 size=2912x22 format=2 depth=24
04-17 08:31:12.612 I/LorieNative(16758): DamageTraceV2: PutImage count=195072 drawableType=WINDOW screenPixmap=0 drawable=0xb400007cd98d66b0 geom=2898x1848 box=0,242-2898,264 backend=other fn=0x7bd5f2ee24 fn_offset=0x30de24 fbase=0x7bd5c21000 sym=unknown so=/data/app/~~iNwcSjv3C2CZCLwcLxpEtA==/com.termux.x11-1tus8NhfW98goVF914TrYw==/base.apk!/lib/arm64-v8a/libXlorie.so
04-17 08:31:12.631 I/LorieNative(16758): DamageTraceV2: PutImage count=195136 drawableType=WINDOW screenPixmap=0 drawable=0xb400007cd98d66b0 geom=2898x1848 box=0,1650-2898,1672 backend=other fn=0x7bd5f2ee24 fn_offset=0x30de24 fbase=0x7bd5c21000 sym=unknown so=/data/app/~~iNwcSjv3C2CZCLwcLxpEtA==/com.termux.x11-1tus8NhfW98goVF914TrYw==/base.apk!/lib/arm64-v8a/libXlorie.so
04-17 08:31:12.714 I/LorieNative(16758): ExaTrace: putImage accel count=197248 drawableType=0 drawableId=0x600037 geom=2898x1848 size=2912x22 format=2 depth=24
04-17 08:31:12.717 I/LorieNative(16758): DamageTraceV2: PutImage count=195200 drawableType=WINDOW screenPixmap=0 drawable=0xb400007cd98d66b0 geom=2898x1848 box=0,1210-2898,1232 backend=other fn=0x7bd5f2ee24 fn_offset=0x30de24 fbase=0x7bd5c21000 sym=unknown so=/data/app/~~iNwcSjv3C2CZCLwcLxpEtA==/com.termux.x11-1tus8NhfW98goVF914TrYw==/base.apk!/lib/arm64-v8a/libXlorie.so
04-17 08:31:12.800 I/LorieNative(16758): DamageTraceV2: PutImage count=195264 drawableType=WINDOW screenPixmap=0 drawable=0xb400007cd98d66b0 geom=2898x1848 box=0,770-2898,792 backend=other fn=0x7bd5f2ee24 fn_offset=0x30de24 fbase=0x7bd5c21000 sym=unknown so=/data/app/~~iNwcSjv3C2CZCLwcLxpEtA==/com.termux.x11-1tus8NhfW98goVF914TrYw==/base.apk!/lib/arm64-v8a/libXlorie.so
04-17 08:31:12.865 I/LorieNative(16758): ExaTrace: putImage accel count=197376 drawableType=0 drawableId=0x600037 geom=2898x1848 size=2912x22 format=2 depth=24
04-17 08:31:12.873 I/LorieNative(16758): DamageTraceV2: PutImage count=195328 drawableType=WINDOW screenPixmap=0 drawable=0xb400007cd98d66b0 geom=2898x1848 box=0,330-2898,352 backend=other fn=0x7bd5f2ee24 fn_offset=0x30de24 fbase=0x7bd5c21000 sym=unknown so=/data/app/~~iNwcSjv3C2CZCLwcLxpEtA==/com.termux.x11-1tus8NhfW98goVF914TrYw==/base.apk!/lib/arm64-v8a/libXlorie.so
04-17 08:31:12.901 I/LorieNative(16758): DamageTraceV2: PutImage count=195392 drawableType=WINDOW screenPixmap=0 drawable=0xb400007cd98d66b0 geom=2898x1848 box=0,1738-2898,1760 backend=other fn=0x7bd5f2ee24 fn_offset=0x30de24 fbase=0x7bd5c21000 sym=unknown so=/data/app/~~iNwcSjv3C2CZCLwcLxpEtA==/com.termux.x11-1tus8NhfW98goVF914TrYw==/base.apk!/lib/arm64-v8a/libXlorie.so
04-17 08:31:12.982 I/LorieNative(16758): ExaTrace: putImage accel count=197504 drawableType=0 drawableId=0x600037 geom=2898x1848 size=2912x22 format=2 depth=24
04-17 08:31:12.985 I/LorieNative(16758): DamageTraceV2: PutImage count=195456 drawableType=WINDOW screenPixmap=0 drawable=0xb400007cd98d66b0 geom=2898x1848 box=0,1298-2898,1320 backend=other fn=0x7bd5f2ee24 fn_offset=0x30de24 fbase=0x7bd5c21000 sym=unknown so=/data/app/~~iNwcSjv3C2CZCLwcLxpEtA==/com.termux.x11-1tus8NhfW98goVF914TrYw==/base.apk!/lib/arm64-v8a/libXlorie.so
04-17 08:31:13.063 I/LorieNative(16758): DamageTraceV2: PutImage count=195520 drawableType=WINDOW screenPixmap=0 drawable=0xb400007cd98d66b0 geom=2898x1848 box=0,858-2898,880 backend=other fn=0x7bd5f2ee24 fn_offset=0x30de24 fbase=0x7bd5c21000 sym=unknown so=/data/app/~~iNwcSjv3C2CZCLwcLxpEtA==/com.termux.x11-1tus8NhfW98goVF914TrYw==/base.apk!/lib/arm64-v8a/libXlorie.so
04-17 08:31:13.138 I/LorieNative(16758): ExaTrace: putImage accel count=197632 drawableType=0 drawableId=0x600037 geom=2898x1848 size=2912x22 format=2 depth=24
04-17 08:31:13.146 I/LorieNative(16758): DamageTraceV2: PutImage count=195584 drawableType=WINDOW screenPixmap=0 drawable=0xb400007cd98d66b0 geom=2898x1848 box=0,418-2898,440 backend=other fn=0x7bd5f2ee24 fn_offset=0x30de24 fbase=0x7bd5c21000 sym=unknown so=/data/app/~~iNwcSjv3C2CZCLwcLxpEtA==/com.termux.x11-1tus8NhfW98goVF914TrYw==/base.apk!/lib/arm64-v8a/libXlorie.so
04-17 08:31:13.169 I/LorieNative(16758): DamageTraceV2: PutImage count=195648 drawableType=WINDOW screenPixmap=0 drawable=0xb400007cd98d66b0 geom=2898x1848 box=0,1826-2898,1848 backend=other fn=0x7bd5f2ee24 fn_offset=0x30de24 fbase=0x7bd5c21000 sym=unknown so=/data/app/~~iNwcSjv3C2CZCLwcLxpEtA==/com.termux.x11-1tus8NhfW98goVF914TrYw==/base.apk!/lib/arm64-v8a/libXlorie.so
04-17 08:31:13.261 I/LorieNative(16758): ExaTrace: putImage accel count=197760 drawableType=0 drawableId=0x600037 geom=2898x1848 size=2912x22 format=2 depth=24
04-17 08:31:13.264 I/LorieNative(16758): DamageTraceV2: PutImage count=195712 drawableType=WINDOW screenPixmap=0 drawable=0xb400007cd98d66b0 geom=2898x1848 box=0,1386-2898,1408 backend=other fn=0x7bd5f2ee24 fn_offset=0x30de24 fbase=0x7bd5c21000 sym=unknown so=/data/app/~~iNwcSjv3C2CZCLwcLxpEtA==/com.termux.x11-1tus8NhfW98goVF914TrYw==/base.apk!/lib/arm64-v8a/libXlorie.so
04-17 08:31:13.351 I/LorieNative(16758): DamageTraceV2: PutImage count=195776 drawableType=WINDOW screenPixmap=0 drawable=0xb400007cd98d66b0 geom=2898x1848 box=0,946-2898,968 backend=other fn=0x7bd5f2ee24 fn_offset=0x30de24 fbase=0x7bd5c21000 sym=unknown so=/data/app/~~iNwcSjv3C2CZCLwcLxpEtA==/com.termux.x11-1tus8NhfW98goVF914TrYw==/base.apk!/lib/arm64-v8a/libXlorie.so
04-17 08:31:13.421 I/LorieNative(16758): ExaTrace: putImage accel count=197888 drawableType=0 drawableId=0x600037 geom=2898x1848 size=2912x22 format=2 depth=24
04-17 08:31:13.426 I/LorieNative(16758): DamageTraceV2: PutImage count=195840 drawableType=WINDOW screenPixmap=0 drawable=0xb400007cd98d66b0 geom=2898x1848 box=0,506-2898,528 backend=other fn=0x7bd5f2ee24 fn_offset=0x30de24 fbase=0x7bd5c21000 sym=unknown so=/data/app/~~iNwcSjv3C2CZCLwcLxpEtA==/com.termux.x11-1tus8NhfW98goVF914TrYw==/base.apk!/lib/arm64-v8a/libXlorie.so
04-17 08:31:13.492 I/LorieNative(16758): DamageTraceV2: PutImage count=195904 drawableType=WINDOW screenPixmap=0 drawable=0xb400007cd98d66b0 geom=2898x1848 box=0,66-2898,88 backend=other fn=0x7bd5f2ee24 fn_offset=0x30de24 fbase=0x7bd5c21000 sym=unknown so=/data/app/~~iNwcSjv3C2CZCLwcLxpEtA==/com.termux.x11-1tus8NhfW98goVF914TrYw==/base.apk!/lib/arm64-v8a/libXlorie.so
04-17 08:31:13.506 I/LorieNative(16758): ExaTrace: putImage accel count=198016 drawableType=0 drawableId=0x600037 geom=2898x1848 size=2912x22 format=2 depth=24
04-17 08:31:13.511 I/LorieNative(16758): DamageTraceV2: PutImage count=195968 drawableType=WINDOW screenPixmap=0 drawable=0xb400007cd98d66b0 geom=2898x1848 box=0,1474-2898,1496 backend=other fn=0x7bd5f2ee24 fn_offset=0x30de24 fbase=0x7bd5c21000 sym=unknown so=/data/app/~~iNwcSjv3C2CZCLwcLxpEtA==/com.termux.x11-1tus8NhfW98goVF914TrYw==/base.apk!/lib/arm64-v8a/libXlorie.so
04-17 08:31:13.589 I/LorieNative(16758): DamageTraceV2: PutImage count=196032 drawableType=WINDOW screenPixmap=0 drawable=0xb400007cd98d66b0 geom=2898x1848 box=0,1034-2898,1056 backend=other fn=0x7bd5f2ee24 fn_offset=0x30de24 fbase=0x7bd5c21000 sym=unknown so=/data/app/~~iNwcSjv3C2CZCLwcLxpEtA==/com.termux.x11-1tus8NhfW98goVF914TrYw==/base.apk!/lib/arm64-v8a/libXlorie.so
04-17 08:31:13.660 I/LorieNative(16758): ExaTrace: putImage accel count=198144 drawableType=0 drawableId=0x600037 geom=2898x1848 size=2912x22 format=2 depth=24
04-17 08:31:13.666 I/LorieNative(16758): DamageTraceV2: PutImage count=196096 drawableType=WINDOW screenPixmap=0 drawable=0xb400007cd98d66b0 geom=2898x1848 box=0,594-2898,616 backend=other fn=0x7bd5f2ee24 fn_offset=0x30de24 fbase=0x7bd5c21000 sym=unknown so=/data/app/~~iNwcSjv3C2CZCLwcLxpEtA==/com.termux.x11-1tus8NhfW98goVF914TrYw==/base.apk!/lib/arm64-v8a/libXlorie.so
04-17 08:31:13.747 I/LorieNative(16758): DamageTraceV2: PutImage count=196160 drawableType=WINDOW screenPixmap=0 drawable=0xb400007cd98d66b0 geom=2898x1848 box=0,154-2898,176 backend=other fn=0x7bd5f2ee24 fn_offset=0x30de24 fbase=0x7bd5c21000 sym=unknown so=/data/app/~~iNwcSjv3C2CZCLwcLxpEtA==/com.termux.x11-1tus8NhfW98goVF914TrYw==/base.apk!/lib/arm64-v8a/libXlorie.so
04-17 08:31:13.763 I/LorieNative(16758): ExaTrace: putImage accel count=198272 drawableType=0 drawableId=0x600037 geom=2898x1848 size=2912x22 format=2 depth=24
04-17 08:31:13.767 I/LorieNative(16758): DamageTraceV2: PutImage count=196224 drawableType=WINDOW screenPixmap=0 drawable=0xb400007cd98d66b0 geom=2898x1848 box=0,1562-2898,1584 backend=other fn=0x7bd5f2ee24 fn_offset=0x30de24 fbase=0x7bd5c21000 sym=unknown so=/data/app/~~iNwcSjv3C2CZCLwcLxpEtA==/com.termux.x11-1tus8NhfW98goVF914TrYw==/base.apk!/lib/arm64-v8a/libXlorie.so
04-17 08:31:13.847 I/LorieNative(16758): DamageTraceV2: PutImage count=196288 drawableType=WINDOW screenPixmap=0 drawable=0xb400007cd98d66b0 geom=2898x1848 box=0,1122-2898,1144 backend=other fn=0x7bd5f2ee24 fn_offset=0x30de24 fbase=0x7bd5c21000 sym=unknown so=/data/app/~~iNwcSjv3C2CZCLwcLxpEtA==/com.termux.x11-1tus8NhfW98goVF914TrYw==/base.apk!/lib/arm64-v8a/libXlorie.so
04-17 08:31:13.940 I/LorieNative(16758): ExaTrace: putImage accel count=198400 drawableType=0 drawableId=0x600037 geom=2898x1848 size=2912x22 format=2 depth=24
04-17 08:31:13.945 I/LorieNative(16758): DamageTraceV2: PutImage count=196352 drawableType=WINDOW screenPixmap=0 drawable=0xb400007cd98d66b0 geom=2898x1848 box=0,682-2898,704 backend=other fn=0x7bd5f2ee24 fn_offset=0x30de24 fbase=0x7bd5c21000 sym=unknown so=/data/app/~~iNwcSjv3C2CZCLwcLxpEtA==/com.termux.x11-1tus8NhfW98goVF914TrYw==/base.apk!/lib/arm64-v8a/libXlorie.so
04-17 08:31:14.044 I/LorieNative(16758): DamageTraceV2: PutImage count=196416 drawableType=WINDOW screenPixmap=0 drawable=0xb400007cd98d66b0 geom=2898x1848 box=0,242-2898,264 backend=other fn=0x7bd5f2ee24 fn_offset=0x30de24 fbase=0x7bd5c21000 sym=unknown so=/data/app/~~iNwcSjv3C2CZCLwcLxpEtA==/com.termux.x11-1tus8NhfW98goVF914TrYw==/base.apk!/lib/arm64-v8a/libXlorie.so
04-17 08:31:14.060 I/LorieNative(16758): ExaTrace: putImage accel count=198528 drawableType=0 drawableId=0x600037 geom=2898x1848 size=2912x22 format=2 depth=24
04-17 08:31:14.062 I/LorieNative(16758): DamageTraceV2: PutImage count=196480 drawableType=WINDOW screenPixmap=0 drawable=0xb400007cd98d66b0 geom=2898x1848 box=0,1650-2898,1672 backend=other fn=0x7bd5f2ee24 fn_offset=0x30de24 fbase=0x7bd5c21000 sym=unknown so=/data/app/~~iNwcSjv3C2CZCLwcLxpEtA==/com.termux.x11-1tus8NhfW98goVF914TrYw==/base.apk!/lib/arm64-v8a/libXlorie.so
04-17 08:31:14.139 I/LorieNative(16758): DamageTraceV2: PutImage count=196544 drawableType=WINDOW screenPixmap=0 drawable=0xb400007cd98d66b0 geom=2898x1848 box=0,1210-2898,1232 backend=other fn=0x7bd5f2ee24 fn_offset=0x30de24 fbase=0x7bd5c21000 sym=unknown so=/data/app/~~iNwcSjv3C2CZCLwcLxpEtA==/com.termux.x11-1tus8NhfW98goVF914TrYw==/base.apk!/lib/arm64-v8a/libXlorie.so
04-17 08:31:14.224 I/LorieNative(16758): ExaTrace: putImage accel count=198656 drawableType=0 drawableId=0x600037 geom=2898x1848 size=2912x22 format=2 depth=24
04-17 08:31:14.231 I/LorieNative(16758): DamageTraceV2: PutImage count=196608 drawableType=WINDOW screenPixmap=0 drawable=0xb400007cd98d66b0 geom=2898x1848 box=0,770-2898,792 backend=other fn=0x7bd5f2ee24 fn_offset=0x30de24 fbase=0x7bd5c21000 sym=unknown so=/data/app/~~iNwcSjv3C2CZCLwcLxpEtA==/com.termux.x11-1tus8NhfW98goVF914TrYw==/base.apk!/lib/arm64-v8a/libXlorie.so
04-17 08:31:14.307 I/LorieNative(16758): DamageTraceV2: PutImage count=196672 drawableType=WINDOW screenPixmap=0 drawable=0xb400007cd98d66b0 geom=2898x1848 box=0,330-2898,352 backend=other fn=0x7bd5f2ee24 fn_offset=0x30de24 fbase=0x7bd5c21000 sym=unknown so=/data/app/~~iNwcSjv3C2CZCLwcLxpEtA==/com.termux.x11-1tus8NhfW98goVF914TrYw==/base.apk!/lib/arm64-v8a/libXlorie.so
04-17 08:31:14.322 I/LorieNative(16758): ExaTrace: putImage accel count=198784 drawableType=0 drawableId=0x600037 geom=2898x1848 size=2912x22 format=2 depth=24
04-17 08:31:14.325 I/LorieNative(16758): DamageTraceV2: PutImage count=196736 drawableType=WINDOW screenPixmap=0 drawable=0xb400007cd98d66b0 geom=2898x1848 box=0,1738-2898,1760 backend=other fn=0x7bd5f2ee24 fn_offset=0x30de24 fbase=0x7bd5c21000 sym=unknown so=/data/app/~~iNwcSjv3C2CZCLwcLxpEtA==/com.termux.x11-1tus8NhfW98goVF914TrYw==/base.apk!/lib/arm64-v8a/libXlorie.so
04-17 08:31:14.406 I/LorieNative(16758): DamageTraceV2: PutImage count=196800 drawableType=WINDOW screenPixmap=0 drawable=0xb400007cd98d66b0 geom=2898x1848 box=0,1298-2898,1320 backend=other fn=0x7bd5f2ee24 fn_offset=0x30de24 fbase=0x7bd5c21000 sym=unknown so=/data/app/~~iNwcSjv3C2CZCLwcLxpEtA==/com.termux.x11-1tus8NhfW98goVF914TrYw==/base.apk!/lib/arm64-v8a/libXlorie.so
04-17 08:31:14.473 I/LorieNative(16758): ExaTrace: putImage accel count=198912 drawableType=0 drawableId=0x600037 geom=2898x1848 size=2912x22 format=2 depth=24
04-17 08:31:14.478 I/LorieNative(16758): DamageTraceV2: PutImage count=196864 drawableType=WINDOW screenPixmap=0 drawable=0xb400007cd98d66b0 geom=2898x1848 box=0,858-2898,880 backend=other fn=0x7bd5f2ee24 fn_offset=0x30de24 fbase=0x7bd5c21000 sym=unknown so=/data/app/~~iNwcSjv3C2CZCLwcLxpEtA==/com.termux.x11-1tus8NhfW98goVF914TrYw==/base.apk!/lib/arm64-v8a/libXlorie.so
04-17 08:31:14.553 I/LorieNative(16758): DamageTraceV2: PutImage count=196928 drawableType=WINDOW screenPixmap=0 drawable=0xb400007cd98d66b0 geom=2898x1848 box=0,418-2898,440 backend=other fn=0x7bd5f2ee24 fn_offset=0x30de24 fbase=0x7bd5c21000 sym=unknown so=/data/app/~~iNwcSjv3C2CZCLwcLxpEtA==/com.termux.x11-1tus8NhfW98goVF914TrYw==/base.apk!/lib/arm64-v8a/libXlorie.so
04-17 08:31:14.569 I/LorieNative(16758): ExaTrace: putImage accel count=199040 drawableType=0 drawableId=0x600037 geom=2898x1848 size=2912x22 format=2 depth=24
04-17 08:31:14.571 I/LorieNative(16758): DamageTraceV2: PutImage count=196992 drawableType=WINDOW screenPixmap=0 drawable=0xb400007cd98d66b0 geom=2898x1848 box=0,1826-2898,1848 backend=other fn=0x7bd5f2ee24 fn_offset=0x30de24 fbase=0x7bd5c21000 sym=unknown so=/data/app/~~iNwcSjv3C2CZCLwcLxpEtA==/com.termux.x11-1tus8NhfW98goVF914TrYw==/base.apk!/lib/arm64-v8a/libXlorie.so
04-17 08:31:14.650 I/LorieNative(16758): DamageTraceV2: PutImage count=197056 drawableType=WINDOW screenPixmap=0 drawable=0xb400007cd98d66b0 geom=2898x1848 box=0,1386-2898,1408 backend=other fn=0x7bd5f2ee24 fn_offset=0x30de24 fbase=0x7bd5c21000 sym=unknown so=/data/app/~~iNwcSjv3C2CZCLwcLxpEtA==/com.termux.x11-1tus8NhfW98goVF914TrYw==/base.apk!/lib/arm64-v8a/libXlorie.so
04-17 08:31:14.730 I/LorieNative(16758): ExaTrace: putImage accel count=199168 drawableType=0 drawableId=0x600037 geom=2898x1848 size=2912x22 format=2 depth=24
04-17 08:31:14.735 I/LorieNative(16758): DamageTraceV2: PutImage count=197120 drawableType=WINDOW screenPixmap=0 drawable=0xb400007cd98d66b0 geom=2898x1848 box=0,946-2898,968 backend=other fn=0x7bd5f2ee24 fn_offset=0x30de24 fbase=0x7bd5c21000 sym=unknown so=/data/app/~~iNwcSjv3C2CZCLwcLxpEtA==/com.termux.x11-1tus8NhfW98goVF914TrYw==/base.apk!/lib/arm64-v8a/libXlorie.so
04-17 08:31:14.812 I/LorieNative(16758): DamageTraceV2: PutImage count=197184 drawableType=WINDOW screenPixmap=0 drawable=0xb400007cd98d66b0 geom=2898x1848 box=0,506-2898,528 backend=other fn=0x7bd5f2ee24 fn_offset=0x30de24 fbase=0x7bd5c21000 sym=unknown so=/data/app/~~iNwcSjv3C2CZCLwcLxpEtA==/com.termux.x11-1tus8NhfW98goVF914TrYw==/base.apk!/lib/arm64-v8a/libXlorie.so
04-17 08:31:14.826 I/LorieNative(16758): ExaTrace: putImage accel count=199296 drawableType=0 drawableId=0x600037 geom=2898x1848 size=2912x22 format=2 depth=24
04-17 08:31:14.884 I/LorieNative(16758): DamageTraceV2: PutImage count=197248 drawableType=WINDOW screenPixmap=0 drawable=0xb400007cd98d66b0 geom=2898x1848 box=0,66-2898,88 backend=other fn=0x7bd5f2ee24 fn_offset=0x30de24 fbase=0x7bd5c21000 sym=unknown so=/data/app/~~iNwcSjv3C2CZCLwcLxpEtA==/com.termux.x11-1tus8NhfW98goVF914TrYw==/base.apk!/lib/arm64-v8a/libXlorie.so
04-17 08:31:14.902 I/LorieNative(16758): DamageTraceV2: PutImage count=197312 drawableType=WINDOW screenPixmap=0 drawable=0xb400007cd98d66b0 geom=2898x1848 box=0,1474-2898,1496 backend=other fn=0x7bd5f2ee24 fn_offset=0x30de24 fbase=0x7bd5c21000 sym=unknown so=/data/app/~~iNwcSjv3C2CZCLwcLxpEtA==/com.termux.x11-1tus8NhfW98goVF914TrYw==/base.apk!/lib/arm64-v8a/libXlorie.so
04-17 08:31:14.992 I/LorieNative(16758): ExaTrace: putImage accel count=199424 drawableType=0 drawableId=0x600037 geom=2898x1848 size=2912x22 format=2 depth=24
04-17 08:31:14.997 I/LorieNative(16758): DamageTraceV2: PutImage count=197376 drawableType=WINDOW screenPixmap=0 drawable=0xb400007cd98d66b0 geom=2898x1848 box=0,1034-2898,1056 backend=other fn=0x7bd5f2ee24 fn_offset=0x30de24 fbase=0x7bd5c21000 sym=unknown so=/data/app/~~iNwcSjv3C2CZCLwcLxpEtA==/com.termux.x11-1tus8NhfW98goVF914TrYw==/base.apk!/lib/arm64-v8a/libXlorie.so
04-17 08:31:15.078 I/LorieNative(16758): DamageTraceV2: PutImage count=197440 drawableType=WINDOW screenPixmap=0 drawable=0xb400007cd98d66b0 geom=2898x1848 box=0,594-2898,616 backend=other fn=0x7bd5f2ee24 fn_offset=0x30de24 fbase=0x7bd5c21000 sym=unknown so=/data/app/~~iNwcSjv3C2CZCLwcLxpEtA==/com.termux.x11-1tus8NhfW98goVF914TrYw==/base.apk!/lib/arm64-v8a/libXlorie.so
04-17 08:31:15.090 I/LorieNative(16758): ExaTrace: putImage accel count=199552 drawableType=0 drawableId=0x600037 geom=2898x1848 size=2912x22 format=2 depth=24
04-17 08:31:15.150 I/LorieNative(16758): DamageTraceV2: PutImage count=197504 drawableType=WINDOW screenPixmap=0 drawable=0xb400007cd98d66b0 geom=2898x1848 box=0,154-2898,176 backend=other fn=0x7bd5f2ee24 fn_offset=0x30de24 fbase=0x7bd5c21000 sym=unknown so=/data/app/~~iNwcSjv3C2CZCLwcLxpEtA==/com.termux.x11-1tus8NhfW98goVF914TrYw==/base.apk!/lib/arm64-v8a/libXlorie.so
04-17 08:31:15.170 I/LorieNative(16758): DamageTraceV2: PutImage count=197568 drawableType=WINDOW screenPixmap=0 drawable=0xb400007cd98d66b0 geom=2898x1848 box=0,1562-2898,1584 backend=other fn=0x7bd5f2ee24 fn_offset=0x30de24 fbase=0x7bd5c21000 sym=unknown so=/data/app/~~iNwcSjv3C2CZCLwcLxpEtA==/com.termux.x11-1tus8NhfW98goVF914TrYw==/base.apk!/lib/arm64-v8a/libXlorie.so
04-17 08:31:15.233 I/LorieNative(16758): ExaTrace: putImage accel count=199680 drawableType=0 drawableId=0x600037 geom=2898x1848 size=2912x22 format=2 depth=24
04-17 08:31:15.236 I/LorieNative(16758): DamageTraceV2: PutImage count=197632 drawableType=WINDOW screenPixmap=0 drawable=0xb400007cd98d66b0 geom=2898x1848 box=0,1122-2898,1144 backend=other fn=0x7bd5f2ee24 fn_offset=0x30de24 fbase=0x7bd5c21000 sym=unknown so=/data/app/~~iNwcSjv3C2CZCLwcLxpEtA==/com.termux.x11-1tus8NhfW98goVF914TrYw==/base.apk!/lib/arm64-v8a/libXlorie.so
04-17 08:31:15.305 I/LorieNative(16758): DamageTraceV2: PutImage count=197696 drawableType=WINDOW screenPixmap=0 drawable=0xb400007cd98d66b0 geom=2898x1848 box=0,682-2898,704 backend=other fn=0x7bd5f2ee24 fn_offset=0x30de24 fbase=0x7bd5c21000 sym=unknown so=/data/app/~~iNwcSjv3C2CZCLwcLxpEtA==/com.termux.x11-1tus8NhfW98goVF914TrYw==/base.apk!/lib/arm64-v8a/libXlorie.so
04-17 08:31:15.319 I/LorieNative(16758): ExaTrace: putImage accel count=199808 drawableType=0 drawableId=0x600037 geom=2898x1848 size=2912x22 format=2 depth=24
04-17 08:31:15.376 I/LorieNative(16758): DamageTraceV2: PutImage count=197760 drawableType=WINDOW screenPixmap=0 drawable=0xb400007cd98d66b0 geom=2898x1848 box=0,242-2898,264 backend=other fn=0x7bd5f2ee24 fn_offset=0x30de24 fbase=0x7bd5c21000 sym=unknown so=/data/app/~~iNwcSjv3C2CZCLwcLxpEtA==/com.termux.x11-1tus8NhfW98goVF914TrYw==/base.apk!/lib/arm64-v8a/libXlorie.so
04-17 08:31:15.394 I/LorieNative(16758): DamageTraceV2: PutImage count=197824 drawableType=WINDOW screenPixmap=0 drawable=0xb400007cd98d66b0 geom=2898x1848 box=0,1650-2898,1672 backend=other fn=0x7bd5f2ee24 fn_offset=0x30de24 fbase=0x7bd5c21000 sym=unknown so=/data/app/~~iNwcSjv3C2CZCLwcLxpEtA==/com.termux.x11-1tus8NhfW98goVF914TrYw==/base.apk!/lib/arm64-v8a/libXlorie.so
04-17 08:31:15.468 I/LorieNative(16758): ExaTrace: putImage accel count=199936 drawableType=0 drawableId=0x600037 geom=2898x1848 size=2912x22 format=2 depth=24
04-17 08:31:15.472 I/LorieNative(16758): DamageTraceV2: PutImage count=197888 drawableType=WINDOW screenPixmap=0 drawable=0xb400007cd98d66b0 geom=2898x1848 box=0,1210-2898,1232 backend=other fn=0x7bd5f2ee24 fn_offset=0x30de24 fbase=0x7bd5c21000 sym=unknown so=/data/app/~~iNwcSjv3C2CZCLwcLxpEtA==/com.termux.x11-1tus8NhfW98goVF914TrYw==/base.apk!/lib/arm64-v8a/libXlorie.so
04-17 08:31:15.542 I/LorieNative(16758): DamageTraceV2: PutImage count=197952 drawableType=WINDOW screenPixmap=0 drawable=0xb400007cd98d66b0 geom=2898x1848 box=0,770-2898,792 backend=other fn=0x7bd5f2ee24 fn_offset=0x30de24 fbase=0x7bd5c21000 sym=unknown so=/data/app/~~iNwcSjv3C2CZCLwcLxpEtA==/com.termux.x11-1tus8NhfW98goVF914TrYw==/base.apk!/lib/arm64-v8a/libXlorie.so
04-17 08:31:15.607 I/LorieNative(16758): ExaTrace: putImage accel count=200064 drawableType=0 drawableId=0x600037 geom=2898x1848 size=2912x22 format=2 depth=24
04-17 08:31:15.613 I/LorieNative(16758): DamageTraceV2: PutImage count=198016 drawableType=WINDOW screenPixmap=0 drawable=0xb400007cd98d66b0 geom=2898x1848 box=0,330-2898,352 backend=other fn=0x7bd5f2ee24 fn_offset=0x30de24 fbase=0x7bd5c21000 sym=unknown so=/data/app/~~iNwcSjv3C2CZCLwcLxpEtA==/com.termux.x11-1tus8NhfW98goVF914TrYw==/base.apk!/lib/arm64-v8a/libXlorie.so
04-17 08:31:15.629 I/LorieNative(16758): DamageTraceV2: PutImage count=198080 drawableType=WINDOW screenPixmap=0 drawable=0xb400007cd98d66b0 geom=2898x1848 box=0,1738-2898,1760 backend=other fn=0x7bd5f2ee24 fn_offset=0x30de24 fbase=0x7bd5c21000 sym=unknown so=/data/app/~~iNwcSjv3C2CZCLwcLxpEtA==/com.termux.x11-1tus8NhfW98goVF914TrYw==/base.apk!/lib/arm64-v8a/libXlorie.so
04-17 08:31:15.632 I/LorieNative(16758): choreographer callbacks in 5.0 seconds = 120.0 FPS
04-17 08:31:15.632 I/LorieNative(16758): redraw wakeups in 5.0 seconds = 120.0 FPS
04-17 08:31:15.632 I/LorieNative(16758): damage-triggered redraws in 5.0 seconds = 24.6 FPS
04-17 08:31:15.632 I/LorieNative(16758): AhbLockTrace: sticky=0 lock_calls=123 unlock_calls=123 sticky_hits=4956 flush_skipped=0 in 5.0s
04-17 08:31:15.633 I/LorieNative(16758): present flip attempts in 5.0 seconds = 0.0 FPS (accepted 0.0, rejected 0.0)
04-17 08:31:15.633 I/LorieNative(16758): present after-flips in 5.0 seconds = 0.0 FPS
04-17 08:31:15.633 I/LorieNative(16758): 123 frames in 5.0 seconds = 24.6 FPS
04-17 08:31:15.710 I/LorieNative(16758): ExaTrace: putImage accel count=200192 drawableType=0 drawableId=0x600037 geom=2898x1848 size=2912x22 format=2 depth=24
04-17 08:31:15.713 I/LorieNative(16758): DamageTraceV2: PutImage count=198144 drawableType=WINDOW screenPixmap=0 drawable=0xb400007cd98d66b0 geom=2898x1848 box=0,1298-2898,1320 backend=other fn=0x7bd5f2ee24 fn_offset=0x30de24 fbase=0x7bd5c21000 sym=unknown so=/data/app/~~iNwcSjv3C2CZCLwcLxpEtA==/com.termux.x11-1tus8NhfW98goVF914TrYw==/base.apk!/lib/arm64-v8a/libXlorie.so
04-17 08:31:15.785 I/LorieNative(16758): DamageTraceV2: PutImage count=198208 drawableType=WINDOW screenPixmap=0 drawable=0xb400007cd98d66b0 geom=2898x1848 box=0,858-2898,880 backend=other fn=0x7bd5f2ee24 fn_offset=0x30de24 fbase=0x7bd5c21000 sym=unknown so=/data/app/~~iNwcSjv3C2CZCLwcLxpEtA==/com.termux.x11-1tus8NhfW98goVF914TrYw==/base.apk!/lib/arm64-v8a/libXlorie.so
04-17 08:31:15.859 I/LorieNative(16758): ExaTrace: putImage accel count=200320 drawableType=0 drawableId=0x600037 geom=2898x1848 size=2912x22 format=2 depth=24
04-17 08:31:15.864 I/LorieNative(16758): DamageTraceV2: PutImage count=198272 drawableType=WINDOW screenPixmap=0 drawable=0xb400007cd98d66b0 geom=2898x1848 box=0,418-2898,440 backend=other fn=0x7bd5f2ee24 fn_offset=0x30de24 fbase=0x7bd5c21000 sym=unknown so=/data/app/~~iNwcSjv3C2CZCLwcLxpEtA==/com.termux.x11-1tus8NhfW98goVF914TrYw==/base.apk!/lib/arm64-v8a/libXlorie.so
04-17 08:31:15.880 I/LorieNative(16758): DamageTraceV2: PutImage count=198336 drawableType=WINDOW screenPixmap=0 drawable=0xb400007cd98d66b0 geom=2898x1848 box=0,1826-2898,1848 backend=other fn=0x7bd5f2ee24 fn_offset=0x30de24 fbase=0x7bd5c21000 sym=unknown so=/data/app/~~iNwcSjv3C2CZCLwcLxpEtA==/com.termux.x11-1tus8NhfW98goVF914TrYw==/base.apk!/lib/arm64-v8a/libXlorie.so
04-17 08:31:15.957 I/LorieNative(16758): ExaTrace: putImage accel count=200448 drawableType=0 drawableId=0x600037 geom=2898x1848 size=2912x22 format=2 depth=24
04-17 08:31:15.960 I/LorieNative(16758): DamageTraceV2: PutImage count=198400 drawableType=WINDOW screenPixmap=0 drawable=0xb400007cd98d66b0 geom=2898x1848 box=0,1386-2898,1408 backend=other fn=0x7bd5f2ee24 fn_offset=0x30de24 fbase=0x7bd5c21000 sym=unknown so=/data/app/~~iNwcSjv3C2CZCLwcLxpEtA==/com.termux.x11-1tus8NhfW98goVF914TrYw==/base.apk!/lib/arm64-v8a/libXlorie.so
04-17 08:31:16.030 I/LorieNative(16758): DamageTraceV2: PutImage count=198464 drawableType=WINDOW screenPixmap=0 drawable=0xb400007cd98d66b0 geom=2898x1848 box=0,946-2898,968 backend=other fn=0x7bd5f2ee24 fn_offset=0x30de24 fbase=0x7bd5c21000 sym=unknown so=/data/app/~~iNwcSjv3C2CZCLwcLxpEtA==/com.termux.x11-1tus8NhfW98goVF914TrYw==/base.apk!/lib/arm64-v8a/libXlorie.so
04-17 08:31:16.089 I/LorieNative(16758): ExaTrace: putImage accel count=200576 drawableType=0 drawableId=0x600037 geom=2898x1848 size=2912x22 format=2 depth=24
04-17 08:31:16.095 I/LorieNative(16758): DamageTraceV2: PutImage count=198528 drawableType=WINDOW screenPixmap=0 drawable=0xb400007cd98d66b0 geom=2898x1848 box=0,506-2898,528 backend=other fn=0x7bd5f2ee24 fn_offset=0x30de24 fbase=0x7bd5c21000 sym=unknown so=/data/app/~~iNwcSjv3C2CZCLwcLxpEtA==/com.termux.x11-1tus8NhfW98goVF914TrYw==/base.apk!/lib/arm64-v8a/libXlorie.so
04-17 08:31:16.174 I/LorieNative(16758): DamageTraceV2: PutImage count=198592 drawableType=WINDOW screenPixmap=0 drawable=0xb400007cd98d66b0 geom=2898x1848 box=0,66-2898,88 backend=other fn=0x7bd5f2ee24 fn_offset=0x30de24 fbase=0x7bd5c21000 sym=unknown so=/data/app/~~iNwcSjv3C2CZCLwcLxpEtA==/com.termux.x11-1tus8NhfW98goVF914TrYw==/base.apk!/lib/arm64-v8a/libXlorie.so
04-17 08:31:16.195 I/LorieNative(16758): ExaTrace: putImage accel count=200704 drawableType=0 drawableId=0x600037 geom=2898x1848 size=2912x22 format=2 depth=24
04-17 08:31:16.198 I/LorieNative(16758): DamageTraceV2: PutImage count=198656 drawableType=WINDOW screenPixmap=0 drawable=0xb400007cd98d66b0 geom=2898x1848 box=0,1474-2898,1496 backend=other fn=0x7bd5f2ee24 fn_offset=0x30de24 fbase=0x7bd5c21000 sym=unknown so=/data/app/~~iNwcSjv3C2CZCLwcLxpEtA==/com.termux.x11-1tus8NhfW98goVF914TrYw==/base.apk!/lib/arm64-v8a/libXlorie.so
04-17 08:31:16.271 I/LorieNative(16758): DamageTraceV2: PutImage count=198720 drawableType=WINDOW screenPixmap=0 drawable=0xb400007cd98d66b0 geom=2898x1848 box=0,1034-2898,1056 backend=other fn=0x7bd5f2ee24 fn_offset=0x30de24 fbase=0x7bd5c21000 sym=unknown so=/data/app/~~iNwcSjv3C2CZCLwcLxpEtA==/com.termux.x11-1tus8NhfW98goVF914TrYw==/base.apk!/lib/arm64-v8a/libXlorie.so
04-17 08:31:16.343 I/LorieNative(16758): ExaTrace: putImage accel count=200832 drawableType=0 drawableId=0x600037 geom=2898x1848 size=2912x22 format=2 depth=24
04-17 08:31:16.349 I/LorieNative(16758): DamageTraceV2: PutImage count=198784 drawableType=WINDOW screenPixmap=0 drawable=0xb400007cd98d66b0 geom=2898x1848 box=0,594-2898,616 backend=other fn=0x7bd5f2ee24 fn_offset=0x30de24 fbase=0x7bd5c21000 sym=unknown so=/data/app/~~iNwcSjv3C2CZCLwcLxpEtA==/com.termux.x11-1tus8NhfW98goVF914TrYw==/base.apk!/lib/arm64-v8a/libXlorie.so
04-17 08:31:16.421 I/LorieNative(16758): DamageTraceV2: PutImage count=198848 drawableType=WINDOW screenPixmap=0 drawable=0xb400007cd98d66b0 geom=2898x1848 box=0,154-2898,176 backend=other fn=0x7bd5f2ee24 fn_offset=0x30de24 fbase=0x7bd5c21000 sym=unknown so=/data/app/~~iNwcSjv3C2CZCLwcLxpEtA==/com.termux.x11-1tus8NhfW98goVF914TrYw==/base.apk!/lib/arm64-v8a/libXlorie.so
04-17 08:31:16.433 I/LorieNative(16758): ExaTrace: putImage accel count=200960 drawableType=0 drawableId=0x600037 geom=2898x1848 size=2912x22 format=2 depth=24
04-17 08:31:16.437 I/LorieNative(16758): DamageTraceV2: PutImage count=198912 drawableType=WINDOW screenPixmap=0 drawable=0xb400007cd98d66b0 geom=2898x1848 box=0,1562-2898,1584 backend=other fn=0x7bd5f2ee24 fn_offset=0x30de24 fbase=0x7bd5c21000 sym=unknown so=/data/app/~~iNwcSjv3C2CZCLwcLxpEtA==/com.termux.x11-1tus8NhfW98goVF914TrYw==/base.apk!/lib/arm64-v8a/libXlorie.so
04-17 08:31:16.532 I/LorieNative(16758): DamageTraceV2: PutImage count=198976 drawableType=WINDOW screenPixmap=0 drawable=0xb400007cd98d66b0 geom=2898x1848 box=0,1122-2898,1144 backend=other fn=0x7bd5f2ee24 fn_offset=0x30de24 fbase=0x7bd5c21000 sym=unknown so=/data/app/~~iNwcSjv3C2CZCLwcLxpEtA==/com.termux.x11-1tus8NhfW98goVF914TrYw==/base.apk!/lib/arm64-v8a/libXlorie.so
04-17 08:31:16.612 I/LorieNative(16758): ExaTrace: putImage accel count=201088 drawableType=0 drawableId=0x600037 geom=2898x1848 size=2912x22 format=2 depth=24
04-17 08:31:16.615 I/LorieNative(16758): DamageTraceV2: PutImage count=199040 drawableType=WINDOW screenPixmap=0 drawable=0xb400007cd98d66b0 geom=2898x1848 box=0,682-2898,704 backend=other fn=0x7bd5f2ee24 fn_offset=0x30de24 fbase=0x7bd5c21000 sym=unknown so=/data/app/~~iNwcSjv3C2CZCLwcLxpEtA==/com.termux.x11-1tus8NhfW98goVF914TrYw==/base.apk!/lib/arm64-v8a/libXlorie.so
04-17 08:31:16.681 I/LorieNative(16758): DamageTraceV2: PutImage count=199104 drawableType=WINDOW screenPixmap=0 drawable=0xb400007cd98d66b0 geom=2898x1848 box=0,242-2898,264 backend=other fn=0x7bd5f2ee24 fn_offset=0x30de24 fbase=0x7bd5c21000 sym=unknown so=/data/app/~~iNwcSjv3C2CZCLwcLxpEtA==/com.termux.x11-1tus8NhfW98goVF914TrYw==/base.apk!/lib/arm64-v8a/libXlorie.so
04-17 08:31:16.698 I/LorieNative(16758): ExaTrace: putImage accel count=201216 drawableType=0 drawableId=0x600037 geom=2898x1848 size=2912x22 format=2 depth=24
04-17 08:31:16.702 I/LorieNative(16758): DamageTraceV2: PutImage count=199168 drawableType=WINDOW screenPixmap=0 drawable=0xb400007cd98d66b0 geom=2898x1848 box=0,1650-2898,1672 backend=other fn=0x7bd5f2ee24 fn_offset=0x30de24 fbase=0x7bd5c21000 sym=unknown so=/data/app/~~iNwcSjv3C2CZCLwcLxpEtA==/com.termux.x11-1tus8NhfW98goVF914TrYw==/base.apk!/lib/arm64-v8a/libXlorie.so
04-17 08:31:16.777 I/LorieNative(16758): DamageTraceV2: PutImage count=199232 drawableType=WINDOW screenPixmap=0 drawable=0xb400007cd98d66b0 geom=2898x1848 box=0,1210-2898,1232 backend=other fn=0x7bd5f2ee24 fn_offset=0x30de24 fbase=0x7bd5c21000 sym=unknown so=/data/app/~~iNwcSjv3C2CZCLwcLxpEtA==/com.termux.x11-1tus8NhfW98goVF914TrYw==/base.apk!/lib/arm64-v8a/libXlorie.so
04-17 08:31:16.855 I/LorieNative(16758): ExaTrace: putImage accel count=201344 drawableType=0 drawableId=0x600037 geom=2898x1848 size=2912x22 format=2 depth=24
04-17 08:31:16.859 I/LorieNative(16758): DamageTraceV2: PutImage count=199296 drawableType=WINDOW screenPixmap=0 drawable=0xb400007cd98d66b0 geom=2898x1848 box=0,770-2898,792 backend=other fn=0x7bd5f2ee24 fn_offset=0x30de24 fbase=0x7bd5c21000 sym=unknown so=/data/app/~~iNwcSjv3C2CZCLwcLxpEtA==/com.termux.x11-1tus8NhfW98goVF914TrYw==/base.apk!/lib/arm64-v8a/libXlorie.so
04-17 08:31:16.937 I/LorieNative(16758): DamageTraceV2: PutImage count=199360 drawableType=WINDOW screenPixmap=0 drawable=0xb400007cd98d66b0 geom=2898x1848 box=0,330-2898,352 backend=other fn=0x7bd5f2ee24 fn_offset=0x30de24 fbase=0x7bd5c21000 sym=unknown so=/data/app/~~iNwcSjv3C2CZCLwcLxpEtA==/com.termux.x11-1tus8NhfW98goVF914TrYw==/base.apk!/lib/arm64-v8a/libXlorie.so
04-17 08:31:16.953 I/LorieNative(16758): ExaTrace: putImage accel count=201472 drawableType=0 drawableId=0x600037 geom=2898x1848 size=2912x22 format=2 depth=24
04-17 08:31:16.958 I/LorieNative(16758): DamageTraceV2: PutImage count=199424 drawableType=WINDOW screenPixmap=0 drawable=0xb400007cd98d66b0 geom=2898x1848 box=0,1738-2898,1760 backend=other fn=0x7bd5f2ee24 fn_offset=0x30de24 fbase=0x7bd5c21000 sym=unknown so=/data/app/~~iNwcSjv3C2CZCLwcLxpEtA==/com.termux.x11-1tus8NhfW98goVF914TrYw==/base.apk!/lib/arm64-v8a/libXlorie.so
04-17 08:31:17.038 I/LorieNative(16758): DamageTraceV2: PutImage count=199488 drawableType=WINDOW screenPixmap=0 drawable=0xb400007cd98d66b0 geom=2898x1848 box=0,1298-2898,1320 backend=other fn=0x7bd5f2ee24 fn_offset=0x30de24 fbase=0x7bd5c21000 sym=unknown so=/data/app/~~iNwcSjv3C2CZCLwcLxpEtA==/com.termux.x11-1tus8NhfW98goVF914TrYw==/base.apk!/lib/arm64-v8a/libXlorie.so
04-17 08:31:17.118 I/LorieNative(16758): ExaTrace: putImage accel count=201600 drawableType=0 drawableId=0x600037 geom=2898x1848 size=2912x22 format=2 depth=24
04-17 08:31:17.122 I/LorieNative(16758): DamageTraceV2: PutImage count=199552 drawableType=WINDOW screenPixmap=0 drawable=0xb400007cd98d66b0 geom=2898x1848 box=0,858-2898,880 backend=other fn=0x7bd5f2ee24 fn_offset=0x30de24 fbase=0x7bd5c21000 sym=unknown so=/data/app/~~iNwcSjv3C2CZCLwcLxpEtA==/com.termux.x11-1tus8NhfW98goVF914TrYw==/base.apk!/lib/arm64-v8a/libXlorie.so
04-17 08:31:17.204 I/LorieNative(16758): DamageTraceV2: PutImage count=199616 drawableType=WINDOW screenPixmap=0 drawable=0xb400007cd98d66b0 geom=2898x1848 box=0,418-2898,440 backend=other fn=0x7bd5f2ee24 fn_offset=0x30de24 fbase=0x7bd5c21000 sym=unknown so=/data/app/~~iNwcSjv3C2CZCLwcLxpEtA==/com.termux.x11-1tus8NhfW98goVF914TrYw==/base.apk!/lib/arm64-v8a/libXlorie.so
04-17 08:31:17.219 I/LorieNative(16758): ExaTrace: putImage accel count=201728 drawableType=0 drawableId=0x600037 geom=2898x1848 size=2912x22 format=2 depth=24
04-17 08:31:17.223 I/LorieNative(16758): DamageTraceV2: PutImage count=199680 drawableType=WINDOW screenPixmap=0 drawable=0xb400007cd98d66b0 geom=2898x1848 box=0,1826-2898,1848 backend=other fn=0x7bd5f2ee24 fn_offset=0x30de24 fbase=0x7bd5c21000 sym=unknown so=/data/app/~~iNwcSjv3C2CZCLwcLxpEtA==/com.termux.x11-1tus8NhfW98goVF914TrYw==/base.apk!/lib/arm64-v8a/libXlorie.so
04-17 08:31:17.305 I/LorieNative(16758): DamageTraceV2: PutImage count=199744 drawableType=WINDOW screenPixmap=0 drawable=0xb400007cd98d66b0 geom=2898x1848 box=0,1386-2898,1408 backend=other fn=0x7bd5f2ee24 fn_offset=0x30de24 fbase=0x7bd5c21000 sym=unknown so=/data/app/~~iNwcSjv3C2CZCLwcLxpEtA==/com.termux.x11-1tus8NhfW98goVF914TrYw==/base.apk!/lib/arm64-v8a/libXlorie.so
04-17 08:31:17.388 I/LorieNative(16758): ExaTrace: putImage accel count=201856 drawableType=0 drawableId=0x600037 geom=2898x1848 size=2912x22 format=2 depth=24
04-17 08:31:17.390 I/LorieNative(16758): DamageTraceV2: PutImage count=199808 drawableType=WINDOW screenPixmap=0 drawable=0xb400007cd98d66b0 geom=2898x1848 box=0,946-2898,968 backend=other fn=0x7bd5f2ee24 fn_offset=0x30de24 fbase=0x7bd5c21000 sym=unknown so=/data/app/~~iNwcSjv3C2CZCLwcLxpEtA==/com.termux.x11-1tus8NhfW98goVF914TrYw==/base.apk!/lib/arm64-v8a/libXlorie.so
04-17 08:31:17.468 I/LorieNative(16758): DamageTraceV2: PutImage count=199872 drawableType=WINDOW screenPixmap=0 drawable=0xb400007cd98d66b0 geom=2898x1848 box=0,506-2898,528 backend=other fn=0x7bd5f2ee24 fn_offset=0x30de24 fbase=0x7bd5c21000 sym=unknown so=/data/app/~~iNwcSjv3C2CZCLwcLxpEtA==/com.termux.x11-1tus8NhfW98goVF914TrYw==/base.apk!/lib/arm64-v8a/libXlorie.so
04-17 08:31:17.482 I/LorieNative(16758): ExaTrace: putImage accel count=201984 drawableType=0 drawableId=0x600037 geom=2898x1848 size=2912x22 format=2 depth=24
04-17 08:31:17.545 I/LorieNative(16758): DamageTraceV2: PutImage count=199936 drawableType=WINDOW screenPixmap=0 drawable=0xb400007cd98d66b0 geom=2898x1848 box=0,66-2898,88 backend=other fn=0x7bd5f2ee24 fn_offset=0x30de24 fbase=0x7bd5c21000 sym=unknown so=/data/app/~~iNwcSjv3C2CZCLwcLxpEtA==/com.termux.x11-1tus8NhfW98goVF914TrYw==/base.apk!/lib/arm64-v8a/libXlorie.so
04-17 08:31:17.564 I/LorieNative(16758): DamageTraceV2: PutImage count=200000 drawableType=WINDOW screenPixmap=0 drawable=0xb400007cd98d66b0 geom=2898x1848 box=0,1474-2898,1496 backend=other fn=0x7bd5f2ee24 fn_offset=0x30de24 fbase=0x7bd5c21000 sym=unknown so=/data/app/~~iNwcSjv3C2CZCLwcLxpEtA==/com.termux.x11-1tus8NhfW98goVF914TrYw==/base.apk!/lib/arm64-v8a/libXlorie.so
04-17 08:31:17.641 I/LorieNative(16758): ExaTrace: putImage accel count=202112 drawableType=0 drawableId=0x600037 geom=2898x1848 size=2912x22 format=2 depth=24
04-17 08:31:17.645 I/LorieNative(16758): DamageTraceV2: PutImage count=200064 drawableType=WINDOW screenPixmap=0 drawable=0xb400007cd98d66b0 geom=2898x1848 box=0,1034-2898,1056 backend=other fn=0x7bd5f2ee24 fn_offset=0x30de24 fbase=0x7bd5c21000 sym=unknown so=/data/app/~~iNwcSjv3C2CZCLwcLxpEtA==/com.termux.x11-1tus8NhfW98goVF914TrYw==/base.apk!/lib/arm64-v8a/libXlorie.so
04-17 08:31:17.728 I/LorieNative(16758): DamageTraceV2: PutImage count=200128 drawableType=WINDOW screenPixmap=0 drawable=0xb400007cd98d66b0 geom=2898x1848 box=0,594-2898,616 backend=other fn=0x7bd5f2ee24 fn_offset=0x30de24 fbase=0x7bd5c21000 sym=unknown so=/data/app/~~iNwcSjv3C2CZCLwcLxpEtA==/com.termux.x11-1tus8NhfW98goVF914TrYw==/base.apk!/lib/arm64-v8a/libXlorie.so
04-17 08:31:17.753 I/LorieNative(16758): ExaTrace: putImage accel count=202240 drawableType=0 drawableId=0x600037 geom=2898x1848 size=2912x22 format=2 depth=24
04-17 08:31:17.812 I/LorieNative(16758): DamageTraceV2: PutImage count=200192 drawableType=WINDOW screenPixmap=0 drawable=0xb400007cd98d66b0 geom=2898x1848 box=0,154-2898,176 backend=other fn=0x7bd5f2ee24 fn_offset=0x30de24 fbase=0x7bd5c21000 sym=unknown so=/data/app/~~iNwcSjv3C2CZCLwcLxpEtA==/com.termux.x11-1tus8NhfW98goVF914TrYw==/base.apk!/lib/arm64-v8a/libXlorie.so
04-17 08:31:17.823 I/LorieNative(16758): DamageTraceV2: PutImage count=200256 drawableType=WINDOW screenPixmap=0 drawable=0xb400007cd98d66b0 geom=2898x1848 box=0,1562-2898,1584 backend=other fn=0x7bd5f2ee24 fn_offset=0x30de24 fbase=0x7bd5c21000 sym=unknown so=/data/app/~~iNwcSjv3C2CZCLwcLxpEtA==/com.termux.x11-1tus8NhfW98goVF914TrYw==/base.apk!/lib/arm64-v8a/libXlorie.so
04-17 08:31:17.892 I/LorieNative(16758): ExaTrace: putImage accel count=202368 drawableType=0 drawableId=0x600037 geom=2898x1848 size=2912x22 format=2 depth=24
04-17 08:31:17.897 I/LorieNative(16758): DamageTraceV2: PutImage count=200320 drawableType=WINDOW screenPixmap=0 drawable=0xb400007cd98d66b0 geom=2898x1848 box=0,1122-2898,1144 backend=other fn=0x7bd5f2ee24 fn_offset=0x30de24 fbase=0x7bd5c21000 sym=unknown so=/data/app/~~iNwcSjv3C2CZCLwcLxpEtA==/com.termux.x11-1tus8NhfW98goVF914TrYw==/base.apk!/lib/arm64-v8a/libXlorie.so
04-17 08:31:17.972 I/LorieNative(16758): DamageTraceV2: PutImage count=200384 drawableType=WINDOW screenPixmap=0 drawable=0xb400007cd98d66b0 geom=2898x1848 box=0,682-2898,704 backend=other fn=0x7bd5f2ee24 fn_offset=0x30de24 fbase=0x7bd5c21000 sym=unknown so=/data/app/~~iNwcSjv3C2CZCLwcLxpEtA==/com.termux.x11-1tus8NhfW98goVF914TrYw==/base.apk!/lib/arm64-v8a/libXlorie.so
04-17 08:31:17.985 I/LorieNative(16758): ExaTrace: putImage accel count=202496 drawableType=0 drawableId=0x600037 geom=2898x1848 size=2912x22 format=2 depth=24
04-17 08:31:18.053 I/LorieNative(16758): DamageTraceV2: PutImage count=200448 drawableType=WINDOW screenPixmap=0 drawable=0xb400007cd98d66b0 geom=2898x1848 box=0,242-2898,264 backend=other fn=0x7bd5f2ee24 fn_offset=0x30de24 fbase=0x7bd5c21000 sym=unknown so=/data/app/~~iNwcSjv3C2CZCLwcLxpEtA==/com.termux.x11-1tus8NhfW98goVF914TrYw==/base.apk!/lib/arm64-v8a/libXlorie.so
04-17 08:31:18.076 I/LorieNative(16758): DamageTraceV2: PutImage count=200512 drawableType=WINDOW screenPixmap=0 drawable=0xb400007cd98d66b0 geom=2898x1848 box=0,1650-2898,1672 backend=other fn=0x7bd5f2ee24 fn_offset=0x30de24 fbase=0x7bd5c21000 sym=unknown so=/data/app/~~iNwcSjv3C2CZCLwcLxpEtA==/com.termux.x11-1tus8NhfW98goVF914TrYw==/base.apk!/lib/arm64-v8a/libXlorie.so
04-17 08:31:18.145 I/LorieNative(16758): ExaTrace: putImage accel count=202624 drawableType=0 drawableId=0x600037 geom=2898x1848 size=2912x22 format=2 depth=24
04-17 08:31:18.150 I/LorieNative(16758): DamageTraceV2: PutImage count=200576 drawableType=WINDOW screenPixmap=0 drawable=0xb400007cd98d66b0 geom=2898x1848 box=0,1210-2898,1232 backend=other fn=0x7bd5f2ee24 fn_offset=0x30de24 fbase=0x7bd5c21000 sym=unknown so=/data/app/~~iNwcSjv3C2CZCLwcLxpEtA==/com.termux.x11-1tus8NhfW98goVF914TrYw==/base.apk!/lib/arm64-v8a/libXlorie.so
04-17 08:31:18.228 I/LorieNative(16758): DamageTraceV2: PutImage count=200640 drawableType=WINDOW screenPixmap=0 drawable=0xb400007cd98d66b0 geom=2898x1848 box=0,770-2898,792 backend=other fn=0x7bd5f2ee24 fn_offset=0x30de24 fbase=0x7bd5c21000 sym=unknown so=/data/app/~~iNwcSjv3C2CZCLwcLxpEtA==/com.termux.x11-1tus8NhfW98goVF914TrYw==/base.apk!/lib/arm64-v8a/libXlorie.so
04-17 08:31:18.314 I/LorieNative(16758): ExaTrace: putImage accel count=202752 drawableType=0 drawableId=0x600037 geom=2898x1848 size=2912x22 format=2 depth=24
04-17 08:31:18.317 I/LorieNative(16758): DamageTraceV2: PutImage count=200704 drawableType=WINDOW screenPixmap=0 drawable=0xb400007cd98d66b0 geom=2898x1848 box=0,330-2898,352 backend=other fn=0x7bd5f2ee24 fn_offset=0x30de24 fbase=0x7bd5c21000 sym=unknown so=/data/app/~~iNwcSjv3C2CZCLwcLxpEtA==/com.termux.x11-1tus8NhfW98goVF914TrYw==/base.apk!/lib/arm64-v8a/libXlorie.so
04-17 08:31:18.328 I/LorieNative(16758): DamageTraceV2: PutImage count=200768 drawableType=WINDOW screenPixmap=0 drawable=0xb400007cd98d66b0 geom=2898x1848 box=0,1738-2898,1760 backend=other fn=0x7bd5f2ee24 fn_offset=0x30de24 fbase=0x7bd5c21000 sym=unknown so=/data/app/~~iNwcSjv3C2CZCLwcLxpEtA==/com.termux.x11-1tus8NhfW98goVF914TrYw==/base.apk!/lib/arm64-v8a/libXlorie.so
04-17 08:31:18.399 I/LorieNative(16758): ExaTrace: putImage accel count=202880 drawableType=0 drawableId=0x600037 geom=2898x1848 size=2912x22 format=2 depth=24
04-17 08:31:18.402 I/LorieNative(16758): DamageTraceV2: PutImage count=200832 drawableType=WINDOW screenPixmap=0 drawable=0xb400007cd98d66b0 geom=2898x1848 box=0,1298-2898,1320 backend=other fn=0x7bd5f2ee24 fn_offset=0x30de24 fbase=0x7bd5c21000 sym=unknown so=/data/app/~~iNwcSjv3C2CZCLwcLxpEtA==/com.termux.x11-1tus8NhfW98goVF914TrYw==/base.apk!/lib/arm64-v8a/libXlorie.so
04-17 08:31:18.479 I/LorieNative(16758): DamageTraceV2: PutImage count=200896 drawableType=WINDOW screenPixmap=0 drawable=0xb400007cd98d66b0 geom=2898x1848 box=0,858-2898,880 backend=other fn=0x7bd5f2ee24 fn_offset=0x30de24 fbase=0x7bd5c21000 sym=unknown so=/data/app/~~iNwcSjv3C2CZCLwcLxpEtA==/com.termux.x11-1tus8NhfW98goVF914TrYw==/base.apk!/lib/arm64-v8a/libXlorie.so
04-17 08:31:18.554 I/LorieNative(16758): ExaTrace: putImage accel count=203008 drawableType=0 drawableId=0x600037 geom=2898x1848 size=2912x22 format=2 depth=24
04-17 08:31:18.562 I/LorieNative(16758): DamageTraceV2: PutImage count=200960 drawableType=WINDOW screenPixmap=0 drawable=0xb400007cd98d66b0 geom=2898x1848 box=0,418-2898,440 backend=other fn=0x7bd5f2ee24 fn_offset=0x30de24 fbase=0x7bd5c21000 sym=unknown so=/data/app/~~iNwcSjv3C2CZCLwcLxpEtA==/com.termux.x11-1tus8NhfW98goVF914TrYw==/base.apk!/lib/arm64-v8a/libXlorie.so
04-17 08:31:18.582 I/LorieNative(16758): DamageTraceV2: PutImage count=201024 drawableType=WINDOW screenPixmap=0 drawable=0xb400007cd98d66b0 geom=2898x1848 box=0,1826-2898,1848 backend=other fn=0x7bd5f2ee24 fn_offset=0x30de24 fbase=0x7bd5c21000 sym=unknown so=/data/app/~~iNwcSjv3C2CZCLwcLxpEtA==/com.termux.x11-1tus8NhfW98goVF914TrYw==/base.apk!/lib/arm64-v8a/libXlorie.so
04-17 08:31:18.651 I/LorieNative(16758): ExaTrace: putImage accel count=203136 drawableType=0 drawableId=0x600037 geom=2898x1848 size=2912x22 format=2 depth=24
04-17 08:31:18.655 I/LorieNative(16758): DamageTraceV2: PutImage count=201088 drawableType=WINDOW screenPixmap=0 drawable=0xb400007cd98d66b0 geom=2898x1848 box=0,1386-2898,1408 backend=other fn=0x7bd5f2ee24 fn_offset=0x30de24 fbase=0x7bd5c21000 sym=unknown so=/data/app/~~iNwcSjv3C2CZCLwcLxpEtA==/com.termux.x11-1tus8NhfW98goVF914TrYw==/base.apk!/lib/arm64-v8a/libXlorie.so
04-17 08:31:18.727 I/LorieNative(16758): DamageTraceV2: PutImage count=201152 drawableType=WINDOW screenPixmap=0 drawable=0xb400007cd98d66b0 geom=2898x1848 box=0,946-2898,968 backend=other fn=0x7bd5f2ee24 fn_offset=0x30de24 fbase=0x7bd5c21000 sym=unknown so=/data/app/~~iNwcSjv3C2CZCLwcLxpEtA==/com.termux.x11-1tus8NhfW98goVF914TrYw==/base.apk!/lib/arm64-v8a/libXlorie.so
04-17 08:31:18.819 I/LorieNative(16758): ExaTrace: putImage accel count=203264 drawableType=0 drawableId=0x600037 geom=2898x1848 size=2912x22 format=2 depth=24
04-17 08:31:18.825 I/LorieNative(16758): DamageTraceV2: PutImage count=201216 drawableType=WINDOW screenPixmap=0 drawable=0xb400007cd98d66b0 geom=2898x1848 box=0,506-2898,528 backend=other fn=0x7bd5f2ee24 fn_offset=0x30de24 fbase=0x7bd5c21000 sym=unknown so=/data/app/~~iNwcSjv3C2CZCLwcLxpEtA==/com.termux.x11-1tus8NhfW98goVF914TrYw==/base.apk!/lib/arm64-v8a/libXlorie.so
04-17 08:31:18.905 I/LorieNative(16758): DamageTraceV2: PutImage count=201280 drawableType=WINDOW screenPixmap=0 drawable=0xb400007cd98d66b0 geom=2898x1848 box=0,66-2898,88 backend=other fn=0x7bd5f2ee24 fn_offset=0x30de24 fbase=0x7bd5c21000 sym=unknown so=/data/app/~~iNwcSjv3C2CZCLwcLxpEtA==/com.termux.x11-1tus8NhfW98goVF914TrYw==/base.apk!/lib/arm64-v8a/libXlorie.so
04-17 08:31:18.926 I/LorieNative(16758): ExaTrace: putImage accel count=203392 drawableType=0 drawableId=0x600037 geom=2898x1848 size=2912x22 format=2 depth=24
04-17 08:31:18.929 I/LorieNative(16758): DamageTraceV2: PutImage count=201344 drawableType=WINDOW screenPixmap=0 drawable=0xb400007cd98d66b0 geom=2898x1848 box=0,1474-2898,1496 backend=other fn=0x7bd5f2ee24 fn_offset=0x30de24 fbase=0x7bd5c21000 sym=unknown so=/data/app/~~iNwcSjv3C2CZCLwcLxpEtA==/com.termux.x11-1tus8NhfW98goVF914TrYw==/base.apk!/lib/arm64-v8a/libXlorie.so
04-17 08:31:19.003 I/LorieNative(16758): DamageTraceV2: PutImage count=201408 drawableType=WINDOW screenPixmap=0 drawable=0xb400007cd98d66b0 geom=2898x1848 box=0,1034-2898,1056 backend=other fn=0x7bd5f2ee24 fn_offset=0x30de24 fbase=0x7bd5c21000 sym=unknown so=/data/app/~~iNwcSjv3C2CZCLwcLxpEtA==/com.termux.x11-1tus8NhfW98goVF914TrYw==/base.apk!/lib/arm64-v8a/libXlorie.so
04-17 08:31:19.062 I/LorieNative(16758): ExaTrace: putImage accel count=203520 drawableType=0 drawableId=0x600037 geom=2898x1848 size=2912x22 format=2 depth=24
04-17 08:31:19.067 I/LorieNative(16758): DamageTraceV2: PutImage count=201472 drawableType=WINDOW screenPixmap=0 drawable=0xb400007cd98d66b0 geom=2898x1848 box=0,594-2898,616 backend=other fn=0x7bd5f2ee24 fn_offset=0x30de24 fbase=0x7bd5c21000 sym=unknown so=/data/app/~~iNwcSjv3C2CZCLwcLxpEtA==/com.termux.x11-1tus8NhfW98goVF914TrYw==/base.apk!/lib/arm64-v8a/libXlorie.so
