--------- beginning of system
04-17 08:14:46.803 I/ActivityManager( 1701): Start proc 1866:com.runelitetablet/u0a141 for next-top-activity {com.runelitetablet/com.runelitetablet.MainActivity}
04-17 08:14:46.803 I/ActivityManager( 1701): ProcessObserver broadcast disabled
04-17 08:14:46.837 I/ActivityManager( 1701): Changes in 10141 19 to 2, 0 to 255
--------- beginning of main
04-17 08:14:47.115 I/RLT     ( 1866): +7ms [LIFECYCLE] CoreModule: initialized logger + file writer | thread=main
04-17 08:14:47.122 I/RLT     ( 1866): +15ms [LIFECYCLE] AppContainer: creation started | thread=main
04-17 08:14:47.122 D/RLT     ( 1866): +15ms [DI] AppContainer: CoreModule instantiated | thread=main
04-17 08:14:47.122 D/RLT     ( 1866): +15ms [DI] TermuxModule: TermuxResultRegistry initialized | thread=main
04-17 08:14:47.123 D/RLT     ( 1866): +15ms [DI] TermuxModule: TermuxCommandRunner initialized | thread=main
04-17 08:14:47.123 D/RLT     ( 1866): +16ms [DI] TermuxModule: TermuxPackageHelper initialized | thread=main
04-17 08:14:47.123 D/RLT     ( 1866): +16ms [DI] AppContainer: TermuxModule instantiated | thread=main
04-17 08:14:47.123 D/RLT     ( 1866): +16ms [DI] AppContainer: AuthModule instantiated | thread=main
04-17 08:14:47.124 D/RLT     ( 1866): +16ms [DI] InstallerModule: InstallResultRegistry initialized | thread=main
04-17 08:14:47.126 D/RLT     ( 1866): +19ms [DI] InstallerModule: ApkDownloader initialized | thread=main
04-17 08:14:47.126 D/RLT     ( 1866): +19ms [DI] InstallerModule: ApkInstaller initialized | thread=main
04-17 08:14:47.126 D/RLT     ( 1866): +19ms [DI] AppContainer: InstallerModule instantiated | thread=main
04-17 08:14:47.127 D/RLT     ( 1866): +20ms [DI] SetupModule: SetupStateStore initialized | thread=main
04-17 08:14:47.128 D/RLT     ( 1866): +20ms [DI] SetupModule: ScriptManager initialized | thread=main
04-17 08:14:47.129 D/RLT     ( 1866): +22ms [DI] SetupModule: SetupOrchestrator initialized | thread=main
04-17 08:14:47.129 D/RLT     ( 1866): +22ms [DI] AppContainer: SetupModule instantiated | thread=main
04-17 08:14:47.129 D/RLT     ( 1866): +22ms [DI] SessionModule: TermuxCommandRunner bound | thread=main
04-17 08:14:47.129 D/RLT     ( 1866): +22ms [DI] AppContainer: SessionModule instantiated | thread=main
04-17 08:14:47.130 D/RLT     ( 1866): +23ms [DI] AppContainer: PerfModule instantiated | thread=main
04-17 08:14:47.131 D/RLT     ( 1866): +23ms [PRESENTATION] DirectSurfaceProbeBackend created: id=direct_surface_probe | thread=main
04-17 08:14:47.131 I/RLT     ( 1866): +23ms [PRESENTATION] PresentationBackends initialized: stable=hybrid_x11, externalTermuxX11=termux_x11, directSurfaceProbe=direct_surface_probe | thread=main
04-17 08:14:47.131 I/RLT     ( 1866): +24ms [DI] AppContainer: creation completed in 29ms, 6 modules wired | thread=main
04-17 08:14:47.132 I/RLT     ( 1866): +24ms [LIFECYCLE] RuneLiteTabletApp.onCreate: PID=1866 thread=main | heap: used=3MB free=252MB max=256MB | disk: free=172594MB total=225922MB | thread=main
04-17 08:14:47.132 I/RLT     ( 1866): DebugLogServer listening on port 8099
04-17 08:14:47.132 I/RLT     ( 1866): +25ms [LIFECYCLE] RuneLiteTabletApp.onCreate complete: container created, notification channels created | thread=main
04-17 08:14:47.155 I/RLT     ( 1866): +48ms [LIFECYCLE] MainActivity.onCreate: savedInstanceState=null (fresh start) PID=1866 thread=main | thread=main
04-17 08:14:47.155 I/RLT     ( 1866): +48ms [PERF] onCreate: heap: used=4MB free=251MB max=256MB | disk: free=172594MB total=225922MB | thread=main
04-17 08:14:47.164 I/RLT     ( 1866): +57ms [LIFECYCLE] MainActivity.onResume: bindActions + recheckPermissions + checkSession triggered | thread=main
04-17 08:14:47.165 I/RLT     ( 1866): +57ms [PERF] onResume: heap: used=4MB free=251MB max=256MB | disk: free=172594MB total=225922MB | thread=main
04-17 08:14:47.165 I/RLT     ( 1866): +58ms [LIFECYCLE] SetupViewModelFactory.create: building ViewModel with dependencies | thread=main
04-17 08:14:47.166 D/RLT     ( 1866): +58ms [DI] AuthModule: lazy-init oauthManager | thread=main
04-17 08:14:47.340 I/RLT     ( 1866): +232ms [STATE] SetupViewModel.startSetup: launching setup coroutine | thread=main
04-17 08:14:47.340 I/RLT     ( 1866): +233ms [STATE] SetupOrchestrator.runSetup: starting orchestration corr=setup-7146 | thread=main
04-17 08:14:47.342 I/RLT     ( 1866): +234ms [CLEANUP] Starting pre-setup cleanup | thread=DefaultDispatcher-worker-1
04-17 08:14:47.344 I/RLT     ( 1866): +237ms [CLEANUP] cleanCachedApks: apk cache dir does not exist, skipping | thread=DefaultDispatcher-worker-1
04-17 08:14:47.346 I/RLT     ( 1866): +238ms [CLEANUP] cleanOldLogs: deleted /data/user/0/com.runelitetablet/files/logs/rlt-perf-20260416-182210.log size=141799 bytes age=49695637ms | thread=DefaultDispatcher-worker-1
04-17 08:14:47.346 I/RLT     ( 1866): +238ms [CLEANUP] cleanOldLogs: kept 5 log file(s), deleted 1 | thread=DefaultDispatcher-worker-1
04-17 08:14:47.346 I/RLT     ( 1866): +238ms [CLEANUP] Cleanup complete: filesDeleted=1 sessionsAbandoned=0 bytesReclaimed=141799 durationMs=4 | thread=DefaultDispatcher-worker-1
04-17 08:14:47.346 D/RLT     ( 1866): +238ms [STATE] SharedPrefsSetupStateStore: getStoredVersion cachedValue=7 | thread=main
04-17 08:14:47.346 D/RLT     ( 1866): +238ms [STATE] SharedPrefsSetupStateStore: isVersionCurrent result=true | thread=main
04-17 08:14:47.347 I/RLT     ( 1866): +239ms [STEP] [termux] isTermuxInstalled: result=true package=com.termux | thread=DefaultDispatcher-worker-1
04-17 08:14:47.347 I/RLT     ( 1866): +239ms [STEP] [termux_x11] isTermuxX11Installed: result=true package=com.termux.x11 | thread=DefaultDispatcher-worker-1
04-17 08:14:47.347 D/RLT     ( 1866): +240ms [STATE] SharedPrefsSetupStateStore: isCompleted step=step-proot cachedValue=true | thread=main
04-17 08:14:47.347 D/RLT     ( 1866): +240ms [STATE] SharedPrefsSetupStateStore: isCompleted step=step-java cachedValue=true | thread=main
04-17 08:14:47.347 D/RLT     ( 1866): +240ms [STATE] SharedPrefsSetupStateStore: isCompleted step=step-runelite cachedValue=true | thread=main
04-17 08:14:47.347 D/RLT     ( 1866): +240ms [STATE] SharedPrefsSetupStateStore: isCompleted step=step-gpu cachedValue=true | thread=main
04-17 08:14:47.348 I/RLT     ( 1866): +240ms [STATE] MarkerReconciler.reconcile: starting corr=setup-7146 | thread=main
04-17 08:14:47.348 I/RLT     ( 1866): +240ms [SCRIPT] deployScripts: starting scriptCount=18 scripts=[install-proot.sh, install-java.sh, download-runelite.sh, check-markers.sh, check-x11-socket.sh, launch-runelite.sh, update-runelite.sh, health-check.sh, shutdown-session.sh, detect-gpu.sh, setup-gpu.sh, setup-gpu-mali.sh, monitor-cpu-affinity.sh, benchmark-pipeline.sh, profile-virgl-env.sh, check-kernel-caps.sh, test-server-zink.sh, test-user-ns.sh] | thread=main
04-17 08:14:47.354 I/ActivityManager( 1701): Changes in 10142 2 to 5, 255 to 184
04-17 08:14:47.395 I/RLT     ( 1866): +287ms [SCRIPT] deployScriptsBatched: 18 scripts, 95284 bytes total | thread=main
04-17 08:14:47.395 D/RLT     ( 1866): +287ms [CMD] TermuxResultRegistry: created executionId=1 corr=1 | thread=main
04-17 08:14:47.395 I/RLT     ( 1866): +288ms [CMD] [id=1] execute: commandPath=/data/data/com.termux/files/usr/bin/bash args=-c mkdir -p /data/data/com.termux/files/home/scripts && echo 'IyEvZGF0YS9kYXRhL2NvbS50ZXJtdXgvZmlsZXMvdXNyL2Jpbi9iYXNoCnNldCAtZXVvIHBpcGVmYWlsCgojIGluc3RhbGwtcHJvb3Quc2gg4oCUIFN0ZXAgMzogSW5zdGFsbCBwcm… workdir=<default> background=true stdinLen=0 timeoutMs=30000 | thread=main
04-17 08:14:47.395 I/RLT     ( 1866): +288ms [CMD] [id=1] awaiting result: deferred created pendingResultsSize=1 timeoutMs=30000 | thread=main
04-17 08:14:47.396 I/RLT     ( 1866): +288ms [CMD] [id=1] intent built: action=com.termux.RUN_COMMAND component=com.termux/com.termux.app.RunCommandService extras=[PATH=/data/data/com.termux/files/usr/bin/bash BACKGROUND=true STDIN=absent PENDING_INTENT=present] | thread=main
04-17 08:14:47.398 I/RLT     ( 1866): +291ms [CMD] [id=1] startService: success | thread=main
04-17 08:14:47.402 I/ActivityManager( 1701): Background started FGS: Allowed [callingPackage: com.runelitetablet; callingUid: 10141; uidState: TOP ; uidBFSL: [BFSL]; intent: Intent { act=com.termux.RUN_COMMAND xflg=0x4 cmp=com.termux/.app.RunCommandService (has extras) }; code:PROC_STATE_TOP; tempAllowListReason:<null>; allowWiu:12; targetSdkVersion:28; callerTargetSdkVersion:35; startForegroundCount:103; bindFromPackage:null: isBindService:false]
04-17 08:14:47.404 I/ActivityManager( 1701): Changes in 10164 10 to 4, 0 to 254
04-17 08:14:47.417 I/ActivityManager( 1701): Background started FGS: Allowed [callingPackage: com.termux; callingUid: 10164; uidState: FGS ; uidBFSL: [BFSL]; intent: Intent { act=com.termux.service_execute dat=com.termux.file:/... xflg=0x4 cmp=com.termux/.app.TermuxService (has extras) }; code:PROC_STATE_FGS; tempAllowListReason:<,reasonCode:SYSTEM_ALLOW_LISTED,duration:9223372036854775807,callingUid:-1>; allowWiu:-1; targetSdkVersion:28; callerTargetSdkVersion:28; startForegroundCount:0; bindFromPackage:null: isBindService:false]
04-17 08:14:47.420 I/ActivityManager( 1701): Changes in 10164 4 to 4, 254 to 184
04-17 08:14:47.424 W/ActivityManager( 1701): Foreground service started from background can not have location/camera/microphone access: service com.termux/.app.TermuxService
04-17 08:14:47.426 W/ActivityManager( 1701): Foreground service started from background can not have location/camera/microphone access: service com.termux/.app.TermuxService
04-17 08:14:47.746 I/ActivityManager( 1701): Changes in 10164 4 to 10, 184 to 0
04-17 08:14:47.763 I/RLT     ( 1866): +656ms [LIFECYCLE] TermuxResultService.onCreate | thread=main
04-17 08:14:47.764 I/RLT     ( 1866): +656ms [CMD] [id=1] onStartCommand: executionId=1 exitCode=0 errCode=-1 errmsg=null stdoutPreview='' stderrPreview='' resultBundle=true pendingResultsSize=1 | thread=main
04-17 08:14:47.764 I/RLT     ( 1866): +656ms [CMD] [id=1] handleResult: executionId=1 exitCode=0 errCode=-1 errmsg=null stdoutLen=0 stdoutPreview='' stderrLen=0 stderrPreview='' | thread=main
04-17 08:14:47.764 I/RLT     ( 1866): +657ms [CMD] [id=1] handleResult: deferred found in pendingResults — completing mapSizeAfter=0 | thread=main
04-17 08:14:47.764 I/RLT     ( 1866): +657ms [CMD] [id=1] result: exitCode=0 error=null stdoutLen=0 stderrLen=0 durationMs=368 | thread=main
04-17 08:14:47.764 I/RLT     ( 1866): +657ms [SCRIPT] deployScriptsBatched: success durationMs=416 | thread=main
04-17 08:14:47.764 I/RLT     ( 1866): +657ms [SCRIPT] deployScripts: all scripts deployed successfully | thread=main
04-17 08:14:47.764 D/RLT     ( 1866): +657ms [CMD] TermuxResultRegistry: created executionId=2 corr=2 | thread=main
04-17 08:14:47.764 I/RLT     ( 1866): +657ms [CMD] [id=2] execute: commandPath=/data/data/com.termux/files/home/scripts/check-markers.sh args=<none> workdir=<default> background=true stdinLen=0 timeoutMs=10000 | thread=main
04-17 08:14:47.765 I/RLT     ( 1866): +657ms [CMD] [id=2] awaiting result: deferred created pendingResultsSize=1 timeoutMs=10000 | thread=main
04-17 08:14:47.765 I/RLT     ( 1866): +658ms [CMD] [id=2] intent built: action=com.termux.RUN_COMMAND component=com.termux/com.termux.app.RunCommandService extras=[PATH=/data/data/com.termux/files/home/scripts/check-markers.sh BACKGROUND=true STDIN=absent PENDING_INTENT=present] | thread=main
04-17 08:14:47.767 I/RLT     ( 1866): +659ms [CMD] [id=2] startService: success | thread=main
04-17 08:14:47.767 I/RLT     ( 1866): +660ms [LIFECYCLE] TermuxResultService.stopSelfIfIdle: 1 pending result(s) — staying alive pendingIds=[2] | thread=main
04-17 08:14:47.771 I/ActivityManager( 1701): Background started FGS: Allowed [callingPackage: com.runelitetablet; callingUid: 10141; uidState: TOP ; uidBFSL: [BFSL]; intent: Intent { act=com.termux.RUN_COMMAND xflg=0x4 cmp=com.termux/.app.RunCommandService (has extras) }; code:PROC_STATE_TOP; tempAllowListReason:<null>; allowWiu:12; targetSdkVersion:28; callerTargetSdkVersion:35; startForegroundCount:104; bindFromPackage:null: isBindService:false]
04-17 08:14:47.773 I/ActivityManager( 1701): Changes in 10164 10 to 4, 0 to 254
04-17 08:14:47.773 I/ActivityManager( 1701): Deferring FGS notification in legacy app com.termux/u0a164 : Notification(channel=termux_run_command_notification_channel shortcut=null contentView=null vibrate=null sound=null defaults=0 flags=FOREGROUND_SERVICE color=0xff607d8b vis=PRIVATE semFlags=0x0 semPriority=0 semMissedCount=0)
04-17 08:14:47.776 I/ActivityManager( 1701): Background started FGS: Allowed [callingPackage: com.termux; callingUid: 10164; uidState: FGS ; uidBFSL: [BFSL]; intent: Intent { act=com.termux.service_execute dat=com.termux.file:/... xflg=0x4 cmp=com.termux/.app.TermuxService (has extras) }; code:PROC_STATE_FGS; tempAllowListReason:<,reasonCode:SYSTEM_ALLOW_LISTED,duration:9223372036854775807,callingUid:-1>; allowWiu:-1; targetSdkVersion:28; callerTargetSdkVersion:28; startForegroundCount:0; bindFromPackage:null: isBindService:false]
04-17 08:14:47.779 I/ActivityManager( 1701): Changes in 10164 4 to 4, 254 to 184
04-17 08:14:47.783 W/ActivityManager( 1701): Foreground service started from background can not have location/camera/microphone access: service com.termux/.app.TermuxService
04-17 08:14:47.786 W/ActivityManager( 1701): Foreground service started from background can not have location/camera/microphone access: service com.termux/.app.TermuxService
04-17 08:14:47.826 I/RLT     ( 1866): +719ms [CMD] [id=2] onStartCommand: executionId=2 exitCode=0 errCode=-1 errmsg=null stdoutPreview='PRESENT step-proot
04-17 08:14:47.826 I/RLT     ( 1866): PRESENT step-java
04-17 08:14:47.826 I/RLT     ( 1866): PRESENT step-runelite
04-17 08:14:47.826 I/RLT     ( 1866): PRESENT step-gpu
04-17 08:14:47.826 I/RLT     ( 1866): VERSION 7
04-17 08:14:47.826 I/RLT     ( 1866): ' stderrPreview='' resultBundle=true pendingResultsSize=1 | thread=main
04-17 08:14:47.826 I/RLT     ( 1866): +719ms [CMD] [id=2] handleResult: executionId=2 exitCode=0 errCode=-1 errmsg=null stdoutLen=86 stdoutPreview='PRESENT step-proot
04-17 08:14:47.826 I/RLT     ( 1866): PRESENT step-java
04-17 08:14:47.826 I/RLT     ( 1866): PRESENT step-runelite
04-17 08:14:47.826 I/RLT     ( 1866): PRESENT step-gpu
04-17 08:14:47.826 I/RLT     ( 1866): VERSION 7
04-17 08:14:47.826 I/RLT     ( 1866): ' stderrLen=0 stderrPreview='' | thread=main
04-17 08:14:47.827 I/RLT     ( 1866): +719ms [CMD] [id=2] handleResult: deferred found in pendingResults — completing mapSizeAfter=0 | thread=main
04-17 08:14:47.827 I/ActivityManager( 1701): Changes in 10164 4 to 10, 184 to 0
04-17 08:14:47.827 I/RLT     ( 1866): +719ms [CMD] [id=2] result: exitCode=0 error=null stdoutLen=86 stderrLen=0 durationMs=62 | thread=main
04-17 08:14:47.827 I/RLT     ( 1866): +720ms [STATE] MarkerReconciler: raw output=PRESENT step-proot
04-17 08:14:47.827 I/RLT     ( 1866): PRESENT step-java
04-17 08:14:47.827 I/RLT     ( 1866): PRESENT step-runelite
04-17 08:14:47.827 I/RLT     ( 1866): PRESENT step-gpu
04-17 08:14:47.827 I/RLT     ( 1866): VERSION 7
04-17 08:14:47.827 I/RLT     ( 1866):  corr=setup-7146 | thread=main
04-17 08:14:47.828 I/RLT     ( 1866): +720ms [STATE] MarkerReconciler: present=[step-proot, step-java, step-runelite, step-gpu] absent=[] versionMismatch=false corr=setup-7146 | thread=main
04-17 08:14:47.828 D/RLT     ( 1866): +720ms [STATE] SharedPrefsSetupStateStore: markCompleted step=step-proot newValue=true | thread=main
04-17 08:14:47.828 D/RLT     ( 1866): +721ms [STATE] SharedPrefsSetupStateStore: markCompleted step=step-proot commit=success | thread=main
04-17 08:14:47.828 D/RLT     ( 1866): +721ms [STATE] SharedPrefsSetupStateStore: markCompleted step=step-java newValue=true | thread=main
04-17 08:14:47.828 D/RLT     ( 1866): +721ms [STATE] SharedPrefsSetupStateStore: markCompleted step=step-java commit=success | thread=main
04-17 08:14:47.828 D/RLT     ( 1866): +721ms [STATE] SharedPrefsSetupStateStore: markCompleted step=step-runelite newValue=true | thread=main
04-17 08:14:47.828 D/RLT     ( 1866): +721ms [STATE] SharedPrefsSetupStateStore: markCompleted step=step-runelite commit=success | thread=main
04-17 08:14:47.828 D/RLT     ( 1866): +721ms [STATE] SharedPrefsSetupStateStore: markCompleted step=step-gpu newValue=true | thread=main
04-17 08:14:47.829 D/RLT     ( 1866): +721ms [STATE] SharedPrefsSetupStateStore: markCompleted step=step-gpu commit=success | thread=main
04-17 08:14:47.829 D/RLT     ( 1866): +721ms [STATE] SharedPrefsSetupStateStore: setStoredVersion step=script_version newValue=7 | thread=main
04-17 08:14:47.829 D/RLT     ( 1866): +721ms [STATE] SharedPrefsSetupStateStore: setStoredVersion commit=success | thread=main
04-17 08:14:47.829 D/RLT     ( 1866): +721ms [SETUP] runSetupFrom: skipping com.runelitetablet.setup.SetupStep$InstallTermux@be5643c (completed) corr=setup-7146 | thread=main
04-17 08:14:47.829 D/RLT     ( 1866): +721ms [SETUP] runSetupFrom: skipping com.runelitetablet.setup.SetupStep$InstallTermuxX11@79e25c5 (completed) corr=setup-7146 | thread=main
04-17 08:14:47.829 I/RLT     ( 1866): +722ms [STATE] SetupOrchestrator: step com.runelitetablet.setup.SetupStep$EnablePermissions@9364b1a index=2 starting corr=setup-7146 | thread=main
04-17 08:14:47.829 I/RLT     ( 1866): +722ms [STATE] PermissionHandler.verifyPermissions: permission=RUN_COMMAND checking | thread=main
04-17 08:14:47.829 D/RLT     ( 1866): +722ms [CMD] TermuxResultRegistry: created executionId=3 corr=3 | thread=main
04-17 08:14:47.830 I/RLT     ( 1866): +722ms [CMD] [id=3] execute: commandPath=/data/data/com.termux/files/usr/bin/echo args=ok workdir=<default> background=true stdinLen=0 timeoutMs=30000 | thread=main
04-17 08:14:47.830 I/RLT     ( 1866): +722ms [CMD] [id=3] awaiting result: deferred created pendingResultsSize=1 timeoutMs=30000 | thread=main
04-17 08:14:47.830 I/RLT     ( 1866): +723ms [CMD] [id=3] intent built: action=com.termux.RUN_COMMAND component=com.termux/com.termux.app.RunCommandService extras=[PATH=/data/data/com.termux/files/usr/bin/echo BACKGROUND=true STDIN=absent PENDING_INTENT=present] | thread=main
04-17 08:14:47.831 I/RLT     ( 1866): +724ms [CMD] [id=3] startService: success | thread=main
04-17 08:14:47.832 I/RLT     ( 1866): +725ms [LIFECYCLE] TermuxResultService.stopSelfIfIdle: 1 pending result(s) — staying alive pendingIds=[3] | thread=main
04-17 08:14:47.834 I/ActivityManager( 1701): Background started FGS: Allowed [callingPackage: com.runelitetablet; callingUid: 10141; uidState: TOP ; uidBFSL: [BFSL]; intent: Intent { act=com.termux.RUN_COMMAND xflg=0x4 cmp=com.termux/.app.RunCommandService (has extras) }; code:PROC_STATE_TOP; tempAllowListReason:<null>; allowWiu:12; targetSdkVersion:28; callerTargetSdkVersion:35; startForegroundCount:105; bindFromPackage:null: isBindService:false]
04-17 08:14:47.835 I/ActivityManager( 1701): Changes in 10164 10 to 4, 0 to 254
04-17 08:14:47.843 I/ActivityManager( 1701): Background started FGS: Allowed [callingPackage: com.termux; callingUid: 10164; uidState: FGS ; uidBFSL: [BFSL]; intent: Intent { act=com.termux.service_execute dat=com.termux.file:/... xflg=0x4 cmp=com.termux/.app.TermuxService (has extras) }; code:PROC_STATE_FGS; tempAllowListReason:<,reasonCode:SYSTEM_ALLOW_LISTED,duration:9223372036854775807,callingUid:-1>; allowWiu:-1; targetSdkVersion:28; callerTargetSdkVersion:28; startForegroundCount:0; bindFromPackage:null: isBindService:false]
04-17 08:14:47.847 I/ActivityManager( 1701): Changes in 10164 4 to 4, 254 to 184
04-17 08:14:47.850 W/ActivityManager( 1701): Foreground service started from background can not have location/camera/microphone access: service com.termux/.app.TermuxService
04-17 08:14:47.853 W/ActivityManager( 1701): Foreground service started from background can not have location/camera/microphone access: service com.termux/.app.TermuxService
04-17 08:14:47.871 I/ActivityManager( 1701): Changes in 10164 4 to 10, 184 to 0
04-17 08:14:47.871 I/RLT     ( 1866): +764ms [CMD] [id=3] onStartCommand: executionId=3 exitCode=0 errCode=-1 errmsg=null stdoutPreview='ok
04-17 08:14:47.871 I/RLT     ( 1866): ' stderrPreview='' resultBundle=true pendingResultsSize=1 | thread=main
04-17 08:14:47.872 I/RLT     ( 1866): +764ms [CMD] [id=3] handleResult: executionId=3 exitCode=0 errCode=-1 errmsg=null stdoutLen=3 stdoutPreview='ok
04-17 08:14:47.872 I/RLT     ( 1866): ' stderrLen=0 stderrPreview='' | thread=main
04-17 08:14:47.872 I/RLT     ( 1866): +764ms [CMD] [id=3] handleResult: deferred found in pendingResults — completing mapSizeAfter=0 | thread=main
04-17 08:14:47.872 I/RLT     ( 1866): +765ms [CMD] [id=3] result: exitCode=0 error=null stdoutLen=3 stderrLen=0 durationMs=42 | thread=main
04-17 08:14:47.872 I/RLT     ( 1866): +765ms [STATE] PermissionHandler.verifyPermissions: user_response=granted exitCode=0 | thread=main
04-17 08:14:47.874 I/RLT     ( 1866): +767ms [STATE] PermissionHandler.isBatteryOptimized: permission=BATTERY_OPTIMIZATION package=com.termux result=true | thread=main
04-17 08:14:47.875 I/RLT     ( 1866): +767ms [STATE] PermissionHandler.isBatteryOptimized: permission=BATTERY_OPTIMIZATION package=com.termux.x11 result=true | thread=main
04-17 08:14:47.875 I/RLT     ( 1866): +768ms [STATE] PermissionHandler.hasRequiredBatteryExemptions: result=true | thread=main
04-17 08:14:47.876 I/RLT     ( 1866): +768ms [STATE] SetupOrchestrator: step com.runelitetablet.setup.SetupStep$EnablePermissions@9364b1a completed duration=47ms corr=setup-7146 | thread=main
04-17 08:14:47.876 D/RLT     ( 1866): +768ms [SETUP] runSetupFrom: skipping com.runelitetablet.setup.SetupStep$InstallProot@6b3b1ba (completed) corr=setup-7146 | thread=main
04-17 08:14:47.876 D/RLT     ( 1866): +769ms [SETUP] runSetupFrom: skipping com.runelitetablet.setup.SetupStep$InstallJava@a85886b (completed) corr=setup-7146 | thread=main
04-17 08:14:47.876 D/RLT     ( 1866): +769ms [SETUP] runSetupFrom: skipping com.runelitetablet.setup.SetupStep$DownloadRuneLite@82ddfc8 (completed) corr=setup-7146 | thread=main
04-17 08:14:47.876 D/RLT     ( 1866): +769ms [SETUP] runSetupFrom: skipping com.runelitetablet.setup.SetupStep$InstallGpuDrivers@2676861 (completed) corr=setup-7146 | thread=main
04-17 08:14:47.876 I/RLT     ( 1866): +769ms [STATE] SetupOrchestrator: step com.runelitetablet.setup.SetupStep$VerifySetup@756c504 index=7 starting corr=setup-7146 | thread=main
04-17 08:14:47.876 I/RLT     ( 1866): +769ms [VERIFY] SetupVerifier: starting verification corr=setup-7146 | thread=main
04-17 08:14:47.877 D/RLT     ( 1866): +769ms [CMD] TermuxResultRegistry: created executionId=4 corr=4 | thread=main
04-17 08:14:47.877 I/RLT     ( 1866): +769ms [CMD] [id=4] execute: commandPath=/data/data/com.termux/files/usr/bin/bash args=-c [ -d "$PREFIX/var/lib/proot-distro/installed-rootfs/ubuntu" ] && echo 'PASS: proot' || echo 'FAIL: proot'
04-17 08:14:47.877 I/RLT     ( 1866): proot-distro login ubuntu -- which java < /dev/null && echo 'PASS: java' || echo 'FAIL: jav… workdir=<default> background=true stdinLen=0 timeoutMs=60000 | thread=main
04-17 08:14:47.877 I/RLT     ( 1866): +769ms [CMD] [id=4] awaiting result: deferred created pendingResultsSize=1 timeoutMs=60000 | thread=main
04-17 08:14:47.877 I/RLT     ( 1866): +770ms [CMD] [id=4] intent built: action=com.termux.RUN_COMMAND component=com.termux/com.termux.app.RunCommandService extras=[PATH=/data/data/com.termux/files/usr/bin/bash BACKGROUND=true STDIN=absent PENDING_INTENT=present] | thread=main
04-17 08:14:47.879 I/RLT     ( 1866): +771ms [CMD] [id=4] startService: success | thread=main
04-17 08:14:47.879 I/RLT     ( 1866): +772ms [LIFECYCLE] TermuxResultService.stopSelfIfIdle: 1 pending result(s) — staying alive pendingIds=[4] | thread=main
04-17 08:14:47.881 I/ActivityManager( 1701): Background started FGS: Allowed [callingPackage: com.runelitetablet; callingUid: 10141; uidState: TOP ; uidBFSL: [BFSL]; intent: Intent { act=com.termux.RUN_COMMAND xflg=0x4 cmp=com.termux/.app.RunCommandService (has extras) }; code:PROC_STATE_TOP; tempAllowListReason:<null>; allowWiu:12; targetSdkVersion:28; callerTargetSdkVersion:35; startForegroundCount:106; bindFromPackage:null: isBindService:false]
04-17 08:14:47.885 I/ActivityManager( 1701): Changes in 10164 10 to 4, 0 to 254
04-17 08:14:47.888 I/ActivityManager( 1701): Background started FGS: Allowed [callingPackage: com.termux; callingUid: 10164; uidState: FGS ; uidBFSL: [BFSL]; intent: Intent { act=com.termux.service_execute dat=com.termux.file:/... xflg=0x4 cmp=com.termux/.app.TermuxService (has extras) }; code:PROC_STATE_FGS; tempAllowListReason:<,reasonCode:SYSTEM_ALLOW_LISTED,duration:9223372036854775807,callingUid:-1>; allowWiu:-1; targetSdkVersion:28; callerTargetSdkVersion:28; startForegroundCount:0; bindFromPackage:null: isBindService:false]
04-17 08:14:47.891 I/ActivityManager( 1701): Changes in 10164 4 to 4, 254 to 184
04-17 08:14:47.894 W/ActivityManager( 1701): Foreground service started from background can not have location/camera/microphone access: service com.termux/.app.TermuxService
04-17 08:14:47.898 W/ActivityManager( 1701): Foreground service started from background can not have location/camera/microphone access: service com.termux/.app.TermuxService
04-17 08:14:51.358 I/ActivityManager( 1701): Start proc 3311:com.samsung.android.wifi.intelligence:iwhInfService/1000 for service {com.samsung.android.wifi.intelligence/com.samsung.android.wifi.intelligence.iwh.IwhInfService}
04-17 08:14:51.358 I/ActivityManager( 1701): ProcessObserver broadcast disabled
04-17 08:14:51.455 I/RLT     ( 1866): +4348ms [CMD] [id=4] onStartCommand: executionId=4 exitCode=0 errCode=-1 errmsg=null stdoutPreview='PASS: proot
04-17 08:14:51.455 I/RLT     ( 1866): /usr/bin/java
04-17 08:14:51.455 I/RLT     ( 1866): PASS: java
04-17 08:14:51.455 I/RLT     ( 1866): PASS: runelite
04-17 08:14:51.455 I/RLT     ( 1866): PASS: x11
04-17 08:14:51.455 I/RLT     ( 1866): ' stderrPreview='(B[m[1m[31mWarning: CPU doesn't support 32-bit instructions, some software may not work.(B[m
04-17 08:14:51.455 I/RLT     ( 1866): proot warning: can't sanitize binding "/proc/self/fd/1": No such file or directory
04-17 08:14:51.455 I/RLT     ( 1866): (B[m[1m[31mWar' resultBundle=true pendingResultsSize=1 | thread=main
04-17 08:14:51.456 I/RLT     ( 1866): +4349ms [CMD] [id=4] handleResult: executionId=4 exitCode=0 errCode=-1 errmsg=null stdoutLen=62 stdoutPreview='PASS: proot
04-17 08:14:51.456 I/RLT     ( 1866): /usr/bin/java
04-17 08:14:51.456 I/RLT     ( 1866): PASS: java
04-17 08:14:51.456 I/RLT     ( 1866): PASS: runelite
04-17 08:14:51.456 I/RLT     ( 1866): PASS: x11
04-17 08:14:51.456 I/RLT     ( 1866): ' stderrLen=364 stderrPreview='(B[m[1m[31mWarning: CPU doesn't support 32-bit instructions, some software may not work.(B[m
04-17 08:14:51.456 I/RLT     ( 1866): proot warning: can't sanitize binding "/proc/self/fd/1": No such file or directory
04-17 08:14:51.456 I/RLT     ( 1866): (B[m[1m[31mWar' | thread=main
04-17 08:14:51.456 I/RLT     ( 1866): +4349ms [CMD] [id=4] handleResult: deferred found in pendingResults — completing mapSizeAfter=0 | thread=main
04-17 08:14:51.457 I/ActivityManager( 1701): Changes in 10164 4 to 10, 184 to 0
04-17 08:14:51.457 I/RLT     ( 1866): +4349ms [CMD] [id=4] result: exitCode=0 error=null stdoutLen=62 stderrLen=364 durationMs=3580 | thread=main
04-17 08:14:51.457 I/RLT     ( 1866): +4350ms [VERIFY] SetupVerifier: raw output=PASS: proot
04-17 08:14:51.457 I/RLT     ( 1866): /usr/bin/java
04-17 08:14:51.457 I/RLT     ( 1866): PASS: java
04-17 08:14:51.457 I/RLT     ( 1866): PASS: runelite
04-17 08:14:51.457 I/RLT     ( 1866): PASS: x11
04-17 08:14:51.457 I/RLT     ( 1866):  exitCode=0 duration=3580ms versions=[PASS: proot; /usr/bin/java; PASS: java; PASS: runelite; PASS: x11] corr=setup-7146 | thread=main
04-17 08:14:51.458 I/RLT     ( 1866): +4350ms [VERIFY] SetupVerifier: all checks passed duration=3580ms corr=setup-7146 | thread=main
04-17 08:14:51.458 I/RLT     ( 1866): +4351ms [STATE] SetupOrchestrator: step com.runelitetablet.setup.SetupStep$VerifySetup@756c504 completed duration=3582ms corr=setup-7146 | thread=main
04-17 08:14:51.458 I/RLT     ( 1866): +4351ms [STATE] SetupOrchestrator.runSetup: complete duration=4117ms corr=setup-7146 | thread=main
04-17 08:14:51.467 I/ActivityManager( 1701): Process com.samsung.android.wifi.intelligence:iwhInfService (pid 3311) has died: cch+5 CEM (1666,3106)
04-17 08:14:51.549 I/RLT     ( 1866): +4442ms [STATE] SetupViewModel: setup complete, navigating to com.runelitetablet.setup.AppScreen$Launch@e81ebfd hasCreds=true | thread=main
04-17 08:14:51.961 I/RLT     ( 1866): +4854ms [LIFECYCLE] TermuxResultService.stopSelfIfIdle: no pending results — stopSelf(startId=4) | thread=main
04-17 08:14:51.964 I/RLT     ( 1866): +4857ms [LIFECYCLE] TermuxResultService.onDestroy: pendingResults=0 (not clearing — deferreds are static, outlive service instances) | thread=main
04-17 08:15:25.253 I/ActivityManager( 1701): Changes in 10256 19 to 8, 0 to 128
04-17 08:15:25.273 I/ActivityManager( 1701): Changes in 10256 8 to 10, 128 to 0
04-17 08:15:54.989 I/ActivityManager( 1701): Start proc 3478:com.samsung.android.wifi.intelligence:iwhInfService/1000 for service {com.samsung.android.wifi.intelligence/com.samsung.android.wifi.intelligence.iwh.IwhInfService}
04-17 08:15:54.989 I/ActivityManager( 1701): ProcessObserver broadcast disabled
04-17 08:15:55.129 I/ActivityManager( 1701): Process com.samsung.android.wifi.intelligence:iwhInfService (pid 3478) has died: cch+5 CEM (1738,3130)
04-17 08:16:55.646 I/ActivityManager( 1701): Start proc 3605:com.samsung.android.wifi.intelligence:iwhInfService/1000 for service {com.samsung.android.wifi.intelligence/com.samsung.android.wifi.intelligence.iwh.IwhInfService}
04-17 08:16:55.647 I/ActivityManager( 1701): ProcessObserver broadcast disabled
04-17 08:16:55.765 I/ActivityManager( 1701): Process com.samsung.android.wifi.intelligence:iwhInfService (pid 3605) has died: cch+5 CEM (1733,3130)
04-17 08:17:56.318 I/ActivityManager( 1701): Start proc 3709:com.samsung.android.wifi.intelligence:iwhInfService/1000 for service {com.samsung.android.wifi.intelligence/com.samsung.android.wifi.intelligence.iwh.IwhInfService}
04-17 08:17:56.318 I/ActivityManager( 1701): ProcessObserver broadcast disabled
04-17 08:17:56.445 I/ActivityManager( 1701): Process com.samsung.android.wifi.intelligence:iwhInfService (pid 3709) has died: cch+5 CEM (1649,3150)
04-17 08:18:10.554 I/RLT     ( 1866): +203447ms [UI] SetupScreen: Launch RuneLite button clicked | thread=main
04-17 08:18:10.555 I/RLT     ( 1866): +203448ms [STATE] LaunchCoordinator.launchRuneLite: starting pre-launch sequence corr=launch-4279 | thread=main
04-17 08:18:10.558 I/RLT     ( 1866): +203451ms [STATE] LaunchCoordinator: checking for updates corr=launch-4279 | thread=main
04-17 08:18:10.558 I/RLT     ( 1866): +203451ms [SCRIPT] deployScripts: skipping — already deployed (cached) | thread=main
04-17 08:18:10.559 D/RLT     ( 1866): +203451ms [CMD] TermuxResultRegistry: created executionId=5 corr=5 | thread=main
04-17 08:18:10.559 I/RLT     ( 1866): +203451ms [CMD] [id=5] execute: commandPath=/data/data/com.termux/files/home/scripts/update-runelite.sh args=<none> workdir=<default> background=true stdinLen=0 timeoutMs=60000 | thread=main
04-17 08:18:10.559 I/RLT     ( 1866): +203451ms [CMD] [id=5] awaiting result: deferred created pendingResultsSize=1 timeoutMs=60000 | thread=main
04-17 08:18:10.560 I/RLT     ( 1866): +203453ms [CMD] [id=5] intent built: action=com.termux.RUN_COMMAND component=com.termux/com.termux.app.RunCommandService extras=[PATH=/data/data/com.termux/files/home/scripts/update-runelite.sh BACKGROUND=true STDIN=absent PENDING_INTENT=present] | thread=main
04-17 08:18:10.561 I/RLT     ( 1866): +203454ms [CMD] [id=5] startService: success | thread=main
04-17 08:18:10.564 I/ActivityManager( 1701): Background started FGS: Allowed [callingPackage: com.runelitetablet; callingUid: 10141; uidState: TOP ; uidBFSL: [BFSL]; intent: Intent { act=com.termux.RUN_COMMAND xflg=0x4 cmp=com.termux/.app.RunCommandService (has extras) }; code:PROC_STATE_TOP; tempAllowListReason:<null>; allowWiu:12; targetSdkVersion:28; callerTargetSdkVersion:35; startForegroundCount:107; bindFromPackage:null: isBindService:false]
04-17 08:18:10.566 I/ActivityManager( 1701): Changes in 10164 10 to 4, 0 to 254
04-17 08:18:10.572 I/ActivityManager( 1701): Background started FGS: Allowed [callingPackage: com.termux; callingUid: 10164; uidState: FGS ; uidBFSL: [BFSL]; intent: Intent { act=com.termux.service_execute dat=com.termux.file:/... xflg=0x4 cmp=com.termux/.app.TermuxService (has extras) }; code:PROC_STATE_FGS; tempAllowListReason:<,reasonCode:SYSTEM_ALLOW_LISTED,duration:9223372036854775807,callingUid:-1>; allowWiu:-1; targetSdkVersion:28; callerTargetSdkVersion:28; startForegroundCount:0; bindFromPackage:null: isBindService:false]
04-17 08:18:10.580 I/ActivityManager( 1701): Changes in 10164 4 to 4, 254 to 184
04-17 08:18:10.586 W/ActivityManager( 1701): Foreground service started from background can not have location/camera/microphone access: service com.termux/.app.TermuxService
04-17 08:18:10.590 W/ActivityManager( 1701): Foreground service started from background can not have location/camera/microphone access: service com.termux/.app.TermuxService
04-17 08:18:13.548 I/RLT     ( 1866): +206441ms [LIFECYCLE] TermuxResultService.onCreate | thread=main
04-17 08:18:13.550 I/RLT     ( 1866): +206443ms [CMD] [id=5] onStartCommand: executionId=5 exitCode=0 errCode=-1 errmsg=null stdoutPreview='=== Checking for RuneLite updates ===
04-17 08:18:13.550 I/RLT     ( 1866): Stored version: 2.7.7
04-17 08:18:13.550 I/RLT     ( 1866): Latest version: 2.7.7
04-17 08:18:13.550 I/RLT     ( 1866): UPDATE_STATUS current 2.7.7
04-17 08:18:13.550 I/RLT     ( 1866): === update-runelite complete ===
04-17 08:18:13.550 I/RLT     ( 1866): ' stderrPreview='' resultBundle=true pendingResultsSize=1 | thread=main
04-17 08:18:13.551 I/RLT     ( 1866): +206443ms [CMD] [id=5] handleResult: executionId=5 exitCode=0 errCode=-1 errmsg=null stdoutLen=143 stdoutPreview='=== Checking for RuneLite updates ===
04-17 08:18:13.551 I/RLT     ( 1866): Stored version: 2.7.7
04-17 08:18:13.551 I/RLT     ( 1866): Latest version: 2.7.7
04-17 08:18:13.551 I/RLT     ( 1866): UPDATE_STATUS current 2.7.7
04-17 08:18:13.551 I/RLT     ( 1866): === update-runelite complete ===
04-17 08:18:13.551 I/RLT     ( 1866): ' stderrLen=0 stderrPreview='' | thread=main
04-17 08:18:13.551 I/ActivityManager( 1701): Changes in 10164 4 to 10, 184 to 0
04-17 08:18:13.551 I/RLT     ( 1866): +206444ms [CMD] [id=5] handleResult: deferred found in pendingResults — completing mapSizeAfter=0 | thread=main
04-17 08:18:13.552 I/RLT     ( 1866): +206445ms [CMD] [id=5] result: exitCode=0 error=null stdoutLen=143 stderrLen=0 durationMs=2992 | thread=main
04-17 08:18:13.553 I/RLT     ( 1866): +206446ms [STATE] LaunchCoordinator: running health check corr=launch-4279 | thread=main
04-17 08:18:13.554 I/RLT     ( 1866): +206446ms [SCRIPT] deployScripts: skipping — already deployed (cached) | thread=main
04-17 08:18:13.554 D/RLT     ( 1866): +206447ms [CMD] TermuxResultRegistry: created executionId=6 corr=6 | thread=main
04-17 08:18:13.554 I/RLT     ( 1866): +206447ms [CMD] [id=6] execute: commandPath=/data/data/com.termux/files/home/scripts/health-check.sh args=<none> workdir=<default> background=true stdinLen=0 timeoutMs=10000 | thread=main
04-17 08:18:13.554 I/RLT     ( 1866): +206447ms [CMD] [id=6] awaiting result: deferred created pendingResultsSize=1 timeoutMs=10000 | thread=main
04-17 08:18:13.557 I/RLT     ( 1866): +206450ms [CMD] [id=6] intent built: action=com.termux.RUN_COMMAND component=com.termux/com.termux.app.RunCommandService extras=[PATH=/data/data/com.termux/files/home/scripts/health-check.sh BACKGROUND=true STDIN=absent PENDING_INTENT=present] | thread=main
04-17 08:18:13.561 I/RLT     ( 1866): +206453ms [CMD] [id=6] startService: success | thread=main
04-17 08:18:13.566 I/ActivityManager( 1701): Background started FGS: Allowed [callingPackage: com.runelitetablet; callingUid: 10141; uidState: TOP ; uidBFSL: [BFSL]; intent: Intent { act=com.termux.RUN_COMMAND xflg=0x4 cmp=com.termux/.app.RunCommandService (has extras) }; code:PROC_STATE_TOP; tempAllowListReason:<null>; allowWiu:12; targetSdkVersion:28; callerTargetSdkVersion:35; startForegroundCount:108; bindFromPackage:null: isBindService:false]
04-17 08:18:13.569 I/ActivityManager( 1701): Changes in 10164 10 to 4, 0 to 254
04-17 08:18:13.573 I/ActivityManager( 1701): Deferring FGS notification in legacy app com.termux/u0a164 : Notification(channel=termux_run_command_notification_channel shortcut=null contentView=null vibrate=null sound=null defaults=0 flags=FOREGROUND_SERVICE color=0xff607d8b vis=PRIVATE semFlags=0x0 semPriority=0 semMissedCount=0)
04-17 08:18:13.574 I/ActivityManager( 1701): Background started FGS: Allowed [callingPackage: com.termux; callingUid: 10164; uidState: FGS ; uidBFSL: [BFSL]; intent: Intent { act=com.termux.service_execute dat=com.termux.file:/... xflg=0x4 cmp=com.termux/.app.TermuxService (has extras) }; code:PROC_STATE_FGS; tempAllowListReason:<,reasonCode:SYSTEM_ALLOW_LISTED,duration:9223372036854775807,callingUid:-1>; allowWiu:-1; targetSdkVersion:28; callerTargetSdkVersion:28; startForegroundCount:0; bindFromPackage:null: isBindService:false]
04-17 08:18:13.579 I/ActivityManager( 1701): Changes in 10164 4 to 4, 254 to 184
04-17 08:18:13.583 W/ActivityManager( 1701): Foreground service started from background can not have location/camera/microphone access: service com.termux/.app.TermuxService
04-17 08:18:13.587 W/ActivityManager( 1701): Foreground service started from background can not have location/camera/microphone access: service com.termux/.app.TermuxService
04-17 08:18:17.789 I/RLT     ( 1866): +210681ms [CMD] [id=6] onStartCommand: executionId=6 exitCode=0 errCode=-1 errmsg=null stdoutPreview='=== Running health check ===
04-17 08:18:17.789 I/RLT     ( 1866): HEALTH proot OK
04-17 08:18:17.789 I/RLT     ( 1866): HEALTH java OK
04-17 08:18:17.789 I/RLT     ( 1866): HEALTH runelite OK
04-17 08:18:17.789 I/RLT     ( 1866): === health-check complete ===
04-17 08:18:17.789 I/RLT     ( 1866): ' stderrPreview='' resultBundle=true pendingResultsSize=1 | thread=main
04-17 08:18:17.790 I/RLT     ( 1866): +210682ms [CMD] [id=6] handleResult: executionId=6 exitCode=0 errCode=-1 errmsg=null stdoutLen=109 stdoutPreview='=== Running health check ===
04-17 08:18:17.790 I/RLT     ( 1866): HEALTH proot OK
04-17 08:18:17.790 I/RLT     ( 1866): HEALTH java OK
04-17 08:18:17.790 I/RLT     ( 1866): HEALTH runelite OK
04-17 08:18:17.790 I/RLT     ( 1866): === health-check complete ===
04-17 08:18:17.790 I/RLT     ( 1866): ' stderrLen=0 stderrPreview='' | thread=main
04-17 08:18:17.790 I/RLT     ( 1866): +210683ms [CMD] [id=6] handleResult: deferred found in pendingResults — completing mapSizeAfter=0 | thread=main
04-17 08:18:17.791 I/RLT     ( 1866): +210684ms [CMD] [id=6] result: exitCode=0 error=null stdoutLen=109 stderrLen=0 durationMs=4233 | thread=main
04-17 08:18:17.791 I/ActivityManager( 1701): Changes in 10164 4 to 10, 184 to 0
04-17 08:18:17.792 I/RLT     ( 1866): +210684ms [STATE] LaunchCoordinator.performLaunch: starting corr=launch-4279 | thread=main
04-17 08:18:17.795 I/RLT     ( 1866): +210688ms [STATE] LaunchCoordinator: hasCredentials=true corr=launch-4279 | thread=main
04-17 08:18:17.796 I/RLT     ( 1866): +210688ms [STATE] LaunchCoordinator: refreshing auth tokens parentCorrId=launch-4279 childCorrId=launch-4279/auth-refresh-5974 corr=launch-4279 | thread=main
04-17 08:18:17.796 I/RLT     ( 1866): +210689ms [STEP] [auth] refreshIfNeeded: checking token expiry parentCorrId=launch-4279/auth-refresh-5974 corr=launch-4279/auth-refresh-5974/refresh-f8c1 | thread=main
04-17 08:18:17.803 I/RLT     ( 1866): +210696ms [STEP] [auth] performTokenRefresh: exchanging refresh token corr=launch-4279/auth-refresh-5974/refresh-f8c1 | thread=main
04-17 08:18:18.262 W/RLT     ( 1866): +211155ms [AUTH] parseJwtClaim(exp): failed: Unexpected JSON token at offset 4: Expected EOF after parsing, but had  instead at path: $
04-17 08:18:18.262 W/RLT     ( 1866): JSON input: p���������l0��#BKܵ`*��}鈧�� | thread=DefaultDispatcher-worker-4
04-17 08:18:18.263 I/RLT     ( 1866): +211155ms [STEP] [auth] parseTokenResponse: token received, expiresIn=1799s expiry=1776430097 hasIdToken=true | thread=DefaultDispatcher-worker-4
04-17 08:18:18.267 I/RLT     ( 1866): +211159ms [STEP] [auth] storeTokens: tokens stored (access_token in-memory only), expiry=1776430097 | thread=DefaultDispatcher-worker-4
04-17 08:18:18.267 I/RLT     ( 1866): +211160ms [STEP] [auth] performTokenRefresh: tokens refreshed successfully corr=launch-4279/auth-refresh-5974/refresh-f8c1 | thread=main
04-17 08:18:18.268 I/RLT     ( 1866): +211160ms [STATE] LaunchCoordinator: auth refresh result=com.runelitetablet.auth.AuthResult$Refreshed@fffda9e corr=launch-4279 | thread=main
04-17 08:18:18.272 I/RLT     ( 1866): +211164ms [STATE] LaunchCoordinator: validating session corr=launch-4279 | thread=main
04-17 08:18:18.273 I/RLT     ( 1866): +211165ms [STEP] [auth] validateSession: checking session against accounts API | thread=DefaultDispatcher-worker-4
04-17 08:18:18.290 I/RLT     ( 1866): +211183ms [LIFECYCLE] TermuxResultService.stopSelfIfIdle: no pending results — stopSelf(startId=2) | thread=main
04-17 08:18:18.294 I/RLT     ( 1866): +211187ms [LIFECYCLE] TermuxResultService.onDestroy: pendingResults=0 (not clearing — deferreds are static, outlive service instances) | thread=main
04-17 08:18:18.659 I/RLT     ( 1866): +211552ms [STEP] [auth] validateSession: session valid (200) | thread=DefaultDispatcher-worker-4
04-17 08:18:18.661 I/RLT     ( 1866): +211553ms [STATE] LaunchCoordinator: session valid corr=launch-4279 | thread=main
04-17 08:18:18.662 I/RLT     ( 1866): +211554ms [STATE] LaunchCoordinator: deploying env file backend=hybrid_x11 corr=launch-4279 | thread=main
04-17 08:18:18.667 D/RLT     ( 1866): +211559ms [CMD] TermuxResultRegistry: created executionId=7 corr=7 | thread=main
04-17 08:18:18.668 I/RLT     ( 1866): +211560ms [CMD] [id=7] execute: commandPath=/data/data/com.termux/files/usr/bin/bash args=-c cat > /data/data/com.termux/files/home/.rlt-launch-env.sh && chmod 600 /data/data/com.termux/files/home/.rlt-launch-env.sh workdir=<default> background=true stdinLen=116 timeoutMs=30000 | thread=main
04-17 08:18:18.668 I/RLT     ( 1866): +211561ms [CMD] [id=7] awaiting result: deferred created pendingResultsSize=1 timeoutMs=30000 | thread=main
04-17 08:18:18.674 I/RLT     ( 1866): +211567ms [CMD] [id=7] intent built: action=com.termux.RUN_COMMAND component=com.termux/com.termux.app.RunCommandService extras=[PATH=/data/data/com.termux/files/usr/bin/bash BACKGROUND=true STDIN=present(116) PENDING_INTENT=present] | thread=main
04-17 08:18:18.680 I/RLT     ( 1866): +211572ms [CMD] [id=7] startService: success | thread=main
04-17 08:18:18.685 I/ActivityManager( 1701): Background started FGS: Allowed [callingPackage: com.runelitetablet; callingUid: 10141; uidState: TOP ; uidBFSL: [BFSL]; intent: Intent { act=com.termux.RUN_COMMAND xflg=0x4 cmp=com.termux/.app.RunCommandService (has extras) }; code:PROC_STATE_TOP; tempAllowListReason:<null>; allowWiu:12; targetSdkVersion:28; callerTargetSdkVersion:35; startForegroundCount:109; bindFromPackage:null: isBindService:false]
04-17 08:18:18.688 I/ActivityManager( 1701): Changes in 10164 10 to 4, 0 to 254
04-17 08:18:18.694 I/ActivityManager( 1701): Background started FGS: Allowed [callingPackage: com.termux; callingUid: 10164; uidState: FGS ; uidBFSL: [BFSL]; intent: Intent { act=com.termux.service_execute dat=com.termux.file:/... xflg=0x4 cmp=com.termux/.app.TermuxService (has extras) }; code:PROC_STATE_FGS; tempAllowListReason:<,reasonCode:SYSTEM_ALLOW_LISTED,duration:9223372036854775807,callingUid:-1>; allowWiu:-1; targetSdkVersion:28; callerTargetSdkVersion:28; startForegroundCount:0; bindFromPackage:null: isBindService:false]
04-17 08:18:18.706 I/ActivityManager( 1701): Changes in 10164 4 to 4, 254 to 184
04-17 08:18:18.712 W/ActivityManager( 1701): Foreground service started from background can not have location/camera/microphone access: service com.termux/.app.TermuxService
04-17 08:18:18.715 W/ActivityManager( 1701): Foreground service started from background can not have location/camera/microphone access: service com.termux/.app.TermuxService
04-17 08:18:18.753 I/RLT     ( 1866): +211646ms [LIFECYCLE] TermuxResultService.onCreate | thread=main
04-17 08:18:18.754 I/RLT     ( 1866): +211647ms [CMD] [id=7] onStartCommand: executionId=7 exitCode=0 errCode=-1 errmsg=null stdoutPreview='' stderrPreview='' resultBundle=true pendingResultsSize=1 | thread=main
04-17 08:18:18.754 I/ActivityManager( 1701): Changes in 10164 4 to 10, 184 to 0
04-17 08:18:18.755 I/RLT     ( 1866): +211647ms [CMD] [id=7] handleResult: executionId=7 exitCode=0 errCode=-1 errmsg=null stdoutLen=0 stdoutPreview='' stderrLen=0 stderrPreview='' | thread=main
04-17 08:18:18.755 I/RLT     ( 1866): +211648ms [CMD] [id=7] handleResult: deferred found in pendingResults — completing mapSizeAfter=0 | thread=main
04-17 08:18:18.756 I/RLT     ( 1866): +211648ms [CMD] [id=7] result: exitCode=0 error=null stdoutLen=0 stderrLen=0 durationMs=81 | thread=main
04-17 08:18:18.756 I/RLT     ( 1866): +211649ms [STEP] [auth] LaunchEnvDeployer: env file deployed to Termux at /data/data/com.termux/files/home/.rlt-launch-env.sh (credentials masked) | thread=main
04-17 08:18:18.756 I/RLT     ( 1866): +211649ms [STATE] LaunchCoordinator: envFilePath=/data/data/com.termux/files/home/.rlt-launch-env.sh hasEnvFile=true corr=launch-4279 | thread=main
04-17 08:18:18.757 D/RLT     ( 1866): +211649ms [LAUNCH] LaunchCoordinator: env contents=[tokens redacted] backend=hybrid_x11 corr=launch-4279 | thread=main
04-17 08:18:18.758 I/RLT     ( 1866): +211650ms [STEP] [termux_x11] isTermuxX11Installed: result=true package=com.termux.x11 | thread=main
04-17 08:18:18.758 D/RLT     ( 1866): +211651ms [PRESENTATION] HybridX11PresentationBackend.isInstalled=true (requires Termux:X11) | thread=main
04-17 08:18:18.758 D/RLT     ( 1866): +211651ms [PRESENTATION] HybridX11PresentationBackend.applyLaunchPreferences: delegating to TermuxX11PresentationBackend | thread=main
04-17 08:18:18.760 I/RLT     ( 1866): +211652ms [STEP] [launch] presentation: sent CHANGE_PREFERENCE broadcast to Termux:X11 (mode=native fullscreen=true) | thread=main
04-17 08:18:18.760 D/RLT     ( 1866): +211653ms [PRESENTATION] HybridX11PresentationBackend.createLaunchIntent: target=com.runelitetablet.presentation.hybrid.HybridX11HostActivity, flags=[NEW_TASK, SINGLE_TOP, CLEAR_TOP] | thread=main
04-17 08:18:18.761 I/RLT     ( 1866): +211653ms [STATE] launchInternal: dispatching command scriptPath=/data/data/com.termux/files/home/scripts/launch-runelite.sh envFile=/data/data/com.termux/files/home/.rlt-launch-env.sh backend=hybrid_x11 corr=launch-4279 | thread=main
04-17 08:18:18.761 I/RLT     ( 1866): +211654ms [CMD] [id=0] launchBackground: commandPath=/data/data/com.termux/files/home/scripts/launch-runelite.sh args=/data/data/com.termux/files/home/.rlt-launch-env.sh | thread=main
04-17 08:18:18.764 I/RLT     ( 1866): +211657ms [CMD] [id=0] launchBackground: startService success commandPath=/data/data/com.termux/files/home/scripts/launch-runelite.sh | thread=main
04-17 08:18:18.765 I/RLT     ( 1866): +211657ms [STATE] launchInternal: command dispatched success=true corr=launch-4279 | thread=main
04-17 08:18:18.765 I/RLT     ( 1866): +211658ms [STATE] LaunchCoordinator: launch succeeded, starting session service corr=launch-4279 | thread=main
04-17 08:18:18.766 I/RLT     ( 1866): +211658ms [STATE] startSessionService: starting foreground service corr=launch-4279 | thread=main
04-17 08:18:18.766 I/ActivityManager( 1701): Background started FGS: Allowed [callingPackage: com.runelitetablet; callingUid: 10141; uidState: TOP ; uidBFSL: [BFSL]; intent: Intent { act=com.termux.RUN_COMMAND xflg=0x4 cmp=com.termux/.app.RunCommandService (has extras) }; code:PROC_STATE_TOP; tempAllowListReason:<null>; allowWiu:12; targetSdkVersion:28; callerTargetSdkVersion:35; startForegroundCount:110; bindFromPackage:null: isBindService:false]
04-17 08:18:18.766 I/RLT     ( 1866): +211659ms [STATE] PermissionHandler.hasNotificationPermission: permission=POST_NOTIFICATIONS checking | thread=main
04-17 08:18:18.768 I/RLT     ( 1866): +211660ms [STATE] PermissionHandler.hasNotificationPermission: permission=POST_NOTIFICATIONS user_response=granted | thread=main
04-17 08:18:18.768 I/ActivityManager( 1701): Changes in 10164 10 to 4, 0 to 254
04-17 08:18:18.769 I/ActivityManager( 1701): Background started FGS: Allowed [callingPackage: com.runelitetablet; callingUid: 10141; uidState: TOP ; uidBFSL: [BFSL]; intent: Intent { act=com.runelitetablet.session.START xflg=0x4 cmp=com.runelitetablet/.session.RuneLiteSessionService }; code:PROC_STATE_TOP; tempAllowListReason:<null>; allowWiu:12; targetSdkVersion:35; callerTargetSdkVersion:35; startForegroundCount:0; bindFromPackage:null: isBindService:false]
04-17 08:18:18.771 I/RLT     ( 1866): +211664ms [STATE] startSessionService: session service start confirmed corr=launch-4279 | thread=main
04-17 08:18:18.772 I/ActivityManager( 1701): Background started FGS: Allowed [callingPackage: com.termux; callingUid: 10164; uidState: FGS ; uidBFSL: [BFSL]; intent: Intent { act=com.termux.service_execute dat=com.termux.file:/... xflg=0x4 cmp=com.termux/.app.TermuxService (has extras) }; code:PROC_STATE_FGS; tempAllowListReason:<,reasonCode:SYSTEM_ALLOW_LISTED,duration:9223372036854775807,callingUid:-1>; allowWiu:-1; targetSdkVersion:28; callerTargetSdkVersion:28; startForegroundCount:0; bindFromPackage:null: isBindService:false]
04-17 08:18:18.775 I/RLT     ( 1866): +211668ms [STATE] RuneLiteSessionService.onStartCommand: action=com.runelitetablet.session.START startId=1 | thread=main
04-17 08:18:18.775 I/RLT     ( 1866): +211668ms [STATE] RuneLiteSessionService: com.runelitetablet.session.SessionState$Idle@187c9f3 -> Starting | thread=main
04-17 08:18:18.776 I/ActivityManager( 1701): Changes in 10164 4 to 4, 254 to 184
04-17 08:18:18.779 D/RLT     ( 1866): +211672ms [SESSION] SessionNotificationHelper.buildNotification: text=Starting RuneLite... | thread=main
04-17 08:18:18.782 W/ActivityManager( 1701): Foreground service started from background can not have location/camera/microphone access: service com.termux/.app.TermuxService
04-17 08:18:18.783 D/RLT     ( 1866): +211675ms [SESSION] SessionNotificationHelper: built notification title='RuneLite is running' actions=2 channel=runelite_session | thread=main
04-17 08:18:18.787 I/ActivityManager( 1701): Changes in 10164 4 to 3, 184 to 255
04-17 08:18:18.787 I/RLT     ( 1866): +211680ms [STATE] TermuxProcessPin: bindService success flags=0x1041 | thread=main
04-17 08:18:18.787 W/ActivityManager( 1701): Foreground service started from background can not have location/camera/microphone access: service com.termux/.app.TermuxService
04-17 08:18:18.805 I/RLT     ( 1866): +211697ms [STATE] TermuxProcessPin: onServiceConnected name=ComponentInfo{com.termux/com.termux.app.RunCommandService} binder=true | thread=main
04-17 08:18:18.805 D/RLT     ( 1866): +211697ms [SESSION] startPolling: waiting 30000ms for launch sequence before first poll | thread=main
04-17 08:18:19.260 I/RLT     ( 1866): +212153ms [LIFECYCLE] TermuxResultService.stopSelfIfIdle: no pending results — stopSelf(startId=1) | thread=main
04-17 08:18:19.266 I/RLT     ( 1866): +212158ms [LIFECYCLE] TermuxResultService.onDestroy: pendingResults=0 (not clearing — deferreds are static, outlive service instances) | thread=main
04-17 08:18:48.806 D/RLT     ( 1866): +241698ms [CMD] TermuxResultRegistry: created executionId=8 corr=8 | thread=main
04-17 08:18:48.807 I/RLT     ( 1866): +241700ms [CMD] [id=8] execute: commandPath=/data/data/com.termux/files/usr/bin/bash args=-c SESSION_ALIVE="no"
04-17 08:18:48.807 I/RLT     ( 1866): VIRGL_STATUS="n/a"
04-17 08:18:48.807 I/RLT     ( 1866): if [ -f "$PREFIX/tmp/.rlt-session-alive" ]; then
04-17 08:18:48.807 I/RLT     ( 1866):     SESSION_ALIVE="yes"
04-17 08:18:48.807 I/RLT     ( 1866): fi
04-17 08:18:48.807 I/RLT     ( 1866): # Check VirGL process health if PID file exists
04-17 08:18:48.807 I/RLT     ( 1866): ACTIVE_SESSION_DIR="$HOME/.rlt-sess… workdir=<default> background=true stdinLen=0 timeoutMs=5000 | thread=main
04-17 08:18:48.808 I/RLT     ( 1866): +241701ms [CMD] [id=8] awaiting result: deferred created pendingResultsSize=1 timeoutMs=5000 | thread=main
04-17 08:18:48.815 I/RLT     ( 1866): +241708ms [CMD] [id=8] intent built: action=com.termux.RUN_COMMAND component=com.termux/com.termux.app.RunCommandService extras=[PATH=/data/data/com.termux/files/usr/bin/bash BACKGROUND=true STDIN=absent PENDING_INTENT=present] | thread=main
04-17 08:18:48.820 I/RLT     ( 1866): +241713ms [CMD] [id=8] startService: success | thread=main
04-17 08:18:48.823 I/ActivityManager( 1701): Background started FGS: Allowed [callingPackage: com.runelitetablet; callingUid: 10141; uidState: TOP ; uidBFSL: [BFSL]; intent: Intent { act=com.termux.RUN_COMMAND xflg=0x4 cmp=com.termux/.app.RunCommandService (has extras) }; code:PROC_STATE_TOP; tempAllowListReason:<null>; allowWiu:12; targetSdkVersion:28; callerTargetSdkVersion:35; startForegroundCount:111; bindFromPackage:null: isBindService:false]
04-17 08:18:48.834 I/ActivityManager( 1701): Background started FGS: Allowed [callingPackage: com.termux; callingUid: 10164; uidState: BTOP; uidBFSL: [BFSL]; intent: Intent { act=com.termux.service_execute dat=com.termux.file:/... xflg=0x4 cmp=com.termux/.app.TermuxService (has extras) }; code:PROC_STATE_BTOP; tempAllowListReason:<,reasonCode:SYSTEM_ALLOW_LISTED,duration:9223372036854775807,callingUid:-1>; allowWiu:-1; targetSdkVersion:28; callerTargetSdkVersion:28; startForegroundCount:0; bindFromPackage:null: isBindService:false]
04-17 08:18:48.843 W/ActivityManager( 1701): Foreground service started from background can not have location/camera/microphone access: service com.termux/.app.TermuxService
04-17 08:18:48.847 W/ActivityManager( 1701): Foreground service started from background can not have location/camera/microphone access: service com.termux/.app.TermuxService
04-17 08:18:48.866 I/RLT     ( 1866): +241759ms [LIFECYCLE] TermuxResultService.onCreate | thread=main
04-17 08:18:48.867 I/RLT     ( 1866): +241760ms [CMD] [id=8] onStartCommand: executionId=8 exitCode=0 errCode=-1 errmsg=null stdoutPreview='session=no virgl=n/a
04-17 08:18:48.867 I/RLT     ( 1866): ' stderrPreview='' resultBundle=true pendingResultsSize=1 | thread=main
04-17 08:18:48.868 I/RLT     ( 1866): +241760ms [CMD] [id=8] handleResult: executionId=8 exitCode=0 errCode=-1 errmsg=null stdoutLen=21 stdoutPreview='session=no virgl=n/a
04-17 08:18:48.868 I/RLT     ( 1866): ' stderrLen=0 stderrPreview='' | thread=main
04-17 08:18:48.868 I/RLT     ( 1866): +241761ms [CMD] [id=8] handleResult: deferred found in pendingResults — completing mapSizeAfter=0 | thread=main
04-17 08:18:48.869 I/RLT     ( 1866): +241761ms [CMD] [id=8] result: exitCode=0 error=null stdoutLen=21 stderrLen=0 durationMs=53 | thread=main
04-17 08:18:48.869 D/RLT     ( 1866): +241762ms [SESSION] debounce: stopped count=1/3, keeping previous state | thread=main
04-17 08:18:49.369 I/RLT     ( 1866): +242262ms [LIFECYCLE] TermuxResultService.stopSelfIfIdle: no pending results — stopSelf(startId=1) | thread=main
04-17 08:18:49.374 I/RLT     ( 1866): +242267ms [LIFECYCLE] TermuxResultService.onDestroy: pendingResults=0 (not clearing — deferreds are static, outlive service instances) | thread=main
04-17 08:18:53.870 D/RLT     ( 1866): +246763ms [CMD] TermuxResultRegistry: created executionId=9 corr=9 | thread=main
04-17 08:18:53.872 I/RLT     ( 1866): +246764ms [CMD] [id=9] execute: commandPath=/data/data/com.termux/files/usr/bin/bash args=-c SESSION_ALIVE="no"
04-17 08:18:53.872 I/RLT     ( 1866): VIRGL_STATUS="n/a"
04-17 08:18:53.872 I/RLT     ( 1866): if [ -f "$PREFIX/tmp/.rlt-session-alive" ]; then
04-17 08:18:53.872 I/RLT     ( 1866):     SESSION_ALIVE="yes"
04-17 08:18:53.872 I/RLT     ( 1866): fi
04-17 08:18:53.872 I/RLT     ( 1866): # Check VirGL process health if PID file exists
04-17 08:18:53.872 I/RLT     ( 1866): ACTIVE_SESSION_DIR="$HOME/.rlt-sess… workdir=<default> background=true stdinLen=0 timeoutMs=5000 | thread=main
04-17 08:18:53.874 I/RLT     ( 1866): +246766ms [CMD] [id=9] awaiting result: deferred created pendingResultsSize=1 timeoutMs=5000 | thread=main
04-17 08:18:53.879 I/RLT     ( 1866): +246772ms [CMD] [id=9] intent built: action=com.termux.RUN_COMMAND component=com.termux/com.termux.app.RunCommandService extras=[PATH=/data/data/com.termux/files/usr/bin/bash BACKGROUND=true STDIN=absent PENDING_INTENT=present] | thread=main
04-17 08:18:53.885 I/RLT     ( 1866): +246778ms [CMD] [id=9] startService: success | thread=main
04-17 08:18:53.891 I/ActivityManager( 1701): Background started FGS: Allowed [callingPackage: com.runelitetablet; callingUid: 10141; uidState: TOP ; uidBFSL: [BFSL]; intent: Intent { act=com.termux.RUN_COMMAND xflg=0x4 cmp=com.termux/.app.RunCommandService (has extras) }; code:PROC_STATE_TOP; tempAllowListReason:<null>; allowWiu:12; targetSdkVersion:28; callerTargetSdkVersion:35; startForegroundCount:112; bindFromPackage:null: isBindService:false]
04-17 08:18:53.905 I/ActivityManager( 1701): Background started FGS: Allowed [callingPackage: com.termux; callingUid: 10164; uidState: BTOP; uidBFSL: [BFSL]; intent: Intent { act=com.termux.service_execute dat=com.termux.file:/... xflg=0x4 cmp=com.termux/.app.TermuxService (has extras) }; code:PROC_STATE_BTOP; tempAllowListReason:<,reasonCode:SYSTEM_ALLOW_LISTED,duration:9223372036854775807,callingUid:-1>; allowWiu:-1; targetSdkVersion:28; callerTargetSdkVersion:28; startForegroundCount:0; bindFromPackage:null: isBindService:false]
04-17 08:18:53.914 W/ActivityManager( 1701): Foreground service started from background can not have location/camera/microphone access: service com.termux/.app.TermuxService
04-17 08:18:53.922 W/ActivityManager( 1701): Foreground service started from background can not have location/camera/microphone access: service com.termux/.app.TermuxService
04-17 08:18:53.943 I/RLT     ( 1866): +246836ms [LIFECYCLE] TermuxResultService.onCreate | thread=main
04-17 08:18:53.946 I/RLT     ( 1866): +246838ms [CMD] [id=9] onStartCommand: executionId=9 exitCode=0 errCode=-1 errmsg=null stdoutPreview='session=no virgl=n/a
04-17 08:18:53.946 I/RLT     ( 1866): ' stderrPreview='' resultBundle=true pendingResultsSize=1 | thread=main
04-17 08:18:53.946 I/RLT     ( 1866): +246839ms [CMD] [id=9] handleResult: executionId=9 exitCode=0 errCode=-1 errmsg=null stdoutLen=21 stdoutPreview='session=no virgl=n/a
04-17 08:18:53.946 I/RLT     ( 1866): ' stderrLen=0 stderrPreview='' | thread=main
04-17 08:18:53.946 I/RLT     ( 1866): +246839ms [CMD] [id=9] handleResult: deferred found in pendingResults — completing mapSizeAfter=0 | thread=main
04-17 08:18:53.947 I/RLT     ( 1866): +246840ms [CMD] [id=9] result: exitCode=0 error=null stdoutLen=21 stderrLen=0 durationMs=67 | thread=main
04-17 08:18:53.948 D/RLT     ( 1866): +246840ms [SESSION] debounce: stopped count=2/3, keeping previous state | thread=main
04-17 08:18:54.447 I/RLT     ( 1866): +247339ms [LIFECYCLE] TermuxResultService.stopSelfIfIdle: no pending results — stopSelf(startId=1) | thread=main
04-17 08:18:54.451 I/RLT     ( 1866): +247344ms [LIFECYCLE] TermuxResultService.onDestroy: pendingResults=0 (not clearing — deferreds are static, outlive service instances) | thread=main
04-17 08:18:58.948 D/RLT     ( 1866): +251840ms [CMD] TermuxResultRegistry: created executionId=10 corr=10 | thread=main
04-17 08:18:58.949 I/RLT     ( 1866): +251841ms [CMD] [id=10] execute: commandPath=/data/data/com.termux/files/usr/bin/bash args=-c SESSION_ALIVE="no"
04-17 08:18:58.949 I/RLT     ( 1866): VIRGL_STATUS="n/a"
04-17 08:18:58.949 I/RLT     ( 1866): if [ -f "$PREFIX/tmp/.rlt-session-alive" ]; then
04-17 08:18:58.949 I/RLT     ( 1866):     SESSION_ALIVE="yes"
04-17 08:18:58.949 I/RLT     ( 1866): fi
04-17 08:18:58.949 I/RLT     ( 1866): # Check VirGL process health if PID file exists
04-17 08:18:58.949 I/RLT     ( 1866): ACTIVE_SESSION_DIR="$HOME/.rlt-sess… workdir=<default> background=true stdinLen=0 timeoutMs=5000 | thread=main
04-17 08:18:58.951 I/RLT     ( 1866): +251843ms [CMD] [id=10] awaiting result: deferred created pendingResultsSize=1 timeoutMs=5000 | thread=main
04-17 08:18:58.953 I/RLT     ( 1866): +251846ms [CMD] [id=10] intent built: action=com.termux.RUN_COMMAND component=com.termux/com.termux.app.RunCommandService extras=[PATH=/data/data/com.termux/files/usr/bin/bash BACKGROUND=true STDIN=absent PENDING_INTENT=present] | thread=main
04-17 08:18:58.957 I/RLT     ( 1866): +251850ms [CMD] [id=10] startService: success | thread=main
04-17 08:18:58.962 I/ActivityManager( 1701): Background started FGS: Allowed [callingPackage: com.runelitetablet; callingUid: 10141; uidState: TOP ; uidBFSL: [BFSL]; intent: Intent { act=com.termux.RUN_COMMAND xflg=0x4 cmp=com.termux/.app.RunCommandService (has extras) }; code:PROC_STATE_TOP; tempAllowListReason:<null>; allowWiu:12; targetSdkVersion:28; callerTargetSdkVersion:35; startForegroundCount:113; bindFromPackage:null: isBindService:false]
04-17 08:18:58.972 I/ActivityManager( 1701): Background started FGS: Allowed [callingPackage: com.termux; callingUid: 10164; uidState: BTOP; uidBFSL: [BFSL]; intent: Intent { act=com.termux.service_execute dat=com.termux.file:/... xflg=0x4 cmp=com.termux/.app.TermuxService (has extras) }; code:PROC_STATE_BTOP; tempAllowListReason:<,reasonCode:SYSTEM_ALLOW_LISTED,duration:9223372036854775807,callingUid:-1>; allowWiu:-1; targetSdkVersion:28; callerTargetSdkVersion:28; startForegroundCount:0; bindFromPackage:null: isBindService:false]
04-17 08:18:58.980 W/ActivityManager( 1701): Foreground service started from background can not have location/camera/microphone access: service com.termux/.app.TermuxService
04-17 08:18:58.986 W/ActivityManager( 1701): Foreground service started from background can not have location/camera/microphone access: service com.termux/.app.TermuxService
04-17 08:18:59.006 I/RLT     ( 1866): +251898ms [LIFECYCLE] TermuxResultService.onCreate | thread=main
04-17 08:18:59.009 I/RLT     ( 1866): +251902ms [CMD] [id=10] onStartCommand: executionId=10 exitCode=0 errCode=-1 errmsg=null stdoutPreview='session=no virgl=n/a
04-17 08:18:59.009 I/RLT     ( 1866): ' stderrPreview='' resultBundle=true pendingResultsSize=1 | thread=main
04-17 08:18:59.010 I/RLT     ( 1866): +251903ms [CMD] [id=10] handleResult: executionId=10 exitCode=0 errCode=-1 errmsg=null stdoutLen=21 stdoutPreview='session=no virgl=n/a
04-17 08:18:59.010 I/RLT     ( 1866): ' stderrLen=0 stderrPreview='' | thread=main
04-17 08:18:59.010 I/RLT     ( 1866): +251903ms [CMD] [id=10] handleResult: deferred found in pendingResults — completing mapSizeAfter=0 | thread=main
04-17 08:18:59.012 I/RLT     ( 1866): +251904ms [CMD] [id=10] result: exitCode=0 error=null stdoutLen=21 stderrLen=0 durationMs=57 | thread=main
04-17 08:18:59.012 I/RLT     ( 1866): +251905ms [STATE] RuneLiteSessionService.handleHealthStateChange: com.runelitetablet.session.SessionState$Starting@358bbc2 -> com.runelitetablet.session.SessionState$Stopped@93dd3 | thread=main
04-17 08:18:59.015 I/ActivityManager( 1701): Changes in 10164 3 to 10, 255 to 0
04-17 08:18:59.016 I/RLT     ( 1866): +251908ms [STATE] TermuxProcessPin: unbindService ok | thread=main
04-17 08:18:59.512 I/RLT     ( 1866): +252405ms [LIFECYCLE] TermuxResultService.stopSelfIfIdle: no pending results — stopSelf(startId=1) | thread=main
04-17 08:18:59.515 I/RLT     ( 1866): +252408ms [LIFECYCLE] TermuxResultService.onDestroy: pendingResults=0 (not clearing — deferreds are static, outlive service instances) | thread=main
04-17 08:18:59.820 I/ActivityManager( 1701): Start proc 5687:com.samsung.android.wifi.intelligence:iwhInfService/1000 for service {com.samsung.android.wifi.intelligence/com.samsung.android.wifi.intelligence.iwh.IwhInfService}
04-17 08:18:59.820 I/ActivityManager( 1701): ProcessObserver broadcast disabled
04-17 08:18:59.962 I/ActivityManager( 1701): Process com.samsung.android.wifi.intelligence:iwhInfService (pid 5687) has died: cch+5 CEM (1637,3158)
04-17 08:20:00.441 I/ActivityManager( 1701): Start proc 5927:com.samsung.android.wifi.intelligence:iwhInfService/1000 for service {com.samsung.android.wifi.intelligence/com.samsung.android.wifi.intelligence.iwh.IwhInfService}
04-17 08:20:00.441 I/ActivityManager( 1701): ProcessObserver broadcast disabled
04-17 08:20:00.567 I/ActivityManager( 1701): Process com.samsung.android.wifi.intelligence:iwhInfService (pid 5927) has died: fg  SVC (1652,3158)
04-17 08:20:25.254 I/ActivityManager( 1701): Changes in 10256 19 to 8, 0 to 128
04-17 08:20:25.275 I/ActivityManager( 1701): Changes in 10256 8 to 10, 128 to 0
04-17 08:21:01.054 I/ActivityManager( 1701): Start proc 6023:com.samsung.android.wifi.intelligence:iwhInfService/1000 for service {com.samsung.android.wifi.intelligence/com.samsung.android.wifi.intelligence.iwh.IwhInfService}
04-17 08:21:01.054 I/ActivityManager( 1701): ProcessObserver broadcast disabled
04-17 08:21:01.169 I/ActivityManager( 1701): Process com.samsung.android.wifi.intelligence:iwhInfService (pid 6023) has died: cch+5 CEM (1672,3159)
04-17 08:22:04.758 I/ActivityManager( 1701): Start proc 6064:com.samsung.android.wifi.intelligence:iwhInfService/1000 for service {com.samsung.android.wifi.intelligence/com.samsung.android.wifi.intelligence.iwh.IwhInfService}
04-17 08:22:04.758 I/ActivityManager( 1701): ProcessObserver broadcast disabled
04-17 08:22:04.880 I/ActivityManager( 1701): Process com.samsung.android.wifi.intelligence:iwhInfService (pid 6064) has died: cch+5 CEM (1662,3163)
04-17 08:22:10.452 I/ActivityManager( 1701): Changes in 10111 19 to 8, 0 to 128
04-17 08:22:10.529 I/ActivityManager( 1701): Changes in 10111 8 to 10, 128 to 0
04-17 08:22:10.563 I/ActivityManager( 1701): Changes in 5009 19 to 8, 0 to 128
04-17 08:22:10.573 I/ActivityManager( 1701): Changes in 5009 8 to 10, 128 to 0
04-17 08:22:20.701 W/ActivityManager( 1701): Permission Denial: Accessing service com.runelitetablet/.session.RuneLiteSessionService from pid=6140, uid=2000 that is not exported from uid 10141
04-17 08:22:41.061 I/ActivityManager( 1701): Start proc 6152:com.google.android.apps.messaging/u0a249 for service {com.google.android.apps.messaging/androidx.work.impl.background.systemjob.SystemJobService}
04-17 08:22:41.061 I/ActivityManager( 1701): ProcessObserver broadcast disabled
04-17 08:22:41.162 I/ActivityManager( 1701): Changes in 10249 19 to 8, 0 to 128
04-17 08:22:41.192 I/ActivityManager( 1701): Changes in 10249 8 to 10, 128 to 0
04-17 08:22:41.222 I/ActivityManager( 1701): Changes in 10249 19 to 8, 0 to 128
04-17 08:22:41.243 I/ActivityManager( 1701): Changes in 10249 8 to 10, 128 to 0
04-17 08:22:51.168 I/ActivityManager( 1701): Changes in 10111 19 to 8, 0 to 128
04-17 08:22:51.220 I/ActivityManager( 1701): Changes in 10111 8 to 10, 128 to 0
04-17 08:22:57.806 I/RLT     ( 1866): +490699ms [UI] SetupScreen: Launch RuneLite button clicked | thread=main
04-17 08:22:57.807 I/RLT     ( 1866): +490699ms [STATE] LaunchCoordinator.launchRuneLite: starting pre-launch sequence corr=launch-d4e8 | thread=main
04-17 08:22:57.808 I/RLT     ( 1866): +490700ms [STATE] LaunchCoordinator: checking for updates corr=launch-d4e8 | thread=main
04-17 08:22:57.808 I/RLT     ( 1866): +490701ms [SCRIPT] deployScripts: skipping — already deployed (cached) | thread=main
04-17 08:22:57.808 D/RLT     ( 1866): +490701ms [CMD] TermuxResultRegistry: created executionId=11 corr=11 | thread=main
04-17 08:22:57.808 I/RLT     ( 1866): +490701ms [CMD] [id=11] execute: commandPath=/data/data/com.termux/files/home/scripts/update-runelite.sh args=<none> workdir=<default> background=true stdinLen=0 timeoutMs=60000 | thread=main
04-17 08:22:57.808 I/RLT     ( 1866): +490701ms [CMD] [id=11] awaiting result: deferred created pendingResultsSize=1 timeoutMs=60000 | thread=main
04-17 08:22:57.809 I/RLT     ( 1866): +490702ms [CMD] [id=11] intent built: action=com.termux.RUN_COMMAND component=com.termux/com.termux.app.RunCommandService extras=[PATH=/data/data/com.termux/files/home/scripts/update-runelite.sh BACKGROUND=true STDIN=absent PENDING_INTENT=present] | thread=main
04-17 08:22:57.812 I/RLT     ( 1866): +490705ms [CMD] [id=11] startService: success | thread=main
04-17 08:22:57.816 I/ActivityManager( 1701): Background started FGS: Allowed [callingPackage: com.runelitetablet; callingUid: 10141; uidState: TOP ; uidBFSL: [BFSL]; intent: Intent { act=com.termux.RUN_COMMAND xflg=0x4 cmp=com.termux/.app.RunCommandService (has extras) }; code:PROC_STATE_TOP; tempAllowListReason:<null>; allowWiu:12; targetSdkVersion:28; callerTargetSdkVersion:35; startForegroundCount:114; bindFromPackage:null: isBindService:false]
04-17 08:22:57.818 I/ActivityManager( 1701): Changes in 10164 10 to 4, 0 to 254
04-17 08:22:57.822 I/ActivityManager( 1701): Deferring FGS notification in legacy app com.termux/u0a164 : Notification(channel=termux_run_command_notification_channel shortcut=null contentView=null vibrate=null sound=null defaults=0 flags=FOREGROUND_SERVICE color=0xff607d8b vis=PRIVATE semFlags=0x0 semPriority=0 semMissedCount=0)
04-17 08:22:57.822 I/ActivityManager( 1701): Background started FGS: Allowed [callingPackage: com.termux; callingUid: 10164; uidState: FGS ; uidBFSL: [BFSL]; intent: Intent { act=com.termux.service_execute dat=com.termux.file:/... xflg=0x4 cmp=com.termux/.app.TermuxService (has extras) }; code:PROC_STATE_FGS; tempAllowListReason:<,reasonCode:SYSTEM_ALLOW_LISTED,duration:9223372036854775807,callingUid:-1>; allowWiu:-1; targetSdkVersion:28; callerTargetSdkVersion:28; startForegroundCount:0; bindFromPackage:null: isBindService:false]
04-17 08:22:57.825 I/ActivityManager( 1701): Changes in 10164 4 to 4, 254 to 184
04-17 08:22:57.831 W/ActivityManager( 1701): Foreground service started from background can not have location/camera/microphone access: service com.termux/.app.TermuxService
04-17 08:22:57.837 W/ActivityManager( 1701): Foreground service started from background can not have location/camera/microphone access: service com.termux/.app.TermuxService
04-17 08:23:00.502 I/RLT     ( 1866): +493395ms [LIFECYCLE] TermuxResultService.onCreate | thread=main
04-17 08:23:00.504 I/RLT     ( 1866): +493396ms [CMD] [id=11] onStartCommand: executionId=11 exitCode=0 errCode=-1 errmsg=null stdoutPreview='=== Checking for RuneLite updates ===
04-17 08:23:00.504 I/RLT     ( 1866): Stored version: 2.7.7
04-17 08:23:00.504 I/RLT     ( 1866): Latest version: 2.7.7
04-17 08:23:00.504 I/RLT     ( 1866): UPDATE_STATUS current 2.7.7
04-17 08:23:00.504 I/RLT     ( 1866): === update-runelite complete ===
04-17 08:23:00.504 I/RLT     ( 1866): ' stderrPreview='' resultBundle=true pendingResultsSize=1 | thread=main
04-17 08:23:00.504 I/RLT     ( 1866): +493397ms [CMD] [id=11] handleResult: executionId=11 exitCode=0 errCode=-1 errmsg=null stdoutLen=143 stdoutPreview='=== Checking for RuneLite updates ===
04-17 08:23:00.504 I/RLT     ( 1866): Stored version: 2.7.7
04-17 08:23:00.504 I/RLT     ( 1866): Latest version: 2.7.7
04-17 08:23:00.504 I/RLT     ( 1866): UPDATE_STATUS current 2.7.7
04-17 08:23:00.504 I/RLT     ( 1866): === update-runelite complete ===
04-17 08:23:00.504 I/RLT     ( 1866): ' stderrLen=0 stderrPreview='' | thread=main
04-17 08:23:00.505 I/RLT     ( 1866): +493397ms [CMD] [id=11] handleResult: deferred found in pendingResults — completing mapSizeAfter=0 | thread=main
04-17 08:23:00.506 I/ActivityManager( 1701): Changes in 10164 4 to 10, 184 to 0
04-17 08:23:00.506 I/RLT     ( 1866): +493398ms [CMD] [id=11] result: exitCode=0 error=null stdoutLen=143 stderrLen=0 durationMs=2696 | thread=main
04-17 08:23:00.506 I/RLT     ( 1866): +493399ms [STATE] LaunchCoordinator: running health check corr=launch-d4e8 | thread=main
04-17 08:23:00.506 I/RLT     ( 1866): +493399ms [SCRIPT] deployScripts: skipping — already deployed (cached) | thread=main
04-17 08:23:00.507 D/RLT     ( 1866): +493399ms [CMD] TermuxResultRegistry: created executionId=12 corr=12 | thread=main
04-17 08:23:00.507 I/RLT     ( 1866): +493399ms [CMD] [id=12] execute: commandPath=/data/data/com.termux/files/home/scripts/health-check.sh args=<none> workdir=<default> background=true stdinLen=0 timeoutMs=10000 | thread=main
04-17 08:23:00.507 I/RLT     ( 1866): +493400ms [CMD] [id=12] awaiting result: deferred created pendingResultsSize=1 timeoutMs=10000 | thread=main
04-17 08:23:00.514 I/RLT     ( 1866): +493406ms [CMD] [id=12] intent built: action=com.termux.RUN_COMMAND component=com.termux/com.termux.app.RunCommandService extras=[PATH=/data/data/com.termux/files/home/scripts/health-check.sh BACKGROUND=true STDIN=absent PENDING_INTENT=present] | thread=main
04-17 08:23:00.517 I/RLT     ( 1866): +493410ms [CMD] [id=12] startService: success | thread=main
04-17 08:23:00.522 I/ActivityManager( 1701): Background started FGS: Allowed [callingPackage: com.runelitetablet; callingUid: 10141; uidState: TOP ; uidBFSL: [BFSL]; intent: Intent { act=com.termux.RUN_COMMAND xflg=0x4 cmp=com.termux/.app.RunCommandService (has extras) }; code:PROC_STATE_TOP; tempAllowListReason:<null>; allowWiu:12; targetSdkVersion:28; callerTargetSdkVersion:35; startForegroundCount:115; bindFromPackage:null: isBindService:false]
04-17 08:23:00.524 I/ActivityManager( 1701): Changes in 10164 10 to 4, 0 to 254
04-17 08:23:00.534 I/ActivityManager( 1701): Background started FGS: Allowed [callingPackage: com.termux; callingUid: 10164; uidState: FGS ; uidBFSL: [BFSL]; intent: Intent { act=com.termux.service_execute dat=com.termux.file:/... xflg=0x4 cmp=com.termux/.app.TermuxService (has extras) }; code:PROC_STATE_FGS; tempAllowListReason:<,reasonCode:SYSTEM_ALLOW_LISTED,duration:9223372036854775807,callingUid:-1>; allowWiu:-1; targetSdkVersion:28; callerTargetSdkVersion:28; startForegroundCount:0; bindFromPackage:null: isBindService:false]
04-17 08:23:00.538 I/ActivityManager( 1701): Changes in 10164 4 to 4, 254 to 184
04-17 08:23:00.543 W/ActivityManager( 1701): Foreground service started from background can not have location/camera/microphone access: service com.termux/.app.TermuxService
04-17 08:23:00.546 W/ActivityManager( 1701): Foreground service started from background can not have location/camera/microphone access: service com.termux/.app.TermuxService
04-17 08:23:04.759 I/RLT     ( 1866): +497651ms [CMD] [id=12] onStartCommand: executionId=12 exitCode=0 errCode=-1 errmsg=null stdoutPreview='=== Running health check ===
04-17 08:23:04.759 I/RLT     ( 1866): HEALTH proot OK
04-17 08:23:04.759 I/RLT     ( 1866): HEALTH java OK
04-17 08:23:04.759 I/RLT     ( 1866): HEALTH runelite OK
04-17 08:23:04.759 I/RLT     ( 1866): === health-check complete ===
04-17 08:23:04.759 I/RLT     ( 1866): ' stderrPreview='' resultBundle=true pendingResultsSize=1 | thread=main
04-17 08:23:04.760 I/RLT     ( 1866): +497653ms [CMD] [id=12] handleResult: executionId=12 exitCode=0 errCode=-1 errmsg=null stdoutLen=109 stdoutPreview='=== Running health check ===
04-17 08:23:04.760 I/RLT     ( 1866): HEALTH proot OK
04-17 08:23:04.760 I/RLT     ( 1866): HEALTH java OK
04-17 08:23:04.760 I/RLT     ( 1866): HEALTH runelite OK
04-17 08:23:04.760 I/RLT     ( 1866): === health-check complete ===
04-17 08:23:04.760 I/RLT     ( 1866): ' stderrLen=0 stderrPreview='' | thread=main
04-17 08:23:04.761 I/RLT     ( 1866): +497653ms [CMD] [id=12] handleResult: deferred found in pendingResults — completing mapSizeAfter=0 | thread=main
04-17 08:23:04.762 I/ActivityManager( 1701): Changes in 10164 4 to 10, 184 to 0
04-17 08:23:04.763 I/RLT     ( 1866): +497655ms [CMD] [id=12] result: exitCode=0 error=null stdoutLen=109 stderrLen=0 durationMs=4249 | thread=main
04-17 08:23:04.764 I/RLT     ( 1866): +497656ms [STATE] LaunchCoordinator.performLaunch: starting corr=launch-d4e8 | thread=main
04-17 08:23:04.771 I/RLT     ( 1866): +497664ms [STATE] LaunchCoordinator: hasCredentials=true corr=launch-d4e8 | thread=main
04-17 08:23:04.772 I/RLT     ( 1866): +497665ms [STATE] LaunchCoordinator: refreshing auth tokens parentCorrId=launch-d4e8 childCorrId=launch-d4e8/auth-refresh-5973 corr=launch-d4e8 | thread=main
04-17 08:23:04.772 I/RLT     ( 1866): +497665ms [STEP] [auth] refreshIfNeeded: checking token expiry parentCorrId=launch-d4e8/auth-refresh-5973 corr=launch-d4e8/auth-refresh-5973/refresh-ed93 | thread=main
04-17 08:23:04.775 I/RLT     ( 1866): +497668ms [STEP] [auth] refreshIfNeeded: token still valid ttl=1513s corr=launch-d4e8/auth-refresh-5973/refresh-ed93 | thread=main
04-17 08:23:04.776 I/RLT     ( 1866): +497668ms [STATE] LaunchCoordinator: auth refresh result=com.runelitetablet.auth.AuthResult$Valid@ce1132c corr=launch-d4e8 | thread=main
04-17 08:23:04.782 I/RLT     ( 1866): +497675ms [STATE] LaunchCoordinator: validating session corr=launch-d4e8 | thread=main
04-17 08:23:04.784 I/RLT     ( 1866): +497676ms [STEP] [auth] validateSession: checking session against accounts API | thread=DefaultDispatcher-worker-4
04-17 08:23:05.077 I/RLT     ( 1866): +497970ms [STEP] [auth] validateSession: session valid (200) | thread=DefaultDispatcher-worker-4
04-17 08:23:05.079 I/RLT     ( 1866): +497971ms [STATE] LaunchCoordinator: session valid corr=launch-d4e8 | thread=main
04-17 08:23:05.080 I/RLT     ( 1866): +497973ms [STATE] LaunchCoordinator: deploying env file backend=hybrid_x11 corr=launch-d4e8 | thread=main
04-17 08:23:05.112 D/RLT     ( 1866): +498004ms [CMD] TermuxResultRegistry: created executionId=13 corr=13 | thread=main
04-17 08:23:05.112 I/RLT     ( 1866): +498005ms [CMD] [id=13] execute: commandPath=/data/data/com.termux/files/usr/bin/bash args=-c cat > /data/data/com.termux/files/home/.rlt-launch-env.sh && chmod 600 /data/data/com.termux/files/home/.rlt-launch-env.sh workdir=<default> background=true stdinLen=116 timeoutMs=30000 | thread=main
04-17 08:23:05.112 I/RLT     ( 1866): +498005ms [CMD] [id=13] awaiting result: deferred created pendingResultsSize=1 timeoutMs=30000 | thread=main
04-17 08:23:05.113 I/RLT     ( 1866): +498005ms [CMD] [id=13] intent built: action=com.termux.RUN_COMMAND component=com.termux/com.termux.app.RunCommandService extras=[PATH=/data/data/com.termux/files/usr/bin/bash BACKGROUND=true STDIN=present(116) PENDING_INTENT=present] | thread=main
04-17 08:23:05.117 I/RLT     ( 1866): +498009ms [CMD] [id=13] startService: success | thread=main
04-17 08:23:05.119 I/ActivityManager( 1701): Background started FGS: Allowed [callingPackage: com.runelitetablet; callingUid: 10141; uidState: TOP ; uidBFSL: [BFSL]; intent: Intent { act=com.termux.RUN_COMMAND xflg=0x4 cmp=com.termux/.app.RunCommandService (has extras) }; code:PROC_STATE_TOP; tempAllowListReason:<null>; allowWiu:12; targetSdkVersion:28; callerTargetSdkVersion:35; startForegroundCount:116; bindFromPackage:null: isBindService:false]
04-17 08:23:05.122 I/ActivityManager( 1701): Changes in 10164 10 to 4, 0 to 254
04-17 08:23:05.130 I/ActivityManager( 1701): Background started FGS: Allowed [callingPackage: com.termux; callingUid: 10164; uidState: FGS ; uidBFSL: [BFSL]; intent: Intent { act=com.termux.service_execute dat=com.termux.file:/... xflg=0x4 cmp=com.termux/.app.TermuxService (has extras) }; code:PROC_STATE_FGS; tempAllowListReason:<,reasonCode:SYSTEM_ALLOW_LISTED,duration:9223372036854775807,callingUid:-1>; allowWiu:-1; targetSdkVersion:28; callerTargetSdkVersion:28; startForegroundCount:0; bindFromPackage:null: isBindService:false]
04-17 08:23:05.134 I/ActivityManager( 1701): Changes in 10164 4 to 4, 254 to 184
04-17 08:23:05.138 W/ActivityManager( 1701): Foreground service started from background can not have location/camera/microphone access: service com.termux/.app.TermuxService
04-17 08:23:05.143 W/ActivityManager( 1701): Foreground service started from background can not have location/camera/microphone access: service com.termux/.app.TermuxService
04-17 08:23:05.181 I/RLT     ( 1866): +498073ms [CMD] [id=13] onStartCommand: executionId=13 exitCode=0 errCode=-1 errmsg=null stdoutPreview='' stderrPreview='' resultBundle=true pendingResultsSize=1 | thread=main
04-17 08:23:05.181 I/RLT     ( 1866): +498074ms [CMD] [id=13] handleResult: executionId=13 exitCode=0 errCode=-1 errmsg=null stdoutLen=0 stdoutPreview='' stderrLen=0 stderrPreview='' | thread=main
04-17 08:23:05.181 I/RLT     ( 1866): +498074ms [CMD] [id=13] handleResult: deferred found in pendingResults — completing mapSizeAfter=0 | thread=main
04-17 08:23:05.182 I/RLT     ( 1866): +498075ms [CMD] [id=13] result: exitCode=0 error=null stdoutLen=0 stderrLen=0 durationMs=69 | thread=main
04-17 08:23:05.182 I/RLT     ( 1866): +498075ms [STEP] [auth] LaunchEnvDeployer: env file deployed to Termux at /data/data/com.termux/files/home/.rlt-launch-env.sh (credentials masked) | thread=main
04-17 08:23:05.182 I/ActivityManager( 1701): Changes in 10164 4 to 10, 184 to 0
04-17 08:23:05.182 I/RLT     ( 1866): +498075ms [STATE] LaunchCoordinator: envFilePath=/data/data/com.termux/files/home/.rlt-launch-env.sh hasEnvFile=true corr=launch-d4e8 | thread=main
04-17 08:23:05.183 D/RLT     ( 1866): +498075ms [LAUNCH] LaunchCoordinator: env contents=[tokens redacted] backend=hybrid_x11 corr=launch-d4e8 | thread=main
04-17 08:23:05.183 I/RLT     ( 1866): +498075ms [STEP] [termux_x11] isTermuxX11Installed: result=true package=com.termux.x11 | thread=main
04-17 08:23:05.183 D/RLT     ( 1866): +498075ms [PRESENTATION] HybridX11PresentationBackend.isInstalled=true (requires Termux:X11) | thread=main
04-17 08:23:05.183 D/RLT     ( 1866): +498075ms [PRESENTATION] HybridX11PresentationBackend.applyLaunchPreferences: delegating to TermuxX11PresentationBackend | thread=main
04-17 08:23:05.184 I/RLT     ( 1866): +498076ms [STEP] [launch] presentation: sent CHANGE_PREFERENCE broadcast to Termux:X11 (mode=native fullscreen=true) | thread=main
04-17 08:23:05.184 D/RLT     ( 1866): +498077ms [PRESENTATION] HybridX11PresentationBackend.createLaunchIntent: target=com.runelitetablet.presentation.hybrid.HybridX11HostActivity, flags=[NEW_TASK, SINGLE_TOP, CLEAR_TOP] | thread=main
04-17 08:23:05.184 I/RLT     ( 1866): +498077ms [STATE] launchInternal: dispatching command scriptPath=/data/data/com.termux/files/home/scripts/launch-runelite.sh envFile=/data/data/com.termux/files/home/.rlt-launch-env.sh backend=hybrid_x11 corr=launch-d4e8 | thread=main
04-17 08:23:05.185 I/RLT     ( 1866): +498077ms [CMD] [id=0] launchBackground: commandPath=/data/data/com.termux/files/home/scripts/launch-runelite.sh args=/data/data/com.termux/files/home/.rlt-launch-env.sh | thread=main
04-17 08:23:05.186 I/RLT     ( 1866): +498079ms [CMD] [id=0] launchBackground: startService success commandPath=/data/data/com.termux/files/home/scripts/launch-runelite.sh | thread=main
04-17 08:23:05.186 I/RLT     ( 1866): +498079ms [STATE] launchInternal: command dispatched success=true corr=launch-d4e8 | thread=main
04-17 08:23:05.186 I/RLT     ( 1866): +498079ms [STATE] LaunchCoordinator: launch succeeded, starting session service corr=launch-d4e8 | thread=main
04-17 08:23:05.187 I/RLT     ( 1866): +498079ms [STATE] startSessionService: starting foreground service corr=launch-d4e8 | thread=main
04-17 08:23:05.187 I/RLT     ( 1866): +498079ms [STATE] PermissionHandler.hasNotificationPermission: permission=POST_NOTIFICATIONS checking | thread=main
04-17 08:23:05.187 I/RLT     ( 1866): +498079ms [STATE] PermissionHandler.hasNotificationPermission: permission=POST_NOTIFICATIONS user_response=granted | thread=main
04-17 08:23:05.187 I/ActivityManager( 1701): Background started FGS: Allowed [callingPackage: com.runelitetablet; callingUid: 10141; uidState: TOP ; uidBFSL: [BFSL]; intent: Intent { act=com.runelitetablet.session.START xflg=0x4 cmp=com.runelitetablet/.session.RuneLiteSessionService }; code:PROC_STATE_TOP; tempAllowListReason:<null>; allowWiu:12; targetSdkVersion:35; callerTargetSdkVersion:35; startForegroundCount:0; bindFromPackage:null: isBindService:false]
04-17 08:23:05.189 I/RLT     ( 1866): +498081ms [STATE] startSessionService: session service start confirmed corr=launch-d4e8 | thread=main
04-17 08:23:05.189 I/ActivityManager( 1701): Background started FGS: Allowed [callingPackage: com.runelitetablet; callingUid: 10141; uidState: TOP ; uidBFSL: [BFSL]; intent: Intent { act=com.termux.RUN_COMMAND xflg=0x4 cmp=com.termux/.app.RunCommandService (has extras) }; code:PROC_STATE_TOP; tempAllowListReason:<null>; allowWiu:12; targetSdkVersion:28; callerTargetSdkVersion:35; startForegroundCount:117; bindFromPackage:null: isBindService:false]
04-17 08:23:05.190 I/ActivityManager( 1701): Changes in 10164 10 to 4, 0 to 254
04-17 08:23:05.196 I/ActivityManager( 1701): Background started FGS: Allowed [callingPackage: com.termux; callingUid: 10164; uidState: FGS ; uidBFSL: [BFSL]; intent: Intent { act=com.termux.service_execute dat=com.termux.file:/... xflg=0x4 cmp=com.termux/.app.TermuxService (has extras) }; code:PROC_STATE_FGS; tempAllowListReason:<,reasonCode:SYSTEM_ALLOW_LISTED,duration:9223372036854775807,callingUid:-1>; allowWiu:-1; targetSdkVersion:28; callerTargetSdkVersion:28; startForegroundCount:0; bindFromPackage:null: isBindService:false]
04-17 08:23:05.199 I/ActivityManager( 1701): Changes in 10164 4 to 4, 254 to 184
04-17 08:23:05.206 W/ActivityManager( 1701): Foreground service started from background can not have location/camera/microphone access: service com.termux/.app.TermuxService
04-17 08:23:05.211 W/ActivityManager( 1701): Foreground service started from background can not have location/camera/microphone access: service com.termux/.app.TermuxService
04-17 08:23:05.213 I/RLT     ( 1866): +498105ms [STATE] RuneLiteSessionService.onStartCommand: action=com.runelitetablet.session.START startId=1 | thread=main
04-17 08:23:05.213 I/RLT     ( 1866): +498105ms [STATE] RuneLiteSessionService: com.runelitetablet.session.SessionState$Stopped@93dd3 -> Starting | thread=main
04-17 08:23:05.213 D/RLT     ( 1866): +498106ms [SESSION] SessionNotificationHelper.buildNotification: text=Starting RuneLite... | thread=main
04-17 08:23:05.214 D/RLT     ( 1866): +498107ms [SESSION] SessionNotificationHelper: built notification title='RuneLite is running' actions=2 channel=runelite_session | thread=main
04-17 08:23:05.215 I/ActivityManager( 1701): Background started FGS: Allowed [callingPackage: com.runelitetablet; callingUid: 10141; uidState: TOP ; uidBFSL: [BFSL]; intent: Intent { act=com.runelitetablet.session.STOP cmp=com.runelitetablet/.session.RuneLiteSessionService }; code:PROC_STATE_TOP; tempAllowListReason:<null>; allowWiu:12; targetSdkVersion:35; callerTargetSdkVersion:35; startForegroundCount:0; bindFromPackage:null: isBindService:false]; startForegroundDelayMs:44514
04-17 08:23:05.217 I/ActivityManager( 1701): Changes in 10164 4 to 3, 184 to 255
04-17 08:23:05.218 I/RLT     ( 1866): +498110ms [STATE] TermuxProcessPin: bindService success flags=0x1041 | thread=main
04-17 08:23:05.222 D/RLT     ( 1866): +498115ms [SESSION] startPolling: waiting 30000ms for launch sequence before first poll | thread=main
04-17 08:23:05.222 I/RLT     ( 1866): +498115ms [STATE] TermuxProcessPin: onServiceConnected name=ComponentInfo{com.termux/com.termux.app.RunCommandService} binder=true | thread=main
04-17 08:23:05.277 I/RLT     ( 7860): CPUSET launch-script-entry pid=7849 cpuset=/moderate
04-17 08:23:05.305 I/ActivityManager( 1701): Start proc 7887:com.samsung.android.wifi.intelligence:iwhInfService/1000 for service {com.samsung.android.wifi.intelligence/com.samsung.android.wifi.intelligence.iwh.IwhInfService}
04-17 08:23:05.305 I/ActivityManager( 1701): ProcessObserver broadcast disabled
04-17 08:23:05.416 I/ActivityManager( 1701): Process com.samsung.android.wifi.intelligence:iwhInfService (pid 7887) has died: cch+5 CEM (1539,3188)
04-17 08:23:05.682 I/RLT     ( 1866): +498575ms [LIFECYCLE] TermuxResultService.stopSelfIfIdle: no pending results — stopSelf(startId=3) | thread=main
04-17 08:23:05.692 I/RLT     ( 1866): +498584ms [LIFECYCLE] TermuxResultService.onDestroy: pendingResults=0 (not clearing — deferreds are static, outlive service instances) | thread=main
04-17 08:23:09.152 I/LorieNative( 8207): XlorieIdentity: where=activity.constructor pid=8207 prog=app_process exe=/system/bin/app_process64 so=/data/app/~~iNwcSjv3C2CZCLwcLxpEtA==/com.termux.x11-1tus8NhfW98goVF914TrYw==/base.apk!/lib/arm64-v8a/libXlorie.so cmdline=/system/bin/app_process -Xnoimage-dex2oat / com.termux.x11.Loader :0 
04-17 08:23:09.152 I/LorieNative( 8207): XlorieIdentity: where=activity.JNI_OnLoad pid=8207 prog=app_process exe=/system/bin/app_process64 so=/data/app/~~iNwcSjv3C2CZCLwcLxpEtA==/com.termux.x11-1tus8NhfW98goVF914TrYw==/base.apk!/lib/arm64-v8a/libXlorie.so cmdline=/system/bin/app_process -Xnoimage-dex2oat / com.termux.x11.Loader :0 
04-17 08:23:09.244 I/LorieNative( 8207): XlorieIdentity: where=cmd.start pid=8207 prog=app_process exe=/system/bin/app_process64 so=/data/app/~~iNwcSjv3C2CZCLwcLxpEtA==/com.termux.x11-1tus8NhfW98goVF914TrYw==/base.apk!/lib/arm64-v8a/libXlorie.so cmdline=/system/bin/app_process -Xnoimage-dex2oat / com.termux.x11.Loader :0 
04-17 08:23:09.245 V/LorieNative( 8207): Using TMPDIR="/data/data/com.termux/files/usr/tmp"
04-17 08:23:09.261 I/RLT     ( 1866): +502153ms [STEP] [hybrid_x11] TermuxX11StartReceiver: received ACTION_START binder=alive | thread=main
04-17 08:23:09.262 D/RLT     ( 1866): +502154ms [HYBRID_X11] HybridX11Bridge: broadcast rate=0.0/s (count=1 window=1776428589261ms) | thread=main
04-17 08:23:09.262 I/RLT     ( 1866): +502154ms [IPC] receive binder latency=0ms HybridX11Bridge.attach hash=9848222 alive=true | thread=main
04-17 08:23:09.262 D/RLT     ( 1866): +502155ms [HYBRID_X11] HybridX11Bridge: linkToDeath registered | thread=main
04-17 08:23:09.262 I/RLT     ( 1866): +502155ms [STEP] [hybrid_x11] HybridX11Bridge: attached broadcastCount=1 generation=1 binderToken=9848222 binderAlive=true | thread=main
04-17 08:23:09.303 D/LorieNative( 8207): shader: type=VERTEX status=1
04-17 08:23:09.303 D/LorieNative( 8207): shader: type=FRAGMENT status=1
04-17 08:23:09.308 D/LorieNative( 8207): shader: type=VERTEX status=1
04-17 08:23:09.309 D/LorieNative( 8207): shader: type=FRAGMENT status=1
04-17 08:23:09.320 I/LorieNative( 8207): PixmapTrace: CreatePixmap pixmap=0x0 drawable=0x0 hasPriv=1 hasBuffer=1 type=AHARDWAREBUFFER format=5 imported=0 flipped=0 mem=0 id=0
04-17 08:23:09.320 I/LorieNative( 8207): PixmapTrace: CreatePixmap pixmap=0x0 drawable=0x0 hasPriv=1 hasBuffer=1 type=REGULAR format=5 imported=0 flipped=0 mem=0 id=1
04-17 08:23:09.322 I/LorieNative( 8207): PixmapTrace: CreatePixmap pixmap=0x0 drawable=0x0 hasPriv=1 hasBuffer=1 type=REGULAR format=5 imported=0 flipped=0 mem=0 id=2
04-17 08:23:09.322 I/LorieNative( 8207): PixmapTrace: CreatePixmap pixmap=0x0 drawable=0x0 hasPriv=1 hasBuffer=1 type=REGULAR format=5 imported=0 flipped=0 mem=0 id=3
04-17 08:23:10.260 D/RLT     ( 1866): +503152ms [HYBRID_X11] TermuxX11StartReceiver: duplicate binder, skipping | thread=main
04-17 08:23:10.280 I/RLT     ( 1866): +503172ms [LIFECYCLE] MainActivity.onPause: unbindActions called | thread=main
04-17 08:23:10.280 I/RLT     ( 1866): +503172ms [PERF] onPause: heap: used=12MB free=16MB max=256MB | disk: free=172596MB total=225922MB | thread=main
04-17 08:23:10.303 I/LorieNative( 1866): XlorieIdentity: where=activity.constructor pid=1866 prog=com.runelitetablet exe=/system/bin/app_process64 so=/data/app/~~7N0waZDB92DEx5YeEV00pg==/com.runelitetablet-X1VsPme7kdaPiYwFbcKLYA==/base.apk!/lib/arm64-v8a/libXlorie.so cmdline=com.runelitetablet                                                                                 
04-17 08:23:10.303 I/LorieNative( 1866): XlorieIdentity: where=activity.JNI_OnLoad pid=1866 prog=com.runelitetablet exe=/system/bin/app_process64 so=/data/app/~~7N0waZDB92DEx5YeEV00pg==/com.runelitetablet-X1VsPme7kdaPiYwFbcKLYA==/base.apk!/lib/arm64-v8a/libXlorie.so cmdline=com.runelitetablet                                                                                 
04-17 08:23:10.304 I/RLT     ( 1866): +503196ms [STEP] [hybrid_x11] ExternalXlorieLoader: loaded packaged Xlorie | thread=main
04-17 08:23:10.306 I/LorieNative( 1866): XlorieIdentity: where=activity.nativeInit pid=1866 prog=com.runelitetablet exe=/system/bin/app_process64 so=/data/app/~~7N0waZDB92DEx5YeEV00pg==/com.runelitetablet-X1VsPme7kdaPiYwFbcKLYA==/base.apk!/lib/arm64-v8a/libXlorie.so cmdline=com.runelitetablet                                                                                 
04-17 08:23:10.306 I/LorieNative( 1866): nativeInit: initializing JNI class/method lookups
04-17 08:23:10.306 D/LorieNative( 1866): nativeInit: Charset class+methods OK
04-17 08:23:10.306 D/LorieNative( 1866): nativeInit: CharBuffer class+methods OK
04-17 08:23:10.306 I/LorieNative( 1866): nativeInit: all 16 JNI methods registered successfully
04-17 08:23:10.306 I/LorieNative( 1866): nativeInit: AttachCurrentThread result=0 env=0xb40000733f9b1f10
04-17 08:23:10.307 I/RLT     ( 1866): +503199ms [STEP] [hybrid_x11] Hybrid LorieView.reloadPreferences clipboardSync=true | thread=main
04-17 08:23:10.308 I/RLT     ( 1866): +503201ms [THREAD] launcher->main op=observeBridgeState collecting bridge state | thread=main
04-17 08:23:10.309 I/RLT     ( 1866): +503201ms [STEP] [hybrid_x11] HybridX11HostActivity: bridge updated generation=1, reconnecting | thread=main
04-17 08:23:10.309 I/RLT     ( 1866): +503202ms [LIFECYCLE] HybridX11HostActivity.onCreate | thread=main
04-17 08:23:10.309 I/RLT     ( 1866): +503202ms [STEP] [hybrid_x11] HybridX11HostActivity: loaded Xlorie from packaged:Xlorie | thread=main
04-17 08:23:10.310 D/LorieNative( 1866): shader: type=VERTEX status=1
04-17 08:23:10.310 I/RLT     ( 1866): +503203ms [THREAD] scope->main op=attachLoop retry attempt=1 | thread=main
04-17 08:23:10.310 D/LorieNative( 1866): shader: type=FRAGMENT status=1
04-17 08:23:10.310 D/RLT     ( 1866): +503203ms [HYBRID_X11] tryAttach: forceReconnect=true logcatAttached=false xConnectionAttached=false | thread=main
04-17 08:23:10.311 D/LorieNative( 1866): shader: type=VERTEX status=1
04-17 08:23:10.311 D/LorieNative( 1866): shader: type=FRAGMENT status=1
04-17 08:23:10.311 W/RLT     ( 1866): +503204ms [HYBRID_X11] LorieServiceConnector.attachLogcat: getLogcatOutput returned null | thread=main
04-17 08:23:10.312 D/RLT     ( 1866): +503204ms [HYBRID_X11] LorieServiceConnector.attachXConnection: binder=alive | thread=main
04-17 08:23:10.312 I/LorieNative( 8207): XlorieIdentity: where=cmd.getXConnection pid=8207 prog=app_process exe=/system/bin/app_process64 so=/data/app/~~iNwcSjv3C2CZCLwcLxpEtA==/com.termux.x11-1tus8NhfW98goVF914TrYw==/base.apk!/lib/arm64-v8a/libXlorie.so cmdline=/system/bin/app_process -Xnoimage-dex2oat / com.termux.x11.Loader :0 
04-17 08:23:10.313 I/LorieNative( 8207): Sent shared buffer width 1280 stride 1280 height 1024 format 5 type 3 id 0
04-17 08:23:10.313 I/RLT     ( 1866): +503205ms [FD] detach fd=200 path=xConnection LorieServiceConnector.attachXConnection | thread=main
04-17 08:23:10.313 I/RLT     ( 1866): +503205ms [FD] detach fd=200 path=xConnection LorieServiceConnector.attachXConnection | thread=main
04-17 08:23:10.313 D/LorieNative( 1866): connect_: new fd=200 added to ALooper (old_fd=-1)
04-17 08:23:10.313 I/RLT     ( 1866): +503205ms [FD] close fd=200 path=xConnection consumed by JNI connect | thread=main
04-17 08:23:10.313 I/RLT     ( 1866): +503206ms [STEP] [hybrid_x11] Xlorie MainActivity shim: clientConnectedStateChanged connected=true | thread=main
04-17 08:23:10.313 I/RLT     ( 1866): +503206ms [STEP] [hybrid_x11] HybridX11HostActivity: connected=true | thread=main
04-17 08:23:10.313 I/RLT     ( 1866): +503206ms [STEP] [hybrid_x11] Hybrid LorieView.reloadPreferences clipboardSync=true | thread=main
04-17 08:23:10.313 I/RLT     ( 1866): +503206ms [IPC] send jni_connect latency=1ms fd=200 binder=alive | thread=main
04-17 08:23:10.313 I/RLT     ( 1866): +503206ms [HYBRID_X11] tryAttach: xConnection attached latency=1ms | thread=main
04-17 08:23:10.313 I/RLT     ( 1866): +503206ms [STEP] [hybrid_x11] HybridX11HostActivity: attached xConnection | thread=main
04-17 08:23:10.314 I/RLT     ( 1866): +503206ms [STEP] [hybrid_x11] Hybrid LorieView.reloadPreferences clipboardSync=true | thread=main
04-17 08:23:10.314 I/RLT     ( 1866): +503206ms [STEP] [hybrid_x11] Xlorie MainActivity shim: clientConnectedStateChanged connected=true | thread=main
04-17 08:23:10.314 I/RLT     ( 1866): +503206ms [STEP] [hybrid_x11] HybridX11HostActivity: connected=true | thread=main
04-17 08:23:10.314 I/RLT     ( 1866): +503207ms [PERF] PERF_DASHBOARD: started interval=10s | thread=main
04-17 08:23:10.314 D/RLT     ( 1866): +503207ms [CMD] TermuxResultRegistry: created executionId=14 corr=14 | thread=main
04-17 08:23:10.314 I/RLT     ( 1866): +503207ms [CMD] [id=14] execute: commandPath=/data/data/com.termux/files/usr/bin/bash args=-c SESSION_DIR=$(cat $PREFIX/tmp/rlt-session/current 2>/dev/null); echo virgl=$(cat $SESSION_DIR/virgl.pid 2>/dev/null); echo java=$(cat $SESSION_DIR/java.pid 2>/dev/null) workdir=<default> background=true stdinLen=0 timeoutMs=10000 | thread=main
04-17 08:23:10.314 I/RLT     ( 1866): +503207ms [CMD] [id=14] awaiting result: deferred created pendingResultsSize=1 timeoutMs=10000 | thread=main
04-17 08:23:10.315 I/RLT     ( 1866): +503207ms [CMD] [id=14] intent built: action=com.termux.RUN_COMMAND component=com.termux/com.termux.app.RunCommandService extras=[PATH=/data/data/com.termux/files/usr/bin/bash BACKGROUND=true STDIN=absent PENDING_INTENT=present] | thread=main
04-17 08:23:10.316 I/RLT     ( 1866): +503209ms [CMD] [id=14] startService: success | thread=main
04-17 08:23:10.316 I/RLT     ( 1866): +503209ms [LIFECYCLE] HybridX11HostActivity.onResume: frame callback + attach loop + perf dashboard started, sessionId=frames-73d6 | thread=main
04-17 08:23:10.321 D/LorieNative( 1866): xcallback: EVENT_SHARED_SERVER_STATE stateFd=199
04-17 08:23:10.321 D/LorieNative( 1866): xcallback: mmap success addr=0x7126d2a000 size=1048760 fd=199
04-17 08:23:10.321 I/LorieNative( 1866): Received shared buffer width 1280 stride 1280 height 1024 format 5 type 3 id 0
04-17 08:23:10.321 D/LorieNative( 1866): buffer: alloc count=1 (free=0 outstanding=1)
04-17 08:23:10.323 I/ActivityManager( 1701): Background started FGS: Allowed [callingPackage: com.runelitetablet; callingUid: 10141; uidState: TOP ; uidBFSL: [BFSL]; intent: Intent { act=com.termux.RUN_COMMAND xflg=0x4 cmp=com.termux/.app.RunCommandService (has extras) }; code:PROC_STATE_TOP; tempAllowListReason:<null>; allowWiu:12; targetSdkVersion:28; callerTargetSdkVersion:35; startForegroundCount:118; bindFromPackage:null: isBindService:false]
04-17 08:23:10.330 W/ActivityManager( 1701): Foreground service started from background can not have location/camera/microphone access: service com.termux/.app.TermuxService
04-17 08:23:10.330 I/RLT     ( 1866): +503223ms [SURFACE] destroyed 0x0 fmt= lifetime=0ms | thread=main
04-17 08:23:10.330 I/RLT     ( 1866): +503223ms [STEP] [hybrid_x11] HybridInputController: host=0x0 client=0x0 | thread=main
04-17 08:23:10.330 I/RLT     ( 1866): +503223ms [STEP] [hybrid_x11] HybridX11HostActivity: surface=0x0 screen=0x0 refresh=120 | thread=main
04-17 08:23:10.330 I/RLT     ( 1866): +503223ms [SURFACE] created 2960x1848 fmt=BGRA_8888 holder=android.view.SurfaceView$1@60130dc requestedFormat=BGRA_8888(5) — format matters for Xlorie legacy drawing path | thread=main
04-17 08:23:10.331 I/RLT     ( 1866): +503223ms [SURFACE] changed 2960x1848 fmt=BGRA_8888 measured=2960x1848 jniLatency=0ms actualFormat=5 requestedFormat=BGRA_8888(5) — format mismatch blocks Xlorie legacy drawing | thread=main
04-17 08:23:10.331 I/RLT     ( 1866): +503223ms [IPC] send jni_surfaceChanged latency=0ms surface=true | thread=main
04-17 08:23:10.331 I/RLT     ( 1866): +503223ms [IPC] send jni_sendWindowChange latency=0ms width=2960 height=1848 framerate=120 | thread=main
04-17 08:23:10.331 I/RLT     ( 1866): +503223ms [STEP] [hybrid_x11] HybridInputController: host=2960x1848 client=2960x1848 | thread=main
04-17 08:23:10.331 I/RLT     ( 1866): +503224ms [STEP] [hybrid_x11] HybridX11HostActivity: surface=2960x1848 screen=2960x1848 refresh=120 | thread=main
04-17 08:23:10.331 I/RLT     ( 1866): +503224ms [SURFACE] created 2960x1848 fmt=BGRA_8888 holder=android.view.SurfaceView$1@60130dc requestedFormat=BGRA_8888(5) — format matters for Xlorie legacy drawing path | thread=main
04-17 08:23:10.333 I/LorieNative( 8207): PixmapTrace: CreatePixmap pixmap=0x0 drawable=0x0 hasPriv=1 hasBuffer=1 type=AHARDWAREBUFFER format=5 imported=0 flipped=0 mem=0 id=4
04-17 08:23:10.337 I/LorieNative( 8207): PixmapTrace: SetWindowPixmap old-root pixmap=0xb400006fd0f14cd0 drawable=1280x1024 hasPriv=1 hasBuffer=1 type=AHARDWAREBUFFER format=5 imported=0 flipped=0 mem=0 id=0
04-17 08:23:10.337 I/LorieNative( 8207): PixmapTrace: SetWindowPixmap new-root pixmap=0xb400006fd0f1a990 drawable=2960x1848 hasPriv=1 hasBuffer=1 type=AHARDWAREBUFFER format=5 imported=0 flipped=0 mem=0 id=4
04-17 08:23:10.337 I/LorieNative( 8207): Sent shared buffer width 2960 stride 2960 height 1848 format 5 type 3 id 4
04-17 08:23:10.338 V/LorieNative( 8207): New reported framerate is 120
04-17 08:23:10.340 I/RLT     ( 1866): +503232ms [SURFACE] changed 2960x1848 fmt=BGRA_8888 measured=2960x1848 jniLatency=7ms actualFormat=5 requestedFormat=BGRA_8888(5) — format mismatch blocks Xlorie legacy drawing | thread=main
04-17 08:23:10.340 I/RLT     ( 1866): +503232ms [IPC] send jni_surfaceChanged latency=7ms surface=true | thread=main
04-17 08:23:10.340 I/RLT     ( 1866): +503233ms [IPC] send jni_sendWindowChange latency=0ms width=2960 height=1848 framerate=120 | thread=main
04-17 08:23:10.340 I/RLT     ( 1866): +503233ms [STEP] [hybrid_x11] HybridInputController: host=2960x1848 client=2960x1848 | thread=main
04-17 08:23:10.345 D/LorieNative( 1866): xcallback: EVENT_REMOVE_BUFFER id=0
04-17 08:23:10.345 D/LorieNative( 1866): buffer: free count=1 (alloc=1 outstanding=0)
04-17 08:23:10.345 I/LorieNative( 1866): Received shared buffer width 2960 stride 2960 height 1848 format 5 type 3 id 4
04-17 08:23:10.345 D/LorieNative( 1866): buffer: alloc count=2 (free=1 outstanding=1)
04-17 08:23:10.347 W/RLT     ( 1866): +503239ms [SURFACE] triggerCallback: post delayed 39ms (UI thread saturated?) | thread=main
04-17 08:23:10.349 I/RLT     ( 1866): +503242ms [SURFACE] changed 2960x1848 fmt=BGRA_8888 measured=2960x1848 jniLatency=2ms actualFormat=5 requestedFormat=BGRA_8888(5) — format mismatch blocks Xlorie legacy drawing | thread=main
04-17 08:23:10.349 I/RLT     ( 1866): +503242ms [IPC] send jni_surfaceChanged latency=2ms surface=true | thread=main
04-17 08:23:10.349 I/RLT     ( 1866): +503242ms [IPC] send jni_sendWindowChange latency=0ms width=2960 height=1848 framerate=120 | thread=main
04-17 08:23:10.350 I/RLT     ( 1866): +503242ms [STEP] [hybrid_x11] HybridInputController: host=2960x1848 client=2960x1848 | thread=main
04-17 08:23:10.350 W/RLT     ( 1866): +503242ms [SURFACE] triggerCallback: post delayed 36ms (UI thread saturated?) | thread=main
04-17 08:23:10.352 I/RLT     ( 1866): +503244ms [SURFACE] changed 2960x1848 fmt=BGRA_8888 measured=2960x1848 jniLatency=1ms actualFormat=5 requestedFormat=BGRA_8888(5) — format mismatch blocks Xlorie legacy drawing | thread=main
04-17 08:23:10.352 I/RLT     ( 1866): +503244ms [IPC] send jni_surfaceChanged latency=1ms surface=true | thread=main
04-17 08:23:10.352 I/RLT     ( 1866): +503244ms [IPC] send jni_sendWindowChange latency=0ms width=2960 height=1848 framerate=120 | thread=main
04-17 08:23:10.352 I/RLT     ( 1866): +503245ms [STEP] [hybrid_x11] HybridInputController: host=2960x1848 client=2960x1848 | thread=main
04-17 08:23:10.353 W/RLT     ( 1866): +503245ms [JANK] frame=2 actual=33.3ms expected=12.0ms exceeded threshold corr=frames-73d6 | thread=main
04-17 08:23:10.385 I/RLT     ( 1866): +503278ms [LIFECYCLE] TermuxResultService.onCreate | thread=main
04-17 08:23:10.386 I/RLT     ( 1866): +503278ms [CMD] [id=14] onStartCommand: executionId=14 exitCode=0 errCode=-1 errmsg=null stdoutPreview='virgl=
04-17 08:23:10.386 I/RLT     ( 1866): java=
04-17 08:23:10.386 I/RLT     ( 1866): ' stderrPreview='' resultBundle=true pendingResultsSize=1 | thread=main
04-17 08:23:10.386 I/RLT     ( 1866): +503279ms [CMD] [id=14] handleResult: executionId=14 exitCode=0 errCode=-1 errmsg=null stdoutLen=13 stdoutPreview='virgl=
04-17 08:23:10.386 I/RLT     ( 1866): java=
04-17 08:23:10.386 I/RLT     ( 1866): ' stderrLen=0 stderrPreview='' | thread=main
04-17 08:23:10.386 I/RLT     ( 1866): +503279ms [CMD] [id=14] handleResult: deferred found in pendingResults — completing mapSizeAfter=0 | thread=main
04-17 08:23:10.386 I/RLT     ( 1866): +503279ms [CMD] [id=14] result: exitCode=0 error=null stdoutLen=13 stderrLen=0 durationMs=71 | thread=main
04-17 08:23:10.387 W/RLT     ( 1866): +503279ms [CPU_BOOST] No PIDs found in session: virgl=
04-17 08:23:10.387 W/RLT     ( 1866): java=
04-17 08:23:10.387 W/RLT     ( 1866):  | thread=main
04-17 08:23:10.388 W/RLT     ( 1866): +503280ms [JANK] frame=3 actual=33.3ms expected=12.0ms exceeded threshold corr=frames-73d6 | thread=main
04-17 08:23:10.420 W/RLT     ( 1866): +503312ms [JANK] frame=4 actual=33.3ms expected=12.0ms exceeded threshold corr=frames-73d6 | thread=main
04-17 08:23:10.453 W/RLT     ( 1866): +503346ms [JANK] frame=5 actual=33.3ms expected=12.0ms exceeded threshold corr=frames-73d6 | thread=main
04-17 08:23:10.486 W/RLT     ( 1866): +503379ms [JANK] frame=6 actual=33.3ms expected=12.0ms exceeded threshold corr=frames-73d6 | thread=main
04-17 08:23:10.520 W/RLT     ( 1866): +503412ms [JANK] frame=7 actual=33.3ms expected=12.0ms exceeded threshold corr=frames-73d6 | thread=main
04-17 08:23:10.553 W/RLT     ( 1866): +503446ms [JANK] frame=8 actual=33.3ms expected=12.0ms exceeded threshold corr=frames-73d6 | thread=main
04-17 08:23:10.586 W/RLT     ( 1866): +503479ms [JANK] frame=9 actual=33.3ms expected=12.0ms exceeded threshold corr=frames-73d6 | thread=main
04-17 08:23:10.620 W/RLT     ( 1866): +503512ms [JANK] frame=10 actual=33.3ms expected=12.0ms exceeded threshold corr=frames-73d6 | thread=main
04-17 08:23:10.654 W/RLT     ( 1866): +503546ms [JANK] frame=11 actual=33.3ms expected=12.0ms exceeded threshold corr=frames-73d6 | thread=main
04-17 08:23:10.687 W/RLT     ( 1866): +503580ms [JANK] frame=12 actual=33.3ms expected=12.0ms exceeded threshold corr=frames-73d6 | thread=main
04-17 08:23:10.721 W/RLT     ( 1866): +503613ms [JANK] frame=13 actual=33.3ms expected=12.0ms exceeded threshold corr=frames-73d6 | thread=main
04-17 08:23:10.754 W/RLT     ( 1866): +503647ms [JANK] frame=14 actual=33.3ms expected=12.0ms exceeded threshold corr=frames-73d6 | thread=main
04-17 08:23:10.788 W/RLT     ( 1866): +503680ms [JANK] frame=15 actual=33.3ms expected=12.0ms exceeded threshold corr=frames-73d6 | thread=main
04-17 08:23:10.821 W/RLT     ( 1866): +503713ms [JANK] frame=16 actual=33.3ms expected=12.0ms exceeded threshold corr=frames-73d6 | thread=main
04-17 08:23:10.854 W/RLT     ( 1866): +503746ms [JANK] frame=17 actual=33.3ms expected=12.0ms exceeded threshold corr=frames-73d6 | thread=main
04-17 08:23:10.886 W/RLT     ( 1866): +503779ms [JANK] frame=18 actual=33.3ms expected=12.0ms exceeded threshold corr=frames-73d6 | thread=main
04-17 08:23:10.893 I/RLT     ( 1866): +503785ms [LIFECYCLE] TermuxResultService.stopSelfIfIdle: no pending results — stopSelf(startId=1) | thread=main
04-17 08:23:10.894 I/RLT     ( 1866): +503787ms [LIFECYCLE] TermuxResultService.onDestroy: pendingResults=0 (not clearing — deferreds are static, outlive service instances) | thread=main
04-17 08:23:10.919 W/RLT     ( 1866): +503812ms [JANK] frame=19 actual=33.3ms expected=12.0ms exceeded threshold corr=frames-73d6 | thread=main
04-17 08:23:10.952 W/RLT     ( 1866): +503845ms [JANK] frame=20 actual=33.3ms expected=12.0ms exceeded threshold corr=frames-73d6 | thread=main
04-17 08:23:10.986 W/RLT     ( 1866): +503878ms [JANK] frame=21 actual=33.3ms expected=12.0ms exceeded threshold corr=frames-73d6 | thread=main
04-17 08:23:11.019 W/RLT     ( 1866): +503912ms [JANK] frame=22 actual=33.3ms expected=12.0ms exceeded threshold corr=frames-73d6 | thread=main
04-17 08:23:11.053 W/RLT     ( 1866): +503945ms [JANK] frame=23 actual=33.3ms expected=12.0ms exceeded threshold corr=frames-73d6 | thread=main
04-17 08:23:11.086 W/RLT     ( 1866): +503979ms [JANK] frame=24 actual=33.3ms expected=12.0ms exceeded threshold corr=frames-73d6 | thread=main
04-17 08:23:11.119 W/RLT     ( 1866): +504012ms [JANK] frame=25 actual=33.3ms expected=12.0ms exceeded threshold corr=frames-73d6 | thread=main
04-17 08:23:11.153 W/RLT     ( 1866): +504045ms [JANK] frame=26 actual=33.3ms expected=12.0ms exceeded threshold corr=frames-73d6 | thread=main
04-17 08:23:11.176 W/RLT     ( 1866): +504068ms [JANK] frame=27 actual=22.2ms expected=12.0ms exceeded threshold corr=frames-73d6 | thread=main
04-17 08:23:11.193 W/RLT     ( 1866): +504085ms [JANK] frame=28 actual=17.8ms expected=12.0ms exceeded threshold corr=frames-73d6 | thread=main
04-17 08:23:11.234 W/RLT     ( 1866): +504127ms [JANK] frame=29 actual=41.7ms expected=12.0ms exceeded threshold corr=frames-73d6 | thread=main
04-17 08:23:11.268 W/RLT     ( 1866): +504160ms [JANK] frame=30 actual=33.3ms expected=12.0ms exceeded threshold corr=frames-73d6 | thread=main
04-17 08:23:11.301 W/RLT     ( 1866): +504193ms [JANK] frame=31 actual=33.3ms expected=12.0ms exceeded threshold corr=frames-73d6 | thread=main
04-17 08:23:11.336 W/RLT     ( 1866): +504228ms [JANK] frame=32 actual=33.3ms expected=12.0ms exceeded threshold corr=frames-73d6 | thread=main
04-17 08:23:11.370 W/RLT     ( 1866): +504262ms [JANK] frame=33 actual=33.3ms expected=12.0ms exceeded threshold corr=frames-73d6 | thread=main
04-17 08:23:11.402 W/RLT     ( 1866): +504295ms [JANK] frame=34 actual=33.3ms expected=12.0ms exceeded threshold corr=frames-73d6 | thread=main
04-17 08:23:11.436 W/RLT     ( 1866): +504328ms [JANK] frame=35 actual=33.6ms expected=12.0ms exceeded threshold corr=frames-73d6 | thread=main
04-17 08:23:11.470 W/RLT     ( 1866): +504362ms [JANK] frame=36 actual=33.4ms expected=12.0ms exceeded threshold corr=frames-73d6 | thread=main
04-17 08:23:11.502 W/RLT     ( 1866): +504395ms [JANK] frame=37 actual=33.4ms expected=12.0ms exceeded threshold corr=frames-73d6 | thread=main
04-17 08:23:11.536 W/RLT     ( 1866): +504429ms [JANK] frame=38 actual=33.4ms expected=12.0ms exceeded threshold corr=frames-73d6 | thread=main
04-17 08:23:11.569 W/RLT     ( 1866): +504462ms [JANK] frame=39 actual=33.4ms expected=12.0ms exceeded threshold corr=frames-73d6 | thread=main
04-17 08:23:11.603 W/RLT     ( 1866): +504495ms [JANK] frame=40 actual=33.4ms expected=12.0ms exceeded threshold corr=frames-73d6 | thread=main
04-17 08:23:11.636 W/RLT     ( 1866): +504529ms [JANK] frame=41 actual=33.4ms expected=12.0ms exceeded threshold corr=frames-73d6 | thread=main
04-17 08:23:11.670 W/RLT     ( 1866): +504562ms [JANK] frame=42 actual=33.4ms expected=12.0ms exceeded threshold corr=frames-73d6 | thread=main
04-17 08:23:11.703 W/RLT     ( 1866): +504596ms [JANK] frame=43 actual=33.4ms expected=12.0ms exceeded threshold corr=frames-73d6 | thread=main
04-17 08:23:11.736 W/RLT     ( 1866): +504629ms [JANK] frame=44 actual=33.4ms expected=12.0ms exceeded threshold corr=frames-73d6 | thread=main
04-17 08:23:11.770 W/RLT     ( 1866): +504662ms [JANK] frame=45 actual=33.4ms expected=12.0ms exceeded threshold corr=frames-73d6 | thread=main
04-17 08:23:11.803 W/RLT     ( 1866): +504695ms [JANK] frame=46 actual=33.4ms expected=12.0ms exceeded threshold corr=frames-73d6 | thread=main
04-17 08:23:11.837 W/RLT     ( 1866): +504729ms [JANK] frame=47 actual=33.4ms expected=12.0ms exceeded threshold corr=frames-73d6 | thread=main
04-17 08:23:11.869 W/RLT     ( 1866): +504762ms [JANK] frame=48 actual=33.4ms expected=12.0ms exceeded threshold corr=frames-73d6 | thread=main
04-17 08:23:11.903 W/RLT     ( 1866): +504795ms [JANK] frame=49 actual=33.4ms expected=12.0ms exceeded threshold corr=frames-73d6 | thread=main
04-17 08:23:11.936 W/RLT     ( 1866): +504828ms [JANK] frame=50 actual=33.4ms expected=12.0ms exceeded threshold corr=frames-73d6 | thread=main
04-17 08:23:11.969 W/RLT     ( 1866): +504862ms [JANK] frame=51 actual=33.4ms expected=12.0ms exceeded threshold corr=frames-73d6 | thread=main
04-17 08:23:12.003 W/RLT     ( 1866): +504895ms [JANK] frame=52 actual=33.4ms expected=12.0ms exceeded threshold corr=frames-73d6 | thread=main
04-17 08:23:12.036 W/RLT     ( 1866): +504929ms [JANK] frame=53 actual=33.4ms expected=12.0ms exceeded threshold corr=frames-73d6 | thread=main
04-17 08:23:12.070 W/RLT     ( 1866): +504962ms [JANK] frame=54 actual=33.4ms expected=12.0ms exceeded threshold corr=frames-73d6 | thread=main
04-17 08:23:12.102 W/RLT     ( 1866): +504995ms [JANK] frame=55 actual=33.4ms expected=12.0ms exceeded threshold corr=frames-73d6 | thread=main
04-17 08:23:12.137 W/RLT     ( 1866): +505030ms [JANK] frame=56 actual=33.4ms expected=12.0ms exceeded threshold corr=frames-73d6 | thread=main
04-17 08:23:12.170 W/RLT     ( 1866): +505063ms [JANK] frame=57 actual=33.4ms expected=12.0ms exceeded threshold corr=frames-73d6 | thread=main
04-17 08:23:12.204 W/RLT     ( 1866): +505096ms [JANK] frame=58 actual=33.4ms expected=12.0ms exceeded threshold corr=frames-73d6 | thread=main
04-17 08:23:12.236 W/RLT     ( 1866): +505129ms [JANK] frame=59 actual=33.4ms expected=12.0ms exceeded threshold corr=frames-73d6 | thread=main
04-17 08:23:12.270 W/RLT     ( 1866): +505163ms [JANK] frame=60 actual=33.4ms expected=12.0ms exceeded threshold corr=frames-73d6 | thread=main
04-17 08:23:12.304 W/RLT     ( 1866): +505197ms [JANK] frame=61 actual=33.4ms expected=12.0ms exceeded threshold corr=frames-73d6 | thread=main
04-17 08:23:12.337 W/RLT     ( 1866): +505229ms [JANK] frame=62 actual=33.4ms expected=12.0ms exceeded threshold corr=frames-73d6 | thread=main
04-17 08:23:12.370 W/RLT     ( 1866): +505263ms [JANK] frame=63 actual=33.4ms expected=12.0ms exceeded threshold corr=frames-73d6 | thread=main
04-17 08:23:12.403 W/RLT     ( 1866): +505296ms [JANK] frame=64 actual=33.4ms expected=12.0ms exceeded threshold corr=frames-73d6 | thread=main
04-17 08:23:12.437 W/RLT     ( 1866): +505329ms [JANK] frame=65 actual=33.4ms expected=12.0ms exceeded threshold corr=frames-73d6 | thread=main
04-17 08:23:12.470 W/RLT     ( 1866): +505363ms [JANK] frame=66 actual=33.4ms expected=12.0ms exceeded threshold corr=frames-73d6 | thread=main
04-17 08:23:12.504 W/RLT     ( 1866): +505396ms [JANK] frame=67 actual=33.4ms expected=12.0ms exceeded threshold corr=frames-73d6 | thread=main
04-17 08:23:12.538 W/RLT     ( 1866): +505430ms [JANK] frame=68 actual=33.4ms expected=12.0ms exceeded threshold corr=frames-73d6 | thread=main
04-17 08:23:12.570 W/RLT     ( 1866): +505463ms [JANK] frame=69 actual=33.4ms expected=12.0ms exceeded threshold corr=frames-73d6 | thread=main
04-17 08:23:12.604 W/RLT     ( 1866): +505496ms [JANK] frame=70 actual=33.4ms expected=12.0ms exceeded threshold corr=frames-73d6 | thread=main
04-17 08:23:12.637 W/RLT     ( 1866): +505530ms [JANK] frame=71 actual=33.4ms expected=12.0ms exceeded threshold corr=frames-73d6 | thread=main
04-17 08:23:12.671 W/RLT     ( 1866): +505563ms [JANK] frame=72 actual=33.4ms expected=12.0ms exceeded threshold corr=frames-73d6 | thread=main
04-17 08:23:12.704 W/RLT     ( 1866): +505597ms [JANK] frame=73 actual=33.4ms expected=12.0ms exceeded threshold corr=frames-73d6 | thread=main
04-17 08:23:12.738 W/RLT     ( 1866): +505630ms [JANK] frame=74 actual=33.4ms expected=12.0ms exceeded threshold corr=frames-73d6 | thread=main
04-17 08:23:12.770 W/RLT     ( 1866): +505663ms [JANK] frame=75 actual=33.4ms expected=12.0ms exceeded threshold corr=frames-73d6 | thread=main
04-17 08:23:12.805 W/RLT     ( 1866): +505697ms [JANK] frame=76 actual=33.4ms expected=12.0ms exceeded threshold corr=frames-73d6 | thread=main
04-17 08:23:12.838 W/RLT     ( 1866): +505731ms [JANK] frame=77 actual=33.4ms expected=12.0ms exceeded threshold corr=frames-73d6 | thread=main
04-17 08:23:12.869 W/RLT     ( 1866): +505762ms [JANK] frame=78 actual=33.4ms expected=12.0ms exceeded threshold corr=frames-73d6 | thread=main
04-17 08:23:12.903 W/RLT     ( 1866): +505795ms [JANK] frame=79 actual=33.4ms expected=12.0ms exceeded threshold corr=frames-73d6 | thread=main
04-17 08:23:12.937 W/RLT     ( 1866): +505830ms [JANK] frame=80 actual=33.4ms expected=12.0ms exceeded threshold corr=frames-73d6 | thread=main
04-17 08:23:12.971 W/RLT     ( 1866): +505864ms [JANK] frame=81 actual=33.4ms expected=12.0ms exceeded threshold corr=frames-73d6 | thread=main
04-17 08:23:13.004 W/RLT     ( 1866): +505896ms [JANK] frame=82 actual=33.4ms expected=12.0ms exceeded threshold corr=frames-73d6 | thread=main
04-17 08:23:13.038 W/RLT     ( 1866): +505930ms [JANK] frame=83 actual=33.4ms expected=12.0ms exceeded threshold corr=frames-73d6 | thread=main
04-17 08:23:13.071 W/RLT     ( 1866): +505963ms [JANK] frame=84 actual=33.4ms expected=12.0ms exceeded threshold corr=frames-73d6 | thread=main
04-17 08:23:13.105 W/RLT     ( 1866): +505997ms [JANK] frame=85 actual=33.4ms expected=12.0ms exceeded threshold corr=frames-73d6 | thread=main
04-17 08:23:13.138 W/RLT     ( 1866): +506030ms [JANK] frame=86 actual=33.4ms expected=12.0ms exceeded threshold corr=frames-73d6 | thread=main
04-17 08:23:13.171 W/RLT     ( 1866): +506064ms [JANK] frame=87 actual=33.4ms expected=12.0ms exceeded threshold corr=frames-73d6 | thread=main
04-17 08:23:13.205 W/RLT     ( 1866): +506097ms [JANK] frame=88 actual=33.4ms expected=12.0ms exceeded threshold corr=frames-73d6 | thread=main
04-17 08:23:13.238 W/RLT     ( 1866): +506131ms [JANK] frame=89 actual=33.4ms expected=12.0ms exceeded threshold corr=frames-73d6 | thread=main
04-17 08:23:13.271 W/RLT     ( 1866): +506164ms [JANK] frame=90 actual=33.4ms expected=12.0ms exceeded threshold corr=frames-73d6 | thread=main
04-17 08:23:13.304 W/RLT     ( 1866): +506196ms [JANK] frame=91 actual=33.4ms expected=12.0ms exceeded threshold corr=frames-73d6 | thread=main
04-17 08:23:13.338 W/RLT     ( 1866): +506230ms [JANK] frame=92 actual=33.4ms expected=12.0ms exceeded threshold corr=frames-73d6 | thread=main
04-17 08:23:13.371 W/RLT     ( 1866): +506264ms [JANK] frame=93 actual=33.4ms expected=12.0ms exceeded threshold corr=frames-73d6 | thread=main
04-17 08:23:13.421 W/RLT     ( 1866): +506313ms [JANK] frame=94 actual=49.7ms expected=12.0ms exceeded threshold corr=frames-73d6 | thread=main
04-17 08:23:13.437 W/RLT     ( 1866): +506329ms [JANK] frame=95 actual=16.7ms expected=12.0ms exceeded threshold corr=frames-73d6 | thread=main
04-17 08:23:13.645 I/RLT     ( 1866): +506538ms [THREAD] Choreographer->main op=doFrame frame=120 | thread=main
04-17 08:23:13.649 I/RLT     ( 1866): +506541ms [FRAME] fps=35.8 jank=94 p99=33.6ms heap=14MB periodic corr=frames-73d6 | thread=main
04-17 08:23:13.861 W/RLT     ( 1866): +506753ms [JANK] frame=141 actual=50.1ms expected=12.0ms exceeded threshold corr=frames-73d6 | thread=main
04-17 08:23:13.895 W/RLT     ( 1866): +506787ms [JANK] frame=142 actual=33.9ms expected=12.0ms exceeded threshold corr=frames-73d6 | thread=main
04-17 08:23:13.928 W/RLT     ( 1866): +506821ms [JANK] frame=143 actual=33.3ms expected=12.0ms exceeded threshold corr=frames-73d6 | thread=main
04-17 08:23:13.962 W/RLT     ( 1866): +506855ms [JANK] frame=144 actual=33.3ms expected=12.0ms exceeded threshold corr=frames-73d6 | thread=main
04-17 08:23:13.995 W/RLT     ( 1866): +506888ms [JANK] frame=145 actual=33.3ms expected=12.0ms exceeded threshold corr=frames-73d6 | thread=main
04-17 08:23:14.031 W/RLT     ( 1866): +506923ms [JANK] frame=146 actual=33.3ms expected=12.0ms exceeded threshold corr=frames-73d6 | thread=main
04-17 08:23:14.062 W/RLT     ( 1866): +506954ms [JANK] frame=147 actual=32.5ms expected=12.0ms exceeded threshold corr=frames-73d6 | thread=main
04-17 08:23:14.094 W/RLT     ( 1866): +506987ms [JANK] frame=148 actual=33.3ms expected=12.0ms exceeded threshold corr=frames-73d6 | thread=main
04-17 08:23:14.126 W/RLT     ( 1866): +507018ms [JANK] frame=149 actual=33.3ms expected=12.0ms exceeded threshold corr=frames-73d6 | thread=main
04-17 08:23:14.160 W/RLT     ( 1866): +507053ms [JANK] frame=150 actual=33.3ms expected=12.0ms exceeded threshold corr=frames-73d6 | thread=main
04-17 08:23:14.193 W/RLT     ( 1866): +507086ms [JANK] frame=151 actual=33.3ms expected=12.0ms exceeded threshold corr=frames-73d6 | thread=main
04-17 08:23:14.227 W/RLT     ( 1866): +507120ms [JANK] frame=152 actual=33.3ms expected=12.0ms exceeded threshold corr=frames-73d6 | thread=main
04-17 08:23:14.260 W/RLT     ( 1866): +507153ms [JANK] frame=153 actual=33.3ms expected=12.0ms exceeded threshold corr=frames-73d6 | thread=main
04-17 08:23:14.294 W/RLT     ( 1866): +507186ms [JANK] frame=154 actual=33.3ms expected=12.0ms exceeded threshold corr=frames-73d6 | thread=main
04-17 08:23:14.322 I/LorieNative( 8207): choreographer callbacks in 5.0 seconds = 37.2 FPS
04-17 08:23:14.323 I/LorieNative( 8207): redraw wakeups in 5.0 seconds = 36.8 FPS
04-17 08:23:14.323 I/LorieNative( 8207): damage-triggered redraws in 5.0 seconds = 0.2 FPS
04-17 08:23:14.323 I/LorieNative( 8207): AhbLockTrace: sticky=0 lock_calls=1 unlock_calls=1 sticky_hits=11 flush_skipped=0 in 5.0s
04-17 08:23:14.323 I/LorieNative( 8207): present flip attempts in 5.0 seconds = 0.0 FPS (accepted 0.0, rejected 0.0)
04-17 08:23:14.323 I/LorieNative( 8207): present after-flips in 5.0 seconds = 0.0 FPS
04-17 08:23:14.323 I/LorieNative( 8207): 3 frames in 5.0 seconds = 0.6 FPS
04-17 08:23:14.327 W/RLT     ( 1866): +507220ms [JANK] frame=155 actual=33.3ms expected=12.0ms exceeded threshold corr=frames-73d6 | thread=main
04-17 08:23:14.360 W/RLT     ( 1866): +507252ms [JANK] frame=156 actual=33.3ms expected=12.0ms exceeded threshold corr=frames-73d6 | thread=main
04-17 08:23:14.394 W/RLT     ( 1866): +507286ms [JANK] frame=157 actual=33.3ms expected=12.0ms exceeded threshold corr=frames-73d6 | thread=main
04-17 08:23:14.428 W/RLT     ( 1866): +507320ms [JANK] frame=158 actual=33.3ms expected=12.0ms exceeded threshold corr=frames-73d6 | thread=main
04-17 08:23:14.460 W/RLT     ( 1866): +507352ms [JANK] frame=159 actual=33.3ms expected=12.0ms exceeded threshold corr=frames-73d6 | thread=main
04-17 08:23:14.494 W/RLT     ( 1866): +507386ms [JANK] frame=160 actual=33.3ms expected=12.0ms exceeded threshold corr=frames-73d6 | thread=main
04-17 08:23:14.527 W/RLT     ( 1866): +507419ms [JANK] frame=161 actual=33.3ms expected=12.0ms exceeded threshold corr=frames-73d6 | thread=main
04-17 08:23:14.559 W/RLT     ( 1866): +507452ms [JANK] frame=162 actual=33.3ms expected=12.0ms exceeded threshold corr=frames-73d6 | thread=main
04-17 08:23:14.593 W/RLT     ( 1866): +507485ms [JANK] frame=163 actual=33.3ms expected=12.0ms exceeded threshold corr=frames-73d6 | thread=main
04-17 08:23:14.626 W/RLT     ( 1866): +507519ms [JANK] frame=164 actual=33.3ms expected=12.0ms exceeded threshold corr=frames-73d6 | thread=main
04-17 08:23:14.659 W/RLT     ( 1866): +507552ms [JANK] frame=165 actual=33.3ms expected=12.0ms exceeded threshold corr=frames-73d6 | thread=main
04-17 08:23:14.694 W/RLT     ( 1866): +507586ms [JANK] frame=166 actual=33.3ms expected=12.0ms exceeded threshold corr=frames-73d6 | thread=main
04-17 08:23:14.726 W/RLT     ( 1866): +507619ms [JANK] frame=167 actual=33.3ms expected=12.0ms exceeded threshold corr=frames-73d6 | thread=main
04-17 08:23:14.760 W/RLT     ( 1866): +507652ms [JANK] frame=168 actual=33.3ms expected=12.0ms exceeded threshold corr=frames-73d6 | thread=main
04-17 08:23:14.792 W/RLT     ( 1866): +507685ms [JANK] frame=169 actual=33.3ms expected=12.0ms exceeded threshold corr=frames-73d6 | thread=main
04-17 08:23:14.828 W/RLT     ( 1866): +507720ms [JANK] frame=170 actual=33.3ms expected=12.0ms exceeded threshold corr=frames-73d6 | thread=main
04-17 08:23:14.860 W/RLT     ( 1866): +507752ms [JANK] frame=171 actual=33.3ms expected=12.0ms exceeded threshold corr=frames-73d6 | thread=main
04-17 08:23:14.895 W/RLT     ( 1866): +507788ms [JANK] frame=172 actual=33.3ms expected=12.0ms exceeded threshold corr=frames-73d6 | thread=main
04-17 08:23:14.925 W/RLT     ( 1866): +507818ms [JANK] frame=173 actual=33.3ms expected=12.0ms exceeded threshold corr=frames-73d6 | thread=main
04-17 08:23:14.959 W/RLT     ( 1866): +507852ms [JANK] frame=174 actual=33.3ms expected=12.0ms exceeded threshold corr=frames-73d6 | thread=main
04-17 08:23:14.992 W/RLT     ( 1866): +507884ms [JANK] frame=175 actual=33.3ms expected=12.0ms exceeded threshold corr=frames-73d6 | thread=main
04-17 08:23:15.026 W/RLT     ( 1866): +507918ms [JANK] frame=176 actual=33.3ms expected=12.0ms exceeded threshold corr=frames-73d6 | thread=main
04-17 08:23:15.059 W/RLT     ( 1866): +507951ms [JANK] frame=177 actual=33.3ms expected=12.0ms exceeded threshold corr=frames-73d6 | thread=main
04-17 08:23:15.092 W/RLT     ( 1866): +507985ms [JANK] frame=178 actual=33.3ms expected=12.0ms exceeded threshold corr=frames-73d6 | thread=main
04-17 08:23:15.125 W/RLT     ( 1866): +508017ms [JANK] frame=179 actual=33.3ms expected=12.0ms exceeded threshold corr=frames-73d6 | thread=main
04-17 08:23:15.159 W/RLT     ( 1866): +508052ms [JANK] frame=180 actual=33.3ms expected=12.0ms exceeded threshold corr=frames-73d6 | thread=main
04-17 08:23:15.192 W/RLT     ( 1866): +508084ms [JANK] frame=181 actual=33.3ms expected=12.0ms exceeded threshold corr=frames-73d6 | thread=main
04-17 08:23:15.225 W/RLT     ( 1866): +508117ms [JANK] frame=182 actual=33.3ms expected=12.0ms exceeded threshold corr=frames-73d6 | thread=main
04-17 08:23:15.258 W/RLT     ( 1866): +508151ms [JANK] frame=183 actual=33.3ms expected=12.0ms exceeded threshold corr=frames-73d6 | thread=main
04-17 08:23:15.292 W/RLT     ( 1866): +508184ms [JANK] frame=184 actual=33.3ms expected=12.0ms exceeded threshold corr=frames-73d6 | thread=main
04-17 08:23:15.326 W/RLT     ( 1866): +508218ms [JANK] frame=185 actual=33.3ms expected=12.0ms exceeded threshold corr=frames-73d6 | thread=main
04-17 08:23:15.357 W/RLT     ( 1866): +508249ms [JANK] frame=186 actual=33.3ms expected=12.0ms exceeded threshold corr=frames-73d6 | thread=main
04-17 08:23:15.390 W/RLT     ( 1866): +508282ms [JANK] frame=187 actual=33.3ms expected=12.0ms exceeded threshold corr=frames-73d6 | thread=main
04-17 08:23:15.423 W/RLT     ( 1866): +508316ms [JANK] frame=188 actual=33.3ms expected=12.0ms exceeded threshold corr=frames-73d6 | thread=main
04-17 08:23:15.456 W/RLT     ( 1866): +508349ms [JANK] frame=189 actual=33.3ms expected=12.0ms exceeded threshold corr=frames-73d6 | thread=main
04-17 08:23:15.490 W/RLT     ( 1866): +508382ms [JANK] frame=190 actual=33.3ms expected=12.0ms exceeded threshold corr=frames-73d6 | thread=main
04-17 08:23:15.523 W/RLT     ( 1866): +508415ms [JANK] frame=191 actual=33.3ms expected=12.0ms exceeded threshold corr=frames-73d6 | thread=main
04-17 08:23:15.556 W/RLT     ( 1866): +508449ms [JANK] frame=192 actual=33.3ms expected=12.0ms exceeded threshold corr=frames-73d6 | thread=main
04-17 08:23:15.589 W/RLT     ( 1866): +508482ms [JANK] frame=193 actual=33.3ms expected=12.0ms exceeded threshold corr=frames-73d6 | thread=main
04-17 08:23:15.623 W/RLT     ( 1866): +508515ms [JANK] frame=194 actual=33.3ms expected=12.0ms exceeded threshold corr=frames-73d6 | thread=main
04-17 08:23:15.656 W/RLT     ( 1866): +508549ms [JANK] frame=195 actual=33.3ms expected=12.0ms exceeded threshold corr=frames-73d6 | thread=main
04-17 08:23:15.689 W/RLT     ( 1866): +508582ms [JANK] frame=196 actual=33.3ms expected=12.0ms exceeded threshold corr=frames-73d6 | thread=main
04-17 08:23:15.722 W/RLT     ( 1866): +508615ms [JANK] frame=197 actual=33.3ms expected=12.0ms exceeded threshold corr=frames-73d6 | thread=main
04-17 08:23:15.756 W/RLT     ( 1866): +508648ms [JANK] frame=198 actual=33.3ms expected=12.0ms exceeded threshold corr=frames-73d6 | thread=main
04-17 08:23:15.789 W/RLT     ( 1866): +508682ms [JANK] frame=199 actual=33.3ms expected=12.0ms exceeded threshold corr=frames-73d6 | thread=main
04-17 08:23:15.822 W/RLT     ( 1866): +508715ms [JANK] frame=200 actual=33.3ms expected=12.0ms exceeded threshold corr=frames-73d6 | thread=main
04-17 08:23:15.856 W/RLT     ( 1866): +508748ms [JANK] frame=201 actual=33.3ms expected=12.0ms exceeded threshold corr=frames-73d6 | thread=main
04-17 08:23:15.889 W/RLT     ( 1866): +508782ms [JANK] frame=202 actual=33.3ms expected=12.0ms exceeded threshold corr=frames-73d6 | thread=main
04-17 08:23:15.922 W/RLT     ( 1866): +508815ms [JANK] frame=203 actual=33.3ms expected=12.0ms exceeded threshold corr=frames-73d6 | thread=main
04-17 08:23:15.955 W/RLT     ( 1866): +508848ms [JANK] frame=204 actual=33.3ms expected=12.0ms exceeded threshold corr=frames-73d6 | thread=main
04-17 08:23:15.988 W/RLT     ( 1866): +508881ms [JANK] frame=205 actual=33.3ms expected=12.0ms exceeded threshold corr=frames-73d6 | thread=main
04-17 08:23:16.022 W/RLT     ( 1866): +508914ms [JANK] frame=206 actual=33.3ms expected=12.0ms exceeded threshold corr=frames-73d6 | thread=main
04-17 08:23:16.055 W/RLT     ( 1866): +508948ms [JANK] frame=207 actual=33.3ms expected=12.0ms exceeded threshold corr=frames-73d6 | thread=main
04-17 08:23:16.088 W/RLT     ( 1866): +508981ms [JANK] frame=208 actual=33.3ms expected=12.0ms exceeded threshold corr=frames-73d6 | thread=main
04-17 08:23:16.121 W/RLT     ( 1866): +509014ms [JANK] frame=209 actual=33.3ms expected=12.0ms exceeded threshold corr=frames-73d6 | thread=main
04-17 08:23:16.155 W/RLT     ( 1866): +509047ms [JANK] frame=210 actual=33.3ms expected=12.0ms exceeded threshold corr=frames-73d6 | thread=main
04-17 08:23:16.188 W/RLT     ( 1866): +509081ms [JANK] frame=211 actual=33.3ms expected=12.0ms exceeded threshold corr=frames-73d6 | thread=main
04-17 08:23:16.221 W/RLT     ( 1866): +509114ms [JANK] frame=212 actual=33.3ms expected=12.0ms exceeded threshold corr=frames-73d6 | thread=main
04-17 08:23:16.255 W/RLT     ( 1866): +509147ms [JANK] frame=213 actual=33.3ms expected=12.0ms exceeded threshold corr=frames-73d6 | thread=main
04-17 08:23:16.288 W/RLT     ( 1866): +509180ms [JANK] frame=214 actual=33.3ms expected=12.0ms exceeded threshold corr=frames-73d6 | thread=main
04-17 08:23:16.321 W/RLT     ( 1866): +509214ms [JANK] frame=215 actual=33.3ms expected=12.0ms exceeded threshold corr=frames-73d6 | thread=main
04-17 08:23:16.354 W/RLT     ( 1866): +509247ms [JANK] frame=216 actual=33.3ms expected=12.0ms exceeded threshold corr=frames-73d6 | thread=main
04-17 08:23:16.388 W/RLT     ( 1866): +509280ms [JANK] frame=217 actual=33.3ms expected=12.0ms exceeded threshold corr=frames-73d6 | thread=main
04-17 08:23:16.421 W/RLT     ( 1866): +509313ms [JANK] frame=218 actual=33.3ms expected=12.0ms exceeded threshold corr=frames-73d6 | thread=main
04-17 08:23:16.454 W/RLT     ( 1866): +509347ms [JANK] frame=219 actual=33.3ms expected=12.0ms exceeded threshold corr=frames-73d6 | thread=main
04-17 08:23:16.487 W/RLT     ( 1866): +509380ms [JANK] frame=220 actual=33.3ms expected=12.0ms exceeded threshold corr=frames-73d6 | thread=main
04-17 08:23:16.521 W/RLT     ( 1866): +509414ms [JANK] frame=221 actual=33.3ms expected=12.0ms exceeded threshold corr=frames-73d6 | thread=main
04-17 08:23:16.554 W/RLT     ( 1866): +509446ms [JANK] frame=222 actual=33.3ms expected=12.0ms exceeded threshold corr=frames-73d6 | thread=main
04-17 08:23:16.587 W/RLT     ( 1866): +509480ms [JANK] frame=223 actual=33.3ms expected=12.0ms exceeded threshold corr=frames-73d6 | thread=main
04-17 08:23:16.621 W/RLT     ( 1866): +509514ms [JANK] frame=224 actual=33.3ms expected=12.0ms exceeded threshold corr=frames-73d6 | thread=main
04-17 08:23:16.655 W/RLT     ( 1866): +509547ms [JANK] frame=225 actual=33.3ms expected=12.0ms exceeded threshold corr=frames-73d6 | thread=main
04-17 08:23:16.689 W/RLT     ( 1866): +509582ms [JANK] frame=226 actual=33.3ms expected=12.0ms exceeded threshold corr=frames-73d6 | thread=main
04-17 08:23:16.721 W/RLT     ( 1866): +509614ms [JANK] frame=227 actual=33.3ms expected=12.0ms exceeded threshold corr=frames-73d6 | thread=main
04-17 08:23:16.755 W/RLT     ( 1866): +509648ms [JANK] frame=228 actual=33.3ms expected=12.0ms exceeded threshold corr=frames-73d6 | thread=main
04-17 08:23:16.788 W/RLT     ( 1866): +509681ms [JANK] frame=229 actual=33.3ms expected=12.0ms exceeded threshold corr=frames-73d6 | thread=main
04-17 08:23:16.822 W/RLT     ( 1866): +509714ms [JANK] frame=230 actual=33.3ms expected=12.0ms exceeded threshold corr=frames-73d6 | thread=main
04-17 08:23:16.855 W/RLT     ( 1866): +509748ms [JANK] frame=231 actual=33.3ms expected=12.0ms exceeded threshold corr=frames-73d6 | thread=main
04-17 08:23:16.888 W/RLT     ( 1866): +509781ms [JANK] frame=232 actual=33.3ms expected=12.0ms exceeded threshold corr=frames-73d6 | thread=main
04-17 08:23:16.921 W/RLT     ( 1866): +509814ms [JANK] frame=233 actual=33.3ms expected=12.0ms exceeded threshold corr=frames-73d6 | thread=main
04-17 08:23:16.954 W/RLT     ( 1866): +509847ms [JANK] frame=234 actual=33.3ms expected=12.0ms exceeded threshold corr=frames-73d6 | thread=main
04-17 08:23:16.988 W/RLT     ( 1866): +509880ms [JANK] frame=235 actual=33.3ms expected=12.0ms exceeded threshold corr=frames-73d6 | thread=main
04-17 08:23:17.021 W/RLT     ( 1866): +509913ms [JANK] frame=236 actual=33.3ms expected=12.0ms exceeded threshold corr=frames-73d6 | thread=main
04-17 08:23:17.055 W/RLT     ( 1866): +509947ms [JANK] frame=237 actual=33.3ms expected=12.0ms exceeded threshold corr=frames-73d6 | thread=main
04-17 08:23:17.088 W/RLT     ( 1866): +509981ms [JANK] frame=238 actual=33.3ms expected=12.0ms exceeded threshold corr=frames-73d6 | thread=main
04-17 08:23:17.121 W/RLT     ( 1866): +510014ms [JANK] frame=239 actual=33.3ms expected=12.0ms exceeded threshold corr=frames-73d6 | thread=main
04-17 08:23:17.154 I/RLT     ( 1866): +510046ms [THREAD] Choreographer->main op=doFrame frame=240 | thread=main
04-17 08:23:17.158 I/RLT     ( 1866): +510050ms [FRAME] fps=34.0 jank=194 p99=33.9ms heap=15MB periodic corr=frames-73d6 | thread=main
04-17 08:23:17.159 W/RLT     ( 1866): +510051ms [JANK] frame=240 actual=33.3ms expected=12.0ms exceeded threshold corr=frames-73d6 | thread=main
04-17 08:23:17.187 W/RLT     ( 1866): +510080ms [JANK] frame=241 actual=33.3ms expected=12.0ms exceeded threshold corr=frames-73d6 | thread=main
04-17 08:23:17.220 W/RLT     ( 1866): +510113ms [JANK] frame=242 actual=33.3ms expected=12.0ms exceeded threshold corr=frames-73d6 | thread=main
04-17 08:23:17.254 W/RLT     ( 1866): +510147ms [JANK] frame=243 actual=33.3ms expected=12.0ms exceeded threshold corr=frames-73d6 | thread=main
04-17 08:23:17.287 W/RLT     ( 1866): +510180ms [JANK] frame=244 actual=33.3ms expected=12.0ms exceeded threshold corr=frames-73d6 | thread=main
04-17 08:23:17.322 W/RLT     ( 1866): +510214ms [JANK] frame=245 actual=33.3ms expected=12.0ms exceeded threshold corr=frames-73d6 | thread=main
04-17 08:23:17.354 W/RLT     ( 1866): +510246ms [JANK] frame=246 actual=33.3ms expected=12.0ms exceeded threshold corr=frames-73d6 | thread=main
04-17 08:23:17.387 W/RLT     ( 1866): +510279ms [JANK] frame=247 actual=33.3ms expected=12.0ms exceeded threshold corr=frames-73d6 | thread=main
04-17 08:23:17.420 W/RLT     ( 1866): +510313ms [JANK] frame=248 actual=33.3ms expected=12.0ms exceeded threshold corr=frames-73d6 | thread=main
04-17 08:23:17.454 W/RLT     ( 1866): +510346ms [JANK] frame=249 actual=33.3ms expected=12.0ms exceeded threshold corr=frames-73d6 | thread=main
04-17 08:23:17.487 W/RLT     ( 1866): +510379ms [JANK] frame=250 actual=33.3ms expected=12.0ms exceeded threshold corr=frames-73d6 | thread=main
04-17 08:23:17.520 W/RLT     ( 1866): +510413ms [JANK] frame=251 actual=33.3ms expected=12.0ms exceeded threshold corr=frames-73d6 | thread=main
04-17 08:23:17.554 W/RLT     ( 1866): +510447ms [JANK] frame=252 actual=33.3ms expected=12.0ms exceeded threshold corr=frames-73d6 | thread=main
04-17 08:23:17.587 W/RLT     ( 1866): +510479ms [JANK] frame=253 actual=33.3ms expected=12.0ms exceeded threshold corr=frames-73d6 | thread=main
04-17 08:23:17.620 W/RLT     ( 1866): +510513ms [JANK] frame=254 actual=33.3ms expected=12.0ms exceeded threshold corr=frames-73d6 | thread=main
04-17 08:23:17.653 W/RLT     ( 1866): +510545ms [JANK] frame=255 actual=33.3ms expected=12.0ms exceeded threshold corr=frames-73d6 | thread=main
04-17 08:23:17.686 W/RLT     ( 1866): +510578ms [JANK] frame=256 actual=33.3ms expected=12.0ms exceeded threshold corr=frames-73d6 | thread=main
04-17 08:23:17.721 W/RLT     ( 1866): +510613ms [JANK] frame=257 actual=33.3ms expected=12.0ms exceeded threshold corr=frames-73d6 | thread=main
04-17 08:23:17.753 W/RLT     ( 1866): +510645ms [JANK] frame=258 actual=33.3ms expected=12.0ms exceeded threshold corr=frames-73d6 | thread=main
04-17 08:23:17.786 W/RLT     ( 1866): +510678ms [JANK] frame=259 actual=33.3ms expected=12.0ms exceeded threshold corr=frames-73d6 | thread=main
04-17 08:23:17.819 W/RLT     ( 1866): +510712ms [JANK] frame=260 actual=33.3ms expected=12.0ms exceeded threshold corr=frames-73d6 | thread=main
04-17 08:23:17.853 W/RLT     ( 1866): +510745ms [JANK] frame=261 actual=33.3ms expected=12.0ms exceeded threshold corr=frames-73d6 | thread=main
04-17 08:23:17.886 W/RLT     ( 1866): +510779ms [JANK] frame=262 actual=33.3ms expected=12.0ms exceeded threshold corr=frames-73d6 | thread=main
04-17 08:23:17.919 W/RLT     ( 1866): +510812ms [JANK] frame=263 actual=33.3ms expected=12.0ms exceeded threshold corr=frames-73d6 | thread=main
04-17 08:23:17.952 W/RLT     ( 1866): +510845ms [JANK] frame=264 actual=33.3ms expected=12.0ms exceeded threshold corr=frames-73d6 | thread=main
04-17 08:23:17.986 W/RLT     ( 1866): +510879ms [JANK] frame=265 actual=33.3ms expected=12.0ms exceeded threshold corr=frames-73d6 | thread=main
04-17 08:23:18.020 W/RLT     ( 1866): +510912ms [JANK] frame=266 actual=33.3ms expected=12.0ms exceeded threshold corr=frames-73d6 | thread=main
04-17 08:23:18.052 W/RLT     ( 1866): +510945ms [JANK] frame=267 actual=33.3ms expected=12.0ms exceeded threshold corr=frames-73d6 | thread=main
04-17 08:23:18.086 W/RLT     ( 1866): +510979ms [JANK] frame=268 actual=33.3ms expected=12.0ms exceeded threshold corr=frames-73d6 | thread=main
04-17 08:23:18.119 W/RLT     ( 1866): +511011ms [JANK] frame=269 actual=33.3ms expected=12.0ms exceeded threshold corr=frames-73d6 | thread=main
04-17 08:23:18.153 W/RLT     ( 1866): +511045ms [JANK] frame=270 actual=33.3ms expected=12.0ms exceeded threshold corr=frames-73d6 | thread=main
04-17 08:23:18.185 W/RLT     ( 1866): +511078ms [JANK] frame=271 actual=33.3ms expected=12.0ms exceeded threshold corr=frames-73d6 | thread=main
04-17 08:23:18.219 W/RLT     ( 1866): +511112ms [JANK] frame=272 actual=33.3ms expected=12.0ms exceeded threshold corr=frames-73d6 | thread=main
04-17 08:23:18.252 W/RLT     ( 1866): +511144ms [JANK] frame=273 actual=33.3ms expected=12.0ms exceeded threshold corr=frames-73d6 | thread=main
04-17 08:23:18.286 W/RLT     ( 1866): +511178ms [JANK] frame=274 actual=33.3ms expected=12.0ms exceeded threshold corr=frames-73d6 | thread=main
04-17 08:23:18.319 W/RLT     ( 1866): +511212ms [JANK] frame=275 actual=33.3ms expected=12.0ms exceeded threshold corr=frames-73d6 | thread=main
04-17 08:23:18.351 W/RLT     ( 1866): +511244ms [JANK] frame=276 actual=33.3ms expected=12.0ms exceeded threshold corr=frames-73d6 | thread=main
04-17 08:23:18.386 W/RLT     ( 1866): +511278ms [JANK] frame=277 actual=33.3ms expected=12.0ms exceeded threshold corr=frames-73d6 | thread=main
04-17 08:23:18.418 W/RLT     ( 1866): +511311ms [JANK] frame=278 actual=33.3ms expected=12.0ms exceeded threshold corr=frames-73d6 | thread=main
04-17 08:23:18.451 W/RLT     ( 1866): +511344ms [JANK] frame=279 actual=33.3ms expected=12.0ms exceeded threshold corr=frames-73d6 | thread=main
04-17 08:23:18.485 W/RLT     ( 1866): +511377ms [JANK] frame=280 actual=33.3ms expected=12.0ms exceeded threshold corr=frames-73d6 | thread=main
04-17 08:23:18.519 W/RLT     ( 1866): +511411ms [JANK] frame=281 actual=33.3ms expected=12.0ms exceeded threshold corr=frames-73d6 | thread=main
04-17 08:23:18.552 W/RLT     ( 1866): +511444ms [JANK] frame=282 actual=33.3ms expected=12.0ms exceeded threshold corr=frames-73d6 | thread=main
04-17 08:23:18.584 W/RLT     ( 1866): +511477ms [JANK] frame=283 actual=33.3ms expected=12.0ms exceeded threshold corr=frames-73d6 | thread=main
04-17 08:23:18.619 W/RLT     ( 1866): +511512ms [JANK] frame=284 actual=33.3ms expected=12.0ms exceeded threshold corr=frames-73d6 | thread=main
04-17 08:23:18.651 W/RLT     ( 1866): +511544ms [JANK] frame=285 actual=33.3ms expected=12.0ms exceeded threshold corr=frames-73d6 | thread=main
04-17 08:23:18.684 W/RLT     ( 1866): +511577ms [JANK] frame=286 actual=33.3ms expected=12.0ms exceeded threshold corr=frames-73d6 | thread=main
04-17 08:23:18.719 W/RLT     ( 1866): +511611ms [JANK] frame=287 actual=33.3ms expected=12.0ms exceeded threshold corr=frames-73d6 | thread=main
04-17 08:23:18.751 W/RLT     ( 1866): +511643ms [JANK] frame=288 actual=33.3ms expected=12.0ms exceeded threshold corr=frames-73d6 | thread=main
04-17 08:23:18.784 W/RLT     ( 1866): +511676ms [JANK] frame=289 actual=33.3ms expected=12.0ms exceeded threshold corr=frames-73d6 | thread=main
04-17 08:23:18.817 W/RLT     ( 1866): +511709ms [JANK] frame=290 actual=33.3ms expected=12.0ms exceeded threshold corr=frames-73d6 | thread=main
04-17 08:23:18.850 W/RLT     ( 1866): +511743ms [JANK] frame=291 actual=33.3ms expected=12.0ms exceeded threshold corr=frames-73d6 | thread=main
04-17 08:23:18.884 W/RLT     ( 1866): +511776ms [JANK] frame=292 actual=33.3ms expected=12.0ms exceeded threshold corr=frames-73d6 | thread=main
04-17 08:23:18.918 W/RLT     ( 1866): +511810ms [JANK] frame=293 actual=33.3ms expected=12.0ms exceeded threshold corr=frames-73d6 | thread=main
04-17 08:23:18.951 W/RLT     ( 1866): +511843ms [JANK] frame=294 actual=33.3ms expected=12.0ms exceeded threshold corr=frames-73d6 | thread=main
04-17 08:23:18.984 W/RLT     ( 1866): +511877ms [JANK] frame=295 actual=33.3ms expected=12.0ms exceeded threshold corr=frames-73d6 | thread=main
04-17 08:23:19.016 W/RLT     ( 1866): +511909ms [JANK] frame=296 actual=33.3ms expected=12.0ms exceeded threshold corr=frames-73d6 | thread=main
04-17 08:23:19.050 W/RLT     ( 1866): +511943ms [JANK] frame=297 actual=33.3ms expected=12.0ms exceeded threshold corr=frames-73d6 | thread=main
04-17 08:23:19.084 W/RLT     ( 1866): +511976ms [JANK] frame=298 actual=33.3ms expected=12.0ms exceeded threshold corr=frames-73d6 | thread=main
04-17 08:23:19.117 W/RLT     ( 1866): +512010ms [JANK] frame=299 actual=33.3ms expected=12.0ms exceeded threshold corr=frames-73d6 | thread=main
04-17 08:23:19.151 W/RLT     ( 1866): +512043ms [JANK] frame=300 actual=33.3ms expected=12.0ms exceeded threshold corr=frames-73d6 | thread=main
04-17 08:23:19.183 W/RLT     ( 1866): +512076ms [JANK] frame=301 actual=33.3ms expected=12.0ms exceeded threshold corr=frames-73d6 | thread=main
04-17 08:23:19.217 W/RLT     ( 1866): +512109ms [JANK] frame=302 actual=33.3ms expected=12.0ms exceeded threshold corr=frames-73d6 | thread=main
04-17 08:23:19.250 W/RLT     ( 1866): +512143ms [JANK] frame=303 actual=33.3ms expected=12.0ms exceeded threshold corr=frames-73d6 | thread=main
04-17 08:23:19.283 W/RLT     ( 1866): +512176ms [JANK] frame=304 actual=33.3ms expected=12.0ms exceeded threshold corr=frames-73d6 | thread=main
04-17 08:23:19.316 W/RLT     ( 1866): +512209ms [JANK] frame=305 actual=33.3ms expected=12.0ms exceeded threshold corr=frames-73d6 | thread=main
04-17 08:23:19.324 I/LorieNative( 8207): choreographer callbacks in 5.0 seconds = 30.2 FPS
04-17 08:23:19.324 I/LorieNative( 8207): redraw wakeups in 5.0 seconds = 30.2 FPS
04-17 08:23:19.324 I/LorieNative( 8207): damage-triggered redraws in 5.0 seconds = 0.0 FPS
04-17 08:23:19.324 I/LorieNative( 8207): AhbLockTrace: sticky=0 lock_calls=0 unlock_calls=0 sticky_hits=0 flush_skipped=0 in 5.0s
04-17 08:23:19.324 I/LorieNative( 8207): present flip attempts in 5.0 seconds = 0.0 FPS (accepted 0.0, rejected 0.0)
04-17 08:23:19.324 I/LorieNative( 8207): present after-flips in 5.0 seconds = 0.0 FPS
04-17 08:23:19.349 W/RLT     ( 1866): +512242ms [JANK] frame=306 actual=33.3ms expected=12.0ms exceeded threshold corr=frames-73d6 | thread=main
04-17 08:23:19.383 W/RLT     ( 1866): +512276ms [JANK] frame=307 actual=33.3ms expected=12.0ms exceeded threshold corr=frames-73d6 | thread=main
04-17 08:23:19.420 W/RLT     ( 1866): +512312ms [JANK] frame=308 actual=33.3ms expected=12.0ms exceeded threshold corr=frames-73d6 | thread=main
04-17 08:23:19.449 W/RLT     ( 1866): +512342ms [JANK] frame=309 actual=33.3ms expected=12.0ms exceeded threshold corr=frames-73d6 | thread=main
04-17 08:23:19.483 W/RLT     ( 1866): +512375ms [JANK] frame=310 actual=33.3ms expected=12.0ms exceeded threshold corr=frames-73d6 | thread=main
04-17 08:23:19.517 W/RLT     ( 1866): +512409ms [JANK] frame=311 actual=33.3ms expected=12.0ms exceeded threshold corr=frames-73d6 | thread=main
04-17 08:23:19.550 W/RLT     ( 1866): +512442ms [JANK] frame=312 actual=33.3ms expected=12.0ms exceeded threshold corr=frames-73d6 | thread=main
04-17 08:23:19.583 W/RLT     ( 1866): +512475ms [JANK] frame=313 actual=33.3ms expected=12.0ms exceeded threshold corr=frames-73d6 | thread=main
04-17 08:23:19.616 W/RLT     ( 1866): +512509ms [JANK] frame=314 actual=33.3ms expected=12.0ms exceeded threshold corr=frames-73d6 | thread=main
04-17 08:23:19.649 W/RLT     ( 1866): +512541ms [JANK] frame=315 actual=33.3ms expected=12.0ms exceeded threshold corr=frames-73d6 | thread=main
04-17 08:23:19.683 W/RLT     ( 1866): +512576ms [JANK] frame=316 actual=33.3ms expected=12.0ms exceeded threshold corr=frames-73d6 | thread=main
04-17 08:23:19.716 W/RLT     ( 1866): +512608ms [JANK] frame=317 actual=33.3ms expected=12.0ms exceeded threshold corr=frames-73d6 | thread=main
04-17 08:23:19.749 W/RLT     ( 1866): +512642ms [JANK] frame=318 actual=33.3ms expected=12.0ms exceeded threshold corr=frames-73d6 | thread=main
04-17 08:23:19.782 W/RLT     ( 1866): +512674ms [JANK] frame=319 actual=33.3ms expected=12.0ms exceeded threshold corr=frames-73d6 | thread=main
04-17 08:23:19.815 W/RLT     ( 1866): +512708ms [JANK] frame=320 actual=33.3ms expected=12.0ms exceeded threshold corr=frames-73d6 | thread=main
04-17 08:23:19.849 W/RLT     ( 1866): +512741ms [JANK] frame=321 actual=33.3ms expected=12.0ms exceeded threshold corr=frames-73d6 | thread=main
04-17 08:23:19.882 W/RLT     ( 1866): +512774ms [JANK] frame=322 actual=33.3ms expected=12.0ms exceeded threshold corr=frames-73d6 | thread=main
04-17 08:23:19.915 W/RLT     ( 1866): +512808ms [JANK] frame=323 actual=33.3ms expected=12.0ms exceeded threshold corr=frames-73d6 | thread=main
04-17 08:23:19.948 W/RLT     ( 1866): +512841ms [JANK] frame=324 actual=33.3ms expected=12.0ms exceeded threshold corr=frames-73d6 | thread=main
04-17 08:23:19.982 W/RLT     ( 1866): +512874ms [JANK] frame=325 actual=33.3ms expected=12.0ms exceeded threshold corr=frames-73d6 | thread=main
04-17 08:23:20.018 W/RLT     ( 1866): +512910ms [JANK] frame=326 actual=33.3ms expected=12.0ms exceeded threshold corr=frames-73d6 | thread=main
04-17 08:23:20.048 W/RLT     ( 1866): +512941ms [JANK] frame=327 actual=33.3ms expected=12.0ms exceeded threshold corr=frames-73d6 | thread=main
04-17 08:23:20.082 W/RLT     ( 1866): +512974ms [JANK] frame=328 actual=33.3ms expected=12.0ms exceeded threshold corr=frames-73d6 | thread=main
04-17 08:23:20.115 W/RLT     ( 1866): +513008ms [JANK] frame=329 actual=33.3ms expected=12.0ms exceeded threshold corr=frames-73d6 | thread=main
04-17 08:23:20.148 W/RLT     ( 1866): +513040ms [JANK] frame=330 actual=33.3ms expected=12.0ms exceeded threshold corr=frames-73d6 | thread=main
04-17 08:23:20.182 W/RLT     ( 1866): +513074ms [JANK] frame=331 actual=33.3ms expected=12.0ms exceeded threshold corr=frames-73d6 | thread=main
04-17 08:23:20.215 W/RLT     ( 1866): +513107ms [JANK] frame=332 actual=33.3ms expected=12.0ms exceeded threshold corr=frames-73d6 | thread=main
04-17 08:23:20.247 W/RLT     ( 1866): +513140ms [JANK] frame=333 actual=33.3ms expected=12.0ms exceeded threshold corr=frames-73d6 | thread=main
04-17 08:23:20.281 W/RLT     ( 1866): +513174ms [JANK] frame=334 actual=33.3ms expected=12.0ms exceeded threshold corr=frames-73d6 | thread=main
04-17 08:23:20.315 W/RLT     ( 1866): +513207ms [JANK] frame=335 actual=33.3ms expected=12.0ms exceeded threshold corr=frames-73d6 | thread=main
04-17 08:23:20.317 I/RLT     ( 1866): +513210ms [PERF] PERF_SUMMARY:   renderer_fps=0.0 wait_choreo_pct=0 wait_content_pct=0 wait_state_pct=0 | thread=perf-dashboard
04-17 08:23:20.346 W/RLT     ( 1866): +513239ms [JANK] frame=336 actual=33.3ms expected=12.0ms exceeded threshold corr=frames-73d6 | thread=main
04-17 08:23:20.382 W/RLT     ( 1866): +513274ms [JANK] frame=337 actual=33.3ms expected=12.0ms exceeded threshold corr=frames-73d6 | thread=main
04-17 08:23:20.413 W/RLT     ( 1866): +513306ms [JANK] frame=338 actual=33.3ms expected=12.0ms exceeded threshold corr=frames-73d6 | thread=main
04-17 08:23:20.447 W/RLT     ( 1866): +513339ms [JANK] frame=339 actual=33.3ms expected=12.0ms exceeded threshold corr=frames-73d6 | thread=main
04-17 08:23:20.480 W/RLT     ( 1866): +513372ms [JANK] frame=340 actual=33.3ms expected=12.0ms exceeded threshold corr=frames-73d6 | thread=main
04-17 08:23:20.513 W/RLT     ( 1866): +513406ms [JANK] frame=341 actual=33.3ms expected=12.0ms exceeded threshold corr=frames-73d6 | thread=main
04-17 08:23:20.546 W/RLT     ( 1866): +513438ms [JANK] frame=342 actual=33.3ms expected=12.0ms exceeded threshold corr=frames-73d6 | thread=main
04-17 08:23:20.579 W/RLT     ( 1866): +513472ms [JANK] frame=343 actual=33.3ms expected=12.0ms exceeded threshold corr=frames-73d6 | thread=main
04-17 08:23:20.614 W/RLT     ( 1866): +513506ms [JANK] frame=344 actual=33.3ms expected=12.0ms exceeded threshold corr=frames-73d6 | thread=main
04-17 08:23:20.648 W/RLT     ( 1866): +513540ms [JANK] frame=345 actual=33.3ms expected=12.0ms exceeded threshold corr=frames-73d6 | thread=main
04-17 08:23:20.680 W/RLT     ( 1866): +513573ms [JANK] frame=346 actual=33.3ms expected=12.0ms exceeded threshold corr=frames-73d6 | thread=main
04-17 08:23:20.714 W/RLT     ( 1866): +513607ms [JANK] frame=347 actual=33.3ms expected=12.0ms exceeded threshold corr=frames-73d6 | thread=main
04-17 08:23:20.746 W/RLT     ( 1866): +513638ms [JANK] frame=348 actual=33.3ms expected=12.0ms exceeded threshold corr=frames-73d6 | thread=main
04-17 08:23:20.779 W/RLT     ( 1866): +513672ms [JANK] frame=349 actual=33.3ms expected=12.0ms exceeded threshold corr=frames-73d6 | thread=main
04-17 08:23:20.814 W/RLT     ( 1866): +513706ms [JANK] frame=350 actual=33.3ms expected=12.0ms exceeded threshold corr=frames-73d6 | thread=main
04-17 08:23:20.847 W/RLT     ( 1866): +513740ms [JANK] frame=351 actual=33.3ms expected=12.0ms exceeded threshold corr=frames-73d6 | thread=main
04-17 08:23:20.880 W/RLT     ( 1866): +513773ms [JANK] frame=352 actual=33.3ms expected=12.0ms exceeded threshold corr=frames-73d6 | thread=main
04-17 08:23:20.914 W/RLT     ( 1866): +513806ms [JANK] frame=353 actual=33.3ms expected=12.0ms exceeded threshold corr=frames-73d6 | thread=main
04-17 08:23:20.946 W/RLT     ( 1866): +513839ms [JANK] frame=354 actual=33.3ms expected=12.0ms exceeded threshold corr=frames-73d6 | thread=main
04-17 08:23:20.980 W/RLT     ( 1866): +513872ms [JANK] frame=355 actual=33.3ms expected=12.0ms exceeded threshold corr=frames-73d6 | thread=main
04-17 08:23:21.015 W/RLT     ( 1866): +513908ms [JANK] frame=356 actual=33.3ms expected=12.0ms exceeded threshold corr=frames-73d6 | thread=main
04-17 08:23:21.046 W/RLT     ( 1866): +513938ms [JANK] frame=357 actual=33.3ms expected=12.0ms exceeded threshold corr=frames-73d6 | thread=main
04-17 08:23:21.078 W/RLT     ( 1866): +513970ms [JANK] frame=358 actual=33.3ms expected=12.0ms exceeded threshold corr=frames-73d6 | thread=main
04-17 08:23:21.112 W/RLT     ( 1866): +514004ms [JANK] frame=359 actual=33.3ms expected=12.0ms exceeded threshold corr=frames-73d6 | thread=main
04-17 08:23:21.145 I/RLT     ( 1866): +514037ms [THREAD] Choreographer->main op=doFrame frame=360 | thread=main
04-17 08:23:21.147 I/RLT     ( 1866): +514039ms [FRAME] fps=30.1 jank=220 p99=33.3ms heap=16MB periodic corr=frames-73d6 | thread=main
04-17 08:23:21.147 W/RLT     ( 1866): +514040ms [JANK] frame=360 actual=33.3ms expected=12.0ms exceeded threshold corr=frames-73d6 | thread=main
04-17 08:23:21.178 W/RLT     ( 1866): +514071ms [JANK] frame=361 actual=33.3ms expected=12.0ms exceeded threshold corr=frames-73d6 | thread=main
04-17 08:23:21.211 W/RLT     ( 1866): +514104ms [JANK] frame=362 actual=33.3ms expected=12.0ms exceeded threshold corr=frames-73d6 | thread=main
04-17 08:23:21.238 I/RLT     ( 8573): CPUSET virgl-ready pid=8513 cpuset=/moderate
04-17 08:23:21.245 W/RLT     ( 1866): +514137ms [JANK] frame=363 actual=33.3ms expected=12.0ms exceeded threshold corr=frames-73d6 | thread=main
04-17 08:23:21.277 W/RLT     ( 1866): +514170ms [JANK] frame=364 actual=33.3ms expected=12.0ms exceeded threshold corr=frames-73d6 | thread=main
04-17 08:23:21.311 W/RLT     ( 1866): +514203ms [JANK] frame=365 actual=33.3ms expected=12.0ms exceeded threshold corr=frames-73d6 | thread=main
04-17 08:23:21.344 W/RLT     ( 1866): +514236ms [JANK] frame=366 actual=33.3ms expected=12.0ms exceeded threshold corr=frames-73d6 | thread=main
04-17 08:23:21.378 W/RLT     ( 1866): +514271ms [JANK] frame=367 actual=33.3ms expected=12.0ms exceeded threshold corr=frames-73d6 | thread=main
04-17 08:23:21.410 W/RLT     ( 1866): +514303ms [JANK] frame=368 actual=33.3ms expected=12.0ms exceeded threshold corr=frames-73d6 | thread=main
04-17 08:23:21.444 W/RLT     ( 1866): +514336ms [JANK] frame=369 actual=33.3ms expected=12.0ms exceeded threshold corr=frames-73d6 | thread=main
04-17 08:23:21.477 W/RLT     ( 1866): +514369ms [JANK] frame=370 actual=33.3ms expected=12.0ms exceeded threshold corr=frames-73d6 | thread=main
04-17 08:23:21.510 W/RLT     ( 1866): +514403ms [JANK] frame=371 actual=33.3ms expected=12.0ms exceeded threshold corr=frames-73d6 | thread=main
04-17 08:23:21.544 W/RLT     ( 1866): +514436ms [JANK] frame=372 actual=33.3ms expected=12.0ms exceeded threshold corr=frames-73d6 | thread=main
04-17 08:23:21.577 W/RLT     ( 1866): +514469ms [JANK] frame=373 actual=33.3ms expected=12.0ms exceeded threshold corr=frames-73d6 | thread=main
04-17 08:23:21.610 W/RLT     ( 1866): +514503ms [JANK] frame=374 actual=33.3ms expected=12.0ms exceeded threshold corr=frames-73d6 | thread=main
04-17 08:23:21.643 W/RLT     ( 1866): +514536ms [JANK] frame=375 actual=33.3ms expected=12.0ms exceeded threshold corr=frames-73d6 | thread=main
04-17 08:23:21.676 W/RLT     ( 1866): +514569ms [JANK] frame=376 actual=33.3ms expected=12.0ms exceeded threshold corr=frames-73d6 | thread=main
04-17 08:23:21.710 W/RLT     ( 1866): +514603ms [JANK] frame=377 actual=33.3ms expected=12.0ms exceeded threshold corr=frames-73d6 | thread=main
04-17 08:23:21.743 W/RLT     ( 1866): +514636ms [JANK] frame=378 actual=33.3ms expected=12.0ms exceeded threshold corr=frames-73d6 | thread=main
04-17 08:23:21.776 W/RLT     ( 1866): +514669ms [JANK] frame=379 actual=33.3ms expected=12.0ms exceeded threshold corr=frames-73d6 | thread=main
04-17 08:23:21.810 W/RLT     ( 1866): +514702ms [JANK] frame=380 actual=33.3ms expected=12.0ms exceeded threshold corr=frames-73d6 | thread=main
04-17 08:23:21.843 W/RLT     ( 1866): +514735ms [JANK] frame=381 actual=33.3ms expected=12.0ms exceeded threshold corr=frames-73d6 | thread=main
04-17 08:23:21.876 W/RLT     ( 1866): +514769ms [JANK] frame=382 actual=33.3ms expected=12.0ms exceeded threshold corr=frames-73d6 | thread=main
04-17 08:23:21.910 W/RLT     ( 1866): +514802ms [JANK] frame=383 actual=33.3ms expected=12.0ms exceeded threshold corr=frames-73d6 | thread=main
04-17 08:23:21.943 W/RLT     ( 1866): +514835ms [JANK] frame=384 actual=33.3ms expected=12.0ms exceeded threshold corr=frames-73d6 | thread=main
04-17 08:23:21.976 W/RLT     ( 1866): +514868ms [JANK] frame=385 actual=33.3ms expected=12.0ms exceeded threshold corr=frames-73d6 | thread=main
04-17 08:23:22.009 W/RLT     ( 1866): +514902ms [JANK] frame=386 actual=33.3ms expected=12.0ms exceeded threshold corr=frames-73d6 | thread=main
04-17 08:23:22.042 W/RLT     ( 1866): +514935ms [JANK] frame=387 actual=33.3ms expected=12.0ms exceeded threshold corr=frames-73d6 | thread=main
04-17 08:23:22.076 W/RLT     ( 1866): +514968ms [JANK] frame=388 actual=33.3ms expected=12.0ms exceeded threshold corr=frames-73d6 | thread=main
04-17 08:23:22.109 W/RLT     ( 1866): +515001ms [JANK] frame=389 actual=33.3ms expected=12.0ms exceeded threshold corr=frames-73d6 | thread=main
04-17 08:23:22.142 W/RLT     ( 1866): +515035ms [JANK] frame=390 actual=33.3ms expected=12.0ms exceeded threshold corr=frames-73d6 | thread=main
04-17 08:23:22.175 W/RLT     ( 1866): +515068ms [JANK] frame=391 actual=33.3ms expected=12.0ms exceeded threshold corr=frames-73d6 | thread=main
04-17 08:23:22.209 W/RLT     ( 1866): +515101ms [JANK] frame=392 actual=33.3ms expected=12.0ms exceeded threshold corr=frames-73d6 | thread=main
04-17 08:23:22.242 W/RLT     ( 1866): +515135ms [JANK] frame=393 actual=33.3ms expected=12.0ms exceeded threshold corr=frames-73d6 | thread=main
04-17 08:23:22.275 W/RLT     ( 1866): +515168ms [JANK] frame=394 actual=33.3ms expected=12.0ms exceeded threshold corr=frames-73d6 | thread=main
04-17 08:23:22.308 W/RLT     ( 1866): +515201ms [JANK] frame=395 actual=33.3ms expected=12.0ms exceeded threshold corr=frames-73d6 | thread=main
04-17 08:23:22.343 W/RLT     ( 1866): +515235ms [JANK] frame=396 actual=33.3ms expected=12.0ms exceeded threshold corr=frames-73d6 | thread=main
04-17 08:23:22.375 W/RLT     ( 1866): +515268ms [JANK] frame=397 actual=33.3ms expected=12.0ms exceeded threshold corr=frames-73d6 | thread=main
04-17 08:23:22.408 W/RLT     ( 1866): +515301ms [JANK] frame=398 actual=33.3ms expected=12.0ms exceeded threshold corr=frames-73d6 | thread=main
04-17 08:23:22.442 W/RLT     ( 1866): +515334ms [JANK] frame=399 actual=33.3ms expected=12.0ms exceeded threshold corr=frames-73d6 | thread=main
04-17 08:23:22.475 W/RLT     ( 1866): +515367ms [JANK] frame=400 actual=33.3ms expected=12.0ms exceeded threshold corr=frames-73d6 | thread=main
04-17 08:23:22.508 W/RLT     ( 1866): +515400ms [JANK] frame=401 actual=33.3ms expected=12.0ms exceeded threshold corr=frames-73d6 | thread=main
04-17 08:23:22.542 W/RLT     ( 1866): +515435ms [JANK] frame=402 actual=33.3ms expected=12.0ms exceeded threshold corr=frames-73d6 | thread=main
04-17 08:23:22.575 W/RLT     ( 1866): +515468ms [JANK] frame=403 actual=33.3ms expected=12.0ms exceeded threshold corr=frames-73d6 | thread=main
04-17 08:23:22.610 W/RLT     ( 1866): +515503ms [JANK] frame=404 actual=33.3ms expected=12.0ms exceeded threshold corr=frames-73d6 | thread=main
04-17 08:23:22.643 W/RLT     ( 1866): +515535ms [JANK] frame=405 actual=33.3ms expected=12.0ms exceeded threshold corr=frames-73d6 | thread=main
04-17 08:23:22.676 W/RLT     ( 1866): +515569ms [JANK] frame=406 actual=33.3ms expected=12.0ms exceeded threshold corr=frames-73d6 | thread=main
04-17 08:23:22.710 W/RLT     ( 1866): +515602ms [JANK] frame=407 actual=33.3ms expected=12.0ms exceeded threshold corr=frames-73d6 | thread=main
04-17 08:23:22.743 W/RLT     ( 1866): +515635ms [JANK] frame=408 actual=33.3ms expected=12.0ms exceeded threshold corr=frames-73d6 | thread=main
04-17 08:23:22.775 W/RLT     ( 1866): +515668ms [JANK] frame=409 actual=33.3ms expected=12.0ms exceeded threshold corr=frames-73d6 | thread=main
04-17 08:23:22.809 W/RLT     ( 1866): +515701ms [JANK] frame=410 actual=33.3ms expected=12.0ms exceeded threshold corr=frames-73d6 | thread=main
04-17 08:23:22.843 W/RLT     ( 1866): +515735ms [JANK] frame=411 actual=33.3ms expected=12.0ms exceeded threshold corr=frames-73d6 | thread=main
04-17 08:23:22.875 W/RLT     ( 1866): +515768ms [JANK] frame=412 actual=33.3ms expected=12.0ms exceeded threshold corr=frames-73d6 | thread=main
04-17 08:23:22.909 W/RLT     ( 1866): +515801ms [JANK] frame=413 actual=33.3ms expected=12.0ms exceeded threshold corr=frames-73d6 | thread=main
04-17 08:23:22.942 W/RLT     ( 1866): +515835ms [JANK] frame=414 actual=33.3ms expected=12.0ms exceeded threshold corr=frames-73d6 | thread=main
04-17 08:23:22.976 W/RLT     ( 1866): +515868ms [JANK] frame=415 actual=33.3ms expected=12.0ms exceeded threshold corr=frames-73d6 | thread=main
04-17 08:23:23.008 W/RLT     ( 1866): +515901ms [JANK] frame=416 actual=33.3ms expected=12.0ms exceeded threshold corr=frames-73d6 | thread=main
04-17 08:23:23.042 W/RLT     ( 1866): +515935ms [JANK] frame=417 actual=33.3ms expected=12.0ms exceeded threshold corr=frames-73d6 | thread=main
04-17 08:23:23.075 W/RLT     ( 1866): +515967ms [JANK] frame=418 actual=33.3ms expected=12.0ms exceeded threshold corr=frames-73d6 | thread=main
04-17 08:23:23.109 W/RLT     ( 1866): +516001ms [JANK] frame=419 actual=33.3ms expected=12.0ms exceeded threshold corr=frames-73d6 | thread=main
04-17 08:23:23.142 W/RLT     ( 1866): +516034ms [JANK] frame=420 actual=33.3ms expected=12.0ms exceeded threshold corr=frames-73d6 | thread=main
04-17 08:23:23.175 W/RLT     ( 1866): +516068ms [JANK] frame=421 actual=33.3ms expected=12.0ms exceeded threshold corr=frames-73d6 | thread=main
04-17 08:23:23.211 W/RLT     ( 1866): +516104ms [JANK] frame=422 actual=33.3ms expected=12.0ms exceeded threshold corr=frames-73d6 | thread=main
04-17 08:23:23.241 W/RLT     ( 1866): +516134ms [JANK] frame=423 actual=33.3ms expected=12.0ms exceeded threshold corr=frames-73d6 | thread=main
04-17 08:23:23.275 W/RLT     ( 1866): +516167ms [JANK] frame=424 actual=33.3ms expected=12.0ms exceeded threshold corr=frames-73d6 | thread=main
04-17 08:23:23.309 W/RLT     ( 1866): +516201ms [JANK] frame=425 actual=33.3ms expected=12.0ms exceeded threshold corr=frames-73d6 | thread=main
04-17 08:23:23.341 W/RLT     ( 1866): +516233ms [JANK] frame=426 actual=33.3ms expected=12.0ms exceeded threshold corr=frames-73d6 | thread=main
04-17 08:23:23.376 W/RLT     ( 1866): +516268ms [JANK] frame=427 actual=33.3ms expected=12.0ms exceeded threshold corr=frames-73d6 | thread=main
04-17 08:23:23.408 W/RLT     ( 1866): +516300ms [JANK] frame=428 actual=33.3ms expected=12.0ms exceeded threshold corr=frames-73d6 | thread=main
04-17 08:23:23.441 W/RLT     ( 1866): +516333ms [JANK] frame=429 actual=33.3ms expected=12.0ms exceeded threshold corr=frames-73d6 | thread=main
04-17 08:23:23.474 W/RLT     ( 1866): +516367ms [JANK] frame=430 actual=33.3ms expected=12.0ms exceeded threshold corr=frames-73d6 | thread=main
04-17 08:23:23.508 W/RLT     ( 1866): +516400ms [JANK] frame=431 actual=33.3ms expected=12.0ms exceeded threshold corr=frames-73d6 | thread=main
04-17 08:23:23.541 W/RLT     ( 1866): +516433ms [JANK] frame=432 actual=33.3ms expected=12.0ms exceeded threshold corr=frames-73d6 | thread=main
04-17 08:23:23.575 W/RLT     ( 1866): +516468ms [JANK] frame=433 actual=33.3ms expected=12.0ms exceeded threshold corr=frames-73d6 | thread=main
04-17 08:23:23.607 W/RLT     ( 1866): +516500ms [JANK] frame=434 actual=33.3ms expected=12.0ms exceeded threshold corr=frames-73d6 | thread=main
04-17 08:23:23.640 W/RLT     ( 1866): +516533ms [JANK] frame=435 actual=33.3ms expected=12.0ms exceeded threshold corr=frames-73d6 | thread=main
04-17 08:23:23.674 W/RLT     ( 1866): +516567ms [JANK] frame=436 actual=33.3ms expected=12.0ms exceeded threshold corr=frames-73d6 | thread=main
04-17 08:23:23.710 W/RLT     ( 1866): +516602ms [JANK] frame=437 actual=33.3ms expected=12.0ms exceeded threshold corr=frames-73d6 | thread=main
04-17 08:23:23.743 W/RLT     ( 1866): +516635ms [JANK] frame=438 actual=33.3ms expected=12.0ms exceeded threshold corr=frames-73d6 | thread=main
04-17 08:23:23.773 W/RLT     ( 1866): +516666ms [JANK] frame=439 actual=33.3ms expected=12.0ms exceeded threshold corr=frames-73d6 | thread=main
04-17 08:23:23.807 W/RLT     ( 1866): +516699ms [JANK] frame=440 actual=33.3ms expected=12.0ms exceeded threshold corr=frames-73d6 | thread=main
04-17 08:23:23.842 W/RLT     ( 1866): +516735ms [JANK] frame=441 actual=33.3ms expected=12.0ms exceeded threshold corr=frames-73d6 | thread=main
04-17 08:23:23.874 W/RLT     ( 1866): +516766ms [JANK] frame=442 actual=33.3ms expected=12.0ms exceeded threshold corr=frames-73d6 | thread=main
04-17 08:23:23.907 W/RLT     ( 1866): +516799ms [JANK] frame=443 actual=33.3ms expected=12.0ms exceeded threshold corr=frames-73d6 | thread=main
04-17 08:23:23.940 W/RLT     ( 1866): +516833ms [JANK] frame=444 actual=33.3ms expected=12.0ms exceeded threshold corr=frames-73d6 | thread=main
04-17 08:23:23.975 W/RLT     ( 1866): +516867ms [JANK] frame=445 actual=33.3ms expected=12.0ms exceeded threshold corr=frames-73d6 | thread=main
04-17 08:23:24.007 W/RLT     ( 1866): +516900ms [JANK] frame=446 actual=33.3ms expected=12.0ms exceeded threshold corr=frames-73d6 | thread=main
04-17 08:23:24.040 W/RLT     ( 1866): +516933ms [JANK] frame=447 actual=33.3ms expected=12.0ms exceeded threshold corr=frames-73d6 | thread=main
04-17 08:23:24.074 W/RLT     ( 1866): +516966ms [JANK] frame=448 actual=33.3ms expected=12.0ms exceeded threshold corr=frames-73d6 | thread=main
04-17 08:23:24.107 W/RLT     ( 1866): +516999ms [JANK] frame=449 actual=33.3ms expected=12.0ms exceeded threshold corr=frames-73d6 | thread=main
04-17 08:23:24.139 W/RLT     ( 1866): +517032ms [JANK] frame=450 actual=33.3ms expected=12.0ms exceeded threshold corr=frames-73d6 | thread=main
04-17 08:23:24.173 W/RLT     ( 1866): +517065ms [JANK] frame=451 actual=33.3ms expected=12.0ms exceeded threshold corr=frames-73d6 | thread=main
04-17 08:23:24.209 W/RLT     ( 1866): +517101ms [JANK] frame=452 actual=33.3ms expected=12.0ms exceeded threshold corr=frames-73d6 | thread=main
04-17 08:23:24.242 W/RLT     ( 1866): +517135ms [JANK] frame=453 actual=33.3ms expected=12.0ms exceeded threshold corr=frames-73d6 | thread=main
04-17 08:23:24.272 W/RLT     ( 1866): +517165ms [JANK] frame=454 actual=33.3ms expected=12.0ms exceeded threshold corr=frames-73d6 | thread=main
04-17 08:23:24.305 W/RLT     ( 1866): +517198ms [JANK] frame=455 actual=33.3ms expected=12.0ms exceeded threshold corr=frames-73d6 | thread=main
04-17 08:23:24.326 I/LorieNative( 8207): choreographer callbacks in 5.0 seconds = 30.0 FPS
04-17 08:23:24.326 I/LorieNative( 8207): redraw wakeups in 5.0 seconds = 30.0 FPS
04-17 08:23:24.326 I/LorieNative( 8207): damage-triggered redraws in 5.0 seconds = 0.0 FPS
04-17 08:23:24.326 I/LorieNative( 8207): AhbLockTrace: sticky=0 lock_calls=0 unlock_calls=0 sticky_hits=0 flush_skipped=0 in 5.0s
04-17 08:23:24.326 I/LorieNative( 8207): present flip attempts in 5.0 seconds = 0.0 FPS (accepted 0.0, rejected 0.0)
04-17 08:23:24.326 I/LorieNative( 8207): present after-flips in 5.0 seconds = 0.0 FPS
04-17 08:23:24.339 W/RLT     ( 1866): +517231ms [JANK] frame=456 actual=33.3ms expected=12.0ms exceeded threshold corr=frames-73d6 | thread=main
04-17 08:23:24.372 W/RLT     ( 1866): +517264ms [JANK] frame=457 actual=33.3ms expected=12.0ms exceeded threshold corr=frames-73d6 | thread=main
04-17 08:23:24.405 W/RLT     ( 1866): +517298ms [JANK] frame=458 actual=33.3ms expected=12.0ms exceeded threshold corr=frames-73d6 | thread=main
04-17 08:23:24.439 W/RLT     ( 1866): +517331ms [JANK] frame=459 actual=33.3ms expected=12.0ms exceeded threshold corr=frames-73d6 | thread=main
04-17 08:23:24.472 W/RLT     ( 1866): +517365ms [JANK] frame=460 actual=33.3ms expected=12.0ms exceeded threshold corr=frames-73d6 | thread=main
04-17 08:23:24.505 W/RLT     ( 1866): +517397ms [JANK] frame=461 actual=33.3ms expected=12.0ms exceeded threshold corr=frames-73d6 | thread=main
04-17 08:23:24.539 W/RLT     ( 1866): +517431ms [JANK] frame=462 actual=33.3ms expected=12.0ms exceeded threshold corr=frames-73d6 | thread=main
04-17 08:23:24.572 W/RLT     ( 1866): +517465ms [JANK] frame=463 actual=33.3ms expected=12.0ms exceeded threshold corr=frames-73d6 | thread=main
04-17 08:23:24.605 W/RLT     ( 1866): +517498ms [JANK] frame=464 actual=33.3ms expected=12.0ms exceeded threshold corr=frames-73d6 | thread=main
04-17 08:23:24.639 W/RLT     ( 1866): +517531ms [JANK] frame=465 actual=33.3ms expected=12.0ms exceeded threshold corr=frames-73d6 | thread=main
04-17 08:23:24.672 W/RLT     ( 1866): +517565ms [JANK] frame=466 actual=33.3ms expected=12.0ms exceeded threshold corr=frames-73d6 | thread=main
04-17 08:23:24.705 W/RLT     ( 1866): +517597ms [JANK] frame=467 actual=33.3ms expected=12.0ms exceeded threshold corr=frames-73d6 | thread=main
04-17 08:23:24.738 W/RLT     ( 1866): +517631ms [JANK] frame=468 actual=33.3ms expected=12.0ms exceeded threshold corr=frames-73d6 | thread=main
04-17 08:23:24.771 W/RLT     ( 1866): +517663ms [JANK] frame=469 actual=33.3ms expected=12.0ms exceeded threshold corr=frames-73d6 | thread=main
04-17 08:23:24.805 W/RLT     ( 1866): +517697ms [JANK] frame=470 actual=33.3ms expected=12.0ms exceeded threshold corr=frames-73d6 | thread=main
04-17 08:23:24.839 W/RLT     ( 1866): +517731ms [JANK] frame=471 actual=33.3ms expected=12.0ms exceeded threshold corr=frames-73d6 | thread=main
04-17 08:23:24.872 W/RLT     ( 1866): +517764ms [JANK] frame=472 actual=33.3ms expected=12.0ms exceeded threshold corr=frames-73d6 | thread=main
04-17 08:23:24.905 W/RLT     ( 1866): +517797ms [JANK] frame=473 actual=33.3ms expected=12.0ms exceeded threshold corr=frames-73d6 | thread=main
04-17 08:23:24.937 W/RLT     ( 1866): +517830ms [JANK] frame=474 actual=33.3ms expected=12.0ms exceeded threshold corr=frames-73d6 | thread=main
04-17 08:23:24.972 W/RLT     ( 1866): +517864ms [JANK] frame=475 actual=33.3ms expected=12.0ms exceeded threshold corr=frames-73d6 | thread=main
04-17 08:23:25.004 W/RLT     ( 1866): +517897ms [JANK] frame=476 actual=33.3ms expected=12.0ms exceeded threshold corr=frames-73d6 | thread=main
04-17 08:23:25.040 W/RLT     ( 1866): +517933ms [JANK] frame=477 actual=33.3ms expected=12.0ms exceeded threshold corr=frames-73d6 | thread=main
04-17 08:23:25.073 W/RLT     ( 1866): +517966ms [JANK] frame=478 actual=33.3ms expected=12.0ms exceeded threshold corr=frames-73d6 | thread=main
04-17 08:23:25.104 W/RLT     ( 1866): +517997ms [JANK] frame=479 actual=33.3ms expected=12.0ms exceeded threshold corr=frames-73d6 | thread=main
04-17 08:23:25.138 I/RLT     ( 1866): +518030ms [THREAD] Choreographer->main op=doFrame frame=480 | thread=main
04-17 08:23:25.142 I/RLT     ( 1866): +518035ms [FRAME] fps=30.1 jank=239 p99=33.3ms heap=16MB periodic corr=frames-73d6 | thread=main
04-17 08:23:25.143 W/RLT     ( 1866): +518036ms [JANK] frame=480 actual=33.3ms expected=12.0ms exceeded threshold corr=frames-73d6 | thread=main
04-17 08:23:25.174 W/RLT     ( 1866): +518067ms [JANK] frame=481 actual=33.3ms expected=12.0ms exceeded threshold corr=frames-73d6 | thread=main
04-17 08:23:25.204 W/RLT     ( 1866): +518096ms [JANK] frame=482 actual=33.3ms expected=12.0ms exceeded threshold corr=frames-73d6 | thread=main
04-17 08:23:25.239 W/RLT     ( 1866): +518132ms [JANK] frame=483 actual=33.3ms expected=12.0ms exceeded threshold corr=frames-73d6 | thread=main
04-17 08:23:25.270 W/RLT     ( 1866): +518163ms [JANK] frame=484 actual=33.3ms expected=12.0ms exceeded threshold corr=frames-73d6 | thread=main
04-17 08:23:25.304 W/RLT     ( 1866): +518196ms [JANK] frame=485 actual=33.3ms expected=12.0ms exceeded threshold corr=frames-73d6 | thread=main
04-17 08:23:25.337 W/RLT     ( 1866): +518229ms [JANK] frame=486 actual=33.3ms expected=12.0ms exceeded threshold corr=frames-73d6 | thread=main
04-17 08:23:25.373 W/RLT     ( 1866): +518265ms [JANK] frame=487 actual=33.3ms expected=12.0ms exceeded threshold corr=frames-73d6 | thread=main
04-17 08:23:25.405 W/RLT     ( 1866): +518297ms [JANK] frame=488 actual=33.3ms expected=12.0ms exceeded threshold corr=frames-73d6 | thread=main
04-17 08:23:25.437 W/RLT     ( 1866): +518329ms [JANK] frame=489 actual=33.3ms expected=12.0ms exceeded threshold corr=frames-73d6 | thread=main
04-17 08:23:25.470 W/RLT     ( 1866): +518362ms [JANK] frame=490 actual=33.3ms expected=12.0ms exceeded threshold corr=frames-73d6 | thread=main
04-17 08:23:25.503 W/RLT     ( 1866): +518396ms [JANK] frame=491 actual=33.3ms expected=12.0ms exceeded threshold corr=frames-73d6 | thread=main
04-17 08:23:25.537 W/RLT     ( 1866): +518429ms [JANK] frame=492 actual=33.3ms expected=12.0ms exceeded threshold corr=frames-73d6 | thread=main
04-17 08:23:25.570 W/RLT     ( 1866): +518463ms [JANK] frame=493 actual=33.3ms expected=12.0ms exceeded threshold corr=frames-73d6 | thread=main
04-17 08:23:25.604 W/RLT     ( 1866): +518497ms [JANK] frame=494 actual=33.3ms expected=12.0ms exceeded threshold corr=frames-73d6 | thread=main
04-17 08:23:25.639 W/RLT     ( 1866): +518531ms [JANK] frame=495 actual=33.3ms expected=12.0ms exceeded threshold corr=frames-73d6 | thread=main
04-17 08:23:25.670 W/RLT     ( 1866): +518563ms [JANK] frame=496 actual=33.3ms expected=12.0ms exceeded threshold corr=frames-73d6 | thread=main
04-17 08:23:25.703 W/RLT     ( 1866): +518596ms [JANK] frame=497 actual=33.3ms expected=12.0ms exceeded threshold corr=frames-73d6 | thread=main
04-17 08:23:25.735 W/RLT     ( 1866): +518628ms [JANK] frame=498 actual=33.3ms expected=12.0ms exceeded threshold corr=frames-73d6 | thread=main
04-17 08:23:25.769 W/RLT     ( 1866): +518661ms [JANK] frame=499 actual=33.3ms expected=12.0ms exceeded threshold corr=frames-73d6 | thread=main
04-17 08:23:25.803 W/RLT     ( 1866): +518695ms [JANK] frame=500 actual=33.3ms expected=12.0ms exceeded threshold corr=frames-73d6 | thread=main
04-17 08:23:25.837 W/RLT     ( 1866): +518729ms [JANK] frame=501 actual=33.3ms expected=12.0ms exceeded threshold corr=frames-73d6 | thread=main
04-17 08:23:25.869 W/RLT     ( 1866): +518761ms [JANK] frame=502 actual=33.3ms expected=12.0ms exceeded threshold corr=frames-73d6 | thread=main
04-17 08:23:25.903 W/RLT     ( 1866): +518795ms [JANK] frame=503 actual=33.3ms expected=12.0ms exceeded threshold corr=frames-73d6 | thread=main
04-17 08:23:25.935 W/RLT     ( 1866): +518828ms [JANK] frame=504 actual=33.3ms expected=12.0ms exceeded threshold corr=frames-73d6 | thread=main
04-17 08:23:25.970 W/RLT     ( 1866): +518862ms [JANK] frame=505 actual=33.3ms expected=12.0ms exceeded threshold corr=frames-73d6 | thread=main
04-17 08:23:26.002 W/RLT     ( 1866): +518895ms [JANK] frame=506 actual=33.3ms expected=12.0ms exceeded threshold corr=frames-73d6 | thread=main
04-17 08:23:26.036 W/RLT     ( 1866): +518928ms [JANK] frame=507 actual=33.3ms expected=12.0ms exceeded threshold corr=frames-73d6 | thread=main
04-17 08:23:26.070 W/RLT     ( 1866): +518962ms [JANK] frame=508 actual=33.3ms expected=12.0ms exceeded threshold corr=frames-73d6 | thread=main
04-17 08:23:26.102 W/RLT     ( 1866): +518994ms [JANK] frame=509 actual=33.3ms expected=12.0ms exceeded threshold corr=frames-73d6 | thread=main
04-17 08:23:26.135 W/RLT     ( 1866): +519028ms [JANK] frame=510 actual=33.3ms expected=12.0ms exceeded threshold corr=frames-73d6 | thread=main
04-17 08:23:26.168 W/RLT     ( 1866): +519061ms [JANK] frame=511 actual=33.3ms expected=12.0ms exceeded threshold corr=frames-73d6 | thread=main
04-17 08:23:26.202 W/RLT     ( 1866): +519094ms [JANK] frame=512 actual=33.3ms expected=12.0ms exceeded threshold corr=frames-73d6 | thread=main
04-17 08:23:26.238 W/RLT     ( 1866): +519130ms [JANK] frame=513 actual=33.3ms expected=12.0ms exceeded threshold corr=frames-73d6 | thread=main
04-17 08:23:26.268 W/RLT     ( 1866): +519161ms [JANK] frame=514 actual=33.3ms expected=12.0ms exceeded threshold corr=frames-73d6 | thread=main
04-17 08:23:26.302 W/RLT     ( 1866): +519195ms [JANK] frame=515 actual=33.3ms expected=12.0ms exceeded threshold corr=frames-73d6 | thread=main
04-17 08:23:26.335 W/RLT     ( 1866): +519228ms [JANK] frame=516 actual=33.3ms expected=12.0ms exceeded threshold corr=frames-73d6 | thread=main
04-17 08:23:26.367 W/RLT     ( 1866): +519259ms [JANK] frame=517 actual=33.3ms expected=12.0ms exceeded threshold corr=frames-73d6 | thread=main
04-17 08:23:26.400 W/RLT     ( 1866): +519293ms [JANK] frame=518 actual=33.3ms expected=12.0ms exceeded threshold corr=frames-73d6 | thread=main
04-17 08:23:26.433 W/RLT     ( 1866): +519326ms [JANK] frame=519 actual=33.3ms expected=12.0ms exceeded threshold corr=frames-73d6 | thread=main
04-17 08:23:26.466 W/RLT     ( 1866): +519359ms [JANK] frame=520 actual=33.3ms expected=12.0ms exceeded threshold corr=frames-73d6 | thread=main
04-17 08:23:26.500 W/RLT     ( 1866): +519392ms [JANK] frame=521 actual=33.3ms expected=12.0ms exceeded threshold corr=frames-73d6 | thread=main
04-17 08:23:26.533 W/RLT     ( 1866): +519426ms [JANK] frame=522 actual=33.3ms expected=12.0ms exceeded threshold corr=frames-73d6 | thread=main
04-17 08:23:26.567 W/RLT     ( 1866): +519460ms [JANK] frame=523 actual=33.3ms expected=12.0ms exceeded threshold corr=frames-73d6 | thread=main
04-17 08:23:26.600 W/RLT     ( 1866): +519493ms [JANK] frame=524 actual=33.3ms expected=12.0ms exceeded threshold corr=frames-73d6 | thread=main
04-17 08:23:26.633 W/RLT     ( 1866): +519526ms [JANK] frame=525 actual=33.3ms expected=12.0ms exceeded threshold corr=frames-73d6 | thread=main
04-17 08:23:26.667 W/RLT     ( 1866): +519559ms [JANK] frame=526 actual=33.3ms expected=12.0ms exceeded threshold corr=frames-73d6 | thread=main
04-17 08:23:26.700 W/RLT     ( 1866): +519593ms [JANK] frame=527 actual=33.3ms expected=12.0ms exceeded threshold corr=frames-73d6 | thread=main
04-17 08:23:26.733 W/RLT     ( 1866): +519625ms [JANK] frame=528 actual=33.3ms expected=12.0ms exceeded threshold corr=frames-73d6 | thread=main
04-17 08:23:26.766 W/RLT     ( 1866): +519658ms [JANK] frame=529 actual=33.3ms expected=12.0ms exceeded threshold corr=frames-73d6 | thread=main
04-17 08:23:26.800 W/RLT     ( 1866): +519692ms [JANK] frame=530 actual=33.3ms expected=12.0ms exceeded threshold corr=frames-73d6 | thread=main
04-17 08:23:26.833 W/RLT     ( 1866): +519725ms [JANK] frame=531 actual=33.3ms expected=12.0ms exceeded threshold corr=frames-73d6 | thread=main
04-17 08:23:26.866 W/RLT     ( 1866): +519759ms [JANK] frame=532 actual=33.3ms expected=12.0ms exceeded threshold corr=frames-73d6 | thread=main
04-17 08:23:26.899 W/RLT     ( 1866): +519792ms [JANK] frame=533 actual=33.3ms expected=12.0ms exceeded threshold corr=frames-73d6 | thread=main
04-17 08:23:26.933 W/RLT     ( 1866): +519825ms [JANK] frame=534 actual=33.3ms expected=12.0ms exceeded threshold corr=frames-73d6 | thread=main
04-17 08:23:26.966 W/RLT     ( 1866): +519858ms [JANK] frame=535 actual=33.3ms expected=12.0ms exceeded threshold corr=frames-73d6 | thread=main
04-17 08:23:26.999 W/RLT     ( 1866): +519892ms [JANK] frame=536 actual=33.3ms expected=12.0ms exceeded threshold corr=frames-73d6 | thread=main
04-17 08:23:27.032 W/RLT     ( 1866): +519924ms [JANK] frame=537 actual=33.3ms expected=12.0ms exceeded threshold corr=frames-73d6 | thread=main
04-17 08:23:27.066 W/RLT     ( 1866): +519958ms [JANK] frame=538 actual=33.3ms expected=12.0ms exceeded threshold corr=frames-73d6 | thread=main
04-17 08:23:27.099 W/RLT     ( 1866): +519992ms [JANK] frame=539 actual=33.3ms expected=12.0ms exceeded threshold corr=frames-73d6 | thread=main
04-17 08:23:27.132 W/RLT     ( 1866): +520025ms [JANK] frame=540 actual=33.3ms expected=12.0ms exceeded threshold corr=frames-73d6 | thread=main
04-17 08:23:27.165 W/RLT     ( 1866): +520058ms [JANK] frame=541 actual=33.3ms expected=12.0ms exceeded threshold corr=frames-73d6 | thread=main
04-17 08:23:27.198 W/RLT     ( 1866): +520091ms [JANK] frame=542 actual=33.3ms expected=12.0ms exceeded threshold corr=frames-73d6 | thread=main
04-17 08:23:27.231 W/RLT     ( 1866): +520124ms [JANK] frame=543 actual=33.3ms expected=12.0ms exceeded threshold corr=frames-73d6 | thread=main
04-17 08:23:27.265 W/RLT     ( 1866): +520158ms [JANK] frame=544 actual=33.3ms expected=12.0ms exceeded threshold corr=frames-73d6 | thread=main
04-17 08:23:27.298 W/RLT     ( 1866): +520191ms [JANK] frame=545 actual=33.3ms expected=12.0ms exceeded threshold corr=frames-73d6 | thread=main
04-17 08:23:27.331 W/RLT     ( 1866): +520224ms [JANK] frame=546 actual=33.3ms expected=12.0ms exceeded threshold corr=frames-73d6 | thread=main
04-17 08:23:27.365 W/RLT     ( 1866): +520257ms [JANK] frame=547 actual=33.3ms expected=12.0ms exceeded threshold corr=frames-73d6 | thread=main
04-17 08:23:27.398 W/RLT     ( 1866): +520291ms [JANK] frame=548 actual=33.3ms expected=12.0ms exceeded threshold corr=frames-73d6 | thread=main
04-17 08:23:27.432 W/RLT     ( 1866): +520324ms [JANK] frame=549 actual=33.3ms expected=12.0ms exceeded threshold corr=frames-73d6 | thread=main
04-17 08:23:27.465 W/RLT     ( 1866): +520357ms [JANK] frame=550 actual=33.3ms expected=12.0ms exceeded threshold corr=frames-73d6 | thread=main
04-17 08:23:27.498 W/RLT     ( 1866): +520390ms [JANK] frame=551 actual=33.3ms expected=12.0ms exceeded threshold corr=frames-73d6 | thread=main
04-17 08:23:27.531 W/RLT     ( 1866): +520424ms [JANK] frame=552 actual=33.3ms expected=12.0ms exceeded threshold corr=frames-73d6 | thread=main
04-17 08:23:27.564 W/RLT     ( 1866): +520457ms [JANK] frame=553 actual=33.3ms expected=12.0ms exceeded threshold corr=frames-73d6 | thread=main
04-17 08:23:27.598 W/RLT     ( 1866): +520491ms [JANK] frame=554 actual=33.3ms expected=12.0ms exceeded threshold corr=frames-73d6 | thread=main
04-17 08:23:27.632 W/RLT     ( 1866): +520524ms [JANK] frame=555 actual=33.3ms expected=12.0ms exceeded threshold corr=frames-73d6 | thread=main
04-17 08:23:27.666 W/RLT     ( 1866): +520558ms [JANK] frame=556 actual=33.3ms expected=12.0ms exceeded threshold corr=frames-73d6 | thread=main
04-17 08:23:27.697 W/RLT     ( 1866): +520590ms [JANK] frame=557 actual=33.3ms expected=12.0ms exceeded threshold corr=frames-73d6 | thread=main
04-17 08:23:27.731 W/RLT     ( 1866): +520623ms [JANK] frame=558 actual=33.3ms expected=12.0ms exceeded threshold corr=frames-73d6 | thread=main
04-17 08:23:27.765 W/RLT     ( 1866): +520657ms [JANK] frame=559 actual=33.3ms expected=12.0ms exceeded threshold corr=frames-73d6 | thread=main
04-17 08:23:27.798 W/RLT     ( 1866): +520690ms [JANK] frame=560 actual=33.3ms expected=12.0ms exceeded threshold corr=frames-73d6 | thread=main
04-17 08:23:27.830 W/RLT     ( 1866): +520723ms [JANK] frame=561 actual=33.3ms expected=12.0ms exceeded threshold corr=frames-73d6 | thread=main
04-17 08:23:27.863 W/RLT     ( 1866): +520756ms [JANK] frame=562 actual=33.3ms expected=12.0ms exceeded threshold corr=frames-73d6 | thread=main
04-17 08:23:27.897 W/RLT     ( 1866): +520790ms [JANK] frame=563 actual=33.3ms expected=12.0ms exceeded threshold corr=frames-73d6 | thread=main
04-17 08:23:27.931 W/RLT     ( 1866): +520823ms [JANK] frame=564 actual=33.3ms expected=12.0ms exceeded threshold corr=frames-73d6 | thread=main
04-17 08:23:27.963 W/RLT     ( 1866): +520856ms [JANK] frame=565 actual=33.3ms expected=12.0ms exceeded threshold corr=frames-73d6 | thread=main
04-17 08:23:27.997 W/RLT     ( 1866): +520889ms [JANK] frame=566 actual=33.3ms expected=12.0ms exceeded threshold corr=frames-73d6 | thread=main
04-17 08:23:28.030 W/RLT     ( 1866): +520923ms [JANK] frame=567 actual=33.3ms expected=12.0ms exceeded threshold corr=frames-73d6 | thread=main
04-17 08:23:28.063 W/RLT     ( 1866): +520956ms [JANK] frame=568 actual=33.3ms expected=12.0ms exceeded threshold corr=frames-73d6 | thread=main
04-17 08:23:28.097 W/RLT     ( 1866): +520989ms [JANK] frame=569 actual=33.3ms expected=12.0ms exceeded threshold corr=frames-73d6 | thread=main
04-17 08:23:28.130 W/RLT     ( 1866): +521022ms [JANK] frame=570 actual=33.3ms expected=12.0ms exceeded threshold corr=frames-73d6 | thread=main
04-17 08:23:28.163 W/RLT     ( 1866): +521056ms [JANK] frame=571 actual=33.3ms expected=12.0ms exceeded threshold corr=frames-73d6 | thread=main
04-17 08:23:28.196 W/RLT     ( 1866): +521089ms [JANK] frame=572 actual=33.3ms expected=12.0ms exceeded threshold corr=frames-73d6 | thread=main
04-17 08:23:28.230 W/RLT     ( 1866): +521123ms [JANK] frame=573 actual=33.3ms expected=12.0ms exceeded threshold corr=frames-73d6 | thread=main
04-17 08:23:28.263 W/RLT     ( 1866): +521155ms [JANK] frame=574 actual=33.3ms expected=12.0ms exceeded threshold corr=frames-73d6 | thread=main
04-17 08:23:28.296 W/RLT     ( 1866): +521189ms [JANK] frame=575 actual=33.3ms expected=12.0ms exceeded threshold corr=frames-73d6 | thread=main
04-17 08:23:28.329 W/RLT     ( 1866): +521222ms [JANK] frame=576 actual=33.3ms expected=12.0ms exceeded threshold corr=frames-73d6 | thread=main
04-17 08:23:28.362 W/RLT     ( 1866): +521255ms [JANK] frame=577 actual=33.3ms expected=12.0ms exceeded threshold corr=frames-73d6 | thread=main
04-17 08:23:28.396 W/RLT     ( 1866): +521288ms [JANK] frame=578 actual=33.3ms expected=12.0ms exceeded threshold corr=frames-73d6 | thread=main
04-17 08:23:28.429 W/RLT     ( 1866): +521322ms [JANK] frame=579 actual=33.3ms expected=12.0ms exceeded threshold corr=frames-73d6 | thread=main
04-17 08:23:28.462 W/RLT     ( 1866): +521355ms [JANK] frame=580 actual=33.3ms expected=12.0ms exceeded threshold corr=frames-73d6 | thread=main
04-17 08:23:28.496 W/RLT     ( 1866): +521388ms [JANK] frame=581 actual=33.3ms expected=12.0ms exceeded threshold corr=frames-73d6 | thread=main
04-17 08:23:28.530 W/RLT     ( 1866): +521422ms [JANK] frame=582 actual=33.3ms expected=12.0ms exceeded threshold corr=frames-73d6 | thread=main
04-17 08:23:28.562 W/RLT     ( 1866): +521455ms [JANK] frame=583 actual=33.3ms expected=12.0ms exceeded threshold corr=frames-73d6 | thread=main
04-17 08:23:28.595 W/RLT     ( 1866): +521488ms [JANK] frame=584 actual=33.3ms expected=12.0ms exceeded threshold corr=frames-73d6 | thread=main
04-17 08:23:28.629 W/RLT     ( 1866): +521522ms [JANK] frame=585 actual=33.3ms expected=12.0ms exceeded threshold corr=frames-73d6 | thread=main
04-17 08:23:28.663 W/RLT     ( 1866): +521555ms [JANK] frame=586 actual=33.3ms expected=12.0ms exceeded threshold corr=frames-73d6 | thread=main
04-17 08:23:28.696 W/RLT     ( 1866): +521588ms [JANK] frame=587 actual=33.3ms expected=12.0ms exceeded threshold corr=frames-73d6 | thread=main
04-17 08:23:28.730 W/RLT     ( 1866): +521622ms [JANK] frame=588 actual=33.3ms expected=12.0ms exceeded threshold corr=frames-73d6 | thread=main
04-17 08:23:28.763 W/RLT     ( 1866): +521655ms [JANK] frame=589 actual=33.3ms expected=12.0ms exceeded threshold corr=frames-73d6 | thread=main
04-17 08:23:28.795 W/RLT     ( 1866): +521688ms [JANK] frame=590 actual=33.3ms expected=12.0ms exceeded threshold corr=frames-73d6 | thread=main
04-17 08:23:28.829 W/RLT     ( 1866): +521721ms [JANK] frame=591 actual=33.3ms expected=12.0ms exceeded threshold corr=frames-73d6 | thread=main
04-17 08:23:28.862 W/RLT     ( 1866): +521754ms [JANK] frame=592 actual=33.3ms expected=12.0ms exceeded threshold corr=frames-73d6 | thread=main
04-17 08:23:28.895 W/RLT     ( 1866): +521787ms [JANK] frame=593 actual=33.3ms expected=12.0ms exceeded threshold corr=frames-73d6 | thread=main
04-17 08:23:28.928 W/RLT     ( 1866): +521820ms [JANK] frame=594 actual=33.3ms expected=12.0ms exceeded threshold corr=frames-73d6 | thread=main
04-17 08:23:28.961 W/RLT     ( 1866): +521854ms [JANK] frame=595 actual=33.3ms expected=12.0ms exceeded threshold corr=frames-73d6 | thread=main
04-17 08:23:28.994 W/RLT     ( 1866): +521887ms [JANK] frame=596 actual=33.3ms expected=12.0ms exceeded threshold corr=frames-73d6 | thread=main
04-17 08:23:29.028 W/RLT     ( 1866): +521920ms [JANK] frame=597 actual=33.3ms expected=12.0ms exceeded threshold corr=frames-73d6 | thread=main
04-17 08:23:29.062 W/RLT     ( 1866): +521954ms [JANK] frame=598 actual=33.3ms expected=12.0ms exceeded threshold corr=frames-73d6 | thread=main
04-17 08:23:29.094 W/RLT     ( 1866): +521987ms [JANK] frame=599 actual=33.3ms expected=12.0ms exceeded threshold corr=frames-73d6 | thread=main
04-17 08:23:29.128 I/RLT     ( 1866): +522021ms [THREAD] Choreographer->main op=doFrame frame=600 | thread=main
04-17 08:23:29.130 I/RLT     ( 1866): +522023ms [FRAME] fps=30.1 jank=239 p99=33.3ms heap=17MB periodic corr=frames-73d6 | thread=main
04-17 08:23:29.131 W/RLT     ( 1866): +522023ms [JANK] frame=600 actual=33.3ms expected=12.0ms exceeded threshold corr=frames-73d6 | thread=main
04-17 08:23:29.161 W/RLT     ( 1866): +522054ms [JANK] frame=601 actual=33.3ms expected=12.0ms exceeded threshold corr=frames-73d6 | thread=main
04-17 08:23:29.194 W/RLT     ( 1866): +522087ms [JANK] frame=602 actual=33.3ms expected=12.0ms exceeded threshold corr=frames-73d6 | thread=main
04-17 08:23:29.227 W/RLT     ( 1866): +522120ms [JANK] frame=603 actual=33.3ms expected=12.0ms exceeded threshold corr=frames-73d6 | thread=main
04-17 08:23:29.261 W/RLT     ( 1866): +522153ms [JANK] frame=604 actual=33.3ms expected=12.0ms exceeded threshold corr=frames-73d6 | thread=main
04-17 08:23:29.294 W/RLT     ( 1866): +522186ms [JANK] frame=605 actual=33.3ms expected=12.0ms exceeded threshold corr=frames-73d6 | thread=main
04-17 08:23:29.326 I/LorieNative( 8207): choreographer callbacks in 5.0 seconds = 30.0 FPS
04-17 08:23:29.326 I/LorieNative( 8207): redraw wakeups in 5.0 seconds = 30.0 FPS
04-17 08:23:29.326 I/LorieNative( 8207): damage-triggered redraws in 5.0 seconds = 0.0 FPS
04-17 08:23:29.326 I/LorieNative( 8207): AhbLockTrace: sticky=0 lock_calls=0 unlock_calls=0 sticky_hits=0 flush_skipped=0 in 5.0s
04-17 08:23:29.326 I/LorieNative( 8207): present flip attempts in 5.0 seconds = 0.0 FPS (accepted 0.0, rejected 0.0)
04-17 08:23:29.326 I/LorieNative( 8207): present after-flips in 5.0 seconds = 0.0 FPS
04-17 08:23:29.327 W/RLT     ( 1866): +522220ms [JANK] frame=606 actual=33.3ms expected=12.0ms exceeded threshold corr=frames-73d6 | thread=main
04-17 08:23:29.360 W/RLT     ( 1866): +522253ms [JANK] frame=607 actual=33.3ms expected=12.0ms exceeded threshold corr=frames-73d6 | thread=main
04-17 08:23:29.394 W/RLT     ( 1866): +522286ms [JANK] frame=608 actual=33.3ms expected=12.0ms exceeded threshold corr=frames-73d6 | thread=main
04-17 08:23:29.427 W/RLT     ( 1866): +522319ms [JANK] frame=609 actual=33.3ms expected=12.0ms exceeded threshold corr=frames-73d6 | thread=main
04-17 08:23:29.460 W/RLT     ( 1866): +522353ms [JANK] frame=610 actual=33.3ms expected=12.0ms exceeded threshold corr=frames-73d6 | thread=main
04-17 08:23:29.494 W/RLT     ( 1866): +522386ms [JANK] frame=611 actual=33.3ms expected=12.0ms exceeded threshold corr=frames-73d6 | thread=main
04-17 08:23:29.526 W/RLT     ( 1866): +522419ms [JANK] frame=612 actual=33.3ms expected=12.0ms exceeded threshold corr=frames-73d6 | thread=main
04-17 08:23:29.560 W/RLT     ( 1866): +522452ms [JANK] frame=613 actual=33.3ms expected=12.0ms exceeded threshold corr=frames-73d6 | thread=main
04-17 08:23:29.593 W/RLT     ( 1866): +522485ms [JANK] frame=614 actual=33.3ms expected=12.0ms exceeded threshold corr=frames-73d6 | thread=main
04-17 08:23:29.626 W/RLT     ( 1866): +522519ms [JANK] frame=615 actual=33.3ms expected=12.0ms exceeded threshold corr=frames-73d6 | thread=main
04-17 08:23:29.660 W/RLT     ( 1866): +522552ms [JANK] frame=616 actual=33.3ms expected=12.0ms exceeded threshold corr=frames-73d6 | thread=main
04-17 08:23:29.693 W/RLT     ( 1866): +522585ms [JANK] frame=617 actual=33.3ms expected=12.0ms exceeded threshold corr=frames-73d6 | thread=main
04-17 08:23:29.727 W/RLT     ( 1866): +522619ms [JANK] frame=618 actual=33.3ms expected=12.0ms exceeded threshold corr=frames-73d6 | thread=main
04-17 08:23:29.760 W/RLT     ( 1866): +522652ms [JANK] frame=619 actual=33.3ms expected=12.0ms exceeded threshold corr=frames-73d6 | thread=main
04-17 08:23:29.793 W/RLT     ( 1866): +522685ms [JANK] frame=620 actual=33.3ms expected=12.0ms exceeded threshold corr=frames-73d6 | thread=main
04-17 08:23:29.826 W/RLT     ( 1866): +522719ms [JANK] frame=621 actual=33.3ms expected=12.0ms exceeded threshold corr=frames-73d6 | thread=main
04-17 08:23:29.860 W/RLT     ( 1866): +522752ms [JANK] frame=622 actual=33.3ms expected=12.0ms exceeded threshold corr=frames-73d6 | thread=main
04-17 08:23:29.893 W/RLT     ( 1866): +522785ms [JANK] frame=623 actual=33.3ms expected=12.0ms exceeded threshold corr=frames-73d6 | thread=main
04-17 08:23:29.926 W/RLT     ( 1866): +522818ms [JANK] frame=624 actual=33.3ms expected=12.0ms exceeded threshold corr=frames-73d6 | thread=main
04-17 08:23:29.959 W/RLT     ( 1866): +522852ms [JANK] frame=625 actual=33.3ms expected=12.0ms exceeded threshold corr=frames-73d6 | thread=main
04-17 08:23:29.993 W/RLT     ( 1866): +522885ms [JANK] frame=626 actual=33.3ms expected=12.0ms exceeded threshold corr=frames-73d6 | thread=main
04-17 08:23:30.026 W/RLT     ( 1866): +522918ms [JANK] frame=627 actual=33.3ms expected=12.0ms exceeded threshold corr=frames-73d6 | thread=main
04-17 08:23:30.059 W/RLT     ( 1866): +522951ms [JANK] frame=628 actual=33.3ms expected=12.0ms exceeded threshold corr=frames-73d6 | thread=main
04-17 08:23:30.092 W/RLT     ( 1866): +522985ms [JANK] frame=629 actual=33.3ms expected=12.0ms exceeded threshold corr=frames-73d6 | thread=main
04-17 08:23:30.126 W/RLT     ( 1866): +523018ms [JANK] frame=630 actual=33.3ms expected=12.0ms exceeded threshold corr=frames-73d6 | thread=main
04-17 08:23:30.160 W/RLT     ( 1866): +523053ms [JANK] frame=631 actual=33.3ms expected=12.0ms exceeded threshold corr=frames-73d6 | thread=main
04-17 08:23:30.193 W/RLT     ( 1866): +523085ms [JANK] frame=632 actual=33.3ms expected=12.0ms exceeded threshold corr=frames-73d6 | thread=main
04-17 08:23:30.225 W/RLT     ( 1866): +523118ms [JANK] frame=633 actual=33.3ms expected=12.0ms exceeded threshold corr=frames-73d6 | thread=main
04-17 08:23:30.259 W/RLT     ( 1866): +523151ms [JANK] frame=634 actual=33.3ms expected=12.0ms exceeded threshold corr=frames-73d6 | thread=main
04-17 08:23:30.292 W/RLT     ( 1866): +523184ms [JANK] frame=635 actual=33.3ms expected=12.0ms exceeded threshold corr=frames-73d6 | thread=main
04-17 08:23:30.314 I/RLT     ( 1866): +523207ms [PERF] PERF_SUMMARY:   renderer_fps=0.0 wait_choreo_pct=0 wait_content_pct=0 wait_state_pct=0 | thread=perf-dashboard
04-17 08:23:30.326 W/RLT     ( 1866): +523218ms [JANK] frame=636 actual=33.3ms expected=12.0ms exceeded threshold corr=frames-73d6 | thread=main
04-17 08:23:30.359 W/RLT     ( 1866): +523252ms [JANK] frame=637 actual=33.3ms expected=12.0ms exceeded threshold corr=frames-73d6 | thread=main
04-17 08:23:30.392 W/RLT     ( 1866): +523284ms [JANK] frame=638 actual=33.3ms expected=12.0ms exceeded threshold corr=frames-73d6 | thread=main
04-17 08:23:30.425 W/RLT     ( 1866): +523317ms [JANK] frame=639 actual=33.3ms expected=12.0ms exceeded threshold corr=frames-73d6 | thread=main
04-17 08:23:30.458 W/RLT     ( 1866): +523350ms [JANK] frame=640 actual=33.3ms expected=12.0ms exceeded threshold corr=frames-73d6 | thread=main
04-17 08:23:30.491 W/RLT     ( 1866): +523384ms [JANK] frame=641 actual=33.3ms expected=12.0ms exceeded threshold corr=frames-73d6 | thread=main
04-17 08:23:30.524 W/RLT     ( 1866): +523417ms [JANK] frame=642 actual=33.3ms expected=12.0ms exceeded threshold corr=frames-73d6 | thread=main
04-17 08:23:30.559 W/RLT     ( 1866): +523451ms [JANK] frame=643 actual=33.3ms expected=12.0ms exceeded threshold corr=frames-73d6 | thread=main
04-17 08:23:30.592 W/RLT     ( 1866): +523484ms [JANK] frame=644 actual=33.3ms expected=12.0ms exceeded threshold corr=frames-73d6 | thread=main
04-17 08:23:30.624 W/RLT     ( 1866): +523517ms [JANK] frame=645 actual=33.3ms expected=12.0ms exceeded threshold corr=frames-73d6 | thread=main
04-17 08:23:30.658 W/RLT     ( 1866): +523550ms [JANK] frame=646 actual=33.3ms expected=12.0ms exceeded threshold corr=frames-73d6 | thread=main
04-17 08:23:30.691 W/RLT     ( 1866): +523584ms [JANK] frame=647 actual=33.3ms expected=12.0ms exceeded threshold corr=frames-73d6 | thread=main
04-17 08:23:30.724 W/RLT     ( 1866): +523617ms [JANK] frame=648 actual=33.3ms expected=12.0ms exceeded threshold corr=frames-73d6 | thread=main
04-17 08:23:30.758 W/RLT     ( 1866): +523650ms [JANK] frame=649 actual=33.3ms expected=12.0ms exceeded threshold corr=frames-73d6 | thread=main
04-17 08:23:30.791 W/RLT     ( 1866): +523683ms [JANK] frame=650 actual=33.3ms expected=12.0ms exceeded threshold corr=frames-73d6 | thread=main
04-17 08:23:30.825 W/RLT     ( 1866): +523717ms [JANK] frame=651 actual=33.3ms expected=12.0ms exceeded threshold corr=frames-73d6 | thread=main
04-17 08:23:30.858 W/RLT     ( 1866): +523751ms [JANK] frame=652 actual=33.3ms expected=12.0ms exceeded threshold corr=frames-73d6 | thread=main
04-17 08:23:30.891 W/RLT     ( 1866): +523784ms [JANK] frame=653 actual=33.3ms expected=12.0ms exceeded threshold corr=frames-73d6 | thread=main
04-17 08:23:30.924 W/RLT     ( 1866): +523817ms [JANK] frame=654 actual=33.3ms expected=12.0ms exceeded threshold corr=frames-73d6 | thread=main
04-17 08:23:30.958 W/RLT     ( 1866): +523851ms [JANK] frame=655 actual=33.3ms expected=12.0ms exceeded threshold corr=frames-73d6 | thread=main
04-17 08:23:30.992 W/RLT     ( 1866): +523884ms [JANK] frame=656 actual=33.3ms expected=12.0ms exceeded threshold corr=frames-73d6 | thread=main
04-17 08:23:31.025 W/RLT     ( 1866): +523917ms [JANK] frame=657 actual=33.3ms expected=12.0ms exceeded threshold corr=frames-73d6 | thread=main
04-17 08:23:31.057 W/RLT     ( 1866): +523949ms [JANK] frame=658 actual=33.3ms expected=12.0ms exceeded threshold corr=frames-73d6 | thread=main
04-17 08:23:31.090 W/RLT     ( 1866): +523983ms [JANK] frame=659 actual=33.3ms expected=12.0ms exceeded threshold corr=frames-73d6 | thread=main
04-17 08:23:31.124 W/RLT     ( 1866): +524016ms [JANK] frame=660 actual=33.3ms expected=12.0ms exceeded threshold corr=frames-73d6 | thread=main
04-17 08:23:31.157 W/RLT     ( 1866): +524049ms [JANK] frame=661 actual=33.3ms expected=12.0ms exceeded threshold corr=frames-73d6 | thread=main
04-17 08:23:31.190 W/RLT     ( 1866): +524083ms [JANK] frame=662 actual=33.3ms expected=12.0ms exceeded threshold corr=frames-73d6 | thread=main
04-17 08:23:31.223 W/RLT     ( 1866): +524116ms [JANK] frame=663 actual=33.3ms expected=12.0ms exceeded threshold corr=frames-73d6 | thread=main
04-17 08:23:31.256 W/RLT     ( 1866): +524149ms [JANK] frame=664 actual=33.3ms expected=12.0ms exceeded threshold corr=frames-73d6 | thread=main
04-17 08:23:31.290 W/RLT     ( 1866): +524183ms [JANK] frame=665 actual=33.3ms expected=12.0ms exceeded threshold corr=frames-73d6 | thread=main
04-17 08:23:31.323 W/RLT     ( 1866): +524216ms [JANK] frame=666 actual=33.3ms expected=12.0ms exceeded threshold corr=frames-73d6 | thread=main
04-17 08:23:31.356 W/RLT     ( 1866): +524249ms [JANK] frame=667 actual=33.3ms expected=12.0ms exceeded threshold corr=frames-73d6 | thread=main
04-17 08:23:31.389 W/RLT     ( 1866): +524282ms [JANK] frame=668 actual=33.3ms expected=12.0ms exceeded threshold corr=frames-73d6 | thread=main
04-17 08:23:31.423 W/RLT     ( 1866): +524315ms [JANK] frame=669 actual=33.3ms expected=12.0ms exceeded threshold corr=frames-73d6 | thread=main
04-17 08:23:31.456 W/RLT     ( 1866): +524349ms [JANK] frame=670 actual=33.3ms expected=12.0ms exceeded threshold corr=frames-73d6 | thread=main
04-17 08:23:31.489 W/RLT     ( 1866): +524382ms [JANK] frame=671 actual=33.3ms expected=12.0ms exceeded threshold corr=frames-73d6 | thread=main
04-17 08:23:31.523 W/RLT     ( 1866): +524415ms [JANK] frame=672 actual=33.3ms expected=12.0ms exceeded threshold corr=frames-73d6 | thread=main
04-17 08:23:31.556 W/RLT     ( 1866): +524448ms [JANK] frame=673 actual=33.3ms expected=12.0ms exceeded threshold corr=frames-73d6 | thread=main
04-17 08:23:31.589 W/RLT     ( 1866): +524482ms [JANK] frame=674 actual=33.3ms expected=12.0ms exceeded threshold corr=frames-73d6 | thread=main
04-17 08:23:31.622 W/RLT     ( 1866): +524515ms [JANK] frame=675 actual=33.3ms expected=12.0ms exceeded threshold corr=frames-73d6 | thread=main
04-17 08:23:31.657 W/RLT     ( 1866): +524549ms [JANK] frame=676 actual=33.3ms expected=12.0ms exceeded threshold corr=frames-73d6 | thread=main
04-17 08:23:31.690 W/RLT     ( 1866): +524583ms [JANK] frame=677 actual=33.3ms expected=12.0ms exceeded threshold corr=frames-73d6 | thread=main
04-17 08:23:31.723 W/RLT     ( 1866): +524616ms [JANK] frame=678 actual=33.3ms expected=12.0ms exceeded threshold corr=frames-73d6 | thread=main
04-17 08:23:31.757 W/RLT     ( 1866): +524649ms [JANK] frame=679 actual=33.3ms expected=12.0ms exceeded threshold corr=frames-73d6 | thread=main
04-17 08:23:31.790 W/RLT     ( 1866): +524682ms [JANK] frame=680 actual=33.3ms expected=12.0ms exceeded threshold corr=frames-73d6 | thread=main
04-17 08:23:31.823 W/RLT     ( 1866): +524716ms [JANK] frame=681 actual=33.3ms expected=12.0ms exceeded threshold corr=frames-73d6 | thread=main
04-17 08:23:31.857 W/RLT     ( 1866): +524749ms [JANK] frame=682 actual=33.3ms expected=12.0ms exceeded threshold corr=frames-73d6 | thread=main
04-17 08:23:31.890 W/RLT     ( 1866): +524783ms [JANK] frame=683 actual=33.3ms expected=12.0ms exceeded threshold corr=frames-73d6 | thread=main
04-17 08:23:31.923 W/RLT     ( 1866): +524816ms [JANK] frame=684 actual=33.3ms expected=12.0ms exceeded threshold corr=frames-73d6 | thread=main
04-17 08:23:31.956 W/RLT     ( 1866): +524848ms [JANK] frame=685 actual=33.3ms expected=12.0ms exceeded threshold corr=frames-73d6 | thread=main
04-17 08:23:31.989 W/RLT     ( 1866): +524882ms [JANK] frame=686 actual=33.3ms expected=12.0ms exceeded threshold corr=frames-73d6 | thread=main
04-17 08:23:32.023 W/RLT     ( 1866): +524916ms [JANK] frame=687 actual=33.3ms expected=12.0ms exceeded threshold corr=frames-73d6 | thread=main
04-17 08:23:32.055 W/RLT     ( 1866): +524948ms [JANK] frame=688 actual=33.3ms expected=12.0ms exceeded threshold corr=frames-73d6 | thread=main
04-17 08:23:32.089 W/RLT     ( 1866): +524982ms [JANK] frame=689 actual=33.3ms expected=12.0ms exceeded threshold corr=frames-73d6 | thread=main
04-17 08:23:32.123 W/RLT     ( 1866): +525015ms [JANK] frame=690 actual=33.3ms expected=12.0ms exceeded threshold corr=frames-73d6 | thread=main
04-17 08:23:32.155 W/RLT     ( 1866): +525047ms [JANK] frame=691 actual=33.3ms expected=12.0ms exceeded threshold corr=frames-73d6 | thread=main
04-17 08:23:32.188 W/RLT     ( 1866): +525080ms [JANK] frame=692 actual=33.3ms expected=12.0ms exceeded threshold corr=frames-73d6 | thread=main
04-17 08:23:32.221 W/RLT     ( 1866): +525113ms [JANK] frame=693 actual=33.3ms expected=12.0ms exceeded threshold corr=frames-73d6 | thread=main
04-17 08:23:32.254 W/RLT     ( 1866): +525147ms [JANK] frame=694 actual=33.3ms expected=12.0ms exceeded threshold corr=frames-73d6 | thread=main
04-17 08:23:32.288 W/RLT     ( 1866): +525180ms [JANK] frame=695 actual=33.3ms expected=12.0ms exceeded threshold corr=frames-73d6 | thread=main
04-17 08:23:32.322 W/RLT     ( 1866): +525214ms [JANK] frame=696 actual=33.3ms expected=12.0ms exceeded threshold corr=frames-73d6 | thread=main
04-17 08:23:32.354 W/RLT     ( 1866): +525247ms [JANK] frame=697 actual=33.3ms expected=12.0ms exceeded threshold corr=frames-73d6 | thread=main
04-17 08:23:32.388 W/RLT     ( 1866): +525280ms [JANK] frame=698 actual=33.3ms expected=12.0ms exceeded threshold corr=frames-73d6 | thread=main
04-17 08:23:32.421 W/RLT     ( 1866): +525313ms [JANK] frame=699 actual=33.3ms expected=12.0ms exceeded threshold corr=frames-73d6 | thread=main
04-17 08:23:32.455 W/RLT     ( 1866): +525347ms [JANK] frame=700 actual=33.3ms expected=12.0ms exceeded threshold corr=frames-73d6 | thread=main
04-17 08:23:32.487 W/RLT     ( 1866): +525380ms [JANK] frame=701 actual=33.3ms expected=12.0ms exceeded threshold corr=frames-73d6 | thread=main
04-17 08:23:32.521 W/RLT     ( 1866): +525413ms [JANK] frame=702 actual=33.3ms expected=12.0ms exceeded threshold corr=frames-73d6 | thread=main
04-17 08:23:32.554 W/RLT     ( 1866): +525446ms [JANK] frame=703 actual=33.3ms expected=12.0ms exceeded threshold corr=frames-73d6 | thread=main
04-17 08:23:32.587 W/RLT     ( 1866): +525480ms [JANK] frame=704 actual=33.3ms expected=12.0ms exceeded threshold corr=frames-73d6 | thread=main
04-17 08:23:32.620 W/RLT     ( 1866): +525513ms [JANK] frame=705 actual=33.3ms expected=12.0ms exceeded threshold corr=frames-73d6 | thread=main
04-17 08:23:32.654 W/RLT     ( 1866): +525546ms [JANK] frame=706 actual=33.3ms expected=12.0ms exceeded threshold corr=frames-73d6 | thread=main
04-17 08:23:32.687 W/RLT     ( 1866): +525580ms [JANK] frame=707 actual=33.3ms expected=12.0ms exceeded threshold corr=frames-73d6 | thread=main
04-17 08:23:32.720 W/RLT     ( 1866): +525613ms [JANK] frame=708 actual=33.3ms expected=12.0ms exceeded threshold corr=frames-73d6 | thread=main
04-17 08:23:32.753 W/RLT     ( 1866): +525646ms [JANK] frame=709 actual=33.3ms expected=12.0ms exceeded threshold corr=frames-73d6 | thread=main
04-17 08:23:32.787 W/RLT     ( 1866): +525680ms [JANK] frame=710 actual=33.3ms expected=12.0ms exceeded threshold corr=frames-73d6 | thread=main
04-17 08:23:32.821 W/RLT     ( 1866): +525713ms [JANK] frame=711 actual=33.3ms expected=12.0ms exceeded threshold corr=frames-73d6 | thread=main
04-17 08:23:32.853 W/RLT     ( 1866): +525746ms [JANK] frame=712 actual=33.3ms expected=12.0ms exceeded threshold corr=frames-73d6 | thread=main
04-17 08:23:32.887 W/RLT     ( 1866): +525780ms [JANK] frame=713 actual=33.3ms expected=12.0ms exceeded threshold corr=frames-73d6 | thread=main
04-17 08:23:32.920 W/RLT     ( 1866): +525813ms [JANK] frame=714 actual=33.3ms expected=12.0ms exceeded threshold corr=frames-73d6 | thread=main
04-17 08:23:32.953 W/RLT     ( 1866): +525846ms [JANK] frame=715 actual=33.3ms expected=12.0ms exceeded threshold corr=frames-73d6 | thread=main
04-17 08:23:32.987 W/RLT     ( 1866): +525879ms [JANK] frame=716 actual=33.3ms expected=12.0ms exceeded threshold corr=frames-73d6 | thread=main
04-17 08:23:33.019 W/RLT     ( 1866): +525912ms [JANK] frame=717 actual=33.3ms expected=12.0ms exceeded threshold corr=frames-73d6 | thread=main
04-17 08:23:33.052 W/RLT     ( 1866): +525945ms [JANK] frame=718 actual=33.3ms expected=12.0ms exceeded threshold corr=frames-73d6 | thread=main
04-17 08:23:33.086 W/RLT     ( 1866): +525978ms [JANK] frame=719 actual=33.3ms expected=12.0ms exceeded threshold corr=frames-73d6 | thread=main
04-17 08:23:33.119 I/RLT     ( 1866): +526012ms [THREAD] Choreographer->main op=doFrame frame=720 | thread=main
04-17 08:23:33.121 I/RLT     ( 1866): +526013ms [FRAME] fps=30.1 jank=239 p99=33.3ms heap=18MB periodic corr=frames-73d6 | thread=main
04-17 08:23:33.121 W/RLT     ( 1866): +526013ms [JANK] frame=720 actual=33.3ms expected=12.0ms exceeded threshold corr=frames-73d6 | thread=main
04-17 08:23:33.152 W/RLT     ( 1866): +526045ms [JANK] frame=721 actual=33.3ms expected=12.0ms exceeded threshold corr=frames-73d6 | thread=main
04-17 08:23:33.186 W/RLT     ( 1866): +526078ms [JANK] frame=722 actual=33.3ms expected=12.0ms exceeded threshold corr=frames-73d6 | thread=main
04-17 08:23:33.219 W/RLT     ( 1866): +526111ms [JANK] frame=723 actual=33.3ms expected=12.0ms exceeded threshold corr=frames-73d6 | thread=main
04-17 08:23:33.253 W/RLT     ( 1866): +526145ms [JANK] frame=724 actual=33.3ms expected=12.0ms exceeded threshold corr=frames-73d6 | thread=main
04-17 08:23:33.285 W/RLT     ( 1866): +526178ms [JANK] frame=725 actual=33.3ms expected=12.0ms exceeded threshold corr=frames-73d6 | thread=main
04-17 08:23:33.318 W/RLT     ( 1866): +526211ms [JANK] frame=726 actual=33.3ms expected=12.0ms exceeded threshold corr=frames-73d6 | thread=main
04-17 08:23:33.352 W/RLT     ( 1866): +526244ms [JANK] frame=727 actual=33.3ms expected=12.0ms exceeded threshold corr=frames-73d6 | thread=main
04-17 08:23:33.386 W/RLT     ( 1866): +526278ms [JANK] frame=728 actual=33.3ms expected=12.0ms exceeded threshold corr=frames-73d6 | thread=main
04-17 08:23:33.419 W/RLT     ( 1866): +526312ms [JANK] frame=729 actual=33.3ms expected=12.0ms exceeded threshold corr=frames-73d6 | thread=main
04-17 08:23:33.452 W/RLT     ( 1866): +526344ms [JANK] frame=730 actual=33.3ms expected=12.0ms exceeded threshold corr=frames-73d6 | thread=main
04-17 08:23:33.485 W/RLT     ( 1866): +526378ms [JANK] frame=731 actual=33.3ms expected=12.0ms exceeded threshold corr=frames-73d6 | thread=main
04-17 08:23:33.518 W/RLT     ( 1866): +526411ms [JANK] frame=732 actual=33.3ms expected=12.0ms exceeded threshold corr=frames-73d6 | thread=main
04-17 08:23:33.551 W/RLT     ( 1866): +526444ms [JANK] frame=733 actual=33.3ms expected=12.0ms exceeded threshold corr=frames-73d6 | thread=main
04-17 08:23:33.585 W/RLT     ( 1866): +526478ms [JANK] frame=734 actual=33.3ms expected=12.0ms exceeded threshold corr=frames-73d6 | thread=main
04-17 08:23:33.618 W/RLT     ( 1866): +526511ms [JANK] frame=735 actual=33.3ms expected=12.0ms exceeded threshold corr=frames-73d6 | thread=main
04-17 08:23:33.651 W/RLT     ( 1866): +526544ms [JANK] frame=736 actual=33.3ms expected=12.0ms exceeded threshold corr=frames-73d6 | thread=main
04-17 08:23:33.711 W/RLT     ( 1866): +526604ms [JANK] frame=737 actual=59.9ms expected=12.0ms exceeded threshold corr=frames-73d6 | thread=main
04-17 08:23:33.728 W/RLT     ( 1866): +526620ms [JANK] frame=738 actual=16.7ms expected=12.0ms exceeded threshold corr=frames-73d6 | thread=main
04-17 08:23:33.777 I/LorieNative( 8207): DamageTraceV2: PutImage count=1 drawableType=WINDOW screenPixmap=0 drawable=0xb4000070a0f43750 geom=300x300 box=0,0-300,215 backend=other fn=0x6d7991fe24 fn_offset=0x30de24 fbase=0x6d79612000 sym=unknown so=/data/app/~~iNwcSjv3C2CZCLwcLxpEtA==/com.termux.x11-1tus8NhfW98goVF914TrYw==/base.apk!/lib/arm64-v8a/libXlorie.so
04-17 08:23:33.778 I/LorieNative( 8207): ExaTrace: putImage accel count=1 drawableType=0 drawableId=0x200002 geom=300x300 size=304x215 format=2 depth=24
04-17 08:23:33.778 I/LorieNative( 8207): DamageTraceV2: PutImage count=2 drawableType=WINDOW screenPixmap=0 drawable=0xb4000070a0f43750 geom=300x300 box=0,215-300,300 backend=other fn=0x6d7991fe24 fn_offset=0x30de24 fbase=0x6d79612000 sym=unknown so=/data/app/~~iNwcSjv3C2CZCLwcLxpEtA==/com.termux.x11-1tus8NhfW98goVF914TrYw==/base.apk!/lib/arm64-v8a/libXlorie.so
04-17 08:23:33.778 I/LorieNative( 8207): ExaTrace: putImage accel count=2 drawableType=0 drawableId=0x200002 geom=300x300 size=304x85 format=2 depth=24
04-17 08:23:33.782 I/LorieNative( 8207): DamageTraceV2: PutImage count=3 drawableType=WINDOW screenPixmap=0 drawable=0xb4000070a0f43750 geom=300x300 box=0,0-300,215 backend=other fn=0x6d7991fe24 fn_offset=0x30de24 fbase=0x6d79612000 sym=unknown so=/data/app/~~iNwcSjv3C2CZCLwcLxpEtA==/com.termux.x11-1tus8NhfW98goVF914TrYw==/base.apk!/lib/arm64-v8a/libXlorie.so
04-17 08:23:33.783 I/LorieNative( 8207): ExaTrace: putImage accel count=3 drawableType=0 drawableId=0x200002 geom=300x300 size=304x215 format=2 depth=24
04-17 08:23:33.783 I/LorieNative( 8207): DamageTraceV2: PutImage count=4 drawableType=WINDOW screenPixmap=0 drawable=0xb4000070a0f43750 geom=300x300 box=0,215-300,300 backend=other fn=0x6d7991fe24 fn_offset=0x30de24 fbase=0x6d79612000 sym=unknown so=/data/app/~~iNwcSjv3C2CZCLwcLxpEtA==/com.termux.x11-1tus8NhfW98goVF914TrYw==/base.apk!/lib/arm64-v8a/libXlorie.so
04-17 08:23:33.783 I/LorieNative( 8207): ExaTrace: putImage accel count=4 drawableType=0 drawableId=0x200002 geom=300x300 size=304x85 format=2 depth=24
04-17 08:23:33.790 I/LorieNative( 8207): ExaTrace: putImage accel count=5 drawableType=0 drawableId=0x200002 geom=300x300 size=304x215 format=2 depth=24
04-17 08:23:33.790 I/LorieNative( 8207): ExaTrace: putImage accel count=6 drawableType=0 drawableId=0x200002 geom=300x300 size=304x85 format=2 depth=24
04-17 08:23:33.798 I/LorieNative( 8207): ExaTrace: putImage accel count=7 drawableType=0 drawableId=0x200002 geom=300x300 size=304x215 format=2 depth=24
04-17 08:23:33.798 I/LorieNative( 8207): ExaTrace: putImage accel count=8 drawableType=0 drawableId=0x200002 geom=300x300 size=304x85 format=2 depth=24
04-17 08:23:33.877 I/LorieNative( 8207): DamageTraceV2: PutImage count=64 drawableType=WINDOW screenPixmap=0 drawable=0xb4000070a0f43750 geom=300x300 box=0,215-300,300 backend=other fn=0x6d7991fe24 fn_offset=0x30de24 fbase=0x6d79612000 sym=unknown so=/data/app/~~iNwcSjv3C2CZCLwcLxpEtA==/com.termux.x11-1tus8NhfW98goVF914TrYw==/base.apk!/lib/arm64-v8a/libXlorie.so
04-17 08:23:33.993 I/LorieNative( 8207): DamageTraceV2: PutImage count=128 drawableType=WINDOW screenPixmap=0 drawable=0xb4000070a0f43750 geom=300x300 box=0,215-300,300 backend=other fn=0x6d7991fe24 fn_offset=0x30de24 fbase=0x6d79612000 sym=unknown so=/data/app/~~iNwcSjv3C2CZCLwcLxpEtA==/com.termux.x11-1tus8NhfW98goVF914TrYw==/base.apk!/lib/arm64-v8a/libXlorie.so
04-17 08:23:33.993 I/LorieNative( 8207): ExaTrace: putImage accel count=128 drawableType=0 drawableId=0x200002 geom=300x300 size=304x85 format=2 depth=24
04-17 08:23:34.142 I/LorieNative( 8207): DamageTraceV2: PutImage count=192 drawableType=WINDOW screenPixmap=0 drawable=0xb4000070a0f43750 geom=300x300 box=0,215-300,300 backend=other fn=0x6d7991fe24 fn_offset=0x30de24 fbase=0x6d79612000 sym=unknown so=/data/app/~~iNwcSjv3C2CZCLwcLxpEtA==/com.termux.x11-1tus8NhfW98goVF914TrYw==/base.apk!/lib/arm64-v8a/libXlorie.so
04-17 08:23:34.276 I/LorieNative( 8207): DamageTraceV2: PutImage count=256 drawableType=WINDOW screenPixmap=0 drawable=0xb4000070a0f43750 geom=300x300 box=0,215-300,300 backend=other fn=0x6d7991fe24 fn_offset=0x30de24 fbase=0x6d79612000 sym=unknown so=/data/app/~~iNwcSjv3C2CZCLwcLxpEtA==/com.termux.x11-1tus8NhfW98goVF914TrYw==/base.apk!/lib/arm64-v8a/libXlorie.so
04-17 08:23:34.276 I/LorieNative( 8207): ExaTrace: putImage accel count=256 drawableType=0 drawableId=0x200002 geom=300x300 size=304x85 format=2 depth=24
04-17 08:23:34.327 I/LorieNative( 8207): choreographer callbacks in 5.0 seconds = 40.8 FPS
04-17 08:23:34.327 I/LorieNative( 8207): redraw wakeups in 5.0 seconds = 40.8 FPS
04-17 08:23:34.327 I/LorieNative( 8207): damage-triggered redraws in 5.0 seconds = 13.4 FPS
04-17 08:23:34.327 I/LorieNative( 8207): AhbLockTrace: sticky=0 lock_calls=67 unlock_calls=67 sticky_hits=278 flush_skipped=0 in 5.0s
04-17 08:23:34.327 I/LorieNative( 8207): present flip attempts in 5.0 seconds = 0.0 FPS (accepted 0.0, rejected 0.0)
04-17 08:23:34.327 I/LorieNative( 8207): present after-flips in 5.0 seconds = 0.0 FPS
04-17 08:23:34.327 I/LorieNative( 8207): 67 frames in 5.0 seconds = 13.4 FPS
04-17 08:23:34.410 I/LorieNative( 8207): DamageTraceV2: PutImage count=320 drawableType=WINDOW screenPixmap=0 drawable=0xb4000070a0f43750 geom=300x300 box=0,215-300,300 backend=other fn=0x6d7991fe24 fn_offset=0x30de24 fbase=0x6d79612000 sym=unknown so=/data/app/~~iNwcSjv3C2CZCLwcLxpEtA==/com.termux.x11-1tus8NhfW98goVF914TrYw==/base.apk!/lib/arm64-v8a/libXlorie.so
04-17 08:23:34.551 I/LorieNative( 8207): DamageTraceV2: PutImage count=384 drawableType=WINDOW screenPixmap=0 drawable=0xb4000070a0f43750 geom=300x300 box=0,215-300,300 backend=other fn=0x6d7991fe24 fn_offset=0x30de24 fbase=0x6d79612000 sym=unknown so=/data/app/~~iNwcSjv3C2CZCLwcLxpEtA==/com.termux.x11-1tus8NhfW98goVF914TrYw==/base.apk!/lib/arm64-v8a/libXlorie.so
04-17 08:23:34.551 I/LorieNative( 8207): ExaTrace: putImage accel count=384 drawableType=0 drawableId=0x200002 geom=300x300 size=304x85 format=2 depth=24
04-17 08:23:34.578 I/RLT     ( 1866): +527470ms [THREAD] Choreographer->main op=doFrame frame=840 | thread=main
04-17 08:23:34.579 I/RLT     ( 1866): +527472ms [FRAME] fps=83.5 jank=137 p99=33.3ms heap=18MB periodic corr=frames-73d6 | thread=main
04-17 08:23:34.717 I/LorieNative( 8207): DamageTraceV2: PutImage count=448 drawableType=WINDOW screenPixmap=0 drawable=0xb4000070a0f43750 geom=300x300 box=0,215-300,300 backend=other fn=0x6d7991fe24 fn_offset=0x30de24 fbase=0x6d79612000 sym=unknown so=/data/app/~~iNwcSjv3C2CZCLwcLxpEtA==/com.termux.x11-1tus8NhfW98goVF914TrYw==/base.apk!/lib/arm64-v8a/libXlorie.so
04-17 08:23:34.834 I/LorieNative( 8207): DamageTraceV2: PutImage count=512 drawableType=WINDOW screenPixmap=0 drawable=0xb4000070a0f43750 geom=300x300 box=0,215-300,300 backend=other fn=0x6d7991fe24 fn_offset=0x30de24 fbase=0x6d79612000 sym=unknown so=/data/app/~~iNwcSjv3C2CZCLwcLxpEtA==/com.termux.x11-1tus8NhfW98goVF914TrYw==/base.apk!/lib/arm64-v8a/libXlorie.so
04-17 08:23:34.834 I/LorieNative( 8207): ExaTrace: putImage accel count=512 drawableType=0 drawableId=0x200002 geom=300x300 size=304x85 format=2 depth=24
04-17 08:23:34.985 I/LorieNative( 8207): DamageTraceV2: PutImage count=576 drawableType=WINDOW screenPixmap=0 drawable=0xb4000070a0f43750 geom=300x300 box=0,215-300,300 backend=other fn=0x6d7991fe24 fn_offset=0x30de24 fbase=0x6d79612000 sym=unknown so=/data/app/~~iNwcSjv3C2CZCLwcLxpEtA==/com.termux.x11-1tus8NhfW98goVF914TrYw==/base.apk!/lib/arm64-v8a/libXlorie.so
04-17 08:23:35.124 I/LorieNative( 8207): DamageTraceV2: PutImage count=640 drawableType=WINDOW screenPixmap=0 drawable=0xb4000070a0f43750 geom=300x300 box=0,215-300,300 backend=other fn=0x6d7991fe24 fn_offset=0x30de24 fbase=0x6d79612000 sym=unknown so=/data/app/~~iNwcSjv3C2CZCLwcLxpEtA==/com.termux.x11-1tus8NhfW98goVF914TrYw==/base.apk!/lib/arm64-v8a/libXlorie.so
04-17 08:23:35.124 I/LorieNative( 8207): ExaTrace: putImage accel count=640 drawableType=0 drawableId=0x200002 geom=300x300 size=304x85 format=2 depth=24
04-17 08:23:35.225 D/RLT     ( 1866): +528117ms [CMD] TermuxResultRegistry: created executionId=15 corr=15 | thread=main
04-17 08:23:35.225 I/RLT     ( 1866): +528118ms [CMD] [id=15] execute: commandPath=/data/data/com.termux/files/usr/bin/bash args=-c SESSION_ALIVE="no"
04-17 08:23:35.225 I/RLT     ( 1866): VIRGL_STATUS="n/a"
04-17 08:23:35.225 I/RLT     ( 1866): if [ -f "$PREFIX/tmp/.rlt-session-alive" ]; then
04-17 08:23:35.225 I/RLT     ( 1866):     SESSION_ALIVE="yes"
04-17 08:23:35.225 I/RLT     ( 1866): fi
04-17 08:23:35.225 I/RLT     ( 1866): # Check VirGL process health if PID file exists
04-17 08:23:35.225 I/RLT     ( 1866): ACTIVE_SESSION_DIR="$HOME/.rlt-sess… workdir=<default> background=true stdinLen=0 timeoutMs=5000 | thread=main
04-17 08:23:35.226 I/RLT     ( 1866): +528118ms [CMD] [id=15] awaiting result: deferred created pendingResultsSize=1 timeoutMs=5000 | thread=main
04-17 08:23:35.228 I/RLT     ( 1866): +528121ms [CMD] [id=15] intent built: action=com.termux.RUN_COMMAND component=com.termux/com.termux.app.RunCommandService extras=[PATH=/data/data/com.termux/files/usr/bin/bash BACKGROUND=true STDIN=absent PENDING_INTENT=present] | thread=main
04-17 08:23:35.231 I/RLT     ( 1866): +528123ms [CMD] [id=15] startService: success | thread=main
04-17 08:23:35.234 I/ActivityManager( 1701): Background started FGS: Allowed [callingPackage: com.runelitetablet; callingUid: 10141; uidState: TOP ; uidBFSL: [BFSL]; intent: Intent { act=com.termux.RUN_COMMAND xflg=0x4 cmp=com.termux/.app.RunCommandService (has extras) }; code:PROC_STATE_TOP; tempAllowListReason:<null>; allowWiu:12; targetSdkVersion:28; callerTargetSdkVersion:35; startForegroundCount:119; bindFromPackage:null: isBindService:false]
04-17 08:23:35.246 W/ActivityManager( 1701): Foreground service started from background can not have location/camera/microphone access: service com.termux/.app.TermuxService
04-17 08:23:35.250 D/LorieNative( 1866): xcallback: EVENT_REMOVE_BUFFER id=4
04-17 08:23:35.250 D/LorieNative( 1866): buffer: free count=2 (alloc=2 outstanding=0)
04-17 08:23:35.267 I/RLT     ( 1866): +528159ms [LIFECYCLE] TermuxResultService.onCreate | thread=main
04-17 08:23:35.267 I/RLT     ( 1866): +528160ms [CMD] [id=15] onStartCommand: executionId=15 exitCode=0 errCode=-1 errmsg=null stdoutPreview='session=yes virgl=n/a
04-17 08:23:35.267 I/RLT     ( 1866): ' stderrPreview='' resultBundle=true pendingResultsSize=1 | thread=main
04-17 08:23:35.268 I/RLT     ( 1866): +528160ms [CMD] [id=15] handleResult: executionId=15 exitCode=0 errCode=-1 errmsg=null stdoutLen=22 stdoutPreview='session=yes virgl=n/a
04-17 08:23:35.268 I/RLT     ( 1866): ' stderrLen=0 stderrPreview='' | thread=main
04-17 08:23:35.268 I/RLT     ( 1866): +528161ms [CMD] [id=15] handleResult: deferred found in pendingResults — completing mapSizeAfter=0 | thread=main
04-17 08:23:35.269 I/RLT     ( 1866): +528161ms [CMD] [id=15] result: exitCode=0 error=null stdoutLen=22 stderrLen=0 durationMs=39 | thread=main
04-17 08:23:35.269 I/RLT     ( 1866): +528161ms [STATE] RuneLiteSessionService.handleHealthStateChange: com.runelitetablet.session.SessionState$Starting@358bbc2 -> com.runelitetablet.session.SessionState$Running@de0890c | thread=main
04-17 08:23:35.269 D/RLT     ( 1866): +528162ms [SESSION] SessionNotificationHelper.buildNotification: text=Playing for 0 min | thread=main
04-17 08:23:35.270 I/LorieNative( 8207): PixmapTrace: CreatePixmap pixmap=0x0 drawable=0x0 hasPriv=1 hasBuffer=1 type=AHARDWAREBUFFER format=5 imported=0 flipped=0 mem=0 id=5
04-17 08:23:35.271 I/LorieNative( 8207): Sent shared buffer width 2960 stride 2960 height 1848 format 5 type 3 id 5
04-17 08:23:35.271 I/LorieNative( 8207): PixmapTrace: CreatePixmap pixmap=0x0 drawable=0x0 hasPriv=1 hasBuffer=1 type=REGULAR format=5 imported=0 flipped=0 mem=0 id=6
04-17 08:23:35.271 I/LorieNative( 8207): PixmapTrace: CreatePixmap pixmap=0x0 drawable=0x0 hasPriv=1 hasBuffer=1 type=REGULAR format=5 imported=0 flipped=0 mem=0 id=7
04-17 08:23:35.271 I/LorieNative( 8207): PixmapTrace: CreatePixmap pixmap=0x0 drawable=0x0 hasPriv=1 hasBuffer=1 type=REGULAR format=5 imported=0 flipped=0 mem=0 id=8
04-17 08:23:35.271 D/RLT     ( 1866): +528164ms [SESSION] SessionNotificationHelper: built notification title='RuneLite is running' actions=2 channel=runelite_session | thread=main
04-17 08:23:35.275 I/LorieNative( 1866): Received shared buffer width 2960 stride 2960 height 1848 format 5 type 3 id 5
04-17 08:23:35.275 D/LorieNative( 1866): buffer: alloc count=3 (free=2 outstanding=1)
04-17 08:23:35.296 W/RLT     ( 1866): +528189ms [JANK] frame=924 actual=25.0ms expected=12.0ms exceeded threshold corr=frames-73d6 | thread=main
04-17 08:23:35.594 I/RLT     ( 1866): +528487ms [THREAD] Choreographer->main op=doFrame frame=960 | thread=main
04-17 08:23:35.596 I/RLT     ( 1866): +528489ms [FRAME] fps=118.0 jank=18 p99=33.3ms heap=19MB periodic corr=frames-73d6 | thread=main
04-17 08:23:35.768 I/RLT     ( 1866): +528661ms [LIFECYCLE] TermuxResultService.stopSelfIfIdle: no pending results — stopSelf(startId=1) | thread=main
04-17 08:23:35.771 I/RLT     ( 1866): +528664ms [LIFECYCLE] TermuxResultService.onDestroy: pendingResults=0 (not clearing — deferreds are static, outlive service instances) | thread=main
04-17 08:23:35.806 I/LorieNative( 8207): PixmapTrace: CreatePixmap pixmap=0x0 drawable=0x0 hasPriv=1 hasBuffer=1 type=REGULAR format=5 imported=0 flipped=0 mem=0 id=9
04-17 08:23:35.818 W/RLT     ( 1866): +528711ms [JANK] frame=986 actual=25.0ms expected=12.0ms exceeded threshold corr=frames-73d6 | thread=main
04-17 08:23:35.869 W/RLT     ( 1866): +528761ms [JANK] frame=987 actual=50.0ms expected=12.0ms exceeded threshold corr=frames-73d6 | thread=main
04-17 08:23:35.903 W/RLT     ( 1866): +528795ms [JANK] frame=988 actual=33.3ms expected=12.0ms exceeded threshold corr=frames-73d6 | thread=main
04-17 08:23:35.936 W/RLT     ( 1866): +528828ms [JANK] frame=989 actual=33.3ms expected=12.0ms exceeded threshold corr=frames-73d6 | thread=main
04-17 08:23:35.968 W/RLT     ( 1866): +528861ms [JANK] frame=990 actual=33.3ms expected=12.0ms exceeded threshold corr=frames-73d6 | thread=main
04-17 08:23:35.981 I/LorieNative( 8207): PixmapTrace: CreatePixmap pixmap=0x0 drawable=0x0 hasPriv=1 hasBuffer=1 type=REGULAR format=5 imported=0 flipped=0 mem=0 id=10
04-17 08:23:35.982 I/LorieNative( 8207): PixmapTrace: CreatePixmap pixmap=0x0 drawable=0x0 hasPriv=1 hasBuffer=1 type=REGULAR format=5 imported=0 flipped=0 mem=0 id=11
04-17 08:23:35.982 I/LorieNative( 8207): PixmapTrace: CreatePixmap pixmap=0x0 drawable=0x0 hasPriv=1 hasBuffer=1 type=REGULAR format=5 imported=0 flipped=0 mem=0 id=12
04-17 08:23:35.982 I/LorieNative( 8207): PixmapTrace: CreatePixmap pixmap=0x0 drawable=0x0 hasPriv=1 hasBuffer=1 type=REGULAR format=5 imported=0 flipped=0 mem=0 id=13
04-17 08:23:35.982 I/LorieNative( 8207): PixmapTrace: CreatePixmap pixmap=0x0 drawable=0x0 hasPriv=1 hasBuffer=1 type=REGULAR format=5 imported=0 flipped=0 mem=0 id=14
04-17 08:23:35.982 I/LorieNative( 8207): PixmapTrace: CreatePixmap pixmap=0x0 drawable=0x0 hasPriv=1 hasBuffer=1 type=REGULAR format=5 imported=0 flipped=0 mem=0 id=15
04-17 08:23:35.983 I/LorieNative( 8207): PixmapTrace: CreatePixmap pixmap=0x0 drawable=0x0 hasPriv=1 hasBuffer=1 type=REGULAR format=5 imported=0 flipped=0 mem=0 id=16
04-17 08:23:35.983 I/LorieNative( 8207): PixmapTrace: CreatePixmap pixmap=0x0 drawable=0x0 hasPriv=1 hasBuffer=1 type=REGULAR format=5 imported=0 flipped=0 mem=0 id=17
04-17 08:23:35.984 I/LorieNative( 8207): PixmapTrace: CreatePixmap pixmap=0x0 drawable=0x0 hasPriv=1 hasBuffer=1 type=REGULAR format=5 imported=0 flipped=0 mem=0 id=18
04-17 08:23:35.984 I/LorieNative( 8207): PixmapTrace: CreatePixmap pixmap=0x0 drawable=0x0 hasPriv=1 hasBuffer=1 type=REGULAR format=5 imported=0 flipped=0 mem=0 id=19
04-17 08:23:35.984 I/LorieNative( 8207): PixmapTrace: CreatePixmap pixmap=0x0 drawable=0x0 hasPriv=1 hasBuffer=1 type=REGULAR format=5 imported=0 flipped=0 mem=0 id=20
04-17 08:23:35.984 I/LorieNative( 8207): PixmapTrace: CreatePixmap pixmap=0x0 drawable=0x0 hasPriv=1 hasBuffer=1 type=REGULAR format=5 imported=0 flipped=0 mem=0 id=21
04-17 08:23:35.984 I/LorieNative( 8207): PixmapTrace: CreatePixmap pixmap=0x0 drawable=0x0 hasPriv=1 hasBuffer=1 type=REGULAR format=5 imported=0 flipped=0 mem=0 id=22
04-17 08:23:35.984 I/LorieNative( 8207): PixmapTrace: CreatePixmap pixmap=0x0 drawable=0x0 hasPriv=1 hasBuffer=1 type=REGULAR format=5 imported=0 flipped=0 mem=0 id=23
04-17 08:23:35.984 I/LorieNative( 8207): PixmapTrace: CreatePixmap pixmap=0x0 drawable=0x0 hasPriv=1 hasBuffer=1 type=REGULAR format=5 imported=0 flipped=0 mem=0 id=24
04-17 08:23:35.984 I/LorieNative( 8207): PixmapTrace: CreatePixmap pixmap=0x0 drawable=0x0 hasPriv=1 hasBuffer=1 type=REGULAR format=5 imported=0 flipped=0 mem=0 id=25
04-17 08:23:35.985 I/LorieNative( 8207): PixmapTrace: CreatePixmap pixmap=0x0 drawable=0x0 hasPriv=1 hasBuffer=1 type=REGULAR format=5 imported=0 flipped=0 mem=0 id=26
04-17 08:23:35.985 I/LorieNative( 8207): PixmapTrace: CreatePixmap pixmap=0x0 drawable=0x0 hasPriv=1 hasBuffer=1 type=REGULAR format=5 imported=0 flipped=0 mem=0 id=27
04-17 08:23:35.986 I/LorieNative( 8207): PixmapTrace: CreatePixmap pixmap=0x0 drawable=0x0 hasPriv=1 hasBuffer=1 type=REGULAR format=5 imported=0 flipped=0 mem=0 id=28
04-17 08:23:35.986 I/LorieNative( 8207): PixmapTrace: CreatePixmap pixmap=0x0 drawable=0x0 hasPriv=1 hasBuffer=1 type=REGULAR format=5 imported=0 flipped=0 mem=0 id=29
04-17 08:23:35.986 I/LorieNative( 8207): PixmapTrace: CreatePixmap pixmap=0x0 drawable=0x0 hasPriv=1 hasBuffer=1 type=REGULAR format=5 imported=0 flipped=0 mem=0 id=30
04-17 08:23:35.987 I/LorieNative( 8207): PixmapTrace: CreatePixmap pixmap=0x0 drawable=0x0 hasPriv=1 hasBuffer=1 type=REGULAR format=5 imported=0 flipped=0 mem=0 id=31
04-17 08:23:35.987 I/LorieNative( 8207): PixmapTrace: CreatePixmap pixmap=0x0 drawable=0x0 hasPriv=1 hasBuffer=1 type=REGULAR format=5 imported=0 flipped=0 mem=0 id=32
04-17 08:23:35.987 I/LorieNative( 8207): PixmapTrace: CreatePixmap pixmap=0x0 drawable=0x0 hasPriv=1 hasBuffer=1 type=REGULAR format=5 imported=0 flipped=0 mem=0 id=33
04-17 08:23:35.987 I/LorieNative( 8207): PixmapTrace: CreatePixmap pixmap=0x0 drawable=0x0 hasPriv=1 hasBuffer=1 type=REGULAR format=5 imported=0 flipped=0 mem=0 id=34
04-17 08:23:35.987 I/LorieNative( 8207): PixmapTrace: CreatePixmap pixmap=0x0 drawable=0x0 hasPriv=1 hasBuffer=1 type=REGULAR format=5 imported=0 flipped=0 mem=0 id=35
04-17 08:23:35.987 I/LorieNative( 8207): PixmapTrace: CreatePixmap pixmap=0x0 drawable=0x0 hasPriv=1 hasBuffer=1 type=REGULAR format=5 imported=0 flipped=0 mem=0 id=36
04-17 08:23:35.988 I/LorieNative( 8207): PixmapTrace: CreatePixmap pixmap=0x0 drawable=0x0 hasPriv=1 hasBuffer=1 type=REGULAR format=5 imported=0 flipped=0 mem=0 id=37
04-17 08:23:35.988 I/LorieNative( 8207): PixmapTrace: CreatePixmap pixmap=0x0 drawable=0x0 hasPriv=1 hasBuffer=1 type=REGULAR format=5 imported=0 flipped=0 mem=0 id=38
04-17 08:23:35.988 I/LorieNative( 8207): PixmapTrace: CreatePixmap pixmap=0x0 drawable=0x0 hasPriv=1 hasBuffer=1 type=REGULAR format=5 imported=0 flipped=0 mem=0 id=39
04-17 08:23:35.988 I/LorieNative( 8207): PixmapTrace: CreatePixmap pixmap=0x0 drawable=0x0 hasPriv=1 hasBuffer=1 type=REGULAR format=5 imported=0 flipped=0 mem=0 id=40
04-17 08:23:35.989 I/LorieNative( 8207): PixmapTrace: CreatePixmap pixmap=0x0 drawable=0x0 hasPriv=1 hasBuffer=1 type=REGULAR format=5 imported=0 flipped=0 mem=0 id=41
04-17 08:23:35.989 I/LorieNative( 8207): PixmapTrace: CreatePixmap pixmap=0x0 drawable=0x0 hasPriv=1 hasBuffer=1 type=REGULAR format=5 imported=0 flipped=0 mem=0 id=42
04-17 08:23:35.989 I/LorieNative( 8207): PixmapTrace: CreatePixmap pixmap=0x0 drawable=0x0 hasPriv=1 hasBuffer=1 type=REGULAR format=5 imported=0 flipped=0 mem=0 id=43
04-17 08:23:35.989 I/LorieNative( 8207): PixmapTrace: CreatePixmap pixmap=0x0 drawable=0x0 hasPriv=1 hasBuffer=1 type=REGULAR format=5 imported=0 flipped=0 mem=0 id=44
04-17 08:23:35.989 I/LorieNative( 8207): PixmapTrace: CreatePixmap pixmap=0x0 drawable=0x0 hasPriv=1 hasBuffer=1 type=REGULAR format=5 imported=0 flipped=0 mem=0 id=45
04-17 08:23:35.990 I/LorieNative( 8207): PixmapTrace: CreatePixmap pixmap=0x0 drawable=0x0 hasPriv=1 hasBuffer=1 type=REGULAR format=5 imported=0 flipped=0 mem=0 id=46
04-17 08:23:35.990 I/LorieNative( 8207): PixmapTrace: CreatePixmap pixmap=0x0 drawable=0x0 hasPriv=1 hasBuffer=1 type=REGULAR format=5 imported=0 flipped=0 mem=0 id=47
04-17 08:23:35.990 I/LorieNative( 8207): PixmapTrace: CreatePixmap pixmap=0x0 drawable=0x0 hasPriv=1 hasBuffer=1 type=REGULAR format=5 imported=0 flipped=0 mem=0 id=48
04-17 08:23:35.990 I/LorieNative( 8207): PixmapTrace: CreatePixmap pixmap=0x0 drawable=0x0 hasPriv=1 hasBuffer=1 type=REGULAR format=5 imported=0 flipped=0 mem=0 id=49
04-17 08:23:35.990 I/LorieNative( 8207): PixmapTrace: CreatePixmap pixmap=0x0 drawable=0x0 hasPriv=1 hasBuffer=1 type=REGULAR format=5 imported=0 flipped=0 mem=0 id=50
04-17 08:23:35.990 I/LorieNative( 8207): PixmapTrace: CreatePixmap pixmap=0x0 drawable=0x0 hasPriv=1 hasBuffer=1 type=REGULAR format=5 imported=0 flipped=0 mem=0 id=51
04-17 08:23:35.990 I/LorieNative( 8207): PixmapTrace: CreatePixmap pixmap=0x0 drawable=0x0 hasPriv=1 hasBuffer=1 type=REGULAR format=5 imported=0 flipped=0 mem=0 id=52
04-17 08:23:35.990 I/LorieNative( 8207): PixmapTrace: CreatePixmap pixmap=0x0 drawable=0x0 hasPriv=1 hasBuffer=1 type=REGULAR format=5 imported=0 flipped=0 mem=0 id=53
04-17 08:23:35.991 I/LorieNative( 8207): PixmapTrace: CreatePixmap pixmap=0x0 drawable=0x0 hasPriv=1 hasBuffer=1 type=REGULAR format=5 imported=0 flipped=0 mem=0 id=54
04-17 08:23:35.991 I/LorieNative( 8207): PixmapTrace: CreatePixmap pixmap=0x0 drawable=0x0 hasPriv=1 hasBuffer=1 type=REGULAR format=5 imported=0 flipped=0 mem=0 id=55
04-17 08:23:35.991 I/LorieNative( 8207): PixmapTrace: CreatePixmap pixmap=0x0 drawable=0x0 hasPriv=1 hasBuffer=1 type=REGULAR format=5 imported=0 flipped=0 mem=0 id=56
04-17 08:23:35.991 I/LorieNative( 8207): PixmapTrace: CreatePixmap pixmap=0x0 drawable=0x0 hasPriv=1 hasBuffer=1 type=REGULAR format=5 imported=0 flipped=0 mem=0 id=57
04-17 08:23:35.991 I/LorieNative( 8207): PixmapTrace: CreatePixmap pixmap=0x0 drawable=0x0 hasPriv=1 hasBuffer=1 type=REGULAR format=5 imported=0 flipped=0 mem=0 id=58
04-17 08:23:35.991 I/LorieNative( 8207): PixmapTrace: CreatePixmap pixmap=0x0 drawable=0x0 hasPriv=1 hasBuffer=1 type=REGULAR format=5 imported=0 flipped=0 mem=0 id=59
04-17 08:23:35.991 I/LorieNative( 8207): PixmapTrace: CreatePixmap pixmap=0x0 drawable=0x0 hasPriv=1 hasBuffer=1 type=REGULAR format=5 imported=0 flipped=0 mem=0 id=60
04-17 08:23:35.991 I/LorieNative( 8207): PixmapTrace: CreatePixmap pixmap=0x0 drawable=0x0 hasPriv=1 hasBuffer=1 type=REGULAR format=5 imported=0 flipped=0 mem=0 id=61
04-17 08:23:35.991 I/LorieNative( 8207): PixmapTrace: CreatePixmap pixmap=0x0 drawable=0x0 hasPriv=1 hasBuffer=1 type=REGULAR format=5 imported=0 flipped=0 mem=0 id=62
04-17 08:23:35.992 I/LorieNative( 8207): PixmapTrace: CreatePixmap pixmap=0x0 drawable=0x0 hasPriv=1 hasBuffer=1 type=REGULAR format=5 imported=0 flipped=0 mem=0 id=63
04-17 08:23:35.992 I/LorieNative( 8207): PixmapTrace: CreatePixmap pixmap=0x0 drawable=0x0 hasPriv=1 hasBuffer=1 type=REGULAR format=5 imported=0 flipped=0 mem=0 id=64
04-17 08:23:35.992 I/LorieNative( 8207): PixmapTrace: CreatePixmap pixmap=0x0 drawable=0x0 hasPriv=1 hasBuffer=1 type=REGULAR format=5 imported=0 flipped=0 mem=0 id=65
04-17 08:23:35.992 I/LorieNative( 8207): PixmapTrace: CreatePixmap pixmap=0x0 drawable=0x0 hasPriv=1 hasBuffer=1 type=REGULAR format=5 imported=0 flipped=0 mem=0 id=66
04-17 08:23:35.992 I/LorieNative( 8207): PixmapTrace: CreatePixmap pixmap=0x0 drawable=0x0 hasPriv=1 hasBuffer=1 type=REGULAR format=5 imported=0 flipped=0 mem=0 id=67
04-17 08:23:35.992 I/LorieNative( 8207): PixmapTrace: CreatePixmap pixmap=0x0 drawable=0x0 hasPriv=1 hasBuffer=1 type=REGULAR format=5 imported=0 flipped=0 mem=0 id=68
04-17 08:23:35.992 I/LorieNative( 8207): PixmapTrace: CreatePixmap pixmap=0x0 drawable=0x0 hasPriv=1 hasBuffer=1 type=REGULAR format=5 imported=0 flipped=0 mem=0 id=69
04-17 08:23:36.002 W/RLT     ( 1866): +528895ms [JANK] frame=991 actual=33.5ms expected=12.0ms exceeded threshold corr=frames-73d6 | thread=main
04-17 08:23:36.019 I/LorieNative( 8207): PixmapTrace: CreatePixmap pixmap=0x0 drawable=0x0 hasPriv=1 hasBuffer=1 type=REGULAR format=5 imported=0 flipped=0 mem=0 id=70
04-17 08:23:36.019 I/LorieNative( 8207): PixmapTrace: CreatePixmap pixmap=0x0 drawable=0x0 hasPriv=1 hasBuffer=1 type=REGULAR format=5 imported=0 flipped=0 mem=0 id=71
04-17 08:23:36.019 I/LorieNative( 8207): PixmapTrace: CreatePixmap pixmap=0x0 drawable=0x0 hasPriv=1 hasBuffer=1 type=REGULAR format=5 imported=0 flipped=0 mem=0 id=72
04-17 08:23:36.035 W/RLT     ( 1866): +528927ms [JANK] frame=992 actual=33.4ms expected=12.0ms exceeded threshold corr=frames-73d6 | thread=main
04-17 08:23:36.068 W/RLT     ( 1866): +528960ms [JANK] frame=993 actual=33.4ms expected=12.0ms exceeded threshold corr=frames-73d6 | thread=main
04-17 08:23:36.072 I/LorieNative( 8207): PixmapTrace: CreatePixmap pixmap=0x0 drawable=0x0 hasPriv=1 hasBuffer=1 type=REGULAR format=5 imported=0 flipped=0 mem=0 id=73
04-17 08:23:36.072 I/LorieNative( 8207): PixmapTrace: CreatePixmap pixmap=0x0 drawable=0x0 hasPriv=1 hasBuffer=1 type=REGULAR format=5 imported=0 flipped=0 mem=0 id=74
04-17 08:23:36.072 I/LorieNative( 8207): PixmapTrace: CreatePixmap pixmap=0x0 drawable=0x0 hasPriv=1 hasBuffer=1 type=REGULAR format=5 imported=0 flipped=0 mem=0 id=75
04-17 08:23:36.072 I/LorieNative( 8207): PixmapTrace: CreatePixmap pixmap=0x0 drawable=0x0 hasPriv=1 hasBuffer=1 type=REGULAR format=5 imported=0 flipped=0 mem=0 id=76
04-17 08:23:36.072 I/LorieNative( 8207): ExaTrace: putImage accel count=768 drawableType=1 drawableId=0x20010f geom=36x36 size=36x36 format=2 depth=32
04-17 08:23:36.101 W/RLT     ( 1866): +528994ms [JANK] frame=994 actual=33.4ms expected=12.0ms exceeded threshold corr=frames-73d6 | thread=main
04-17 08:23:36.109 I/LorieNative( 8207): PixmapTrace: CreatePixmap pixmap=0x0 drawable=0x0 hasPriv=1 hasBuffer=1 type=REGULAR format=5 imported=0 flipped=0 mem=0 id=77
04-17 08:23:36.109 I/LorieNative( 8207): PixmapTrace: CreatePixmap pixmap=0x0 drawable=0x0 hasPriv=1 hasBuffer=1 type=REGULAR format=5 imported=0 flipped=0 mem=0 id=78
04-17 08:23:36.109 I/LorieNative( 8207): PixmapTrace: CreatePixmap pixmap=0x0 drawable=0x0 hasPriv=1 hasBuffer=1 type=REGULAR format=5 imported=0 flipped=0 mem=0 id=79
04-17 08:23:36.153 W/RLT     ( 1866): +529046ms [JANK] frame=995 actual=51.5ms expected=12.0ms exceeded threshold corr=frames-73d6 | thread=main
04-17 08:23:36.170 W/RLT     ( 1866): +529062ms [JANK] frame=996 actual=16.7ms expected=12.0ms exceeded threshold corr=frames-73d6 | thread=main
04-17 08:23:36.427 W/RLT     ( 1866): +529319ms [JANK] frame=1026 actual=25.0ms expected=12.0ms exceeded threshold corr=frames-73d6 | thread=main
04-17 08:23:36.466 I/LorieNative( 8207): PixmapTrace: CreatePixmap pixmap=0x0 drawable=0x0 hasPriv=1 hasBuffer=1 type=REGULAR format=5 imported=0 flipped=0 mem=0 id=80
04-17 08:23:36.467 I/LorieNative( 8207): PixmapTrace: CreatePixmap pixmap=0x0 drawable=0x0 hasPriv=1 hasBuffer=1 type=REGULAR format=5 imported=0 flipped=0 mem=0 id=81
04-17 08:23:36.467 I/LorieNative( 8207): PixmapTrace: CreatePixmap pixmap=0x0 drawable=0x0 hasPriv=1 hasBuffer=1 type=REGULAR format=5 imported=0 flipped=0 mem=0 id=82
04-17 08:23:36.467 I/LorieNative( 8207): PixmapTrace: CreatePixmap pixmap=0x0 drawable=0x0 hasPriv=1 hasBuffer=1 type=REGULAR format=5 imported=0 flipped=0 mem=0 id=83
04-17 08:23:36.467 I/LorieNative( 8207): PixmapTrace: CreatePixmap pixmap=0x0 drawable=0x0 hasPriv=1 hasBuffer=1 type=REGULAR format=5 imported=0 flipped=0 mem=0 id=84
04-17 08:23:36.467 I/LorieNative( 8207): PixmapTrace: CreatePixmap pixmap=0x0 drawable=0x0 hasPriv=1 hasBuffer=1 type=REGULAR format=5 imported=0 flipped=0 mem=0 id=85
04-17 08:23:36.467 I/LorieNative( 8207): PixmapTrace: CreatePixmap pixmap=0x0 drawable=0x0 hasPriv=1 hasBuffer=1 type=REGULAR format=5 imported=0 flipped=0 mem=0 id=86
04-17 08:23:36.467 I/LorieNative( 8207): PixmapTrace: CreatePixmap pixmap=0x0 drawable=0x0 hasPriv=1 hasBuffer=1 type=REGULAR format=5 imported=0 flipped=0 mem=0 id=87
04-17 08:23:36.467 I/LorieNative( 8207): PixmapTrace: CreatePixmap pixmap=0x0 drawable=0x0 hasPriv=1 hasBuffer=1 type=REGULAR format=5 imported=0 flipped=0 mem=0 id=88
04-17 08:23:36.467 I/LorieNative( 8207): PixmapTrace: CreatePixmap pixmap=0x0 drawable=0x0 hasPriv=1 hasBuffer=1 type=REGULAR format=5 imported=0 flipped=0 mem=0 id=89
04-17 08:23:36.467 I/LorieNative( 8207): PixmapTrace: CreatePixmap pixmap=0x0 drawable=0x0 hasPriv=1 hasBuffer=1 type=REGULAR format=5 imported=0 flipped=0 mem=0 id=90
04-17 08:23:36.467 I/LorieNative( 8207): PixmapTrace: CreatePixmap pixmap=0x0 drawable=0x0 hasPriv=1 hasBuffer=1 type=REGULAR format=5 imported=0 flipped=0 mem=0 id=91
04-17 08:23:36.467 I/LorieNative( 8207): PixmapTrace: CreatePixmap pixmap=0x0 drawable=0x0 hasPriv=1 hasBuffer=1 type=REGULAR format=5 imported=0 flipped=0 mem=0 id=92
04-17 08:23:36.467 I/LorieNative( 8207): PixmapTrace: CreatePixmap pixmap=0x0 drawable=0x0 hasPriv=1 hasBuffer=1 type=REGULAR format=5 imported=0 flipped=0 mem=0 id=93
04-17 08:23:36.467 I/LorieNative( 8207): PixmapTrace: CreatePixmap pixmap=0x0 drawable=0x0 hasPriv=1 hasBuffer=1 type=REGULAR format=5 imported=0 flipped=0 mem=0 id=94
04-17 08:23:36.467 I/LorieNative( 8207): PixmapTrace: CreatePixmap pixmap=0x0 drawable=0x0 hasPriv=1 hasBuffer=1 type=REGULAR format=5 imported=0 flipped=0 mem=0 id=95
04-17 08:23:36.467 I/LorieNative( 8207): PixmapTrace: CreatePixmap pixmap=0x0 drawable=0x0 hasPriv=1 hasBuffer=1 type=REGULAR format=5 imported=0 flipped=0 mem=0 id=96
04-17 08:23:36.467 I/LorieNative( 8207): PixmapTrace: CreatePixmap pixmap=0x0 drawable=0x0 hasPriv=1 hasBuffer=1 type=REGULAR format=5 imported=0 flipped=0 mem=0 id=97
04-17 08:23:36.467 I/LorieNative( 8207): PixmapTrace: CreatePixmap pixmap=0x0 drawable=0x0 hasPriv=1 hasBuffer=1 type=REGULAR format=5 imported=0 flipped=0 mem=0 id=98
04-17 08:23:36.467 I/LorieNative( 8207): PixmapTrace: CreatePixmap pixmap=0x0 drawable=0x0 hasPriv=1 hasBuffer=1 type=REGULAR format=5 imported=0 flipped=0 mem=0 id=99
04-17 08:23:36.467 I/LorieNative( 8207): PixmapTrace: CreatePixmap pixmap=0x0 drawable=0x0 hasPriv=1 hasBuffer=1 type=REGULAR format=5 imported=0 flipped=0 mem=0 id=100
04-17 08:23:36.467 I/LorieNative( 8207): PixmapTrace: CreatePixmap pixmap=0x0 drawable=0x0 hasPriv=1 hasBuffer=1 type=REGULAR format=5 imported=0 flipped=0 mem=0 id=101
04-17 08:23:36.467 I/LorieNative( 8207): PixmapTrace: CreatePixmap pixmap=0x0 drawable=0x0 hasPriv=1 hasBuffer=1 type=REGULAR format=5 imported=0 flipped=0 mem=0 id=102
04-17 08:23:36.467 I/LorieNative( 8207): PixmapTrace: CreatePixmap pixmap=0x0 drawable=0x0 hasPriv=1 hasBuffer=1 type=REGULAR format=5 imported=0 flipped=0 mem=0 id=103
04-17 08:23:36.467 I/LorieNative( 8207): PixmapTrace: CreatePixmap pixmap=0x0 drawable=0x0 hasPriv=1 hasBuffer=1 type=REGULAR format=5 imported=0 flipped=0 mem=0 id=104
04-17 08:23:36.467 I/LorieNative( 8207): PixmapTrace: CreatePixmap pixmap=0x0 drawable=0x0 hasPriv=1 hasBuffer=1 type=REGULAR format=5 imported=0 flipped=0 mem=0 id=105
04-17 08:23:36.467 I/LorieNative( 8207): PixmapTrace: CreatePixmap pixmap=0x0 drawable=0x0 hasPriv=1 hasBuffer=1 type=REGULAR format=5 imported=0 flipped=0 mem=0 id=106
04-17 08:23:36.467 I/LorieNative( 8207): PixmapTrace: CreatePixmap pixmap=0x0 drawable=0x0 hasPriv=1 hasBuffer=1 type=REGULAR format=5 imported=0 flipped=0 mem=0 id=107
04-17 08:23:36.467 I/LorieNative( 8207): PixmapTrace: CreatePixmap pixmap=0x0 drawable=0x0 hasPriv=1 hasBuffer=1 type=REGULAR format=5 imported=0 flipped=0 mem=0 id=108
04-17 08:23:36.467 I/LorieNative( 8207): PixmapTrace: CreatePixmap pixmap=0x0 drawable=0x0 hasPriv=1 hasBuffer=1 type=REGULAR format=5 imported=0 flipped=0 mem=0 id=109
04-17 08:23:36.467 I/LorieNative( 8207): PixmapTrace: CreatePixmap pixmap=0x0 drawable=0x0 hasPriv=1 hasBuffer=1 type=REGULAR format=5 imported=0 flipped=0 mem=0 id=110
04-17 08:23:36.467 I/LorieNative( 8207): PixmapTrace: CreatePixmap pixmap=0x0 drawable=0x0 hasPriv=1 hasBuffer=1 type=REGULAR format=5 imported=0 flipped=0 mem=0 id=111
04-17 08:23:36.467 I/LorieNative( 8207): PixmapTrace: CreatePixmap pixmap=0x0 drawable=0x0 hasPriv=1 hasBuffer=1 type=REGULAR format=5 imported=0 flipped=0 mem=0 id=112
04-17 08:23:36.467 I/LorieNative( 8207): PixmapTrace: CreatePixmap pixmap=0x0 drawable=0x0 hasPriv=1 hasBuffer=1 type=REGULAR format=5 imported=0 flipped=0 mem=0 id=113
04-17 08:23:36.467 I/LorieNative( 8207): PixmapTrace: CreatePixmap pixmap=0x0 drawable=0x0 hasPriv=1 hasBuffer=1 type=REGULAR format=5 imported=0 flipped=0 mem=0 id=114
04-17 08:23:36.467 I/LorieNative( 8207): PixmapTrace: CreatePixmap pixmap=0x0 drawable=0x0 hasPriv=1 hasBuffer=1 type=REGULAR format=5 imported=0 flipped=0 mem=0 id=115
04-17 08:23:36.467 I/LorieNative( 8207): PixmapTrace: CreatePixmap pixmap=0x0 drawable=0x0 hasPriv=1 hasBuffer=1 type=REGULAR format=5 imported=0 flipped=0 mem=0 id=116
04-17 08:23:36.467 I/LorieNative( 8207): PixmapTrace: CreatePixmap pixmap=0x0 drawable=0x0 hasPriv=1 hasBuffer=1 type=REGULAR format=5 imported=0 flipped=0 mem=0 id=117
04-17 08:23:36.476 W/RLT     ( 1866): +529369ms [JANK] frame=1027 actual=50.0ms expected=12.0ms exceeded threshold corr=frames-73d6 | thread=main
04-17 08:23:36.484 I/LorieNative( 8207): PixmapTrace: CreatePixmap pixmap=0x0 drawable=0x0 hasPriv=1 hasBuffer=1 type=REGULAR format=5 imported=0 flipped=0 mem=0 id=118
04-17 08:23:36.484 I/LorieNative( 8207): ExaTrace: putImage fallback count=1 drawableType=1 drawableId=0x200121 geom=6x6 size=6x6 format=1 depth=1
04-17 08:23:36.484 I/LorieNative( 8207): PixmapTrace: CreatePixmap pixmap=0x0 drawable=0x0 hasPriv=1 hasBuffer=1 type=REGULAR format=5 imported=0 flipped=0 mem=0 id=119
04-17 08:23:36.484 I/LorieNative( 8207): ExaTrace: putImage fallback count=2 drawableType=1 drawableId=0x200123 geom=6x6 size=6x6 format=1 depth=1
04-17 08:23:36.484 I/LorieNative( 8207): PixmapTrace: CreatePixmap pixmap=0x0 drawable=0x0 hasPriv=1 hasBuffer=1 type=REGULAR format=5 imported=0 flipped=0 mem=0 id=120
04-17 08:23:36.484 I/LorieNative( 8207): ExaTrace: putImage fallback count=3 drawableType=1 drawableId=0x200125 geom=6x6 size=6x6 format=1 depth=1
04-17 08:23:36.484 I/LorieNative( 8207): PixmapTrace: CreatePixmap pixmap=0x0 drawable=0x0 hasPriv=1 hasBuffer=1 type=REGULAR format=5 imported=0 flipped=0 mem=0 id=121
04-17 08:23:36.484 I/LorieNative( 8207): ExaTrace: putImage fallback count=4 drawableType=1 drawableId=0x200127 geom=6x6 size=6x6 format=1 depth=1
04-17 08:23:36.484 I/LorieNative( 8207): PixmapTrace: CreatePixmap pixmap=0x0 drawable=0x0 hasPriv=1 hasBuffer=1 type=REGULAR format=5 imported=0 flipped=0 mem=0 id=122
04-17 08:23:36.484 I/LorieNative( 8207): ExaTrace: putImage fallback count=5 drawableType=1 drawableId=0x200129 geom=6x6 size=6x6 format=1 depth=1
04-17 08:23:36.484 I/LorieNative( 8207): PixmapTrace: CreatePixmap pixmap=0x0 drawable=0x0 hasPriv=1 hasBuffer=1 type=REGULAR format=5 imported=0 flipped=0 mem=0 id=123
04-17 08:23:36.484 I/LorieNative( 8207): ExaTrace: putImage fallback count=6 drawableType=1 drawableId=0x20012b geom=6x6 size=6x6 format=1 depth=1
04-17 08:23:36.484 I/LorieNative( 8207): PixmapTrace: CreatePixmap pixmap=0x0 drawable=0x0 hasPriv=1 hasBuffer=1 type=REGULAR format=5 imported=0 flipped=0 mem=0 id=124
04-17 08:23:36.484 I/LorieNative( 8207): ExaTrace: putImage fallback count=7 drawableType=1 drawableId=0x20012d geom=6x6 size=6x6 format=1 depth=1
04-17 08:23:36.484 I/LorieNative( 8207): PixmapTrace: CreatePixmap pixmap=0x0 drawable=0x0 hasPriv=1 hasBuffer=1 type=REGULAR format=5 imported=0 flipped=0 mem=0 id=125
04-17 08:23:36.484 I/LorieNative( 8207): ExaTrace: putImage fallback count=8 drawableType=1 drawableId=0x20012f geom=6x6 size=6x6 format=1 depth=1
04-17 08:23:36.484 I/LorieNative( 8207): PixmapTrace: CreatePixmap pixmap=0x0 drawable=0x0 hasPriv=1 hasBuffer=1 type=REGULAR format=5 imported=0 flipped=0 mem=0 id=126
04-17 08:23:36.484 I/LorieNative( 8207): PixmapTrace: CreatePixmap pixmap=0x0 drawable=0x0 hasPriv=1 hasBuffer=1 type=REGULAR format=5 imported=0 flipped=0 mem=0 id=127
04-17 08:23:36.484 I/LorieNative( 8207): PixmapTrace: CreatePixmap pixmap=0x0 drawable=0x0 hasPriv=1 hasBuffer=1 type=REGULAR format=5 imported=0 flipped=0 mem=0 id=128
04-17 08:23:36.484 I/LorieNative( 8207): PixmapTrace: CreatePixmap pixmap=0x0 drawable=0x0 hasPriv=1 hasBuffer=1 type=REGULAR format=5 imported=0 flipped=0 mem=0 id=129
04-17 08:23:36.484 I/LorieNative( 8207): PixmapTrace: CreatePixmap pixmap=0x0 drawable=0x0 hasPriv=1 hasBuffer=1 type=REGULAR format=5 imported=0 flipped=0 mem=0 id=130
04-17 08:23:36.484 I/LorieNative( 8207): PixmapTrace: CreatePixmap pixmap=0x0 drawable=0x0 hasPriv=1 hasBuffer=1 type=REGULAR format=5 imported=0 flipped=0 mem=0 id=131
04-17 08:23:36.484 I/LorieNative( 8207): PixmapTrace: CreatePixmap pixmap=0x0 drawable=0x0 hasPriv=1 hasBuffer=1 type=REGULAR format=5 imported=0 flipped=0 mem=0 id=132
04-17 08:23:36.484 I/LorieNative( 8207): PixmapTrace: CreatePixmap pixmap=0x0 drawable=0x0 hasPriv=1 hasBuffer=1 type=REGULAR format=5 imported=0 flipped=0 mem=0 id=133
04-17 08:23:36.484 I/LorieNative( 8207): PixmapTrace: CreatePixmap pixmap=0x0 drawable=0x0 hasPriv=1 hasBuffer=1 type=REGULAR format=5 imported=0 flipped=0 mem=0 id=134
04-17 08:23:36.484 I/LorieNative( 8207): PixmapTrace: CreatePixmap pixmap=0x0 drawable=0x0 hasPriv=1 hasBuffer=1 type=REGULAR format=5 imported=0 flipped=0 mem=0 id=135
04-17 08:23:36.484 I/LorieNative( 8207): PixmapTrace: CreatePixmap pixmap=0x0 drawable=0x0 hasPriv=1 hasBuffer=1 type=REGULAR format=5 imported=0 flipped=0 mem=0 id=136
04-17 08:23:36.484 I/LorieNative( 8207): PixmapTrace: CreatePixmap pixmap=0x0 drawable=0x0 hasPriv=1 hasBuffer=1 type=REGULAR format=5 imported=0 flipped=0 mem=0 id=137
04-17 08:23:36.484 I/LorieNative( 8207): PixmapTrace: CreatePixmap pixmap=0x0 drawable=0x0 hasPriv=1 hasBuffer=1 type=REGULAR format=5 imported=0 flipped=0 mem=0 id=138
04-17 08:23:36.484 I/LorieNative( 8207): PixmapTrace: CreatePixmap pixmap=0x0 drawable=0x0 hasPriv=1 hasBuffer=1 type=REGULAR format=5 imported=0 flipped=0 mem=0 id=139
04-17 08:23:36.484 I/LorieNative( 8207): PixmapTrace: CreatePixmap pixmap=0x0 drawable=0x0 hasPriv=1 hasBuffer=1 type=REGULAR format=5 imported=0 flipped=0 mem=0 id=140
04-17 08:23:36.484 I/LorieNative( 8207): PixmapTrace: CreatePixmap pixmap=0x0 drawable=0x0 hasPriv=1 hasBuffer=1 type=REGULAR format=5 imported=0 flipped=0 mem=0 id=141
04-17 08:23:36.484 I/LorieNative( 8207): PixmapTrace: CreatePixmap pixmap=0x0 drawable=0x0 hasPriv=1 hasBuffer=1 type=REGULAR format=5 imported=0 flipped=0 mem=0 id=142
04-17 08:23:36.484 I/LorieNative( 8207): PixmapTrace: CreatePixmap pixmap=0x0 drawable=0x0 hasPriv=1 hasBuffer=1 type=REGULAR format=5 imported=0 flipped=0 mem=0 id=143
04-17 08:23:36.484 I/LorieNative( 8207): PixmapTrace: CreatePixmap pixmap=0x0 drawable=0x0 hasPriv=1 hasBuffer=1 type=REGULAR format=5 imported=0 flipped=0 mem=0 id=144
04-17 08:23:36.484 I/LorieNative( 8207): PixmapTrace: CreatePixmap pixmap=0x0 drawable=0x0 hasPriv=1 hasBuffer=1 type=REGULAR format=5 imported=0 flipped=0 mem=0 id=145
04-17 08:23:36.484 I/LorieNative( 8207): PixmapTrace: CreatePixmap pixmap=0x0 drawable=0x0 hasPriv=1 hasBuffer=1 type=REGULAR format=5 imported=0 flipped=0 mem=0 id=146
04-17 08:23:36.484 I/LorieNative( 8207): PixmapTrace: CreatePixmap pixmap=0x0 drawable=0x0 hasPriv=1 hasBuffer=1 type=REGULAR format=5 imported=0 flipped=0 mem=0 id=147
04-17 08:23:36.484 I/LorieNative( 8207): PixmapTrace: CreatePixmap pixmap=0x0 drawable=0x0 hasPriv=1 hasBuffer=1 type=REGULAR format=5 imported=0 flipped=0 mem=0 id=148
04-17 08:23:36.484 I/LorieNative( 8207): PixmapTrace: CreatePixmap pixmap=0x0 drawable=0x0 hasPriv=1 hasBuffer=1 type=REGULAR format=5 imported=0 flipped=0 mem=0 id=149
04-17 08:23:36.488 D/LorieNative( 1866): xcallback: EVENT_WINDOW_FOCUS_CHANGED
04-17 08:23:36.510 W/RLT     ( 1866): +529403ms [JANK] frame=1028 actual=33.3ms expected=12.0ms exceeded threshold corr=frames-73d6 | thread=main
04-17 08:23:36.543 W/RLT     ( 1866): +529436ms [JANK] frame=1029 actual=33.3ms expected=12.0ms exceeded threshold corr=frames-73d6 | thread=main
04-17 08:23:36.577 W/RLT     ( 1866): +529469ms [JANK] frame=1030 actual=33.3ms expected=12.0ms exceeded threshold corr=frames-73d6 | thread=main
04-17 08:23:36.610 W/RLT     ( 1866): +529503ms [JANK] frame=1031 actual=33.3ms expected=12.0ms exceeded threshold corr=frames-73d6 | thread=main
04-17 08:23:36.643 W/RLT     ( 1866): +529536ms [JANK] frame=1032 actual=33.3ms expected=12.0ms exceeded threshold corr=frames-73d6 | thread=main
04-17 08:23:36.676 W/RLT     ( 1866): +529569ms [JANK] frame=1033 actual=33.3ms expected=12.0ms exceeded threshold corr=frames-73d6 | thread=main
04-17 08:23:36.710 W/RLT     ( 1866): +529602ms [JANK] frame=1034 actual=33.3ms expected=12.0ms exceeded threshold corr=frames-73d6 | thread=main
04-17 08:23:36.743 W/RLT     ( 1866): +529636ms [JANK] frame=1035 actual=33.3ms expected=12.0ms exceeded threshold corr=frames-73d6 | thread=main
04-17 08:23:36.777 W/RLT     ( 1866): +529669ms [JANK] frame=1036 actual=33.3ms expected=12.0ms exceeded threshold corr=frames-73d6 | thread=main
04-17 08:23:36.810 W/RLT     ( 1866): +529702ms [JANK] frame=1037 actual=33.3ms expected=12.0ms exceeded threshold corr=frames-73d6 | thread=main
04-17 08:23:36.843 W/RLT     ( 1866): +529735ms [JANK] frame=1038 actual=33.3ms expected=12.0ms exceeded threshold corr=frames-73d6 | thread=main
04-17 08:23:36.876 W/RLT     ( 1866): +529769ms [JANK] frame=1039 actual=33.3ms expected=12.0ms exceeded threshold corr=frames-73d6 | thread=main
04-17 08:23:36.909 W/RLT     ( 1866): +529802ms [JANK] frame=1040 actual=33.3ms expected=12.0ms exceeded threshold corr=frames-73d6 | thread=main
04-17 08:23:36.943 W/RLT     ( 1866): +529835ms [JANK] frame=1041 actual=33.3ms expected=12.0ms exceeded threshold corr=frames-73d6 | thread=main
04-17 08:23:36.977 W/RLT     ( 1866): +529869ms [JANK] frame=1042 actual=33.3ms expected=12.0ms exceeded threshold corr=frames-73d6 | thread=main
04-17 08:23:37.010 W/RLT     ( 1866): +529902ms [JANK] frame=1043 actual=33.3ms expected=12.0ms exceeded threshold corr=frames-73d6 | thread=main
04-17 08:23:37.043 W/RLT     ( 1866): +529935ms [JANK] frame=1044 actual=33.3ms expected=12.0ms exceeded threshold corr=frames-73d6 | thread=main
04-17 08:23:37.076 W/RLT     ( 1866): +529969ms [JANK] frame=1045 actual=33.3ms expected=12.0ms exceeded threshold corr=frames-73d6 | thread=main
04-17 08:23:37.109 W/RLT     ( 1866): +530002ms [JANK] frame=1046 actual=33.3ms expected=12.0ms exceeded threshold corr=frames-73d6 | thread=main
04-17 08:23:37.143 W/RLT     ( 1866): +530035ms [JANK] frame=1047 actual=33.3ms expected=12.0ms exceeded threshold corr=frames-73d6 | thread=main
04-17 08:23:37.176 W/RLT     ( 1866): +530069ms [JANK] frame=1048 actual=33.3ms expected=12.0ms exceeded threshold corr=frames-73d6 | thread=main
04-17 08:23:37.210 W/RLT     ( 1866): +530102ms [JANK] frame=1049 actual=33.3ms expected=12.0ms exceeded threshold corr=frames-73d6 | thread=main
04-17 08:23:37.243 W/RLT     ( 1866): +530135ms [JANK] frame=1050 actual=33.3ms expected=12.0ms exceeded threshold corr=frames-73d6 | thread=main
04-17 08:23:37.276 W/RLT     ( 1866): +530169ms [JANK] frame=1051 actual=33.3ms expected=12.0ms exceeded threshold corr=frames-73d6 | thread=main
04-17 08:23:37.310 W/RLT     ( 1866): +530202ms [JANK] frame=1052 actual=33.3ms expected=12.0ms exceeded threshold corr=frames-73d6 | thread=main
04-17 08:23:37.343 W/RLT     ( 1866): +530236ms [JANK] frame=1053 actual=33.3ms expected=12.0ms exceeded threshold corr=frames-73d6 | thread=main
04-17 08:23:37.377 W/RLT     ( 1866): +530270ms [JANK] frame=1054 actual=33.3ms expected=12.0ms exceeded threshold corr=frames-73d6 | thread=main
04-17 08:23:37.410 W/RLT     ( 1866): +530303ms [JANK] frame=1055 actual=33.3ms expected=12.0ms exceeded threshold corr=frames-73d6 | thread=main
04-17 08:23:37.444 W/RLT     ( 1866): +530336ms [JANK] frame=1056 actual=33.3ms expected=12.0ms exceeded threshold corr=frames-73d6 | thread=main
04-17 08:23:37.476 W/RLT     ( 1866): +530369ms [JANK] frame=1057 actual=33.3ms expected=12.0ms exceeded threshold corr=frames-73d6 | thread=main
04-17 08:23:37.510 W/RLT     ( 1866): +530402ms [JANK] frame=1058 actual=33.3ms expected=12.0ms exceeded threshold corr=frames-73d6 | thread=main
04-17 08:23:37.543 W/RLT     ( 1866): +530436ms [JANK] frame=1059 actual=33.3ms expected=12.0ms exceeded threshold corr=frames-73d6 | thread=main
04-17 08:23:37.576 W/RLT     ( 1866): +530469ms [JANK] frame=1060 actual=33.3ms expected=12.0ms exceeded threshold corr=frames-73d6 | thread=main
04-17 08:23:37.610 W/RLT     ( 1866): +530502ms [JANK] frame=1061 actual=33.3ms expected=12.0ms exceeded threshold corr=frames-73d6 | thread=main
04-17 08:23:37.643 W/RLT     ( 1866): +530535ms [JANK] frame=1062 actual=33.3ms expected=12.0ms exceeded threshold corr=frames-73d6 | thread=main
04-17 08:23:37.676 W/RLT     ( 1866): +530569ms [JANK] frame=1063 actual=33.3ms expected=12.0ms exceeded threshold corr=frames-73d6 | thread=main
04-17 08:23:37.709 W/RLT     ( 1866): +530602ms [JANK] frame=1064 actual=33.3ms expected=12.0ms exceeded threshold corr=frames-73d6 | thread=main
04-17 08:23:37.743 W/RLT     ( 1866): +530635ms [JANK] frame=1065 actual=33.3ms expected=12.0ms exceeded threshold corr=frames-73d6 | thread=main
04-17 08:23:37.776 W/RLT     ( 1866): +530669ms [JANK] frame=1066 actual=33.3ms expected=12.0ms exceeded threshold corr=frames-73d6 | thread=main
04-17 08:23:37.809 W/RLT     ( 1866): +530702ms [JANK] frame=1067 actual=33.3ms expected=12.0ms exceeded threshold corr=frames-73d6 | thread=main
04-17 08:23:37.843 W/RLT     ( 1866): +530735ms [JANK] frame=1068 actual=33.3ms expected=12.0ms exceeded threshold corr=frames-73d6 | thread=main
04-17 08:23:37.876 W/RLT     ( 1866): +530769ms [JANK] frame=1069 actual=33.3ms expected=12.0ms exceeded threshold corr=frames-73d6 | thread=main
04-17 08:23:37.909 W/RLT     ( 1866): +530802ms [JANK] frame=1070 actual=33.3ms expected=12.0ms exceeded threshold corr=frames-73d6 | thread=main
04-17 08:23:37.943 W/RLT     ( 1866): +530835ms [JANK] frame=1071 actual=33.3ms expected=12.0ms exceeded threshold corr=frames-73d6 | thread=main
04-17 08:23:37.976 W/RLT     ( 1866): +530868ms [JANK] frame=1072 actual=33.3ms expected=12.0ms exceeded threshold corr=frames-73d6 | thread=main
04-17 08:23:38.009 W/RLT     ( 1866): +530902ms [JANK] frame=1073 actual=33.3ms expected=12.0ms exceeded threshold corr=frames-73d6 | thread=main
04-17 08:23:38.043 W/RLT     ( 1866): +530935ms [JANK] frame=1074 actual=33.3ms expected=12.0ms exceeded threshold corr=frames-73d6 | thread=main
04-17 08:23:38.076 W/RLT     ( 1866): +530968ms [JANK] frame=1075 actual=33.3ms expected=12.0ms exceeded threshold corr=frames-73d6 | thread=main
04-17 08:23:38.110 W/RLT     ( 1866): +531002ms [JANK] frame=1076 actual=33.3ms expected=12.0ms exceeded threshold corr=frames-73d6 | thread=main
04-17 08:23:38.143 W/RLT     ( 1866): +531036ms [JANK] frame=1077 actual=33.3ms expected=12.0ms exceeded threshold corr=frames-73d6 | thread=main
04-17 08:23:38.177 W/RLT     ( 1866): +531070ms [JANK] frame=1078 actual=33.3ms expected=12.0ms exceeded threshold corr=frames-73d6 | thread=main
04-17 08:23:38.210 W/RLT     ( 1866): +531102ms [JANK] frame=1079 actual=33.3ms expected=12.0ms exceeded threshold corr=frames-73d6 | thread=main
04-17 08:23:38.243 I/RLT     ( 1866): +531135ms [THREAD] Choreographer->main op=doFrame frame=1080 | thread=main
04-17 08:23:38.244 I/RLT     ( 1866): +531136ms [FRAME] fps=45.1 jank=67 p99=33.5ms heap=19MB periodic corr=frames-73d6 | thread=main
04-17 08:23:38.244 W/RLT     ( 1866): +531137ms [JANK] frame=1080 actual=33.3ms expected=12.0ms exceeded threshold corr=frames-73d6 | thread=main
04-17 08:23:38.276 W/RLT     ( 1866): +531169ms [JANK] frame=1081 actual=33.3ms expected=12.0ms exceeded threshold corr=frames-73d6 | thread=main
04-17 08:23:38.310 W/RLT     ( 1866): +531202ms [JANK] frame=1082 actual=33.3ms expected=12.0ms exceeded threshold corr=frames-73d6 | thread=main
04-17 08:23:38.343 W/RLT     ( 1866): +531236ms [JANK] frame=1083 actual=33.3ms expected=12.0ms exceeded threshold corr=frames-73d6 | thread=main
04-17 08:23:38.376 W/RLT     ( 1866): +531268ms [JANK] frame=1084 actual=33.3ms expected=12.0ms exceeded threshold corr=frames-73d6 | thread=main
04-17 08:23:38.410 W/RLT     ( 1866): +531302ms [JANK] frame=1085 actual=33.3ms expected=12.0ms exceeded threshold corr=frames-73d6 | thread=main
04-17 08:23:38.443 W/RLT     ( 1866): +531336ms [JANK] frame=1086 actual=33.3ms expected=12.0ms exceeded threshold corr=frames-73d6 | thread=main
04-17 08:23:38.476 W/RLT     ( 1866): +531369ms [JANK] frame=1087 actual=33.3ms expected=12.0ms exceeded threshold corr=frames-73d6 | thread=main
04-17 08:23:38.509 W/RLT     ( 1866): +531402ms [JANK] frame=1088 actual=33.3ms expected=12.0ms exceeded threshold corr=frames-73d6 | thread=main
04-17 08:23:38.542 W/RLT     ( 1866): +531435ms [JANK] frame=1089 actual=33.3ms expected=12.0ms exceeded threshold corr=frames-73d6 | thread=main
04-17 08:23:38.576 W/RLT     ( 1866): +531468ms [JANK] frame=1090 actual=33.3ms expected=12.0ms exceeded threshold corr=frames-73d6 | thread=main
04-17 08:23:38.610 W/RLT     ( 1866): +531502ms [JANK] frame=1091 actual=33.3ms expected=12.0ms exceeded threshold corr=frames-73d6 | thread=main
04-17 08:23:38.643 W/RLT     ( 1866): +531535ms [JANK] frame=1092 actual=33.3ms expected=12.0ms exceeded threshold corr=frames-73d6 | thread=main
04-17 08:23:38.676 W/RLT     ( 1866): +531569ms [JANK] frame=1093 actual=33.3ms expected=12.0ms exceeded threshold corr=frames-73d6 | thread=main
04-17 08:23:38.710 W/RLT     ( 1866): +531603ms [JANK] frame=1094 actual=33.3ms expected=12.0ms exceeded threshold corr=frames-73d6 | thread=main
04-17 08:23:38.743 W/RLT     ( 1866): +531635ms [JANK] frame=1095 actual=33.3ms expected=12.0ms exceeded threshold corr=frames-73d6 | thread=main
04-17 08:23:38.776 W/RLT     ( 1866): +531669ms [JANK] frame=1096 actual=33.3ms expected=12.0ms exceeded threshold corr=frames-73d6 | thread=main
04-17 08:23:38.809 W/RLT     ( 1866): +531702ms [JANK] frame=1097 actual=33.3ms expected=12.0ms exceeded threshold corr=frames-73d6 | thread=main
04-17 08:23:38.843 W/RLT     ( 1866): +531735ms [JANK] frame=1098 actual=33.3ms expected=12.0ms exceeded threshold corr=frames-73d6 | thread=main
04-17 08:23:38.876 W/RLT     ( 1866): +531769ms [JANK] frame=1099 actual=33.3ms expected=12.0ms exceeded threshold corr=frames-73d6 | thread=main
04-17 08:23:38.909 W/RLT     ( 1866): +531802ms [JANK] frame=1100 actual=33.3ms expected=12.0ms exceeded threshold corr=frames-73d6 | thread=main
04-17 08:23:38.943 W/RLT     ( 1866): +531836ms [JANK] frame=1101 actual=33.3ms expected=12.0ms exceeded threshold corr=frames-73d6 | thread=main
04-17 08:23:38.976 W/RLT     ( 1866): +531869ms [JANK] frame=1102 actual=33.3ms expected=12.0ms exceeded threshold corr=frames-73d6 | thread=main
04-17 08:23:39.010 W/RLT     ( 1866): +531903ms [JANK] frame=1103 actual=33.3ms expected=12.0ms exceeded threshold corr=frames-73d6 | thread=main
04-17 08:23:39.043 W/RLT     ( 1866): +531936ms [JANK] frame=1104 actual=33.3ms expected=12.0ms exceeded threshold corr=frames-73d6 | thread=main
04-17 08:23:39.076 W/RLT     ( 1866): +531969ms [JANK] frame=1105 actual=33.3ms expected=12.0ms exceeded threshold corr=frames-73d6 | thread=main
04-17 08:23:39.110 W/RLT     ( 1866): +532003ms [JANK] frame=1106 actual=33.3ms expected=12.0ms exceeded threshold corr=frames-73d6 | thread=main
04-17 08:23:39.143 W/RLT     ( 1866): +532036ms [JANK] frame=1107 actual=33.3ms expected=12.0ms exceeded threshold corr=frames-73d6 | thread=main
04-17 08:23:39.176 W/RLT     ( 1866): +532069ms [JANK] frame=1108 actual=33.3ms expected=12.0ms exceeded threshold corr=frames-73d6 | thread=main
04-17 08:23:39.210 W/RLT     ( 1866): +532102ms [JANK] frame=1109 actual=33.3ms expected=12.0ms exceeded threshold corr=frames-73d6 | thread=main
04-17 08:23:39.243 W/RLT     ( 1866): +532136ms [JANK] frame=1110 actual=33.3ms expected=12.0ms exceeded threshold corr=frames-73d6 | thread=main
04-17 08:23:39.277 W/RLT     ( 1866): +532169ms [JANK] frame=1111 actual=33.3ms expected=12.0ms exceeded threshold corr=frames-73d6 | thread=main
04-17 08:23:39.309 W/RLT     ( 1866): +532202ms [JANK] frame=1112 actual=33.3ms expected=12.0ms exceeded threshold corr=frames-73d6 | thread=main
04-17 08:23:39.343 W/RLT     ( 1866): +532235ms [JANK] frame=1113 actual=33.3ms expected=12.0ms exceeded threshold corr=frames-73d6 | thread=main
04-17 08:23:39.376 W/RLT     ( 1866): +532268ms [JANK] frame=1114 actual=33.3ms expected=12.0ms exceeded threshold corr=frames-73d6 | thread=main
04-17 08:23:39.410 W/RLT     ( 1866): +532302ms [JANK] frame=1115 actual=33.3ms expected=12.0ms exceeded threshold corr=frames-73d6 | thread=main
04-17 08:23:39.443 W/RLT     ( 1866): +532336ms [JANK] frame=1116 actual=33.3ms expected=12.0ms exceeded threshold corr=frames-73d6 | thread=main
04-17 08:23:39.476 W/RLT     ( 1866): +532368ms [JANK] frame=1117 actual=33.3ms expected=12.0ms exceeded threshold corr=frames-73d6 | thread=main
04-17 08:23:39.509 W/RLT     ( 1866): +532402ms [JANK] frame=1118 actual=33.3ms expected=12.0ms exceeded threshold corr=frames-73d6 | thread=main
04-17 08:23:39.543 W/RLT     ( 1866): +532435ms [JANK] frame=1119 actual=33.3ms expected=12.0ms exceeded threshold corr=frames-73d6 | thread=main
04-17 08:23:39.576 W/RLT     ( 1866): +532469ms [JANK] frame=1120 actual=33.3ms expected=12.0ms exceeded threshold corr=frames-73d6 | thread=main
04-17 08:23:39.610 W/RLT     ( 1866): +532502ms [JANK] frame=1121 actual=33.3ms expected=12.0ms exceeded threshold corr=frames-73d6 | thread=main
04-17 08:23:39.643 W/RLT     ( 1866): +532536ms [JANK] frame=1122 actual=33.3ms expected=12.0ms exceeded threshold corr=frames-73d6 | thread=main
04-17 08:23:39.676 W/RLT     ( 1866): +532569ms [JANK] frame=1123 actual=33.3ms expected=12.0ms exceeded threshold corr=frames-73d6 | thread=main
04-17 08:23:39.710 W/RLT     ( 1866): +532603ms [JANK] frame=1124 actual=33.3ms expected=12.0ms exceeded threshold corr=frames-73d6 | thread=main
04-17 08:23:39.743 W/RLT     ( 1866): +532635ms [JANK] frame=1125 actual=33.3ms expected=12.0ms exceeded threshold corr=frames-73d6 | thread=main
04-17 08:23:39.776 W/RLT     ( 1866): +532669ms [JANK] frame=1126 actual=33.3ms expected=12.0ms exceeded threshold corr=frames-73d6 | thread=main
04-17 08:23:39.809 W/RLT     ( 1866): +532702ms [JANK] frame=1127 actual=33.3ms expected=12.0ms exceeded threshold corr=frames-73d6 | thread=main
04-17 08:23:39.843 W/RLT     ( 1866): +532736ms [JANK] frame=1128 actual=33.3ms expected=12.0ms exceeded threshold corr=frames-73d6 | thread=main
04-17 08:23:39.875 W/RLT     ( 1866): +532768ms [JANK] frame=1129 actual=33.3ms expected=12.0ms exceeded threshold corr=frames-73d6 | thread=main
04-17 08:23:39.909 W/RLT     ( 1866): +532802ms [JANK] frame=1130 actual=33.3ms expected=12.0ms exceeded threshold corr=frames-73d6 | thread=main
04-17 08:23:39.942 W/RLT     ( 1866): +532835ms [JANK] frame=1131 actual=33.3ms expected=12.0ms exceeded threshold corr=frames-73d6 | thread=main
04-17 08:23:39.976 W/RLT     ( 1866): +532868ms [JANK] frame=1132 actual=33.3ms expected=12.0ms exceeded threshold corr=frames-73d6 | thread=main
04-17 08:23:40.009 W/RLT     ( 1866): +532902ms [JANK] frame=1133 actual=33.3ms expected=12.0ms exceeded threshold corr=frames-73d6 | thread=main
04-17 08:23:40.042 W/RLT     ( 1866): +532935ms [JANK] frame=1134 actual=33.3ms expected=12.0ms exceeded threshold corr=frames-73d6 | thread=main
04-17 08:23:40.076 W/RLT     ( 1866): +532969ms [JANK] frame=1135 actual=33.3ms expected=12.0ms exceeded threshold corr=frames-73d6 | thread=main
04-17 08:23:40.090 I/LorieNative( 8207): PixmapTrace: CreatePixmap pixmap=0x0 drawable=0x0 hasPriv=1 hasBuffer=1 type=REGULAR format=5 imported=0 flipped=0 mem=0 id=150
04-17 08:23:40.110 W/RLT     ( 1866): +533002ms [JANK] frame=1136 actual=33.3ms expected=12.0ms exceeded threshold corr=frames-73d6 | thread=main
04-17 08:23:40.143 W/RLT     ( 1866): +533035ms [JANK] frame=1137 actual=33.3ms expected=12.0ms exceeded threshold corr=frames-73d6 | thread=main
04-17 08:23:40.176 W/RLT     ( 1866): +533069ms [JANK] frame=1138 actual=33.3ms expected=12.0ms exceeded threshold corr=frames-73d6 | thread=main
04-17 08:23:40.209 W/RLT     ( 1866): +533101ms [JANK] frame=1139 actual=33.3ms expected=12.0ms exceeded threshold corr=frames-73d6 | thread=main
04-17 08:23:40.243 W/RLT     ( 1866): +533135ms [JANK] frame=1140 actual=33.3ms expected=12.0ms exceeded threshold corr=frames-73d6 | thread=main
04-17 08:23:40.271 I/LorieNative( 8207): choreographer callbacks in 5.0 seconds = 66.6 FPS
04-17 08:23:40.271 I/LorieNative( 8207): redraw wakeups in 5.0 seconds = 66.2 FPS
04-17 08:23:40.271 I/LorieNative( 8207): damage-triggered redraws in 5.0 seconds = 22.2 FPS
04-17 08:23:40.271 I/LorieNative( 8207): AhbLockTrace: sticky=0 lock_calls=111 unlock_calls=111 sticky_hits=789 flush_skipped=0 in 5.0s
04-17 08:23:40.271 I/LorieNative( 8207): present flip attempts in 5.0 seconds = 0.0 FPS (accepted 0.0, rejected 0.0)
04-17 08:23:40.271 I/LorieNative( 8207): present after-flips in 5.0 seconds = 0.0 FPS
04-17 08:23:40.271 I/LorieNative( 8207): 113 frames in 5.0 seconds = 22.6 FPS
04-17 08:23:40.277 W/RLT     ( 1866): +533169ms [JANK] frame=1141 actual=33.3ms expected=12.0ms exceeded threshold corr=frames-73d6 | thread=main
04-17 08:23:40.310 W/RLT     ( 1866): +533203ms [JANK] frame=1142 actual=33.3ms expected=12.0ms exceeded threshold corr=frames-73d6 | thread=main
04-17 08:23:40.314 I/RLT     ( 1866): +533207ms [PERF] PERF_SUMMARY:   renderer_fps=48.9 wait_choreo_pct=0 wait_content_pct=0 wait_state_pct=100 | thread=perf-dashboard
04-17 08:23:40.343 W/RLT     ( 1866): +533235ms [JANK] frame=1143 actual=33.3ms expected=12.0ms exceeded threshold corr=frames-73d6 | thread=main
04-17 08:23:40.376 W/RLT     ( 1866): +533268ms [JANK] frame=1144 actual=33.3ms expected=12.0ms exceeded threshold corr=frames-73d6 | thread=main
04-17 08:23:40.409 W/RLT     ( 1866): +533302ms [JANK] frame=1145 actual=33.3ms expected=12.0ms exceeded threshold corr=frames-73d6 | thread=main
04-17 08:23:40.443 W/RLT     ( 1866): +533335ms [JANK] frame=1146 actual=33.3ms expected=12.0ms exceeded threshold corr=frames-73d6 | thread=main
04-17 08:23:40.476 W/RLT     ( 1866): +533368ms [JANK] frame=1147 actual=33.3ms expected=12.0ms exceeded threshold corr=frames-73d6 | thread=main
04-17 08:23:40.509 W/RLT     ( 1866): +533402ms [JANK] frame=1148 actual=33.3ms expected=12.0ms exceeded threshold corr=frames-73d6 | thread=main
04-17 08:23:40.543 W/RLT     ( 1866): +533435ms [JANK] frame=1149 actual=33.3ms expected=12.0ms exceeded threshold corr=frames-73d6 | thread=main
04-17 08:23:40.576 W/RLT     ( 1866): +533469ms [JANK] frame=1150 actual=33.3ms expected=12.0ms exceeded threshold corr=frames-73d6 | thread=main
04-17 08:23:40.600 I/LorieNative( 8207): PixmapTrace: CreatePixmap pixmap=0x0 drawable=0x0 hasPriv=1 hasBuffer=1 type=REGULAR format=5 imported=0 flipped=0 mem=0 id=151
04-17 08:23:40.600 I/LorieNative( 8207): PixmapTrace: CreatePixmap pixmap=0x0 drawable=0x0 hasPriv=1 hasBuffer=1 type=REGULAR format=5 imported=0 flipped=0 mem=0 id=152
04-17 08:23:40.600 I/LorieNative( 8207): PixmapTrace: CreatePixmap pixmap=0x0 drawable=0x0 hasPriv=1 hasBuffer=1 type=REGULAR format=5 imported=0 flipped=0 mem=0 id=153
04-17 08:23:40.600 I/LorieNative( 8207): PixmapTrace: CreatePixmap pixmap=0x0 drawable=0x0 hasPriv=1 hasBuffer=1 type=REGULAR format=5 imported=0 flipped=0 mem=0 id=154
04-17 08:23:40.600 I/LorieNative( 8207): PixmapTrace: CreatePixmap pixmap=0x0 drawable=0x0 hasPriv=1 hasBuffer=1 type=REGULAR format=5 imported=0 flipped=0 mem=0 id=155
04-17 08:23:40.600 I/LorieNative( 8207): PixmapTrace: CreatePixmap pixmap=0x0 drawable=0x0 hasPriv=1 hasBuffer=1 type=REGULAR format=5 imported=0 flipped=0 mem=0 id=156
04-17 08:23:40.610 W/RLT     ( 1866): +533502ms [JANK] frame=1151 actual=33.3ms expected=12.0ms exceeded threshold corr=frames-73d6 | thread=main
04-17 08:23:40.641 D/LorieNative( 1866): xcallback: EVENT_WINDOW_FOCUS_CHANGED
04-17 08:23:40.661 W/RLT     ( 1866): +533554ms [JANK] frame=1152 actual=52.2ms expected=12.0ms exceeded threshold corr=frames-73d6 | thread=main
04-17 08:23:40.675 I/LorieNative( 8207): PixmapTrace: CreatePixmap pixmap=0x0 drawable=0x0 hasPriv=1 hasBuffer=1 type=REGULAR format=5 imported=0 flipped=0 mem=0 id=157
04-17 08:23:40.678 W/RLT     ( 1866): +533570ms [JANK] frame=1153 actual=16.7ms expected=12.0ms exceeded threshold corr=frames-73d6 | thread=main
04-17 08:23:40.883 I/LorieNative( 8207): PixmapTrace: CreatePixmap pixmap=0x0 drawable=0x0 hasPriv=1 hasBuffer=1 type=REGULAR format=5 imported=0 flipped=0 mem=0 id=158
04-17 08:23:40.883 I/LorieNative( 8207): PixmapTrace: CreatePixmap pixmap=0x0 drawable=0x0 hasPriv=1 hasBuffer=1 type=REGULAR format=5 imported=0 flipped=0 mem=0 id=159
04-17 08:23:40.883 I/LorieNative( 8207): PixmapTrace: CreatePixmap pixmap=0x0 drawable=0x0 hasPriv=1 hasBuffer=1 type=REGULAR format=5 imported=0 flipped=0 mem=0 id=160
04-17 08:23:40.883 I/LorieNative( 8207): PixmapTrace: CreatePixmap pixmap=0x0 drawable=0x0 hasPriv=1 hasBuffer=1 type=REGULAR format=5 imported=0 flipped=0 mem=0 id=161
04-17 08:23:40.883 I/LorieNative( 8207): PixmapTrace: CreatePixmap pixmap=0x0 drawable=0x0 hasPriv=1 hasBuffer=1 type=REGULAR format=5 imported=0 flipped=0 mem=0 id=162
04-17 08:23:40.883 I/LorieNative( 8207): PixmapTrace: CreatePixmap pixmap=0x0 drawable=0x0 hasPriv=1 hasBuffer=1 type=REGULAR format=5 imported=0 flipped=0 mem=0 id=163
04-17 08:23:40.883 I/LorieNative( 8207): PixmapTrace: CreatePixmap pixmap=0x0 drawable=0x0 hasPriv=1 hasBuffer=1 type=REGULAR format=5 imported=0 flipped=0 mem=0 id=164
04-17 08:23:40.883 I/LorieNative( 8207): PixmapTrace: CreatePixmap pixmap=0x0 drawable=0x0 hasPriv=1 hasBuffer=1 type=REGULAR format=5 imported=0 flipped=0 mem=0 id=165
04-17 08:23:40.884 I/LorieNative( 8207): PixmapTrace: CreatePixmap pixmap=0x0 drawable=0x0 hasPriv=1 hasBuffer=1 type=REGULAR format=5 imported=0 flipped=0 mem=0 id=166
04-17 08:23:40.894 I/LorieNative( 8207): DamageTraceV2: Composite count=1 drawableType=WINDOW screenPixmap=0 drawable=0xb4000070a0f46b10 geom=2960x1848 box=0,0-2960,1848 fn=0x6d79923ed4 fn_offset=0x311ed4 fbase=0x6d79612000 sym=unknown so=/data/app/~~iNwcSjv3C2CZCLwcLxpEtA==/com.termux.x11-1tus8NhfW98goVF914TrYw==/base.apk!/lib/arm64-v8a/libXlorie.so
04-17 08:23:40.967 I/LorieNative( 8207): DamageTraceV2: Composite count=2 drawableType=WINDOW screenPixmap=0 drawable=0xb4000070a0f46b10 geom=2960x1848 box=0,452-400,480 fn=0x6d79923ed4 fn_offset=0x311ed4 fbase=0x6d79612000 sym=unknown so=/data/app/~~iNwcSjv3C2CZCLwcLxpEtA==/com.termux.x11-1tus8NhfW98goVF914TrYw==/base.apk!/lib/arm64-v8a/libXlorie.so
04-17 08:23:40.967 I/LorieNative( 8207): PixmapTrace: CreatePixmap pixmap=0x0 drawable=0x0 hasPriv=1 hasBuffer=1 type=REGULAR format=5 imported=0 flipped=0 mem=0 id=167
04-17 08:23:40.967 I/LorieNative( 8207): PixmapTrace: CreatePixmap pixmap=0x0 drawable=0x0 hasPriv=1 hasBuffer=1 type=REGULAR format=5 imported=0 flipped=0 mem=0 id=168
04-17 08:23:40.967 I/LorieNative( 8207): PixmapTrace: CreatePixmap pixmap=0x0 drawable=0x0 hasPriv=1 hasBuffer=1 type=REGULAR format=5 imported=0 flipped=0 mem=0 id=169
04-17 08:23:40.967 I/LorieNative( 8207): PixmapTrace: CreatePixmap pixmap=0x0 drawable=0x0 hasPriv=1 hasBuffer=1 type=REGULAR format=5 imported=0 flipped=0 mem=0 id=170
04-17 08:23:40.967 I/LorieNative( 8207): PixmapTrace: CreatePixmap pixmap=0x0 drawable=0x0 hasPriv=1 hasBuffer=1 type=REGULAR format=5 imported=0 flipped=0 mem=0 id=171
04-17 08:23:40.967 I/LorieNative( 8207): PixmapTrace: CreatePixmap pixmap=0x0 drawable=0x0 hasPriv=1 hasBuffer=1 type=REGULAR format=5 imported=0 flipped=0 mem=0 id=172
04-17 08:23:40.967 I/LorieNative( 8207): PixmapTrace: CreatePixmap pixmap=0x0 drawable=0x0 hasPriv=1 hasBuffer=1 type=REGULAR format=5 imported=0 flipped=0 mem=0 id=173
04-17 08:23:40.967 I/LorieNative( 8207): PixmapTrace: CreatePixmap pixmap=0x0 drawable=0x0 hasPriv=1 hasBuffer=1 type=REGULAR format=5 imported=0 flipped=0 mem=0 id=174
04-17 08:23:40.967 I/LorieNative( 8207): PixmapTrace: CreatePixmap pixmap=0x0 drawable=0x0 hasPriv=1 hasBuffer=1 type=REGULAR format=5 imported=0 flipped=0 mem=0 id=175
04-17 08:23:40.968 I/LorieNative( 8207): DamageTraceV2: Composite count=3 drawableType=WINDOW screenPixmap=0 drawable=0xb4000070a0f46b10 geom=2960x1848 box=0,496-400,528 fn=0x6d79923ed4 fn_offset=0x311ed4 fbase=0x6d79612000 sym=unknown so=/data/app/~~iNwcSjv3C2CZCLwcLxpEtA==/com.termux.x11-1tus8NhfW98goVF914TrYw==/base.apk!/lib/arm64-v8a/libXlorie.so
04-17 08:23:40.968 I/LorieNative( 8207): PixmapTrace: CreatePixmap pixmap=0x0 drawable=0x0 hasPriv=1 hasBuffer=1 type=REGULAR format=5 imported=0 flipped=0 mem=0 id=176
04-17 08:23:40.968 I/LorieNative( 8207): PixmapTrace: CreatePixmap pixmap=0x0 drawable=0x0 hasPriv=1 hasBuffer=1 type=REGULAR format=5 imported=0 flipped=0 mem=0 id=177
04-17 08:23:40.968 I/LorieNative( 8207): DamageTraceV2: Composite count=4 drawableType=WINDOW screenPixmap=0 drawable=0xb4000070a0f46b10 geom=2960x1848 box=0,400-400,432 fn=0x6d79923ed4 fn_offset=0x311ed4 fbase=0x6d79612000 sym=unknown so=/data/app/~~iNwcSjv3C2CZCLwcLxpEtA==/com.termux.x11-1tus8NhfW98goVF914TrYw==/base.apk!/lib/arm64-v8a/libXlorie.so
04-17 08:23:41.070 I/RLT     ( 1866): +533963ms [THREAD] Choreographer->main op=doFrame frame=1200 | thread=main
04-17 08:23:41.072 I/RLT     ( 1866): +533965ms [FRAME] fps=42.6 jank=139 p99=50.0ms heap=20MB periodic corr=frames-73d6 | thread=main
04-17 08:23:41.268 W/RLT     ( 1866): +534161ms [JANK] frame=1222 actual=25.0ms expected=12.0ms exceeded threshold corr=frames-73d6 | thread=main
04-17 08:23:41.318 W/RLT     ( 1866): +534211ms [JANK] frame=1223 actual=50.0ms expected=12.0ms exceeded threshold corr=frames-73d6 | thread=main
04-17 08:23:41.352 W/RLT     ( 1866): +534245ms [JANK] frame=1224 actual=33.3ms expected=12.0ms exceeded threshold corr=frames-73d6 | thread=main
04-17 08:23:41.385 W/RLT     ( 1866): +534277ms [JANK] frame=1225 actual=33.3ms expected=12.0ms exceeded threshold corr=frames-73d6 | thread=main
04-17 08:23:41.418 W/RLT     ( 1866): +534311ms [JANK] frame=1226 actual=33.3ms expected=12.0ms exceeded threshold corr=frames-73d6 | thread=main
04-17 08:23:41.452 W/RLT     ( 1866): +534345ms [JANK] frame=1227 actual=33.3ms expected=12.0ms exceeded threshold corr=frames-73d6 | thread=main
04-17 08:23:41.485 W/RLT     ( 1866): +534378ms [JANK] frame=1228 actual=33.3ms expected=12.0ms exceeded threshold corr=frames-73d6 | thread=main
04-17 08:23:41.518 W/RLT     ( 1866): +534411ms [JANK] frame=1229 actual=33.3ms expected=12.0ms exceeded threshold corr=frames-73d6 | thread=main
04-17 08:23:41.551 W/RLT     ( 1866): +534444ms [JANK] frame=1230 actual=33.3ms expected=12.0ms exceeded threshold corr=frames-73d6 | thread=main
04-17 08:23:41.585 W/RLT     ( 1866): +534478ms [JANK] frame=1231 actual=33.3ms expected=12.0ms exceeded threshold corr=frames-73d6 | thread=main
04-17 08:23:41.619 W/RLT     ( 1866): +534511ms [JANK] frame=1232 actual=33.3ms expected=12.0ms exceeded threshold corr=frames-73d6 | thread=main
04-17 08:23:41.651 W/RLT     ( 1866): +534544ms [JANK] frame=1233 actual=33.3ms expected=12.0ms exceeded threshold corr=frames-73d6 | thread=main
04-17 08:23:41.684 W/RLT     ( 1866): +534577ms [JANK] frame=1234 actual=33.3ms expected=12.0ms exceeded threshold corr=frames-73d6 | thread=main
04-17 08:23:41.718 W/RLT     ( 1866): +534611ms [JANK] frame=1235 actual=33.3ms expected=12.0ms exceeded threshold corr=frames-73d6 | thread=main
04-17 08:23:41.752 W/RLT     ( 1866): +534645ms [JANK] frame=1236 actual=33.3ms expected=12.0ms exceeded threshold corr=frames-73d6 | thread=main
04-17 08:23:41.785 W/RLT     ( 1866): +534678ms [JANK] frame=1237 actual=33.3ms expected=12.0ms exceeded threshold corr=frames-73d6 | thread=main
04-17 08:23:41.819 W/RLT     ( 1866): +534711ms [JANK] frame=1238 actual=33.3ms expected=12.0ms exceeded threshold corr=frames-73d6 | thread=main
04-17 08:23:41.852 W/RLT     ( 1866): +534744ms [JANK] frame=1239 actual=33.3ms expected=12.0ms exceeded threshold corr=frames-73d6 | thread=main
04-17 08:23:41.885 W/RLT     ( 1866): +534778ms [JANK] frame=1240 actual=33.3ms expected=12.0ms exceeded threshold corr=frames-73d6 | thread=main
04-17 08:23:41.919 W/RLT     ( 1866): +534811ms [JANK] frame=1241 actual=33.3ms expected=12.0ms exceeded threshold corr=frames-73d6 | thread=main
04-17 08:23:41.951 W/RLT     ( 1866): +534844ms [JANK] frame=1242 actual=33.3ms expected=12.0ms exceeded threshold corr=frames-73d6 | thread=main
04-17 08:23:41.984 W/RLT     ( 1866): +534877ms [JANK] frame=1243 actual=33.3ms expected=12.0ms exceeded threshold corr=frames-73d6 | thread=main
04-17 08:23:42.018 W/RLT     ( 1866): +534911ms [JANK] frame=1244 actual=33.3ms expected=12.0ms exceeded threshold corr=frames-73d6 | thread=main
04-17 08:23:42.052 W/RLT     ( 1866): +534945ms [JANK] frame=1245 actual=33.3ms expected=12.0ms exceeded threshold corr=frames-73d6 | thread=main
04-17 08:23:42.084 W/RLT     ( 1866): +534977ms [JANK] frame=1246 actual=33.3ms expected=12.0ms exceeded threshold corr=frames-73d6 | thread=main
04-17 08:23:42.118 W/RLT     ( 1866): +535011ms [JANK] frame=1247 actual=33.3ms expected=12.0ms exceeded threshold corr=frames-73d6 | thread=main
04-17 08:23:42.151 W/RLT     ( 1866): +535044ms [JANK] frame=1248 actual=33.3ms expected=12.0ms exceeded threshold corr=frames-73d6 | thread=main
04-17 08:23:42.173 I/LorieNative( 8207): PixmapTrace: CreatePixmap pixmap=0x0 drawable=0x0 hasPriv=1 hasBuffer=1 type=REGULAR format=5 imported=0 flipped=0 mem=0 id=178
04-17 08:23:42.173 I/LorieNative( 8207): PixmapTrace: CreatePixmap pixmap=0x0 drawable=0x0 hasPriv=1 hasBuffer=1 type=REGULAR format=5 imported=0 flipped=0 mem=0 id=179
04-17 08:23:42.173 I/LorieNative( 8207): PixmapTrace: CreatePixmap pixmap=0x0 drawable=0x0 hasPriv=1 hasBuffer=1 type=REGULAR format=5 imported=0 flipped=0 mem=0 id=180
04-17 08:23:42.173 I/LorieNative( 8207): PixmapTrace: CreatePixmap pixmap=0x0 drawable=0x0 hasPriv=1 hasBuffer=1 type=REGULAR format=5 imported=0 flipped=0 mem=0 id=181
04-17 08:23:42.185 W/RLT     ( 1866): +535077ms [JANK] frame=1249 actual=33.3ms expected=12.0ms exceeded threshold corr=frames-73d6 | thread=main
04-17 08:23:42.236 W/RLT     ( 1866): +535129ms [JANK] frame=1250 actual=51.7ms expected=12.0ms exceeded threshold corr=frames-73d6 | thread=main
04-17 08:23:42.253 W/RLT     ( 1866): +535145ms [JANK] frame=1251 actual=16.7ms expected=12.0ms exceeded threshold corr=frames-73d6 | thread=main
04-17 08:23:42.366 I/LorieNative( 8207): PixmapTrace: CreatePixmap pixmap=0x0 drawable=0x0 hasPriv=1 hasBuffer=1 type=REGULAR format=5 imported=0 flipped=0 mem=0 id=182
04-17 08:23:42.366 I/LorieNative( 8207): PixmapTrace: CreatePixmap pixmap=0x0 drawable=0x0 hasPriv=1 hasBuffer=1 type=REGULAR format=5 imported=0 flipped=0 mem=0 id=183
04-17 08:23:42.368 D/LorieNative( 1866): xcallback: EVENT_WINDOW_FOCUS_CHANGED
04-17 08:23:42.376 D/LorieNative( 1866): xcallback: EVENT_WINDOW_FOCUS_CHANGED
04-17 08:23:42.676 W/RLT     ( 1866): +535569ms [JANK] frame=1301 actual=25.0ms expected=12.0ms exceeded threshold corr=frames-73d6 | thread=main
04-17 08:23:42.727 W/RLT     ( 1866): +535619ms [JANK] frame=1302 actual=50.0ms expected=12.0ms exceeded threshold corr=frames-73d6 | thread=main
04-17 08:23:42.760 W/RLT     ( 1866): +535653ms [JANK] frame=1303 actual=33.3ms expected=12.0ms exceeded threshold corr=frames-73d6 | thread=main
04-17 08:23:42.794 W/RLT     ( 1866): +535686ms [JANK] frame=1304 actual=33.3ms expected=12.0ms exceeded threshold corr=frames-73d6 | thread=main
04-17 08:23:42.827 W/RLT     ( 1866): +535719ms [JANK] frame=1305 actual=33.3ms expected=12.0ms exceeded threshold corr=frames-73d6 | thread=main
04-17 08:23:42.860 W/RLT     ( 1866): +535753ms [JANK] frame=1306 actual=33.3ms expected=12.0ms exceeded threshold corr=frames-73d6 | thread=main
04-17 08:23:42.894 W/RLT     ( 1866): +535786ms [JANK] frame=1307 actual=33.3ms expected=12.0ms exceeded threshold corr=frames-73d6 | thread=main
04-17 08:23:42.927 W/RLT     ( 1866): +535819ms [JANK] frame=1308 actual=33.3ms expected=12.0ms exceeded threshold corr=frames-73d6 | thread=main
04-17 08:23:42.960 W/RLT     ( 1866): +535853ms [JANK] frame=1309 actual=33.3ms expected=12.0ms exceeded threshold corr=frames-73d6 | thread=main
04-17 08:23:42.994 W/RLT     ( 1866): +535886ms [JANK] frame=1310 actual=33.3ms expected=12.0ms exceeded threshold corr=frames-73d6 | thread=main
04-17 08:23:43.026 W/RLT     ( 1866): +535919ms [JANK] frame=1311 actual=33.3ms expected=12.0ms exceeded threshold corr=frames-73d6 | thread=main
04-17 08:23:43.060 W/RLT     ( 1866): +535953ms [JANK] frame=1312 actual=33.3ms expected=12.0ms exceeded threshold corr=frames-73d6 | thread=main
04-17 08:23:43.094 W/RLT     ( 1866): +535986ms [JANK] frame=1313 actual=33.3ms expected=12.0ms exceeded threshold corr=frames-73d6 | thread=main
04-17 08:23:43.126 W/RLT     ( 1866): +536019ms [JANK] frame=1314 actual=33.3ms expected=12.0ms exceeded threshold corr=frames-73d6 | thread=main
04-17 08:23:43.160 W/RLT     ( 1866): +536053ms [JANK] frame=1315 actual=33.3ms expected=12.0ms exceeded threshold corr=frames-73d6 | thread=main
04-17 08:23:43.194 W/RLT     ( 1866): +536086ms [JANK] frame=1316 actual=33.3ms expected=12.0ms exceeded threshold corr=frames-73d6 | thread=main
04-17 08:23:43.226 W/RLT     ( 1866): +536119ms [JANK] frame=1317 actual=33.3ms expected=12.0ms exceeded threshold corr=frames-73d6 | thread=main
04-17 08:23:43.260 W/RLT     ( 1866): +536153ms [JANK] frame=1318 actual=33.3ms expected=12.0ms exceeded threshold corr=frames-73d6 | thread=main
04-17 08:23:43.294 W/RLT     ( 1866): +536186ms [JANK] frame=1319 actual=33.3ms expected=12.0ms exceeded threshold corr=frames-73d6 | thread=main
04-17 08:23:43.326 I/RLT     ( 1866): +536219ms [THREAD] Choreographer->main op=doFrame frame=1320 | thread=main
04-17 08:23:43.328 I/RLT     ( 1866): +536220ms [FRAME] fps=52.9 jank=122 p99=50.0ms heap=20MB periodic corr=frames-73d6 | thread=main
04-17 08:23:43.328 W/RLT     ( 1866): +536221ms [JANK] frame=1320 actual=33.3ms expected=12.0ms exceeded threshold corr=frames-73d6 | thread=main
04-17 08:23:43.361 W/RLT     ( 1866): +536253ms [JANK] frame=1321 actual=33.3ms expected=12.0ms exceeded threshold corr=frames-73d6 | thread=main
04-17 08:23:43.393 W/RLT     ( 1866): +536286ms [JANK] frame=1322 actual=33.3ms expected=12.0ms exceeded threshold corr=frames-73d6 | thread=main
04-17 08:23:43.427 W/RLT     ( 1866): +536319ms [JANK] frame=1323 actual=33.3ms expected=12.0ms exceeded threshold corr=frames-73d6 | thread=main
04-17 08:23:43.460 W/RLT     ( 1866): +536352ms [JANK] frame=1324 actual=33.3ms expected=12.0ms exceeded threshold corr=frames-73d6 | thread=main
04-17 08:23:43.493 W/RLT     ( 1866): +536386ms [JANK] frame=1325 actual=33.3ms expected=12.0ms exceeded threshold corr=frames-73d6 | thread=main
04-17 08:23:43.527 W/RLT     ( 1866): +536419ms [JANK] frame=1326 actual=33.3ms expected=12.0ms exceeded threshold corr=frames-73d6 | thread=main
04-17 08:23:43.560 W/RLT     ( 1866): +536453ms [JANK] frame=1327 actual=33.3ms expected=12.0ms exceeded threshold corr=frames-73d6 | thread=main
04-17 08:23:43.594 W/RLT     ( 1866): +536486ms [JANK] frame=1328 actual=33.3ms expected=12.0ms exceeded threshold corr=frames-73d6 | thread=main
04-17 08:23:43.627 W/RLT     ( 1866): +536519ms [JANK] frame=1329 actual=33.3ms expected=12.0ms exceeded threshold corr=frames-73d6 | thread=main
04-17 08:23:43.660 W/RLT     ( 1866): +536553ms [JANK] frame=1330 actual=33.3ms expected=12.0ms exceeded threshold corr=frames-73d6 | thread=main
04-17 08:23:43.694 W/RLT     ( 1866): +536587ms [JANK] frame=1331 actual=33.3ms expected=12.0ms exceeded threshold corr=frames-73d6 | thread=main
04-17 08:23:43.727 W/RLT     ( 1866): +536620ms [JANK] frame=1332 actual=33.3ms expected=12.0ms exceeded threshold corr=frames-73d6 | thread=main
04-17 08:23:43.760 W/RLT     ( 1866): +536653ms [JANK] frame=1333 actual=33.3ms expected=12.0ms exceeded threshold corr=frames-73d6 | thread=main
04-17 08:23:43.794 W/RLT     ( 1866): +536686ms [JANK] frame=1334 actual=33.3ms expected=12.0ms exceeded threshold corr=frames-73d6 | thread=main
04-17 08:23:43.827 W/RLT     ( 1866): +536719ms [JANK] frame=1335 actual=33.3ms expected=12.0ms exceeded threshold corr=frames-73d6 | thread=main
04-17 08:23:43.861 W/RLT     ( 1866): +536753ms [JANK] frame=1336 actual=33.3ms expected=12.0ms exceeded threshold corr=frames-73d6 | thread=main
04-17 08:23:43.893 W/RLT     ( 1866): +536786ms [JANK] frame=1337 actual=33.3ms expected=12.0ms exceeded threshold corr=frames-73d6 | thread=main
04-17 08:23:43.927 W/RLT     ( 1866): +536819ms [JANK] frame=1338 actual=33.3ms expected=12.0ms exceeded threshold corr=frames-73d6 | thread=main
04-17 08:23:43.960 W/RLT     ( 1866): +536853ms [JANK] frame=1339 actual=33.3ms expected=12.0ms exceeded threshold corr=frames-73d6 | thread=main
04-17 08:23:43.994 W/RLT     ( 1866): +536886ms [JANK] frame=1340 actual=33.3ms expected=12.0ms exceeded threshold corr=frames-73d6 | thread=main
04-17 08:23:44.027 W/RLT     ( 1866): +536919ms [JANK] frame=1341 actual=33.3ms expected=12.0ms exceeded threshold corr=frames-73d6 | thread=main
04-17 08:23:44.060 W/RLT     ( 1866): +536952ms [JANK] frame=1342 actual=33.3ms expected=12.0ms exceeded threshold corr=frames-73d6 | thread=main
04-17 08:23:44.092 I/LorieNative( 8207): PixmapTrace: CreatePixmap pixmap=0x0 drawable=0x0 hasPriv=1 hasBuffer=1 type=REGULAR format=5 imported=0 flipped=0 mem=0 id=184
04-17 08:23:44.094 W/RLT     ( 1866): +536986ms [JANK] frame=1343 actual=33.3ms expected=12.0ms exceeded threshold corr=frames-73d6 | thread=main
04-17 08:23:44.127 W/RLT     ( 1866): +537019ms [JANK] frame=1344 actual=33.3ms expected=12.0ms exceeded threshold corr=frames-73d6 | thread=main
04-17 08:23:44.161 W/RLT     ( 1866): +537053ms [JANK] frame=1345 actual=33.3ms expected=12.0ms exceeded threshold corr=frames-73d6 | thread=main
04-17 08:23:44.193 W/RLT     ( 1866): +537086ms [JANK] frame=1346 actual=33.3ms expected=12.0ms exceeded threshold corr=frames-73d6 | thread=main
04-17 08:23:44.226 W/RLT     ( 1866): +537119ms [JANK] frame=1347 actual=33.3ms expected=12.0ms exceeded threshold corr=frames-73d6 | thread=main
04-17 08:23:44.261 W/RLT     ( 1866): +537153ms [JANK] frame=1348 actual=33.3ms expected=12.0ms exceeded threshold corr=frames-73d6 | thread=main
04-17 08:23:44.294 W/RLT     ( 1866): +537186ms [JANK] frame=1349 actual=33.3ms expected=12.0ms exceeded threshold corr=frames-73d6 | thread=main
04-17 08:23:44.326 W/RLT     ( 1866): +537219ms [JANK] frame=1350 actual=33.3ms expected=12.0ms exceeded threshold corr=frames-73d6 | thread=main
04-17 08:23:44.360 W/RLT     ( 1866): +537253ms [JANK] frame=1351 actual=33.3ms expected=12.0ms exceeded threshold corr=frames-73d6 | thread=main
04-17 08:23:44.394 W/RLT     ( 1866): +537286ms [JANK] frame=1352 actual=33.3ms expected=12.0ms exceeded threshold corr=frames-73d6 | thread=main
04-17 08:23:44.427 W/RLT     ( 1866): +537319ms [JANK] frame=1353 actual=33.3ms expected=12.0ms exceeded threshold corr=frames-73d6 | thread=main
04-17 08:23:44.460 W/RLT     ( 1866): +537353ms [JANK] frame=1354 actual=33.3ms expected=12.0ms exceeded threshold corr=frames-73d6 | thread=main
04-17 08:23:44.494 W/RLT     ( 1866): +537386ms [JANK] frame=1355 actual=33.3ms expected=12.0ms exceeded threshold corr=frames-73d6 | thread=main
04-17 08:23:44.526 W/RLT     ( 1866): +537419ms [JANK] frame=1356 actual=33.3ms expected=12.0ms exceeded threshold corr=frames-73d6 | thread=main
04-17 08:23:44.561 W/RLT     ( 1866): +537453ms [JANK] frame=1357 actual=33.3ms expected=12.0ms exceeded threshold corr=frames-73d6 | thread=main
04-17 08:23:44.593 W/RLT     ( 1866): +537486ms [JANK] frame=1358 actual=33.3ms expected=12.0ms exceeded threshold corr=frames-73d6 | thread=main
04-17 08:23:44.627 W/RLT     ( 1866): +537519ms [JANK] frame=1359 actual=33.3ms expected=12.0ms exceeded threshold corr=frames-73d6 | thread=main
04-17 08:23:44.660 W/RLT     ( 1866): +537553ms [JANK] frame=1360 actual=33.3ms expected=12.0ms exceeded threshold corr=frames-73d6 | thread=main
04-17 08:23:44.693 W/RLT     ( 1866): +537586ms [JANK] frame=1361 actual=33.3ms expected=12.0ms exceeded threshold corr=frames-73d6 | thread=main
04-17 08:23:44.727 W/RLT     ( 1866): +537620ms [JANK] frame=1362 actual=33.3ms expected=12.0ms exceeded threshold corr=frames-73d6 | thread=main
04-17 08:23:44.752 I/LorieNative( 8207): PixmapTrace: CreatePixmap pixmap=0x0 drawable=0x0 hasPriv=1 hasBuffer=1 type=REGULAR format=5 imported=0 flipped=0 mem=0 id=185
04-17 08:23:44.752 I/LorieNative( 8207): PixmapTrace: CreatePixmap pixmap=0x0 drawable=0x0 hasPriv=1 hasBuffer=1 type=REGULAR format=5 imported=0 flipped=0 mem=0 id=186
04-17 08:23:44.752 I/LorieNative( 8207): PixmapTrace: CreatePixmap pixmap=0x0 drawable=0x0 hasPriv=1 hasBuffer=1 type=REGULAR format=5 imported=0 flipped=0 mem=0 id=187
04-17 08:23:44.752 I/LorieNative( 8207): PixmapTrace: CreatePixmap pixmap=0x0 drawable=0x0 hasPriv=1 hasBuffer=1 type=REGULAR format=5 imported=0 flipped=0 mem=0 id=188
04-17 08:23:44.752 I/LorieNative( 8207): PixmapTrace: CreatePixmap pixmap=0x0 drawable=0x0 hasPriv=1 hasBuffer=1 type=REGULAR format=5 imported=0 flipped=0 mem=0 id=189
04-17 08:23:44.752 I/LorieNative( 8207): PixmapTrace: CreatePixmap pixmap=0x0 drawable=0x0 hasPriv=1 hasBuffer=1 type=REGULAR format=5 imported=0 flipped=0 mem=0 id=190
04-17 08:23:44.759 W/RLT     ( 1866): +537652ms [JANK] frame=1363 actual=33.3ms expected=12.0ms exceeded threshold corr=frames-73d6 | thread=main
04-17 08:23:44.779 D/LorieNative( 1866): xcallback: EVENT_WINDOW_FOCUS_CHANGED
04-17 08:23:44.811 W/RLT     ( 1866): +537704ms [JANK] frame=1364 actual=51.7ms expected=12.0ms exceeded threshold corr=frames-73d6 | thread=main
04-17 08:23:44.828 W/RLT     ( 1866): +537720ms [JANK] frame=1365 actual=16.7ms expected=12.0ms exceeded threshold corr=frames-73d6 | thread=main
04-17 08:23:44.900 I/LorieNative( 8207): PixmapTrace: CreatePixmap pixmap=0x0 drawable=0x0 hasPriv=1 hasBuffer=1 type=REGULAR format=5 imported=0 flipped=0 mem=0 id=191
04-17 08:23:45.077 I/RLClient(11281): 2026-04-17 12:23:44 UTC [main] INFO  net.runelite.client.RuneLite - RuneLite 1.12.24 (launcher version 2.7.7) starting up, args: --insecure-write-credentials --debug
04-17 08:23:45.119 W/RLT     ( 1866): +538011ms [JANK] frame=1398 actual=33.3ms expected=12.0ms exceeded threshold corr=frames-73d6 | thread=main
04-17 08:23:45.160 W/RLT     ( 1866): +538053ms [JANK] frame=1399 actual=41.7ms expected=12.0ms exceeded threshold corr=frames-73d6 | thread=main
04-17 08:23:45.193 W/RLT     ( 1866): +538085ms [JANK] frame=1400 actual=33.3ms expected=12.0ms exceeded threshold corr=frames-73d6 | thread=main
04-17 08:23:45.227 W/RLT     ( 1866): +538119ms [JANK] frame=1401 actual=33.3ms expected=12.0ms exceeded threshold corr=frames-73d6 | thread=main
04-17 08:23:45.233 I/RLClient(11282): 2026-04-17 12:23:45 UTC [main] INFO  net.runelite.client.RuneLite - Java VM arguments: -XX:+DisableAttachMechanism -Drunelite.launcher.blacklistedDlls=RTSSHooks.dll,RTSSHooks64.dll,NahimicOSD.dll,NahimicMSIOSD.dll,Nahimic2OSD.dll,Nahimic2DevProps.dll,k_fps32.dll,k_fps64.dll,SS2DevProps.dll,SS2OSD.dll,GTIII-OSD64-GL.dll,GTIII-OSD64-VK.dll,GTIII-OSD64.dll -Xmx768m -Xss2m -XX:CompileThreshold=1500 -Dsun.java2d.dpiaware=true -Dsun.java2d.uiScale=2.0 -Dsun.java2d.opengl=false -Drunelite.launcher.version=2.7.7 -XX:ErrorFile=/root/.runelite/logs/jvm_crash_pid_%p.log -Xmx4g -Xms512m -XX:+UseG1GC -XX:MaxGCPauseMillis=50 -Xlog:gc*:file=/root/runelite/gc.log:time,uptime,level,tags:filecount=2,filesize=5M
04-17 08:23:45.260 W/RLT     ( 1866): +538153ms [JANK] frame=1402 actual=33.3ms expected=12.0ms exceeded threshold corr=frames-73d6 | thread=main
04-17 08:23:45.272 I/LorieNative( 8207): choreographer callbacks in 5.0 seconds = 52.4 FPS
04-17 08:23:45.272 I/LorieNative( 8207): redraw wakeups in 5.0 seconds = 52.4 FPS
04-17 08:23:45.272 I/LorieNative( 8207): damage-triggered redraws in 5.0 seconds = 1.2 FPS
04-17 08:23:45.272 I/LorieNative( 8207): AhbLockTrace: sticky=0 lock_calls=6 unlock_calls=6 sticky_hits=392 flush_skipped=0 in 5.0s
04-17 08:23:45.272 I/LorieNative( 8207): present flip attempts in 5.0 seconds = 0.0 FPS (accepted 0.0, rejected 0.0)
04-17 08:23:45.272 I/LorieNative( 8207): present after-flips in 5.0 seconds = 0.0 FPS
04-17 08:23:45.272 I/LorieNative( 8207): 9 frames in 5.0 seconds = 1.8 FPS
04-17 08:23:45.293 W/RLT     ( 1866): +538186ms [JANK] frame=1403 actual=33.3ms expected=12.0ms exceeded threshold corr=frames-73d6 | thread=main
04-17 08:23:45.326 W/RLT     ( 1866): +538219ms [JANK] frame=1404 actual=33.3ms expected=12.0ms exceeded threshold corr=frames-73d6 | thread=main
04-17 08:23:45.333 I/LorieNative( 8207): PixmapTrace: CreatePixmap pixmap=0x0 drawable=0x0 hasPriv=1 hasBuffer=1 type=REGULAR format=5 imported=0 flipped=0 mem=0 id=192
04-17 08:23:45.360 W/RLT     ( 1866): +538253ms [JANK] frame=1405 actual=33.3ms expected=12.0ms exceeded threshold corr=frames-73d6 | thread=main
04-17 08:23:45.412 W/RLT     ( 1866): +538305ms [JANK] frame=1406 actual=51.7ms expected=12.0ms exceeded threshold corr=frames-73d6 | thread=main
04-17 08:23:45.428 W/RLT     ( 1866): +538321ms [JANK] frame=1407 actual=16.7ms expected=12.0ms exceeded threshold corr=frames-73d6 | thread=main
04-17 08:23:45.618 I/LorieNative( 8207): PixmapTrace: CreatePixmap pixmap=0x0 drawable=0x0 hasPriv=1 hasBuffer=1 type=REGULAR format=5 imported=0 flipped=0 mem=0 id=193
04-17 08:23:45.618 I/LorieNative( 8207): PixmapTrace: CreatePixmap pixmap=0x0 drawable=0x0 hasPriv=1 hasBuffer=1 type=REGULAR format=5 imported=0 flipped=0 mem=0 id=194
04-17 08:23:45.618 I/LorieNative( 8207): PixmapTrace: CreatePixmap pixmap=0x0 drawable=0x0 hasPriv=1 hasBuffer=1 type=REGULAR format=5 imported=0 flipped=0 mem=0 id=195
04-17 08:23:45.618 I/LorieNative( 8207): PixmapTrace: CreatePixmap pixmap=0x0 drawable=0x0 hasPriv=1 hasBuffer=1 type=REGULAR format=5 imported=0 flipped=0 mem=0 id=196
04-17 08:23:45.678 W/RLT     ( 1866): +538570ms [JANK] frame=1434 actual=35.0ms expected=12.0ms exceeded threshold corr=frames-73d6 | thread=main
04-17 08:23:45.728 I/RLT     ( 1866): +538621ms [THREAD] Choreographer->main op=doFrame frame=1440 | thread=main
04-17 08:23:45.730 I/RLT     ( 1866): +538622ms [FRAME] fps=50.2 jank=106 p99=50.0ms heap=21MB periodic corr=frames-73d6 | thread=main
04-17 08:23:45.918 W/RLT     ( 1866): +538811ms [JANK] frame=1462 actual=16.7ms expected=12.0ms exceeded threshold corr=frames-73d6 | thread=main
04-17 08:23:45.968 W/RLT     ( 1866): +538861ms [JANK] frame=1463 actual=50.0ms expected=12.0ms exceeded threshold corr=frames-73d6 | thread=main
04-17 08:23:46.001 W/RLT     ( 1866): +538894ms [JANK] frame=1464 actual=33.3ms expected=12.0ms exceeded threshold corr=frames-73d6 | thread=main
04-17 08:23:46.035 W/RLT     ( 1866): +538928ms [JANK] frame=1465 actual=33.3ms expected=12.0ms exceeded threshold corr=frames-73d6 | thread=main
04-17 08:23:46.068 W/RLT     ( 1866): +538961ms [JANK] frame=1466 actual=33.3ms expected=12.0ms exceeded threshold corr=frames-73d6 | thread=main
04-17 08:23:46.102 W/RLT     ( 1866): +538994ms [JANK] frame=1467 actual=33.3ms expected=12.0ms exceeded threshold corr=frames-73d6 | thread=main
04-17 08:23:46.135 W/RLT     ( 1866): +539027ms [JANK] frame=1468 actual=33.3ms expected=12.0ms exceeded threshold corr=frames-73d6 | thread=main
04-17 08:23:46.168 W/RLT     ( 1866): +539061ms [JANK] frame=1469 actual=33.3ms expected=12.0ms exceeded threshold corr=frames-73d6 | thread=main
04-17 08:23:46.203 W/RLT     ( 1866): +539095ms [JANK] frame=1470 actual=33.3ms expected=12.0ms exceeded threshold corr=frames-73d6 | thread=main
04-17 08:23:46.235 W/RLT     ( 1866): +539128ms [JANK] frame=1471 actual=33.3ms expected=12.0ms exceeded threshold corr=frames-73d6 | thread=main
04-17 08:23:46.268 W/RLT     ( 1866): +539161ms [JANK] frame=1472 actual=33.3ms expected=12.0ms exceeded threshold corr=frames-73d6 | thread=main
04-17 08:23:46.302 W/RLT     ( 1866): +539195ms [JANK] frame=1473 actual=33.3ms expected=12.0ms exceeded threshold corr=frames-73d6 | thread=main
04-17 08:23:46.334 W/RLT     ( 1866): +539227ms [JANK] frame=1474 actual=33.3ms expected=12.0ms exceeded threshold corr=frames-73d6 | thread=main
04-17 08:23:46.368 W/RLT     ( 1866): +539260ms [JANK] frame=1475 actual=33.3ms expected=12.0ms exceeded threshold corr=frames-73d6 | thread=main
04-17 08:23:46.402 W/RLT     ( 1866): +539295ms [JANK] frame=1476 actual=33.3ms expected=12.0ms exceeded threshold corr=frames-73d6 | thread=main
04-17 08:23:46.435 W/RLT     ( 1866): +539328ms [JANK] frame=1477 actual=33.3ms expected=12.0ms exceeded threshold corr=frames-73d6 | thread=main
04-17 08:23:46.468 W/RLT     ( 1866): +539361ms [JANK] frame=1478 actual=33.3ms expected=12.0ms exceeded threshold corr=frames-73d6 | thread=main
04-17 08:23:46.502 W/RLT     ( 1866): +539394ms [JANK] frame=1479 actual=33.3ms expected=12.0ms exceeded threshold corr=frames-73d6 | thread=main
04-17 08:23:46.535 W/RLT     ( 1866): +539428ms [JANK] frame=1480 actual=33.3ms expected=12.0ms exceeded threshold corr=frames-73d6 | thread=main
04-17 08:23:46.568 W/RLT     ( 1866): +539460ms [JANK] frame=1481 actual=33.3ms expected=12.0ms exceeded threshold corr=frames-73d6 | thread=main
04-17 08:23:46.602 W/RLT     ( 1866): +539495ms [JANK] frame=1482 actual=33.3ms expected=12.0ms exceeded threshold corr=frames-73d6 | thread=main
04-17 08:23:46.636 W/RLT     ( 1866): +539528ms [JANK] frame=1483 actual=33.3ms expected=12.0ms exceeded threshold corr=frames-73d6 | thread=main
04-17 08:23:46.669 W/RLT     ( 1866): +539562ms [JANK] frame=1484 actual=33.3ms expected=12.0ms exceeded threshold corr=frames-73d6 | thread=main
04-17 08:23:46.702 W/RLT     ( 1866): +539595ms [JANK] frame=1485 actual=33.3ms expected=12.0ms exceeded threshold corr=frames-73d6 | thread=main
04-17 08:23:46.736 W/RLT     ( 1866): +539628ms [JANK] frame=1486 actual=33.3ms expected=12.0ms exceeded threshold corr=frames-73d6 | thread=main
04-17 08:23:46.769 W/RLT     ( 1866): +539661ms [JANK] frame=1487 actual=33.3ms expected=12.0ms exceeded threshold corr=frames-73d6 | thread=main
04-17 08:23:46.804 W/RLT     ( 1866): +539696ms [JANK] frame=1488 actual=33.3ms expected=12.0ms exceeded threshold corr=frames-73d6 | thread=main
04-17 08:23:46.835 W/RLT     ( 1866): +539728ms [JANK] frame=1489 actual=33.3ms expected=12.0ms exceeded threshold corr=frames-73d6 | thread=main
04-17 08:23:46.869 W/RLT     ( 1866): +539761ms [JANK] frame=1490 actual=33.3ms expected=12.0ms exceeded threshold corr=frames-73d6 | thread=main
04-17 08:23:46.902 W/RLT     ( 1866): +539794ms [JANK] frame=1491 actual=33.3ms expected=12.0ms exceeded threshold corr=frames-73d6 | thread=main
04-17 08:23:46.936 W/RLT     ( 1866): +539828ms [JANK] frame=1492 actual=33.3ms expected=12.0ms exceeded threshold corr=frames-73d6 | thread=main
04-17 08:23:46.969 W/RLT     ( 1866): +539862ms [JANK] frame=1493 actual=33.3ms expected=12.0ms exceeded threshold corr=frames-73d6 | thread=main
04-17 08:23:47.002 W/RLT     ( 1866): +539895ms [JANK] frame=1494 actual=33.3ms expected=12.0ms exceeded threshold corr=frames-73d6 | thread=main
04-17 08:23:47.036 W/RLT     ( 1866): +539928ms [JANK] frame=1495 actual=33.3ms expected=12.0ms exceeded threshold corr=frames-73d6 | thread=main
04-17 08:23:47.069 W/RLT     ( 1866): +539961ms [JANK] frame=1496 actual=33.3ms expected=12.0ms exceeded threshold corr=frames-73d6 | thread=main
04-17 08:23:47.104 W/RLT     ( 1866): +539996ms [JANK] frame=1497 actual=33.3ms expected=12.0ms exceeded threshold corr=frames-73d6 | thread=main
04-17 08:23:47.136 W/RLT     ( 1866): +540028ms [JANK] frame=1498 actual=33.3ms expected=12.0ms exceeded threshold corr=frames-73d6 | thread=main
04-17 08:23:47.169 W/RLT     ( 1866): +540061ms [JANK] frame=1499 actual=33.3ms expected=12.0ms exceeded threshold corr=frames-73d6 | thread=main
04-17 08:23:47.203 W/RLT     ( 1866): +540095ms [JANK] frame=1500 actual=33.3ms expected=12.0ms exceeded threshold corr=frames-73d6 | thread=main
04-17 08:23:47.235 W/RLT     ( 1866): +540128ms [JANK] frame=1501 actual=33.3ms expected=12.0ms exceeded threshold corr=frames-73d6 | thread=main
04-17 08:23:47.269 W/RLT     ( 1866): +540161ms [JANK] frame=1502 actual=33.3ms expected=12.0ms exceeded threshold corr=frames-73d6 | thread=main
04-17 08:23:47.302 W/RLT     ( 1866): +540195ms [JANK] frame=1503 actual=33.3ms expected=12.0ms exceeded threshold corr=frames-73d6 | thread=main
04-17 08:23:47.335 W/RLT     ( 1866): +540228ms [JANK] frame=1504 actual=33.3ms expected=12.0ms exceeded threshold corr=frames-73d6 | thread=main
04-17 08:23:47.369 W/RLT     ( 1866): +540261ms [JANK] frame=1505 actual=33.3ms expected=12.0ms exceeded threshold corr=frames-73d6 | thread=main
04-17 08:23:47.403 W/RLT     ( 1866): +540295ms [JANK] frame=1506 actual=33.3ms expected=12.0ms exceeded threshold corr=frames-73d6 | thread=main
04-17 08:23:47.436 W/RLT     ( 1866): +540328ms [JANK] frame=1507 actual=33.3ms expected=12.0ms exceeded threshold corr=frames-73d6 | thread=main
04-17 08:23:47.469 W/RLT     ( 1866): +540361ms [JANK] frame=1508 actual=33.3ms expected=12.0ms exceeded threshold corr=frames-73d6 | thread=main
04-17 08:23:47.502 W/RLT     ( 1866): +540394ms [JANK] frame=1509 actual=33.3ms expected=12.0ms exceeded threshold corr=frames-73d6 | thread=main
04-17 08:23:47.535 W/RLT     ( 1866): +540428ms [JANK] frame=1510 actual=33.3ms expected=12.0ms exceeded threshold corr=frames-73d6 | thread=main
04-17 08:23:47.570 W/RLT     ( 1866): +540462ms [JANK] frame=1511 actual=33.3ms expected=12.0ms exceeded threshold corr=frames-73d6 | thread=main
04-17 08:23:47.602 W/RLT     ( 1866): +540494ms [JANK] frame=1512 actual=33.3ms expected=12.0ms exceeded threshold corr=frames-73d6 | thread=main
04-17 08:23:47.635 W/RLT     ( 1866): +540528ms [JANK] frame=1513 actual=33.3ms expected=12.0ms exceeded threshold corr=frames-73d6 | thread=main
04-17 08:23:47.669 W/RLT     ( 1866): +540561ms [JANK] frame=1514 actual=33.3ms expected=12.0ms exceeded threshold corr=frames-73d6 | thread=main
04-17 08:23:47.701 W/RLT     ( 1866): +540593ms [JANK] frame=1515 actual=33.3ms expected=12.0ms exceeded threshold corr=frames-73d6 | thread=main
04-17 08:23:47.735 W/RLT     ( 1866): +540628ms [JANK] frame=1516 actual=33.3ms expected=12.0ms exceeded threshold corr=frames-73d6 | thread=main
04-17 08:23:47.768 W/RLT     ( 1866): +540660ms [JANK] frame=1517 actual=33.3ms expected=12.0ms exceeded threshold corr=frames-73d6 | thread=main
04-17 08:23:47.801 W/RLT     ( 1866): +540694ms [JANK] frame=1518 actual=33.3ms expected=12.0ms exceeded threshold corr=frames-73d6 | thread=main
04-17 08:23:47.836 W/RLT     ( 1866): +540729ms [JANK] frame=1519 actual=33.3ms expected=12.0ms exceeded threshold corr=frames-73d6 | thread=main
04-17 08:23:47.870 W/RLT     ( 1866): +540762ms [JANK] frame=1520 actual=33.3ms expected=12.0ms exceeded threshold corr=frames-73d6 | thread=main
04-17 08:23:47.902 W/RLT     ( 1866): +540795ms [JANK] frame=1521 actual=33.3ms expected=12.0ms exceeded threshold corr=frames-73d6 | thread=main
04-17 08:23:47.935 W/RLT     ( 1866): +540828ms [JANK] frame=1522 actual=33.3ms expected=12.0ms exceeded threshold corr=frames-73d6 | thread=main
04-17 08:23:47.968 W/RLT     ( 1866): +540861ms [JANK] frame=1523 actual=33.3ms expected=12.0ms exceeded threshold corr=frames-73d6 | thread=main
04-17 08:23:48.003 W/RLT     ( 1866): +540895ms [JANK] frame=1524 actual=33.3ms expected=12.0ms exceeded threshold corr=frames-73d6 | thread=main
04-17 08:23:48.036 W/RLT     ( 1866): +540929ms [JANK] frame=1525 actual=33.3ms expected=12.0ms exceeded threshold corr=frames-73d6 | thread=main
04-17 08:23:48.069 W/RLT     ( 1866): +540961ms [JANK] frame=1526 actual=33.3ms expected=12.0ms exceeded threshold corr=frames-73d6 | thread=main
04-17 08:23:48.102 W/RLT     ( 1866): +540994ms [JANK] frame=1527 actual=33.3ms expected=12.0ms exceeded threshold corr=frames-73d6 | thread=main
04-17 08:23:48.134 W/RLT     ( 1866): +541027ms [JANK] frame=1528 actual=33.3ms expected=12.0ms exceeded threshold corr=frames-73d6 | thread=main
04-17 08:23:48.168 W/RLT     ( 1866): +541061ms [JANK] frame=1529 actual=33.3ms expected=12.0ms exceeded threshold corr=frames-73d6 | thread=main
04-17 08:23:48.202 W/RLT     ( 1866): +541094ms [JANK] frame=1530 actual=33.3ms expected=12.0ms exceeded threshold corr=frames-73d6 | thread=main
04-17 08:23:48.235 W/RLT     ( 1866): +541128ms [JANK] frame=1531 actual=33.3ms expected=12.0ms exceeded threshold corr=frames-73d6 | thread=main
04-17 08:23:48.268 W/RLT     ( 1866): +541160ms [JANK] frame=1532 actual=33.3ms expected=12.0ms exceeded threshold corr=frames-73d6 | thread=main
04-17 08:23:48.301 W/RLT     ( 1866): +541193ms [JANK] frame=1533 actual=33.3ms expected=12.0ms exceeded threshold corr=frames-73d6 | thread=main
04-17 08:23:48.335 W/RLT     ( 1866): +541227ms [JANK] frame=1534 actual=33.3ms expected=12.0ms exceeded threshold corr=frames-73d6 | thread=main
04-17 08:23:48.368 W/RLT     ( 1866): +541260ms [JANK] frame=1535 actual=33.3ms expected=12.0ms exceeded threshold corr=frames-73d6 | thread=main
04-17 08:23:48.401 W/RLT     ( 1866): +541294ms [JANK] frame=1536 actual=33.3ms expected=12.0ms exceeded threshold corr=frames-73d6 | thread=main
04-17 08:23:48.435 W/RLT     ( 1866): +541327ms [JANK] frame=1537 actual=33.3ms expected=12.0ms exceeded threshold corr=frames-73d6 | thread=main
04-17 08:23:48.468 W/RLT     ( 1866): +541360ms [JANK] frame=1538 actual=33.3ms expected=12.0ms exceeded threshold corr=frames-73d6 | thread=main
04-17 08:23:48.502 W/RLT     ( 1866): +541394ms [JANK] frame=1539 actual=33.3ms expected=12.0ms exceeded threshold corr=frames-73d6 | thread=main
04-17 08:23:48.534 W/RLT     ( 1866): +541427ms [JANK] frame=1540 actual=33.3ms expected=12.0ms exceeded threshold corr=frames-73d6 | thread=main
04-17 08:23:48.539 I/LorieNative( 8207): PixmapTrace: CreatePixmap pixmap=0x0 drawable=0x0 hasPriv=1 hasBuffer=1 type=REGULAR format=5 imported=0 flipped=0 mem=0 id=197
04-17 08:23:48.568 W/RLT     ( 1866): +541460ms [JANK] frame=1541 actual=33.3ms expected=12.0ms exceeded threshold corr=frames-73d6 | thread=main
04-17 08:23:48.620 W/RLT     ( 1866): +541512ms [JANK] frame=1542 actual=52.1ms expected=12.0ms exceeded threshold corr=frames-73d6 | thread=main
04-17 08:23:48.637 W/RLT     ( 1866): +541529ms [JANK] frame=1543 actual=16.7ms expected=12.0ms exceeded threshold corr=frames-73d6 | thread=main
04-17 08:23:48.768 I/RLClient(11352): 2026-04-17 12:23:48 UTC [main] WARN  n.r.client.discord.DiscordService - Failed to load Discord library, Discord support will be disabled.
04-17 08:23:48.778 I/RLT     ( 1866): +541670ms [THREAD] Choreographer->main op=doFrame frame=1560 | thread=main
04-17 08:23:48.780 I/RLT     ( 1866): +541672ms [FRAME] fps=39.1 jank=137 p99=50.0ms heap=21MB periodic corr=frames-73d6 | thread=main
04-17 08:23:48.860 W/RLT     ( 1866): +541753ms [JANK] frame=1570 actual=16.7ms expected=12.0ms exceeded threshold corr=frames-73d6 | thread=main
04-17 08:23:48.903 W/RLT     ( 1866): +541796ms [JANK] frame=1571 actual=43.4ms expected=12.0ms exceeded threshold corr=frames-73d6 | thread=main
04-17 08:23:48.937 W/RLT     ( 1866): +541830ms [JANK] frame=1572 actual=33.3ms expected=12.0ms exceeded threshold corr=frames-73d6 | thread=main
04-17 08:23:48.954 W/RLT     ( 1866): +541846ms [JANK] frame=1573 actual=16.7ms expected=12.0ms exceeded threshold corr=frames-73d6 | thread=main
04-17 08:23:49.177 W/RLT     ( 1866): +542070ms [JANK] frame=1597 actual=33.1ms expected=12.0ms exceeded threshold corr=frames-73d6 | thread=main
04-17 08:23:49.211 W/RLT     ( 1866): +542103ms [JANK] frame=1598 actual=33.3ms expected=12.0ms exceeded threshold corr=frames-73d6 | thread=main
04-17 08:23:49.244 W/RLT     ( 1866): +542136ms [JANK] frame=1599 actual=33.3ms expected=12.0ms exceeded threshold corr=frames-73d6 | thread=main
04-17 08:23:49.277 W/RLT     ( 1866): +542169ms [JANK] frame=1600 actual=33.3ms expected=12.0ms exceeded threshold corr=frames-73d6 | thread=main
04-17 08:23:49.310 W/RLT     ( 1866): +542202ms [JANK] frame=1601 actual=33.3ms expected=12.0ms exceeded threshold corr=frames-73d6 | thread=main
04-17 08:23:49.344 W/RLT     ( 1866): +542236ms [JANK] frame=1602 actual=33.4ms expected=12.0ms exceeded threshold corr=frames-73d6 | thread=main
04-17 08:23:49.376 W/RLT     ( 1866): +542269ms [JANK] frame=1603 actual=33.3ms expected=12.0ms exceeded threshold corr=frames-73d6 | thread=main
04-17 08:23:49.410 W/RLT     ( 1866): +542302ms [JANK] frame=1604 actual=33.3ms expected=12.0ms exceeded threshold corr=frames-73d6 | thread=main
04-17 08:23:49.443 W/RLT     ( 1866): +542335ms [JANK] frame=1605 actual=33.3ms expected=12.0ms exceeded threshold corr=frames-73d6 | thread=main
04-17 08:23:49.476 W/RLT     ( 1866): +542369ms [JANK] frame=1606 actual=33.3ms expected=12.0ms exceeded threshold corr=frames-73d6 | thread=main
04-17 08:23:49.510 W/RLT     ( 1866): +542402ms [JANK] frame=1607 actual=33.3ms expected=12.0ms exceeded threshold corr=frames-73d6 | thread=main
04-17 08:23:49.543 W/RLT     ( 1866): +542436ms [JANK] frame=1608 actual=33.3ms expected=12.0ms exceeded threshold corr=frames-73d6 | thread=main
04-17 08:23:49.595 W/RLT     ( 1866): +542487ms [JANK] frame=1609 actual=51.6ms expected=12.0ms exceeded threshold corr=frames-73d6 | thread=main
04-17 08:23:49.611 W/RLT     ( 1866): +542504ms [JANK] frame=1610 actual=16.7ms expected=12.0ms exceeded threshold corr=frames-73d6 | thread=main
04-17 08:23:49.835 W/RLT     ( 1866): +542727ms [JANK] frame=1637 actual=16.7ms expected=12.0ms exceeded threshold corr=frames-73d6 | thread=main
04-17 08:23:49.893 W/RLT     ( 1866): +542785ms [JANK] frame=1638 actual=58.4ms expected=12.0ms exceeded threshold corr=frames-73d6 | thread=main
04-17 08:23:49.945 W/RLT     ( 1866): +542838ms [JANK] frame=1639 actual=51.6ms expected=12.0ms exceeded threshold corr=frames-73d6 | thread=main
04-17 08:23:49.962 W/RLT     ( 1866): +542854ms [JANK] frame=1640 actual=16.7ms expected=12.0ms exceeded threshold corr=frames-73d6 | thread=main
04-17 08:23:50.185 W/RLT     ( 1866): +543078ms [JANK] frame=1667 actual=16.7ms expected=12.0ms exceeded threshold corr=frames-73d6 | thread=main
04-17 08:23:50.244 W/RLT     ( 1866): +543137ms [JANK] frame=1668 actual=58.3ms expected=12.0ms exceeded threshold corr=frames-73d6 | thread=main
04-17 08:23:50.272 I/LorieNative( 8207): choreographer callbacks in 5.0 seconds = 53.4 FPS
04-17 08:23:50.272 I/LorieNative( 8207): redraw wakeups in 5.0 seconds = 53.4 FPS
04-17 08:23:50.272 I/LorieNative( 8207): damage-triggered redraws in 5.0 seconds = 1.2 FPS
04-17 08:23:50.272 I/LorieNative( 8207): AhbLockTrace: sticky=0 lock_calls=6 unlock_calls=6 sticky_hits=497 flush_skipped=0 in 5.0s
04-17 08:23:50.272 I/LorieNative( 8207): present flip attempts in 5.0 seconds = 0.0 FPS (accepted 0.0, rejected 0.0)
04-17 08:23:50.272 I/LorieNative( 8207): present after-flips in 5.0 seconds = 0.0 FPS
04-17 08:23:50.272 I/LorieNative( 8207): 6 frames in 5.0 seconds = 1.2 FPS
04-17 08:23:50.277 W/RLT     ( 1866): +543169ms [JANK] frame=1669 actual=33.3ms expected=12.0ms exceeded threshold corr=frames-73d6 | thread=main
04-17 08:23:50.310 W/RLT     ( 1866): +543203ms [JANK] frame=1670 actual=33.3ms expected=12.0ms exceeded threshold corr=frames-73d6 | thread=main
04-17 08:23:50.314 I/RLT     ( 1866): +543207ms [PERF] PERF_SUMMARY:   renderer_fps=1.5 wait_choreo_pct=0 wait_content_pct=0 wait_state_pct=0 | thread=perf-dashboard
04-17 08:23:50.343 W/RLT     ( 1866): +543236ms [JANK] frame=1671 actual=33.3ms expected=12.0ms exceeded threshold corr=frames-73d6 | thread=main
04-17 08:23:50.376 W/RLT     ( 1866): +543269ms [JANK] frame=1672 actual=33.3ms expected=12.0ms exceeded threshold corr=frames-73d6 | thread=main
04-17 08:23:50.410 W/RLT     ( 1866): +543302ms [JANK] frame=1673 actual=33.3ms expected=12.0ms exceeded threshold corr=frames-73d6 | thread=main
04-17 08:23:50.443 W/RLT     ( 1866): +543336ms [JANK] frame=1674 actual=33.3ms expected=12.0ms exceeded threshold corr=frames-73d6 | thread=main
04-17 08:23:50.477 W/RLT     ( 1866): +543370ms [JANK] frame=1675 actual=33.3ms expected=12.0ms exceeded threshold corr=frames-73d6 | thread=main
04-17 08:23:50.510 W/RLT     ( 1866): +543402ms [JANK] frame=1676 actual=33.3ms expected=12.0ms exceeded threshold corr=frames-73d6 | thread=main
04-17 08:23:50.544 W/RLT     ( 1866): +543436ms [JANK] frame=1677 actual=33.3ms expected=12.0ms exceeded threshold corr=frames-73d6 | thread=main
04-17 08:23:50.577 W/RLT     ( 1866): +543470ms [JANK] frame=1678 actual=33.3ms expected=12.0ms exceeded threshold corr=frames-73d6 | thread=main
04-17 08:23:50.610 W/RLT     ( 1866): +543503ms [JANK] frame=1679 actual=33.3ms expected=12.0ms exceeded threshold corr=frames-73d6 | thread=main
04-17 08:23:50.643 I/RLT     ( 1866): +543535ms [THREAD] Choreographer->main op=doFrame frame=1680 | thread=main
04-17 08:23:50.644 I/RLT     ( 1866): +543537ms [FRAME] fps=64.1 jank=118 p99=51.6ms heap=22MB periodic corr=frames-73d6 | thread=main
04-17 08:23:50.645 W/RLT     ( 1866): +543537ms [JANK] frame=1680 actual=33.3ms expected=12.0ms exceeded threshold corr=frames-73d6 | thread=main
04-17 08:23:50.677 W/RLT     ( 1866): +543569ms [JANK] frame=1681 actual=33.3ms expected=12.0ms exceeded threshold corr=frames-73d6 | thread=main
04-17 08:23:50.710 W/RLT     ( 1866): +543603ms [JANK] frame=1682 actual=33.3ms expected=12.0ms exceeded threshold corr=frames-73d6 | thread=main
04-17 08:23:50.743 W/RLT     ( 1866): +543636ms [JANK] frame=1683 actual=33.3ms expected=12.0ms exceeded threshold corr=frames-73d6 | thread=main
04-17 08:23:50.776 W/RLT     ( 1866): +543669ms [JANK] frame=1684 actual=33.3ms expected=12.0ms exceeded threshold corr=frames-73d6 | thread=main
04-17 08:23:50.810 W/RLT     ( 1866): +543703ms [JANK] frame=1685 actual=33.3ms expected=12.0ms exceeded threshold corr=frames-73d6 | thread=main
04-17 08:23:50.843 W/RLT     ( 1866): +543735ms [JANK] frame=1686 actual=33.3ms expected=12.0ms exceeded threshold corr=frames-73d6 | thread=main
04-17 08:23:50.877 W/RLT     ( 1866): +543769ms [JANK] frame=1687 actual=33.3ms expected=12.0ms exceeded threshold corr=frames-73d6 | thread=main
04-17 08:23:50.911 W/RLT     ( 1866): +543803ms [JANK] frame=1688 actual=33.3ms expected=12.0ms exceeded threshold corr=frames-73d6 | thread=main
04-17 08:23:50.943 W/RLT     ( 1866): +543835ms [JANK] frame=1689 actual=33.3ms expected=12.0ms exceeded threshold corr=frames-73d6 | thread=main
04-17 08:23:50.977 W/RLT     ( 1866): +543869ms [JANK] frame=1690 actual=33.3ms expected=12.0ms exceeded threshold corr=frames-73d6 | thread=main
04-17 08:23:51.011 W/RLT     ( 1866): +543903ms [JANK] frame=1691 actual=33.3ms expected=12.0ms exceeded threshold corr=frames-73d6 | thread=main
04-17 08:23:51.043 W/RLT     ( 1866): +543936ms [JANK] frame=1692 actual=33.3ms expected=12.0ms exceeded threshold corr=frames-73d6 | thread=main
04-17 08:23:51.077 W/RLT     ( 1866): +543969ms [JANK] frame=1693 actual=33.3ms expected=12.0ms exceeded threshold corr=frames-73d6 | thread=main
04-17 08:23:51.110 W/RLT     ( 1866): +544003ms [JANK] frame=1694 actual=33.3ms expected=12.0ms exceeded threshold corr=frames-73d6 | thread=main
04-17 08:23:51.135 I/LorieNative( 8207): PixmapTrace: CreatePixmap pixmap=0x0 drawable=0x0 hasPriv=1 hasBuffer=1 type=REGULAR format=5 imported=0 flipped=0 mem=0 id=198
04-17 08:23:51.135 I/LorieNative( 8207): PixmapTrace: CreatePixmap pixmap=0x0 drawable=0x0 hasPriv=1 hasBuffer=1 type=REGULAR format=5 imported=0 flipped=0 mem=0 id=199
04-17 08:23:51.135 I/LorieNative( 8207): PixmapTrace: CreatePixmap pixmap=0x0 drawable=0x0 hasPriv=1 hasBuffer=1 type=REGULAR format=5 imported=0 flipped=0 mem=0 id=200
04-17 08:23:51.135 I/LorieNative( 8207): PixmapTrace: CreatePixmap pixmap=0x0 drawable=0x0 hasPriv=1 hasBuffer=1 type=REGULAR format=5 imported=0 flipped=0 mem=0 id=201
04-17 08:23:51.135 I/LorieNative( 8207): PixmapTrace: CreatePixmap pixmap=0x0 drawable=0x0 hasPriv=1 hasBuffer=1 type=REGULAR format=5 imported=0 flipped=0 mem=0 id=202
04-17 08:23:51.135 I/LorieNative( 8207): PixmapTrace: CreatePixmap pixmap=0x0 drawable=0x0 hasPriv=1 hasBuffer=1 type=REGULAR format=5 imported=0 flipped=0 mem=0 id=203
04-17 08:23:51.144 W/RLT     ( 1866): +544036ms [JANK] frame=1695 actual=33.3ms expected=12.0ms exceeded threshold corr=frames-73d6 | thread=main
04-17 08:23:51.194 W/RLT     ( 1866): +544087ms [JANK] frame=1696 actual=51.7ms expected=12.0ms exceeded threshold corr=frames-73d6 | thread=main
04-17 08:23:51.211 W/RLT     ( 1866): +544104ms [JANK] frame=1697 actual=16.7ms expected=12.0ms exceeded threshold corr=frames-73d6 | thread=main
04-17 08:23:51.435 W/RLT     ( 1866): +544327ms [JANK] frame=1723 actual=16.7ms expected=12.0ms exceeded threshold corr=frames-73d6 | thread=main
04-17 08:23:51.493 W/RLT     ( 1866): +544386ms [JANK] frame=1724 actual=58.3ms expected=12.0ms exceeded threshold corr=frames-73d6 | thread=main
04-17 08:23:51.527 W/RLT     ( 1866): +544419ms [JANK] frame=1725 actual=33.3ms expected=12.0ms exceeded threshold corr=frames-73d6 | thread=main
04-17 08:23:51.548 I/RLClient(11429): 2026-04-17 12:23:51 UTC [main] DEBUG n.r.client.plugins.PluginManager - Loaded plugin GpuPlugin
04-17 08:23:51.560 W/RLT     ( 1866): +544452ms [JANK] frame=1726 actual=33.3ms expected=12.0ms exceeded threshold corr=frames-73d6 | thread=main
04-17 08:23:51.593 W/RLT     ( 1866): +544486ms [JANK] frame=1727 actual=33.3ms expected=12.0ms exceeded threshold corr=frames-73d6 | thread=main
04-17 08:23:51.626 W/RLT     ( 1866): +544519ms [JANK] frame=1728 actual=33.3ms expected=12.0ms exceeded threshold corr=frames-73d6 | thread=main
04-17 08:23:51.636 I/LorieNative( 8207): PixmapTrace: CreatePixmap pixmap=0x0 drawable=0x0 hasPriv=1 hasBuffer=1 type=REGULAR format=5 imported=0 flipped=0 mem=0 id=204
04-17 08:23:51.636 I/LorieNative( 8207): PixmapTrace: CreatePixmap pixmap=0x0 drawable=0x0 hasPriv=1 hasBuffer=1 type=REGULAR format=5 imported=0 flipped=0 mem=0 id=205
04-17 08:23:51.660 W/RLT     ( 1866): +544553ms [JANK] frame=1729 actual=33.3ms expected=12.0ms exceeded threshold corr=frames-73d6 | thread=main
04-17 08:23:51.711 W/RLT     ( 1866): +544604ms [JANK] frame=1730 actual=51.7ms expected=12.0ms exceeded threshold corr=frames-73d6 | thread=main
04-17 08:23:51.728 W/RLT     ( 1866): +544620ms [JANK] frame=1731 actual=16.7ms expected=12.0ms exceeded threshold corr=frames-73d6 | thread=main
04-17 08:23:51.866 I/RLClient(11434): 2026-04-17 12:23:51 UTC [Client] ERROR injected-client - Error initializing sound engine. Audio will be unavailable.
04-17 08:23:51.951 W/RLT     ( 1866): +544844ms [JANK] frame=1757 actual=16.7ms expected=12.0ms exceeded threshold corr=frames-73d6 | thread=main
04-17 08:23:52.010 W/RLT     ( 1866): +544903ms [JANK] frame=1758 actual=58.3ms expected=12.0ms exceeded threshold corr=frames-73d6 | thread=main
04-17 08:23:52.043 W/RLT     ( 1866): +544936ms [JANK] frame=1759 actual=33.3ms expected=12.0ms exceeded threshold corr=frames-73d6 | thread=main
04-17 08:23:52.077 W/RLT     ( 1866): +544969ms [JANK] frame=1760 actual=33.3ms expected=12.0ms exceeded threshold corr=frames-73d6 | thread=main
04-17 08:23:52.110 W/RLT     ( 1866): +545003ms [JANK] frame=1761 actual=33.3ms expected=12.0ms exceeded threshold corr=frames-73d6 | thread=main
04-17 08:23:52.136 I/LorieNative( 8207): PixmapTrace: CreatePixmap pixmap=0x0 drawable=0x0 hasPriv=1 hasBuffer=1 type=REGULAR format=5 imported=0 flipped=0 mem=0 id=206
04-17 08:23:52.143 W/RLT     ( 1866): +545036ms [JANK] frame=1762 actual=33.3ms expected=12.0ms exceeded threshold corr=frames-73d6 | thread=main
04-17 08:23:52.195 W/RLT     ( 1866): +545087ms [JANK] frame=1763 actual=51.7ms expected=12.0ms exceeded threshold corr=frames-73d6 | thread=main
04-17 08:23:52.211 W/RLT     ( 1866): +545104ms [JANK] frame=1764 actual=16.7ms expected=12.0ms exceeded threshold corr=frames-73d6 | thread=main
04-17 08:23:52.434 W/RLT     ( 1866): +545327ms [JANK] frame=1791 actual=16.7ms expected=12.0ms exceeded threshold corr=frames-73d6 | thread=main
04-17 08:23:52.493 W/RLT     ( 1866): +545385ms [JANK] frame=1792 actual=58.3ms expected=12.0ms exceeded threshold corr=frames-73d6 | thread=main
04-17 08:23:52.526 W/RLT     ( 1866): +545419ms [JANK] frame=1793 actual=33.3ms expected=12.0ms exceeded threshold corr=frames-73d6 | thread=main
04-17 08:23:52.560 W/RLT     ( 1866): +545452ms [JANK] frame=1794 actual=33.3ms expected=12.0ms exceeded threshold corr=frames-73d6 | thread=main
04-17 08:23:52.594 W/RLT     ( 1866): +545486ms [JANK] frame=1795 actual=33.3ms expected=12.0ms exceeded threshold corr=frames-73d6 | thread=main
04-17 08:23:52.627 W/RLT     ( 1866): +545520ms [JANK] frame=1796 actual=33.3ms expected=12.0ms exceeded threshold corr=frames-73d6 | thread=main
04-17 08:23:52.637 I/LorieNative( 8207): PixmapTrace: CreatePixmap pixmap=0x0 drawable=0x0 hasPriv=1 hasBuffer=1 type=REGULAR format=5 imported=0 flipped=0 mem=0 id=207
04-17 08:23:52.637 I/LorieNative( 8207): PixmapTrace: CreatePixmap pixmap=0x0 drawable=0x0 hasPriv=1 hasBuffer=1 type=REGULAR format=5 imported=0 flipped=0 mem=0 id=208
04-17 08:23:52.660 W/RLT     ( 1866): +545552ms [JANK] frame=1797 actual=33.3ms expected=12.0ms exceeded threshold corr=frames-73d6 | thread=main
04-17 08:23:52.711 W/RLT     ( 1866): +545604ms [JANK] frame=1798 actual=51.7ms expected=12.0ms exceeded threshold corr=frames-73d6 | thread=main
04-17 08:23:52.728 W/RLT     ( 1866): +545620ms [JANK] frame=1799 actual=16.7ms expected=12.0ms exceeded threshold corr=frames-73d6 | thread=main
04-17 08:23:52.736 I/RLT     ( 1866): +545629ms [THREAD] Choreographer->main op=doFrame frame=1800 | thread=main
04-17 08:23:52.738 I/RLT     ( 1866): +545631ms [FRAME] fps=57.8 jank=79 p99=58.3ms heap=22MB periodic corr=frames-73d6 | thread=main
04-17 08:23:52.951 W/RLT     ( 1866): +545844ms [JANK] frame=1825 actual=16.7ms expected=12.0ms exceeded threshold corr=frames-73d6 | thread=main
04-17 08:23:53.010 W/RLT     ( 1866): +545902ms [JANK] frame=1826 actual=58.3ms expected=12.0ms exceeded threshold corr=frames-73d6 | thread=main
04-17 08:23:53.043 W/RLT     ( 1866): +545935ms [JANK] frame=1827 actual=33.3ms expected=12.0ms exceeded threshold corr=frames-73d6 | thread=main
04-17 08:23:53.076 W/RLT     ( 1866): +545968ms [JANK] frame=1828 actual=33.3ms expected=12.0ms exceeded threshold corr=frames-73d6 | thread=main
04-17 08:23:53.109 W/RLT     ( 1866): +546002ms [JANK] frame=1829 actual=33.3ms expected=12.0ms exceeded threshold corr=frames-73d6 | thread=main
04-17 08:23:53.143 W/RLT     ( 1866): +546035ms [JANK] frame=1830 actual=33.3ms expected=12.0ms exceeded threshold corr=frames-73d6 | thread=main
04-17 08:23:53.194 W/RLT     ( 1866): +546087ms [JANK] frame=1831 actual=51.7ms expected=12.0ms exceeded threshold corr=frames-73d6 | thread=main
04-17 08:23:53.211 W/RLT     ( 1866): +546104ms [JANK] frame=1832 actual=16.7ms expected=12.0ms exceeded threshold corr=frames-73d6 | thread=main
04-17 08:23:53.212 I/RLClient(11469): 2026-04-17 12:23:53 UTC [main] DEBUG n.r.client.plugins.PluginManager - Loaded plugin FpsPlugin
04-17 08:23:53.592 I/LorieNative( 8207): PixmapTrace: CreatePixmap pixmap=0x0 drawable=0x0 hasPriv=1 hasBuffer=1 type=REGULAR format=5 imported=0 flipped=0 mem=0 id=209
04-17 08:23:53.601 W/RLT     ( 1866): +546494ms [JANK] frame=1877 actual=25.0ms expected=12.0ms exceeded threshold corr=frames-73d6 | thread=main
04-17 08:23:53.661 W/RLT     ( 1866): +546554ms [JANK] frame=1878 actual=60.0ms expected=12.0ms exceeded threshold corr=frames-73d6 | thread=main
04-17 08:23:53.678 W/RLT     ( 1866): +546570ms [JANK] frame=1879 actual=16.7ms expected=12.0ms exceeded threshold corr=frames-73d6 | thread=main
04-17 08:23:54.020 I/RLT     ( 1866): +546912ms [THREAD] Choreographer->main op=doFrame frame=1920 | thread=main
04-17 08:23:54.021 I/RLT     ( 1866): +546914ms [FRAME] fps=93.3 jank=53 p99=58.3ms heap=22MB periodic corr=frames-73d6 | thread=main
04-17 08:23:54.234 W/RLT     ( 1866): +547127ms [JANK] frame=1944 actual=25.0ms expected=12.0ms exceeded threshold corr=frames-73d6 | thread=main
04-17 08:23:54.285 W/RLT     ( 1866): +547177ms [JANK] frame=1945 actual=50.0ms expected=12.0ms exceeded threshold corr=frames-73d6 | thread=main
04-17 08:23:54.318 W/RLT     ( 1866): +547210ms [JANK] frame=1946 actual=33.3ms expected=12.0ms exceeded threshold corr=frames-73d6 | thread=main
04-17 08:23:54.352 W/RLT     ( 1866): +547244ms [JANK] frame=1947 actual=33.3ms expected=12.0ms exceeded threshold corr=frames-73d6 | thread=main
04-17 08:23:54.385 W/RLT     ( 1866): +547277ms [JANK] frame=1948 actual=33.3ms expected=12.0ms exceeded threshold corr=frames-73d6 | thread=main
04-17 08:23:54.418 W/RLT     ( 1866): +547311ms [JANK] frame=1949 actual=33.3ms expected=12.0ms exceeded threshold corr=frames-73d6 | thread=main
04-17 08:23:54.452 W/RLT     ( 1866): +547344ms [JANK] frame=1950 actual=33.3ms expected=12.0ms exceeded threshold corr=frames-73d6 | thread=main
04-17 08:23:54.484 W/RLT     ( 1866): +547377ms [JANK] frame=1951 actual=33.3ms expected=12.0ms exceeded threshold corr=frames-73d6 | thread=main
04-17 08:23:54.518 W/RLT     ( 1866): +547411ms [JANK] frame=1952 actual=33.3ms expected=12.0ms exceeded threshold corr=frames-73d6 | thread=main
04-17 08:23:54.551 W/RLT     ( 1866): +547444ms [JANK] frame=1953 actual=33.3ms expected=12.0ms exceeded threshold corr=frames-73d6 | thread=main
04-17 08:23:54.586 W/RLT     ( 1866): +547478ms [JANK] frame=1954 actual=33.3ms expected=12.0ms exceeded threshold corr=frames-73d6 | thread=main
04-17 08:23:54.618 W/RLT     ( 1866): +547511ms [JANK] frame=1955 actual=33.3ms expected=12.0ms exceeded threshold corr=frames-73d6 | thread=main
04-17 08:23:54.651 W/RLT     ( 1866): +547544ms [JANK] frame=1956 actual=33.3ms expected=12.0ms exceeded threshold corr=frames-73d6 | thread=main
04-17 08:23:54.685 W/RLT     ( 1866): +547577ms [JANK] frame=1957 actual=33.3ms expected=12.0ms exceeded threshold corr=frames-73d6 | thread=main
04-17 08:23:54.718 W/RLT     ( 1866): +547611ms [JANK] frame=1958 actual=33.3ms expected=12.0ms exceeded threshold corr=frames-73d6 | thread=main
04-17 08:23:54.752 W/RLT     ( 1866): +547645ms [JANK] frame=1959 actual=33.3ms expected=12.0ms exceeded threshold corr=frames-73d6 | thread=main
04-17 08:23:54.785 W/RLT     ( 1866): +547677ms [JANK] frame=1960 actual=33.3ms expected=12.0ms exceeded threshold corr=frames-73d6 | thread=main
04-17 08:23:54.818 W/RLT     ( 1866): +547711ms [JANK] frame=1961 actual=33.3ms expected=12.0ms exceeded threshold corr=frames-73d6 | thread=main
04-17 08:23:54.852 W/RLT     ( 1866): +547744ms [JANK] frame=1962 actual=33.3ms expected=12.0ms exceeded threshold corr=frames-73d6 | thread=main
04-17 08:23:54.885 W/RLT     ( 1866): +547777ms [JANK] frame=1963 actual=33.3ms expected=12.0ms exceeded threshold corr=frames-73d6 | thread=main
04-17 08:23:54.919 W/RLT     ( 1866): +547812ms [JANK] frame=1964 actual=33.3ms expected=12.0ms exceeded threshold corr=frames-73d6 | thread=main
04-17 08:23:54.952 W/RLT     ( 1866): +547844ms [JANK] frame=1965 actual=33.3ms expected=12.0ms exceeded threshold corr=frames-73d6 | thread=main
04-17 08:23:55.003 W/RLT     ( 1866): +547895ms [JANK] frame=1966 actual=51.7ms expected=12.0ms exceeded threshold corr=frames-73d6 | thread=main
04-17 08:23:55.019 W/RLT     ( 1866): +547912ms [JANK] frame=1967 actual=16.7ms expected=12.0ms exceeded threshold corr=frames-73d6 | thread=main
04-17 08:23:55.243 W/RLT     ( 1866): +548136ms [JANK] frame=1993 actual=16.7ms expected=12.0ms exceeded threshold corr=frames-73d6 | thread=main
04-17 08:23:55.273 I/LorieNative( 8207): choreographer callbacks in 5.0 seconds = 65.0 FPS
04-17 08:23:55.273 I/LorieNative( 8207): redraw wakeups in 5.0 seconds = 65.0 FPS
04-17 08:23:55.273 I/LorieNative( 8207): damage-triggered redraws in 5.0 seconds = 2.0 FPS
04-17 08:23:55.273 I/LorieNative( 8207): AhbLockTrace: sticky=0 lock_calls=10 unlock_calls=10 sticky_hits=1669 flush_skipped=0 in 5.0s
04-17 08:23:55.273 I/LorieNative( 8207): present flip attempts in 5.0 seconds = 0.0 FPS (accepted 0.0, rejected 0.0)
04-17 08:23:55.273 I/LorieNative( 8207): present after-flips in 5.0 seconds = 0.0 FPS
04-17 08:23:55.273 I/LorieNative( 8207): 10 frames in 5.0 seconds = 2.0 FPS
04-17 08:23:55.302 W/RLT     ( 1866): +548195ms [JANK] frame=1994 actual=58.3ms expected=12.0ms exceeded threshold corr=frames-73d6 | thread=main
04-17 08:23:55.335 W/RLT     ( 1866): +548227ms [JANK] frame=1995 actual=33.3ms expected=12.0ms exceeded threshold corr=frames-73d6 | thread=main
04-17 08:23:55.368 W/RLT     ( 1866): +548261ms [JANK] frame=1996 actual=33.3ms expected=12.0ms exceeded threshold corr=frames-73d6 | thread=main
04-17 08:23:55.402 W/RLT     ( 1866): +548295ms [JANK] frame=1997 actual=33.3ms expected=12.0ms exceeded threshold corr=frames-73d6 | thread=main
04-17 08:23:55.436 W/RLT     ( 1866): +548328ms [JANK] frame=1998 actual=33.3ms expected=12.0ms exceeded threshold corr=frames-73d6 | thread=main
04-17 08:23:55.469 W/RLT     ( 1866): +548361ms [JANK] frame=1999 actual=33.3ms expected=12.0ms exceeded threshold corr=frames-73d6 | thread=main
04-17 08:23:55.502 W/RLT     ( 1866): +548395ms [JANK] frame=2000 actual=33.3ms expected=12.0ms exceeded threshold corr=frames-73d6 | thread=main
04-17 08:23:55.534 W/RLT     ( 1866): +548427ms [JANK] frame=2001 actual=33.3ms expected=12.0ms exceeded threshold corr=frames-73d6 | thread=main
04-17 08:23:55.569 W/RLT     ( 1866): +548461ms [JANK] frame=2002 actual=33.3ms expected=12.0ms exceeded threshold corr=frames-73d6 | thread=main
04-17 08:23:55.602 W/RLT     ( 1866): +548495ms [JANK] frame=2003 actual=33.3ms expected=12.0ms exceeded threshold corr=frames-73d6 | thread=main
04-17 08:23:55.635 W/RLT     ( 1866): +548527ms [JANK] frame=2004 actual=33.3ms expected=12.0ms exceeded threshold corr=frames-73d6 | thread=main
04-17 08:23:55.669 W/RLT     ( 1866): +548562ms [JANK] frame=2005 actual=33.3ms expected=12.0ms exceeded threshold corr=frames-73d6 | thread=main
04-17 08:23:55.702 W/RLT     ( 1866): +548594ms [JANK] frame=2006 actual=33.3ms expected=12.0ms exceeded threshold corr=frames-73d6 | thread=main
04-17 08:23:55.734 W/RLT     ( 1866): +548627ms [JANK] frame=2007 actual=33.3ms expected=12.0ms exceeded threshold corr=frames-73d6 | thread=main
04-17 08:23:55.768 W/RLT     ( 1866): +548660ms [JANK] frame=2008 actual=33.3ms expected=12.0ms exceeded threshold corr=frames-73d6 | thread=main
04-17 08:23:55.780 I/RLClient(11532): 2026-04-17 12:23:55 UTC [AWT-EventQueue-0] DEBUG n.r.client.plugins.PluginManager - Plugin GpuPlugin is now running
04-17 08:23:55.793 I/RLClient(11533): 2026-04-17 12:23:55 UTC [AWT-EventQueue-0] DEBUG n.runelite.client.eventbus.EventBus - Registering class net.runelite.client.events.ConfigChanged - EventBus.Subscriber(object=net.runelite.client.plugins.gpu.GpuPlugin@59696551, method=public void net.runelite.client.plugins.gpu.GpuPlugin.onConfigChanged(net.runelite.client.events.ConfigChanged), priority=0.0, lambda=net.runelite.client.plugins.gpu.GpuPlugin$$Lambda$704/0x00000008007e8c40@357b51d8)
04-17 08:23:55.801 W/RLT     ( 1866): +548694ms [JANK] frame=2009 actual=33.3ms expected=12.0ms exceeded threshold corr=frames-73d6 | thread=main
04-17 08:23:55.806 I/RLClient(11534): 2026-04-17 12:23:55 UTC [AWT-EventQueue-0] DEBUG n.runelite.client.eventbus.EventBus - Registering class net.runelite.api.events.GameStateChanged - EventBus.Subscriber(object=net.runelite.client.plugins.gpu.GpuPlugin@59696551, method=public void net.runelite.client.plugins.gpu.GpuPlugin.onGameStateChanged(net.runelite.api.events.GameStateChanged), priority=0.0, lambda=net.runelite.client.plugins.gpu.GpuPlugin$$Lambda$705/0x00000008007e9040@50e8bf20)
04-17 08:23:55.820 I/RLClient(11535): 2026-04-17 12:23:55 UTC [AWT-EventQueue-0] DEBUG n.runelite.client.eventbus.EventBus - Registering class net.runelite.api.events.PostClientTick - EventBus.Subscriber(object=net.runelite.client.plugins.gpu.GpuPlugin@59696551, method=public void net.runelite.client.plugins.gpu.GpuPlugin.onPostClientTick(net.runelite.api.events.PostClientTick), priority=0.0, lambda=net.runelite.client.plugins.gpu.GpuPlugin$$Lambda$706/0x00000008007e9440@3c12be43)
04-17 08:23:55.835 W/RLT     ( 1866): +548728ms [JANK] frame=2010 actual=33.3ms expected=12.0ms exceeded threshold corr=frames-73d6 | thread=main
04-17 08:23:55.868 W/RLT     ( 1866): +548761ms [JANK] frame=2011 actual=33.3ms expected=12.0ms exceeded threshold corr=frames-73d6 | thread=main
04-17 08:23:55.920 W/RLT     ( 1866): +548812ms [JANK] frame=2012 actual=51.8ms expected=12.0ms exceeded threshold corr=frames-73d6 | thread=main
04-17 08:23:55.936 W/RLT     ( 1866): +548829ms [JANK] frame=2013 actual=16.7ms expected=12.0ms exceeded threshold corr=frames-73d6 | thread=main
04-17 08:23:56.160 W/RLT     ( 1866): +549053ms [JANK] frame=2039 actual=16.7ms expected=12.0ms exceeded threshold corr=frames-73d6 | thread=main
04-17 08:23:56.219 I/RLT     ( 1866): +549111ms [THREAD] Choreographer->main op=doFrame frame=2040 | thread=main
04-17 08:23:56.220 I/RLT     ( 1866): +549113ms [FRAME] fps=54.3 jank=58 p99=58.3ms heap=22MB periodic corr=frames-73d6 | thread=main
04-17 08:23:56.221 W/RLT     ( 1866): +549113ms [JANK] frame=2040 actual=58.3ms expected=12.0ms exceeded threshold corr=frames-73d6 | thread=main
04-17 08:23:56.252 W/RLT     ( 1866): +549144ms [JANK] frame=2041 actual=33.3ms expected=12.0ms exceeded threshold corr=frames-73d6 | thread=main
04-17 08:23:56.285 W/RLT     ( 1866): +549178ms [JANK] frame=2042 actual=33.3ms expected=12.0ms exceeded threshold corr=frames-73d6 | thread=main
04-17 08:23:56.319 W/RLT     ( 1866): +549212ms [JANK] frame=2043 actual=33.3ms expected=12.0ms exceeded threshold corr=frames-73d6 | thread=main
04-17 08:23:56.352 W/RLT     ( 1866): +549244ms [JANK] frame=2044 actual=33.3ms expected=12.0ms exceeded threshold corr=frames-73d6 | thread=main
04-17 08:23:56.386 W/RLT     ( 1866): +549278ms [JANK] frame=2045 actual=33.3ms expected=12.0ms exceeded threshold corr=frames-73d6 | thread=main
04-17 08:23:56.436 W/RLT     ( 1866): +549329ms [JANK] frame=2046 actual=51.7ms expected=12.0ms exceeded threshold corr=frames-73d6 | thread=main
04-17 08:23:56.453 W/RLT     ( 1866): +549345ms [JANK] frame=2047 actual=16.7ms expected=12.0ms exceeded threshold corr=frames-73d6 | thread=main
04-17 08:23:56.677 W/RLT     ( 1866): +549569ms [JANK] frame=2074 actual=16.7ms expected=12.0ms exceeded threshold corr=frames-73d6 | thread=main
04-17 08:23:56.735 W/RLT     ( 1866): +549627ms [JANK] frame=2075 actual=58.4ms expected=12.0ms exceeded threshold corr=frames-73d6 | thread=main
04-17 08:23:56.768 W/RLT     ( 1866): +549661ms [JANK] frame=2076 actual=33.3ms expected=12.0ms exceeded threshold corr=frames-73d6 | thread=main
04-17 08:23:56.802 W/RLT     ( 1866): +549695ms [JANK] frame=2077 actual=33.3ms expected=12.0ms exceeded threshold corr=frames-73d6 | thread=main
04-17 08:23:56.836 W/RLT     ( 1866): +549728ms [JANK] frame=2078 actual=33.3ms expected=12.0ms exceeded threshold corr=frames-73d6 | thread=main
04-17 08:23:56.868 W/RLT     ( 1866): +549761ms [JANK] frame=2079 actual=33.3ms expected=12.0ms exceeded threshold corr=frames-73d6 | thread=main
04-17 08:23:56.920 W/RLT     ( 1866): +549812ms [JANK] frame=2080 actual=51.7ms expected=12.0ms exceeded threshold corr=frames-73d6 | thread=main
04-17 08:23:56.936 W/RLT     ( 1866): +549829ms [JANK] frame=2081 actual=16.7ms expected=12.0ms exceeded threshold corr=frames-73d6 | thread=main
04-17 08:23:57.160 W/RLT     ( 1866): +550052ms [JANK] frame=2107 actual=16.7ms expected=12.0ms exceeded threshold corr=frames-73d6 | thread=main
04-17 08:23:57.219 W/RLT     ( 1866): +550111ms [JANK] frame=2108 actual=58.3ms expected=12.0ms exceeded threshold corr=frames-73d6 | thread=main
04-17 08:23:57.252 W/RLT     ( 1866): +550144ms [JANK] frame=2109 actual=33.3ms expected=12.0ms exceeded threshold corr=frames-73d6 | thread=main
04-17 08:23:57.285 W/RLT     ( 1866): +550178ms [JANK] frame=2110 actual=33.3ms expected=12.0ms exceeded threshold corr=frames-73d6 | thread=main
04-17 08:23:57.319 W/RLT     ( 1866): +550212ms [JANK] frame=2111 actual=33.3ms expected=12.0ms exceeded threshold corr=frames-73d6 | thread=main
04-17 08:23:57.352 W/RLT     ( 1866): +550245ms [JANK] frame=2112 actual=33.3ms expected=12.0ms exceeded threshold corr=frames-73d6 | thread=main
04-17 08:23:57.361 I/LorieNative( 8207): DamageTraceV2: Composite count=64 drawableType=WINDOW screenPixmap=0 drawable=0xb4000070a0f46450 geom=2960x1848 box=0,452-400,480 fn=0x6d79923ed4 fn_offset=0x311ed4 fbase=0x6d79612000 sym=unknown so=/data/app/~~iNwcSjv3C2CZCLwcLxpEtA==/com.termux.x11-1tus8NhfW98goVF914TrYw==/base.apk!/lib/arm64-v8a/libXlorie.so
04-17 08:23:57.386 W/RLT     ( 1866): +550279ms [JANK] frame=2113 actual=33.3ms expected=12.0ms exceeded threshold corr=frames-73d6 | thread=main
04-17 08:23:57.436 W/RLT     ( 1866): +550329ms [JANK] frame=2114 actual=51.9ms expected=12.0ms exceeded threshold corr=frames-73d6 | thread=main
04-17 08:23:57.453 W/RLT     ( 1866): +550346ms [JANK] frame=2115 actual=16.7ms expected=12.0ms exceeded threshold corr=frames-73d6 | thread=main
04-17 08:23:57.676 W/RLT     ( 1866): +550569ms [JANK] frame=2142 actual=16.7ms expected=12.0ms exceeded threshold corr=frames-73d6 | thread=main
04-17 08:23:57.735 W/RLT     ( 1866): +550628ms [JANK] frame=2143 actual=58.3ms expected=12.0ms exceeded threshold corr=frames-73d6 | thread=main
04-17 08:23:57.768 W/RLT     ( 1866): +550661ms [JANK] frame=2144 actual=33.3ms expected=12.0ms exceeded threshold corr=frames-73d6 | thread=main
04-17 08:23:57.802 W/RLT     ( 1866): +550694ms [JANK] frame=2145 actual=33.3ms expected=12.0ms exceeded threshold corr=frames-73d6 | thread=main
04-17 08:23:57.835 W/RLT     ( 1866): +550727ms [JANK] frame=2146 actual=33.3ms expected=12.0ms exceeded threshold corr=frames-73d6 | thread=main
04-17 08:23:57.869 W/RLT     ( 1866): +550761ms [JANK] frame=2147 actual=33.3ms expected=12.0ms exceeded threshold corr=frames-73d6 | thread=main
04-17 08:23:57.920 W/RLT     ( 1866): +550812ms [JANK] frame=2148 actual=51.7ms expected=12.0ms exceeded threshold corr=frames-73d6 | thread=main
04-17 08:23:57.936 W/RLT     ( 1866): +550829ms [JANK] frame=2149 actual=16.7ms expected=12.0ms exceeded threshold corr=frames-73d6 | thread=main
04-17 08:23:57.949 I/RLClient(11562): 2026-04-17 12:23:57 UTC [AWT-EventQueue-0] DEBUG n.r.client.plugins.PluginManager - Plugin FpsPlugin is now running
04-17 08:23:57.963 I/RLClient(11563): 2026-04-17 12:23:57 UTC [AWT-EventQueue-0] DEBUG n.runelite.client.eventbus.EventBus - Registering class net.runelite.client.events.ConfigChanged - EventBus.Subscriber(object=net.runelite.client.plugins.fps.FpsPlugin@2213639b, method=public void net.runelite.client.plugins.fps.FpsPlugin.onConfigChanged(net.runelite.client.events.ConfigChanged), priority=0.0, lambda=net.runelite.client.plugins.fps.FpsPlugin$$Lambda$1235/0x00000008008a4440@2f1a388e)
04-17 08:23:57.977 I/RLClient(11564): 2026-04-17 12:23:57 UTC [AWT-EventQueue-0] DEBUG n.runelite.client.eventbus.EventBus - Registering class net.runelite.api.events.FocusChanged - EventBus.Subscriber(object=net.runelite.client.plugins.fps.FpsPlugin@2213639b, method=public void net.runelite.client.plugins.fps.FpsPlugin.onFocusChanged(net.runelite.api.events.FocusChanged), priority=0.0, lambda=net.runelite.client.plugins.fps.FpsPlugin$$Lambda$1236/0x00000008008a4840@3ff913eb)
04-17 08:23:58.028 I/RLT     ( 1866): +550920ms [THREAD] Choreographer->main op=doFrame frame=2160 | thread=main
04-17 08:23:58.030 I/RLT     ( 1866): +550922ms [FRAME] fps=67.0 jank=79 p99=58.3ms heap=23MB periodic corr=frames-73d6 | thread=main
04-17 08:23:58.048 D/LorieNative( 1866): xcallback: EVENT_WINDOW_FOCUS_CHANGED
04-17 08:23:58.052 D/LorieNative( 1866): xcallback: EVENT_WINDOW_FOCUS_CHANGED
04-17 08:23:58.360 W/RLT     ( 1866): +551252ms [JANK] frame=2198 actual=25.0ms expected=12.0ms exceeded threshold corr=frames-73d6 | thread=main
04-17 08:23:58.411 W/RLT     ( 1866): +551303ms [JANK] frame=2199 actual=50.0ms expected=12.0ms exceeded threshold corr=frames-73d6 | thread=main
04-17 08:23:58.443 W/RLT     ( 1866): +551336ms [JANK] frame=2200 actual=33.3ms expected=12.0ms exceeded threshold corr=frames-73d6 | thread=main
04-17 08:23:58.477 W/RLT     ( 1866): +551369ms [JANK] frame=2201 actual=33.3ms expected=12.0ms exceeded threshold corr=frames-73d6 | thread=main
04-17 08:23:58.511 W/RLT     ( 1866): +551403ms [JANK] frame=2202 actual=33.3ms expected=12.0ms exceeded threshold corr=frames-73d6 | thread=main
04-17 08:23:58.520 I/RLClient(11565): 2026-04-17 12:23:58 UTC [main] INFO  net.runelite.client.RuneLite - Client initialization took 13281ms. Uptime: 16115ms
04-17 08:23:58.543 W/RLT     ( 1866): +551435ms [JANK] frame=2203 actual=33.3ms expected=12.0ms exceeded threshold corr=frames-73d6 | thread=main
04-17 08:23:58.577 W/RLT     ( 1866): +551470ms [JANK] frame=2204 actual=33.3ms expected=12.0ms exceeded threshold corr=frames-73d6 | thread=main
04-17 08:23:58.610 W/RLT     ( 1866): +551503ms [JANK] frame=2205 actual=33.3ms expected=12.0ms exceeded threshold corr=frames-73d6 | thread=main
04-17 08:23:58.643 W/RLT     ( 1866): +551536ms [JANK] frame=2206 actual=33.3ms expected=12.0ms exceeded threshold corr=frames-73d6 | thread=main
04-17 08:23:58.677 W/RLT     ( 1866): +551569ms [JANK] frame=2207 actual=33.3ms expected=12.0ms exceeded threshold corr=frames-73d6 | thread=main
04-17 08:23:58.710 W/RLT     ( 1866): +551602ms [JANK] frame=2208 actual=33.3ms expected=12.0ms exceeded threshold corr=frames-73d6 | thread=main
04-17 08:23:58.744 W/RLT     ( 1866): +551637ms [JANK] frame=2209 actual=33.3ms expected=12.0ms exceeded threshold corr=frames-73d6 | thread=main
04-17 08:23:58.776 W/RLT     ( 1866): +551669ms [JANK] frame=2210 actual=33.3ms expected=12.0ms exceeded threshold corr=frames-73d6 | thread=main
04-17 08:23:58.810 W/RLT     ( 1866): +551702ms [JANK] frame=2211 actual=33.3ms expected=12.0ms exceeded threshold corr=frames-73d6 | thread=main
04-17 08:23:58.843 W/RLT     ( 1866): +551736ms [JANK] frame=2212 actual=33.3ms expected=12.0ms exceeded threshold corr=frames-73d6 | thread=main
04-17 08:23:58.877 W/RLT     ( 1866): +551769ms [JANK] frame=2213 actual=33.3ms expected=12.0ms exceeded threshold corr=frames-73d6 | thread=main
04-17 08:23:58.910 W/RLT     ( 1866): +551802ms [JANK] frame=2214 actual=33.3ms expected=12.0ms exceeded threshold corr=frames-73d6 | thread=main
04-17 08:23:58.943 W/RLT     ( 1866): +551836ms [JANK] frame=2215 actual=33.3ms expected=12.0ms exceeded threshold corr=frames-73d6 | thread=main
04-17 08:23:58.976 W/RLT     ( 1866): +551869ms [JANK] frame=2216 actual=33.3ms expected=12.0ms exceeded threshold corr=frames-73d6 | thread=main
04-17 08:23:59.010 W/RLT     ( 1866): +551902ms [JANK] frame=2217 actual=33.3ms expected=12.0ms exceeded threshold corr=frames-73d6 | thread=main
04-17 08:23:59.043 W/RLT     ( 1866): +551936ms [JANK] frame=2218 actual=33.3ms expected=12.0ms exceeded threshold corr=frames-73d6 | thread=main
04-17 08:23:59.077 W/RLT     ( 1866): +551969ms [JANK] frame=2219 actual=33.3ms expected=12.0ms exceeded threshold corr=frames-73d6 | thread=main
04-17 08:23:59.110 W/RLT     ( 1866): +552003ms [JANK] frame=2220 actual=33.3ms expected=12.0ms exceeded threshold corr=frames-73d6 | thread=main
04-17 08:23:59.143 W/RLT     ( 1866): +552035ms [JANK] frame=2221 actual=33.3ms expected=12.0ms exceeded threshold corr=frames-73d6 | thread=main
04-17 08:23:59.177 W/RLT     ( 1866): +552069ms [JANK] frame=2222 actual=33.3ms expected=12.0ms exceeded threshold corr=frames-73d6 | thread=main
04-17 08:23:59.210 W/RLT     ( 1866): +552103ms [JANK] frame=2223 actual=33.3ms expected=12.0ms exceeded threshold corr=frames-73d6 | thread=main
04-17 08:23:59.243 W/RLT     ( 1866): +552135ms [JANK] frame=2224 actual=33.3ms expected=12.0ms exceeded threshold corr=frames-73d6 | thread=main
04-17 08:23:59.276 W/RLT     ( 1866): +552169ms [JANK] frame=2225 actual=33.3ms expected=12.0ms exceeded threshold corr=frames-73d6 | thread=main
04-17 08:23:59.310 W/RLT     ( 1866): +552202ms [JANK] frame=2226 actual=33.3ms expected=12.0ms exceeded threshold corr=frames-73d6 | thread=main
04-17 08:23:59.349 D/LorieNative( 1866): xcallback: EVENT_WINDOW_FOCUS_CHANGED
04-17 08:23:59.361 W/RLT     ( 1866): +552254ms [JANK] frame=2227 actual=51.8ms expected=12.0ms exceeded threshold corr=frames-73d6 | thread=main
04-17 08:23:59.378 W/RLT     ( 1866): +552270ms [JANK] frame=2228 actual=16.7ms expected=12.0ms exceeded threshold corr=frames-73d6 | thread=main
04-17 08:23:59.388 I/LorieNative( 8207): PixmapTrace: CreatePixmap pixmap=0x0 drawable=0x0 hasPriv=1 hasBuffer=1 type=REGULAR format=5 imported=0 flipped=0 mem=0 id=210
04-17 08:23:59.434 I/LorieNative( 8207): PixmapTrace: CreatePixmap pixmap=0x0 drawable=0x0 hasPriv=1 hasBuffer=1 type=REGULAR format=5 imported=0 flipped=0 mem=0 id=211
04-17 08:23:59.444 I/LorieNative( 8207): ExaTrace: putImage accel count=896 drawableType=1 drawableId=0x600010 geom=256x256 size=28x32 format=2 depth=8
04-17 08:23:59.476 I/LorieNative( 8207): PixmapTrace: CreatePixmap pixmap=0x0 drawable=0x0 hasPriv=1 hasBuffer=1 type=REGULAR format=5 imported=0 flipped=0 mem=0 id=212
04-17 08:23:59.476 I/LorieNative( 8207): ExaTrace: putImage accel count=1024 drawableType=1 drawableId=0x600053 geom=32x32 size=16x16 format=2 depth=32
04-17 08:23:59.476 I/LorieNative( 8207): PixmapTrace: CreatePixmap pixmap=0x0 drawable=0x0 hasPriv=1 hasBuffer=1 type=REGULAR format=5 imported=0 flipped=0 mem=0 id=213
04-17 08:23:59.476 I/LorieNative( 8207): PixmapTrace: CreatePixmap pixmap=0x0 drawable=0x0 hasPriv=1 hasBuffer=1 type=REGULAR format=5 imported=0 flipped=0 mem=0 id=214
04-17 08:23:59.476 I/LorieNative( 8207): PixmapTrace: CreatePixmap pixmap=0x0 drawable=0x0 hasPriv=1 hasBuffer=1 type=REGULAR format=5 imported=0 flipped=0 mem=0 id=215
04-17 08:23:59.477 I/LorieNative( 8207): PixmapTrace: CreatePixmap pixmap=0x0 drawable=0x0 hasPriv=1 hasBuffer=1 type=REGULAR format=5 imported=0 flipped=0 mem=0 id=216
04-17 08:23:59.478 I/LorieNative( 8207): PixmapTrace: CreatePixmap pixmap=0x0 drawable=0x0 hasPriv=1 hasBuffer=1 type=REGULAR format=5 imported=0 flipped=0 mem=0 id=217
04-17 08:23:59.478 I/LorieNative( 8207): PixmapTrace: CreatePixmap pixmap=0x0 drawable=0x0 hasPriv=1 hasBuffer=1 type=REGULAR format=5 imported=0 flipped=0 mem=0 id=218
04-17 08:23:59.478 I/LorieNative( 8207): PixmapTrace: CreatePixmap pixmap=0x0 drawable=0x0 hasPriv=1 hasBuffer=1 type=REGULAR format=5 imported=0 flipped=0 mem=0 id=219
04-17 08:23:59.478 I/LorieNative( 8207): PixmapTrace: CreatePixmap pixmap=0x0 drawable=0x0 hasPriv=1 hasBuffer=1 type=REGULAR format=5 imported=0 flipped=0 mem=0 id=220
04-17 08:23:59.478 I/LorieNative( 8207): PixmapTrace: CreatePixmap pixmap=0x0 drawable=0x0 hasPriv=1 hasBuffer=1 type=REGULAR format=5 imported=0 flipped=0 mem=0 id=221
04-17 08:23:59.479 I/LorieNative( 8207): PixmapTrace: CreatePixmap pixmap=0x0 drawable=0x0 hasPriv=1 hasBuffer=1 type=REGULAR format=5 imported=0 flipped=0 mem=0 id=222
04-17 08:23:59.479 I/LorieNative( 8207): PixmapTrace: CreatePixmap pixmap=0x0 drawable=0x0 hasPriv=1 hasBuffer=1 type=REGULAR format=5 imported=0 flipped=0 mem=0 id=223
04-17 08:23:59.480 I/LorieNative( 8207): PixmapTrace: CreatePixmap pixmap=0x0 drawable=0x0 hasPriv=1 hasBuffer=1 type=REGULAR format=5 imported=0 flipped=0 mem=0 id=224
04-17 08:23:59.481 I/LorieNative( 8207): PixmapTrace: CreatePixmap pixmap=0x0 drawable=0x0 hasPriv=1 hasBuffer=1 type=REGULAR format=5 imported=0 flipped=0 mem=0 id=225
04-17 08:23:59.566 I/RLClient(11610): 2026-04-17 12:23:59 UTC [Client] INFO  n.r.client.plugins.gpu.GpuPlugin - Using device: virgl (Mali-G720-Immortalis MC12)
04-17 08:23:59.577 I/RLClient(11611): 2026-04-17 12:23:59 UTC [Client] INFO  n.r.client.plugins.gpu.GpuPlugin - Using driver: 4.3 (Compatibility Profile) Mesa 25.2.8-0ubuntu0.25.10.1
04-17 08:23:59.801 W/RLT     ( 1866): +552694ms [JANK] frame=2277 actual=33.3ms expected=12.0ms exceeded threshold corr=frames-73d6 | thread=main
04-17 08:23:59.843 W/RLT     ( 1866): +552736ms [JANK] frame=2278 actual=41.7ms expected=12.0ms exceeded threshold corr=frames-73d6 | thread=main
04-17 08:23:59.876 W/RLT     ( 1866): +552769ms [JANK] frame=2279 actual=33.3ms expected=12.0ms exceeded threshold corr=frames-73d6 | thread=main
04-17 08:23:59.909 I/RLT     ( 1866): +552802ms [THREAD] Choreographer->main op=doFrame frame=2280 | thread=main
04-17 08:23:59.910 I/RLT     ( 1866): +552803ms [FRAME] fps=63.5 jank=66 p99=51.9ms heap=23MB periodic corr=frames-73d6 | thread=main
04-17 08:23:59.910 W/RLT     ( 1866): +552803ms [JANK] frame=2280 actual=33.3ms expected=12.0ms exceeded threshold corr=frames-73d6 | thread=main
04-17 08:23:59.944 W/RLT     ( 1866): +552837ms [JANK] frame=2281 actual=33.3ms expected=12.0ms exceeded threshold corr=frames-73d6 | thread=main
04-17 08:23:59.977 W/RLT     ( 1866): +552869ms [JANK] frame=2282 actual=33.3ms expected=12.0ms exceeded threshold corr=frames-73d6 | thread=main
04-17 08:24:00.010 W/RLT     ( 1866): +552902ms [JANK] frame=2283 actual=33.3ms expected=12.0ms exceeded threshold corr=frames-73d6 | thread=main
04-17 08:24:00.061 W/RLT     ( 1866): +552954ms [JANK] frame=2284 actual=51.7ms expected=12.0ms exceeded threshold corr=frames-73d6 | thread=main
04-17 08:24:00.078 W/RLT     ( 1866): +552970ms [JANK] frame=2285 actual=16.7ms expected=12.0ms exceeded threshold corr=frames-73d6 | thread=main
04-17 08:24:00.172 I/LorieNative( 8207): DamageTraceV2: PutImage count=704 drawableType=WINDOW screenPixmap=0 drawable=0xb4000070a0f49030 geom=2898x1848 box=0,126-1536,168 backend=other fn=0x6d7991fe24 fn_offset=0x30de24 fbase=0x6d79612000 sym=unknown so=/data/app/~~iNwcSjv3C2CZCLwcLxpEtA==/com.termux.x11-1tus8NhfW98goVF914TrYw==/base.apk!/lib/arm64-v8a/libXlorie.so
04-17 08:24:00.273 I/LorieNative( 8207): choreographer callbacks in 5.0 seconds = 63.0 FPS
04-17 08:24:00.273 I/LorieNative( 8207): redraw wakeups in 5.0 seconds = 63.0 FPS
04-17 08:24:00.273 I/LorieNative( 8207): damage-triggered redraws in 5.0 seconds = 3.0 FPS
04-17 08:24:00.273 I/LorieNative( 8207): AhbLockTrace: sticky=0 lock_calls=15 unlock_calls=15 sticky_hits=3662 flush_skipped=0 in 5.0s
04-17 08:24:00.273 I/LorieNative( 8207): present flip attempts in 5.0 seconds = 0.0 FPS (accepted 0.0, rejected 0.0)
04-17 08:24:00.273 I/LorieNative( 8207): present after-flips in 5.0 seconds = 0.0 FPS
04-17 08:24:00.273 I/LorieNative( 8207): 16 frames in 5.0 seconds = 3.2 FPS
04-17 08:24:00.291 I/LorieNative( 8207): ExaTrace: putImage accel count=1152 drawableType=0 drawableId=0x600037 geom=2898x1848 size=2912x22 format=2 depth=24
04-17 08:24:00.294 I/LorieNative( 8207): DamageTraceV2: PutImage count=768 drawableType=WINDOW screenPixmap=0 drawable=0xb4000070a0f49030 geom=2898x1848 box=0,946-2898,968 backend=other fn=0x6d7991fe24 fn_offset=0x30de24 fbase=0x6d79612000 sym=unknown so=/data/app/~~iNwcSjv3C2CZCLwcLxpEtA==/com.termux.x11-1tus8NhfW98goVF914TrYw==/base.apk!/lib/arm64-v8a/libXlorie.so
04-17 08:24:00.315 I/RLT     ( 1866): +553207ms [PERF] PERF_SUMMARY:   renderer_fps=2.1 wait_choreo_pct=0 wait_content_pct=0 wait_state_pct=0 | thread=perf-dashboard
04-17 08:24:00.351 I/LorieNative( 8207): DamageTraceV2: PutImage count=832 drawableType=WINDOW screenPixmap=0 drawable=0xb4000070a0f49030 geom=2898x1848 box=0,506-2898,528 backend=other fn=0x6d7991fe24 fn_offset=0x30de24 fbase=0x6d79612000 sym=unknown so=/data/app/~~iNwcSjv3C2CZCLwcLxpEtA==/com.termux.x11-1tus8NhfW98goVF914TrYw==/base.apk!/lib/arm64-v8a/libXlorie.so
04-17 08:24:00.366 I/LorieNative( 8207): ExaTrace: putImage accel count=1280 drawableType=0 drawableId=0x600037 geom=2898x1848 size=2912x22 format=2 depth=24
04-17 08:24:00.399 I/LorieNative( 8207): DamageTraceV2: PutImage count=896 drawableType=WINDOW screenPixmap=0 drawable=0xb4000070a0f49030 geom=2898x1848 box=0,66-2898,88 backend=other fn=0x6d7991fe24 fn_offset=0x30de24 fbase=0x6d79612000 sym=unknown so=/data/app/~~iNwcSjv3C2CZCLwcLxpEtA==/com.termux.x11-1tus8NhfW98goVF914TrYw==/base.apk!/lib/arm64-v8a/libXlorie.so
04-17 08:24:00.418 I/LorieNative( 8207): DamageTraceV2: PutImage count=960 drawableType=WINDOW screenPixmap=0 drawable=0xb4000070a0f49030 geom=2898x1848 box=0,1474-2898,1496 backend=other fn=0x6d7991fe24 fn_offset=0x30de24 fbase=0x6d79612000 sym=unknown so=/data/app/~~iNwcSjv3C2CZCLwcLxpEtA==/com.termux.x11-1tus8NhfW98goVF914TrYw==/base.apk!/lib/arm64-v8a/libXlorie.so
04-17 08:24:00.459 I/LorieNative( 8207): ExaTrace: putImage accel count=1408 drawableType=0 drawableId=0x600037 geom=2898x1848 size=2912x22 format=2 depth=24
04-17 08:24:00.461 I/LorieNative( 8207): DamageTraceV2: PutImage count=1024 drawableType=WINDOW screenPixmap=0 drawable=0xb4000070a0f49030 geom=2898x1848 box=0,1034-2898,1056 backend=other fn=0x6d7991fe24 fn_offset=0x30de24 fbase=0x6d79612000 sym=unknown so=/data/app/~~iNwcSjv3C2CZCLwcLxpEtA==/com.termux.x11-1tus8NhfW98goVF914TrYw==/base.apk!/lib/arm64-v8a/libXlorie.so
04-17 08:24:00.505 I/LorieNative( 8207): DamageTraceV2: PutImage count=1088 drawableType=WINDOW screenPixmap=0 drawable=0xb4000070a0f49030 geom=2898x1848 box=0,594-2898,616 backend=other fn=0x6d7991fe24 fn_offset=0x30de24 fbase=0x6d79612000 sym=unknown so=/data/app/~~iNwcSjv3C2CZCLwcLxpEtA==/com.termux.x11-1tus8NhfW98goVF914TrYw==/base.apk!/lib/arm64-v8a/libXlorie.so
04-17 08:24:00.547 I/LorieNative( 8207): ExaTrace: putImage accel count=1536 drawableType=0 drawableId=0x600037 geom=2898x1848 size=2912x22 format=2 depth=24
04-17 08:24:00.548 I/LorieNative( 8207): DamageTraceV2: PutImage count=1152 drawableType=WINDOW screenPixmap=0 drawable=0xb4000070a0f49030 geom=2898x1848 box=0,154-2898,176 backend=other fn=0x6d7991fe24 fn_offset=0x30de24 fbase=0x6d79612000 sym=unknown so=/data/app/~~iNwcSjv3C2CZCLwcLxpEtA==/com.termux.x11-1tus8NhfW98goVF914TrYw==/base.apk!/lib/arm64-v8a/libXlorie.so
04-17 08:24:00.569 I/LorieNative( 8207): DamageTraceV2: PutImage count=1216 drawableType=WINDOW screenPixmap=0 drawable=0xb4000070a0f49030 geom=2898x1848 box=0,1562-2898,1584 backend=other fn=0x6d7991fe24 fn_offset=0x30de24 fbase=0x6d79612000 sym=unknown so=/data/app/~~iNwcSjv3C2CZCLwcLxpEtA==/com.termux.x11-1tus8NhfW98goVF914TrYw==/base.apk!/lib/arm64-v8a/libXlorie.so
04-17 08:24:00.616 I/LorieNative( 8207): ExaTrace: putImage accel count=1664 drawableType=0 drawableId=0x600037 geom=2898x1848 size=2912x22 format=2 depth=24
04-17 08:24:00.618 I/LorieNative( 8207): DamageTraceV2: PutImage count=1280 drawableType=WINDOW screenPixmap=0 drawable=0xb4000070a0f49030 geom=2898x1848 box=0,1122-2898,1144 backend=other fn=0x6d7991fe24 fn_offset=0x30de24 fbase=0x6d79612000 sym=unknown so=/data/app/~~iNwcSjv3C2CZCLwcLxpEtA==/com.termux.x11-1tus8NhfW98goVF914TrYw==/base.apk!/lib/arm64-v8a/libXlorie.so
04-17 08:24:00.667 I/LorieNative( 8207): DamageTraceV2: PutImage count=1344 drawableType=WINDOW screenPixmap=0 drawable=0xb4000070a0f49030 geom=2898x1848 box=0,682-2898,704 backend=other fn=0x6d7991fe24 fn_offset=0x30de24 fbase=0x6d79612000 sym=unknown so=/data/app/~~iNwcSjv3C2CZCLwcLxpEtA==/com.termux.x11-1tus8NhfW98goVF914TrYw==/base.apk!/lib/arm64-v8a/libXlorie.so
04-17 08:24:00.729 I/LorieNative( 8207): ExaTrace: putImage accel count=1792 drawableType=0 drawableId=0x600037 geom=2898x1848 size=2912x22 format=2 depth=24
04-17 08:24:00.731 I/LorieNative( 8207): DamageTraceV2: PutImage count=1408 drawableType=WINDOW screenPixmap=0 drawable=0xb4000070a0f49030 geom=2898x1848 box=0,242-2898,264 backend=other fn=0x6d7991fe24 fn_offset=0x30de24 fbase=0x6d79612000 sym=unknown so=/data/app/~~iNwcSjv3C2CZCLwcLxpEtA==/com.termux.x11-1tus8NhfW98goVF914TrYw==/base.apk!/lib/arm64-v8a/libXlorie.so
04-17 08:24:00.747 I/LorieNative( 8207): DamageTraceV2: PutImage count=1472 drawableType=WINDOW screenPixmap=0 drawable=0xb4000070a0f49030 geom=2898x1848 box=0,1650-2898,1672 backend=other fn=0x6d7991fe24 fn_offset=0x30de24 fbase=0x6d79612000 sym=unknown so=/data/app/~~iNwcSjv3C2CZCLwcLxpEtA==/com.termux.x11-1tus8NhfW98goVF914TrYw==/base.apk!/lib/arm64-v8a/libXlorie.so
04-17 08:24:00.790 I/LorieNative( 8207): ExaTrace: putImage accel count=1920 drawableType=0 drawableId=0x600037 geom=2898x1848 size=2912x22 format=2 depth=24
04-17 08:24:00.792 I/LorieNative( 8207): DamageTraceV2: PutImage count=1536 drawableType=WINDOW screenPixmap=0 drawable=0xb4000070a0f49030 geom=2898x1848 box=0,1210-2898,1232 backend=other fn=0x6d7991fe24 fn_offset=0x30de24 fbase=0x6d79612000 sym=unknown so=/data/app/~~iNwcSjv3C2CZCLwcLxpEtA==/com.termux.x11-1tus8NhfW98goVF914TrYw==/base.apk!/lib/arm64-v8a/libXlorie.so
04-17 08:24:00.835 I/LorieNative( 8207): DamageTraceV2: PutImage count=1600 drawableType=WINDOW screenPixmap=0 drawable=0xb4000070a0f49030 geom=2898x1848 box=0,770-2898,792 backend=other fn=0x6d7991fe24 fn_offset=0x30de24 fbase=0x6d79612000 sym=unknown so=/data/app/~~iNwcSjv3C2CZCLwcLxpEtA==/com.termux.x11-1tus8NhfW98goVF914TrYw==/base.apk!/lib/arm64-v8a/libXlorie.so
04-17 08:24:00.878 I/LorieNative( 8207): ExaTrace: putImage accel count=2048 drawableType=0 drawableId=0x600037 geom=2898x1848 size=2912x22 format=2 depth=24
04-17 08:24:00.880 I/LorieNative( 8207): DamageTraceV2: PutImage count=1664 drawableType=WINDOW screenPixmap=0 drawable=0xb4000070a0f49030 geom=2898x1848 box=0,330-2898,352 backend=other fn=0x6d7991fe24 fn_offset=0x30de24 fbase=0x6d79612000 sym=unknown so=/data/app/~~iNwcSjv3C2CZCLwcLxpEtA==/com.termux.x11-1tus8NhfW98goVF914TrYw==/base.apk!/lib/arm64-v8a/libXlorie.so
04-17 08:24:00.900 I/LorieNative( 8207): DamageTraceV2: PutImage count=1728 drawableType=WINDOW screenPixmap=0 drawable=0xb4000070a0f49030 geom=2898x1848 box=0,1738-2898,1760 backend=other fn=0x6d7991fe24 fn_offset=0x30de24 fbase=0x6d79612000 sym=unknown so=/data/app/~~iNwcSjv3C2CZCLwcLxpEtA==/com.termux.x11-1tus8NhfW98goVF914TrYw==/base.apk!/lib/arm64-v8a/libXlorie.so
04-17 08:24:00.948 I/LorieNative( 8207): ExaTrace: putImage accel count=2176 drawableType=0 drawableId=0x600037 geom=2898x1848 size=2912x22 format=2 depth=24
04-17 08:24:00.949 I/LorieNative( 8207): DamageTraceV2: PutImage count=1792 drawableType=WINDOW screenPixmap=0 drawable=0xb4000070a0f49030 geom=2898x1848 box=0,1298-2898,1320 backend=other fn=0x6d7991fe24 fn_offset=0x30de24 fbase=0x6d79612000 sym=unknown so=/data/app/~~iNwcSjv3C2CZCLwcLxpEtA==/com.termux.x11-1tus8NhfW98goVF914TrYw==/base.apk!/lib/arm64-v8a/libXlorie.so
04-17 08:24:00.998 I/LorieNative( 8207): DamageTraceV2: PutImage count=1856 drawableType=WINDOW screenPixmap=0 drawable=0xb4000070a0f49030 geom=2898x1848 box=0,858-2898,880 backend=other fn=0x6d7991fe24 fn_offset=0x30de24 fbase=0x6d79612000 sym=unknown so=/data/app/~~iNwcSjv3C2CZCLwcLxpEtA==/com.termux.x11-1tus8NhfW98goVF914TrYw==/base.apk!/lib/arm64-v8a/libXlorie.so
04-17 08:24:01.036 I/RLT     ( 1866): +553929ms [THREAD] Choreographer->main op=doFrame frame=2400 | thread=main
04-17 08:24:01.038 I/RLT     ( 1866): +553931ms [FRAME] fps=108.8 jank=40 p99=41.7ms heap=23MB periodic corr=frames-73d6 | thread=main
04-17 08:24:01.046 I/LorieNative( 8207): ExaTrace: putImage accel count=2304 drawableType=0 drawableId=0x600037 geom=2898x1848 size=2912x22 format=2 depth=24
04-17 08:24:01.048 I/LorieNative( 8207): DamageTraceV2: PutImage count=1920 drawableType=WINDOW screenPixmap=0 drawable=0xb4000070a0f49030 geom=2898x1848 box=0,418-2898,440 backend=other fn=0x6d7991fe24 fn_offset=0x30de24 fbase=0x6d79612000 sym=unknown so=/data/app/~~iNwcSjv3C2CZCLwcLxpEtA==/com.termux.x11-1tus8NhfW98goVF914TrYw==/base.apk!/lib/arm64-v8a/libXlorie.so
04-17 08:24:01.065 I/LorieNative( 8207): DamageTraceV2: PutImage count=1984 drawableType=WINDOW screenPixmap=0 drawable=0xb4000070a0f49030 geom=2898x1848 box=0,1826-2898,1848 backend=other fn=0x6d7991fe24 fn_offset=0x30de24 fbase=0x6d79612000 sym=unknown so=/data/app/~~iNwcSjv3C2CZCLwcLxpEtA==/com.termux.x11-1tus8NhfW98goVF914TrYw==/base.apk!/lib/arm64-v8a/libXlorie.so
04-17 08:24:01.121 I/LorieNative( 8207): ExaTrace: putImage accel count=2432 drawableType=0 drawableId=0x600037 geom=2898x1848 size=2912x22 format=2 depth=24
04-17 08:24:01.124 I/LorieNative( 8207): DamageTraceV2: PutImage count=2048 drawableType=WINDOW screenPixmap=0 drawable=0xb4000070a0f49030 geom=2898x1848 box=0,1386-2898,1408 backend=other fn=0x6d7991fe24 fn_offset=0x30de24 fbase=0x6d79612000 sym=unknown so=/data/app/~~iNwcSjv3C2CZCLwcLxpEtA==/com.termux.x11-1tus8NhfW98goVF914TrYw==/base.apk!/lib/arm64-v8a/libXlorie.so
04-17 08:24:01.200 I/LorieNative( 8207): DamageTraceV2: PutImage count=2112 drawableType=WINDOW screenPixmap=0 drawable=0xb4000070a0f49030 geom=2898x1848 box=0,946-2898,968 backend=other fn=0x6d7991fe24 fn_offset=0x30de24 fbase=0x6d79612000 sym=unknown so=/data/app/~~iNwcSjv3C2CZCLwcLxpEtA==/com.termux.x11-1tus8NhfW98goVF914TrYw==/base.apk!/lib/arm64-v8a/libXlorie.so
04-17 08:24:01.255 I/LorieNative( 8207): ExaTrace: putImage accel count=2560 drawableType=0 drawableId=0x600037 geom=2898x1848 size=2912x22 format=2 depth=24
04-17 08:24:01.256 I/LorieNative( 8207): DamageTraceV2: PutImage count=2176 drawableType=WINDOW screenPixmap=0 drawable=0xb4000070a0f49030 geom=2898x1848 box=0,506-2898,528 backend=other fn=0x6d7991fe24 fn_offset=0x30de24 fbase=0x6d79612000 sym=unknown so=/data/app/~~iNwcSjv3C2CZCLwcLxpEtA==/com.termux.x11-1tus8NhfW98goVF914TrYw==/base.apk!/lib/arm64-v8a/libXlorie.so
04-17 08:24:01.298 I/LorieNative( 8207): DamageTraceV2: PutImage count=2240 drawableType=WINDOW screenPixmap=0 drawable=0xb4000070a0f49030 geom=2898x1848 box=0,66-2898,88 backend=other fn=0x6d7991fe24 fn_offset=0x30de24 fbase=0x6d79612000 sym=unknown so=/data/app/~~iNwcSjv3C2CZCLwcLxpEtA==/com.termux.x11-1tus8NhfW98goVF914TrYw==/base.apk!/lib/arm64-v8a/libXlorie.so
04-17 08:24:01.313 I/LorieNative( 8207): ExaTrace: putImage accel count=2688 drawableType=0 drawableId=0x600037 geom=2898x1848 size=2912x22 format=2 depth=24
04-17 08:24:01.314 I/LorieNative( 8207): DamageTraceV2: PutImage count=2304 drawableType=WINDOW screenPixmap=0 drawable=0xb4000070a0f49030 geom=2898x1848 box=0,1474-2898,1496 backend=other fn=0x6d7991fe24 fn_offset=0x30de24 fbase=0x6d79612000 sym=unknown so=/data/app/~~iNwcSjv3C2CZCLwcLxpEtA==/com.termux.x11-1tus8NhfW98goVF914TrYw==/base.apk!/lib/arm64-v8a/libXlorie.so
04-17 08:24:01.357 I/LorieNative( 8207): DamageTraceV2: PutImage count=2368 drawableType=WINDOW screenPixmap=0 drawable=0xb4000070a0f49030 geom=2898x1848 box=0,1034-2898,1056 backend=other fn=0x6d7991fe24 fn_offset=0x30de24 fbase=0x6d79612000 sym=unknown so=/data/app/~~iNwcSjv3C2CZCLwcLxpEtA==/com.termux.x11-1tus8NhfW98goVF914TrYw==/base.apk!/lib/arm64-v8a/libXlorie.so
04-17 08:24:01.397 I/LorieNative( 8207): ExaTrace: putImage accel count=2816 drawableType=0 drawableId=0x600037 geom=2898x1848 size=2912x22 format=2 depth=24
04-17 08:24:01.398 I/LorieNative( 8207): DamageTraceV2: PutImage count=2432 drawableType=WINDOW screenPixmap=0 drawable=0xb4000070a0f49030 geom=2898x1848 box=0,594-2898,616 backend=other fn=0x6d7991fe24 fn_offset=0x30de24 fbase=0x6d79612000 sym=unknown so=/data/app/~~iNwcSjv3C2CZCLwcLxpEtA==/com.termux.x11-1tus8NhfW98goVF914TrYw==/base.apk!/lib/arm64-v8a/libXlorie.so
04-17 08:24:01.440 I/LorieNative( 8207): DamageTraceV2: PutImage count=2496 drawableType=WINDOW screenPixmap=0 drawable=0xb4000070a0f49030 geom=2898x1848 box=0,154-2898,176 backend=other fn=0x6d7991fe24 fn_offset=0x30de24 fbase=0x6d79612000 sym=unknown so=/data/app/~~iNwcSjv3C2CZCLwcLxpEtA==/com.termux.x11-1tus8NhfW98goVF914TrYw==/base.apk!/lib/arm64-v8a/libXlorie.so
04-17 08:24:01.457 I/LorieNative( 8207): ExaTrace: putImage accel count=2944 drawableType=0 drawableId=0x600037 geom=2898x1848 size=2912x22 format=2 depth=24
04-17 08:24:01.458 I/LorieNative( 8207): DamageTraceV2: PutImage count=2560 drawableType=WINDOW screenPixmap=0 drawable=0xb4000070a0f49030 geom=2898x1848 box=0,1562-2898,1584 backend=other fn=0x6d7991fe24 fn_offset=0x30de24 fbase=0x6d79612000 sym=unknown so=/data/app/~~iNwcSjv3C2CZCLwcLxpEtA==/com.termux.x11-1tus8NhfW98goVF914TrYw==/base.apk!/lib/arm64-v8a/libXlorie.so
04-17 08:24:01.507 I/LorieNative( 8207): DamageTraceV2: PutImage count=2624 drawableType=WINDOW screenPixmap=0 drawable=0xb4000070a0f49030 geom=2898x1848 box=0,1122-2898,1144 backend=other fn=0x6d7991fe24 fn_offset=0x30de24 fbase=0x6d79612000 sym=unknown so=/data/app/~~iNwcSjv3C2CZCLwcLxpEtA==/com.termux.x11-1tus8NhfW98goVF914TrYw==/base.apk!/lib/arm64-v8a/libXlorie.so
04-17 08:24:01.551 I/LorieNative( 8207): ExaTrace: putImage accel count=3072 drawableType=0 drawableId=0x600037 geom=2898x1848 size=2912x22 format=2 depth=24
04-17 08:24:01.554 I/LorieNative( 8207): DamageTraceV2: PutImage count=2688 drawableType=WINDOW screenPixmap=0 drawable=0xb4000070a0f49030 geom=2898x1848 box=0,682-2898,704 backend=other fn=0x6d7991fe24 fn_offset=0x30de24 fbase=0x6d79612000 sym=unknown so=/data/app/~~iNwcSjv3C2CZCLwcLxpEtA==/com.termux.x11-1tus8NhfW98goVF914TrYw==/base.apk!/lib/arm64-v8a/libXlorie.so
04-17 08:24:01.594 I/LorieNative( 8207): DamageTraceV2: PutImage count=2752 drawableType=WINDOW screenPixmap=0 drawable=0xb4000070a0f49030 geom=2898x1848 box=0,242-2898,264 backend=other fn=0x6d7991fe24 fn_offset=0x30de24 fbase=0x6d79612000 sym=unknown so=/data/app/~~iNwcSjv3C2CZCLwcLxpEtA==/com.termux.x11-1tus8NhfW98goVF914TrYw==/base.apk!/lib/arm64-v8a/libXlorie.so
04-17 08:24:01.610 I/LorieNative( 8207): ExaTrace: putImage accel count=3200 drawableType=0 drawableId=0x600037 geom=2898x1848 size=2912x22 format=2 depth=24
04-17 08:24:01.611 I/LorieNative( 8207): DamageTraceV2: PutImage count=2816 drawableType=WINDOW screenPixmap=0 drawable=0xb4000070a0f49030 geom=2898x1848 box=0,1650-2898,1672 backend=other fn=0x6d7991fe24 fn_offset=0x30de24 fbase=0x6d79612000 sym=unknown so=/data/app/~~iNwcSjv3C2CZCLwcLxpEtA==/com.termux.x11-1tus8NhfW98goVF914TrYw==/base.apk!/lib/arm64-v8a/libXlorie.so
04-17 08:24:01.650 I/LorieNative( 8207): DamageTraceV2: PutImage count=2880 drawableType=WINDOW screenPixmap=0 drawable=0xb4000070a0f49030 geom=2898x1848 box=0,1210-2898,1232 backend=other fn=0x6d7991fe24 fn_offset=0x30de24 fbase=0x6d79612000 sym=unknown so=/data/app/~~iNwcSjv3C2CZCLwcLxpEtA==/com.termux.x11-1tus8NhfW98goVF914TrYw==/base.apk!/lib/arm64-v8a/libXlorie.so
04-17 08:24:01.690 I/LorieNative( 8207): ExaTrace: putImage accel count=3328 drawableType=0 drawableId=0x600037 geom=2898x1848 size=2912x22 format=2 depth=24
04-17 08:24:01.692 I/LorieNative( 8207): DamageTraceV2: PutImage count=2944 drawableType=WINDOW screenPixmap=0 drawable=0xb4000070a0f49030 geom=2898x1848 box=0,770-2898,792 backend=other fn=0x6d7991fe24 fn_offset=0x30de24 fbase=0x6d79612000 sym=unknown so=/data/app/~~iNwcSjv3C2CZCLwcLxpEtA==/com.termux.x11-1tus8NhfW98goVF914TrYw==/base.apk!/lib/arm64-v8a/libXlorie.so
04-17 08:24:01.739 I/LorieNative( 8207): DamageTraceV2: PutImage count=3008 drawableType=WINDOW screenPixmap=0 drawable=0xb4000070a0f49030 geom=2898x1848 box=0,330-2898,352 backend=other fn=0x6d7991fe24 fn_offset=0x30de24 fbase=0x6d79612000 sym=unknown so=/data/app/~~iNwcSjv3C2CZCLwcLxpEtA==/com.termux.x11-1tus8NhfW98goVF914TrYw==/base.apk!/lib/arm64-v8a/libXlorie.so
04-17 08:24:01.752 I/LorieNative( 8207): ExaTrace: putImage accel count=3456 drawableType=0 drawableId=0x600037 geom=2898x1848 size=2912x22 format=2 depth=24
04-17 08:24:01.755 I/LorieNative( 8207): DamageTraceV2: PutImage count=3072 drawableType=WINDOW screenPixmap=0 drawable=0xb4000070a0f49030 geom=2898x1848 box=0,1738-2898,1760 backend=other fn=0x6d7991fe24 fn_offset=0x30de24 fbase=0x6d79612000 sym=unknown so=/data/app/~~iNwcSjv3C2CZCLwcLxpEtA==/com.termux.x11-1tus8NhfW98goVF914TrYw==/base.apk!/lib/arm64-v8a/libXlorie.so
04-17 08:24:01.800 I/LorieNative( 8207): DamageTraceV2: PutImage count=3136 drawableType=WINDOW screenPixmap=0 drawable=0xb4000070a0f49030 geom=2898x1848 box=0,1298-2898,1320 backend=other fn=0x6d7991fe24 fn_offset=0x30de24 fbase=0x6d79612000 sym=unknown so=/data/app/~~iNwcSjv3C2CZCLwcLxpEtA==/com.termux.x11-1tus8NhfW98goVF914TrYw==/base.apk!/lib/arm64-v8a/libXlorie.so
04-17 08:24:01.853 I/LorieNative( 8207): ExaTrace: putImage accel count=3584 drawableType=0 drawableId=0x600037 geom=2898x1848 size=2912x22 format=2 depth=24
04-17 08:24:01.856 I/LorieNative( 8207): DamageTraceV2: PutImage count=3200 drawableType=WINDOW screenPixmap=0 drawable=0xb4000070a0f49030 geom=2898x1848 box=0,858-2898,880 backend=other fn=0x6d7991fe24 fn_offset=0x30de24 fbase=0x6d79612000 sym=unknown so=/data/app/~~iNwcSjv3C2CZCLwcLxpEtA==/com.termux.x11-1tus8NhfW98goVF914TrYw==/base.apk!/lib/arm64-v8a/libXlorie.so
04-17 08:24:01.897 I/LorieNative( 8207): DamageTraceV2: PutImage count=3264 drawableType=WINDOW screenPixmap=0 drawable=0xb4000070a0f49030 geom=2898x1848 box=0,418-2898,440 backend=other fn=0x6d7991fe24 fn_offset=0x30de24 fbase=0x6d79612000 sym=unknown so=/data/app/~~iNwcSjv3C2CZCLwcLxpEtA==/com.termux.x11-1tus8NhfW98goVF914TrYw==/base.apk!/lib/arm64-v8a/libXlorie.so
04-17 08:24:01.911 I/LorieNative( 8207): ExaTrace: putImage accel count=3712 drawableType=0 drawableId=0x600037 geom=2898x1848 size=2912x22 format=2 depth=24
04-17 08:24:01.914 I/LorieNative( 8207): DamageTraceV2: PutImage count=3328 drawableType=WINDOW screenPixmap=0 drawable=0xb4000070a0f49030 geom=2898x1848 box=0,1826-2898,1848 backend=other fn=0x6d7991fe24 fn_offset=0x30de24 fbase=0x6d79612000 sym=unknown so=/data/app/~~iNwcSjv3C2CZCLwcLxpEtA==/com.termux.x11-1tus8NhfW98goVF914TrYw==/base.apk!/lib/arm64-v8a/libXlorie.so
04-17 08:24:01.959 I/LorieNative( 8207): DamageTraceV2: PutImage count=3392 drawableType=WINDOW screenPixmap=0 drawable=0xb4000070a0f49030 geom=2898x1848 box=0,1386-2898,1408 backend=other fn=0x6d7991fe24 fn_offset=0x30de24 fbase=0x6d79612000 sym=unknown so=/data/app/~~iNwcSjv3C2CZCLwcLxpEtA==/com.termux.x11-1tus8NhfW98goVF914TrYw==/base.apk!/lib/arm64-v8a/libXlorie.so
04-17 08:24:02.001 I/LorieNative( 8207): ExaTrace: putImage accel count=3840 drawableType=0 drawableId=0x600037 geom=2898x1848 size=2912x22 format=2 depth=24
04-17 08:24:02.006 I/LorieNative( 8207): DamageTraceV2: PutImage count=3456 drawableType=WINDOW screenPixmap=0 drawable=0xb4000070a0f49030 geom=2898x1848 box=0,946-2898,968 backend=other fn=0x6d7991fe24 fn_offset=0x30de24 fbase=0x6d79612000 sym=unknown so=/data/app/~~iNwcSjv3C2CZCLwcLxpEtA==/com.termux.x11-1tus8NhfW98goVF914TrYw==/base.apk!/lib/arm64-v8a/libXlorie.so
04-17 08:24:02.036 I/RLT     ( 1866): +554929ms [THREAD] Choreographer->main op=doFrame frame=2520 | thread=main
04-17 08:24:02.037 I/RLT     ( 1866): +554930ms [FRAME] fps=120.0 jank=4 p99=16.7ms heap=23MB periodic corr=frames-73d6 | thread=main
04-17 08:24:02.055 I/LorieNative( 8207): DamageTraceV2: PutImage count=3520 drawableType=WINDOW screenPixmap=0 drawable=0xb4000070a0f49030 geom=2898x1848 box=0,506-2898,528 backend=other fn=0x6d7991fe24 fn_offset=0x30de24 fbase=0x6d79612000 sym=unknown so=/data/app/~~iNwcSjv3C2CZCLwcLxpEtA==/com.termux.x11-1tus8NhfW98goVF914TrYw==/base.apk!/lib/arm64-v8a/libXlorie.so
04-17 08:24:02.079 I/LorieNative( 8207): ExaTrace: putImage accel count=3968 drawableType=0 drawableId=0x600037 geom=2898x1848 size=2912x22 format=2 depth=24
04-17 08:24:02.113 I/LorieNative( 8207): DamageTraceV2: PutImage count=3584 drawableType=WINDOW screenPixmap=0 drawable=0xb4000070a0f49030 geom=2898x1848 box=0,66-2898,88 backend=other fn=0x6d7991fe24 fn_offset=0x30de24 fbase=0x6d79612000 sym=unknown so=/data/app/~~iNwcSjv3C2CZCLwcLxpEtA==/com.termux.x11-1tus8NhfW98goVF914TrYw==/base.apk!/lib/arm64-v8a/libXlorie.so
04-17 08:24:02.127 I/LorieNative( 8207): DamageTraceV2: PutImage count=3648 drawableType=WINDOW screenPixmap=0 drawable=0xb4000070a0f49030 geom=2898x1848 box=0,1474-2898,1496 backend=other fn=0x6d7991fe24 fn_offset=0x30de24 fbase=0x6d79612000 sym=unknown so=/data/app/~~iNwcSjv3C2CZCLwcLxpEtA==/com.termux.x11-1tus8NhfW98goVF914TrYw==/base.apk!/lib/arm64-v8a/libXlorie.so
04-17 08:24:02.172 I/LorieNative( 8207): ExaTrace: putImage accel count=4096 drawableType=0 drawableId=0x600037 geom=2898x1848 size=2912x22 format=2 depth=24
04-17 08:24:02.174 I/LorieNative( 8207): DamageTraceV2: PutImage count=3712 drawableType=WINDOW screenPixmap=0 drawable=0xb4000070a0f49030 geom=2898x1848 box=0,1034-2898,1056 backend=other fn=0x6d7991fe24 fn_offset=0x30de24 fbase=0x6d79612000 sym=unknown so=/data/app/~~iNwcSjv3C2CZCLwcLxpEtA==/com.termux.x11-1tus8NhfW98goVF914TrYw==/base.apk!/lib/arm64-v8a/libXlorie.so
04-17 08:24:02.229 I/LorieNative( 8207): DamageTraceV2: PutImage count=3776 drawableType=WINDOW screenPixmap=0 drawable=0xb4000070a0f49030 geom=2898x1848 box=0,594-2898,616 backend=other fn=0x6d7991fe24 fn_offset=0x30de24 fbase=0x6d79612000 sym=unknown so=/data/app/~~iNwcSjv3C2CZCLwcLxpEtA==/com.termux.x11-1tus8NhfW98goVF914TrYw==/base.apk!/lib/arm64-v8a/libXlorie.so
04-17 08:24:02.280 I/LorieNative( 8207): ExaTrace: putImage accel count=4224 drawableType=0 drawableId=0x600037 geom=2898x1848 size=2912x22 format=2 depth=24
04-17 08:24:02.281 I/LorieNative( 8207): DamageTraceV2: PutImage count=3840 drawableType=WINDOW screenPixmap=0 drawable=0xb4000070a0f49030 geom=2898x1848 box=0,154-2898,176 backend=other fn=0x6d7991fe24 fn_offset=0x30de24 fbase=0x6d79612000 sym=unknown so=/data/app/~~iNwcSjv3C2CZCLwcLxpEtA==/com.termux.x11-1tus8NhfW98goVF914TrYw==/base.apk!/lib/arm64-v8a/libXlorie.so
04-17 08:24:02.297 I/LorieNative( 8207): DamageTraceV2: PutImage count=3904 drawableType=WINDOW screenPixmap=0 drawable=0xb4000070a0f49030 geom=2898x1848 box=0,1562-2898,1584 backend=other fn=0x6d7991fe24 fn_offset=0x30de24 fbase=0x6d79612000 sym=unknown so=/data/app/~~iNwcSjv3C2CZCLwcLxpEtA==/com.termux.x11-1tus8NhfW98goVF914TrYw==/base.apk!/lib/arm64-v8a/libXlorie.so
04-17 08:24:02.343 I/LorieNative( 8207): ExaTrace: putImage accel count=4352 drawableType=0 drawableId=0x600037 geom=2898x1848 size=2912x22 format=2 depth=24
04-17 08:24:02.350 I/LorieNative( 8207): DamageTraceV2: PutImage count=3968 drawableType=WINDOW screenPixmap=0 drawable=0xb4000070a0f49030 geom=2898x1848 box=0,1122-2898,1144 backend=other fn=0x6d7991fe24 fn_offset=0x30de24 fbase=0x6d79612000 sym=unknown so=/data/app/~~iNwcSjv3C2CZCLwcLxpEtA==/com.termux.x11-1tus8NhfW98goVF914TrYw==/base.apk!/lib/arm64-v8a/libXlorie.so
04-17 08:24:02.392 I/LorieNative( 8207): DamageTraceV2: PutImage count=4032 drawableType=WINDOW screenPixmap=0 drawable=0xb4000070a0f49030 geom=2898x1848 box=0,682-2898,704 backend=other fn=0x6d7991fe24 fn_offset=0x30de24 fbase=0x6d79612000 sym=unknown so=/data/app/~~iNwcSjv3C2CZCLwcLxpEtA==/com.termux.x11-1tus8NhfW98goVF914TrYw==/base.apk!/lib/arm64-v8a/libXlorie.so
04-17 08:24:02.435 I/LorieNative( 8207): ExaTrace: putImage accel count=4480 drawableType=0 drawableId=0x600037 geom=2898x1848 size=2912x22 format=2 depth=24
04-17 08:24:02.438 I/LorieNative( 8207): DamageTraceV2: PutImage count=4096 drawableType=WINDOW screenPixmap=0 drawable=0xb4000070a0f49030 geom=2898x1848 box=0,242-2898,264 backend=other fn=0x6d7991fe24 fn_offset=0x30de24 fbase=0x6d79612000 sym=unknown so=/data/app/~~iNwcSjv3C2CZCLwcLxpEtA==/com.termux.x11-1tus8NhfW98goVF914TrYw==/base.apk!/lib/arm64-v8a/libXlorie.so
04-17 08:24:02.454 I/LorieNative( 8207): DamageTraceV2: PutImage count=4160 drawableType=WINDOW screenPixmap=0 drawable=0xb4000070a0f49030 geom=2898x1848 box=0,1650-2898,1672 backend=other fn=0x6d7991fe24 fn_offset=0x30de24 fbase=0x6d79612000 sym=unknown so=/data/app/~~iNwcSjv3C2CZCLwcLxpEtA==/com.termux.x11-1tus8NhfW98goVF914TrYw==/base.apk!/lib/arm64-v8a/libXlorie.so
04-17 08:24:02.500 I/LorieNative( 8207): ExaTrace: putImage accel count=4608 drawableType=0 drawableId=0x600037 geom=2898x1848 size=2912x22 format=2 depth=24
04-17 08:24:02.501 I/LorieNative( 8207): DamageTraceV2: PutImage count=4224 drawableType=WINDOW screenPixmap=0 drawable=0xb4000070a0f49030 geom=2898x1848 box=0,1210-2898,1232 backend=other fn=0x6d7991fe24 fn_offset=0x30de24 fbase=0x6d79612000 sym=unknown so=/data/app/~~iNwcSjv3C2CZCLwcLxpEtA==/com.termux.x11-1tus8NhfW98goVF914TrYw==/base.apk!/lib/arm64-v8a/libXlorie.so
04-17 08:24:02.542 I/LorieNative( 8207): DamageTraceV2: PutImage count=4288 drawableType=WINDOW screenPixmap=0 drawable=0xb4000070a0f49030 geom=2898x1848 box=0,770-2898,792 backend=other fn=0x6d7991fe24 fn_offset=0x30de24 fbase=0x6d79612000 sym=unknown so=/data/app/~~iNwcSjv3C2CZCLwcLxpEtA==/com.termux.x11-1tus8NhfW98goVF914TrYw==/base.apk!/lib/arm64-v8a/libXlorie.so
04-17 08:24:02.577 I/LorieNative( 8207): ExaTrace: putImage accel count=4736 drawableType=0 drawableId=0x600037 geom=2898x1848 size=2912x22 format=2 depth=24
04-17 08:24:02.579 I/LorieNative( 8207): DamageTraceV2: PutImage count=4352 drawableType=WINDOW screenPixmap=0 drawable=0xb4000070a0f49030 geom=2898x1848 box=0,330-2898,352 backend=other fn=0x6d7991fe24 fn_offset=0x30de24 fbase=0x6d79612000 sym=unknown so=/data/app/~~iNwcSjv3C2CZCLwcLxpEtA==/com.termux.x11-1tus8NhfW98goVF914TrYw==/base.apk!/lib/arm64-v8a/libXlorie.so
04-17 08:24:02.584 I/LorieNative( 8207): DamageTraceV2: PutImage count=4416 drawableType=WINDOW screenPixmap=0 drawable=0xb4000070a0f49030 geom=2898x1848 box=0,1738-2898,1760 backend=other fn=0x6d7991fe24 fn_offset=0x30de24 fbase=0x6d79612000 sym=unknown so=/data/app/~~iNwcSjv3C2CZCLwcLxpEtA==/com.termux.x11-1tus8NhfW98goVF914TrYw==/base.apk!/lib/arm64-v8a/libXlorie.so
04-17 08:24:02.616 I/LorieNative( 8207): ExaTrace: putImage accel count=4864 drawableType=0 drawableId=0x600037 geom=2898x1848 size=2912x22 format=2 depth=24
04-17 08:24:02.617 I/LorieNative( 8207): DamageTraceV2: PutImage count=4480 drawableType=WINDOW screenPixmap=0 drawable=0xb4000070a0f49030 geom=2898x1848 box=0,1298-2898,1320 backend=other fn=0x6d7991fe24 fn_offset=0x30de24 fbase=0x6d79612000 sym=unknown so=/data/app/~~iNwcSjv3C2CZCLwcLxpEtA==/com.termux.x11-1tus8NhfW98goVF914TrYw==/base.apk!/lib/arm64-v8a/libXlorie.so
04-17 08:24:02.648 I/LorieNative( 8207): DamageTraceV2: PutImage count=4544 drawableType=WINDOW screenPixmap=0 drawable=0xb4000070a0f49030 geom=2898x1848 box=0,858-2898,880 backend=other fn=0x6d7991fe24 fn_offset=0x30de24 fbase=0x6d79612000 sym=unknown so=/data/app/~~iNwcSjv3C2CZCLwcLxpEtA==/com.termux.x11-1tus8NhfW98goVF914TrYw==/base.apk!/lib/arm64-v8a/libXlorie.so
04-17 08:24:02.683 I/LorieNative( 8207): ExaTrace: putImage accel count=4992 drawableType=0 drawableId=0x600037 geom=2898x1848 size=2912x22 format=2 depth=24
04-17 08:24:02.684 I/LorieNative( 8207): DamageTraceV2: PutImage count=4608 drawableType=WINDOW screenPixmap=0 drawable=0xb4000070a0f49030 geom=2898x1848 box=0,418-2898,440 backend=other fn=0x6d7991fe24 fn_offset=0x30de24 fbase=0x6d79612000 sym=unknown so=/data/app/~~iNwcSjv3C2CZCLwcLxpEtA==/com.termux.x11-1tus8NhfW98goVF914TrYw==/base.apk!/lib/arm64-v8a/libXlorie.so
04-17 08:24:02.692 I/LorieNative( 8207): DamageTraceV2: PutImage count=4672 drawableType=WINDOW screenPixmap=0 drawable=0xb4000070a0f49030 geom=2898x1848 box=0,1826-2898,1848 backend=other fn=0x6d7991fe24 fn_offset=0x30de24 fbase=0x6d79612000 sym=unknown so=/data/app/~~iNwcSjv3C2CZCLwcLxpEtA==/com.termux.x11-1tus8NhfW98goVF914TrYw==/base.apk!/lib/arm64-v8a/libXlorie.so
04-17 08:24:02.719 I/LorieNative( 8207): ExaTrace: putImage accel count=5120 drawableType=0 drawableId=0x600037 geom=2898x1848 size=2912x22 format=2 depth=24
04-17 08:24:02.721 I/LorieNative( 8207): DamageTraceV2: PutImage count=4736 drawableType=WINDOW screenPixmap=0 drawable=0xb4000070a0f49030 geom=2898x1848 box=0,1386-2898,1408 backend=other fn=0x6d7991fe24 fn_offset=0x30de24 fbase=0x6d79612000 sym=unknown so=/data/app/~~iNwcSjv3C2CZCLwcLxpEtA==/com.termux.x11-1tus8NhfW98goVF914TrYw==/base.apk!/lib/arm64-v8a/libXlorie.so
04-17 08:24:02.755 I/LorieNative( 8207): DamageTraceV2: PutImage count=4800 drawableType=WINDOW screenPixmap=0 drawable=0xb4000070a0f49030 geom=2898x1848 box=0,946-2898,968 backend=other fn=0x6d7991fe24 fn_offset=0x30de24 fbase=0x6d79612000 sym=unknown so=/data/app/~~iNwcSjv3C2CZCLwcLxpEtA==/com.termux.x11-1tus8NhfW98goVF914TrYw==/base.apk!/lib/arm64-v8a/libXlorie.so
04-17 08:24:02.789 I/LorieNative( 8207): ExaTrace: putImage accel count=5248 drawableType=0 drawableId=0x600037 geom=2898x1848 size=2912x22 format=2 depth=24
04-17 08:24:02.790 I/LorieNative( 8207): DamageTraceV2: PutImage count=4864 drawableType=WINDOW screenPixmap=0 drawable=0xb4000070a0f49030 geom=2898x1848 box=0,506-2898,528 backend=other fn=0x6d7991fe24 fn_offset=0x30de24 fbase=0x6d79612000 sym=unknown so=/data/app/~~iNwcSjv3C2CZCLwcLxpEtA==/com.termux.x11-1tus8NhfW98goVF914TrYw==/base.apk!/lib/arm64-v8a/libXlorie.so
04-17 08:24:02.825 I/LorieNative( 8207): DamageTraceV2: PutImage count=4928 drawableType=WINDOW screenPixmap=0 drawable=0xb4000070a0f49030 geom=2898x1848 box=0,66-2898,88 backend=other fn=0x6d7991fe24 fn_offset=0x30de24 fbase=0x6d79612000 sym=unknown so=/data/app/~~iNwcSjv3C2CZCLwcLxpEtA==/com.termux.x11-1tus8NhfW98goVF914TrYw==/base.apk!/lib/arm64-v8a/libXlorie.so
04-17 08:24:02.835 I/LorieNative( 8207): ExaTrace: putImage accel count=5376 drawableType=0 drawableId=0x600037 geom=2898x1848 size=2912x22 format=2 depth=24
04-17 08:24:02.838 I/LorieNative( 8207): DamageTraceV2: PutImage count=4992 drawableType=WINDOW screenPixmap=0 drawable=0xb4000070a0f49030 geom=2898x1848 box=0,1474-2898,1496 backend=other fn=0x6d7991fe24 fn_offset=0x30de24 fbase=0x6d79612000 sym=unknown so=/data/app/~~iNwcSjv3C2CZCLwcLxpEtA==/com.termux.x11-1tus8NhfW98goVF914TrYw==/base.apk!/lib/arm64-v8a/libXlorie.so
04-17 08:24:02.875 I/LorieNative( 8207): DamageTraceV2: PutImage count=5056 drawableType=WINDOW screenPixmap=0 drawable=0xb4000070a0f49030 geom=2898x1848 box=0,1034-2898,1056 backend=other fn=0x6d7991fe24 fn_offset=0x30de24 fbase=0x6d79612000 sym=unknown so=/data/app/~~iNwcSjv3C2CZCLwcLxpEtA==/com.termux.x11-1tus8NhfW98goVF914TrYw==/base.apk!/lib/arm64-v8a/libXlorie.so
04-17 08:24:02.908 I/LorieNative( 8207): ExaTrace: putImage accel count=5504 drawableType=0 drawableId=0x600037 geom=2898x1848 size=2912x22 format=2 depth=24
04-17 08:24:02.908 I/LorieNative( 8207): DamageTraceV2: PutImage count=5120 drawableType=WINDOW screenPixmap=0 drawable=0xb4000070a0f49030 geom=2898x1848 box=0,594-2898,616 backend=other fn=0x6d7991fe24 fn_offset=0x30de24 fbase=0x6d79612000 sym=unknown so=/data/app/~~iNwcSjv3C2CZCLwcLxpEtA==/com.termux.x11-1tus8NhfW98goVF914TrYw==/base.apk!/lib/arm64-v8a/libXlorie.so
04-17 08:24:02.945 I/LorieNative( 8207): DamageTraceV2: PutImage count=5184 drawableType=WINDOW screenPixmap=0 drawable=0xb4000070a0f49030 geom=2898x1848 box=0,154-2898,176 backend=other fn=0x6d7991fe24 fn_offset=0x30de24 fbase=0x6d79612000 sym=unknown so=/data/app/~~iNwcSjv3C2CZCLwcLxpEtA==/com.termux.x11-1tus8NhfW98goVF914TrYw==/base.apk!/lib/arm64-v8a/libXlorie.so
04-17 08:24:02.951 I/LorieNative( 8207): ExaTrace: putImage accel count=5632 drawableType=0 drawableId=0x600037 geom=2898x1848 size=2912x22 format=2 depth=24
04-17 08:24:02.951 I/LorieNative( 8207): DamageTraceV2: PutImage count=5248 drawableType=WINDOW screenPixmap=0 drawable=0xb4000070a0f49030 geom=2898x1848 box=0,1562-2898,1584 backend=other fn=0x6d7991fe24 fn_offset=0x30de24 fbase=0x6d79612000 sym=unknown so=/data/app/~~iNwcSjv3C2CZCLwcLxpEtA==/com.termux.x11-1tus8NhfW98goVF914TrYw==/base.apk!/lib/arm64-v8a/libXlorie.so
04-17 08:24:02.981 I/LorieNative( 8207): DamageTraceV2: PutImage count=5312 drawableType=WINDOW screenPixmap=0 drawable=0xb4000070a0f49030 geom=2898x1848 box=0,1122-2898,1144 backend=other fn=0x6d7991fe24 fn_offset=0x30de24 fbase=0x6d79612000 sym=unknown so=/data/app/~~iNwcSjv3C2CZCLwcLxpEtA==/com.termux.x11-1tus8NhfW98goVF914TrYw==/base.apk!/lib/arm64-v8a/libXlorie.so
04-17 08:24:03.009 I/LorieNative( 8207): ExaTrace: putImage accel count=5760 drawableType=0 drawableId=0x600037 geom=2898x1848 size=2912x22 format=2 depth=24
04-17 08:24:03.009 I/LorieNative( 8207): DamageTraceV2: PutImage count=5376 drawableType=WINDOW screenPixmap=0 drawable=0xb4000070a0f49030 geom=2898x1848 box=0,682-2898,704 backend=other fn=0x6d7991fe24 fn_offset=0x30de24 fbase=0x6d79612000 sym=unknown so=/data/app/~~iNwcSjv3C2CZCLwcLxpEtA==/com.termux.x11-1tus8NhfW98goVF914TrYw==/base.apk!/lib/arm64-v8a/libXlorie.so
04-17 08:24:03.036 I/RLT     ( 1866): +555929ms [THREAD] Choreographer->main op=doFrame frame=2640 | thread=main
04-17 08:24:03.038 I/RLT     ( 1866): +555930ms [FRAME] fps=120.0 jank=0 p99=8.3ms heap=23MB periodic corr=frames-73d6 | thread=main
04-17 08:24:03.043 I/LorieNative( 8207): DamageTraceV2: PutImage count=5440 drawableType=WINDOW screenPixmap=0 drawable=0xb4000070a0f49030 geom=2898x1848 box=0,242-2898,264 backend=other fn=0x6d7991fe24 fn_offset=0x30de24 fbase=0x6d79612000 sym=unknown so=/data/app/~~iNwcSjv3C2CZCLwcLxpEtA==/com.termux.x11-1tus8NhfW98goVF914TrYw==/base.apk!/lib/arm64-v8a/libXlorie.so
04-17 08:24:03.049 I/LorieNative( 8207): ExaTrace: putImage accel count=5888 drawableType=0 drawableId=0x600037 geom=2898x1848 size=2912x22 format=2 depth=24
04-17 08:24:03.050 I/LorieNative( 8207): DamageTraceV2: PutImage count=5504 drawableType=WINDOW screenPixmap=0 drawable=0xb4000070a0f49030 geom=2898x1848 box=0,1650-2898,1672 backend=other fn=0x6d7991fe24 fn_offset=0x30de24 fbase=0x6d79612000 sym=unknown so=/data/app/~~iNwcSjv3C2CZCLwcLxpEtA==/com.termux.x11-1tus8NhfW98goVF914TrYw==/base.apk!/lib/arm64-v8a/libXlorie.so
04-17 08:24:03.088 I/LorieNative( 8207): DamageTraceV2: PutImage count=5568 drawableType=WINDOW screenPixmap=0 drawable=0xb4000070a0f49030 geom=2898x1848 box=0,1210-2898,1232 backend=other fn=0x6d7991fe24 fn_offset=0x30de24 fbase=0x6d79612000 sym=unknown so=/data/app/~~iNwcSjv3C2CZCLwcLxpEtA==/com.termux.x11-1tus8NhfW98goVF914TrYw==/base.apk!/lib/arm64-v8a/libXlorie.so
04-17 08:24:03.125 I/LorieNative( 8207): ExaTrace: putImage accel count=6016 drawableType=0 drawableId=0x600037 geom=2898x1848 size=2912x22 format=2 depth=24
04-17 08:24:03.126 I/LorieNative( 8207): DamageTraceV2: PutImage count=5632 drawableType=WINDOW screenPixmap=0 drawable=0xb4000070a0f49030 geom=2898x1848 box=0,770-2898,792 backend=other fn=0x6d7991fe24 fn_offset=0x30de24 fbase=0x6d79612000 sym=unknown so=/data/app/~~iNwcSjv3C2CZCLwcLxpEtA==/com.termux.x11-1tus8NhfW98goVF914TrYw==/base.apk!/lib/arm64-v8a/libXlorie.so
04-17 08:24:03.180 I/LorieNative( 8207): DamageTraceV2: PutImage count=5696 drawableType=WINDOW screenPixmap=0 drawable=0xb4000070a0f49030 geom=2898x1848 box=0,330-2898,352 backend=other fn=0x6d7991fe24 fn_offset=0x30de24 fbase=0x6d79612000 sym=unknown so=/data/app/~~iNwcSjv3C2CZCLwcLxpEtA==/com.termux.x11-1tus8NhfW98goVF914TrYw==/base.apk!/lib/arm64-v8a/libXlorie.so
04-17 08:24:03.185 I/LorieNative( 8207): ExaTrace: putImage accel count=6144 drawableType=0 drawableId=0x600037 geom=2898x1848 size=2912x22 format=2 depth=24
04-17 08:24:03.188 I/LorieNative( 8207): DamageTraceV2: PutImage count=5760 drawableType=WINDOW screenPixmap=0 drawable=0xb4000070a0f49030 geom=2898x1848 box=0,1738-2898,1760 backend=other fn=0x6d7991fe24 fn_offset=0x30de24 fbase=0x6d79612000 sym=unknown so=/data/app/~~iNwcSjv3C2CZCLwcLxpEtA==/com.termux.x11-1tus8NhfW98goVF914TrYw==/base.apk!/lib/arm64-v8a/libXlorie.so
04-17 08:24:03.231 I/LorieNative( 8207): DamageTraceV2: PutImage count=5824 drawableType=WINDOW screenPixmap=0 drawable=0xb4000070a0f49030 geom=2898x1848 box=0,1298-2898,1320 backend=other fn=0x6d7991fe24 fn_offset=0x30de24 fbase=0x6d79612000 sym=unknown so=/data/app/~~iNwcSjv3C2CZCLwcLxpEtA==/com.termux.x11-1tus8NhfW98goVF914TrYw==/base.apk!/lib/arm64-v8a/libXlorie.so
04-17 08:24:03.264 I/LorieNative( 8207): ExaTrace: putImage accel count=6272 drawableType=0 drawableId=0x600037 geom=2898x1848 size=2912x22 format=2 depth=24
04-17 08:24:03.265 I/LorieNative( 8207): DamageTraceV2: PutImage count=5888 drawableType=WINDOW screenPixmap=0 drawable=0xb4000070a0f49030 geom=2898x1848 box=0,858-2898,880 backend=other fn=0x6d7991fe24 fn_offset=0x30de24 fbase=0x6d79612000 sym=unknown so=/data/app/~~iNwcSjv3C2CZCLwcLxpEtA==/com.termux.x11-1tus8NhfW98goVF914TrYw==/base.apk!/lib/arm64-v8a/libXlorie.so
04-17 08:24:03.307 I/LorieNative( 8207): DamageTraceV2: PutImage count=5952 drawableType=WINDOW screenPixmap=0 drawable=0xb4000070a0f49030 geom=2898x1848 box=0,418-2898,440 backend=other fn=0x6d7991fe24 fn_offset=0x30de24 fbase=0x6d79612000 sym=unknown so=/data/app/~~iNwcSjv3C2CZCLwcLxpEtA==/com.termux.x11-1tus8NhfW98goVF914TrYw==/base.apk!/lib/arm64-v8a/libXlorie.so
04-17 08:24:03.319 I/LorieNative( 8207): ExaTrace: putImage accel count=6400 drawableType=0 drawableId=0x600037 geom=2898x1848 size=2912x22 format=2 depth=24
04-17 08:24:03.321 I/LorieNative( 8207): DamageTraceV2: PutImage count=6016 drawableType=WINDOW screenPixmap=0 drawable=0xb4000070a0f49030 geom=2898x1848 box=0,1826-2898,1848 backend=other fn=0x6d7991fe24 fn_offset=0x30de24 fbase=0x6d79612000 sym=unknown so=/data/app/~~iNwcSjv3C2CZCLwcLxpEtA==/com.termux.x11-1tus8NhfW98goVF914TrYw==/base.apk!/lib/arm64-v8a/libXlorie.so
04-17 08:24:03.364 I/LorieNative( 8207): DamageTraceV2: PutImage count=6080 drawableType=WINDOW screenPixmap=0 drawable=0xb4000070a0f49030 geom=2898x1848 box=0,1386-2898,1408 backend=other fn=0x6d7991fe24 fn_offset=0x30de24 fbase=0x6d79612000 sym=unknown so=/data/app/~~iNwcSjv3C2CZCLwcLxpEtA==/com.termux.x11-1tus8NhfW98goVF914TrYw==/base.apk!/lib/arm64-v8a/libXlorie.so
04-17 08:24:03.399 I/LorieNative( 8207): ExaTrace: putImage accel count=6528 drawableType=0 drawableId=0x600037 geom=2898x1848 size=2912x22 format=2 depth=24
04-17 08:24:03.400 I/LorieNative( 8207): DamageTraceV2: PutImage count=6144 drawableType=WINDOW screenPixmap=0 drawable=0xb4000070a0f49030 geom=2898x1848 box=0,946-2898,968 backend=other fn=0x6d7991fe24 fn_offset=0x30de24 fbase=0x6d79612000 sym=unknown so=/data/app/~~iNwcSjv3C2CZCLwcLxpEtA==/com.termux.x11-1tus8NhfW98goVF914TrYw==/base.apk!/lib/arm64-v8a/libXlorie.so
04-17 08:24:03.433 I/LorieNative( 8207): DamageTraceV2: PutImage count=6208 drawableType=WINDOW screenPixmap=0 drawable=0xb4000070a0f49030 geom=2898x1848 box=0,506-2898,528 backend=other fn=0x6d7991fe24 fn_offset=0x30de24 fbase=0x6d79612000 sym=unknown so=/data/app/~~iNwcSjv3C2CZCLwcLxpEtA==/com.termux.x11-1tus8NhfW98goVF914TrYw==/base.apk!/lib/arm64-v8a/libXlorie.so
04-17 08:24:03.441 I/LorieNative( 8207): ExaTrace: putImage accel count=6656 drawableType=0 drawableId=0x600037 geom=2898x1848 size=2912x22 format=2 depth=24
04-17 08:24:03.466 I/LorieNative( 8207): DamageTraceV2: PutImage count=6272 drawableType=WINDOW screenPixmap=0 drawable=0xb4000070a0f49030 geom=2898x1848 box=0,66-2898,88 backend=other fn=0x6d7991fe24 fn_offset=0x30de24 fbase=0x6d79612000 sym=unknown so=/data/app/~~iNwcSjv3C2CZCLwcLxpEtA==/com.termux.x11-1tus8NhfW98goVF914TrYw==/base.apk!/lib/arm64-v8a/libXlorie.so
04-17 08:24:03.473 I/LorieNative( 8207): DamageTraceV2: PutImage count=6336 drawableType=WINDOW screenPixmap=0 drawable=0xb4000070a0f49030 geom=2898x1848 box=0,1474-2898,1496 backend=other fn=0x6d7991fe24 fn_offset=0x30de24 fbase=0x6d79612000 sym=unknown so=/data/app/~~iNwcSjv3C2CZCLwcLxpEtA==/com.termux.x11-1tus8NhfW98goVF914TrYw==/base.apk!/lib/arm64-v8a/libXlorie.so
04-17 08:24:03.502 I/LorieNative( 8207): ExaTrace: putImage accel count=6784 drawableType=0 drawableId=0x600037 geom=2898x1848 size=2912x22 format=2 depth=24
04-17 08:24:03.504 I/LorieNative( 8207): DamageTraceV2: PutImage count=6400 drawableType=WINDOW screenPixmap=0 drawable=0xb4000070a0f49030 geom=2898x1848 box=0,1034-2898,1056 backend=other fn=0x6d7991fe24 fn_offset=0x30de24 fbase=0x6d79612000 sym=unknown so=/data/app/~~iNwcSjv3C2CZCLwcLxpEtA==/com.termux.x11-1tus8NhfW98goVF914TrYw==/base.apk!/lib/arm64-v8a/libXlorie.so
04-17 08:24:03.535 I/LorieNative( 8207): DamageTraceV2: PutImage count=6464 drawableType=WINDOW screenPixmap=0 drawable=0xb4000070a0f49030 geom=2898x1848 box=0,594-2898,616 backend=other fn=0x6d7991fe24 fn_offset=0x30de24 fbase=0x6d79612000 sym=unknown so=/data/app/~~iNwcSjv3C2CZCLwcLxpEtA==/com.termux.x11-1tus8NhfW98goVF914TrYw==/base.apk!/lib/arm64-v8a/libXlorie.so
04-17 08:24:03.566 I/LorieNative( 8207): ExaTrace: putImage accel count=6912 drawableType=0 drawableId=0x600037 geom=2898x1848 size=2912x22 format=2 depth=24
04-17 08:24:03.567 I/LorieNative( 8207): DamageTraceV2: PutImage count=6528 drawableType=WINDOW screenPixmap=0 drawable=0xb4000070a0f49030 geom=2898x1848 box=0,154-2898,176 backend=other fn=0x6d7991fe24 fn_offset=0x30de24 fbase=0x6d79612000 sym=unknown so=/data/app/~~iNwcSjv3C2CZCLwcLxpEtA==/com.termux.x11-1tus8NhfW98goVF914TrYw==/base.apk!/lib/arm64-v8a/libXlorie.so
04-17 08:24:03.580 I/LorieNative( 8207): DamageTraceV2: PutImage count=6592 drawableType=WINDOW screenPixmap=0 drawable=0xb4000070a0f49030 geom=2898x1848 box=0,1562-2898,1584 backend=other fn=0x6d7991fe24 fn_offset=0x30de24 fbase=0x6d79612000 sym=unknown so=/data/app/~~iNwcSjv3C2CZCLwcLxpEtA==/com.termux.x11-1tus8NhfW98goVF914TrYw==/base.apk!/lib/arm64-v8a/libXlorie.so
04-17 08:24:03.617 I/LorieNative( 8207): ExaTrace: putImage accel count=7040 drawableType=0 drawableId=0x600037 geom=2898x1848 size=2912x22 format=2 depth=24
04-17 08:24:03.618 I/LorieNative( 8207): DamageTraceV2: PutImage count=6656 drawableType=WINDOW screenPixmap=0 drawable=0xb4000070a0f49030 geom=2898x1848 box=0,1122-2898,1144 backend=other fn=0x6d7991fe24 fn_offset=0x30de24 fbase=0x6d79612000 sym=unknown so=/data/app/~~iNwcSjv3C2CZCLwcLxpEtA==/com.termux.x11-1tus8NhfW98goVF914TrYw==/base.apk!/lib/arm64-v8a/libXlorie.so
04-17 08:24:03.664 I/LorieNative( 8207): DamageTraceV2: PutImage count=6720 drawableType=WINDOW screenPixmap=0 drawable=0xb4000070a0f49030 geom=2898x1848 box=0,682-2898,704 backend=other fn=0x6d7991fe24 fn_offset=0x30de24 fbase=0x6d79612000 sym=unknown so=/data/app/~~iNwcSjv3C2CZCLwcLxpEtA==/com.termux.x11-1tus8NhfW98goVF914TrYw==/base.apk!/lib/arm64-v8a/libXlorie.so
04-17 08:24:03.697 I/LorieNative( 8207): ExaTrace: putImage accel count=7168 drawableType=0 drawableId=0x600037 geom=2898x1848 size=2912x22 format=2 depth=24
04-17 08:24:03.699 I/LorieNative( 8207): DamageTraceV2: PutImage count=6784 drawableType=WINDOW screenPixmap=0 drawable=0xb4000070a0f49030 geom=2898x1848 box=0,242-2898,264 backend=other fn=0x6d7991fe24 fn_offset=0x30de24 fbase=0x6d79612000 sym=unknown so=/data/app/~~iNwcSjv3C2CZCLwcLxpEtA==/com.termux.x11-1tus8NhfW98goVF914TrYw==/base.apk!/lib/arm64-v8a/libXlorie.so
04-17 08:24:03.708 I/LorieNative( 8207): DamageTraceV2: PutImage count=6848 drawableType=WINDOW screenPixmap=0 drawable=0xb4000070a0f49030 geom=2898x1848 box=0,1650-2898,1672 backend=other fn=0x6d7991fe24 fn_offset=0x30de24 fbase=0x6d79612000 sym=unknown so=/data/app/~~iNwcSjv3C2CZCLwcLxpEtA==/com.termux.x11-1tus8NhfW98goVF914TrYw==/base.apk!/lib/arm64-v8a/libXlorie.so
04-17 08:24:03.743 I/LorieNative( 8207): ExaTrace: putImage accel count=7296 drawableType=0 drawableId=0x600037 geom=2898x1848 size=2912x22 format=2 depth=24
04-17 08:24:03.743 I/LorieNative( 8207): DamageTraceV2: PutImage count=6912 drawableType=WINDOW screenPixmap=0 drawable=0xb4000070a0f49030 geom=2898x1848 box=0,1210-2898,1232 backend=other fn=0x6d7991fe24 fn_offset=0x30de24 fbase=0x6d79612000 sym=unknown so=/data/app/~~iNwcSjv3C2CZCLwcLxpEtA==/com.termux.x11-1tus8NhfW98goVF914TrYw==/base.apk!/lib/arm64-v8a/libXlorie.so
04-17 08:24:03.783 I/LorieNative( 8207): DamageTraceV2: PutImage count=6976 drawableType=WINDOW screenPixmap=0 drawable=0xb4000070a0f49030 geom=2898x1848 box=0,770-2898,792 backend=other fn=0x6d7991fe24 fn_offset=0x30de24 fbase=0x6d79612000 sym=unknown so=/data/app/~~iNwcSjv3C2CZCLwcLxpEtA==/com.termux.x11-1tus8NhfW98goVF914TrYw==/base.apk!/lib/arm64-v8a/libXlorie.so
04-17 08:24:03.820 I/LorieNative( 8207): ExaTrace: putImage accel count=7424 drawableType=0 drawableId=0x600037 geom=2898x1848 size=2912x22 format=2 depth=24
04-17 08:24:03.821 I/LorieNative( 8207): DamageTraceV2: PutImage count=7040 drawableType=WINDOW screenPixmap=0 drawable=0xb4000070a0f49030 geom=2898x1848 box=0,330-2898,352 backend=other fn=0x6d7991fe24 fn_offset=0x30de24 fbase=0x6d79612000 sym=unknown so=/data/app/~~iNwcSjv3C2CZCLwcLxpEtA==/com.termux.x11-1tus8NhfW98goVF914TrYw==/base.apk!/lib/arm64-v8a/libXlorie.so
04-17 08:24:03.833 I/LorieNative( 8207): DamageTraceV2: PutImage count=7104 drawableType=WINDOW screenPixmap=0 drawable=0xb4000070a0f49030 geom=2898x1848 box=0,1738-2898,1760 backend=other fn=0x6d7991fe24 fn_offset=0x30de24 fbase=0x6d79612000 sym=unknown so=/data/app/~~iNwcSjv3C2CZCLwcLxpEtA==/com.termux.x11-1tus8NhfW98goVF914TrYw==/base.apk!/lib/arm64-v8a/libXlorie.so
04-17 08:24:03.883 I/LorieNative( 8207): ExaTrace: putImage accel count=7552 drawableType=0 drawableId=0x600037 geom=2898x1848 size=2912x22 format=2 depth=24
04-17 08:24:03.895 I/LorieNative( 8207): DamageTraceV2: PutImage count=7168 drawableType=WINDOW screenPixmap=0 drawable=0xb4000070a0f49030 geom=2898x1848 box=0,1298-2898,1320 backend=other fn=0x6d7991fe24 fn_offset=0x30de24 fbase=0x6d79612000 sym=unknown so=/data/app/~~iNwcSjv3C2CZCLwcLxpEtA==/com.termux.x11-1tus8NhfW98goVF914TrYw==/base.apk!/lib/arm64-v8a/libXlorie.so
04-17 08:24:03.942 I/LorieNative( 8207): DamageTraceV2: PutImage count=7232 drawableType=WINDOW screenPixmap=0 drawable=0xb4000070a0f49030 geom=2898x1848 box=0,858-2898,880 backend=other fn=0x6d7991fe24 fn_offset=0x30de24 fbase=0x6d79612000 sym=unknown so=/data/app/~~iNwcSjv3C2CZCLwcLxpEtA==/com.termux.x11-1tus8NhfW98goVF914TrYw==/base.apk!/lib/arm64-v8a/libXlorie.so
04-17 08:24:03.978 I/LorieNative( 8207): ExaTrace: putImage accel count=7680 drawableType=0 drawableId=0x600037 geom=2898x1848 size=2912x22 format=2 depth=24
04-17 08:24:03.982 I/LorieNative( 8207): DamageTraceV2: PutImage count=7296 drawableType=WINDOW screenPixmap=0 drawable=0xb4000070a0f49030 geom=2898x1848 box=0,418-2898,440 backend=other fn=0x6d7991fe24 fn_offset=0x30de24 fbase=0x6d79612000 sym=unknown so=/data/app/~~iNwcSjv3C2CZCLwcLxpEtA==/com.termux.x11-1tus8NhfW98goVF914TrYw==/base.apk!/lib/arm64-v8a/libXlorie.so
04-17 08:24:04.010 I/LorieNative( 8207): DamageTraceV2: PutImage count=7360 drawableType=WINDOW screenPixmap=0 drawable=0xb4000070a0f49030 geom=2898x1848 box=0,1826-2898,1848 backend=other fn=0x6d7991fe24 fn_offset=0x30de24 fbase=0x6d79612000 sym=unknown so=/data/app/~~iNwcSjv3C2CZCLwcLxpEtA==/com.termux.x11-1tus8NhfW98goVF914TrYw==/base.apk!/lib/arm64-v8a/libXlorie.so
04-17 08:24:04.036 I/RLT     ( 1866): +556929ms [THREAD] Choreographer->main op=doFrame frame=2760 | thread=main
04-17 08:24:04.038 I/RLT     ( 1866): +556930ms [FRAME] fps=120.0 jank=0 p99=8.3ms heap=23MB periodic corr=frames-73d6 | thread=main
04-17 08:24:04.065 I/LorieNative( 8207): ExaTrace: putImage accel count=7808 drawableType=0 drawableId=0x600037 geom=2898x1848 size=2912x22 format=2 depth=24
04-17 08:24:04.066 I/LorieNative( 8207): DamageTraceV2: PutImage count=7424 drawableType=WINDOW screenPixmap=0 drawable=0xb4000070a0f49030 geom=2898x1848 box=0,1386-2898,1408 backend=other fn=0x6d7991fe24 fn_offset=0x30de24 fbase=0x6d79612000 sym=unknown so=/data/app/~~iNwcSjv3C2CZCLwcLxpEtA==/com.termux.x11-1tus8NhfW98goVF914TrYw==/base.apk!/lib/arm64-v8a/libXlorie.so
04-17 08:24:04.126 I/LorieNative( 8207): DamageTraceV2: PutImage count=7488 drawableType=WINDOW screenPixmap=0 drawable=0xb4000070a0f49030 geom=2898x1848 box=0,946-2898,968 backend=other fn=0x6d7991fe24 fn_offset=0x30de24 fbase=0x6d79612000 sym=unknown so=/data/app/~~iNwcSjv3C2CZCLwcLxpEtA==/com.termux.x11-1tus8NhfW98goVF914TrYw==/base.apk!/lib/arm64-v8a/libXlorie.so
04-17 08:24:04.175 I/LorieNative( 8207): ExaTrace: putImage accel count=7936 drawableType=0 drawableId=0x600037 geom=2898x1848 size=2912x22 format=2 depth=24
04-17 08:24:04.179 I/LorieNative( 8207): DamageTraceV2: PutImage count=7552 drawableType=WINDOW screenPixmap=0 drawable=0xb4000070a0f49030 geom=2898x1848 box=0,506-2898,528 backend=other fn=0x6d7991fe24 fn_offset=0x30de24 fbase=0x6d79612000 sym=unknown so=/data/app/~~iNwcSjv3C2CZCLwcLxpEtA==/com.termux.x11-1tus8NhfW98goVF914TrYw==/base.apk!/lib/arm64-v8a/libXlorie.so
04-17 08:24:04.229 I/LorieNative( 8207): DamageTraceV2: PutImage count=7616 drawableType=WINDOW screenPixmap=0 drawable=0xb4000070a0f49030 geom=2898x1848 box=0,66-2898,88 backend=other fn=0x6d7991fe24 fn_offset=0x30de24 fbase=0x6d79612000 sym=unknown so=/data/app/~~iNwcSjv3C2CZCLwcLxpEtA==/com.termux.x11-1tus8NhfW98goVF914TrYw==/base.apk!/lib/arm64-v8a/libXlorie.so
04-17 08:24:04.246 I/LorieNative( 8207): ExaTrace: putImage accel count=8064 drawableType=0 drawableId=0x600037 geom=2898x1848 size=2912x22 format=2 depth=24
04-17 08:24:04.248 I/LorieNative( 8207): DamageTraceV2: PutImage count=7680 drawableType=WINDOW screenPixmap=0 drawable=0xb4000070a0f49030 geom=2898x1848 box=0,1474-2898,1496 backend=other fn=0x6d7991fe24 fn_offset=0x30de24 fbase=0x6d79612000 sym=unknown so=/data/app/~~iNwcSjv3C2CZCLwcLxpEtA==/com.termux.x11-1tus8NhfW98goVF914TrYw==/base.apk!/lib/arm64-v8a/libXlorie.so
04-17 08:24:04.289 I/LorieNative( 8207): DamageTraceV2: PutImage count=7744 drawableType=WINDOW screenPixmap=0 drawable=0xb4000070a0f49030 geom=2898x1848 box=0,1034-2898,1056 backend=other fn=0x6d7991fe24 fn_offset=0x30de24 fbase=0x6d79612000 sym=unknown so=/data/app/~~iNwcSjv3C2CZCLwcLxpEtA==/com.termux.x11-1tus8NhfW98goVF914TrYw==/base.apk!/lib/arm64-v8a/libXlorie.so
04-17 08:24:04.331 I/LorieNative( 8207): ExaTrace: putImage accel count=8192 drawableType=0 drawableId=0x600037 geom=2898x1848 size=2912x22 format=2 depth=24
04-17 08:24:04.335 I/LorieNative( 8207): DamageTraceV2: PutImage count=7808 drawableType=WINDOW screenPixmap=0 drawable=0xb4000070a0f49030 geom=2898x1848 box=0,594-2898,616 backend=other fn=0x6d7991fe24 fn_offset=0x30de24 fbase=0x6d79612000 sym=unknown so=/data/app/~~iNwcSjv3C2CZCLwcLxpEtA==/com.termux.x11-1tus8NhfW98goVF914TrYw==/base.apk!/lib/arm64-v8a/libXlorie.so
04-17 08:24:04.377 I/LorieNative( 8207): DamageTraceV2: PutImage count=7872 drawableType=WINDOW screenPixmap=0 drawable=0xb4000070a0f49030 geom=2898x1848 box=0,154-2898,176 backend=other fn=0x6d7991fe24 fn_offset=0x30de24 fbase=0x6d79612000 sym=unknown so=/data/app/~~iNwcSjv3C2CZCLwcLxpEtA==/com.termux.x11-1tus8NhfW98goVF914TrYw==/base.apk!/lib/arm64-v8a/libXlorie.so
04-17 08:24:04.392 I/LorieNative( 8207): ExaTrace: putImage accel count=8320 drawableType=0 drawableId=0x600037 geom=2898x1848 size=2912x22 format=2 depth=24
04-17 08:24:04.393 I/LorieNative( 8207): DamageTraceV2: PutImage count=7936 drawableType=WINDOW screenPixmap=0 drawable=0xb4000070a0f49030 geom=2898x1848 box=0,1562-2898,1584 backend=other fn=0x6d7991fe24 fn_offset=0x30de24 fbase=0x6d79612000 sym=unknown so=/data/app/~~iNwcSjv3C2CZCLwcLxpEtA==/com.termux.x11-1tus8NhfW98goVF914TrYw==/base.apk!/lib/arm64-v8a/libXlorie.so
04-17 08:24:04.434 I/LorieNative( 8207): DamageTraceV2: PutImage count=8000 drawableType=WINDOW screenPixmap=0 drawable=0xb4000070a0f49030 geom=2898x1848 box=0,1122-2898,1144 backend=other fn=0x6d7991fe24 fn_offset=0x30de24 fbase=0x6d79612000 sym=unknown so=/data/app/~~iNwcSjv3C2CZCLwcLxpEtA==/com.termux.x11-1tus8NhfW98goVF914TrYw==/base.apk!/lib/arm64-v8a/libXlorie.so
04-17 08:24:04.483 I/LorieNative( 8207): ExaTrace: putImage accel count=8448 drawableType=0 drawableId=0x600037 geom=2898x1848 size=2912x22 format=2 depth=24
04-17 08:24:04.484 I/LorieNative( 8207): DamageTraceV2: PutImage count=8064 drawableType=WINDOW screenPixmap=0 drawable=0xb4000070a0f49030 geom=2898x1848 box=0,682-2898,704 backend=other fn=0x6d7991fe24 fn_offset=0x30de24 fbase=0x6d79612000 sym=unknown so=/data/app/~~iNwcSjv3C2CZCLwcLxpEtA==/com.termux.x11-1tus8NhfW98goVF914TrYw==/base.apk!/lib/arm64-v8a/libXlorie.so
04-17 08:24:04.533 I/LorieNative( 8207): DamageTraceV2: PutImage count=8128 drawableType=WINDOW screenPixmap=0 drawable=0xb4000070a0f49030 geom=2898x1848 box=0,242-2898,264 backend=other fn=0x6d7991fe24 fn_offset=0x30de24 fbase=0x6d79612000 sym=unknown so=/data/app/~~iNwcSjv3C2CZCLwcLxpEtA==/com.termux.x11-1tus8NhfW98goVF914TrYw==/base.apk!/lib/arm64-v8a/libXlorie.so
04-17 08:24:04.551 I/LorieNative( 8207): ExaTrace: putImage accel count=8576 drawableType=0 drawableId=0x600037 geom=2898x1848 size=2912x22 format=2 depth=24
04-17 08:24:04.555 I/LorieNative( 8207): DamageTraceV2: PutImage count=8192 drawableType=WINDOW screenPixmap=0 drawable=0xb4000070a0f49030 geom=2898x1848 box=0,1650-2898,1672 backend=other fn=0x6d7991fe24 fn_offset=0x30de24 fbase=0x6d79612000 sym=unknown so=/data/app/~~iNwcSjv3C2CZCLwcLxpEtA==/com.termux.x11-1tus8NhfW98goVF914TrYw==/base.apk!/lib/arm64-v8a/libXlorie.so
04-17 08:24:04.592 I/LorieNative( 8207): DamageTraceV2: PutImage count=8256 drawableType=WINDOW screenPixmap=0 drawable=0xb4000070a0f49030 geom=2898x1848 box=0,1210-2898,1232 backend=other fn=0x6d7991fe24 fn_offset=0x30de24 fbase=0x6d79612000 sym=unknown so=/data/app/~~iNwcSjv3C2CZCLwcLxpEtA==/com.termux.x11-1tus8NhfW98goVF914TrYw==/base.apk!/lib/arm64-v8a/libXlorie.so
04-17 08:24:04.626 I/LorieNative( 8207): ExaTrace: putImage accel count=8704 drawableType=0 drawableId=0x600037 geom=2898x1848 size=2912x22 format=2 depth=24
04-17 08:24:04.627 I/LorieNative( 8207): DamageTraceV2: PutImage count=8320 drawableType=WINDOW screenPixmap=0 drawable=0xb4000070a0f49030 geom=2898x1848 box=0,770-2898,792 backend=other fn=0x6d7991fe24 fn_offset=0x30de24 fbase=0x6d79612000 sym=unknown so=/data/app/~~iNwcSjv3C2CZCLwcLxpEtA==/com.termux.x11-1tus8NhfW98goVF914TrYw==/base.apk!/lib/arm64-v8a/libXlorie.so
04-17 08:24:04.664 I/LorieNative( 8207): DamageTraceV2: PutImage count=8384 drawableType=WINDOW screenPixmap=0 drawable=0xb4000070a0f49030 geom=2898x1848 box=0,330-2898,352 backend=other fn=0x6d7991fe24 fn_offset=0x30de24 fbase=0x6d79612000 sym=unknown so=/data/app/~~iNwcSjv3C2CZCLwcLxpEtA==/com.termux.x11-1tus8NhfW98goVF914TrYw==/base.apk!/lib/arm64-v8a/libXlorie.so
04-17 08:24:04.669 I/LorieNative( 8207): ExaTrace: putImage accel count=8832 drawableType=0 drawableId=0x600037 geom=2898x1848 size=2912x22 format=2 depth=24
04-17 08:24:04.671 I/LorieNative( 8207): DamageTraceV2: PutImage count=8448 drawableType=WINDOW screenPixmap=0 drawable=0xb4000070a0f49030 geom=2898x1848 box=0,1738-2898,1760 backend=other fn=0x6d7991fe24 fn_offset=0x30de24 fbase=0x6d79612000 sym=unknown so=/data/app/~~iNwcSjv3C2CZCLwcLxpEtA==/com.termux.x11-1tus8NhfW98goVF914TrYw==/base.apk!/lib/arm64-v8a/libXlorie.so
04-17 08:24:04.702 I/LorieNative( 8207): DamageTraceV2: PutImage count=8512 drawableType=WINDOW screenPixmap=0 drawable=0xb4000070a0f49030 geom=2898x1848 box=0,1298-2898,1320 backend=other fn=0x6d7991fe24 fn_offset=0x30de24 fbase=0x6d79612000 sym=unknown so=/data/app/~~iNwcSjv3C2CZCLwcLxpEtA==/com.termux.x11-1tus8NhfW98goVF914TrYw==/base.apk!/lib/arm64-v8a/libXlorie.so
04-17 08:24:04.742 I/LorieNative( 8207): ExaTrace: putImage accel count=8960 drawableType=0 drawableId=0x600037 geom=2898x1848 size=2912x22 format=2 depth=24
04-17 08:24:04.744 I/LorieNative( 8207): DamageTraceV2: PutImage count=8576 drawableType=WINDOW screenPixmap=0 drawable=0xb4000070a0f49030 geom=2898x1848 box=0,858-2898,880 backend=other fn=0x6d7991fe24 fn_offset=0x30de24 fbase=0x6d79612000 sym=unknown so=/data/app/~~iNwcSjv3C2CZCLwcLxpEtA==/com.termux.x11-1tus8NhfW98goVF914TrYw==/base.apk!/lib/arm64-v8a/libXlorie.so
04-17 08:24:04.790 I/LorieNative( 8207): DamageTraceV2: PutImage count=8640 drawableType=WINDOW screenPixmap=0 drawable=0xb4000070a0f49030 geom=2898x1848 box=0,418-2898,440 backend=other fn=0x6d7991fe24 fn_offset=0x30de24 fbase=0x6d79612000 sym=unknown so=/data/app/~~iNwcSjv3C2CZCLwcLxpEtA==/com.termux.x11-1tus8NhfW98goVF914TrYw==/base.apk!/lib/arm64-v8a/libXlorie.so
04-17 08:24:04.806 I/LorieNative( 8207): ExaTrace: putImage accel count=9088 drawableType=0 drawableId=0x600037 geom=2898x1848 size=2912x22 format=2 depth=24
04-17 08:24:04.807 I/LorieNative( 8207): DamageTraceV2: PutImage count=8704 drawableType=WINDOW screenPixmap=0 drawable=0xb4000070a0f49030 geom=2898x1848 box=0,1826-2898,1848 backend=other fn=0x6d7991fe24 fn_offset=0x30de24 fbase=0x6d79612000 sym=unknown so=/data/app/~~iNwcSjv3C2CZCLwcLxpEtA==/com.termux.x11-1tus8NhfW98goVF914TrYw==/base.apk!/lib/arm64-v8a/libXlorie.so
04-17 08:24:04.842 I/LorieNative( 8207): DamageTraceV2: PutImage count=8768 drawableType=WINDOW screenPixmap=0 drawable=0xb4000070a0f49030 geom=2898x1848 box=0,1386-2898,1408 backend=other fn=0x6d7991fe24 fn_offset=0x30de24 fbase=0x6d79612000 sym=unknown so=/data/app/~~iNwcSjv3C2CZCLwcLxpEtA==/com.termux.x11-1tus8NhfW98goVF914TrYw==/base.apk!/lib/arm64-v8a/libXlorie.so
04-17 08:24:04.877 I/LorieNative( 8207): ExaTrace: putImage accel count=9216 drawableType=0 drawableId=0x600037 geom=2898x1848 size=2912x22 format=2 depth=24
04-17 08:24:04.878 I/LorieNative( 8207): DamageTraceV2: PutImage count=8832 drawableType=WINDOW screenPixmap=0 drawable=0xb4000070a0f49030 geom=2898x1848 box=0,946-2898,968 backend=other fn=0x6d7991fe24 fn_offset=0x30de24 fbase=0x6d79612000 sym=unknown so=/data/app/~~iNwcSjv3C2CZCLwcLxpEtA==/com.termux.x11-1tus8NhfW98goVF914TrYw==/base.apk!/lib/arm64-v8a/libXlorie.so
04-17 08:24:04.913 I/LorieNative( 8207): DamageTraceV2: PutImage count=8896 drawableType=WINDOW screenPixmap=0 drawable=0xb4000070a0f49030 geom=2898x1848 box=0,506-2898,528 backend=other fn=0x6d7991fe24 fn_offset=0x30de24 fbase=0x6d79612000 sym=unknown so=/data/app/~~iNwcSjv3C2CZCLwcLxpEtA==/com.termux.x11-1tus8NhfW98goVF914TrYw==/base.apk!/lib/arm64-v8a/libXlorie.so
04-17 08:24:04.918 I/LorieNative( 8207): ExaTrace: putImage accel count=9344 drawableType=0 drawableId=0x600037 geom=2898x1848 size=2912x22 format=2 depth=24
04-17 08:24:04.947 I/LorieNative( 8207): DamageTraceV2: PutImage count=8960 drawableType=WINDOW screenPixmap=0 drawable=0xb4000070a0f49030 geom=2898x1848 box=0,66-2898,88 backend=other fn=0x6d7991fe24 fn_offset=0x30de24 fbase=0x6d79612000 sym=unknown so=/data/app/~~iNwcSjv3C2CZCLwcLxpEtA==/com.termux.x11-1tus8NhfW98goVF914TrYw==/base.apk!/lib/arm64-v8a/libXlorie.so
04-17 08:24:04.955 I/LorieNative( 8207): DamageTraceV2: PutImage count=9024 drawableType=WINDOW screenPixmap=0 drawable=0xb4000070a0f49030 geom=2898x1848 box=0,1474-2898,1496 backend=other fn=0x6d7991fe24 fn_offset=0x30de24 fbase=0x6d79612000 sym=unknown so=/data/app/~~iNwcSjv3C2CZCLwcLxpEtA==/com.termux.x11-1tus8NhfW98goVF914TrYw==/base.apk!/lib/arm64-v8a/libXlorie.so
04-17 08:24:04.989 I/LorieNative( 8207): ExaTrace: putImage accel count=9472 drawableType=0 drawableId=0x600037 geom=2898x1848 size=2912x22 format=2 depth=24
04-17 08:24:04.989 I/LorieNative( 8207): DamageTraceV2: PutImage count=9088 drawableType=WINDOW screenPixmap=0 drawable=0xb4000070a0f49030 geom=2898x1848 box=0,1034-2898,1056 backend=other fn=0x6d7991fe24 fn_offset=0x30de24 fbase=0x6d79612000 sym=unknown so=/data/app/~~iNwcSjv3C2CZCLwcLxpEtA==/com.termux.x11-1tus8NhfW98goVF914TrYw==/base.apk!/lib/arm64-v8a/libXlorie.so
04-17 08:24:05.024 I/LorieNative( 8207): DamageTraceV2: PutImage count=9152 drawableType=WINDOW screenPixmap=0 drawable=0xb4000070a0f49030 geom=2898x1848 box=0,594-2898,616 backend=other fn=0x6d7991fe24 fn_offset=0x30de24 fbase=0x6d79612000 sym=unknown so=/data/app/~~iNwcSjv3C2CZCLwcLxpEtA==/com.termux.x11-1tus8NhfW98goVF914TrYw==/base.apk!/lib/arm64-v8a/libXlorie.so
04-17 08:24:05.036 I/RLT     ( 1866): +557929ms [THREAD] Choreographer->main op=doFrame frame=2880 | thread=main
04-17 08:24:05.037 I/RLT     ( 1866): +557930ms [FRAME] fps=120.0 jank=0 p99=8.3ms heap=23MB periodic corr=frames-73d6 | thread=main
04-17 08:24:05.059 I/LorieNative( 8207): ExaTrace: putImage accel count=9600 drawableType=0 drawableId=0x600037 geom=2898x1848 size=2912x22 format=2 depth=24
04-17 08:24:05.063 I/LorieNative( 8207): DamageTraceV2: PutImage count=9216 drawableType=WINDOW screenPixmap=0 drawable=0xb4000070a0f49030 geom=2898x1848 box=0,154-2898,176 backend=other fn=0x6d7991fe24 fn_offset=0x30de24 fbase=0x6d79612000 sym=unknown so=/data/app/~~iNwcSjv3C2CZCLwcLxpEtA==/com.termux.x11-1tus8NhfW98goVF914TrYw==/base.apk!/lib/arm64-v8a/libXlorie.so
04-17 08:24:05.068 I/LorieNative( 8207): DamageTraceV2: PutImage count=9280 drawableType=WINDOW screenPixmap=0 drawable=0xb4000070a0f49030 geom=2898x1848 box=0,1562-2898,1584 backend=other fn=0x6d7991fe24 fn_offset=0x30de24 fbase=0x6d79612000 sym=unknown so=/data/app/~~iNwcSjv3C2CZCLwcLxpEtA==/com.termux.x11-1tus8NhfW98goVF914TrYw==/base.apk!/lib/arm64-v8a/libXlorie.so
04-17 08:24:05.101 I/LorieNative( 8207): ExaTrace: putImage accel count=9728 drawableType=0 drawableId=0x600037 geom=2898x1848 size=2912x22 format=2 depth=24
04-17 08:24:05.101 I/LorieNative( 8207): DamageTraceV2: PutImage count=9344 drawableType=WINDOW screenPixmap=0 drawable=0xb4000070a0f49030 geom=2898x1848 box=0,1122-2898,1144 backend=other fn=0x6d7991fe24 fn_offset=0x30de24 fbase=0x6d79612000 sym=unknown so=/data/app/~~iNwcSjv3C2CZCLwcLxpEtA==/com.termux.x11-1tus8NhfW98goVF914TrYw==/base.apk!/lib/arm64-v8a/libXlorie.so
04-17 08:24:05.132 I/LorieNative( 8207): DamageTraceV2: PutImage count=9408 drawableType=WINDOW screenPixmap=0 drawable=0xb4000070a0f49030 geom=2898x1848 box=0,682-2898,704 backend=other fn=0x6d7991fe24 fn_offset=0x30de24 fbase=0x6d79612000 sym=unknown so=/data/app/~~iNwcSjv3C2CZCLwcLxpEtA==/com.termux.x11-1tus8NhfW98goVF914TrYw==/base.apk!/lib/arm64-v8a/libXlorie.so
04-17 08:24:05.162 I/LorieNative( 8207): ExaTrace: putImage accel count=9856 drawableType=0 drawableId=0x600037 geom=2898x1848 size=2912x22 format=2 depth=24
04-17 08:24:05.164 I/LorieNative( 8207): DamageTraceV2: PutImage count=9472 drawableType=WINDOW screenPixmap=0 drawable=0xb4000070a0f49030 geom=2898x1848 box=0,242-2898,264 backend=other fn=0x6d7991fe24 fn_offset=0x30de24 fbase=0x6d79612000 sym=unknown so=/data/app/~~iNwcSjv3C2CZCLwcLxpEtA==/com.termux.x11-1tus8NhfW98goVF914TrYw==/base.apk!/lib/arm64-v8a/libXlorie.so
04-17 08:24:05.170 I/LorieNative( 8207): DamageTraceV2: PutImage count=9536 drawableType=WINDOW screenPixmap=0 drawable=0xb4000070a0f49030 geom=2898x1848 box=0,1650-2898,1672 backend=other fn=0x6d7991fe24 fn_offset=0x30de24 fbase=0x6d79612000 sym=unknown so=/data/app/~~iNwcSjv3C2CZCLwcLxpEtA==/com.termux.x11-1tus8NhfW98goVF914TrYw==/base.apk!/lib/arm64-v8a/libXlorie.so
04-17 08:24:05.202 I/LorieNative( 8207): ExaTrace: putImage accel count=9984 drawableType=0 drawableId=0x600037 geom=2898x1848 size=2912x22 format=2 depth=24
04-17 08:24:05.203 I/LorieNative( 8207): DamageTraceV2: PutImage count=9600 drawableType=WINDOW screenPixmap=0 drawable=0xb4000070a0f49030 geom=2898x1848 box=0,1210-2898,1232 backend=other fn=0x6d7991fe24 fn_offset=0x30de24 fbase=0x6d79612000 sym=unknown so=/data/app/~~iNwcSjv3C2CZCLwcLxpEtA==/com.termux.x11-1tus8NhfW98goVF914TrYw==/base.apk!/lib/arm64-v8a/libXlorie.so
04-17 08:24:05.240 I/LorieNative( 8207): DamageTraceV2: PutImage count=9664 drawableType=WINDOW screenPixmap=0 drawable=0xb4000070a0f49030 geom=2898x1848 box=0,770-2898,792 backend=other fn=0x6d7991fe24 fn_offset=0x30de24 fbase=0x6d79612000 sym=unknown so=/data/app/~~iNwcSjv3C2CZCLwcLxpEtA==/com.termux.x11-1tus8NhfW98goVF914TrYw==/base.apk!/lib/arm64-v8a/libXlorie.so
04-17 08:24:05.273 I/LorieNative( 8207): choreographer callbacks in 5.0 seconds = 119.8 FPS
04-17 08:24:05.273 I/LorieNative( 8207): redraw wakeups in 5.0 seconds = 119.8 FPS
04-17 08:24:05.273 I/LorieNative( 8207): damage-triggered redraws in 5.0 seconds = 66.6 FPS
04-17 08:24:05.273 I/LorieNative( 8207): AhbLockTrace: sticky=0 lock_calls=333 unlock_calls=333 sticky_hits=8980 flush_skipped=0 in 5.0s
04-17 08:24:05.273 I/LorieNative( 8207): present flip attempts in 5.0 seconds = 0.0 FPS (accepted 0.0, rejected 0.0)
04-17 08:24:05.273 I/LorieNative( 8207): present after-flips in 5.0 seconds = 0.0 FPS
04-17 08:24:05.273 I/LorieNative( 8207): 334 frames in 5.0 seconds = 66.8 FPS
04-17 08:24:05.279 I/LorieNative( 8207): ExaTrace: putImage accel count=10112 drawableType=0 drawableId=0x600037 geom=2898x1848 size=2912x22 format=2 depth=24
04-17 08:24:05.280 I/LorieNative( 8207): DamageTraceV2: PutImage count=9728 drawableType=WINDOW screenPixmap=0 drawable=0xb4000070a0f49030 geom=2898x1848 box=0,330-2898,352 backend=other fn=0x6d7991fe24 fn_offset=0x30de24 fbase=0x6d79612000 sym=unknown so=/data/app/~~iNwcSjv3C2CZCLwcLxpEtA==/com.termux.x11-1tus8NhfW98goVF914TrYw==/base.apk!/lib/arm64-v8a/libXlorie.so
04-17 08:24:05.288 I/LorieNative( 8207): DamageTraceV2: PutImage count=9792 drawableType=WINDOW screenPixmap=0 drawable=0xb4000070a0f49030 geom=2898x1848 box=0,1738-2898,1760 backend=other fn=0x6d7991fe24 fn_offset=0x30de24 fbase=0x6d79612000 sym=unknown so=/data/app/~~iNwcSjv3C2CZCLwcLxpEtA==/com.termux.x11-1tus8NhfW98goVF914TrYw==/base.apk!/lib/arm64-v8a/libXlorie.so
04-17 08:24:05.330 I/LorieNative( 8207): ExaTrace: putImage accel count=10240 drawableType=0 drawableId=0x600037 geom=2898x1848 size=2912x22 format=2 depth=24
04-17 08:24:05.331 I/LorieNative( 8207): DamageTraceV2: PutImage count=9856 drawableType=WINDOW screenPixmap=0 drawable=0xb4000070a0f49030 geom=2898x1848 box=0,1298-2898,1320 backend=other fn=0x6d7991fe24 fn_offset=0x30de24 fbase=0x6d79612000 sym=unknown so=/data/app/~~iNwcSjv3C2CZCLwcLxpEtA==/com.termux.x11-1tus8NhfW98goVF914TrYw==/base.apk!/lib/arm64-v8a/libXlorie.so
04-17 08:24:05.365 I/LorieNative( 8207): DamageTraceV2: PutImage count=9920 drawableType=WINDOW screenPixmap=0 drawable=0xb4000070a0f49030 geom=2898x1848 box=0,858-2898,880 backend=other fn=0x6d7991fe24 fn_offset=0x30de24 fbase=0x6d79612000 sym=unknown so=/data/app/~~iNwcSjv3C2CZCLwcLxpEtA==/com.termux.x11-1tus8NhfW98goVF914TrYw==/base.apk!/lib/arm64-v8a/libXlorie.so
04-17 08:24:05.401 I/LorieNative( 8207): ExaTrace: putImage accel count=10368 drawableType=0 drawableId=0x600037 geom=2898x1848 size=2912x22 format=2 depth=24
04-17 08:24:05.404 I/LorieNative( 8207): DamageTraceV2: PutImage count=9984 drawableType=WINDOW screenPixmap=0 drawable=0xb4000070a0f49030 geom=2898x1848 box=0,418-2898,440 backend=other fn=0x6d7991fe24 fn_offset=0x30de24 fbase=0x6d79612000 sym=unknown so=/data/app/~~iNwcSjv3C2CZCLwcLxpEtA==/com.termux.x11-1tus8NhfW98goVF914TrYw==/base.apk!/lib/arm64-v8a/libXlorie.so
04-17 08:24:05.414 I/LorieNative( 8207): DamageTraceV2: PutImage count=10048 drawableType=WINDOW screenPixmap=0 drawable=0xb4000070a0f49030 geom=2898x1848 box=0,1826-2898,1848 backend=other fn=0x6d7991fe24 fn_offset=0x30de24 fbase=0x6d79612000 sym=unknown so=/data/app/~~iNwcSjv3C2CZCLwcLxpEtA==/com.termux.x11-1tus8NhfW98goVF914TrYw==/base.apk!/lib/arm64-v8a/libXlorie.so
04-17 08:24:05.455 I/LorieNative( 8207): ExaTrace: putImage accel count=10496 drawableType=0 drawableId=0x600037 geom=2898x1848 size=2912x22 format=2 depth=24
04-17 08:24:05.456 I/LorieNative( 8207): DamageTraceV2: PutImage count=10112 drawableType=WINDOW screenPixmap=0 drawable=0xb4000070a0f49030 geom=2898x1848 box=0,1386-2898,1408 backend=other fn=0x6d7991fe24 fn_offset=0x30de24 fbase=0x6d79612000 sym=unknown so=/data/app/~~iNwcSjv3C2CZCLwcLxpEtA==/com.termux.x11-1tus8NhfW98goVF914TrYw==/base.apk!/lib/arm64-v8a/libXlorie.so
04-17 08:24:05.494 I/LorieNative( 8207): DamageTraceV2: PutImage count=10176 drawableType=WINDOW screenPixmap=0 drawable=0xb4000070a0f49030 geom=2898x1848 box=0,946-2898,968 backend=other fn=0x6d7991fe24 fn_offset=0x30de24 fbase=0x6d79612000 sym=unknown so=/data/app/~~iNwcSjv3C2CZCLwcLxpEtA==/com.termux.x11-1tus8NhfW98goVF914TrYw==/base.apk!/lib/arm64-v8a/libXlorie.so
04-17 08:24:05.526 I/LorieNative( 8207): ExaTrace: putImage accel count=10624 drawableType=0 drawableId=0x600037 geom=2898x1848 size=2912x22 format=2 depth=24
04-17 08:24:05.527 I/LorieNative( 8207): DamageTraceV2: PutImage count=10240 drawableType=WINDOW screenPixmap=0 drawable=0xb4000070a0f49030 geom=2898x1848 box=0,506-2898,528 backend=other fn=0x6d7991fe24 fn_offset=0x30de24 fbase=0x6d79612000 sym=unknown so=/data/app/~~iNwcSjv3C2CZCLwcLxpEtA==/com.termux.x11-1tus8NhfW98goVF914TrYw==/base.apk!/lib/arm64-v8a/libXlorie.so
04-17 08:24:05.567 I/LorieNative( 8207): DamageTraceV2: PutImage count=10304 drawableType=WINDOW screenPixmap=0 drawable=0xb4000070a0f49030 geom=2898x1848 box=0,66-2898,88 backend=other fn=0x6d7991fe24 fn_offset=0x30de24 fbase=0x6d79612000 sym=unknown so=/data/app/~~iNwcSjv3C2CZCLwcLxpEtA==/com.termux.x11-1tus8NhfW98goVF914TrYw==/base.apk!/lib/arm64-v8a/libXlorie.so
04-17 08:24:05.577 I/LorieNative( 8207): ExaTrace: putImage accel count=10752 drawableType=0 drawableId=0x600037 geom=2898x1848 size=2912x22 format=2 depth=24
04-17 08:24:05.579 I/LorieNative( 8207): DamageTraceV2: PutImage count=10368 drawableType=WINDOW screenPixmap=0 drawable=0xb4000070a0f49030 geom=2898x1848 box=0,1474-2898,1496 backend=other fn=0x6d7991fe24 fn_offset=0x30de24 fbase=0x6d79612000 sym=unknown so=/data/app/~~iNwcSjv3C2CZCLwcLxpEtA==/com.termux.x11-1tus8NhfW98goVF914TrYw==/base.apk!/lib/arm64-v8a/libXlorie.so
04-17 08:24:05.612 I/LorieNative( 8207): DamageTraceV2: PutImage count=10432 drawableType=WINDOW screenPixmap=0 drawable=0xb4000070a0f49030 geom=2898x1848 box=0,1034-2898,1056 backend=other fn=0x6d7991fe24 fn_offset=0x30de24 fbase=0x6d79612000 sym=unknown so=/data/app/~~iNwcSjv3C2CZCLwcLxpEtA==/com.termux.x11-1tus8NhfW98goVF914TrYw==/base.apk!/lib/arm64-v8a/libXlorie.so
04-17 08:24:05.643 I/LorieNative( 8207): ExaTrace: putImage accel count=10880 drawableType=0 drawableId=0x600037 geom=2898x1848 size=2912x22 format=2 depth=24
04-17 08:24:05.644 I/LorieNative( 8207): DamageTraceV2: PutImage count=10496 drawableType=WINDOW screenPixmap=0 drawable=0xb4000070a0f49030 geom=2898x1848 box=0,594-2898,616 backend=other fn=0x6d7991fe24 fn_offset=0x30de24 fbase=0x6d79612000 sym=unknown so=/data/app/~~iNwcSjv3C2CZCLwcLxpEtA==/com.termux.x11-1tus8NhfW98goVF914TrYw==/base.apk!/lib/arm64-v8a/libXlorie.so
04-17 08:24:05.675 I/LorieNative( 8207): DamageTraceV2: PutImage count=10560 drawableType=WINDOW screenPixmap=0 drawable=0xb4000070a0f49030 geom=2898x1848 box=0,154-2898,176 backend=other fn=0x6d7991fe24 fn_offset=0x30de24 fbase=0x6d79612000 sym=unknown so=/data/app/~~iNwcSjv3C2CZCLwcLxpEtA==/com.termux.x11-1tus8NhfW98goVF914TrYw==/base.apk!/lib/arm64-v8a/libXlorie.so
04-17 08:24:05.681 I/LorieNative( 8207): ExaTrace: putImage accel count=11008 drawableType=0 drawableId=0x600037 geom=2898x1848 size=2912x22 format=2 depth=24
04-17 08:24:05.682 I/LorieNative( 8207): DamageTraceV2: PutImage count=10624 drawableType=WINDOW screenPixmap=0 drawable=0xb4000070a0f49030 geom=2898x1848 box=0,1562-2898,1584 backend=other fn=0x6d7991fe24 fn_offset=0x30de24 fbase=0x6d79612000 sym=unknown so=/data/app/~~iNwcSjv3C2CZCLwcLxpEtA==/com.termux.x11-1tus8NhfW98goVF914TrYw==/base.apk!/lib/arm64-v8a/libXlorie.so
04-17 08:24:05.732 I/LorieNative( 8207): DamageTraceV2: PutImage count=10688 drawableType=WINDOW screenPixmap=0 drawable=0xb4000070a0f49030 geom=2898x1848 box=0,1122-2898,1144 backend=other fn=0x6d7991fe24 fn_offset=0x30de24 fbase=0x6d79612000 sym=unknown so=/data/app/~~iNwcSjv3C2CZCLwcLxpEtA==/com.termux.x11-1tus8NhfW98goVF914TrYw==/base.apk!/lib/arm64-v8a/libXlorie.so
04-17 08:24:05.772 I/LorieNative( 8207): ExaTrace: putImage accel count=11136 drawableType=0 drawableId=0x600037 geom=2898x1848 size=2912x22 format=2 depth=24
04-17 08:24:05.774 I/LorieNative( 8207): DamageTraceV2: PutImage count=10752 drawableType=WINDOW screenPixmap=0 drawable=0xb4000070a0f49030 geom=2898x1848 box=0,682-2898,704 backend=other fn=0x6d7991fe24 fn_offset=0x30de24 fbase=0x6d79612000 sym=unknown so=/data/app/~~iNwcSjv3C2CZCLwcLxpEtA==/com.termux.x11-1tus8NhfW98goVF914TrYw==/base.apk!/lib/arm64-v8a/libXlorie.so
04-17 08:24:05.815 I/LorieNative( 8207): DamageTraceV2: PutImage count=10816 drawableType=WINDOW screenPixmap=0 drawable=0xb4000070a0f49030 geom=2898x1848 box=0,242-2898,264 backend=other fn=0x6d7991fe24 fn_offset=0x30de24 fbase=0x6d79612000 sym=unknown so=/data/app/~~iNwcSjv3C2CZCLwcLxpEtA==/com.termux.x11-1tus8NhfW98goVF914TrYw==/base.apk!/lib/arm64-v8a/libXlorie.so
04-17 08:24:05.825 I/LorieNative( 8207): ExaTrace: putImage accel count=11264 drawableType=0 drawableId=0x600037 geom=2898x1848 size=2912x22 format=2 depth=24
04-17 08:24:05.826 I/LorieNative( 8207): DamageTraceV2: PutImage count=10880 drawableType=WINDOW screenPixmap=0 drawable=0xb4000070a0f49030 geom=2898x1848 box=0,1650-2898,1672 backend=other fn=0x6d7991fe24 fn_offset=0x30de24 fbase=0x6d79612000 sym=unknown so=/data/app/~~iNwcSjv3C2CZCLwcLxpEtA==/com.termux.x11-1tus8NhfW98goVF914TrYw==/base.apk!/lib/arm64-v8a/libXlorie.so
04-17 08:24:05.864 I/LorieNative( 8207): DamageTraceV2: PutImage count=10944 drawableType=WINDOW screenPixmap=0 drawable=0xb4000070a0f49030 geom=2898x1848 box=0,1210-2898,1232 backend=other fn=0x6d7991fe24 fn_offset=0x30de24 fbase=0x6d79612000 sym=unknown so=/data/app/~~iNwcSjv3C2CZCLwcLxpEtA==/com.termux.x11-1tus8NhfW98goVF914TrYw==/base.apk!/lib/arm64-v8a/libXlorie.so
04-17 08:24:05.925 I/LorieNative( 8207): ExaTrace: putImage accel count=11392 drawableType=0 drawableId=0x600037 geom=2898x1848 size=2912x22 format=2 depth=24
04-17 08:24:05.926 I/LorieNative( 8207): DamageTraceV2: PutImage count=11008 drawableType=WINDOW screenPixmap=0 drawable=0xb4000070a0f49030 geom=2898x1848 box=0,770-2898,792 backend=other fn=0x6d7991fe24 fn_offset=0x30de24 fbase=0x6d79612000 sym=unknown so=/data/app/~~iNwcSjv3C2CZCLwcLxpEtA==/com.termux.x11-1tus8NhfW98goVF914TrYw==/base.apk!/lib/arm64-v8a/libXlorie.so
04-17 08:24:05.968 I/LorieNative( 8207): DamageTraceV2: PutImage count=11072 drawableType=WINDOW screenPixmap=0 drawable=0xb4000070a0f49030 geom=2898x1848 box=0,330-2898,352 backend=other fn=0x6d7991fe24 fn_offset=0x30de24 fbase=0x6d79612000 sym=unknown so=/data/app/~~iNwcSjv3C2CZCLwcLxpEtA==/com.termux.x11-1tus8NhfW98goVF914TrYw==/base.apk!/lib/arm64-v8a/libXlorie.so
04-17 08:24:05.982 I/LorieNative( 8207): ExaTrace: putImage accel count=11520 drawableType=0 drawableId=0x600037 geom=2898x1848 size=2912x22 format=2 depth=24
04-17 08:24:05.984 I/LorieNative( 8207): DamageTraceV2: PutImage count=11136 drawableType=WINDOW screenPixmap=0 drawable=0xb4000070a0f49030 geom=2898x1848 box=0,1738-2898,1760 backend=other fn=0x6d7991fe24 fn_offset=0x30de24 fbase=0x6d79612000 sym=unknown so=/data/app/~~iNwcSjv3C2CZCLwcLxpEtA==/com.termux.x11-1tus8NhfW98goVF914TrYw==/base.apk!/lib/arm64-v8a/libXlorie.so
04-17 08:24:06.031 I/LorieNative( 8207): DamageTraceV2: PutImage count=11200 drawableType=WINDOW screenPixmap=0 drawable=0xb4000070a0f49030 geom=2898x1848 box=0,1298-2898,1320 backend=other fn=0x6d7991fe24 fn_offset=0x30de24 fbase=0x6d79612000 sym=unknown so=/data/app/~~iNwcSjv3C2CZCLwcLxpEtA==/com.termux.x11-1tus8NhfW98goVF914TrYw==/base.apk!/lib/arm64-v8a/libXlorie.so
04-17 08:24:06.036 I/RLT     ( 1866): +558928ms [THREAD] Choreographer->main op=doFrame frame=3000 | thread=main
04-17 08:24:06.037 I/RLT     ( 1866): +558930ms [FRAME] fps=120.0 jank=0 p99=8.3ms heap=23MB periodic corr=frames-73d6 | thread=main
04-17 08:24:06.072 I/LorieNative( 8207): ExaTrace: putImage accel count=11648 drawableType=0 drawableId=0x600037 geom=2898x1848 size=2912x22 format=2 depth=24
04-17 08:24:06.074 I/LorieNative( 8207): DamageTraceV2: PutImage count=11264 drawableType=WINDOW screenPixmap=0 drawable=0xb4000070a0f49030 geom=2898x1848 box=0,858-2898,880 backend=other fn=0x6d7991fe24 fn_offset=0x30de24 fbase=0x6d79612000 sym=unknown so=/data/app/~~iNwcSjv3C2CZCLwcLxpEtA==/com.termux.x11-1tus8NhfW98goVF914TrYw==/base.apk!/lib/arm64-v8a/libXlorie.so
04-17 08:24:06.113 I/LorieNative( 8207): DamageTraceV2: PutImage count=11328 drawableType=WINDOW screenPixmap=0 drawable=0xb4000070a0f49030 geom=2898x1848 box=0,418-2898,440 backend=other fn=0x6d7991fe24 fn_offset=0x30de24 fbase=0x6d79612000 sym=unknown so=/data/app/~~iNwcSjv3C2CZCLwcLxpEtA==/com.termux.x11-1tus8NhfW98goVF914TrYw==/base.apk!/lib/arm64-v8a/libXlorie.so
04-17 08:24:06.125 I/LorieNative( 8207): ExaTrace: putImage accel count=11776 drawableType=0 drawableId=0x600037 geom=2898x1848 size=2912x22 format=2 depth=24
04-17 08:24:06.127 I/LorieNative( 8207): DamageTraceV2: PutImage count=11392 drawableType=WINDOW screenPixmap=0 drawable=0xb4000070a0f49030 geom=2898x1848 box=0,1826-2898,1848 backend=other fn=0x6d7991fe24 fn_offset=0x30de24 fbase=0x6d79612000 sym=unknown so=/data/app/~~iNwcSjv3C2CZCLwcLxpEtA==/com.termux.x11-1tus8NhfW98goVF914TrYw==/base.apk!/lib/arm64-v8a/libXlorie.so
04-17 08:24:06.166 I/LorieNative( 8207): DamageTraceV2: PutImage count=11456 drawableType=WINDOW screenPixmap=0 drawable=0xb4000070a0f49030 geom=2898x1848 box=0,1386-2898,1408 backend=other fn=0x6d7991fe24 fn_offset=0x30de24 fbase=0x6d79612000 sym=unknown so=/data/app/~~iNwcSjv3C2CZCLwcLxpEtA==/com.termux.x11-1tus8NhfW98goVF914TrYw==/base.apk!/lib/arm64-v8a/libXlorie.so
04-17 08:24:06.207 I/LorieNative( 8207): ExaTrace: putImage accel count=11904 drawableType=0 drawableId=0x600037 geom=2898x1848 size=2912x22 format=2 depth=24
04-17 08:24:06.209 I/LorieNative( 8207): DamageTraceV2: PutImage count=11520 drawableType=WINDOW screenPixmap=0 drawable=0xb4000070a0f49030 geom=2898x1848 box=0,946-2898,968 backend=other fn=0x6d7991fe24 fn_offset=0x30de24 fbase=0x6d79612000 sym=unknown so=/data/app/~~iNwcSjv3C2CZCLwcLxpEtA==/com.termux.x11-1tus8NhfW98goVF914TrYw==/base.apk!/lib/arm64-v8a/libXlorie.so
04-17 08:24:06.256 I/LorieNative( 8207): DamageTraceV2: PutImage count=11584 drawableType=WINDOW screenPixmap=0 drawable=0xb4000070a0f49030 geom=2898x1848 box=0,506-2898,528 backend=other fn=0x6d7991fe24 fn_offset=0x30de24 fbase=0x6d79612000 sym=unknown so=/data/app/~~iNwcSjv3C2CZCLwcLxpEtA==/com.termux.x11-1tus8NhfW98goVF914TrYw==/base.apk!/lib/arm64-v8a/libXlorie.so
04-17 08:24:06.271 I/LorieNative( 8207): ExaTrace: putImage accel count=12032 drawableType=0 drawableId=0x600037 geom=2898x1848 size=2912x22 format=2 depth=24
04-17 08:24:06.301 I/LorieNative( 8207): DamageTraceV2: PutImage count=11648 drawableType=WINDOW screenPixmap=0 drawable=0xb4000070a0f49030 geom=2898x1848 box=0,66-2898,88 backend=other fn=0x6d7991fe24 fn_offset=0x30de24 fbase=0x6d79612000 sym=unknown so=/data/app/~~iNwcSjv3C2CZCLwcLxpEtA==/com.termux.x11-1tus8NhfW98goVF914TrYw==/base.apk!/lib/arm64-v8a/libXlorie.so
04-17 08:24:06.319 I/LorieNative( 8207): DamageTraceV2: PutImage count=11712 drawableType=WINDOW screenPixmap=0 drawable=0xb4000070a0f49030 geom=2898x1848 box=0,1474-2898,1496 backend=other fn=0x6d7991fe24 fn_offset=0x30de24 fbase=0x6d79612000 sym=unknown so=/data/app/~~iNwcSjv3C2CZCLwcLxpEtA==/com.termux.x11-1tus8NhfW98goVF914TrYw==/base.apk!/lib/arm64-v8a/libXlorie.so
04-17 08:24:06.369 I/LorieNative( 8207): ExaTrace: putImage accel count=12160 drawableType=0 drawableId=0x600037 geom=2898x1848 size=2912x22 format=2 depth=24
04-17 08:24:06.371 I/LorieNative( 8207): DamageTraceV2: PutImage count=11776 drawableType=WINDOW screenPixmap=0 drawable=0xb4000070a0f49030 geom=2898x1848 box=0,1034-2898,1056 backend=other fn=0x6d7991fe24 fn_offset=0x30de24 fbase=0x6d79612000 sym=unknown so=/data/app/~~iNwcSjv3C2CZCLwcLxpEtA==/com.termux.x11-1tus8NhfW98goVF914TrYw==/base.apk!/lib/arm64-v8a/libXlorie.so
04-17 08:24:06.421 I/LorieNative( 8207): DamageTraceV2: PutImage count=11840 drawableType=WINDOW screenPixmap=0 drawable=0xb4000070a0f49030 geom=2898x1848 box=0,594-2898,616 backend=other fn=0x6d7991fe24 fn_offset=0x30de24 fbase=0x6d79612000 sym=unknown so=/data/app/~~iNwcSjv3C2CZCLwcLxpEtA==/com.termux.x11-1tus8NhfW98goVF914TrYw==/base.apk!/lib/arm64-v8a/libXlorie.so
04-17 08:24:06.474 I/LorieNative( 8207): ExaTrace: putImage accel count=12288 drawableType=0 drawableId=0x600037 geom=2898x1848 size=2912x22 format=2 depth=24
04-17 08:24:06.476 I/LorieNative( 8207): DamageTraceV2: PutImage count=11904 drawableType=WINDOW screenPixmap=0 drawable=0xb4000070a0f49030 geom=2898x1848 box=0,154-2898,176 backend=other fn=0x6d7991fe24 fn_offset=0x30de24 fbase=0x6d79612000 sym=unknown so=/data/app/~~iNwcSjv3C2CZCLwcLxpEtA==/com.termux.x11-1tus8NhfW98goVF914TrYw==/base.apk!/lib/arm64-v8a/libXlorie.so
04-17 08:24:06.491 I/LorieNative( 8207): DamageTraceV2: PutImage count=11968 drawableType=WINDOW screenPixmap=0 drawable=0xb4000070a0f49030 geom=2898x1848 box=0,1562-2898,1584 backend=other fn=0x6d7991fe24 fn_offset=0x30de24 fbase=0x6d79612000 sym=unknown so=/data/app/~~iNwcSjv3C2CZCLwcLxpEtA==/com.termux.x11-1tus8NhfW98goVF914TrYw==/base.apk!/lib/arm64-v8a/libXlorie.so
04-17 08:24:06.536 I/LorieNative( 8207): ExaTrace: putImage accel count=12416 drawableType=0 drawableId=0x600037 geom=2898x1848 size=2912x22 format=2 depth=24
04-17 08:24:06.539 I/LorieNative( 8207): DamageTraceV2: PutImage count=12032 drawableType=WINDOW screenPixmap=0 drawable=0xb4000070a0f49030 geom=2898x1848 box=0,1122-2898,1144 backend=other fn=0x6d7991fe24 fn_offset=0x30de24 fbase=0x6d79612000 sym=unknown so=/data/app/~~iNwcSjv3C2CZCLwcLxpEtA==/com.termux.x11-1tus8NhfW98goVF914TrYw==/base.apk!/lib/arm64-v8a/libXlorie.so
04-17 08:24:06.587 I/LorieNative( 8207): DamageTraceV2: PutImage count=12096 drawableType=WINDOW screenPixmap=0 drawable=0xb4000070a0f49030 geom=2898x1848 box=0,682-2898,704 backend=other fn=0x6d7991fe24 fn_offset=0x30de24 fbase=0x6d79612000 sym=unknown so=/data/app/~~iNwcSjv3C2CZCLwcLxpEtA==/com.termux.x11-1tus8NhfW98goVF914TrYw==/base.apk!/lib/arm64-v8a/libXlorie.so
04-17 08:24:06.641 I/LorieNative( 8207): ExaTrace: putImage accel count=12544 drawableType=0 drawableId=0x600037 geom=2898x1848 size=2912x22 format=2 depth=24
04-17 08:24:06.641 I/LorieNative( 8207): DamageTraceV2: PutImage count=12160 drawableType=WINDOW screenPixmap=0 drawable=0xb4000070a0f49030 geom=2898x1848 box=0,242-2898,264 backend=other fn=0x6d7991fe24 fn_offset=0x30de24 fbase=0x6d79612000 sym=unknown so=/data/app/~~iNwcSjv3C2CZCLwcLxpEtA==/com.termux.x11-1tus8NhfW98goVF914TrYw==/base.apk!/lib/arm64-v8a/libXlorie.so
04-17 08:24:06.657 I/LorieNative( 8207): DamageTraceV2: PutImage count=12224 drawableType=WINDOW screenPixmap=0 drawable=0xb4000070a0f49030 geom=2898x1848 box=0,1650-2898,1672 backend=other fn=0x6d7991fe24 fn_offset=0x30de24 fbase=0x6d79612000 sym=unknown so=/data/app/~~iNwcSjv3C2CZCLwcLxpEtA==/com.termux.x11-1tus8NhfW98goVF914TrYw==/base.apk!/lib/arm64-v8a/libXlorie.so
04-17 08:24:06.701 I/LorieNative( 8207): ExaTrace: putImage accel count=12672 drawableType=0 drawableId=0x600037 geom=2898x1848 size=2912x22 format=2 depth=24
04-17 08:24:06.702 I/LorieNative( 8207): DamageTraceV2: PutImage count=12288 drawableType=WINDOW screenPixmap=0 drawable=0xb4000070a0f49030 geom=2898x1848 box=0,1210-2898,1232 backend=other fn=0x6d7991fe24 fn_offset=0x30de24 fbase=0x6d79612000 sym=unknown so=/data/app/~~iNwcSjv3C2CZCLwcLxpEtA==/com.termux.x11-1tus8NhfW98goVF914TrYw==/base.apk!/lib/arm64-v8a/libXlorie.so
04-17 08:24:06.754 I/LorieNative( 8207): DamageTraceV2: PutImage count=12352 drawableType=WINDOW screenPixmap=0 drawable=0xb4000070a0f49030 geom=2898x1848 box=0,770-2898,792 backend=other fn=0x6d7991fe24 fn_offset=0x30de24 fbase=0x6d79612000 sym=unknown so=/data/app/~~iNwcSjv3C2CZCLwcLxpEtA==/com.termux.x11-1tus8NhfW98goVF914TrYw==/base.apk!/lib/arm64-v8a/libXlorie.so
04-17 08:24:06.797 I/LorieNative( 8207): ExaTrace: putImage accel count=12800 drawableType=0 drawableId=0x600037 geom=2898x1848 size=2912x22 format=2 depth=24
04-17 08:24:06.799 I/LorieNative( 8207): DamageTraceV2: PutImage count=12416 drawableType=WINDOW screenPixmap=0 drawable=0xb4000070a0f49030 geom=2898x1848 box=0,330-2898,352 backend=other fn=0x6d7991fe24 fn_offset=0x30de24 fbase=0x6d79612000 sym=unknown so=/data/app/~~iNwcSjv3C2CZCLwcLxpEtA==/com.termux.x11-1tus8NhfW98goVF914TrYw==/base.apk!/lib/arm64-v8a/libXlorie.so
04-17 08:24:06.815 I/LorieNative( 8207): DamageTraceV2: PutImage count=12480 drawableType=WINDOW screenPixmap=0 drawable=0xb4000070a0f49030 geom=2898x1848 box=0,1738-2898,1760 backend=other fn=0x6d7991fe24 fn_offset=0x30de24 fbase=0x6d79612000 sym=unknown so=/data/app/~~iNwcSjv3C2CZCLwcLxpEtA==/com.termux.x11-1tus8NhfW98goVF914TrYw==/base.apk!/lib/arm64-v8a/libXlorie.so
04-17 08:24:06.857 I/LorieNative( 8207): ExaTrace: putImage accel count=12928 drawableType=0 drawableId=0x600037 geom=2898x1848 size=2912x22 format=2 depth=24
04-17 08:24:06.859 I/LorieNative( 8207): DamageTraceV2: PutImage count=12544 drawableType=WINDOW screenPixmap=0 drawable=0xb4000070a0f49030 geom=2898x1848 box=0,1298-2898,1320 backend=other fn=0x6d7991fe24 fn_offset=0x30de24 fbase=0x6d79612000 sym=unknown so=/data/app/~~iNwcSjv3C2CZCLwcLxpEtA==/com.termux.x11-1tus8NhfW98goVF914TrYw==/base.apk!/lib/arm64-v8a/libXlorie.so
04-17 08:24:06.899 I/LorieNative( 8207): DamageTraceV2: PutImage count=12608 drawableType=WINDOW screenPixmap=0 drawable=0xb4000070a0f49030 geom=2898x1848 box=0,858-2898,880 backend=other fn=0x6d7991fe24 fn_offset=0x30de24 fbase=0x6d79612000 sym=unknown so=/data/app/~~iNwcSjv3C2CZCLwcLxpEtA==/com.termux.x11-1tus8NhfW98goVF914TrYw==/base.apk!/lib/arm64-v8a/libXlorie.so
04-17 08:24:06.936 I/LorieNative( 8207): ExaTrace: putImage accel count=13056 drawableType=0 drawableId=0x600037 geom=2898x1848 size=2912x22 format=2 depth=24
04-17 08:24:06.939 I/LorieNative( 8207): DamageTraceV2: PutImage count=12672 drawableType=WINDOW screenPixmap=0 drawable=0xb4000070a0f49030 geom=2898x1848 box=0,418-2898,440 backend=other fn=0x6d7991fe24 fn_offset=0x30de24 fbase=0x6d79612000 sym=unknown so=/data/app/~~iNwcSjv3C2CZCLwcLxpEtA==/com.termux.x11-1tus8NhfW98goVF914TrYw==/base.apk!/lib/arm64-v8a/libXlorie.so
04-17 08:24:06.955 I/LorieNative( 8207): DamageTraceV2: PutImage count=12736 drawableType=WINDOW screenPixmap=0 drawable=0xb4000070a0f49030 geom=2898x1848 box=0,1826-2898,1848 backend=other fn=0x6d7991fe24 fn_offset=0x30de24 fbase=0x6d79612000 sym=unknown so=/data/app/~~iNwcSjv3C2CZCLwcLxpEtA==/com.termux.x11-1tus8NhfW98goVF914TrYw==/base.apk!/lib/arm64-v8a/libXlorie.so
04-17 08:24:07.001 I/LorieNative( 8207): ExaTrace: putImage accel count=13184 drawableType=0 drawableId=0x600037 geom=2898x1848 size=2912x22 format=2 depth=24
04-17 08:24:07.003 I/LorieNative( 8207): DamageTraceV2: PutImage count=12800 drawableType=WINDOW screenPixmap=0 drawable=0xb4000070a0f49030 geom=2898x1848 box=0,1386-2898,1408 backend=other fn=0x6d7991fe24 fn_offset=0x30de24 fbase=0x6d79612000 sym=unknown so=/data/app/~~iNwcSjv3C2CZCLwcLxpEtA==/com.termux.x11-1tus8NhfW98goVF914TrYw==/base.apk!/lib/arm64-v8a/libXlorie.so
04-17 08:24:07.036 I/RLT     ( 1866): +559929ms [THREAD] Choreographer->main op=doFrame frame=3120 | thread=main
04-17 08:24:07.037 I/RLT     ( 1866): +559930ms [FRAME] fps=120.0 jank=0 p99=8.4ms heap=23MB periodic corr=frames-73d6 | thread=main
04-17 08:24:07.051 I/LorieNative( 8207): DamageTraceV2: PutImage count=12864 drawableType=WINDOW screenPixmap=0 drawable=0xb4000070a0f49030 geom=2898x1848 box=0,946-2898,968 backend=other fn=0x6d7991fe24 fn_offset=0x30de24 fbase=0x6d79612000 sym=unknown so=/data/app/~~iNwcSjv3C2CZCLwcLxpEtA==/com.termux.x11-1tus8NhfW98goVF914TrYw==/base.apk!/lib/arm64-v8a/libXlorie.so
04-17 08:24:07.099 I/LorieNative( 8207): ExaTrace: putImage accel count=13312 drawableType=0 drawableId=0x600037 geom=2898x1848 size=2912x22 format=2 depth=24
04-17 08:24:07.100 I/LorieNative( 8207): DamageTraceV2: PutImage count=12928 drawableType=WINDOW screenPixmap=0 drawable=0xb4000070a0f49030 geom=2898x1848 box=0,506-2898,528 backend=other fn=0x6d7991fe24 fn_offset=0x30de24 fbase=0x6d79612000 sym=unknown so=/data/app/~~iNwcSjv3C2CZCLwcLxpEtA==/com.termux.x11-1tus8NhfW98goVF914TrYw==/base.apk!/lib/arm64-v8a/libXlorie.so
04-17 08:24:07.151 I/LorieNative( 8207): DamageTraceV2: PutImage count=12992 drawableType=WINDOW screenPixmap=0 drawable=0xb4000070a0f49030 geom=2898x1848 box=0,66-2898,88 backend=other fn=0x6d7991fe24 fn_offset=0x30de24 fbase=0x6d79612000 sym=unknown so=/data/app/~~iNwcSjv3C2CZCLwcLxpEtA==/com.termux.x11-1tus8NhfW98goVF914TrYw==/base.apk!/lib/arm64-v8a/libXlorie.so
04-17 08:24:07.167 I/LorieNative( 8207): ExaTrace: putImage accel count=13440 drawableType=0 drawableId=0x600037 geom=2898x1848 size=2912x22 format=2 depth=24
04-17 08:24:07.169 I/LorieNative( 8207): DamageTraceV2: PutImage count=13056 drawableType=WINDOW screenPixmap=0 drawable=0xb4000070a0f49030 geom=2898x1848 box=0,1474-2898,1496 backend=other fn=0x6d7991fe24 fn_offset=0x30de24 fbase=0x6d79612000 sym=unknown so=/data/app/~~iNwcSjv3C2CZCLwcLxpEtA==/com.termux.x11-1tus8NhfW98goVF914TrYw==/base.apk!/lib/arm64-v8a/libXlorie.so
04-17 08:24:07.217 I/LorieNative( 8207): DamageTraceV2: PutImage count=13120 drawableType=WINDOW screenPixmap=0 drawable=0xb4000070a0f49030 geom=2898x1848 box=0,1034-2898,1056 backend=other fn=0x6d7991fe24 fn_offset=0x30de24 fbase=0x6d79612000 sym=unknown so=/data/app/~~iNwcSjv3C2CZCLwcLxpEtA==/com.termux.x11-1tus8NhfW98goVF914TrYw==/base.apk!/lib/arm64-v8a/libXlorie.so
04-17 08:24:07.263 I/LorieNative( 8207): ExaTrace: putImage accel count=13568 drawableType=0 drawableId=0x600037 geom=2898x1848 size=2912x22 format=2 depth=24
04-17 08:24:07.264 I/LorieNative( 8207): DamageTraceV2: PutImage count=13184 drawableType=WINDOW screenPixmap=0 drawable=0xb4000070a0f49030 geom=2898x1848 box=0,594-2898,616 backend=other fn=0x6d7991fe24 fn_offset=0x30de24 fbase=0x6d79612000 sym=unknown so=/data/app/~~iNwcSjv3C2CZCLwcLxpEtA==/com.termux.x11-1tus8NhfW98goVF914TrYw==/base.apk!/lib/arm64-v8a/libXlorie.so
04-17 08:24:07.309 I/LorieNative( 8207): DamageTraceV2: PutImage count=13248 drawableType=WINDOW screenPixmap=0 drawable=0xb4000070a0f49030 geom=2898x1848 box=0,154-2898,176 backend=other fn=0x6d7991fe24 fn_offset=0x30de24 fbase=0x6d79612000 sym=unknown so=/data/app/~~iNwcSjv3C2CZCLwcLxpEtA==/com.termux.x11-1tus8NhfW98goVF914TrYw==/base.apk!/lib/arm64-v8a/libXlorie.so
04-17 08:24:07.323 I/LorieNative( 8207): ExaTrace: putImage accel count=13696 drawableType=0 drawableId=0x600037 geom=2898x1848 size=2912x22 format=2 depth=24
04-17 08:24:07.326 I/LorieNative( 8207): DamageTraceV2: PutImage count=13312 drawableType=WINDOW screenPixmap=0 drawable=0xb4000070a0f49030 geom=2898x1848 box=0,1562-2898,1584 backend=other fn=0x6d7991fe24 fn_offset=0x30de24 fbase=0x6d79612000 sym=unknown so=/data/app/~~iNwcSjv3C2CZCLwcLxpEtA==/com.termux.x11-1tus8NhfW98goVF914TrYw==/base.apk!/lib/arm64-v8a/libXlorie.so
04-17 08:24:07.366 I/LorieNative( 8207): DamageTraceV2: PutImage count=13376 drawableType=WINDOW screenPixmap=0 drawable=0xb4000070a0f49030 geom=2898x1848 box=0,1122-2898,1144 backend=other fn=0x6d7991fe24 fn_offset=0x30de24 fbase=0x6d79612000 sym=unknown so=/data/app/~~iNwcSjv3C2CZCLwcLxpEtA==/com.termux.x11-1tus8NhfW98goVF914TrYw==/base.apk!/lib/arm64-v8a/libXlorie.so
04-17 08:24:07.408 I/LorieNative( 8207): ExaTrace: putImage accel count=13824 drawableType=0 drawableId=0x600037 geom=2898x1848 size=2912x22 format=2 depth=24
04-17 08:24:07.412 I/LorieNative( 8207): DamageTraceV2: PutImage count=13440 drawableType=WINDOW screenPixmap=0 drawable=0xb4000070a0f49030 geom=2898x1848 box=0,682-2898,704 backend=other fn=0x6d7991fe24 fn_offset=0x30de24 fbase=0x6d79612000 sym=unknown so=/data/app/~~iNwcSjv3C2CZCLwcLxpEtA==/com.termux.x11-1tus8NhfW98goVF914TrYw==/base.apk!/lib/arm64-v8a/libXlorie.so
04-17 08:24:07.457 I/LorieNative( 8207): DamageTraceV2: PutImage count=13504 drawableType=WINDOW screenPixmap=0 drawable=0xb4000070a0f49030 geom=2898x1848 box=0,242-2898,264 backend=other fn=0x6d7991fe24 fn_offset=0x30de24 fbase=0x6d79612000 sym=unknown so=/data/app/~~iNwcSjv3C2CZCLwcLxpEtA==/com.termux.x11-1tus8NhfW98goVF914TrYw==/base.apk!/lib/arm64-v8a/libXlorie.so
04-17 08:24:07.473 I/LorieNative( 8207): ExaTrace: putImage accel count=13952 drawableType=0 drawableId=0x600037 geom=2898x1848 size=2912x22 format=2 depth=24
04-17 08:24:07.474 I/LorieNative( 8207): DamageTraceV2: PutImage count=13568 drawableType=WINDOW screenPixmap=0 drawable=0xb4000070a0f49030 geom=2898x1848 box=0,1650-2898,1672 backend=other fn=0x6d7991fe24 fn_offset=0x30de24 fbase=0x6d79612000 sym=unknown so=/data/app/~~iNwcSjv3C2CZCLwcLxpEtA==/com.termux.x11-1tus8NhfW98goVF914TrYw==/base.apk!/lib/arm64-v8a/libXlorie.so
04-17 08:24:07.533 I/LorieNative( 8207): DamageTraceV2: PutImage count=13632 drawableType=WINDOW screenPixmap=0 drawable=0xb4000070a0f49030 geom=2898x1848 box=0,1210-2898,1232 backend=other fn=0x6d7991fe24 fn_offset=0x30de24 fbase=0x6d79612000 sym=unknown so=/data/app/~~iNwcSjv3C2CZCLwcLxpEtA==/com.termux.x11-1tus8NhfW98goVF914TrYw==/base.apk!/lib/arm64-v8a/libXlorie.so
04-17 08:24:07.582 I/LorieNative( 8207): ExaTrace: putImage accel count=14080 drawableType=0 drawableId=0x600037 geom=2898x1848 size=2912x22 format=2 depth=24
04-17 08:24:07.584 I/LorieNative( 8207): DamageTraceV2: PutImage count=13696 drawableType=WINDOW screenPixmap=0 drawable=0xb4000070a0f49030 geom=2898x1848 box=0,770-2898,792 backend=other fn=0x6d7991fe24 fn_offset=0x30de24 fbase=0x6d79612000 sym=unknown so=/data/app/~~iNwcSjv3C2CZCLwcLxpEtA==/com.termux.x11-1tus8NhfW98goVF914TrYw==/base.apk!/lib/arm64-v8a/libXlorie.so
04-17 08:24:07.637 I/LorieNative( 8207): DamageTraceV2: PutImage count=13760 drawableType=WINDOW screenPixmap=0 drawable=0xb4000070a0f49030 geom=2898x1848 box=0,330-2898,352 backend=other fn=0x6d7991fe24 fn_offset=0x30de24 fbase=0x6d79612000 sym=unknown so=/data/app/~~iNwcSjv3C2CZCLwcLxpEtA==/com.termux.x11-1tus8NhfW98goVF914TrYw==/base.apk!/lib/arm64-v8a/libXlorie.so
04-17 08:24:07.650 I/LorieNative( 8207): ExaTrace: putImage accel count=14208 drawableType=0 drawableId=0x600037 geom=2898x1848 size=2912x22 format=2 depth=24
04-17 08:24:07.652 I/LorieNative( 8207): DamageTraceV2: PutImage count=13824 drawableType=WINDOW screenPixmap=0 drawable=0xb4000070a0f49030 geom=2898x1848 box=0,1738-2898,1760 backend=other fn=0x6d7991fe24 fn_offset=0x30de24 fbase=0x6d79612000 sym=unknown so=/data/app/~~iNwcSjv3C2CZCLwcLxpEtA==/com.termux.x11-1tus8NhfW98goVF914TrYw==/base.apk!/lib/arm64-v8a/libXlorie.so
04-17 08:24:07.683 I/LorieNative( 8207): DamageTraceV2: PutImage count=13888 drawableType=WINDOW screenPixmap=0 drawable=0xb4000070a0f49030 geom=2898x1848 box=0,1298-2898,1320 backend=other fn=0x6d7991fe24 fn_offset=0x30de24 fbase=0x6d79612000 sym=unknown so=/data/app/~~iNwcSjv3C2CZCLwcLxpEtA==/com.termux.x11-1tus8NhfW98goVF914TrYw==/base.apk!/lib/arm64-v8a/libXlorie.so
04-17 08:24:07.716 I/LorieNative( 8207): ExaTrace: putImage accel count=14336 drawableType=0 drawableId=0x600037 geom=2898x1848 size=2912x22 format=2 depth=24
04-17 08:24:07.718 I/LorieNative( 8207): DamageTraceV2: PutImage count=13952 drawableType=WINDOW screenPixmap=0 drawable=0xb4000070a0f49030 geom=2898x1848 box=0,858-2898,880 backend=other fn=0x6d7991fe24 fn_offset=0x30de24 fbase=0x6d79612000 sym=unknown so=/data/app/~~iNwcSjv3C2CZCLwcLxpEtA==/com.termux.x11-1tus8NhfW98goVF914TrYw==/base.apk!/lib/arm64-v8a/libXlorie.so
04-17 08:24:07.751 I/LorieNative( 8207): DamageTraceV2: PutImage count=14016 drawableType=WINDOW screenPixmap=0 drawable=0xb4000070a0f49030 geom=2898x1848 box=0,418-2898,440 backend=other fn=0x6d7991fe24 fn_offset=0x30de24 fbase=0x6d79612000 sym=unknown so=/data/app/~~iNwcSjv3C2CZCLwcLxpEtA==/com.termux.x11-1tus8NhfW98goVF914TrYw==/base.apk!/lib/arm64-v8a/libXlorie.so
04-17 08:24:07.756 I/LorieNative( 8207): ExaTrace: putImage accel count=14464 drawableType=0 drawableId=0x600037 geom=2898x1848 size=2912x22 format=2 depth=24
04-17 08:24:07.758 I/LorieNative( 8207): DamageTraceV2: PutImage count=14080 drawableType=WINDOW screenPixmap=0 drawable=0xb4000070a0f49030 geom=2898x1848 box=0,1826-2898,1848 backend=other fn=0x6d7991fe24 fn_offset=0x30de24 fbase=0x6d79612000 sym=unknown so=/data/app/~~iNwcSjv3C2CZCLwcLxpEtA==/com.termux.x11-1tus8NhfW98goVF914TrYw==/base.apk!/lib/arm64-v8a/libXlorie.so
04-17 08:24:07.788 I/LorieNative( 8207): DamageTraceV2: PutImage count=14144 drawableType=WINDOW screenPixmap=0 drawable=0xb4000070a0f49030 geom=2898x1848 box=0,1386-2898,1408 backend=other fn=0x6d7991fe24 fn_offset=0x30de24 fbase=0x6d79612000 sym=unknown so=/data/app/~~iNwcSjv3C2CZCLwcLxpEtA==/com.termux.x11-1tus8NhfW98goVF914TrYw==/base.apk!/lib/arm64-v8a/libXlorie.so
04-17 08:24:07.823 I/LorieNative( 8207): ExaTrace: putImage accel count=14592 drawableType=0 drawableId=0x600037 geom=2898x1848 size=2912x22 format=2 depth=24
04-17 08:24:07.824 I/LorieNative( 8207): DamageTraceV2: PutImage count=14208 drawableType=WINDOW screenPixmap=0 drawable=0xb4000070a0f49030 geom=2898x1848 box=0,946-2898,968 backend=other fn=0x6d7991fe24 fn_offset=0x30de24 fbase=0x6d79612000 sym=unknown so=/data/app/~~iNwcSjv3C2CZCLwcLxpEtA==/com.termux.x11-1tus8NhfW98goVF914TrYw==/base.apk!/lib/arm64-v8a/libXlorie.so
04-17 08:24:07.863 I/LorieNative( 8207): DamageTraceV2: PutImage count=14272 drawableType=WINDOW screenPixmap=0 drawable=0xb4000070a0f49030 geom=2898x1848 box=0,506-2898,528 backend=other fn=0x6d7991fe24 fn_offset=0x30de24 fbase=0x6d79612000 sym=unknown so=/data/app/~~iNwcSjv3C2CZCLwcLxpEtA==/com.termux.x11-1tus8NhfW98goVF914TrYw==/base.apk!/lib/arm64-v8a/libXlorie.so
04-17 08:24:07.869 I/LorieNative( 8207): ExaTrace: putImage accel count=14720 drawableType=0 drawableId=0x600037 geom=2898x1848 size=2912x22 format=2 depth=24
04-17 08:24:07.902 I/LorieNative( 8207): DamageTraceV2: PutImage count=14336 drawableType=WINDOW screenPixmap=0 drawable=0xb4000070a0f49030 geom=2898x1848 box=0,66-2898,88 backend=other fn=0x6d7991fe24 fn_offset=0x30de24 fbase=0x6d79612000 sym=unknown so=/data/app/~~iNwcSjv3C2CZCLwcLxpEtA==/com.termux.x11-1tus8NhfW98goVF914TrYw==/base.apk!/lib/arm64-v8a/libXlorie.so
04-17 08:24:07.910 I/LorieNative( 8207): DamageTraceV2: PutImage count=14400 drawableType=WINDOW screenPixmap=0 drawable=0xb4000070a0f49030 geom=2898x1848 box=0,1474-2898,1496 backend=other fn=0x6d7991fe24 fn_offset=0x30de24 fbase=0x6d79612000 sym=unknown so=/data/app/~~iNwcSjv3C2CZCLwcLxpEtA==/com.termux.x11-1tus8NhfW98goVF914TrYw==/base.apk!/lib/arm64-v8a/libXlorie.so
04-17 08:24:07.948 I/LorieNative( 8207): ExaTrace: putImage accel count=14848 drawableType=0 drawableId=0x600037 geom=2898x1848 size=2912x22 format=2 depth=24
04-17 08:24:07.950 I/LorieNative( 8207): DamageTraceV2: PutImage count=14464 drawableType=WINDOW screenPixmap=0 drawable=0xb4000070a0f49030 geom=2898x1848 box=0,1034-2898,1056 backend=other fn=0x6d7991fe24 fn_offset=0x30de24 fbase=0x6d79612000 sym=unknown so=/data/app/~~iNwcSjv3C2CZCLwcLxpEtA==/com.termux.x11-1tus8NhfW98goVF914TrYw==/base.apk!/lib/arm64-v8a/libXlorie.so
04-17 08:24:07.990 I/LorieNative( 8207): DamageTraceV2: PutImage count=14528 drawableType=WINDOW screenPixmap=0 drawable=0xb4000070a0f49030 geom=2898x1848 box=0,594-2898,616 backend=other fn=0x6d7991fe24 fn_offset=0x30de24 fbase=0x6d79612000 sym=unknown so=/data/app/~~iNwcSjv3C2CZCLwcLxpEtA==/com.termux.x11-1tus8NhfW98goVF914TrYw==/base.apk!/lib/arm64-v8a/libXlorie.so
04-17 08:24:08.028 I/LorieNative( 8207): ExaTrace: putImage accel count=14976 drawableType=0 drawableId=0x600037 geom=2898x1848 size=2912x22 format=2 depth=24
04-17 08:24:08.030 I/LorieNative( 8207): DamageTraceV2: PutImage count=14592 drawableType=WINDOW screenPixmap=0 drawable=0xb4000070a0f49030 geom=2898x1848 box=0,154-2898,176 backend=other fn=0x6d7991fe24 fn_offset=0x30de24 fbase=0x6d79612000 sym=unknown so=/data/app/~~iNwcSjv3C2CZCLwcLxpEtA==/com.termux.x11-1tus8NhfW98goVF914TrYw==/base.apk!/lib/arm64-v8a/libXlorie.so
04-17 08:24:08.036 I/RLT     ( 1866): +560929ms [THREAD] Choreographer->main op=doFrame frame=3240 | thread=main
04-17 08:24:08.038 I/RLT     ( 1866): +560930ms [FRAME] fps=120.0 jank=0 p99=8.4ms heap=23MB periodic corr=frames-73d6 | thread=main
04-17 08:24:08.043 I/LorieNative( 8207): DamageTraceV2: PutImage count=14656 drawableType=WINDOW screenPixmap=0 drawable=0xb4000070a0f49030 geom=2898x1848 box=0,1562-2898,1584 backend=other fn=0x6d7991fe24 fn_offset=0x30de24 fbase=0x6d79612000 sym=unknown so=/data/app/~~iNwcSjv3C2CZCLwcLxpEtA==/com.termux.x11-1tus8NhfW98goVF914TrYw==/base.apk!/lib/arm64-v8a/libXlorie.so
04-17 08:24:08.083 I/LorieNative( 8207): ExaTrace: putImage accel count=15104 drawableType=0 drawableId=0x600037 geom=2898x1848 size=2912x22 format=2 depth=24
04-17 08:24:08.084 I/LorieNative( 8207): DamageTraceV2: PutImage count=14720 drawableType=WINDOW screenPixmap=0 drawable=0xb4000070a0f49030 geom=2898x1848 box=0,1122-2898,1144 backend=other fn=0x6d7991fe24 fn_offset=0x30de24 fbase=0x6d79612000 sym=unknown so=/data/app/~~iNwcSjv3C2CZCLwcLxpEtA==/com.termux.x11-1tus8NhfW98goVF914TrYw==/base.apk!/lib/arm64-v8a/libXlorie.so
04-17 08:24:08.124 I/LorieNative( 8207): DamageTraceV2: PutImage count=14784 drawableType=WINDOW screenPixmap=0 drawable=0xb4000070a0f49030 geom=2898x1848 box=0,682-2898,704 backend=other fn=0x6d7991fe24 fn_offset=0x30de24 fbase=0x6d79612000 sym=unknown so=/data/app/~~iNwcSjv3C2CZCLwcLxpEtA==/com.termux.x11-1tus8NhfW98goVF914TrYw==/base.apk!/lib/arm64-v8a/libXlorie.so
04-17 08:24:08.160 I/LorieNative( 8207): ExaTrace: putImage accel count=15232 drawableType=0 drawableId=0x600037 geom=2898x1848 size=2912x22 format=2 depth=24
04-17 08:24:08.161 I/LorieNative( 8207): DamageTraceV2: PutImage count=14848 drawableType=WINDOW screenPixmap=0 drawable=0xb4000070a0f49030 geom=2898x1848 box=0,242-2898,264 backend=other fn=0x6d7991fe24 fn_offset=0x30de24 fbase=0x6d79612000 sym=unknown so=/data/app/~~iNwcSjv3C2CZCLwcLxpEtA==/com.termux.x11-1tus8NhfW98goVF914TrYw==/base.apk!/lib/arm64-v8a/libXlorie.so
04-17 08:24:08.174 I/LorieNative( 8207): DamageTraceV2: PutImage count=14912 drawableType=WINDOW screenPixmap=0 drawable=0xb4000070a0f49030 geom=2898x1848 box=0,1650-2898,1672 backend=other fn=0x6d7991fe24 fn_offset=0x30de24 fbase=0x6d79612000 sym=unknown so=/data/app/~~iNwcSjv3C2CZCLwcLxpEtA==/com.termux.x11-1tus8NhfW98goVF914TrYw==/base.apk!/lib/arm64-v8a/libXlorie.so
04-17 08:24:08.210 I/LorieNative( 8207): ExaTrace: putImage accel count=15360 drawableType=0 drawableId=0x600037 geom=2898x1848 size=2912x22 format=2 depth=24
04-17 08:24:08.212 I/LorieNative( 8207): DamageTraceV2: PutImage count=14976 drawableType=WINDOW screenPixmap=0 drawable=0xb4000070a0f49030 geom=2898x1848 box=0,1210-2898,1232 backend=other fn=0x6d7991fe24 fn_offset=0x30de24 fbase=0x6d79612000 sym=unknown so=/data/app/~~iNwcSjv3C2CZCLwcLxpEtA==/com.termux.x11-1tus8NhfW98goVF914TrYw==/base.apk!/lib/arm64-v8a/libXlorie.so
04-17 08:24:08.251 I/LorieNative( 8207): DamageTraceV2: PutImage count=15040 drawableType=WINDOW screenPixmap=0 drawable=0xb4000070a0f49030 geom=2898x1848 box=0,770-2898,792 backend=other fn=0x6d7991fe24 fn_offset=0x30de24 fbase=0x6d79612000 sym=unknown so=/data/app/~~iNwcSjv3C2CZCLwcLxpEtA==/com.termux.x11-1tus8NhfW98goVF914TrYw==/base.apk!/lib/arm64-v8a/libXlorie.so
04-17 08:24:08.288 I/LorieNative( 8207): ExaTrace: putImage accel count=15488 drawableType=0 drawableId=0x600037 geom=2898x1848 size=2912x22 format=2 depth=24
04-17 08:24:08.289 I/LorieNative( 8207): DamageTraceV2: PutImage count=15104 drawableType=WINDOW screenPixmap=0 drawable=0xb4000070a0f49030 geom=2898x1848 box=0,330-2898,352 backend=other fn=0x6d7991fe24 fn_offset=0x30de24 fbase=0x6d79612000 sym=unknown so=/data/app/~~iNwcSjv3C2CZCLwcLxpEtA==/com.termux.x11-1tus8NhfW98goVF914TrYw==/base.apk!/lib/arm64-v8a/libXlorie.so
04-17 08:24:08.298 I/LorieNative( 8207): DamageTraceV2: PutImage count=15168 drawableType=WINDOW screenPixmap=0 drawable=0xb4000070a0f49030 geom=2898x1848 box=0,1738-2898,1760 backend=other fn=0x6d7991fe24 fn_offset=0x30de24 fbase=0x6d79612000 sym=unknown so=/data/app/~~iNwcSjv3C2CZCLwcLxpEtA==/com.termux.x11-1tus8NhfW98goVF914TrYw==/base.apk!/lib/arm64-v8a/libXlorie.so
04-17 08:24:08.339 I/LorieNative( 8207): ExaTrace: putImage accel count=15616 drawableType=0 drawableId=0x600037 geom=2898x1848 size=2912x22 format=2 depth=24
04-17 08:24:08.340 I/LorieNative( 8207): DamageTraceV2: PutImage count=15232 drawableType=WINDOW screenPixmap=0 drawable=0xb4000070a0f49030 geom=2898x1848 box=0,1298-2898,1320 backend=other fn=0x6d7991fe24 fn_offset=0x30de24 fbase=0x6d79612000 sym=unknown so=/data/app/~~iNwcSjv3C2CZCLwcLxpEtA==/com.termux.x11-1tus8NhfW98goVF914TrYw==/base.apk!/lib/arm64-v8a/libXlorie.so
04-17 08:24:08.384 I/LorieNative( 8207): DamageTraceV2: PutImage count=15296 drawableType=WINDOW screenPixmap=0 drawable=0xb4000070a0f49030 geom=2898x1848 box=0,858-2898,880 backend=other fn=0x6d7991fe24 fn_offset=0x30de24 fbase=0x6d79612000 sym=unknown so=/data/app/~~iNwcSjv3C2CZCLwcLxpEtA==/com.termux.x11-1tus8NhfW98goVF914TrYw==/base.apk!/lib/arm64-v8a/libXlorie.so
04-17 08:24:08.432 I/LorieNative( 8207): ExaTrace: putImage accel count=15744 drawableType=0 drawableId=0x600037 geom=2898x1848 size=2912x22 format=2 depth=24
04-17 08:24:08.434 I/LorieNative( 8207): DamageTraceV2: PutImage count=15360 drawableType=WINDOW screenPixmap=0 drawable=0xb4000070a0f49030 geom=2898x1848 box=0,418-2898,440 backend=other fn=0x6d7991fe24 fn_offset=0x30de24 fbase=0x6d79612000 sym=unknown so=/data/app/~~iNwcSjv3C2CZCLwcLxpEtA==/com.termux.x11-1tus8NhfW98goVF914TrYw==/base.apk!/lib/arm64-v8a/libXlorie.so
04-17 08:24:08.451 I/LorieNative( 8207): DamageTraceV2: PutImage count=15424 drawableType=WINDOW screenPixmap=0 drawable=0xb4000070a0f49030 geom=2898x1848 box=0,1826-2898,1848 backend=other fn=0x6d7991fe24 fn_offset=0x30de24 fbase=0x6d79612000 sym=unknown so=/data/app/~~iNwcSjv3C2CZCLwcLxpEtA==/com.termux.x11-1tus8NhfW98goVF914TrYw==/base.apk!/lib/arm64-v8a/libXlorie.so
04-17 08:24:08.496 I/LorieNative( 8207): ExaTrace: putImage accel count=15872 drawableType=0 drawableId=0x600037 geom=2898x1848 size=2912x22 format=2 depth=24
04-17 08:24:08.498 I/LorieNative( 8207): DamageTraceV2: PutImage count=15488 drawableType=WINDOW screenPixmap=0 drawable=0xb4000070a0f49030 geom=2898x1848 box=0,1386-2898,1408 backend=other fn=0x6d7991fe24 fn_offset=0x30de24 fbase=0x6d79612000 sym=unknown so=/data/app/~~iNwcSjv3C2CZCLwcLxpEtA==/com.termux.x11-1tus8NhfW98goVF914TrYw==/base.apk!/lib/arm64-v8a/libXlorie.so
04-17 08:24:08.536 I/LorieNative( 8207): DamageTraceV2: PutImage count=15552 drawableType=WINDOW screenPixmap=0 drawable=0xb4000070a0f49030 geom=2898x1848 box=0,946-2898,968 backend=other fn=0x6d7991fe24 fn_offset=0x30de24 fbase=0x6d79612000 sym=unknown so=/data/app/~~iNwcSjv3C2CZCLwcLxpEtA==/com.termux.x11-1tus8NhfW98goVF914TrYw==/base.apk!/lib/arm64-v8a/libXlorie.so
04-17 08:24:08.580 I/LorieNative( 8207): ExaTrace: putImage accel count=16000 drawableType=0 drawableId=0x600037 geom=2898x1848 size=2912x22 format=2 depth=24
04-17 08:24:08.582 I/LorieNative( 8207): DamageTraceV2: PutImage count=15616 drawableType=WINDOW screenPixmap=0 drawable=0xb4000070a0f49030 geom=2898x1848 box=0,506-2898,528 backend=other fn=0x6d7991fe24 fn_offset=0x30de24 fbase=0x6d79612000 sym=unknown so=/data/app/~~iNwcSjv3C2CZCLwcLxpEtA==/com.termux.x11-1tus8NhfW98goVF914TrYw==/base.apk!/lib/arm64-v8a/libXlorie.so
04-17 08:24:08.628 I/LorieNative( 8207): DamageTraceV2: PutImage count=15680 drawableType=WINDOW screenPixmap=0 drawable=0xb4000070a0f49030 geom=2898x1848 box=0,66-2898,88 backend=other fn=0x6d7991fe24 fn_offset=0x30de24 fbase=0x6d79612000 sym=unknown so=/data/app/~~iNwcSjv3C2CZCLwcLxpEtA==/com.termux.x11-1tus8NhfW98goVF914TrYw==/base.apk!/lib/arm64-v8a/libXlorie.so
04-17 08:24:08.644 I/LorieNative( 8207): ExaTrace: putImage accel count=16128 drawableType=0 drawableId=0x600037 geom=2898x1848 size=2912x22 format=2 depth=24
04-17 08:24:08.651 I/LorieNative( 8207): DamageTraceV2: PutImage count=15744 drawableType=WINDOW screenPixmap=0 drawable=0xb4000070a0f49030 geom=2898x1848 box=0,1474-2898,1496 backend=other fn=0x6d7991fe24 fn_offset=0x30de24 fbase=0x6d79612000 sym=unknown so=/data/app/~~iNwcSjv3C2CZCLwcLxpEtA==/com.termux.x11-1tus8NhfW98goVF914TrYw==/base.apk!/lib/arm64-v8a/libXlorie.so
04-17 08:24:08.692 I/LorieNative( 8207): DamageTraceV2: PutImage count=15808 drawableType=WINDOW screenPixmap=0 drawable=0xb4000070a0f49030 geom=2898x1848 box=0,1034-2898,1056 backend=other fn=0x6d7991fe24 fn_offset=0x30de24 fbase=0x6d79612000 sym=unknown so=/data/app/~~iNwcSjv3C2CZCLwcLxpEtA==/com.termux.x11-1tus8NhfW98goVF914TrYw==/base.apk!/lib/arm64-v8a/libXlorie.so
04-17 08:24:08.733 I/LorieNative( 8207): ExaTrace: putImage accel count=16256 drawableType=0 drawableId=0x600037 geom=2898x1848 size=2912x22 format=2 depth=24
04-17 08:24:08.734 I/LorieNative( 8207): DamageTraceV2: PutImage count=15872 drawableType=WINDOW screenPixmap=0 drawable=0xb4000070a0f49030 geom=2898x1848 box=0,594-2898,616 backend=other fn=0x6d7991fe24 fn_offset=0x30de24 fbase=0x6d79612000 sym=unknown so=/data/app/~~iNwcSjv3C2CZCLwcLxpEtA==/com.termux.x11-1tus8NhfW98goVF914TrYw==/base.apk!/lib/arm64-v8a/libXlorie.so
04-17 08:24:08.780 I/LorieNative( 8207): DamageTraceV2: PutImage count=15936 drawableType=WINDOW screenPixmap=0 drawable=0xb4000070a0f49030 geom=2898x1848 box=0,154-2898,176 backend=other fn=0x6d7991fe24 fn_offset=0x30de24 fbase=0x6d79612000 sym=unknown so=/data/app/~~iNwcSjv3C2CZCLwcLxpEtA==/com.termux.x11-1tus8NhfW98goVF914TrYw==/base.apk!/lib/arm64-v8a/libXlorie.so
04-17 08:24:08.792 I/LorieNative( 8207): ExaTrace: putImage accel count=16384 drawableType=0 drawableId=0x600037 geom=2898x1848 size=2912x22 format=2 depth=24
04-17 08:24:08.793 I/LorieNative( 8207): DamageTraceV2: PutImage count=16000 drawableType=WINDOW screenPixmap=0 drawable=0xb4000070a0f49030 geom=2898x1848 box=0,1562-2898,1584 backend=other fn=0x6d7991fe24 fn_offset=0x30de24 fbase=0x6d79612000 sym=unknown so=/data/app/~~iNwcSjv3C2CZCLwcLxpEtA==/com.termux.x11-1tus8NhfW98goVF914TrYw==/base.apk!/lib/arm64-v8a/libXlorie.so
04-17 08:24:08.838 I/LorieNative( 8207): DamageTraceV2: PutImage count=16064 drawableType=WINDOW screenPixmap=0 drawable=0xb4000070a0f49030 geom=2898x1848 box=0,1122-2898,1144 backend=other fn=0x6d7991fe24 fn_offset=0x30de24 fbase=0x6d79612000 sym=unknown so=/data/app/~~iNwcSjv3C2CZCLwcLxpEtA==/com.termux.x11-1tus8NhfW98goVF914TrYw==/base.apk!/lib/arm64-v8a/libXlorie.so
04-17 08:24:08.876 I/LorieNative( 8207): ExaTrace: putImage accel count=16512 drawableType=0 drawableId=0x600037 geom=2898x1848 size=2912x22 format=2 depth=24
04-17 08:24:08.880 I/LorieNative( 8207): DamageTraceV2: PutImage count=16128 drawableType=WINDOW screenPixmap=0 drawable=0xb4000070a0f49030 geom=2898x1848 box=0,682-2898,704 backend=other fn=0x6d7991fe24 fn_offset=0x30de24 fbase=0x6d79612000 sym=unknown so=/data/app/~~iNwcSjv3C2CZCLwcLxpEtA==/com.termux.x11-1tus8NhfW98goVF914TrYw==/base.apk!/lib/arm64-v8a/libXlorie.so
04-17 08:24:08.916 I/LorieNative( 8207): DamageTraceV2: PutImage count=16192 drawableType=WINDOW screenPixmap=0 drawable=0xb4000070a0f49030 geom=2898x1848 box=0,242-2898,264 backend=other fn=0x6d7991fe24 fn_offset=0x30de24 fbase=0x6d79612000 sym=unknown so=/data/app/~~iNwcSjv3C2CZCLwcLxpEtA==/com.termux.x11-1tus8NhfW98goVF914TrYw==/base.apk!/lib/arm64-v8a/libXlorie.so
04-17 08:24:08.931 I/LorieNative( 8207): ExaTrace: putImage accel count=16640 drawableType=0 drawableId=0x600037 geom=2898x1848 size=2912x22 format=2 depth=24
04-17 08:24:08.932 I/LorieNative( 8207): DamageTraceV2: PutImage count=16256 drawableType=WINDOW screenPixmap=0 drawable=0xb4000070a0f49030 geom=2898x1848 box=0,1650-2898,1672 backend=other fn=0x6d7991fe24 fn_offset=0x30de24 fbase=0x6d79612000 sym=unknown so=/data/app/~~iNwcSjv3C2CZCLwcLxpEtA==/com.termux.x11-1tus8NhfW98goVF914TrYw==/base.apk!/lib/arm64-v8a/libXlorie.so
04-17 08:24:08.974 I/LorieNative( 8207): DamageTraceV2: PutImage count=16320 drawableType=WINDOW screenPixmap=0 drawable=0xb4000070a0f49030 geom=2898x1848 box=0,1210-2898,1232 backend=other fn=0x6d7991fe24 fn_offset=0x30de24 fbase=0x6d79612000 sym=unknown so=/data/app/~~iNwcSjv3C2CZCLwcLxpEtA==/com.termux.x11-1tus8NhfW98goVF914TrYw==/base.apk!/lib/arm64-v8a/libXlorie.so
04-17 08:24:09.016 I/LorieNative( 8207): ExaTrace: putImage accel count=16768 drawableType=0 drawableId=0x600037 geom=2898x1848 size=2912x22 format=2 depth=24
04-17 08:24:09.017 I/LorieNative( 8207): DamageTraceV2: PutImage count=16384 drawableType=WINDOW screenPixmap=0 drawable=0xb4000070a0f49030 geom=2898x1848 box=0,770-2898,792 backend=other fn=0x6d7991fe24 fn_offset=0x30de24 fbase=0x6d79612000 sym=unknown so=/data/app/~~iNwcSjv3C2CZCLwcLxpEtA==/com.termux.x11-1tus8NhfW98goVF914TrYw==/base.apk!/lib/arm64-v8a/libXlorie.so
04-17 08:24:09.036 I/RLT     ( 1866): +561929ms [THREAD] Choreographer->main op=doFrame frame=3360 | thread=main
04-17 08:24:09.038 I/RLT     ( 1866): +561930ms [FRAME] fps=120.0 jank=0 p99=8.3ms heap=23MB periodic corr=frames-73d6 | thread=main
04-17 08:24:09.056 I/LorieNative( 8207): DamageTraceV2: PutImage count=16448 drawableType=WINDOW screenPixmap=0 drawable=0xb4000070a0f49030 geom=2898x1848 box=0,330-2898,352 backend=other fn=0x6d7991fe24 fn_offset=0x30de24 fbase=0x6d79612000 sym=unknown so=/data/app/~~iNwcSjv3C2CZCLwcLxpEtA==/com.termux.x11-1tus8NhfW98goVF914TrYw==/base.apk!/lib/arm64-v8a/libXlorie.so
04-17 08:24:09.076 I/LorieNative( 8207): ExaTrace: putImage accel count=16896 drawableType=0 drawableId=0x600037 geom=2898x1848 size=2912x22 format=2 depth=24
04-17 08:24:09.078 I/LorieNative( 8207): DamageTraceV2: PutImage count=16512 drawableType=WINDOW screenPixmap=0 drawable=0xb4000070a0f49030 geom=2898x1848 box=0,1738-2898,1760 backend=other fn=0x6d7991fe24 fn_offset=0x30de24 fbase=0x6d79612000 sym=unknown so=/data/app/~~iNwcSjv3C2CZCLwcLxpEtA==/com.termux.x11-1tus8NhfW98goVF914TrYw==/base.apk!/lib/arm64-v8a/libXlorie.so
04-17 08:24:09.128 I/LorieNative( 8207): DamageTraceV2: PutImage count=16576 drawableType=WINDOW screenPixmap=0 drawable=0xb4000070a0f49030 geom=2898x1848 box=0,1298-2898,1320 backend=other fn=0x6d7991fe24 fn_offset=0x30de24 fbase=0x6d79612000 sym=unknown so=/data/app/~~iNwcSjv3C2CZCLwcLxpEtA==/com.termux.x11-1tus8NhfW98goVF914TrYw==/base.apk!/lib/arm64-v8a/libXlorie.so
04-17 08:24:09.167 I/LorieNative( 8207): ExaTrace: putImage accel count=17024 drawableType=0 drawableId=0x600037 geom=2898x1848 size=2912x22 format=2 depth=24
04-17 08:24:09.169 I/LorieNative( 8207): DamageTraceV2: PutImage count=16640 drawableType=WINDOW screenPixmap=0 drawable=0xb4000070a0f49030 geom=2898x1848 box=0,858-2898,880 backend=other fn=0x6d7991fe24 fn_offset=0x30de24 fbase=0x6d79612000 sym=unknown so=/data/app/~~iNwcSjv3C2CZCLwcLxpEtA==/com.termux.x11-1tus8NhfW98goVF914TrYw==/base.apk!/lib/arm64-v8a/libXlorie.so
04-17 08:24:09.214 I/LorieNative( 8207): DamageTraceV2: PutImage count=16704 drawableType=WINDOW screenPixmap=0 drawable=0xb4000070a0f49030 geom=2898x1848 box=0,418-2898,440 backend=other fn=0x6d7991fe24 fn_offset=0x30de24 fbase=0x6d79612000 sym=unknown so=/data/app/~~iNwcSjv3C2CZCLwcLxpEtA==/com.termux.x11-1tus8NhfW98goVF914TrYw==/base.apk!/lib/arm64-v8a/libXlorie.so
04-17 08:24:09.229 I/LorieNative( 8207): ExaTrace: putImage accel count=17152 drawableType=0 drawableId=0x600037 geom=2898x1848 size=2912x22 format=2 depth=24
04-17 08:24:09.232 I/LorieNative( 8207): DamageTraceV2: PutImage count=16768 drawableType=WINDOW screenPixmap=0 drawable=0xb4000070a0f49030 geom=2898x1848 box=0,1826-2898,1848 backend=other fn=0x6d7991fe24 fn_offset=0x30de24 fbase=0x6d79612000 sym=unknown so=/data/app/~~iNwcSjv3C2CZCLwcLxpEtA==/com.termux.x11-1tus8NhfW98goVF914TrYw==/base.apk!/lib/arm64-v8a/libXlorie.so
04-17 08:24:09.277 I/LorieNative( 8207): DamageTraceV2: PutImage count=16832 drawableType=WINDOW screenPixmap=0 drawable=0xb4000070a0f49030 geom=2898x1848 box=0,1386-2898,1408 backend=other fn=0x6d7991fe24 fn_offset=0x30de24 fbase=0x6d79612000 sym=unknown so=/data/app/~~iNwcSjv3C2CZCLwcLxpEtA==/com.termux.x11-1tus8NhfW98goVF914TrYw==/base.apk!/lib/arm64-v8a/libXlorie.so
04-17 08:24:09.316 I/LorieNative( 8207): ExaTrace: putImage accel count=17280 drawableType=0 drawableId=0x600037 geom=2898x1848 size=2912x22 format=2 depth=24
04-17 08:24:09.317 I/LorieNative( 8207): DamageTraceV2: PutImage count=16896 drawableType=WINDOW screenPixmap=0 drawable=0xb4000070a0f49030 geom=2898x1848 box=0,946-2898,968 backend=other fn=0x6d7991fe24 fn_offset=0x30de24 fbase=0x6d79612000 sym=unknown so=/data/app/~~iNwcSjv3C2CZCLwcLxpEtA==/com.termux.x11-1tus8NhfW98goVF914TrYw==/base.apk!/lib/arm64-v8a/libXlorie.so
04-17 08:24:09.364 I/LorieNative( 8207): DamageTraceV2: PutImage count=16960 drawableType=WINDOW screenPixmap=0 drawable=0xb4000070a0f49030 geom=2898x1848 box=0,506-2898,528 backend=other fn=0x6d7991fe24 fn_offset=0x30de24 fbase=0x6d79612000 sym=unknown so=/data/app/~~iNwcSjv3C2CZCLwcLxpEtA==/com.termux.x11-1tus8NhfW98goVF914TrYw==/base.apk!/lib/arm64-v8a/libXlorie.so
04-17 08:24:09.377 I/LorieNative( 8207): ExaTrace: putImage accel count=17408 drawableType=0 drawableId=0x600037 geom=2898x1848 size=2912x22 format=2 depth=24
04-17 08:24:09.407 I/LorieNative( 8207): DamageTraceV2: PutImage count=17024 drawableType=WINDOW screenPixmap=0 drawable=0xb4000070a0f49030 geom=2898x1848 box=0,66-2898,88 backend=other fn=0x6d7991fe24 fn_offset=0x30de24 fbase=0x6d79612000 sym=unknown so=/data/app/~~iNwcSjv3C2CZCLwcLxpEtA==/com.termux.x11-1tus8NhfW98goVF914TrYw==/base.apk!/lib/arm64-v8a/libXlorie.so
04-17 08:24:09.421 I/LorieNative( 8207): DamageTraceV2: PutImage count=17088 drawableType=WINDOW screenPixmap=0 drawable=0xb4000070a0f49030 geom=2898x1848 box=0,1474-2898,1496 backend=other fn=0x6d7991fe24 fn_offset=0x30de24 fbase=0x6d79612000 sym=unknown so=/data/app/~~iNwcSjv3C2CZCLwcLxpEtA==/com.termux.x11-1tus8NhfW98goVF914TrYw==/base.apk!/lib/arm64-v8a/libXlorie.so
04-17 08:24:09.464 I/LorieNative( 8207): ExaTrace: putImage accel count=17536 drawableType=0 drawableId=0x600037 geom=2898x1848 size=2912x22 format=2 depth=24
04-17 08:24:09.467 I/LorieNative( 8207): DamageTraceV2: PutImage count=17152 drawableType=WINDOW screenPixmap=0 drawable=0xb4000070a0f49030 geom=2898x1848 box=0,1034-2898,1056 backend=other fn=0x6d7991fe24 fn_offset=0x30de24 fbase=0x6d79612000 sym=unknown so=/data/app/~~iNwcSjv3C2CZCLwcLxpEtA==/com.termux.x11-1tus8NhfW98goVF914TrYw==/base.apk!/lib/arm64-v8a/libXlorie.so
04-17 08:24:09.513 I/LorieNative( 8207): DamageTraceV2: PutImage count=17216 drawableType=WINDOW screenPixmap=0 drawable=0xb4000070a0f49030 geom=2898x1848 box=0,594-2898,616 backend=other fn=0x6d7991fe24 fn_offset=0x30de24 fbase=0x6d79612000 sym=unknown so=/data/app/~~iNwcSjv3C2CZCLwcLxpEtA==/com.termux.x11-1tus8NhfW98goVF914TrYw==/base.apk!/lib/arm64-v8a/libXlorie.so
04-17 08:24:09.556 I/LorieNative( 8207): ExaTrace: putImage accel count=17664 drawableType=0 drawableId=0x600037 geom=2898x1848 size=2912x22 format=2 depth=24
04-17 08:24:09.558 I/LorieNative( 8207): DamageTraceV2: PutImage count=17280 drawableType=WINDOW screenPixmap=0 drawable=0xb4000070a0f49030 geom=2898x1848 box=0,154-2898,176 backend=other fn=0x6d7991fe24 fn_offset=0x30de24 fbase=0x6d79612000 sym=unknown so=/data/app/~~iNwcSjv3C2CZCLwcLxpEtA==/com.termux.x11-1tus8NhfW98goVF914TrYw==/base.apk!/lib/arm64-v8a/libXlorie.so
04-17 08:24:09.572 I/LorieNative( 8207): DamageTraceV2: PutImage count=17344 drawableType=WINDOW screenPixmap=0 drawable=0xb4000070a0f49030 geom=2898x1848 box=0,1562-2898,1584 backend=other fn=0x6d7991fe24 fn_offset=0x30de24 fbase=0x6d79612000 sym=unknown so=/data/app/~~iNwcSjv3C2CZCLwcLxpEtA==/com.termux.x11-1tus8NhfW98goVF914TrYw==/base.apk!/lib/arm64-v8a/libXlorie.so
04-17 08:24:09.617 I/LorieNative( 8207): ExaTrace: putImage accel count=17792 drawableType=0 drawableId=0x600037 geom=2898x1848 size=2912x22 format=2 depth=24
04-17 08:24:09.618 I/LorieNative( 8207): DamageTraceV2: PutImage count=17408 drawableType=WINDOW screenPixmap=0 drawable=0xb4000070a0f49030 geom=2898x1848 box=0,1122-2898,1144 backend=other fn=0x6d7991fe24 fn_offset=0x30de24 fbase=0x6d79612000 sym=unknown so=/data/app/~~iNwcSjv3C2CZCLwcLxpEtA==/com.termux.x11-1tus8NhfW98goVF914TrYw==/base.apk!/lib/arm64-v8a/libXlorie.so
04-17 08:24:09.665 I/LorieNative( 8207): DamageTraceV2: PutImage count=17472 drawableType=WINDOW screenPixmap=0 drawable=0xb4000070a0f49030 geom=2898x1848 box=0,682-2898,704 backend=other fn=0x6d7991fe24 fn_offset=0x30de24 fbase=0x6d79612000 sym=unknown so=/data/app/~~iNwcSjv3C2CZCLwcLxpEtA==/com.termux.x11-1tus8NhfW98goVF914TrYw==/base.apk!/lib/arm64-v8a/libXlorie.so
04-17 08:24:09.710 I/LorieNative( 8207): ExaTrace: putImage accel count=17920 drawableType=0 drawableId=0x600037 geom=2898x1848 size=2912x22 format=2 depth=24
04-17 08:24:09.713 I/LorieNative( 8207): DamageTraceV2: PutImage count=17536 drawableType=WINDOW screenPixmap=0 drawable=0xb4000070a0f49030 geom=2898x1848 box=0,242-2898,264 backend=other fn=0x6d7991fe24 fn_offset=0x30de24 fbase=0x6d79612000 sym=unknown so=/data/app/~~iNwcSjv3C2CZCLwcLxpEtA==/com.termux.x11-1tus8NhfW98goVF914TrYw==/base.apk!/lib/arm64-v8a/libXlorie.so
04-17 08:24:09.727 I/LorieNative( 8207): DamageTraceV2: PutImage count=17600 drawableType=WINDOW screenPixmap=0 drawable=0xb4000070a0f49030 geom=2898x1848 box=0,1650-2898,1672 backend=other fn=0x6d7991fe24 fn_offset=0x30de24 fbase=0x6d79612000 sym=unknown so=/data/app/~~iNwcSjv3C2CZCLwcLxpEtA==/com.termux.x11-1tus8NhfW98goVF914TrYw==/base.apk!/lib/arm64-v8a/libXlorie.so
04-17 08:24:09.774 I/LorieNative( 8207): ExaTrace: putImage accel count=18048 drawableType=0 drawableId=0x600037 geom=2898x1848 size=2912x22 format=2 depth=24
04-17 08:24:09.776 I/LorieNative( 8207): DamageTraceV2: PutImage count=17664 drawableType=WINDOW screenPixmap=0 drawable=0xb4000070a0f49030 geom=2898x1848 box=0,1210-2898,1232 backend=other fn=0x6d7991fe24 fn_offset=0x30de24 fbase=0x6d79612000 sym=unknown so=/data/app/~~iNwcSjv3C2CZCLwcLxpEtA==/com.termux.x11-1tus8NhfW98goVF914TrYw==/base.apk!/lib/arm64-v8a/libXlorie.so
04-17 08:24:09.825 I/LorieNative( 8207): DamageTraceV2: PutImage count=17728 drawableType=WINDOW screenPixmap=0 drawable=0xb4000070a0f49030 geom=2898x1848 box=0,770-2898,792 backend=other fn=0x6d7991fe24 fn_offset=0x30de24 fbase=0x6d79612000 sym=unknown so=/data/app/~~iNwcSjv3C2CZCLwcLxpEtA==/com.termux.x11-1tus8NhfW98goVF914TrYw==/base.apk!/lib/arm64-v8a/libXlorie.so
04-17 08:24:09.872 I/LorieNative( 8207): ExaTrace: putImage accel count=18176 drawableType=0 drawableId=0x600037 geom=2898x1848 size=2912x22 format=2 depth=24
04-17 08:24:09.874 I/LorieNative( 8207): DamageTraceV2: PutImage count=17792 drawableType=WINDOW screenPixmap=0 drawable=0xb4000070a0f49030 geom=2898x1848 box=0,330-2898,352 backend=other fn=0x6d7991fe24 fn_offset=0x30de24 fbase=0x6d79612000 sym=unknown so=/data/app/~~iNwcSjv3C2CZCLwcLxpEtA==/com.termux.x11-1tus8NhfW98goVF914TrYw==/base.apk!/lib/arm64-v8a/libXlorie.so
04-17 08:24:09.891 I/LorieNative( 8207): DamageTraceV2: PutImage count=17856 drawableType=WINDOW screenPixmap=0 drawable=0xb4000070a0f49030 geom=2898x1848 box=0,1738-2898,1760 backend=other fn=0x6d7991fe24 fn_offset=0x30de24 fbase=0x6d79612000 sym=unknown so=/data/app/~~iNwcSjv3C2CZCLwcLxpEtA==/com.termux.x11-1tus8NhfW98goVF914TrYw==/base.apk!/lib/arm64-v8a/libXlorie.so
04-17 08:24:09.942 I/LorieNative( 8207): ExaTrace: putImage accel count=18304 drawableType=0 drawableId=0x600037 geom=2898x1848 size=2912x22 format=2 depth=24
04-17 08:24:09.943 I/LorieNative( 8207): DamageTraceV2: PutImage count=17920 drawableType=WINDOW screenPixmap=0 drawable=0xb4000070a0f49030 geom=2898x1848 box=0,1298-2898,1320 backend=other fn=0x6d7991fe24 fn_offset=0x30de24 fbase=0x6d79612000 sym=unknown so=/data/app/~~iNwcSjv3C2CZCLwcLxpEtA==/com.termux.x11-1tus8NhfW98goVF914TrYw==/base.apk!/lib/arm64-v8a/libXlorie.so
04-17 08:24:09.988 I/LorieNative( 8207): DamageTraceV2: PutImage count=17984 drawableType=WINDOW screenPixmap=0 drawable=0xb4000070a0f49030 geom=2898x1848 box=0,858-2898,880 backend=other fn=0x6d7991fe24 fn_offset=0x30de24 fbase=0x6d79612000 sym=unknown so=/data/app/~~iNwcSjv3C2CZCLwcLxpEtA==/com.termux.x11-1tus8NhfW98goVF914TrYw==/base.apk!/lib/arm64-v8a/libXlorie.so
04-17 08:24:10.030 I/LorieNative( 8207): ExaTrace: putImage accel count=18432 drawableType=0 drawableId=0x600037 geom=2898x1848 size=2912x22 format=2 depth=24
04-17 08:24:10.032 I/LorieNative( 8207): DamageTraceV2: PutImage count=18048 drawableType=WINDOW screenPixmap=0 drawable=0xb4000070a0f49030 geom=2898x1848 box=0,418-2898,440 backend=other fn=0x6d7991fe24 fn_offset=0x30de24 fbase=0x6d79612000 sym=unknown so=/data/app/~~iNwcSjv3C2CZCLwcLxpEtA==/com.termux.x11-1tus8NhfW98goVF914TrYw==/base.apk!/lib/arm64-v8a/libXlorie.so
04-17 08:24:10.036 I/RLT     ( 1866): +562928ms [THREAD] Choreographer->main op=doFrame frame=3480 | thread=main
04-17 08:24:10.037 I/RLT     ( 1866): +562929ms [FRAME] fps=120.0 jank=0 p99=8.4ms heap=23MB periodic corr=frames-73d6 | thread=main
04-17 08:24:10.049 I/LorieNative( 8207): DamageTraceV2: PutImage count=18112 drawableType=WINDOW screenPixmap=0 drawable=0xb4000070a0f49030 geom=2898x1848 box=0,1826-2898,1848 backend=other fn=0x6d7991fe24 fn_offset=0x30de24 fbase=0x6d79612000 sym=unknown so=/data/app/~~iNwcSjv3C2CZCLwcLxpEtA==/com.termux.x11-1tus8NhfW98goVF914TrYw==/base.apk!/lib/arm64-v8a/libXlorie.so
04-17 08:24:10.086 I/LorieNative( 8207): ExaTrace: putImage accel count=18560 drawableType=0 drawableId=0x600037 geom=2898x1848 size=2912x22 format=2 depth=24
04-17 08:24:10.089 I/LorieNative( 8207): DamageTraceV2: PutImage count=18176 drawableType=WINDOW screenPixmap=0 drawable=0xb4000070a0f49030 geom=2898x1848 box=0,1386-2898,1408 backend=other fn=0x6d7991fe24 fn_offset=0x30de24 fbase=0x6d79612000 sym=unknown so=/data/app/~~iNwcSjv3C2CZCLwcLxpEtA==/com.termux.x11-1tus8NhfW98goVF914TrYw==/base.apk!/lib/arm64-v8a/libXlorie.so
04-17 08:24:10.130 I/LorieNative( 8207): DamageTraceV2: PutImage count=18240 drawableType=WINDOW screenPixmap=0 drawable=0xb4000070a0f49030 geom=2898x1848 box=0,946-2898,968 backend=other fn=0x6d7991fe24 fn_offset=0x30de24 fbase=0x6d79612000 sym=unknown so=/data/app/~~iNwcSjv3C2CZCLwcLxpEtA==/com.termux.x11-1tus8NhfW98goVF914TrYw==/base.apk!/lib/arm64-v8a/libXlorie.so
04-17 08:24:10.175 I/LorieNative( 8207): ExaTrace: putImage accel count=18688 drawableType=0 drawableId=0x600037 geom=2898x1848 size=2912x22 format=2 depth=24
04-17 08:24:10.177 I/LorieNative( 8207): DamageTraceV2: PutImage count=18304 drawableType=WINDOW screenPixmap=0 drawable=0xb4000070a0f49030 geom=2898x1848 box=0,506-2898,528 backend=other fn=0x6d7991fe24 fn_offset=0x30de24 fbase=0x6d79612000 sym=unknown so=/data/app/~~iNwcSjv3C2CZCLwcLxpEtA==/com.termux.x11-1tus8NhfW98goVF914TrYw==/base.apk!/lib/arm64-v8a/libXlorie.so
04-17 08:24:10.226 I/LorieNative( 8207): DamageTraceV2: PutImage count=18368 drawableType=WINDOW screenPixmap=0 drawable=0xb4000070a0f49030 geom=2898x1848 box=0,66-2898,88 backend=other fn=0x6d7991fe24 fn_offset=0x30de24 fbase=0x6d79612000 sym=unknown so=/data/app/~~iNwcSjv3C2CZCLwcLxpEtA==/com.termux.x11-1tus8NhfW98goVF914TrYw==/base.apk!/lib/arm64-v8a/libXlorie.so
04-17 08:24:10.240 I/LorieNative( 8207): ExaTrace: putImage accel count=18816 drawableType=0 drawableId=0x600037 geom=2898x1848 size=2912x22 format=2 depth=24
04-17 08:24:10.242 I/LorieNative( 8207): DamageTraceV2: PutImage count=18432 drawableType=WINDOW screenPixmap=0 drawable=0xb4000070a0f49030 geom=2898x1848 box=0,1474-2898,1496 backend=other fn=0x6d7991fe24 fn_offset=0x30de24 fbase=0x6d79612000 sym=unknown so=/data/app/~~iNwcSjv3C2CZCLwcLxpEtA==/com.termux.x11-1tus8NhfW98goVF914TrYw==/base.apk!/lib/arm64-v8a/libXlorie.so
04-17 08:24:10.273 I/LorieNative( 8207): choreographer callbacks in 5.0 seconds = 120.0 FPS
04-17 08:24:10.273 I/LorieNative( 8207): redraw wakeups in 5.0 seconds = 120.0 FPS
04-17 08:24:10.273 I/LorieNative( 8207): damage-triggered redraws in 5.0 seconds = 64.8 FPS
04-17 08:24:10.273 I/LorieNative( 8207): AhbLockTrace: sticky=0 lock_calls=324 unlock_calls=324 sticky_hits=8740 flush_skipped=0 in 5.0s
04-17 08:24:10.273 I/LorieNative( 8207): present flip attempts in 5.0 seconds = 0.0 FPS (accepted 0.0, rejected 0.0)
04-17 08:24:10.273 I/LorieNative( 8207): present after-flips in 5.0 seconds = 0.0 FPS
04-17 08:24:10.273 I/LorieNative( 8207): 324 frames in 5.0 seconds = 64.8 FPS
04-17 08:24:10.284 I/LorieNative( 8207): DamageTraceV2: PutImage count=18496 drawableType=WINDOW screenPixmap=0 drawable=0xb4000070a0f49030 geom=2898x1848 box=0,1034-2898,1056 backend=other fn=0x6d7991fe24 fn_offset=0x30de24 fbase=0x6d79612000 sym=unknown so=/data/app/~~iNwcSjv3C2CZCLwcLxpEtA==/com.termux.x11-1tus8NhfW98goVF914TrYw==/base.apk!/lib/arm64-v8a/libXlorie.so
04-17 08:24:10.314 I/RLT     ( 1866): +563207ms [PERF] PERF_SUMMARY:   renderer_fps=62.7 wait_choreo_pct=0 wait_content_pct=0 wait_state_pct=0 | thread=perf-dashboard
04-17 08:24:10.326 I/LorieNative( 8207): ExaTrace: putImage accel count=18944 drawableType=0 drawableId=0x600037 geom=2898x1848 size=2912x22 format=2 depth=24
04-17 08:24:10.327 I/LorieNative( 8207): DamageTraceV2: PutImage count=18560 drawableType=WINDOW screenPixmap=0 drawable=0xb4000070a0f49030 geom=2898x1848 box=0,594-2898,616 backend=other fn=0x6d7991fe24 fn_offset=0x30de24 fbase=0x6d79612000 sym=unknown so=/data/app/~~iNwcSjv3C2CZCLwcLxpEtA==/com.termux.x11-1tus8NhfW98goVF914TrYw==/base.apk!/lib/arm64-v8a/libXlorie.so
04-17 08:24:10.374 I/LorieNative( 8207): DamageTraceV2: PutImage count=18624 drawableType=WINDOW screenPixmap=0 drawable=0xb4000070a0f49030 geom=2898x1848 box=0,154-2898,176 backend=other fn=0x6d7991fe24 fn_offset=0x30de24 fbase=0x6d79612000 sym=unknown so=/data/app/~~iNwcSjv3C2CZCLwcLxpEtA==/com.termux.x11-1tus8NhfW98goVF914TrYw==/base.apk!/lib/arm64-v8a/libXlorie.so
04-17 08:24:10.387 I/LorieNative( 8207): ExaTrace: putImage accel count=19072 drawableType=0 drawableId=0x600037 geom=2898x1848 size=2912x22 format=2 depth=24
04-17 08:24:10.390 I/LorieNative( 8207): DamageTraceV2: PutImage count=18688 drawableType=WINDOW screenPixmap=0 drawable=0xb4000070a0f49030 geom=2898x1848 box=0,1562-2898,1584 backend=other fn=0x6d7991fe24 fn_offset=0x30de24 fbase=0x6d79612000 sym=unknown so=/data/app/~~iNwcSjv3C2CZCLwcLxpEtA==/com.termux.x11-1tus8NhfW98goVF914TrYw==/base.apk!/lib/arm64-v8a/libXlorie.so
04-17 08:24:10.436 I/LorieNative( 8207): DamageTraceV2: PutImage count=18752 drawableType=WINDOW screenPixmap=0 drawable=0xb4000070a0f49030 geom=2898x1848 box=0,1122-2898,1144 backend=other fn=0x6d7991fe24 fn_offset=0x30de24 fbase=0x6d79612000 sym=unknown so=/data/app/~~iNwcSjv3C2CZCLwcLxpEtA==/com.termux.x11-1tus8NhfW98goVF914TrYw==/base.apk!/lib/arm64-v8a/libXlorie.so
04-17 08:24:10.477 I/LorieNative( 8207): ExaTrace: putImage accel count=19200 drawableType=0 drawableId=0x600037 geom=2898x1848 size=2912x22 format=2 depth=24
04-17 08:24:10.479 I/LorieNative( 8207): DamageTraceV2: PutImage count=18816 drawableType=WINDOW screenPixmap=0 drawable=0xb4000070a0f49030 geom=2898x1848 box=0,682-2898,704 backend=other fn=0x6d7991fe24 fn_offset=0x30de24 fbase=0x6d79612000 sym=unknown so=/data/app/~~iNwcSjv3C2CZCLwcLxpEtA==/com.termux.x11-1tus8NhfW98goVF914TrYw==/base.apk!/lib/arm64-v8a/libXlorie.so
04-17 08:24:10.521 I/LorieNative( 8207): DamageTraceV2: PutImage count=18880 drawableType=WINDOW screenPixmap=0 drawable=0xb4000070a0f49030 geom=2898x1848 box=0,242-2898,264 backend=other fn=0x6d7991fe24 fn_offset=0x30de24 fbase=0x6d79612000 sym=unknown so=/data/app/~~iNwcSjv3C2CZCLwcLxpEtA==/com.termux.x11-1tus8NhfW98goVF914TrYw==/base.apk!/lib/arm64-v8a/libXlorie.so
04-17 08:24:10.534 I/LorieNative( 8207): ExaTrace: putImage accel count=19328 drawableType=0 drawableId=0x600037 geom=2898x1848 size=2912x22 format=2 depth=24
04-17 08:24:10.536 I/LorieNative( 8207): DamageTraceV2: PutImage count=18944 drawableType=WINDOW screenPixmap=0 drawable=0xb4000070a0f49030 geom=2898x1848 box=0,1650-2898,1672 backend=other fn=0x6d7991fe24 fn_offset=0x30de24 fbase=0x6d79612000 sym=unknown so=/data/app/~~iNwcSjv3C2CZCLwcLxpEtA==/com.termux.x11-1tus8NhfW98goVF914TrYw==/base.apk!/lib/arm64-v8a/libXlorie.so
04-17 08:24:10.579 I/LorieNative( 8207): DamageTraceV2: PutImage count=19008 drawableType=WINDOW screenPixmap=0 drawable=0xb4000070a0f49030 geom=2898x1848 box=0,1210-2898,1232 backend=other fn=0x6d7991fe24 fn_offset=0x30de24 fbase=0x6d79612000 sym=unknown so=/data/app/~~iNwcSjv3C2CZCLwcLxpEtA==/com.termux.x11-1tus8NhfW98goVF914TrYw==/base.apk!/lib/arm64-v8a/libXlorie.so
04-17 08:24:10.618 I/LorieNative( 8207): ExaTrace: putImage accel count=19456 drawableType=0 drawableId=0x600037 geom=2898x1848 size=2912x22 format=2 depth=24
04-17 08:24:10.620 I/LorieNative( 8207): DamageTraceV2: PutImage count=19072 drawableType=WINDOW screenPixmap=0 drawable=0xb4000070a0f49030 geom=2898x1848 box=0,770-2898,792 backend=other fn=0x6d7991fe24 fn_offset=0x30de24 fbase=0x6d79612000 sym=unknown so=/data/app/~~iNwcSjv3C2CZCLwcLxpEtA==/com.termux.x11-1tus8NhfW98goVF914TrYw==/base.apk!/lib/arm64-v8a/libXlorie.so
04-17 08:24:10.668 I/LorieNative( 8207): DamageTraceV2: PutImage count=19136 drawableType=WINDOW screenPixmap=0 drawable=0xb4000070a0f49030 geom=2898x1848 box=0,330-2898,352 backend=other fn=0x6d7991fe24 fn_offset=0x30de24 fbase=0x6d79612000 sym=unknown so=/data/app/~~iNwcSjv3C2CZCLwcLxpEtA==/com.termux.x11-1tus8NhfW98goVF914TrYw==/base.apk!/lib/arm64-v8a/libXlorie.so
04-17 08:24:10.688 I/LorieNative( 8207): ExaTrace: putImage accel count=19584 drawableType=0 drawableId=0x600037 geom=2898x1848 size=2912x22 format=2 depth=24
04-17 08:24:10.694 I/LorieNative( 8207): DamageTraceV2: PutImage count=19200 drawableType=WINDOW screenPixmap=0 drawable=0xb4000070a0f49030 geom=2898x1848 box=0,1738-2898,1760 backend=other fn=0x6d7991fe24 fn_offset=0x30de24 fbase=0x6d79612000 sym=unknown so=/data/app/~~iNwcSjv3C2CZCLwcLxpEtA==/com.termux.x11-1tus8NhfW98goVF914TrYw==/base.apk!/lib/arm64-v8a/libXlorie.so
04-17 08:24:10.742 I/LorieNative( 8207): DamageTraceV2: PutImage count=19264 drawableType=WINDOW screenPixmap=0 drawable=0xb4000070a0f49030 geom=2898x1848 box=0,1298-2898,1320 backend=other fn=0x6d7991fe24 fn_offset=0x30de24 fbase=0x6d79612000 sym=unknown so=/data/app/~~iNwcSjv3C2CZCLwcLxpEtA==/com.termux.x11-1tus8NhfW98goVF914TrYw==/base.apk!/lib/arm64-v8a/libXlorie.so
04-17 08:24:10.781 I/LorieNative( 8207): ExaTrace: putImage accel count=19712 drawableType=0 drawableId=0x600037 geom=2898x1848 size=2912x22 format=2 depth=24
04-17 08:24:10.783 I/LorieNative( 8207): DamageTraceV2: PutImage count=19328 drawableType=WINDOW screenPixmap=0 drawable=0xb4000070a0f49030 geom=2898x1848 box=0,858-2898,880 backend=other fn=0x6d7991fe24 fn_offset=0x30de24 fbase=0x6d79612000 sym=unknown so=/data/app/~~iNwcSjv3C2CZCLwcLxpEtA==/com.termux.x11-1tus8NhfW98goVF914TrYw==/base.apk!/lib/arm64-v8a/libXlorie.so
04-17 08:24:10.838 I/LorieNative( 8207): DamageTraceV2: PutImage count=19392 drawableType=WINDOW screenPixmap=0 drawable=0xb4000070a0f49030 geom=2898x1848 box=0,418-2898,440 backend=other fn=0x6d7991fe24 fn_offset=0x30de24 fbase=0x6d79612000 sym=unknown so=/data/app/~~iNwcSjv3C2CZCLwcLxpEtA==/com.termux.x11-1tus8NhfW98goVF914TrYw==/base.apk!/lib/arm64-v8a/libXlorie.so
04-17 08:24:10.859 I/LorieNative( 8207): ExaTrace: putImage accel count=19840 drawableType=0 drawableId=0x600037 geom=2898x1848 size=2912x22 format=2 depth=24
04-17 08:24:10.861 I/LorieNative( 8207): DamageTraceV2: PutImage count=19456 drawableType=WINDOW screenPixmap=0 drawable=0xb4000070a0f49030 geom=2898x1848 box=0,1826-2898,1848 backend=other fn=0x6d7991fe24 fn_offset=0x30de24 fbase=0x6d79612000 sym=unknown so=/data/app/~~iNwcSjv3C2CZCLwcLxpEtA==/com.termux.x11-1tus8NhfW98goVF914TrYw==/base.apk!/lib/arm64-v8a/libXlorie.so
04-17 08:24:10.908 I/LorieNative( 8207): DamageTraceV2: PutImage count=19520 drawableType=WINDOW screenPixmap=0 drawable=0xb4000070a0f49030 geom=2898x1848 box=0,1386-2898,1408 backend=other fn=0x6d7991fe24 fn_offset=0x30de24 fbase=0x6d79612000 sym=unknown so=/data/app/~~iNwcSjv3C2CZCLwcLxpEtA==/com.termux.x11-1tus8NhfW98goVF914TrYw==/base.apk!/lib/arm64-v8a/libXlorie.so
04-17 08:24:10.954 I/LorieNative( 8207): ExaTrace: putImage accel count=19968 drawableType=0 drawableId=0x600037 geom=2898x1848 size=2912x22 format=2 depth=24
04-17 08:24:10.957 I/LorieNative( 8207): DamageTraceV2: PutImage count=19584 drawableType=WINDOW screenPixmap=0 drawable=0xb4000070a0f49030 geom=2898x1848 box=0,946-2898,968 backend=other fn=0x6d7991fe24 fn_offset=0x30de24 fbase=0x6d79612000 sym=unknown so=/data/app/~~iNwcSjv3C2CZCLwcLxpEtA==/com.termux.x11-1tus8NhfW98goVF914TrYw==/base.apk!/lib/arm64-v8a/libXlorie.so
04-17 08:24:11.007 I/LorieNative( 8207): DamageTraceV2: PutImage count=19648 drawableType=WINDOW screenPixmap=0 drawable=0xb4000070a0f49030 geom=2898x1848 box=0,506-2898,528 backend=other fn=0x6d7991fe24 fn_offset=0x30de24 fbase=0x6d79612000 sym=unknown so=/data/app/~~iNwcSjv3C2CZCLwcLxpEtA==/com.termux.x11-1tus8NhfW98goVF914TrYw==/base.apk!/lib/arm64-v8a/libXlorie.so
04-17 08:24:11.033 I/LorieNative( 8207): ExaTrace: putImage accel count=20096 drawableType=0 drawableId=0x600037 geom=2898x1848 size=2912x22 format=2 depth=24
04-17 08:24:11.036 I/RLT     ( 1866): +563929ms [THREAD] Choreographer->main op=doFrame frame=3600 | thread=main
04-17 08:24:11.038 I/RLT     ( 1866): +563931ms [FRAME] fps=120.0 jank=0 p99=8.4ms heap=24MB periodic corr=frames-73d6 | thread=main
04-17 08:24:11.068 I/LorieNative( 8207): DamageTraceV2: PutImage count=19712 drawableType=WINDOW screenPixmap=0 drawable=0xb4000070a0f49030 geom=2898x1848 box=0,66-2898,88 backend=other fn=0x6d7991fe24 fn_offset=0x30de24 fbase=0x6d79612000 sym=unknown so=/data/app/~~iNwcSjv3C2CZCLwcLxpEtA==/com.termux.x11-1tus8NhfW98goVF914TrYw==/base.apk!/lib/arm64-v8a/libXlorie.so
04-17 08:24:11.084 I/LorieNative( 8207): DamageTraceV2: PutImage count=19776 drawableType=WINDOW screenPixmap=0 drawable=0xb4000070a0f49030 geom=2898x1848 box=0,1474-2898,1496 backend=other fn=0x6d7991fe24 fn_offset=0x30de24 fbase=0x6d79612000 sym=unknown so=/data/app/~~iNwcSjv3C2CZCLwcLxpEtA==/com.termux.x11-1tus8NhfW98goVF914TrYw==/base.apk!/lib/arm64-v8a/libXlorie.so
04-17 08:24:11.128 I/LorieNative( 8207): ExaTrace: putImage accel count=20224 drawableType=0 drawableId=0x600037 geom=2898x1848 size=2912x22 format=2 depth=24
04-17 08:24:11.129 I/LorieNative( 8207): DamageTraceV2: PutImage count=19840 drawableType=WINDOW screenPixmap=0 drawable=0xb4000070a0f49030 geom=2898x1848 box=0,1034-2898,1056 backend=other fn=0x6d7991fe24 fn_offset=0x30de24 fbase=0x6d79612000 sym=unknown so=/data/app/~~iNwcSjv3C2CZCLwcLxpEtA==/com.termux.x11-1tus8NhfW98goVF914TrYw==/base.apk!/lib/arm64-v8a/libXlorie.so
04-17 08:24:11.175 I/LorieNative( 8207): DamageTraceV2: PutImage count=19904 drawableType=WINDOW screenPixmap=0 drawable=0xb4000070a0f49030 geom=2898x1848 box=0,594-2898,616 backend=other fn=0x6d7991fe24 fn_offset=0x30de24 fbase=0x6d79612000 sym=unknown so=/data/app/~~iNwcSjv3C2CZCLwcLxpEtA==/com.termux.x11-1tus8NhfW98goVF914TrYw==/base.apk!/lib/arm64-v8a/libXlorie.so
04-17 08:24:11.219 I/LorieNative( 8207): ExaTrace: putImage accel count=20352 drawableType=0 drawableId=0x600037 geom=2898x1848 size=2912x22 format=2 depth=24
04-17 08:24:11.222 I/LorieNative( 8207): DamageTraceV2: PutImage count=19968 drawableType=WINDOW screenPixmap=0 drawable=0xb4000070a0f49030 geom=2898x1848 box=0,154-2898,176 backend=other fn=0x6d7991fe24 fn_offset=0x30de24 fbase=0x6d79612000 sym=unknown so=/data/app/~~iNwcSjv3C2CZCLwcLxpEtA==/com.termux.x11-1tus8NhfW98goVF914TrYw==/base.apk!/lib/arm64-v8a/libXlorie.so
04-17 08:24:11.237 I/LorieNative( 8207): DamageTraceV2: PutImage count=20032 drawableType=WINDOW screenPixmap=0 drawable=0xb4000070a0f49030 geom=2898x1848 box=0,1562-2898,1584 backend=other fn=0x6d7991fe24 fn_offset=0x30de24 fbase=0x6d79612000 sym=unknown so=/data/app/~~iNwcSjv3C2CZCLwcLxpEtA==/com.termux.x11-1tus8NhfW98goVF914TrYw==/base.apk!/lib/arm64-v8a/libXlorie.so
04-17 08:24:11.278 I/LorieNative( 8207): ExaTrace: putImage accel count=20480 drawableType=0 drawableId=0x600037 geom=2898x1848 size=2912x22 format=2 depth=24
04-17 08:24:11.280 I/LorieNative( 8207): DamageTraceV2: PutImage count=20096 drawableType=WINDOW screenPixmap=0 drawable=0xb4000070a0f49030 geom=2898x1848 box=0,1122-2898,1144 backend=other fn=0x6d7991fe24 fn_offset=0x30de24 fbase=0x6d79612000 sym=unknown so=/data/app/~~iNwcSjv3C2CZCLwcLxpEtA==/com.termux.x11-1tus8NhfW98goVF914TrYw==/base.apk!/lib/arm64-v8a/libXlorie.so
04-17 08:24:11.323 I/LorieNative( 8207): DamageTraceV2: PutImage count=20160 drawableType=WINDOW screenPixmap=0 drawable=0xb4000070a0f49030 geom=2898x1848 box=0,682-2898,704 backend=other fn=0x6d7991fe24 fn_offset=0x30de24 fbase=0x6d79612000 sym=unknown so=/data/app/~~iNwcSjv3C2CZCLwcLxpEtA==/com.termux.x11-1tus8NhfW98goVF914TrYw==/base.apk!/lib/arm64-v8a/libXlorie.so
04-17 08:24:11.372 I/LorieNative( 8207): ExaTrace: putImage accel count=20608 drawableType=0 drawableId=0x600037 geom=2898x1848 size=2912x22 format=2 depth=24
04-17 08:24:11.375 I/LorieNative( 8207): DamageTraceV2: PutImage count=20224 drawableType=WINDOW screenPixmap=0 drawable=0xb4000070a0f49030 geom=2898x1848 box=0,242-2898,264 backend=other fn=0x6d7991fe24 fn_offset=0x30de24 fbase=0x6d79612000 sym=unknown so=/data/app/~~iNwcSjv3C2CZCLwcLxpEtA==/com.termux.x11-1tus8NhfW98goVF914TrYw==/base.apk!/lib/arm64-v8a/libXlorie.so
04-17 08:24:11.394 I/LorieNative( 8207): DamageTraceV2: PutImage count=20288 drawableType=WINDOW screenPixmap=0 drawable=0xb4000070a0f49030 geom=2898x1848 box=0,1650-2898,1672 backend=other fn=0x6d7991fe24 fn_offset=0x30de24 fbase=0x6d79612000 sym=unknown so=/data/app/~~iNwcSjv3C2CZCLwcLxpEtA==/com.termux.x11-1tus8NhfW98goVF914TrYw==/base.apk!/lib/arm64-v8a/libXlorie.so
04-17 08:24:11.442 I/LorieNative( 8207): ExaTrace: putImage accel count=20736 drawableType=0 drawableId=0x600037 geom=2898x1848 size=2912x22 format=2 depth=24
04-17 08:24:11.444 I/LorieNative( 8207): DamageTraceV2: PutImage count=20352 drawableType=WINDOW screenPixmap=0 drawable=0xb4000070a0f49030 geom=2898x1848 box=0,1210-2898,1232 backend=other fn=0x6d7991fe24 fn_offset=0x30de24 fbase=0x6d79612000 sym=unknown so=/data/app/~~iNwcSjv3C2CZCLwcLxpEtA==/com.termux.x11-1tus8NhfW98goVF914TrYw==/base.apk!/lib/arm64-v8a/libXlorie.so
04-17 08:24:11.490 I/LorieNative( 8207): DamageTraceV2: PutImage count=20416 drawableType=WINDOW screenPixmap=0 drawable=0xb4000070a0f49030 geom=2898x1848 box=0,770-2898,792 backend=other fn=0x6d7991fe24 fn_offset=0x30de24 fbase=0x6d79612000 sym=unknown so=/data/app/~~iNwcSjv3C2CZCLwcLxpEtA==/com.termux.x11-1tus8NhfW98goVF914TrYw==/base.apk!/lib/arm64-v8a/libXlorie.so
04-17 08:24:11.532 I/LorieNative( 8207): ExaTrace: putImage accel count=20864 drawableType=0 drawableId=0x600037 geom=2898x1848 size=2912x22 format=2 depth=24
04-17 08:24:11.533 I/LorieNative( 8207): DamageTraceV2: PutImage count=20480 drawableType=WINDOW screenPixmap=0 drawable=0xb4000070a0f49030 geom=2898x1848 box=0,330-2898,352 backend=other fn=0x6d7991fe24 fn_offset=0x30de24 fbase=0x6d79612000 sym=unknown so=/data/app/~~iNwcSjv3C2CZCLwcLxpEtA==/com.termux.x11-1tus8NhfW98goVF914TrYw==/base.apk!/lib/arm64-v8a/libXlorie.so
04-17 08:24:11.550 I/LorieNative( 8207): DamageTraceV2: PutImage count=20544 drawableType=WINDOW screenPixmap=0 drawable=0xb4000070a0f49030 geom=2898x1848 box=0,1738-2898,1760 backend=other fn=0x6d7991fe24 fn_offset=0x30de24 fbase=0x6d79612000 sym=unknown so=/data/app/~~iNwcSjv3C2CZCLwcLxpEtA==/com.termux.x11-1tus8NhfW98goVF914TrYw==/base.apk!/lib/arm64-v8a/libXlorie.so
04-17 08:24:11.589 I/LorieNative( 8207): ExaTrace: putImage accel count=20992 drawableType=0 drawableId=0x600037 geom=2898x1848 size=2912x22 format=2 depth=24
04-17 08:24:11.591 I/LorieNative( 8207): DamageTraceV2: PutImage count=20608 drawableType=WINDOW screenPixmap=0 drawable=0xb4000070a0f49030 geom=2898x1848 box=0,1298-2898,1320 backend=other fn=0x6d7991fe24 fn_offset=0x30de24 fbase=0x6d79612000 sym=unknown so=/data/app/~~iNwcSjv3C2CZCLwcLxpEtA==/com.termux.x11-1tus8NhfW98goVF914TrYw==/base.apk!/lib/arm64-v8a/libXlorie.so
04-17 08:24:11.633 I/LorieNative( 8207): DamageTraceV2: PutImage count=20672 drawableType=WINDOW screenPixmap=0 drawable=0xb4000070a0f49030 geom=2898x1848 box=0,858-2898,880 backend=other fn=0x6d7991fe24 fn_offset=0x30de24 fbase=0x6d79612000 sym=unknown so=/data/app/~~iNwcSjv3C2CZCLwcLxpEtA==/com.termux.x11-1tus8NhfW98goVF914TrYw==/base.apk!/lib/arm64-v8a/libXlorie.so
04-17 08:24:11.678 I/LorieNative( 8207): ExaTrace: putImage accel count=21120 drawableType=0 drawableId=0x600037 geom=2898x1848 size=2912x22 format=2 depth=24
04-17 08:24:11.681 I/LorieNative( 8207): DamageTraceV2: PutImage count=20736 drawableType=WINDOW screenPixmap=0 drawable=0xb4000070a0f49030 geom=2898x1848 box=0,418-2898,440 backend=other fn=0x6d7991fe24 fn_offset=0x30de24 fbase=0x6d79612000 sym=unknown so=/data/app/~~iNwcSjv3C2CZCLwcLxpEtA==/com.termux.x11-1tus8NhfW98goVF914TrYw==/base.apk!/lib/arm64-v8a/libXlorie.so
04-17 08:24:11.694 I/LorieNative( 8207): DamageTraceV2: PutImage count=20800 drawableType=WINDOW screenPixmap=0 drawable=0xb4000070a0f49030 geom=2898x1848 box=0,1826-2898,1848 backend=other fn=0x6d7991fe24 fn_offset=0x30de24 fbase=0x6d79612000 sym=unknown so=/data/app/~~iNwcSjv3C2CZCLwcLxpEtA==/com.termux.x11-1tus8NhfW98goVF914TrYw==/base.apk!/lib/arm64-v8a/libXlorie.so
04-17 08:24:11.734 I/LorieNative( 8207): ExaTrace: putImage accel count=21248 drawableType=0 drawableId=0x600037 geom=2898x1848 size=2912x22 format=2 depth=24
04-17 08:24:11.735 I/LorieNative( 8207): DamageTraceV2: PutImage count=20864 drawableType=WINDOW screenPixmap=0 drawable=0xb4000070a0f49030 geom=2898x1848 box=0,1386-2898,1408 backend=other fn=0x6d7991fe24 fn_offset=0x30de24 fbase=0x6d79612000 sym=unknown so=/data/app/~~iNwcSjv3C2CZCLwcLxpEtA==/com.termux.x11-1tus8NhfW98goVF914TrYw==/base.apk!/lib/arm64-v8a/libXlorie.so
04-17 08:24:11.783 I/LorieNative( 8207): DamageTraceV2: PutImage count=20928 drawableType=WINDOW screenPixmap=0 drawable=0xb4000070a0f49030 geom=2898x1848 box=0,946-2898,968 backend=other fn=0x6d7991fe24 fn_offset=0x30de24 fbase=0x6d79612000 sym=unknown so=/data/app/~~iNwcSjv3C2CZCLwcLxpEtA==/com.termux.x11-1tus8NhfW98goVF914TrYw==/base.apk!/lib/arm64-v8a/libXlorie.so
04-17 08:24:11.816 I/LorieNative( 8207): ExaTrace: putImage accel count=21376 drawableType=0 drawableId=0x600037 geom=2898x1848 size=2912x22 format=2 depth=24
04-17 08:24:11.818 I/LorieNative( 8207): DamageTraceV2: PutImage count=20992 drawableType=WINDOW screenPixmap=0 drawable=0xb4000070a0f49030 geom=2898x1848 box=0,506-2898,528 backend=other fn=0x6d7991fe24 fn_offset=0x30de24 fbase=0x6d79612000 sym=unknown so=/data/app/~~iNwcSjv3C2CZCLwcLxpEtA==/com.termux.x11-1tus8NhfW98goVF914TrYw==/base.apk!/lib/arm64-v8a/libXlorie.so
04-17 08:24:11.856 I/LorieNative( 8207): DamageTraceV2: PutImage count=21056 drawableType=WINDOW screenPixmap=0 drawable=0xb4000070a0f49030 geom=2898x1848 box=0,66-2898,88 backend=other fn=0x6d7991fe24 fn_offset=0x30de24 fbase=0x6d79612000 sym=unknown so=/data/app/~~iNwcSjv3C2CZCLwcLxpEtA==/com.termux.x11-1tus8NhfW98goVF914TrYw==/base.apk!/lib/arm64-v8a/libXlorie.so
04-17 08:24:11.864 I/LorieNative( 8207): ExaTrace: putImage accel count=21504 drawableType=0 drawableId=0x600037 geom=2898x1848 size=2912x22 format=2 depth=24
04-17 08:24:11.865 I/LorieNative( 8207): DamageTraceV2: PutImage count=21120 drawableType=WINDOW screenPixmap=0 drawable=0xb4000070a0f49030 geom=2898x1848 box=0,1474-2898,1496 backend=other fn=0x6d7991fe24 fn_offset=0x30de24 fbase=0x6d79612000 sym=unknown so=/data/app/~~iNwcSjv3C2CZCLwcLxpEtA==/com.termux.x11-1tus8NhfW98goVF914TrYw==/base.apk!/lib/arm64-v8a/libXlorie.so
04-17 08:24:11.908 I/LorieNative( 8207): DamageTraceV2: PutImage count=21184 drawableType=WINDOW screenPixmap=0 drawable=0xb4000070a0f49030 geom=2898x1848 box=0,1034-2898,1056 backend=other fn=0x6d7991fe24 fn_offset=0x30de24 fbase=0x6d79612000 sym=unknown so=/data/app/~~iNwcSjv3C2CZCLwcLxpEtA==/com.termux.x11-1tus8NhfW98goVF914TrYw==/base.apk!/lib/arm64-v8a/libXlorie.so
04-17 08:24:11.963 I/LorieNative( 8207): ExaTrace: putImage accel count=21632 drawableType=0 drawableId=0x600037 geom=2898x1848 size=2912x22 format=2 depth=24
04-17 08:24:11.964 I/LorieNative( 8207): DamageTraceV2: PutImage count=21248 drawableType=WINDOW screenPixmap=0 drawable=0xb4000070a0f49030 geom=2898x1848 box=0,594-2898,616 backend=other fn=0x6d7991fe24 fn_offset=0x30de24 fbase=0x6d79612000 sym=unknown so=/data/app/~~iNwcSjv3C2CZCLwcLxpEtA==/com.termux.x11-1tus8NhfW98goVF914TrYw==/base.apk!/lib/arm64-v8a/libXlorie.so
04-17 08:24:11.994 I/LorieNative( 8207): DamageTraceV2: PutImage count=21312 drawableType=WINDOW screenPixmap=0 drawable=0xb4000070a0f49030 geom=2898x1848 box=0,154-2898,176 backend=other fn=0x6d7991fe24 fn_offset=0x30de24 fbase=0x6d79612000 sym=unknown so=/data/app/~~iNwcSjv3C2CZCLwcLxpEtA==/com.termux.x11-1tus8NhfW98goVF914TrYw==/base.apk!/lib/arm64-v8a/libXlorie.so
04-17 08:24:12.001 I/LorieNative( 8207): ExaTrace: putImage accel count=21760 drawableType=0 drawableId=0x600037 geom=2898x1848 size=2912x22 format=2 depth=24
04-17 08:24:12.002 I/LorieNative( 8207): DamageTraceV2: PutImage count=21376 drawableType=WINDOW screenPixmap=0 drawable=0xb4000070a0f49030 geom=2898x1848 box=0,1562-2898,1584 backend=other fn=0x6d7991fe24 fn_offset=0x30de24 fbase=0x6d79612000 sym=unknown so=/data/app/~~iNwcSjv3C2CZCLwcLxpEtA==/com.termux.x11-1tus8NhfW98goVF914TrYw==/base.apk!/lib/arm64-v8a/libXlorie.so
04-17 08:24:12.035 I/LorieNative( 8207): DamageTraceV2: PutImage count=21440 drawableType=WINDOW screenPixmap=0 drawable=0xb4000070a0f49030 geom=2898x1848 box=0,1122-2898,1144 backend=other fn=0x6d7991fe24 fn_offset=0x30de24 fbase=0x6d79612000 sym=unknown so=/data/app/~~iNwcSjv3C2CZCLwcLxpEtA==/com.termux.x11-1tus8NhfW98goVF914TrYw==/base.apk!/lib/arm64-v8a/libXlorie.so
04-17 08:24:12.036 I/RLT     ( 1866): +564929ms [THREAD] Choreographer->main op=doFrame frame=3720 | thread=main
04-17 08:24:12.038 I/RLT     ( 1866): +564930ms [FRAME] fps=120.0 jank=0 p99=8.4ms heap=24MB periodic corr=frames-73d6 | thread=main
04-17 08:24:12.067 I/LorieNative( 8207): ExaTrace: putImage accel count=21888 drawableType=0 drawableId=0x600037 geom=2898x1848 size=2912x22 format=2 depth=24
04-17 08:24:12.067 I/LorieNative( 8207): DamageTraceV2: PutImage count=21504 drawableType=WINDOW screenPixmap=0 drawable=0xb4000070a0f49030 geom=2898x1848 box=0,682-2898,704 backend=other fn=0x6d7991fe24 fn_offset=0x30de24 fbase=0x6d79612000 sym=unknown so=/data/app/~~iNwcSjv3C2CZCLwcLxpEtA==/com.termux.x11-1tus8NhfW98goVF914TrYw==/base.apk!/lib/arm64-v8a/libXlorie.so
04-17 08:24:12.096 I/LorieNative( 8207): DamageTraceV2: PutImage count=21568 drawableType=WINDOW screenPixmap=0 drawable=0xb4000070a0f49030 geom=2898x1848 box=0,242-2898,264 backend=other fn=0x6d7991fe24 fn_offset=0x30de24 fbase=0x6d79612000 sym=unknown so=/data/app/~~iNwcSjv3C2CZCLwcLxpEtA==/com.termux.x11-1tus8NhfW98goVF914TrYw==/base.apk!/lib/arm64-v8a/libXlorie.so
04-17 08:24:12.102 I/LorieNative( 8207): ExaTrace: putImage accel count=22016 drawableType=0 drawableId=0x600037 geom=2898x1848 size=2912x22 format=2 depth=24
04-17 08:24:12.105 I/LorieNative( 8207): DamageTraceV2: PutImage count=21632 drawableType=WINDOW screenPixmap=0 drawable=0xb4000070a0f49030 geom=2898x1848 box=0,1650-2898,1672 backend=other fn=0x6d7991fe24 fn_offset=0x30de24 fbase=0x6d79612000 sym=unknown so=/data/app/~~iNwcSjv3C2CZCLwcLxpEtA==/com.termux.x11-1tus8NhfW98goVF914TrYw==/base.apk!/lib/arm64-v8a/libXlorie.so
04-17 08:24:12.138 I/LorieNative( 8207): DamageTraceV2: PutImage count=21696 drawableType=WINDOW screenPixmap=0 drawable=0xb4000070a0f49030 geom=2898x1848 box=0,1210-2898,1232 backend=other fn=0x6d7991fe24 fn_offset=0x30de24 fbase=0x6d79612000 sym=unknown so=/data/app/~~iNwcSjv3C2CZCLwcLxpEtA==/com.termux.x11-1tus8NhfW98goVF914TrYw==/base.apk!/lib/arm64-v8a/libXlorie.so
04-17 08:24:12.176 I/LorieNative( 8207): ExaTrace: putImage accel count=22144 drawableType=0 drawableId=0x600037 geom=2898x1848 size=2912x22 format=2 depth=24
04-17 08:24:12.177 I/LorieNative( 8207): DamageTraceV2: PutImage count=21760 drawableType=WINDOW screenPixmap=0 drawable=0xb4000070a0f49030 geom=2898x1848 box=0,770-2898,792 backend=other fn=0x6d7991fe24 fn_offset=0x30de24 fbase=0x6d79612000 sym=unknown so=/data/app/~~iNwcSjv3C2CZCLwcLxpEtA==/com.termux.x11-1tus8NhfW98goVF914TrYw==/base.apk!/lib/arm64-v8a/libXlorie.so
04-17 08:24:12.214 I/LorieNative( 8207): DamageTraceV2: PutImage count=21824 drawableType=WINDOW screenPixmap=0 drawable=0xb4000070a0f49030 geom=2898x1848 box=0,330-2898,352 backend=other fn=0x6d7991fe24 fn_offset=0x30de24 fbase=0x6d79612000 sym=unknown so=/data/app/~~iNwcSjv3C2CZCLwcLxpEtA==/com.termux.x11-1tus8NhfW98goVF914TrYw==/base.apk!/lib/arm64-v8a/libXlorie.so
04-17 08:24:12.219 I/LorieNative( 8207): ExaTrace: putImage accel count=22272 drawableType=0 drawableId=0x600037 geom=2898x1848 size=2912x22 format=2 depth=24
04-17 08:24:12.222 I/LorieNative( 8207): DamageTraceV2: PutImage count=21888 drawableType=WINDOW screenPixmap=0 drawable=0xb4000070a0f49030 geom=2898x1848 box=0,1738-2898,1760 backend=other fn=0x6d7991fe24 fn_offset=0x30de24 fbase=0x6d79612000 sym=unknown so=/data/app/~~iNwcSjv3C2CZCLwcLxpEtA==/com.termux.x11-1tus8NhfW98goVF914TrYw==/base.apk!/lib/arm64-v8a/libXlorie.so
04-17 08:24:12.260 I/LorieNative( 8207): DamageTraceV2: PutImage count=21952 drawableType=WINDOW screenPixmap=0 drawable=0xb4000070a0f49030 geom=2898x1848 box=0,1298-2898,1320 backend=other fn=0x6d7991fe24 fn_offset=0x30de24 fbase=0x6d79612000 sym=unknown so=/data/app/~~iNwcSjv3C2CZCLwcLxpEtA==/com.termux.x11-1tus8NhfW98goVF914TrYw==/base.apk!/lib/arm64-v8a/libXlorie.so
04-17 08:24:12.298 I/LorieNative( 8207): ExaTrace: putImage accel count=22400 drawableType=0 drawableId=0x600037 geom=2898x1848 size=2912x22 format=2 depth=24
04-17 08:24:12.300 I/LorieNative( 8207): DamageTraceV2: PutImage count=22016 drawableType=WINDOW screenPixmap=0 drawable=0xb4000070a0f49030 geom=2898x1848 box=0,858-2898,880 backend=other fn=0x6d7991fe24 fn_offset=0x30de24 fbase=0x6d79612000 sym=unknown so=/data/app/~~iNwcSjv3C2CZCLwcLxpEtA==/com.termux.x11-1tus8NhfW98goVF914TrYw==/base.apk!/lib/arm64-v8a/libXlorie.so
04-17 08:24:12.355 I/LorieNative( 8207): DamageTraceV2: PutImage count=22080 drawableType=WINDOW screenPixmap=0 drawable=0xb4000070a0f49030 geom=2898x1848 box=0,418-2898,440 backend=other fn=0x6d7991fe24 fn_offset=0x30de24 fbase=0x6d79612000 sym=unknown so=/data/app/~~iNwcSjv3C2CZCLwcLxpEtA==/com.termux.x11-1tus8NhfW98goVF914TrYw==/base.apk!/lib/arm64-v8a/libXlorie.so
04-17 08:24:12.376 I/LorieNative( 8207): ExaTrace: putImage accel count=22528 drawableType=0 drawableId=0x600037 geom=2898x1848 size=2912x22 format=2 depth=24
04-17 08:24:12.377 I/LorieNative( 8207): DamageTraceV2: PutImage count=22144 drawableType=WINDOW screenPixmap=0 drawable=0xb4000070a0f49030 geom=2898x1848 box=0,1826-2898,1848 backend=other fn=0x6d7991fe24 fn_offset=0x30de24 fbase=0x6d79612000 sym=unknown so=/data/app/~~iNwcSjv3C2CZCLwcLxpEtA==/com.termux.x11-1tus8NhfW98goVF914TrYw==/base.apk!/lib/arm64-v8a/libXlorie.so
04-17 08:24:12.419 I/LorieNative( 8207): DamageTraceV2: PutImage count=22208 drawableType=WINDOW screenPixmap=0 drawable=0xb4000070a0f49030 geom=2898x1848 box=0,1386-2898,1408 backend=other fn=0x6d7991fe24 fn_offset=0x30de24 fbase=0x6d79612000 sym=unknown so=/data/app/~~iNwcSjv3C2CZCLwcLxpEtA==/com.termux.x11-1tus8NhfW98goVF914TrYw==/base.apk!/lib/arm64-v8a/libXlorie.so
04-17 08:24:12.459 I/LorieNative( 8207): ExaTrace: putImage accel count=22656 drawableType=0 drawableId=0x600037 geom=2898x1848 size=2912x22 format=2 depth=24
04-17 08:24:12.460 I/LorieNative( 8207): DamageTraceV2: PutImage count=22272 drawableType=WINDOW screenPixmap=0 drawable=0xb4000070a0f49030 geom=2898x1848 box=0,946-2898,968 backend=other fn=0x6d7991fe24 fn_offset=0x30de24 fbase=0x6d79612000 sym=unknown so=/data/app/~~iNwcSjv3C2CZCLwcLxpEtA==/com.termux.x11-1tus8NhfW98goVF914TrYw==/base.apk!/lib/arm64-v8a/libXlorie.so
04-17 08:24:12.498 I/LorieNative( 8207): DamageTraceV2: PutImage count=22336 drawableType=WINDOW screenPixmap=0 drawable=0xb4000070a0f49030 geom=2898x1848 box=0,506-2898,528 backend=other fn=0x6d7991fe24 fn_offset=0x30de24 fbase=0x6d79612000 sym=unknown so=/data/app/~~iNwcSjv3C2CZCLwcLxpEtA==/com.termux.x11-1tus8NhfW98goVF914TrYw==/base.apk!/lib/arm64-v8a/libXlorie.so
04-17 08:24:12.505 I/LorieNative( 8207): ExaTrace: putImage accel count=22784 drawableType=0 drawableId=0x600037 geom=2898x1848 size=2912x22 format=2 depth=24
04-17 08:24:12.537 I/LorieNative( 8207): DamageTraceV2: PutImage count=22400 drawableType=WINDOW screenPixmap=0 drawable=0xb4000070a0f49030 geom=2898x1848 box=0,66-2898,88 backend=other fn=0x6d7991fe24 fn_offset=0x30de24 fbase=0x6d79612000 sym=unknown so=/data/app/~~iNwcSjv3C2CZCLwcLxpEtA==/com.termux.x11-1tus8NhfW98goVF914TrYw==/base.apk!/lib/arm64-v8a/libXlorie.so
04-17 08:24:12.548 I/LorieNative( 8207): DamageTraceV2: PutImage count=22464 drawableType=WINDOW screenPixmap=0 drawable=0xb4000070a0f49030 geom=2898x1848 box=0,1474-2898,1496 backend=other fn=0x6d7991fe24 fn_offset=0x30de24 fbase=0x6d79612000 sym=unknown so=/data/app/~~iNwcSjv3C2CZCLwcLxpEtA==/com.termux.x11-1tus8NhfW98goVF914TrYw==/base.apk!/lib/arm64-v8a/libXlorie.so
04-17 08:24:12.589 I/LorieNative( 8207): ExaTrace: putImage accel count=22912 drawableType=0 drawableId=0x600037 geom=2898x1848 size=2912x22 format=2 depth=24
04-17 08:24:12.590 I/LorieNative( 8207): DamageTraceV2: PutImage count=22528 drawableType=WINDOW screenPixmap=0 drawable=0xb4000070a0f49030 geom=2898x1848 box=0,1034-2898,1056 backend=other fn=0x6d7991fe24 fn_offset=0x30de24 fbase=0x6d79612000 sym=unknown so=/data/app/~~iNwcSjv3C2CZCLwcLxpEtA==/com.termux.x11-1tus8NhfW98goVF914TrYw==/base.apk!/lib/arm64-v8a/libXlorie.so
04-17 08:24:12.633 I/LorieNative( 8207): DamageTraceV2: PutImage count=22592 drawableType=WINDOW screenPixmap=0 drawable=0xb4000070a0f49030 geom=2898x1848 box=0,594-2898,616 backend=other fn=0x6d7991fe24 fn_offset=0x30de24 fbase=0x6d79612000 sym=unknown so=/data/app/~~iNwcSjv3C2CZCLwcLxpEtA==/com.termux.x11-1tus8NhfW98goVF914TrYw==/base.apk!/lib/arm64-v8a/libXlorie.so
04-17 08:24:12.666 I/LorieNative( 8207): ExaTrace: putImage accel count=23040 drawableType=0 drawableId=0x600037 geom=2898x1848 size=2912x22 format=2 depth=24
04-17 08:24:12.667 I/LorieNative( 8207): DamageTraceV2: PutImage count=22656 drawableType=WINDOW screenPixmap=0 drawable=0xb4000070a0f49030 geom=2898x1848 box=0,154-2898,176 backend=other fn=0x6d7991fe24 fn_offset=0x30de24 fbase=0x6d79612000 sym=unknown so=/data/app/~~iNwcSjv3C2CZCLwcLxpEtA==/com.termux.x11-1tus8NhfW98goVF914TrYw==/base.apk!/lib/arm64-v8a/libXlorie.so
04-17 08:24:12.676 I/LorieNative( 8207): DamageTraceV2: PutImage count=22720 drawableType=WINDOW screenPixmap=0 drawable=0xb4000070a0f49030 geom=2898x1848 box=0,1562-2898,1584 backend=other fn=0x6d7991fe24 fn_offset=0x30de24 fbase=0x6d79612000 sym=unknown so=/data/app/~~iNwcSjv3C2CZCLwcLxpEtA==/com.termux.x11-1tus8NhfW98goVF914TrYw==/base.apk!/lib/arm64-v8a/libXlorie.so
04-17 08:24:12.714 I/LorieNative( 8207): ExaTrace: putImage accel count=23168 drawableType=0 drawableId=0x600037 geom=2898x1848 size=2912x22 format=2 depth=24
04-17 08:24:12.715 I/LorieNative( 8207): DamageTraceV2: PutImage count=22784 drawableType=WINDOW screenPixmap=0 drawable=0xb4000070a0f49030 geom=2898x1848 box=0,1122-2898,1144 backend=other fn=0x6d7991fe24 fn_offset=0x30de24 fbase=0x6d79612000 sym=unknown so=/data/app/~~iNwcSjv3C2CZCLwcLxpEtA==/com.termux.x11-1tus8NhfW98goVF914TrYw==/base.apk!/lib/arm64-v8a/libXlorie.so
04-17 08:24:12.751 I/LorieNative( 8207): DamageTraceV2: PutImage count=22848 drawableType=WINDOW screenPixmap=0 drawable=0xb4000070a0f49030 geom=2898x1848 box=0,682-2898,704 backend=other fn=0x6d7991fe24 fn_offset=0x30de24 fbase=0x6d79612000 sym=unknown so=/data/app/~~iNwcSjv3C2CZCLwcLxpEtA==/com.termux.x11-1tus8NhfW98goVF914TrYw==/base.apk!/lib/arm64-v8a/libXlorie.so
04-17 08:24:12.789 I/LorieNative( 8207): ExaTrace: putImage accel count=23296 drawableType=0 drawableId=0x600037 geom=2898x1848 size=2912x22 format=2 depth=24
04-17 08:24:12.791 I/LorieNative( 8207): DamageTraceV2: PutImage count=22912 drawableType=WINDOW screenPixmap=0 drawable=0xb4000070a0f49030 geom=2898x1848 box=0,242-2898,264 backend=other fn=0x6d7991fe24 fn_offset=0x30de24 fbase=0x6d79612000 sym=unknown so=/data/app/~~iNwcSjv3C2CZCLwcLxpEtA==/com.termux.x11-1tus8NhfW98goVF914TrYw==/base.apk!/lib/arm64-v8a/libXlorie.so
04-17 08:24:12.803 I/LorieNative( 8207): DamageTraceV2: PutImage count=22976 drawableType=WINDOW screenPixmap=0 drawable=0xb4000070a0f49030 geom=2898x1848 box=0,1650-2898,1672 backend=other fn=0x6d7991fe24 fn_offset=0x30de24 fbase=0x6d79612000 sym=unknown so=/data/app/~~iNwcSjv3C2CZCLwcLxpEtA==/com.termux.x11-1tus8NhfW98goVF914TrYw==/base.apk!/lib/arm64-v8a/libXlorie.so
04-17 08:24:12.844 I/LorieNative( 8207): ExaTrace: putImage accel count=23424 drawableType=0 drawableId=0x600037 geom=2898x1848 size=2912x22 format=2 depth=24
04-17 08:24:12.848 I/LorieNative( 8207): DamageTraceV2: PutImage count=23040 drawableType=WINDOW screenPixmap=0 drawable=0xb4000070a0f49030 geom=2898x1848 box=0,1210-2898,1232 backend=other fn=0x6d7991fe24 fn_offset=0x30de24 fbase=0x6d79612000 sym=unknown so=/data/app/~~iNwcSjv3C2CZCLwcLxpEtA==/com.termux.x11-1tus8NhfW98goVF914TrYw==/base.apk!/lib/arm64-v8a/libXlorie.so
04-17 08:24:12.891 I/LorieNative( 8207): DamageTraceV2: PutImage count=23104 drawableType=WINDOW screenPixmap=0 drawable=0xb4000070a0f49030 geom=2898x1848 box=0,770-2898,792 backend=other fn=0x6d7991fe24 fn_offset=0x30de24 fbase=0x6d79612000 sym=unknown so=/data/app/~~iNwcSjv3C2CZCLwcLxpEtA==/com.termux.x11-1tus8NhfW98goVF914TrYw==/base.apk!/lib/arm64-v8a/libXlorie.so
04-17 08:24:12.940 I/LorieNative( 8207): ExaTrace: putImage accel count=23552 drawableType=0 drawableId=0x600037 geom=2898x1848 size=2912x22 format=2 depth=24
04-17 08:24:12.942 I/LorieNative( 8207): DamageTraceV2: PutImage count=23168 drawableType=WINDOW screenPixmap=0 drawable=0xb4000070a0f49030 geom=2898x1848 box=0,330-2898,352 backend=other fn=0x6d7991fe24 fn_offset=0x30de24 fbase=0x6d79612000 sym=unknown so=/data/app/~~iNwcSjv3C2CZCLwcLxpEtA==/com.termux.x11-1tus8NhfW98goVF914TrYw==/base.apk!/lib/arm64-v8a/libXlorie.so
04-17 08:24:12.961 I/LorieNative( 8207): DamageTraceV2: PutImage count=23232 drawableType=WINDOW screenPixmap=0 drawable=0xb4000070a0f49030 geom=2898x1848 box=0,1738-2898,1760 backend=other fn=0x6d7991fe24 fn_offset=0x30de24 fbase=0x6d79612000 sym=unknown so=/data/app/~~iNwcSjv3C2CZCLwcLxpEtA==/com.termux.x11-1tus8NhfW98goVF914TrYw==/base.apk!/lib/arm64-v8a/libXlorie.so
04-17 08:24:13.002 I/LorieNative( 8207): ExaTrace: putImage accel count=23680 drawableType=0 drawableId=0x600037 geom=2898x1848 size=2912x22 format=2 depth=24
04-17 08:24:13.005 I/LorieNative( 8207): DamageTraceV2: PutImage count=23296 drawableType=WINDOW screenPixmap=0 drawable=0xb4000070a0f49030 geom=2898x1848 box=0,1298-2898,1320 backend=other fn=0x6d7991fe24 fn_offset=0x30de24 fbase=0x6d79612000 sym=unknown so=/data/app/~~iNwcSjv3C2CZCLwcLxpEtA==/com.termux.x11-1tus8NhfW98goVF914TrYw==/base.apk!/lib/arm64-v8a/libXlorie.so
04-17 08:24:13.036 I/RLT     ( 1866): +565929ms [THREAD] Choreographer->main op=doFrame frame=3840 | thread=main
04-17 08:24:13.037 I/RLT     ( 1866): +565930ms [FRAME] fps=120.0 jank=0 p99=8.4ms heap=24MB periodic corr=frames-73d6 | thread=main
04-17 08:24:13.046 I/LorieNative( 8207): DamageTraceV2: PutImage count=23360 drawableType=WINDOW screenPixmap=0 drawable=0xb4000070a0f49030 geom=2898x1848 box=0,858-2898,880 backend=other fn=0x6d7991fe24 fn_offset=0x30de24 fbase=0x6d79612000 sym=unknown so=/data/app/~~iNwcSjv3C2CZCLwcLxpEtA==/com.termux.x11-1tus8NhfW98goVF914TrYw==/base.apk!/lib/arm64-v8a/libXlorie.so
04-17 08:24:13.088 I/LorieNative( 8207): ExaTrace: putImage accel count=23808 drawableType=0 drawableId=0x600037 geom=2898x1848 size=2912x22 format=2 depth=24
04-17 08:24:13.089 I/LorieNative( 8207): DamageTraceV2: PutImage count=23424 drawableType=WINDOW screenPixmap=0 drawable=0xb4000070a0f49030 geom=2898x1848 box=0,418-2898,440 backend=other fn=0x6d7991fe24 fn_offset=0x30de24 fbase=0x6d79612000 sym=unknown so=/data/app/~~iNwcSjv3C2CZCLwcLxpEtA==/com.termux.x11-1tus8NhfW98goVF914TrYw==/base.apk!/lib/arm64-v8a/libXlorie.so
04-17 08:24:13.103 I/LorieNative( 8207): DamageTraceV2: PutImage count=23488 drawableType=WINDOW screenPixmap=0 drawable=0xb4000070a0f49030 geom=2898x1848 box=0,1826-2898,1848 backend=other fn=0x6d7991fe24 fn_offset=0x30de24 fbase=0x6d79612000 sym=unknown so=/data/app/~~iNwcSjv3C2CZCLwcLxpEtA==/com.termux.x11-1tus8NhfW98goVF914TrYw==/base.apk!/lib/arm64-v8a/libXlorie.so
04-17 08:24:13.143 I/LorieNative( 8207): ExaTrace: putImage accel count=23936 drawableType=0 drawableId=0x600037 geom=2898x1848 size=2912x22 format=2 depth=24
04-17 08:24:13.146 I/LorieNative( 8207): DamageTraceV2: PutImage count=23552 drawableType=WINDOW screenPixmap=0 drawable=0xb4000070a0f49030 geom=2898x1848 box=0,1386-2898,1408 backend=other fn=0x6d7991fe24 fn_offset=0x30de24 fbase=0x6d79612000 sym=unknown so=/data/app/~~iNwcSjv3C2CZCLwcLxpEtA==/com.termux.x11-1tus8NhfW98goVF914TrYw==/base.apk!/lib/arm64-v8a/libXlorie.so
04-17 08:24:13.177 I/LorieNative( 8207): DamageTraceV2: PutImage count=23616 drawableType=WINDOW screenPixmap=0 drawable=0xb4000070a0f49030 geom=2898x1848 box=0,946-2898,968 backend=other fn=0x6d7991fe24 fn_offset=0x30de24 fbase=0x6d79612000 sym=unknown so=/data/app/~~iNwcSjv3C2CZCLwcLxpEtA==/com.termux.x11-1tus8NhfW98goVF914TrYw==/base.apk!/lib/arm64-v8a/libXlorie.so
04-17 08:24:13.221 I/LorieNative( 8207): ExaTrace: putImage accel count=24064 drawableType=0 drawableId=0x600037 geom=2898x1848 size=2912x22 format=2 depth=24
04-17 08:24:13.223 I/LorieNative( 8207): DamageTraceV2: PutImage count=23680 drawableType=WINDOW screenPixmap=0 drawable=0xb4000070a0f49030 geom=2898x1848 box=0,506-2898,528 backend=other fn=0x6d7991fe24 fn_offset=0x30de24 fbase=0x6d79612000 sym=unknown so=/data/app/~~iNwcSjv3C2CZCLwcLxpEtA==/com.termux.x11-1tus8NhfW98goVF914TrYw==/base.apk!/lib/arm64-v8a/libXlorie.so
04-17 08:24:13.269 I/LorieNative( 8207): DamageTraceV2: PutImage count=23744 drawableType=WINDOW screenPixmap=0 drawable=0xb4000070a0f49030 geom=2898x1848 box=0,66-2898,88 backend=other fn=0x6d7991fe24 fn_offset=0x30de24 fbase=0x6d79612000 sym=unknown so=/data/app/~~iNwcSjv3C2CZCLwcLxpEtA==/com.termux.x11-1tus8NhfW98goVF914TrYw==/base.apk!/lib/arm64-v8a/libXlorie.so
04-17 08:24:13.283 I/LorieNative( 8207): ExaTrace: putImage accel count=24192 drawableType=0 drawableId=0x600037 geom=2898x1848 size=2912x22 format=2 depth=24
04-17 08:24:13.285 I/LorieNative( 8207): DamageTraceV2: PutImage count=23808 drawableType=WINDOW screenPixmap=0 drawable=0xb4000070a0f49030 geom=2898x1848 box=0,1474-2898,1496 backend=other fn=0x6d7991fe24 fn_offset=0x30de24 fbase=0x6d79612000 sym=unknown so=/data/app/~~iNwcSjv3C2CZCLwcLxpEtA==/com.termux.x11-1tus8NhfW98goVF914TrYw==/base.apk!/lib/arm64-v8a/libXlorie.so
04-17 08:24:13.327 I/LorieNative( 8207): DamageTraceV2: PutImage count=23872 drawableType=WINDOW screenPixmap=0 drawable=0xb4000070a0f49030 geom=2898x1848 box=0,1034-2898,1056 backend=other fn=0x6d7991fe24 fn_offset=0x30de24 fbase=0x6d79612000 sym=unknown so=/data/app/~~iNwcSjv3C2CZCLwcLxpEtA==/com.termux.x11-1tus8NhfW98goVF914TrYw==/base.apk!/lib/arm64-v8a/libXlorie.so
04-17 08:24:13.382 I/LorieNative( 8207): ExaTrace: putImage accel count=24320 drawableType=0 drawableId=0x600037 geom=2898x1848 size=2912x22 format=2 depth=24
04-17 08:24:13.384 I/LorieNative( 8207): DamageTraceV2: PutImage count=23936 drawableType=WINDOW screenPixmap=0 drawable=0xb4000070a0f49030 geom=2898x1848 box=0,594-2898,616 backend=other fn=0x6d7991fe24 fn_offset=0x30de24 fbase=0x6d79612000 sym=unknown so=/data/app/~~iNwcSjv3C2CZCLwcLxpEtA==/com.termux.x11-1tus8NhfW98goVF914TrYw==/base.apk!/lib/arm64-v8a/libXlorie.so
04-17 08:24:13.426 I/LorieNative( 8207): DamageTraceV2: PutImage count=24000 drawableType=WINDOW screenPixmap=0 drawable=0xb4000070a0f49030 geom=2898x1848 box=0,154-2898,176 backend=other fn=0x6d7991fe24 fn_offset=0x30de24 fbase=0x6d79612000 sym=unknown so=/data/app/~~iNwcSjv3C2CZCLwcLxpEtA==/com.termux.x11-1tus8NhfW98goVF914TrYw==/base.apk!/lib/arm64-v8a/libXlorie.so
04-17 08:24:13.441 I/LorieNative( 8207): ExaTrace: putImage accel count=24448 drawableType=0 drawableId=0x600037 geom=2898x1848 size=2912x22 format=2 depth=24
04-17 08:24:13.443 I/LorieNative( 8207): DamageTraceV2: PutImage count=24064 drawableType=WINDOW screenPixmap=0 drawable=0xb4000070a0f49030 geom=2898x1848 box=0,1562-2898,1584 backend=other fn=0x6d7991fe24 fn_offset=0x30de24 fbase=0x6d79612000 sym=unknown so=/data/app/~~iNwcSjv3C2CZCLwcLxpEtA==/com.termux.x11-1tus8NhfW98goVF914TrYw==/base.apk!/lib/arm64-v8a/libXlorie.so
04-17 08:24:13.486 I/LorieNative( 8207): DamageTraceV2: PutImage count=24128 drawableType=WINDOW screenPixmap=0 drawable=0xb4000070a0f49030 geom=2898x1848 box=0,1122-2898,1144 backend=other fn=0x6d7991fe24 fn_offset=0x30de24 fbase=0x6d79612000 sym=unknown so=/data/app/~~iNwcSjv3C2CZCLwcLxpEtA==/com.termux.x11-1tus8NhfW98goVF914TrYw==/base.apk!/lib/arm64-v8a/libXlorie.so
04-17 08:24:13.525 I/LorieNative( 8207): ExaTrace: putImage accel count=24576 drawableType=0 drawableId=0x600037 geom=2898x1848 size=2912x22 format=2 depth=24
04-17 08:24:13.526 I/LorieNative( 8207): DamageTraceV2: PutImage count=24192 drawableType=WINDOW screenPixmap=0 drawable=0xb4000070a0f49030 geom=2898x1848 box=0,682-2898,704 backend=other fn=0x6d7991fe24 fn_offset=0x30de24 fbase=0x6d79612000 sym=unknown so=/data/app/~~iNwcSjv3C2CZCLwcLxpEtA==/com.termux.x11-1tus8NhfW98goVF914TrYw==/base.apk!/lib/arm64-v8a/libXlorie.so
04-17 08:24:13.568 I/LorieNative( 8207): DamageTraceV2: PutImage count=24256 drawableType=WINDOW screenPixmap=0 drawable=0xb4000070a0f49030 geom=2898x1848 box=0,242-2898,264 backend=other fn=0x6d7991fe24 fn_offset=0x30de24 fbase=0x6d79612000 sym=unknown so=/data/app/~~iNwcSjv3C2CZCLwcLxpEtA==/com.termux.x11-1tus8NhfW98goVF914TrYw==/base.apk!/lib/arm64-v8a/libXlorie.so
04-17 08:24:13.582 I/LorieNative( 8207): ExaTrace: putImage accel count=24704 drawableType=0 drawableId=0x600037 geom=2898x1848 size=2912x22 format=2 depth=24
04-17 08:24:13.584 I/LorieNative( 8207): DamageTraceV2: PutImage count=24320 drawableType=WINDOW screenPixmap=0 drawable=0xb4000070a0f49030 geom=2898x1848 box=0,1650-2898,1672 backend=other fn=0x6d7991fe24 fn_offset=0x30de24 fbase=0x6d79612000 sym=unknown so=/data/app/~~iNwcSjv3C2CZCLwcLxpEtA==/com.termux.x11-1tus8NhfW98goVF914TrYw==/base.apk!/lib/arm64-v8a/libXlorie.so
04-17 08:24:13.625 I/LorieNative( 8207): DamageTraceV2: PutImage count=24384 drawableType=WINDOW screenPixmap=0 drawable=0xb4000070a0f49030 geom=2898x1848 box=0,1210-2898,1232 backend=other fn=0x6d7991fe24 fn_offset=0x30de24 fbase=0x6d79612000 sym=unknown so=/data/app/~~iNwcSjv3C2CZCLwcLxpEtA==/com.termux.x11-1tus8NhfW98goVF914TrYw==/base.apk!/lib/arm64-v8a/libXlorie.so
04-17 08:24:13.668 I/LorieNative( 8207): ExaTrace: putImage accel count=24832 drawableType=0 drawableId=0x600037 geom=2898x1848 size=2912x22 format=2 depth=24
04-17 08:24:13.669 I/LorieNative( 8207): DamageTraceV2: PutImage count=24448 drawableType=WINDOW screenPixmap=0 drawable=0xb4000070a0f49030 geom=2898x1848 box=0,770-2898,792 backend=other fn=0x6d7991fe24 fn_offset=0x30de24 fbase=0x6d79612000 sym=unknown so=/data/app/~~iNwcSjv3C2CZCLwcLxpEtA==/com.termux.x11-1tus8NhfW98goVF914TrYw==/base.apk!/lib/arm64-v8a/libXlorie.so
04-17 08:24:13.715 I/LorieNative( 8207): DamageTraceV2: PutImage count=24512 drawableType=WINDOW screenPixmap=0 drawable=0xb4000070a0f49030 geom=2898x1848 box=0,330-2898,352 backend=other fn=0x6d7991fe24 fn_offset=0x30de24 fbase=0x6d79612000 sym=unknown so=/data/app/~~iNwcSjv3C2CZCLwcLxpEtA==/com.termux.x11-1tus8NhfW98goVF914TrYw==/base.apk!/lib/arm64-v8a/libXlorie.so
04-17 08:24:13.736 I/LorieNative( 8207): ExaTrace: putImage accel count=24960 drawableType=0 drawableId=0x600037 geom=2898x1848 size=2912x22 format=2 depth=24
04-17 08:24:13.741 I/LorieNative( 8207): DamageTraceV2: PutImage count=24576 drawableType=WINDOW screenPixmap=0 drawable=0xb4000070a0f49030 geom=2898x1848 box=0,1738-2898,1760 backend=other fn=0x6d7991fe24 fn_offset=0x30de24 fbase=0x6d79612000 sym=unknown so=/data/app/~~iNwcSjv3C2CZCLwcLxpEtA==/com.termux.x11-1tus8NhfW98goVF914TrYw==/base.apk!/lib/arm64-v8a/libXlorie.so
04-17 08:24:13.794 I/LorieNative( 8207): DamageTraceV2: PutImage count=24640 drawableType=WINDOW screenPixmap=0 drawable=0xb4000070a0f49030 geom=2898x1848 box=0,1298-2898,1320 backend=other fn=0x6d7991fe24 fn_offset=0x30de24 fbase=0x6d79612000 sym=unknown so=/data/app/~~iNwcSjv3C2CZCLwcLxpEtA==/com.termux.x11-1tus8NhfW98goVF914TrYw==/base.apk!/lib/arm64-v8a/libXlorie.so
04-17 08:24:13.848 I/LorieNative( 8207): ExaTrace: putImage accel count=25088 drawableType=0 drawableId=0x600037 geom=2898x1848 size=2912x22 format=2 depth=24
04-17 08:24:13.849 I/LorieNative( 8207): DamageTraceV2: PutImage count=24704 drawableType=WINDOW screenPixmap=0 drawable=0xb4000070a0f49030 geom=2898x1848 box=0,858-2898,880 backend=other fn=0x6d7991fe24 fn_offset=0x30de24 fbase=0x6d79612000 sym=unknown so=/data/app/~~iNwcSjv3C2CZCLwcLxpEtA==/com.termux.x11-1tus8NhfW98goVF914TrYw==/base.apk!/lib/arm64-v8a/libXlorie.so
04-17 08:24:13.894 I/LorieNative( 8207): DamageTraceV2: PutImage count=24768 drawableType=WINDOW screenPixmap=0 drawable=0xb4000070a0f49030 geom=2898x1848 box=0,418-2898,440 backend=other fn=0x6d7991fe24 fn_offset=0x30de24 fbase=0x6d79612000 sym=unknown so=/data/app/~~iNwcSjv3C2CZCLwcLxpEtA==/com.termux.x11-1tus8NhfW98goVF914TrYw==/base.apk!/lib/arm64-v8a/libXlorie.so
04-17 08:24:13.912 I/LorieNative( 8207): ExaTrace: putImage accel count=25216 drawableType=0 drawableId=0x600037 geom=2898x1848 size=2912x22 format=2 depth=24
04-17 08:24:13.917 I/LorieNative( 8207): DamageTraceV2: PutImage count=24832 drawableType=WINDOW screenPixmap=0 drawable=0xb4000070a0f49030 geom=2898x1848 box=0,1826-2898,1848 backend=other fn=0x6d7991fe24 fn_offset=0x30de24 fbase=0x6d79612000 sym=unknown so=/data/app/~~iNwcSjv3C2CZCLwcLxpEtA==/com.termux.x11-1tus8NhfW98goVF914TrYw==/base.apk!/lib/arm64-v8a/libXlorie.so
04-17 08:24:13.959 I/LorieNative( 8207): DamageTraceV2: PutImage count=24896 drawableType=WINDOW screenPixmap=0 drawable=0xb4000070a0f49030 geom=2898x1848 box=0,1386-2898,1408 backend=other fn=0x6d7991fe24 fn_offset=0x30de24 fbase=0x6d79612000 sym=unknown so=/data/app/~~iNwcSjv3C2CZCLwcLxpEtA==/com.termux.x11-1tus8NhfW98goVF914TrYw==/base.apk!/lib/arm64-v8a/libXlorie.so
04-17 08:24:13.998 I/LorieNative( 8207): ExaTrace: putImage accel count=25344 drawableType=0 drawableId=0x600037 geom=2898x1848 size=2912x22 format=2 depth=24
04-17 08:24:14.000 I/LorieNative( 8207): DamageTraceV2: PutImage count=24960 drawableType=WINDOW screenPixmap=0 drawable=0xb4000070a0f49030 geom=2898x1848 box=0,946-2898,968 backend=other fn=0x6d7991fe24 fn_offset=0x30de24 fbase=0x6d79612000 sym=unknown so=/data/app/~~iNwcSjv3C2CZCLwcLxpEtA==/com.termux.x11-1tus8NhfW98goVF914TrYw==/base.apk!/lib/arm64-v8a/libXlorie.so
04-17 08:24:14.036 I/RLT     ( 1866): +566929ms [THREAD] Choreographer->main op=doFrame frame=3960 | thread=main
04-17 08:24:14.038 I/RLT     ( 1866): +566931ms [FRAME] fps=120.0 jank=0 p99=8.4ms heap=24MB periodic corr=frames-73d6 | thread=main
04-17 08:24:14.055 I/LorieNative( 8207): DamageTraceV2: PutImage count=25024 drawableType=WINDOW screenPixmap=0 drawable=0xb4000070a0f49030 geom=2898x1848 box=0,506-2898,528 backend=other fn=0x6d7991fe24 fn_offset=0x30de24 fbase=0x6d79612000 sym=unknown so=/data/app/~~iNwcSjv3C2CZCLwcLxpEtA==/com.termux.x11-1tus8NhfW98goVF914TrYw==/base.apk!/lib/arm64-v8a/libXlorie.so
04-17 08:24:14.068 I/LorieNative( 8207): ExaTrace: putImage accel count=25472 drawableType=0 drawableId=0x600037 geom=2898x1848 size=2912x22 format=2 depth=24
04-17 08:24:14.098 I/LorieNative( 8207): DamageTraceV2: PutImage count=25088 drawableType=WINDOW screenPixmap=0 drawable=0xb4000070a0f49030 geom=2898x1848 box=0,66-2898,88 backend=other fn=0x6d7991fe24 fn_offset=0x30de24 fbase=0x6d79612000 sym=unknown so=/data/app/~~iNwcSjv3C2CZCLwcLxpEtA==/com.termux.x11-1tus8NhfW98goVF914TrYw==/base.apk!/lib/arm64-v8a/libXlorie.so
04-17 08:24:14.112 I/LorieNative( 8207): DamageTraceV2: PutImage count=25152 drawableType=WINDOW screenPixmap=0 drawable=0xb4000070a0f49030 geom=2898x1848 box=0,1474-2898,1496 backend=other fn=0x6d7991fe24 fn_offset=0x30de24 fbase=0x6d79612000 sym=unknown so=/data/app/~~iNwcSjv3C2CZCLwcLxpEtA==/com.termux.x11-1tus8NhfW98goVF914TrYw==/base.apk!/lib/arm64-v8a/libXlorie.so
04-17 08:24:14.151 I/LorieNative( 8207): ExaTrace: putImage accel count=25600 drawableType=0 drawableId=0x600037 geom=2898x1848 size=2912x22 format=2 depth=24
04-17 08:24:14.153 I/LorieNative( 8207): DamageTraceV2: PutImage count=25216 drawableType=WINDOW screenPixmap=0 drawable=0xb4000070a0f49030 geom=2898x1848 box=0,1034-2898,1056 backend=other fn=0x6d7991fe24 fn_offset=0x30de24 fbase=0x6d79612000 sym=unknown so=/data/app/~~iNwcSjv3C2CZCLwcLxpEtA==/com.termux.x11-1tus8NhfW98goVF914TrYw==/base.apk!/lib/arm64-v8a/libXlorie.so
04-17 08:24:14.200 I/LorieNative( 8207): DamageTraceV2: PutImage count=25280 drawableType=WINDOW screenPixmap=0 drawable=0xb4000070a0f49030 geom=2898x1848 box=0,594-2898,616 backend=other fn=0x6d7991fe24 fn_offset=0x30de24 fbase=0x6d79612000 sym=unknown so=/data/app/~~iNwcSjv3C2CZCLwcLxpEtA==/com.termux.x11-1tus8NhfW98goVF914TrYw==/base.apk!/lib/arm64-v8a/libXlorie.so
04-17 08:24:14.236 I/LorieNative( 8207): ExaTrace: putImage accel count=25728 drawableType=0 drawableId=0x600037 geom=2898x1848 size=2912x22 format=2 depth=24
04-17 08:24:14.238 I/LorieNative( 8207): DamageTraceV2: PutImage count=25344 drawableType=WINDOW screenPixmap=0 drawable=0xb4000070a0f49030 geom=2898x1848 box=0,154-2898,176 backend=other fn=0x6d7991fe24 fn_offset=0x30de24 fbase=0x6d79612000 sym=unknown so=/data/app/~~iNwcSjv3C2CZCLwcLxpEtA==/com.termux.x11-1tus8NhfW98goVF914TrYw==/base.apk!/lib/arm64-v8a/libXlorie.so
04-17 08:24:14.260 I/LorieNative( 8207): DamageTraceV2: PutImage count=25408 drawableType=WINDOW screenPixmap=0 drawable=0xb4000070a0f49030 geom=2898x1848 box=0,1562-2898,1584 backend=other fn=0x6d7991fe24 fn_offset=0x30de24 fbase=0x6d79612000 sym=unknown so=/data/app/~~iNwcSjv3C2CZCLwcLxpEtA==/com.termux.x11-1tus8NhfW98goVF914TrYw==/base.apk!/lib/arm64-v8a/libXlorie.so
04-17 08:24:14.302 I/LorieNative( 8207): ExaTrace: putImage accel count=25856 drawableType=0 drawableId=0x600037 geom=2898x1848 size=2912x22 format=2 depth=24
04-17 08:24:14.305 I/LorieNative( 8207): DamageTraceV2: PutImage count=25472 drawableType=WINDOW screenPixmap=0 drawable=0xb4000070a0f49030 geom=2898x1848 box=0,1122-2898,1144 backend=other fn=0x6d7991fe24 fn_offset=0x30de24 fbase=0x6d79612000 sym=unknown so=/data/app/~~iNwcSjv3C2CZCLwcLxpEtA==/com.termux.x11-1tus8NhfW98goVF914TrYw==/base.apk!/lib/arm64-v8a/libXlorie.so
04-17 08:24:14.343 I/LorieNative( 8207): DamageTraceV2: PutImage count=25536 drawableType=WINDOW screenPixmap=0 drawable=0xb4000070a0f49030 geom=2898x1848 box=0,682-2898,704 backend=other fn=0x6d7991fe24 fn_offset=0x30de24 fbase=0x6d79612000 sym=unknown so=/data/app/~~iNwcSjv3C2CZCLwcLxpEtA==/com.termux.x11-1tus8NhfW98goVF914TrYw==/base.apk!/lib/arm64-v8a/libXlorie.so
04-17 08:24:14.385 I/LorieNative( 8207): ExaTrace: putImage accel count=25984 drawableType=0 drawableId=0x600037 geom=2898x1848 size=2912x22 format=2 depth=24
04-17 08:24:14.389 I/LorieNative( 8207): DamageTraceV2: PutImage count=25600 drawableType=WINDOW screenPixmap=0 drawable=0xb4000070a0f49030 geom=2898x1848 box=0,242-2898,264 backend=other fn=0x6d7991fe24 fn_offset=0x30de24 fbase=0x6d79612000 sym=unknown so=/data/app/~~iNwcSjv3C2CZCLwcLxpEtA==/com.termux.x11-1tus8NhfW98goVF914TrYw==/base.apk!/lib/arm64-v8a/libXlorie.so
04-17 08:24:14.417 I/LorieNative( 8207): DamageTraceV2: PutImage count=25664 drawableType=WINDOW screenPixmap=0 drawable=0xb4000070a0f49030 geom=2898x1848 box=0,1650-2898,1672 backend=other fn=0x6d7991fe24 fn_offset=0x30de24 fbase=0x6d79612000 sym=unknown so=/data/app/~~iNwcSjv3C2CZCLwcLxpEtA==/com.termux.x11-1tus8NhfW98goVF914TrYw==/base.apk!/lib/arm64-v8a/libXlorie.so
04-17 08:24:14.465 I/LorieNative( 8207): ExaTrace: putImage accel count=26112 drawableType=0 drawableId=0x600037 geom=2898x1848 size=2912x22 format=2 depth=24
04-17 08:24:14.467 I/LorieNative( 8207): DamageTraceV2: PutImage count=25728 drawableType=WINDOW screenPixmap=0 drawable=0xb4000070a0f49030 geom=2898x1848 box=0,1210-2898,1232 backend=other fn=0x6d7991fe24 fn_offset=0x30de24 fbase=0x6d79612000 sym=unknown so=/data/app/~~iNwcSjv3C2CZCLwcLxpEtA==/com.termux.x11-1tus8NhfW98goVF914TrYw==/base.apk!/lib/arm64-v8a/libXlorie.so
04-17 08:24:14.510 I/LorieNative( 8207): DamageTraceV2: PutImage count=25792 drawableType=WINDOW screenPixmap=0 drawable=0xb4000070a0f49030 geom=2898x1848 box=0,770-2898,792 backend=other fn=0x6d7991fe24 fn_offset=0x30de24 fbase=0x6d79612000 sym=unknown so=/data/app/~~iNwcSjv3C2CZCLwcLxpEtA==/com.termux.x11-1tus8NhfW98goVF914TrYw==/base.apk!/lib/arm64-v8a/libXlorie.so
04-17 08:24:14.551 I/LorieNative( 8207): ExaTrace: putImage accel count=26240 drawableType=0 drawableId=0x600037 geom=2898x1848 size=2912x22 format=2 depth=24
04-17 08:24:14.555 I/LorieNative( 8207): DamageTraceV2: PutImage count=25856 drawableType=WINDOW screenPixmap=0 drawable=0xb4000070a0f49030 geom=2898x1848 box=0,330-2898,352 backend=other fn=0x6d7991fe24 fn_offset=0x30de24 fbase=0x6d79612000 sym=unknown so=/data/app/~~iNwcSjv3C2CZCLwcLxpEtA==/com.termux.x11-1tus8NhfW98goVF914TrYw==/base.apk!/lib/arm64-v8a/libXlorie.so
04-17 08:24:14.572 I/LorieNative( 8207): DamageTraceV2: PutImage count=25920 drawableType=WINDOW screenPixmap=0 drawable=0xb4000070a0f49030 geom=2898x1848 box=0,1738-2898,1760 backend=other fn=0x6d7991fe24 fn_offset=0x30de24 fbase=0x6d79612000 sym=unknown so=/data/app/~~iNwcSjv3C2CZCLwcLxpEtA==/com.termux.x11-1tus8NhfW98goVF914TrYw==/base.apk!/lib/arm64-v8a/libXlorie.so
04-17 08:24:14.612 I/LorieNative( 8207): ExaTrace: putImage accel count=26368 drawableType=0 drawableId=0x600037 geom=2898x1848 size=2912x22 format=2 depth=24
04-17 08:24:14.614 I/LorieNative( 8207): DamageTraceV2: PutImage count=25984 drawableType=WINDOW screenPixmap=0 drawable=0xb4000070a0f49030 geom=2898x1848 box=0,1298-2898,1320 backend=other fn=0x6d7991fe24 fn_offset=0x30de24 fbase=0x6d79612000 sym=unknown so=/data/app/~~iNwcSjv3C2CZCLwcLxpEtA==/com.termux.x11-1tus8NhfW98goVF914TrYw==/base.apk!/lib/arm64-v8a/libXlorie.so
04-17 08:24:14.660 I/LorieNative( 8207): DamageTraceV2: PutImage count=26048 drawableType=WINDOW screenPixmap=0 drawable=0xb4000070a0f49030 geom=2898x1848 box=0,858-2898,880 backend=other fn=0x6d7991fe24 fn_offset=0x30de24 fbase=0x6d79612000 sym=unknown so=/data/app/~~iNwcSjv3C2CZCLwcLxpEtA==/com.termux.x11-1tus8NhfW98goVF914TrYw==/base.apk!/lib/arm64-v8a/libXlorie.so
04-17 08:24:14.701 I/LorieNative( 8207): ExaTrace: putImage accel count=26496 drawableType=0 drawableId=0x600037 geom=2898x1848 size=2912x22 format=2 depth=24
04-17 08:24:14.703 I/LorieNative( 8207): DamageTraceV2: PutImage count=26112 drawableType=WINDOW screenPixmap=0 drawable=0xb4000070a0f49030 geom=2898x1848 box=0,418-2898,440 backend=other fn=0x6d7991fe24 fn_offset=0x30de24 fbase=0x6d79612000 sym=unknown so=/data/app/~~iNwcSjv3C2CZCLwcLxpEtA==/com.termux.x11-1tus8NhfW98goVF914TrYw==/base.apk!/lib/arm64-v8a/libXlorie.so
04-17 08:24:14.717 I/LorieNative( 8207): DamageTraceV2: PutImage count=26176 drawableType=WINDOW screenPixmap=0 drawable=0xb4000070a0f49030 geom=2898x1848 box=0,1826-2898,1848 backend=other fn=0x6d7991fe24 fn_offset=0x30de24 fbase=0x6d79612000 sym=unknown so=/data/app/~~iNwcSjv3C2CZCLwcLxpEtA==/com.termux.x11-1tus8NhfW98goVF914TrYw==/base.apk!/lib/arm64-v8a/libXlorie.so
04-17 08:24:14.760 I/LorieNative( 8207): ExaTrace: putImage accel count=26624 drawableType=0 drawableId=0x600037 geom=2898x1848 size=2912x22 format=2 depth=24
04-17 08:24:14.764 I/LorieNative( 8207): DamageTraceV2: PutImage count=26240 drawableType=WINDOW screenPixmap=0 drawable=0xb4000070a0f49030 geom=2898x1848 box=0,1386-2898,1408 backend=other fn=0x6d7991fe24 fn_offset=0x30de24 fbase=0x6d79612000 sym=unknown so=/data/app/~~iNwcSjv3C2CZCLwcLxpEtA==/com.termux.x11-1tus8NhfW98goVF914TrYw==/base.apk!/lib/arm64-v8a/libXlorie.so
04-17 08:24:14.809 I/LorieNative( 8207): DamageTraceV2: PutImage count=26304 drawableType=WINDOW screenPixmap=0 drawable=0xb4000070a0f49030 geom=2898x1848 box=0,946-2898,968 backend=other fn=0x6d7991fe24 fn_offset=0x30de24 fbase=0x6d79612000 sym=unknown so=/data/app/~~iNwcSjv3C2CZCLwcLxpEtA==/com.termux.x11-1tus8NhfW98goVF914TrYw==/base.apk!/lib/arm64-v8a/libXlorie.so
04-17 08:24:14.851 I/LorieNative( 8207): ExaTrace: putImage accel count=26752 drawableType=0 drawableId=0x600037 geom=2898x1848 size=2912x22 format=2 depth=24
04-17 08:24:14.857 I/LorieNative( 8207): DamageTraceV2: PutImage count=26368 drawableType=WINDOW screenPixmap=0 drawable=0xb4000070a0f49030 geom=2898x1848 box=0,506-2898,528 backend=other fn=0x6d7991fe24 fn_offset=0x30de24 fbase=0x6d79612000 sym=unknown so=/data/app/~~iNwcSjv3C2CZCLwcLxpEtA==/com.termux.x11-1tus8NhfW98goVF914TrYw==/base.apk!/lib/arm64-v8a/libXlorie.so
04-17 08:24:14.905 I/LorieNative( 8207): DamageTraceV2: PutImage count=26432 drawableType=WINDOW screenPixmap=0 drawable=0xb4000070a0f49030 geom=2898x1848 box=0,66-2898,88 backend=other fn=0x6d7991fe24 fn_offset=0x30de24 fbase=0x6d79612000 sym=unknown so=/data/app/~~iNwcSjv3C2CZCLwcLxpEtA==/com.termux.x11-1tus8NhfW98goVF914TrYw==/base.apk!/lib/arm64-v8a/libXlorie.so
04-17 08:24:14.922 I/LorieNative( 8207): ExaTrace: putImage accel count=26880 drawableType=0 drawableId=0x600037 geom=2898x1848 size=2912x22 format=2 depth=24
04-17 08:24:14.924 I/LorieNative( 8207): DamageTraceV2: PutImage count=26496 drawableType=WINDOW screenPixmap=0 drawable=0xb4000070a0f49030 geom=2898x1848 box=0,1474-2898,1496 backend=other fn=0x6d7991fe24 fn_offset=0x30de24 fbase=0x6d79612000 sym=unknown so=/data/app/~~iNwcSjv3C2CZCLwcLxpEtA==/com.termux.x11-1tus8NhfW98goVF914TrYw==/base.apk!/lib/arm64-v8a/libXlorie.so
04-17 08:24:14.964 I/LorieNative( 8207): DamageTraceV2: PutImage count=26560 drawableType=WINDOW screenPixmap=0 drawable=0xb4000070a0f49030 geom=2898x1848 box=0,1034-2898,1056 backend=other fn=0x6d7991fe24 fn_offset=0x30de24 fbase=0x6d79612000 sym=unknown so=/data/app/~~iNwcSjv3C2CZCLwcLxpEtA==/com.termux.x11-1tus8NhfW98goVF914TrYw==/base.apk!/lib/arm64-v8a/libXlorie.so
04-17 08:24:15.007 I/LorieNative( 8207): ExaTrace: putImage accel count=27008 drawableType=0 drawableId=0x600037 geom=2898x1848 size=2912x22 format=2 depth=24
04-17 08:24:15.010 I/LorieNative( 8207): DamageTraceV2: PutImage count=26624 drawableType=WINDOW screenPixmap=0 drawable=0xb4000070a0f49030 geom=2898x1848 box=0,594-2898,616 backend=other fn=0x6d7991fe24 fn_offset=0x30de24 fbase=0x6d79612000 sym=unknown so=/data/app/~~iNwcSjv3C2CZCLwcLxpEtA==/com.termux.x11-1tus8NhfW98goVF914TrYw==/base.apk!/lib/arm64-v8a/libXlorie.so
04-17 08:24:15.036 I/RLT     ( 1866): +567929ms [THREAD] Choreographer->main op=doFrame frame=4080 | thread=main
04-17 08:24:15.038 I/RLT     ( 1866): +567931ms [FRAME] fps=120.0 jank=0 p99=8.3ms heap=24MB periodic corr=frames-73d6 | thread=main
04-17 08:24:15.056 I/LorieNative( 8207): DamageTraceV2: PutImage count=26688 drawableType=WINDOW screenPixmap=0 drawable=0xb4000070a0f49030 geom=2898x1848 box=0,154-2898,176 backend=other fn=0x6d7991fe24 fn_offset=0x30de24 fbase=0x6d79612000 sym=unknown so=/data/app/~~iNwcSjv3C2CZCLwcLxpEtA==/com.termux.x11-1tus8NhfW98goVF914TrYw==/base.apk!/lib/arm64-v8a/libXlorie.so
04-17 08:24:15.073 I/LorieNative( 8207): ExaTrace: putImage accel count=27136 drawableType=0 drawableId=0x600037 geom=2898x1848 size=2912x22 format=2 depth=24
04-17 08:24:15.075 I/LorieNative( 8207): DamageTraceV2: PutImage count=26752 drawableType=WINDOW screenPixmap=0 drawable=0xb4000070a0f49030 geom=2898x1848 box=0,1562-2898,1584 backend=other fn=0x6d7991fe24 fn_offset=0x30de24 fbase=0x6d79612000 sym=unknown so=/data/app/~~iNwcSjv3C2CZCLwcLxpEtA==/com.termux.x11-1tus8NhfW98goVF914TrYw==/base.apk!/lib/arm64-v8a/libXlorie.so
04-17 08:24:15.126 I/LorieNative( 8207): DamageTraceV2: PutImage count=26816 drawableType=WINDOW screenPixmap=0 drawable=0xb4000070a0f49030 geom=2898x1848 box=0,1122-2898,1144 backend=other fn=0x6d7991fe24 fn_offset=0x30de24 fbase=0x6d79612000 sym=unknown so=/data/app/~~iNwcSjv3C2CZCLwcLxpEtA==/com.termux.x11-1tus8NhfW98goVF914TrYw==/base.apk!/lib/arm64-v8a/libXlorie.so
04-17 08:24:15.179 I/LorieNative( 8207): ExaTrace: putImage accel count=27264 drawableType=0 drawableId=0x600037 geom=2898x1848 size=2912x22 format=2 depth=24
04-17 08:24:15.181 I/LorieNative( 8207): DamageTraceV2: PutImage count=26880 drawableType=WINDOW screenPixmap=0 drawable=0xb4000070a0f49030 geom=2898x1848 box=0,682-2898,704 backend=other fn=0x6d7991fe24 fn_offset=0x30de24 fbase=0x6d79612000 sym=unknown so=/data/app/~~iNwcSjv3C2CZCLwcLxpEtA==/com.termux.x11-1tus8NhfW98goVF914TrYw==/base.apk!/lib/arm64-v8a/libXlorie.so
04-17 08:24:15.222 I/LorieNative( 8207): DamageTraceV2: PutImage count=26944 drawableType=WINDOW screenPixmap=0 drawable=0xb4000070a0f49030 geom=2898x1848 box=0,242-2898,264 backend=other fn=0x6d7991fe24 fn_offset=0x30de24 fbase=0x6d79612000 sym=unknown so=/data/app/~~iNwcSjv3C2CZCLwcLxpEtA==/com.termux.x11-1tus8NhfW98goVF914TrYw==/base.apk!/lib/arm64-v8a/libXlorie.so
04-17 08:24:15.236 I/LorieNative( 8207): ExaTrace: putImage accel count=27392 drawableType=0 drawableId=0x600037 geom=2898x1848 size=2912x22 format=2 depth=24
04-17 08:24:15.239 I/LorieNative( 8207): DamageTraceV2: PutImage count=27008 drawableType=WINDOW screenPixmap=0 drawable=0xb4000070a0f49030 geom=2898x1848 box=0,1650-2898,1672 backend=other fn=0x6d7991fe24 fn_offset=0x30de24 fbase=0x6d79612000 sym=unknown so=/data/app/~~iNwcSjv3C2CZCLwcLxpEtA==/com.termux.x11-1tus8NhfW98goVF914TrYw==/base.apk!/lib/arm64-v8a/libXlorie.so
04-17 08:24:15.273 I/LorieNative( 8207): choreographer callbacks in 5.0 seconds = 120.0 FPS
04-17 08:24:15.273 I/LorieNative( 8207): redraw wakeups in 5.0 seconds = 120.0 FPS
04-17 08:24:15.273 I/LorieNative( 8207): damage-triggered redraws in 5.0 seconds = 65.8 FPS
04-17 08:24:15.273 I/LorieNative( 8207): AhbLockTrace: sticky=0 lock_calls=329 unlock_calls=329 sticky_hits=8583 flush_skipped=0 in 5.0s
04-17 08:24:15.273 I/LorieNative( 8207): present flip attempts in 5.0 seconds = 0.0 FPS (accepted 0.0, rejected 0.0)
04-17 08:24:15.273 I/LorieNative( 8207): present after-flips in 5.0 seconds = 0.0 FPS
04-17 08:24:15.273 I/LorieNative( 8207): 328 frames in 5.0 seconds = 65.6 FPS
04-17 08:24:15.281 I/LorieNative( 8207): DamageTraceV2: PutImage count=27072 drawableType=WINDOW screenPixmap=0 drawable=0xb4000070a0f49030 geom=2898x1848 box=0,1210-2898,1232 backend=other fn=0x6d7991fe24 fn_offset=0x30de24 fbase=0x6d79612000 sym=unknown so=/data/app/~~iNwcSjv3C2CZCLwcLxpEtA==/com.termux.x11-1tus8NhfW98goVF914TrYw==/base.apk!/lib/arm64-v8a/libXlorie.so
04-17 08:24:15.331 I/LorieNative( 8207): ExaTrace: putImage accel count=27520 drawableType=0 drawableId=0x600037 geom=2898x1848 size=2912x22 format=2 depth=24
04-17 08:24:15.333 I/LorieNative( 8207): DamageTraceV2: PutImage count=27136 drawableType=WINDOW screenPixmap=0 drawable=0xb4000070a0f49030 geom=2898x1848 box=0,770-2898,792 backend=other fn=0x6d7991fe24 fn_offset=0x30de24 fbase=0x6d79612000 sym=unknown so=/data/app/~~iNwcSjv3C2CZCLwcLxpEtA==/com.termux.x11-1tus8NhfW98goVF914TrYw==/base.apk!/lib/arm64-v8a/libXlorie.so
04-17 08:24:15.383 I/LorieNative( 8207): DamageTraceV2: PutImage count=27200 drawableType=WINDOW screenPixmap=0 drawable=0xb4000070a0f49030 geom=2898x1848 box=0,330-2898,352 backend=other fn=0x6d7991fe24 fn_offset=0x30de24 fbase=0x6d79612000 sym=unknown so=/data/app/~~iNwcSjv3C2CZCLwcLxpEtA==/com.termux.x11-1tus8NhfW98goVF914TrYw==/base.apk!/lib/arm64-v8a/libXlorie.so
04-17 08:24:15.398 I/LorieNative( 8207): ExaTrace: putImage accel count=27648 drawableType=0 drawableId=0x600037 geom=2898x1848 size=2912x22 format=2 depth=24
04-17 08:24:15.399 I/LorieNative( 8207): DamageTraceV2: PutImage count=27264 drawableType=WINDOW screenPixmap=0 drawable=0xb4000070a0f49030 geom=2898x1848 box=0,1738-2898,1760 backend=other fn=0x6d7991fe24 fn_offset=0x30de24 fbase=0x6d79612000 sym=unknown so=/data/app/~~iNwcSjv3C2CZCLwcLxpEtA==/com.termux.x11-1tus8NhfW98goVF914TrYw==/base.apk!/lib/arm64-v8a/libXlorie.so
04-17 08:24:15.448 I/LorieNative( 8207): DamageTraceV2: PutImage count=27328 drawableType=WINDOW screenPixmap=0 drawable=0xb4000070a0f49030 geom=2898x1848 box=0,1298-2898,1320 backend=other fn=0x6d7991fe24 fn_offset=0x30de24 fbase=0x6d79612000 sym=unknown so=/data/app/~~iNwcSjv3C2CZCLwcLxpEtA==/com.termux.x11-1tus8NhfW98goVF914TrYw==/base.apk!/lib/arm64-v8a/libXlorie.so
04-17 08:24:15.493 I/LorieNative( 8207): ExaTrace: putImage accel count=27776 drawableType=0 drawableId=0x600037 geom=2898x1848 size=2912x22 format=2 depth=24
04-17 08:24:15.496 I/LorieNative( 8207): DamageTraceV2: PutImage count=27392 drawableType=WINDOW screenPixmap=0 drawable=0xb4000070a0f49030 geom=2898x1848 box=0,858-2898,880 backend=other fn=0x6d7991fe24 fn_offset=0x30de24 fbase=0x6d79612000 sym=unknown so=/data/app/~~iNwcSjv3C2CZCLwcLxpEtA==/com.termux.x11-1tus8NhfW98goVF914TrYw==/base.apk!/lib/arm64-v8a/libXlorie.so
04-17 08:24:15.537 I/LorieNative( 8207): DamageTraceV2: PutImage count=27456 drawableType=WINDOW screenPixmap=0 drawable=0xb4000070a0f49030 geom=2898x1848 box=0,418-2898,440 backend=other fn=0x6d7991fe24 fn_offset=0x30de24 fbase=0x6d79612000 sym=unknown so=/data/app/~~iNwcSjv3C2CZCLwcLxpEtA==/com.termux.x11-1tus8NhfW98goVF914TrYw==/base.apk!/lib/arm64-v8a/libXlorie.so
04-17 08:24:15.549 I/LorieNative( 8207): ExaTrace: putImage accel count=27904 drawableType=0 drawableId=0x600037 geom=2898x1848 size=2912x22 format=2 depth=24
04-17 08:24:15.550 I/LorieNative( 8207): DamageTraceV2: PutImage count=27520 drawableType=WINDOW screenPixmap=0 drawable=0xb4000070a0f49030 geom=2898x1848 box=0,1826-2898,1848 backend=other fn=0x6d7991fe24 fn_offset=0x30de24 fbase=0x6d79612000 sym=unknown so=/data/app/~~iNwcSjv3C2CZCLwcLxpEtA==/com.termux.x11-1tus8NhfW98goVF914TrYw==/base.apk!/lib/arm64-v8a/libXlorie.so
04-17 08:24:15.590 I/LorieNative( 8207): DamageTraceV2: PutImage count=27584 drawableType=WINDOW screenPixmap=0 drawable=0xb4000070a0f49030 geom=2898x1848 box=0,1386-2898,1408 backend=other fn=0x6d7991fe24 fn_offset=0x30de24 fbase=0x6d79612000 sym=unknown so=/data/app/~~iNwcSjv3C2CZCLwcLxpEtA==/com.termux.x11-1tus8NhfW98goVF914TrYw==/base.apk!/lib/arm64-v8a/libXlorie.so
04-17 08:24:15.644 I/LorieNative( 8207): ExaTrace: putImage accel count=28032 drawableType=0 drawableId=0x600037 geom=2898x1848 size=2912x22 format=2 depth=24
04-17 08:24:15.647 I/LorieNative( 8207): DamageTraceV2: PutImage count=27648 drawableType=WINDOW screenPixmap=0 drawable=0xb4000070a0f49030 geom=2898x1848 box=0,946-2898,968 backend=other fn=0x6d7991fe24 fn_offset=0x30de24 fbase=0x6d79612000 sym=unknown so=/data/app/~~iNwcSjv3C2CZCLwcLxpEtA==/com.termux.x11-1tus8NhfW98goVF914TrYw==/base.apk!/lib/arm64-v8a/libXlorie.so
04-17 08:24:15.690 I/LorieNative( 8207): DamageTraceV2: PutImage count=27712 drawableType=WINDOW screenPixmap=0 drawable=0xb4000070a0f49030 geom=2898x1848 box=0,506-2898,528 backend=other fn=0x6d7991fe24 fn_offset=0x30de24 fbase=0x6d79612000 sym=unknown so=/data/app/~~iNwcSjv3C2CZCLwcLxpEtA==/com.termux.x11-1tus8NhfW98goVF914TrYw==/base.apk!/lib/arm64-v8a/libXlorie.so
04-17 08:24:15.702 I/LorieNative( 8207): ExaTrace: putImage accel count=28160 drawableType=0 drawableId=0x600037 geom=2898x1848 size=2912x22 format=2 depth=24
04-17 08:24:15.737 I/LorieNative( 8207): DamageTraceV2: PutImage count=27776 drawableType=WINDOW screenPixmap=0 drawable=0xb4000070a0f49030 geom=2898x1848 box=0,66-2898,88 backend=other fn=0x6d7991fe24 fn_offset=0x30de24 fbase=0x6d79612000 sym=unknown so=/data/app/~~iNwcSjv3C2CZCLwcLxpEtA==/com.termux.x11-1tus8NhfW98goVF914TrYw==/base.apk!/lib/arm64-v8a/libXlorie.so
04-17 08:24:15.747 I/LorieNative( 8207): DamageTraceV2: PutImage count=27840 drawableType=WINDOW screenPixmap=0 drawable=0xb4000070a0f49030 geom=2898x1848 box=0,1474-2898,1496 backend=other fn=0x6d7991fe24 fn_offset=0x30de24 fbase=0x6d79612000 sym=unknown so=/data/app/~~iNwcSjv3C2CZCLwcLxpEtA==/com.termux.x11-1tus8NhfW98goVF914TrYw==/base.apk!/lib/arm64-v8a/libXlorie.so
04-17 08:24:15.790 I/LorieNative( 8207): ExaTrace: putImage accel count=28288 drawableType=0 drawableId=0x600037 geom=2898x1848 size=2912x22 format=2 depth=24
04-17 08:24:15.792 I/LorieNative( 8207): DamageTraceV2: PutImage count=27904 drawableType=WINDOW screenPixmap=0 drawable=0xb4000070a0f49030 geom=2898x1848 box=0,1034-2898,1056 backend=other fn=0x6d7991fe24 fn_offset=0x30de24 fbase=0x6d79612000 sym=unknown so=/data/app/~~iNwcSjv3C2CZCLwcLxpEtA==/com.termux.x11-1tus8NhfW98goVF914TrYw==/base.apk!/lib/arm64-v8a/libXlorie.so
04-17 08:24:15.846 I/LorieNative( 8207): DamageTraceV2: PutImage count=27968 drawableType=WINDOW screenPixmap=0 drawable=0xb4000070a0f49030 geom=2898x1848 box=0,594-2898,616 backend=other fn=0x6d7991fe24 fn_offset=0x30de24 fbase=0x6d79612000 sym=unknown so=/data/app/~~iNwcSjv3C2CZCLwcLxpEtA==/com.termux.x11-1tus8NhfW98goVF914TrYw==/base.apk!/lib/arm64-v8a/libXlorie.so
04-17 08:24:15.873 I/LorieNative( 8207): ExaTrace: putImage accel count=28416 drawableType=0 drawableId=0x600037 geom=2898x1848 size=2912x22 format=2 depth=24
04-17 08:24:15.876 I/LorieNative( 8207): DamageTraceV2: PutImage count=28032 drawableType=WINDOW screenPixmap=0 drawable=0xb4000070a0f49030 geom=2898x1848 box=0,154-2898,176 backend=other fn=0x6d7991fe24 fn_offset=0x30de24 fbase=0x6d79612000 sym=unknown so=/data/app/~~iNwcSjv3C2CZCLwcLxpEtA==/com.termux.x11-1tus8NhfW98goVF914TrYw==/base.apk!/lib/arm64-v8a/libXlorie.so
04-17 08:24:15.885 I/LorieNative( 8207): DamageTraceV2: PutImage count=28096 drawableType=WINDOW screenPixmap=0 drawable=0xb4000070a0f49030 geom=2898x1848 box=0,1562-2898,1584 backend=other fn=0x6d7991fe24 fn_offset=0x30de24 fbase=0x6d79612000 sym=unknown so=/data/app/~~iNwcSjv3C2CZCLwcLxpEtA==/com.termux.x11-1tus8NhfW98goVF914TrYw==/base.apk!/lib/arm64-v8a/libXlorie.so
04-17 08:24:15.923 I/LorieNative( 8207): ExaTrace: putImage accel count=28544 drawableType=0 drawableId=0x600037 geom=2898x1848 size=2912x22 format=2 depth=24
04-17 08:24:15.923 I/LorieNative( 8207): DamageTraceV2: PutImage count=28160 drawableType=WINDOW screenPixmap=0 drawable=0xb4000070a0f49030 geom=2898x1848 box=0,1122-2898,1144 backend=other fn=0x6d7991fe24 fn_offset=0x30de24 fbase=0x6d79612000 sym=unknown so=/data/app/~~iNwcSjv3C2CZCLwcLxpEtA==/com.termux.x11-1tus8NhfW98goVF914TrYw==/base.apk!/lib/arm64-v8a/libXlorie.so
04-17 08:24:15.969 I/LorieNative( 8207): DamageTraceV2: PutImage count=28224 drawableType=WINDOW screenPixmap=0 drawable=0xb4000070a0f49030 geom=2898x1848 box=0,682-2898,704 backend=other fn=0x6d7991fe24 fn_offset=0x30de24 fbase=0x6d79612000 sym=unknown so=/data/app/~~iNwcSjv3C2CZCLwcLxpEtA==/com.termux.x11-1tus8NhfW98goVF914TrYw==/base.apk!/lib/arm64-v8a/libXlorie.so
04-17 08:24:16.027 I/LorieNative( 8207): ExaTrace: putImage accel count=28672 drawableType=0 drawableId=0x600037 geom=2898x1848 size=2912x22 format=2 depth=24
04-17 08:24:16.030 I/LorieNative( 8207): DamageTraceV2: PutImage count=28288 drawableType=WINDOW screenPixmap=0 drawable=0xb4000070a0f49030 geom=2898x1848 box=0,242-2898,264 backend=other fn=0x6d7991fe24 fn_offset=0x30de24 fbase=0x6d79612000 sym=unknown so=/data/app/~~iNwcSjv3C2CZCLwcLxpEtA==/com.termux.x11-1tus8NhfW98goVF914TrYw==/base.apk!/lib/arm64-v8a/libXlorie.so
04-17 08:24:16.036 I/RLT     ( 1866): +568929ms [THREAD] Choreographer->main op=doFrame frame=4200 | thread=main
04-17 08:24:16.038 I/RLT     ( 1866): +568931ms [FRAME] fps=120.0 jank=0 p99=8.4ms heap=24MB periodic corr=frames-73d6 | thread=main
04-17 08:24:16.047 I/LorieNative( 8207): DamageTraceV2: PutImage count=28352 drawableType=WINDOW screenPixmap=0 drawable=0xb4000070a0f49030 geom=2898x1848 box=0,1650-2898,1672 backend=other fn=0x6d7991fe24 fn_offset=0x30de24 fbase=0x6d79612000 sym=unknown so=/data/app/~~iNwcSjv3C2CZCLwcLxpEtA==/com.termux.x11-1tus8NhfW98goVF914TrYw==/base.apk!/lib/arm64-v8a/libXlorie.so
04-17 08:24:16.083 I/LorieNative( 8207): ExaTrace: putImage accel count=28800 drawableType=0 drawableId=0x600037 geom=2898x1848 size=2912x22 format=2 depth=24
04-17 08:24:16.084 I/LorieNative( 8207): DamageTraceV2: PutImage count=28416 drawableType=WINDOW screenPixmap=0 drawable=0xb4000070a0f49030 geom=2898x1848 box=0,1210-2898,1232 backend=other fn=0x6d7991fe24 fn_offset=0x30de24 fbase=0x6d79612000 sym=unknown so=/data/app/~~iNwcSjv3C2CZCLwcLxpEtA==/com.termux.x11-1tus8NhfW98goVF914TrYw==/base.apk!/lib/arm64-v8a/libXlorie.so
04-17 08:24:16.118 I/LorieNative( 8207): DamageTraceV2: PutImage count=28480 drawableType=WINDOW screenPixmap=0 drawable=0xb4000070a0f49030 geom=2898x1848 box=0,770-2898,792 backend=other fn=0x6d7991fe24 fn_offset=0x30de24 fbase=0x6d79612000 sym=unknown so=/data/app/~~iNwcSjv3C2CZCLwcLxpEtA==/com.termux.x11-1tus8NhfW98goVF914TrYw==/base.apk!/lib/arm64-v8a/libXlorie.so
04-17 08:24:16.157 I/LorieNative( 8207): ExaTrace: putImage accel count=28928 drawableType=0 drawableId=0x600037 geom=2898x1848 size=2912x22 format=2 depth=24
04-17 08:24:16.159 I/LorieNative( 8207): DamageTraceV2: PutImage count=28544 drawableType=WINDOW screenPixmap=0 drawable=0xb4000070a0f49030 geom=2898x1848 box=0,330-2898,352 backend=other fn=0x6d7991fe24 fn_offset=0x30de24 fbase=0x6d79612000 sym=unknown so=/data/app/~~iNwcSjv3C2CZCLwcLxpEtA==/com.termux.x11-1tus8NhfW98goVF914TrYw==/base.apk!/lib/arm64-v8a/libXlorie.so
04-17 08:24:16.183 I/LorieNative( 8207): DamageTraceV2: PutImage count=28608 drawableType=WINDOW screenPixmap=0 drawable=0xb4000070a0f49030 geom=2898x1848 box=0,1738-2898,1760 backend=other fn=0x6d7991fe24 fn_offset=0x30de24 fbase=0x6d79612000 sym=unknown so=/data/app/~~iNwcSjv3C2CZCLwcLxpEtA==/com.termux.x11-1tus8NhfW98goVF914TrYw==/base.apk!/lib/arm64-v8a/libXlorie.so
04-17 08:24:16.230 I/LorieNative( 8207): ExaTrace: putImage accel count=29056 drawableType=0 drawableId=0x600037 geom=2898x1848 size=2912x22 format=2 depth=24
04-17 08:24:16.231 I/LorieNative( 8207): DamageTraceV2: PutImage count=28672 drawableType=WINDOW screenPixmap=0 drawable=0xb4000070a0f49030 geom=2898x1848 box=0,1298-2898,1320 backend=other fn=0x6d7991fe24 fn_offset=0x30de24 fbase=0x6d79612000 sym=unknown so=/data/app/~~iNwcSjv3C2CZCLwcLxpEtA==/com.termux.x11-1tus8NhfW98goVF914TrYw==/base.apk!/lib/arm64-v8a/libXlorie.so
04-17 08:24:16.269 I/LorieNative( 8207): DamageTraceV2: PutImage count=28736 drawableType=WINDOW screenPixmap=0 drawable=0xb4000070a0f49030 geom=2898x1848 box=0,858-2898,880 backend=other fn=0x6d7991fe24 fn_offset=0x30de24 fbase=0x6d79612000 sym=unknown so=/data/app/~~iNwcSjv3C2CZCLwcLxpEtA==/com.termux.x11-1tus8NhfW98goVF914TrYw==/base.apk!/lib/arm64-v8a/libXlorie.so
04-17 08:24:16.298 I/LorieNative( 8207): ExaTrace: putImage accel count=29184 drawableType=0 drawableId=0x600037 geom=2898x1848 size=2912x22 format=2 depth=24
04-17 08:24:16.299 I/LorieNative( 8207): DamageTraceV2: PutImage count=28800 drawableType=WINDOW screenPixmap=0 drawable=0xb4000070a0f49030 geom=2898x1848 box=0,418-2898,440 backend=other fn=0x6d7991fe24 fn_offset=0x30de24 fbase=0x6d79612000 sym=unknown so=/data/app/~~iNwcSjv3C2CZCLwcLxpEtA==/com.termux.x11-1tus8NhfW98goVF914TrYw==/base.apk!/lib/arm64-v8a/libXlorie.so
04-17 08:24:16.306 I/LorieNative( 8207): DamageTraceV2: PutImage count=28864 drawableType=WINDOW screenPixmap=0 drawable=0xb4000070a0f49030 geom=2898x1848 box=0,1826-2898,1848 backend=other fn=0x6d7991fe24 fn_offset=0x30de24 fbase=0x6d79612000 sym=unknown so=/data/app/~~iNwcSjv3C2CZCLwcLxpEtA==/com.termux.x11-1tus8NhfW98goVF914TrYw==/base.apk!/lib/arm64-v8a/libXlorie.so
04-17 08:24:16.340 I/LorieNative( 8207): ExaTrace: putImage accel count=29312 drawableType=0 drawableId=0x600037 geom=2898x1848 size=2912x22 format=2 depth=24
04-17 08:24:16.341 I/LorieNative( 8207): DamageTraceV2: PutImage count=28928 drawableType=WINDOW screenPixmap=0 drawable=0xb4000070a0f49030 geom=2898x1848 box=0,1386-2898,1408 backend=other fn=0x6d7991fe24 fn_offset=0x30de24 fbase=0x6d79612000 sym=unknown so=/data/app/~~iNwcSjv3C2CZCLwcLxpEtA==/com.termux.x11-1tus8NhfW98goVF914TrYw==/base.apk!/lib/arm64-v8a/libXlorie.so
04-17 08:24:16.374 I/LorieNative( 8207): DamageTraceV2: PutImage count=28992 drawableType=WINDOW screenPixmap=0 drawable=0xb4000070a0f49030 geom=2898x1848 box=0,946-2898,968 backend=other fn=0x6d7991fe24 fn_offset=0x30de24 fbase=0x6d79612000 sym=unknown so=/data/app/~~iNwcSjv3C2CZCLwcLxpEtA==/com.termux.x11-1tus8NhfW98goVF914TrYw==/base.apk!/lib/arm64-v8a/libXlorie.so
04-17 08:24:16.408 I/LorieNative( 8207): ExaTrace: putImage accel count=29440 drawableType=0 drawableId=0x600037 geom=2898x1848 size=2912x22 format=2 depth=24
04-17 08:24:16.410 I/LorieNative( 8207): DamageTraceV2: PutImage count=29056 drawableType=WINDOW screenPixmap=0 drawable=0xb4000070a0f49030 geom=2898x1848 box=0,506-2898,528 backend=other fn=0x6d7991fe24 fn_offset=0x30de24 fbase=0x6d79612000 sym=unknown so=/data/app/~~iNwcSjv3C2CZCLwcLxpEtA==/com.termux.x11-1tus8NhfW98goVF914TrYw==/base.apk!/lib/arm64-v8a/libXlorie.so
04-17 08:24:16.457 I/LorieNative( 8207): DamageTraceV2: PutImage count=29120 drawableType=WINDOW screenPixmap=0 drawable=0xb4000070a0f49030 geom=2898x1848 box=0,66-2898,88 backend=other fn=0x6d7991fe24 fn_offset=0x30de24 fbase=0x6d79612000 sym=unknown so=/data/app/~~iNwcSjv3C2CZCLwcLxpEtA==/com.termux.x11-1tus8NhfW98goVF914TrYw==/base.apk!/lib/arm64-v8a/libXlorie.so
04-17 08:24:16.466 I/LorieNative( 8207): ExaTrace: putImage accel count=29568 drawableType=0 drawableId=0x600037 geom=2898x1848 size=2912x22 format=2 depth=24
04-17 08:24:16.468 I/LorieNative( 8207): DamageTraceV2: PutImage count=29184 drawableType=WINDOW screenPixmap=0 drawable=0xb4000070a0f49030 geom=2898x1848 box=0,1474-2898,1496 backend=other fn=0x6d7991fe24 fn_offset=0x30de24 fbase=0x6d79612000 sym=unknown so=/data/app/~~iNwcSjv3C2CZCLwcLxpEtA==/com.termux.x11-1tus8NhfW98goVF914TrYw==/base.apk!/lib/arm64-v8a/libXlorie.so
04-17 08:24:16.508 I/LorieNative( 8207): DamageTraceV2: PutImage count=29248 drawableType=WINDOW screenPixmap=0 drawable=0xb4000070a0f49030 geom=2898x1848 box=0,1034-2898,1056 backend=other fn=0x6d7991fe24 fn_offset=0x30de24 fbase=0x6d79612000 sym=unknown so=/data/app/~~iNwcSjv3C2CZCLwcLxpEtA==/com.termux.x11-1tus8NhfW98goVF914TrYw==/base.apk!/lib/arm64-v8a/libXlorie.so
04-17 08:24:16.548 I/LorieNative( 8207): ExaTrace: putImage accel count=29696 drawableType=0 drawableId=0x600037 geom=2898x1848 size=2912x22 format=2 depth=24
04-17 08:24:16.549 I/LorieNative( 8207): DamageTraceV2: PutImage count=29312 drawableType=WINDOW screenPixmap=0 drawable=0xb4000070a0f49030 geom=2898x1848 box=0,594-2898,616 backend=other fn=0x6d7991fe24 fn_offset=0x30de24 fbase=0x6d79612000 sym=unknown so=/data/app/~~iNwcSjv3C2CZCLwcLxpEtA==/com.termux.x11-1tus8NhfW98goVF914TrYw==/base.apk!/lib/arm64-v8a/libXlorie.so
04-17 08:24:16.590 I/LorieNative( 8207): DamageTraceV2: PutImage count=29376 drawableType=WINDOW screenPixmap=0 drawable=0xb4000070a0f49030 geom=2898x1848 box=0,154-2898,176 backend=other fn=0x6d7991fe24 fn_offset=0x30de24 fbase=0x6d79612000 sym=unknown so=/data/app/~~iNwcSjv3C2CZCLwcLxpEtA==/com.termux.x11-1tus8NhfW98goVF914TrYw==/base.apk!/lib/arm64-v8a/libXlorie.so
04-17 08:24:16.598 I/LorieNative( 8207): ExaTrace: putImage accel count=29824 drawableType=0 drawableId=0x600037 geom=2898x1848 size=2912x22 format=2 depth=24
04-17 08:24:16.599 I/LorieNative( 8207): DamageTraceV2: PutImage count=29440 drawableType=WINDOW screenPixmap=0 drawable=0xb4000070a0f49030 geom=2898x1848 box=0,1562-2898,1584 backend=other fn=0x6d7991fe24 fn_offset=0x30de24 fbase=0x6d79612000 sym=unknown so=/data/app/~~iNwcSjv3C2CZCLwcLxpEtA==/com.termux.x11-1tus8NhfW98goVF914TrYw==/base.apk!/lib/arm64-v8a/libXlorie.so
04-17 08:24:16.641 I/LorieNative( 8207): DamageTraceV2: PutImage count=29504 drawableType=WINDOW screenPixmap=0 drawable=0xb4000070a0f49030 geom=2898x1848 box=0,1122-2898,1144 backend=other fn=0x6d7991fe24 fn_offset=0x30de24 fbase=0x6d79612000 sym=unknown so=/data/app/~~iNwcSjv3C2CZCLwcLxpEtA==/com.termux.x11-1tus8NhfW98goVF914TrYw==/base.apk!/lib/arm64-v8a/libXlorie.so
04-17 08:24:16.681 I/LorieNative( 8207): ExaTrace: putImage accel count=29952 drawableType=0 drawableId=0x600037 geom=2898x1848 size=2912x22 format=2 depth=24
04-17 08:24:16.682 I/LorieNative( 8207): DamageTraceV2: PutImage count=29568 drawableType=WINDOW screenPixmap=0 drawable=0xb4000070a0f49030 geom=2898x1848 box=0,682-2898,704 backend=other fn=0x6d7991fe24 fn_offset=0x30de24 fbase=0x6d79612000 sym=unknown so=/data/app/~~iNwcSjv3C2CZCLwcLxpEtA==/com.termux.x11-1tus8NhfW98goVF914TrYw==/base.apk!/lib/arm64-v8a/libXlorie.so
04-17 08:24:16.716 I/LorieNative( 8207): DamageTraceV2: PutImage count=29632 drawableType=WINDOW screenPixmap=0 drawable=0xb4000070a0f49030 geom=2898x1848 box=0,242-2898,264 backend=other fn=0x6d7991fe24 fn_offset=0x30de24 fbase=0x6d79612000 sym=unknown so=/data/app/~~iNwcSjv3C2CZCLwcLxpEtA==/com.termux.x11-1tus8NhfW98goVF914TrYw==/base.apk!/lib/arm64-v8a/libXlorie.so
04-17 08:24:16.723 I/LorieNative( 8207): ExaTrace: putImage accel count=30080 drawableType=0 drawableId=0x600037 geom=2898x1848 size=2912x22 format=2 depth=24
04-17 08:24:16.724 I/LorieNative( 8207): DamageTraceV2: PutImage count=29696 drawableType=WINDOW screenPixmap=0 drawable=0xb4000070a0f49030 geom=2898x1848 box=0,1650-2898,1672 backend=other fn=0x6d7991fe24 fn_offset=0x30de24 fbase=0x6d79612000 sym=unknown so=/data/app/~~iNwcSjv3C2CZCLwcLxpEtA==/com.termux.x11-1tus8NhfW98goVF914TrYw==/base.apk!/lib/arm64-v8a/libXlorie.so
04-17 08:24:16.761 I/LorieNative( 8207): DamageTraceV2: PutImage count=29760 drawableType=WINDOW screenPixmap=0 drawable=0xb4000070a0f49030 geom=2898x1848 box=0,1210-2898,1232 backend=other fn=0x6d7991fe24 fn_offset=0x30de24 fbase=0x6d79612000 sym=unknown so=/data/app/~~iNwcSjv3C2CZCLwcLxpEtA==/com.termux.x11-1tus8NhfW98goVF914TrYw==/base.apk!/lib/arm64-v8a/libXlorie.so
04-17 08:24:16.801 I/LorieNative( 8207): ExaTrace: putImage accel count=30208 drawableType=0 drawableId=0x600037 geom=2898x1848 size=2912x22 format=2 depth=24
04-17 08:24:16.801 I/LorieNative( 8207): DamageTraceV2: PutImage count=29824 drawableType=WINDOW screenPixmap=0 drawable=0xb4000070a0f49030 geom=2898x1848 box=0,770-2898,792 backend=other fn=0x6d7991fe24 fn_offset=0x30de24 fbase=0x6d79612000 sym=unknown so=/data/app/~~iNwcSjv3C2CZCLwcLxpEtA==/com.termux.x11-1tus8NhfW98goVF914TrYw==/base.apk!/lib/arm64-v8a/libXlorie.so
04-17 08:24:16.847 I/LorieNative( 8207): DamageTraceV2: PutImage count=29888 drawableType=WINDOW screenPixmap=0 drawable=0xb4000070a0f49030 geom=2898x1848 box=0,330-2898,352 backend=other fn=0x6d7991fe24 fn_offset=0x30de24 fbase=0x6d79612000 sym=unknown so=/data/app/~~iNwcSjv3C2CZCLwcLxpEtA==/com.termux.x11-1tus8NhfW98goVF914TrYw==/base.apk!/lib/arm64-v8a/libXlorie.so
04-17 08:24:16.857 I/LorieNative( 8207): ExaTrace: putImage accel count=30336 drawableType=0 drawableId=0x600037 geom=2898x1848 size=2912x22 format=2 depth=24
04-17 08:24:16.858 I/LorieNative( 8207): DamageTraceV2: PutImage count=29952 drawableType=WINDOW screenPixmap=0 drawable=0xb4000070a0f49030 geom=2898x1848 box=0,1738-2898,1760 backend=other fn=0x6d7991fe24 fn_offset=0x30de24 fbase=0x6d79612000 sym=unknown so=/data/app/~~iNwcSjv3C2CZCLwcLxpEtA==/com.termux.x11-1tus8NhfW98goVF914TrYw==/base.apk!/lib/arm64-v8a/libXlorie.so
04-17 08:24:16.896 I/LorieNative( 8207): DamageTraceV2: PutImage count=30016 drawableType=WINDOW screenPixmap=0 drawable=0xb4000070a0f49030 geom=2898x1848 box=0,1298-2898,1320 backend=other fn=0x6d7991fe24 fn_offset=0x30de24 fbase=0x6d79612000 sym=unknown so=/data/app/~~iNwcSjv3C2CZCLwcLxpEtA==/com.termux.x11-1tus8NhfW98goVF914TrYw==/base.apk!/lib/arm64-v8a/libXlorie.so
04-17 08:24:16.932 I/LorieNative( 8207): ExaTrace: putImage accel count=30464 drawableType=0 drawableId=0x600037 geom=2898x1848 size=2912x22 format=2 depth=24
04-17 08:24:16.933 I/LorieNative( 8207): DamageTraceV2: PutImage count=30080 drawableType=WINDOW screenPixmap=0 drawable=0xb4000070a0f49030 geom=2898x1848 box=0,858-2898,880 backend=other fn=0x6d7991fe24 fn_offset=0x30de24 fbase=0x6d79612000 sym=unknown so=/data/app/~~iNwcSjv3C2CZCLwcLxpEtA==/com.termux.x11-1tus8NhfW98goVF914TrYw==/base.apk!/lib/arm64-v8a/libXlorie.so
04-17 08:24:16.976 I/LorieNative( 8207): DamageTraceV2: PutImage count=30144 drawableType=WINDOW screenPixmap=0 drawable=0xb4000070a0f49030 geom=2898x1848 box=0,418-2898,440 backend=other fn=0x6d7991fe24 fn_offset=0x30de24 fbase=0x6d79612000 sym=unknown so=/data/app/~~iNwcSjv3C2CZCLwcLxpEtA==/com.termux.x11-1tus8NhfW98goVF914TrYw==/base.apk!/lib/arm64-v8a/libXlorie.so
04-17 08:24:17.003 I/LorieNative( 8207): ExaTrace: putImage accel count=30592 drawableType=0 drawableId=0x600037 geom=2898x1848 size=2912x22 format=2 depth=24
04-17 08:24:17.006 I/LorieNative( 8207): DamageTraceV2: PutImage count=30208 drawableType=WINDOW screenPixmap=0 drawable=0xb4000070a0f49030 geom=2898x1848 box=0,1826-2898,1848 backend=other fn=0x6d7991fe24 fn_offset=0x30de24 fbase=0x6d79612000 sym=unknown so=/data/app/~~iNwcSjv3C2CZCLwcLxpEtA==/com.termux.x11-1tus8NhfW98goVF914TrYw==/base.apk!/lib/arm64-v8a/libXlorie.so
04-17 08:24:17.036 I/RLT     ( 1866): +569929ms [THREAD] Choreographer->main op=doFrame frame=4320 | thread=main
04-17 08:24:17.037 I/RLT     ( 1866): +569930ms [FRAME] fps=120.0 jank=0 p99=8.4ms heap=24MB periodic corr=frames-73d6 | thread=main
04-17 08:24:17.043 I/LorieNative( 8207): DamageTraceV2: PutImage count=30272 drawableType=WINDOW screenPixmap=0 drawable=0xb4000070a0f49030 geom=2898x1848 box=0,1386-2898,1408 backend=other fn=0x6d7991fe24 fn_offset=0x30de24 fbase=0x6d79612000 sym=unknown so=/data/app/~~iNwcSjv3C2CZCLwcLxpEtA==/com.termux.x11-1tus8NhfW98goVF914TrYw==/base.apk!/lib/arm64-v8a/libXlorie.so
04-17 08:24:17.084 I/LorieNative( 8207): ExaTrace: putImage accel count=30720 drawableType=0 drawableId=0x600037 geom=2898x1848 size=2912x22 format=2 depth=24
04-17 08:24:17.085 I/LorieNative( 8207): DamageTraceV2: PutImage count=30336 drawableType=WINDOW screenPixmap=0 drawable=0xb4000070a0f49030 geom=2898x1848 box=0,946-2898,968 backend=other fn=0x6d7991fe24 fn_offset=0x30de24 fbase=0x6d79612000 sym=unknown so=/data/app/~~iNwcSjv3C2CZCLwcLxpEtA==/com.termux.x11-1tus8NhfW98goVF914TrYw==/base.apk!/lib/arm64-v8a/libXlorie.so
04-17 08:24:17.118 I/LorieNative( 8207): DamageTraceV2: PutImage count=30400 drawableType=WINDOW screenPixmap=0 drawable=0xb4000070a0f49030 geom=2898x1848 box=0,506-2898,528 backend=other fn=0x6d7991fe24 fn_offset=0x30de24 fbase=0x6d79612000 sym=unknown so=/data/app/~~iNwcSjv3C2CZCLwcLxpEtA==/com.termux.x11-1tus8NhfW98goVF914TrYw==/base.apk!/lib/arm64-v8a/libXlorie.so
04-17 08:24:17.126 I/LorieNative( 8207): ExaTrace: putImage accel count=30848 drawableType=0 drawableId=0x600037 geom=2898x1848 size=2912x22 format=2 depth=24
04-17 08:24:17.154 I/LorieNative( 8207): DamageTraceV2: PutImage count=30464 drawableType=WINDOW screenPixmap=0 drawable=0xb4000070a0f49030 geom=2898x1848 box=0,66-2898,88 backend=other fn=0x6d7991fe24 fn_offset=0x30de24 fbase=0x6d79612000 sym=unknown so=/data/app/~~iNwcSjv3C2CZCLwcLxpEtA==/com.termux.x11-1tus8NhfW98goVF914TrYw==/base.apk!/lib/arm64-v8a/libXlorie.so
04-17 08:24:17.166 I/LorieNative( 8207): DamageTraceV2: PutImage count=30528 drawableType=WINDOW screenPixmap=0 drawable=0xb4000070a0f49030 geom=2898x1848 box=0,1474-2898,1496 backend=other fn=0x6d7991fe24 fn_offset=0x30de24 fbase=0x6d79612000 sym=unknown so=/data/app/~~iNwcSjv3C2CZCLwcLxpEtA==/com.termux.x11-1tus8NhfW98goVF914TrYw==/base.apk!/lib/arm64-v8a/libXlorie.so
04-17 08:24:17.209 I/LorieNative( 8207): ExaTrace: putImage accel count=30976 drawableType=0 drawableId=0x600037 geom=2898x1848 size=2912x22 format=2 depth=24
04-17 08:24:17.211 I/LorieNative( 8207): DamageTraceV2: PutImage count=30592 drawableType=WINDOW screenPixmap=0 drawable=0xb4000070a0f49030 geom=2898x1848 box=0,1034-2898,1056 backend=other fn=0x6d7991fe24 fn_offset=0x30de24 fbase=0x6d79612000 sym=unknown so=/data/app/~~iNwcSjv3C2CZCLwcLxpEtA==/com.termux.x11-1tus8NhfW98goVF914TrYw==/base.apk!/lib/arm64-v8a/libXlorie.so
04-17 08:24:17.265 I/LorieNative( 8207): DamageTraceV2: PutImage count=30656 drawableType=WINDOW screenPixmap=0 drawable=0xb4000070a0f49030 geom=2898x1848 box=0,594-2898,616 backend=other fn=0x6d7991fe24 fn_offset=0x30de24 fbase=0x6d79612000 sym=unknown so=/data/app/~~iNwcSjv3C2CZCLwcLxpEtA==/com.termux.x11-1tus8NhfW98goVF914TrYw==/base.apk!/lib/arm64-v8a/libXlorie.so
04-17 08:24:17.304 I/LorieNative( 8207): ExaTrace: putImage accel count=31104 drawableType=0 drawableId=0x600037 geom=2898x1848 size=2912x22 format=2 depth=24
04-17 08:24:17.306 I/LorieNative( 8207): DamageTraceV2: PutImage count=30720 drawableType=WINDOW screenPixmap=0 drawable=0xb4000070a0f49030 geom=2898x1848 box=0,154-2898,176 backend=other fn=0x6d7991fe24 fn_offset=0x30de24 fbase=0x6d79612000 sym=unknown so=/data/app/~~iNwcSjv3C2CZCLwcLxpEtA==/com.termux.x11-1tus8NhfW98goVF914TrYw==/base.apk!/lib/arm64-v8a/libXlorie.so
04-17 08:24:17.327 I/LorieNative( 8207): DamageTraceV2: PutImage count=30784 drawableType=WINDOW screenPixmap=0 drawable=0xb4000070a0f49030 geom=2898x1848 box=0,1562-2898,1584 backend=other fn=0x6d7991fe24 fn_offset=0x30de24 fbase=0x6d79612000 sym=unknown so=/data/app/~~iNwcSjv3C2CZCLwcLxpEtA==/com.termux.x11-1tus8NhfW98goVF914TrYw==/base.apk!/lib/arm64-v8a/libXlorie.so
04-17 08:24:17.366 I/LorieNative( 8207): ExaTrace: putImage accel count=31232 drawableType=0 drawableId=0x600037 geom=2898x1848 size=2912x22 format=2 depth=24
04-17 08:24:17.368 I/LorieNative( 8207): DamageTraceV2: PutImage count=30848 drawableType=WINDOW screenPixmap=0 drawable=0xb4000070a0f49030 geom=2898x1848 box=0,1122-2898,1144 backend=other fn=0x6d7991fe24 fn_offset=0x30de24 fbase=0x6d79612000 sym=unknown so=/data/app/~~iNwcSjv3C2CZCLwcLxpEtA==/com.termux.x11-1tus8NhfW98goVF914TrYw==/base.apk!/lib/arm64-v8a/libXlorie.so
04-17 08:24:17.411 I/LorieNative( 8207): DamageTraceV2: PutImage count=30912 drawableType=WINDOW screenPixmap=0 drawable=0xb4000070a0f49030 geom=2898x1848 box=0,682-2898,704 backend=other fn=0x6d7991fe24 fn_offset=0x30de24 fbase=0x6d79612000 sym=unknown so=/data/app/~~iNwcSjv3C2CZCLwcLxpEtA==/com.termux.x11-1tus8NhfW98goVF914TrYw==/base.apk!/lib/arm64-v8a/libXlorie.so
04-17 08:24:17.449 I/LorieNative( 8207): ExaTrace: putImage accel count=31360 drawableType=0 drawableId=0x600037 geom=2898x1848 size=2912x22 format=2 depth=24
04-17 08:24:17.450 I/LorieNative( 8207): DamageTraceV2: PutImage count=30976 drawableType=WINDOW screenPixmap=0 drawable=0xb4000070a0f49030 geom=2898x1848 box=0,242-2898,264 backend=other fn=0x6d7991fe24 fn_offset=0x30de24 fbase=0x6d79612000 sym=unknown so=/data/app/~~iNwcSjv3C2CZCLwcLxpEtA==/com.termux.x11-1tus8NhfW98goVF914TrYw==/base.apk!/lib/arm64-v8a/libXlorie.so
04-17 08:24:17.464 I/LorieNative( 8207): DamageTraceV2: PutImage count=31040 drawableType=WINDOW screenPixmap=0 drawable=0xb4000070a0f49030 geom=2898x1848 box=0,1650-2898,1672 backend=other fn=0x6d7991fe24 fn_offset=0x30de24 fbase=0x6d79612000 sym=unknown so=/data/app/~~iNwcSjv3C2CZCLwcLxpEtA==/com.termux.x11-1tus8NhfW98goVF914TrYw==/base.apk!/lib/arm64-v8a/libXlorie.so
04-17 08:24:17.502 I/LorieNative( 8207): ExaTrace: putImage accel count=31488 drawableType=0 drawableId=0x600037 geom=2898x1848 size=2912x22 format=2 depth=24
04-17 08:24:17.505 I/LorieNative( 8207): DamageTraceV2: PutImage count=31104 drawableType=WINDOW screenPixmap=0 drawable=0xb4000070a0f49030 geom=2898x1848 box=0,1210-2898,1232 backend=other fn=0x6d7991fe24 fn_offset=0x30de24 fbase=0x6d79612000 sym=unknown so=/data/app/~~iNwcSjv3C2CZCLwcLxpEtA==/com.termux.x11-1tus8NhfW98goVF914TrYw==/base.apk!/lib/arm64-v8a/libXlorie.so
04-17 08:24:17.562 I/LorieNative( 8207): DamageTraceV2: PutImage count=31168 drawableType=WINDOW screenPixmap=0 drawable=0xb4000070a0f49030 geom=2898x1848 box=0,770-2898,792 backend=other fn=0x6d7991fe24 fn_offset=0x30de24 fbase=0x6d79612000 sym=unknown so=/data/app/~~iNwcSjv3C2CZCLwcLxpEtA==/com.termux.x11-1tus8NhfW98goVF914TrYw==/base.apk!/lib/arm64-v8a/libXlorie.so
04-17 08:24:17.605 I/LorieNative( 8207): ExaTrace: putImage accel count=31616 drawableType=0 drawableId=0x600037 geom=2898x1848 size=2912x22 format=2 depth=24
04-17 08:24:17.608 I/LorieNative( 8207): DamageTraceV2: PutImage count=31232 drawableType=WINDOW screenPixmap=0 drawable=0xb4000070a0f49030 geom=2898x1848 box=0,330-2898,352 backend=other fn=0x6d7991fe24 fn_offset=0x30de24 fbase=0x6d79612000 sym=unknown so=/data/app/~~iNwcSjv3C2CZCLwcLxpEtA==/com.termux.x11-1tus8NhfW98goVF914TrYw==/base.apk!/lib/arm64-v8a/libXlorie.so
04-17 08:24:17.625 I/LorieNative( 8207): DamageTraceV2: PutImage count=31296 drawableType=WINDOW screenPixmap=0 drawable=0xb4000070a0f49030 geom=2898x1848 box=0,1738-2898,1760 backend=other fn=0x6d7991fe24 fn_offset=0x30de24 fbase=0x6d79612000 sym=unknown so=/data/app/~~iNwcSjv3C2CZCLwcLxpEtA==/com.termux.x11-1tus8NhfW98goVF914TrYw==/base.apk!/lib/arm64-v8a/libXlorie.so
04-17 08:24:17.676 I/LorieNative( 8207): ExaTrace: putImage accel count=31744 drawableType=0 drawableId=0x600037 geom=2898x1848 size=2912x22 format=2 depth=24
04-17 08:24:17.679 I/LorieNative( 8207): DamageTraceV2: PutImage count=31360 drawableType=WINDOW screenPixmap=0 drawable=0xb4000070a0f49030 geom=2898x1848 box=0,1298-2898,1320 backend=other fn=0x6d7991fe24 fn_offset=0x30de24 fbase=0x6d79612000 sym=unknown so=/data/app/~~iNwcSjv3C2CZCLwcLxpEtA==/com.termux.x11-1tus8NhfW98goVF914TrYw==/base.apk!/lib/arm64-v8a/libXlorie.so
04-17 08:24:17.719 I/LorieNative( 8207): DamageTraceV2: PutImage count=31424 drawableType=WINDOW screenPixmap=0 drawable=0xb4000070a0f49030 geom=2898x1848 box=0,858-2898,880 backend=other fn=0x6d7991fe24 fn_offset=0x30de24 fbase=0x6d79612000 sym=unknown so=/data/app/~~iNwcSjv3C2CZCLwcLxpEtA==/com.termux.x11-1tus8NhfW98goVF914TrYw==/base.apk!/lib/arm64-v8a/libXlorie.so
04-17 08:24:17.761 I/LorieNative( 8207): ExaTrace: putImage accel count=31872 drawableType=0 drawableId=0x600037 geom=2898x1848 size=2912x22 format=2 depth=24
04-17 08:24:17.765 I/LorieNative( 8207): DamageTraceV2: PutImage count=31488 drawableType=WINDOW screenPixmap=0 drawable=0xb4000070a0f49030 geom=2898x1848 box=0,418-2898,440 backend=other fn=0x6d7991fe24 fn_offset=0x30de24 fbase=0x6d79612000 sym=unknown so=/data/app/~~iNwcSjv3C2CZCLwcLxpEtA==/com.termux.x11-1tus8NhfW98goVF914TrYw==/base.apk!/lib/arm64-v8a/libXlorie.so
04-17 08:24:17.792 I/LorieNative( 8207): DamageTraceV2: PutImage count=31552 drawableType=WINDOW screenPixmap=0 drawable=0xb4000070a0f49030 geom=2898x1848 box=0,1826-2898,1848 backend=other fn=0x6d7991fe24 fn_offset=0x30de24 fbase=0x6d79612000 sym=unknown so=/data/app/~~iNwcSjv3C2CZCLwcLxpEtA==/com.termux.x11-1tus8NhfW98goVF914TrYw==/base.apk!/lib/arm64-v8a/libXlorie.so
04-17 08:24:17.838 I/LorieNative( 8207): ExaTrace: putImage accel count=32000 drawableType=0 drawableId=0x600037 geom=2898x1848 size=2912x22 format=2 depth=24
04-17 08:24:17.839 I/LorieNative( 8207): DamageTraceV2: PutImage count=31616 drawableType=WINDOW screenPixmap=0 drawable=0xb4000070a0f49030 geom=2898x1848 box=0,1386-2898,1408 backend=other fn=0x6d7991fe24 fn_offset=0x30de24 fbase=0x6d79612000 sym=unknown so=/data/app/~~iNwcSjv3C2CZCLwcLxpEtA==/com.termux.x11-1tus8NhfW98goVF914TrYw==/base.apk!/lib/arm64-v8a/libXlorie.so
04-17 08:24:17.880 I/LorieNative( 8207): DamageTraceV2: PutImage count=31680 drawableType=WINDOW screenPixmap=0 drawable=0xb4000070a0f49030 geom=2898x1848 box=0,946-2898,968 backend=other fn=0x6d7991fe24 fn_offset=0x30de24 fbase=0x6d79612000 sym=unknown so=/data/app/~~iNwcSjv3C2CZCLwcLxpEtA==/com.termux.x11-1tus8NhfW98goVF914TrYw==/base.apk!/lib/arm64-v8a/libXlorie.so
04-17 08:24:17.924 I/LorieNative( 8207): ExaTrace: putImage accel count=32128 drawableType=0 drawableId=0x600037 geom=2898x1848 size=2912x22 format=2 depth=24
04-17 08:24:17.925 I/LorieNative( 8207): DamageTraceV2: PutImage count=31744 drawableType=WINDOW screenPixmap=0 drawable=0xb4000070a0f49030 geom=2898x1848 box=0,506-2898,528 backend=other fn=0x6d7991fe24 fn_offset=0x30de24 fbase=0x6d79612000 sym=unknown so=/data/app/~~iNwcSjv3C2CZCLwcLxpEtA==/com.termux.x11-1tus8NhfW98goVF914TrYw==/base.apk!/lib/arm64-v8a/libXlorie.so
04-17 08:24:17.966 I/LorieNative( 8207): DamageTraceV2: PutImage count=31808 drawableType=WINDOW screenPixmap=0 drawable=0xb4000070a0f49030 geom=2898x1848 box=0,66-2898,88 backend=other fn=0x6d7991fe24 fn_offset=0x30de24 fbase=0x6d79612000 sym=unknown so=/data/app/~~iNwcSjv3C2CZCLwcLxpEtA==/com.termux.x11-1tus8NhfW98goVF914TrYw==/base.apk!/lib/arm64-v8a/libXlorie.so
04-17 08:24:17.979 I/LorieNative( 8207): ExaTrace: putImage accel count=32256 drawableType=0 drawableId=0x600037 geom=2898x1848 size=2912x22 format=2 depth=24
04-17 08:24:17.981 I/LorieNative( 8207): DamageTraceV2: PutImage count=31872 drawableType=WINDOW screenPixmap=0 drawable=0xb4000070a0f49030 geom=2898x1848 box=0,1474-2898,1496 backend=other fn=0x6d7991fe24 fn_offset=0x30de24 fbase=0x6d79612000 sym=unknown so=/data/app/~~iNwcSjv3C2CZCLwcLxpEtA==/com.termux.x11-1tus8NhfW98goVF914TrYw==/base.apk!/lib/arm64-v8a/libXlorie.so
04-17 08:24:18.024 I/LorieNative( 8207): DamageTraceV2: PutImage count=31936 drawableType=WINDOW screenPixmap=0 drawable=0xb4000070a0f49030 geom=2898x1848 box=0,1034-2898,1056 backend=other fn=0x6d7991fe24 fn_offset=0x30de24 fbase=0x6d79612000 sym=unknown so=/data/app/~~iNwcSjv3C2CZCLwcLxpEtA==/com.termux.x11-1tus8NhfW98goVF914TrYw==/base.apk!/lib/arm64-v8a/libXlorie.so
04-17 08:24:18.036 I/RLT     ( 1866): +570929ms [THREAD] Choreographer->main op=doFrame frame=4440 | thread=main
04-17 08:24:18.038 I/RLT     ( 1866): +570930ms [FRAME] fps=120.0 jank=0 p99=8.4ms heap=24MB periodic corr=frames-73d6 | thread=main
04-17 08:24:18.065 I/LorieNative( 8207): ExaTrace: putImage accel count=32384 drawableType=0 drawableId=0x600037 geom=2898x1848 size=2912x22 format=2 depth=24
04-17 08:24:18.067 I/LorieNative( 8207): DamageTraceV2: PutImage count=32000 drawableType=WINDOW screenPixmap=0 drawable=0xb4000070a0f49030 geom=2898x1848 box=0,594-2898,616 backend=other fn=0x6d7991fe24 fn_offset=0x30de24 fbase=0x6d79612000 sym=unknown so=/data/app/~~iNwcSjv3C2CZCLwcLxpEtA==/com.termux.x11-1tus8NhfW98goVF914TrYw==/base.apk!/lib/arm64-v8a/libXlorie.so
04-17 08:24:18.106 I/LorieNative( 8207): DamageTraceV2: PutImage count=32064 drawableType=WINDOW screenPixmap=0 drawable=0xb4000070a0f49030 geom=2898x1848 box=0,154-2898,176 backend=other fn=0x6d7991fe24 fn_offset=0x30de24 fbase=0x6d79612000 sym=unknown so=/data/app/~~iNwcSjv3C2CZCLwcLxpEtA==/com.termux.x11-1tus8NhfW98goVF914TrYw==/base.apk!/lib/arm64-v8a/libXlorie.so
04-17 08:24:18.118 I/LorieNative( 8207): ExaTrace: putImage accel count=32512 drawableType=0 drawableId=0x600037 geom=2898x1848 size=2912x22 format=2 depth=24
04-17 08:24:18.121 I/LorieNative( 8207): DamageTraceV2: PutImage count=32128 drawableType=WINDOW screenPixmap=0 drawable=0xb4000070a0f49030 geom=2898x1848 box=0,1562-2898,1584 backend=other fn=0x6d7991fe24 fn_offset=0x30de24 fbase=0x6d79612000 sym=unknown so=/data/app/~~iNwcSjv3C2CZCLwcLxpEtA==/com.termux.x11-1tus8NhfW98goVF914TrYw==/base.apk!/lib/arm64-v8a/libXlorie.so
04-17 08:24:18.165 I/LorieNative( 8207): DamageTraceV2: PutImage count=32192 drawableType=WINDOW screenPixmap=0 drawable=0xb4000070a0f49030 geom=2898x1848 box=0,1122-2898,1144 backend=other fn=0x6d7991fe24 fn_offset=0x30de24 fbase=0x6d79612000 sym=unknown so=/data/app/~~iNwcSjv3C2CZCLwcLxpEtA==/com.termux.x11-1tus8NhfW98goVF914TrYw==/base.apk!/lib/arm64-v8a/libXlorie.so
04-17 08:24:18.206 I/LorieNative( 8207): ExaTrace: putImage accel count=32640 drawableType=0 drawableId=0x600037 geom=2898x1848 size=2912x22 format=2 depth=24
04-17 08:24:18.209 I/LorieNative( 8207): DamageTraceV2: PutImage count=32256 drawableType=WINDOW screenPixmap=0 drawable=0xb4000070a0f49030 geom=2898x1848 box=0,682-2898,704 backend=other fn=0x6d7991fe24 fn_offset=0x30de24 fbase=0x6d79612000 sym=unknown so=/data/app/~~iNwcSjv3C2CZCLwcLxpEtA==/com.termux.x11-1tus8NhfW98goVF914TrYw==/base.apk!/lib/arm64-v8a/libXlorie.so
04-17 08:24:18.263 I/LorieNative( 8207): DamageTraceV2: PutImage count=32320 drawableType=WINDOW screenPixmap=0 drawable=0xb4000070a0f49030 geom=2898x1848 box=0,242-2898,264 backend=other fn=0x6d7991fe24 fn_offset=0x30de24 fbase=0x6d79612000 sym=unknown so=/data/app/~~iNwcSjv3C2CZCLwcLxpEtA==/com.termux.x11-1tus8NhfW98goVF914TrYw==/base.apk!/lib/arm64-v8a/libXlorie.so
04-17 08:24:18.272 I/LorieNative( 8207): ExaTrace: putImage accel count=32768 drawableType=0 drawableId=0x600037 geom=2898x1848 size=2912x22 format=2 depth=24
04-17 08:24:18.273 I/LorieNative( 8207): DamageTraceV2: PutImage count=32384 drawableType=WINDOW screenPixmap=0 drawable=0xb4000070a0f49030 geom=2898x1848 box=0,1650-2898,1672 backend=other fn=0x6d7991fe24 fn_offset=0x30de24 fbase=0x6d79612000 sym=unknown so=/data/app/~~iNwcSjv3C2CZCLwcLxpEtA==/com.termux.x11-1tus8NhfW98goVF914TrYw==/base.apk!/lib/arm64-v8a/libXlorie.so
04-17 08:24:18.316 I/LorieNative( 8207): DamageTraceV2: PutImage count=32448 drawableType=WINDOW screenPixmap=0 drawable=0xb4000070a0f49030 geom=2898x1848 box=0,1210-2898,1232 backend=other fn=0x6d7991fe24 fn_offset=0x30de24 fbase=0x6d79612000 sym=unknown so=/data/app/~~iNwcSjv3C2CZCLwcLxpEtA==/com.termux.x11-1tus8NhfW98goVF914TrYw==/base.apk!/lib/arm64-v8a/libXlorie.so
04-17 08:24:18.357 I/LorieNative( 8207): ExaTrace: putImage accel count=32896 drawableType=0 drawableId=0x600037 geom=2898x1848 size=2912x22 format=2 depth=24
04-17 08:24:18.358 I/LorieNative( 8207): DamageTraceV2: PutImage count=32512 drawableType=WINDOW screenPixmap=0 drawable=0xb4000070a0f49030 geom=2898x1848 box=0,770-2898,792 backend=other fn=0x6d7991fe24 fn_offset=0x30de24 fbase=0x6d79612000 sym=unknown so=/data/app/~~iNwcSjv3C2CZCLwcLxpEtA==/com.termux.x11-1tus8NhfW98goVF914TrYw==/base.apk!/lib/arm64-v8a/libXlorie.so
04-17 08:24:18.395 I/LorieNative( 8207): DamageTraceV2: PutImage count=32576 drawableType=WINDOW screenPixmap=0 drawable=0xb4000070a0f49030 geom=2898x1848 box=0,330-2898,352 backend=other fn=0x6d7991fe24 fn_offset=0x30de24 fbase=0x6d79612000 sym=unknown so=/data/app/~~iNwcSjv3C2CZCLwcLxpEtA==/com.termux.x11-1tus8NhfW98goVF914TrYw==/base.apk!/lib/arm64-v8a/libXlorie.so
04-17 08:24:18.401 I/LorieNative( 8207): ExaTrace: putImage accel count=33024 drawableType=0 drawableId=0x600037 geom=2898x1848 size=2912x22 format=2 depth=24
04-17 08:24:18.402 I/LorieNative( 8207): DamageTraceV2: PutImage count=32640 drawableType=WINDOW screenPixmap=0 drawable=0xb4000070a0f49030 geom=2898x1848 box=0,1738-2898,1760 backend=other fn=0x6d7991fe24 fn_offset=0x30de24 fbase=0x6d79612000 sym=unknown so=/data/app/~~iNwcSjv3C2CZCLwcLxpEtA==/com.termux.x11-1tus8NhfW98goVF914TrYw==/base.apk!/lib/arm64-v8a/libXlorie.so
04-17 08:24:18.436 I/LorieNative( 8207): DamageTraceV2: PutImage count=32704 drawableType=WINDOW screenPixmap=0 drawable=0xb4000070a0f49030 geom=2898x1848 box=0,1298-2898,1320 backend=other fn=0x6d7991fe24 fn_offset=0x30de24 fbase=0x6d79612000 sym=unknown so=/data/app/~~iNwcSjv3C2CZCLwcLxpEtA==/com.termux.x11-1tus8NhfW98goVF914TrYw==/base.apk!/lib/arm64-v8a/libXlorie.so
04-17 08:24:18.468 I/LorieNative( 8207): ExaTrace: putImage accel count=33152 drawableType=0 drawableId=0x600037 geom=2898x1848 size=2912x22 format=2 depth=24
04-17 08:24:18.468 I/LorieNative( 8207): DamageTraceV2: PutImage count=32768 drawableType=WINDOW screenPixmap=0 drawable=0xb4000070a0f49030 geom=2898x1848 box=0,858-2898,880 backend=other fn=0x6d7991fe24 fn_offset=0x30de24 fbase=0x6d79612000 sym=unknown so=/data/app/~~iNwcSjv3C2CZCLwcLxpEtA==/com.termux.x11-1tus8NhfW98goVF914TrYw==/base.apk!/lib/arm64-v8a/libXlorie.so
04-17 08:24:18.500 I/LorieNative( 8207): DamageTraceV2: PutImage count=32832 drawableType=WINDOW screenPixmap=0 drawable=0xb4000070a0f49030 geom=2898x1848 box=0,418-2898,440 backend=other fn=0x6d7991fe24 fn_offset=0x30de24 fbase=0x6d79612000 sym=unknown so=/data/app/~~iNwcSjv3C2CZCLwcLxpEtA==/com.termux.x11-1tus8NhfW98goVF914TrYw==/base.apk!/lib/arm64-v8a/libXlorie.so
04-17 08:24:18.507 I/LorieNative( 8207): ExaTrace: putImage accel count=33280 drawableType=0 drawableId=0x600037 geom=2898x1848 size=2912x22 format=2 depth=24
04-17 08:24:18.508 I/LorieNative( 8207): DamageTraceV2: PutImage count=32896 drawableType=WINDOW screenPixmap=0 drawable=0xb4000070a0f49030 geom=2898x1848 box=0,1826-2898,1848 backend=other fn=0x6d7991fe24 fn_offset=0x30de24 fbase=0x6d79612000 sym=unknown so=/data/app/~~iNwcSjv3C2CZCLwcLxpEtA==/com.termux.x11-1tus8NhfW98goVF914TrYw==/base.apk!/lib/arm64-v8a/libXlorie.so
04-17 08:24:18.540 I/LorieNative( 8207): DamageTraceV2: PutImage count=32960 drawableType=WINDOW screenPixmap=0 drawable=0xb4000070a0f49030 geom=2898x1848 box=0,1386-2898,1408 backend=other fn=0x6d7991fe24 fn_offset=0x30de24 fbase=0x6d79612000 sym=unknown so=/data/app/~~iNwcSjv3C2CZCLwcLxpEtA==/com.termux.x11-1tus8NhfW98goVF914TrYw==/base.apk!/lib/arm64-v8a/libXlorie.so
04-17 08:24:18.568 I/LorieNative( 8207): ExaTrace: putImage accel count=33408 drawableType=0 drawableId=0x600037 geom=2898x1848 size=2912x22 format=2 depth=24
04-17 08:24:18.572 I/LorieNative( 8207): DamageTraceV2: PutImage count=33024 drawableType=WINDOW screenPixmap=0 drawable=0xb4000070a0f49030 geom=2898x1848 box=0,946-2898,968 backend=other fn=0x6d7991fe24 fn_offset=0x30de24 fbase=0x6d79612000 sym=unknown so=/data/app/~~iNwcSjv3C2CZCLwcLxpEtA==/com.termux.x11-1tus8NhfW98goVF914TrYw==/base.apk!/lib/arm64-v8a/libXlorie.so
04-17 08:24:18.608 I/LorieNative( 8207): DamageTraceV2: PutImage count=33088 drawableType=WINDOW screenPixmap=0 drawable=0xb4000070a0f49030 geom=2898x1848 box=0,506-2898,528 backend=other fn=0x6d7991fe24 fn_offset=0x30de24 fbase=0x6d79612000 sym=unknown so=/data/app/~~iNwcSjv3C2CZCLwcLxpEtA==/com.termux.x11-1tus8NhfW98goVF914TrYw==/base.apk!/lib/arm64-v8a/libXlorie.so
04-17 08:24:18.613 I/LorieNative( 8207): ExaTrace: putImage accel count=33536 drawableType=0 drawableId=0x600037 geom=2898x1848 size=2912x22 format=2 depth=24
04-17 08:24:18.646 I/LorieNative( 8207): DamageTraceV2: PutImage count=33152 drawableType=WINDOW screenPixmap=0 drawable=0xb4000070a0f49030 geom=2898x1848 box=0,66-2898,88 backend=other fn=0x6d7991fe24 fn_offset=0x30de24 fbase=0x6d79612000 sym=unknown so=/data/app/~~iNwcSjv3C2CZCLwcLxpEtA==/com.termux.x11-1tus8NhfW98goVF914TrYw==/base.apk!/lib/arm64-v8a/libXlorie.so
04-17 08:24:18.652 I/LorieNative( 8207): DamageTraceV2: PutImage count=33216 drawableType=WINDOW screenPixmap=0 drawable=0xb4000070a0f49030 geom=2898x1848 box=0,1474-2898,1496 backend=other fn=0x6d7991fe24 fn_offset=0x30de24 fbase=0x6d79612000 sym=unknown so=/data/app/~~iNwcSjv3C2CZCLwcLxpEtA==/com.termux.x11-1tus8NhfW98goVF914TrYw==/base.apk!/lib/arm64-v8a/libXlorie.so
04-17 08:24:18.690 I/LorieNative( 8207): ExaTrace: putImage accel count=33664 drawableType=0 drawableId=0x600037 geom=2898x1848 size=2912x22 format=2 depth=24
04-17 08:24:18.691 I/LorieNative( 8207): DamageTraceV2: PutImage count=33280 drawableType=WINDOW screenPixmap=0 drawable=0xb4000070a0f49030 geom=2898x1848 box=0,1034-2898,1056 backend=other fn=0x6d7991fe24 fn_offset=0x30de24 fbase=0x6d79612000 sym=unknown so=/data/app/~~iNwcSjv3C2CZCLwcLxpEtA==/com.termux.x11-1tus8NhfW98goVF914TrYw==/base.apk!/lib/arm64-v8a/libXlorie.so
04-17 08:24:18.725 I/LorieNative( 8207): DamageTraceV2: PutImage count=33344 drawableType=WINDOW screenPixmap=0 drawable=0xb4000070a0f49030 geom=2898x1848 box=0,594-2898,616 backend=other fn=0x6d7991fe24 fn_offset=0x30de24 fbase=0x6d79612000 sym=unknown so=/data/app/~~iNwcSjv3C2CZCLwcLxpEtA==/com.termux.x11-1tus8NhfW98goVF914TrYw==/base.apk!/lib/arm64-v8a/libXlorie.so
04-17 08:24:18.769 I/LorieNative( 8207): ExaTrace: putImage accel count=33792 drawableType=0 drawableId=0x600037 geom=2898x1848 size=2912x22 format=2 depth=24
04-17 08:24:18.771 I/LorieNative( 8207): DamageTraceV2: PutImage count=33408 drawableType=WINDOW screenPixmap=0 drawable=0xb4000070a0f49030 geom=2898x1848 box=0,154-2898,176 backend=other fn=0x6d7991fe24 fn_offset=0x30de24 fbase=0x6d79612000 sym=unknown so=/data/app/~~iNwcSjv3C2CZCLwcLxpEtA==/com.termux.x11-1tus8NhfW98goVF914TrYw==/base.apk!/lib/arm64-v8a/libXlorie.so
04-17 08:24:18.780 I/LorieNative( 8207): DamageTraceV2: PutImage count=33472 drawableType=WINDOW screenPixmap=0 drawable=0xb4000070a0f49030 geom=2898x1848 box=0,1562-2898,1584 backend=other fn=0x6d7991fe24 fn_offset=0x30de24 fbase=0x6d79612000 sym=unknown so=/data/app/~~iNwcSjv3C2CZCLwcLxpEtA==/com.termux.x11-1tus8NhfW98goVF914TrYw==/base.apk!/lib/arm64-v8a/libXlorie.so
04-17 08:24:18.816 I/LorieNative( 8207): ExaTrace: putImage accel count=33920 drawableType=0 drawableId=0x600037 geom=2898x1848 size=2912x22 format=2 depth=24
04-17 08:24:18.818 I/LorieNative( 8207): DamageTraceV2: PutImage count=33536 drawableType=WINDOW screenPixmap=0 drawable=0xb4000070a0f49030 geom=2898x1848 box=0,1122-2898,1144 backend=other fn=0x6d7991fe24 fn_offset=0x30de24 fbase=0x6d79612000 sym=unknown so=/data/app/~~iNwcSjv3C2CZCLwcLxpEtA==/com.termux.x11-1tus8NhfW98goVF914TrYw==/base.apk!/lib/arm64-v8a/libXlorie.so
04-17 08:24:18.859 I/LorieNative( 8207): DamageTraceV2: PutImage count=33600 drawableType=WINDOW screenPixmap=0 drawable=0xb4000070a0f49030 geom=2898x1848 box=0,682-2898,704 backend=other fn=0x6d7991fe24 fn_offset=0x30de24 fbase=0x6d79612000 sym=unknown so=/data/app/~~iNwcSjv3C2CZCLwcLxpEtA==/com.termux.x11-1tus8NhfW98goVF914TrYw==/base.apk!/lib/arm64-v8a/libXlorie.so
04-17 08:24:18.894 I/LorieNative( 8207): ExaTrace: putImage accel count=34048 drawableType=0 drawableId=0x600037 geom=2898x1848 size=2912x22 format=2 depth=24
04-17 08:24:18.897 I/LorieNative( 8207): DamageTraceV2: PutImage count=33664 drawableType=WINDOW screenPixmap=0 drawable=0xb4000070a0f49030 geom=2898x1848 box=0,242-2898,264 backend=other fn=0x6d7991fe24 fn_offset=0x30de24 fbase=0x6d79612000 sym=unknown so=/data/app/~~iNwcSjv3C2CZCLwcLxpEtA==/com.termux.x11-1tus8NhfW98goVF914TrYw==/base.apk!/lib/arm64-v8a/libXlorie.so
04-17 08:24:18.907 I/LorieNative( 8207): DamageTraceV2: PutImage count=33728 drawableType=WINDOW screenPixmap=0 drawable=0xb4000070a0f49030 geom=2898x1848 box=0,1650-2898,1672 backend=other fn=0x6d7991fe24 fn_offset=0x30de24 fbase=0x6d79612000 sym=unknown so=/data/app/~~iNwcSjv3C2CZCLwcLxpEtA==/com.termux.x11-1tus8NhfW98goVF914TrYw==/base.apk!/lib/arm64-v8a/libXlorie.so
04-17 08:24:18.947 I/LorieNative( 8207): ExaTrace: putImage accel count=34176 drawableType=0 drawableId=0x600037 geom=2898x1848 size=2912x22 format=2 depth=24
04-17 08:24:18.948 I/LorieNative( 8207): DamageTraceV2: PutImage count=33792 drawableType=WINDOW screenPixmap=0 drawable=0xb4000070a0f49030 geom=2898x1848 box=0,1210-2898,1232 backend=other fn=0x6d7991fe24 fn_offset=0x30de24 fbase=0x6d79612000 sym=unknown so=/data/app/~~iNwcSjv3C2CZCLwcLxpEtA==/com.termux.x11-1tus8NhfW98goVF914TrYw==/base.apk!/lib/arm64-v8a/libXlorie.so
04-17 08:24:18.989 I/LorieNative( 8207): DamageTraceV2: PutImage count=33856 drawableType=WINDOW screenPixmap=0 drawable=0xb4000070a0f49030 geom=2898x1848 box=0,770-2898,792 backend=other fn=0x6d7991fe24 fn_offset=0x30de24 fbase=0x6d79612000 sym=unknown so=/data/app/~~iNwcSjv3C2CZCLwcLxpEtA==/com.termux.x11-1tus8NhfW98goVF914TrYw==/base.apk!/lib/arm64-v8a/libXlorie.so
04-17 08:24:19.034 I/LorieNative( 8207): ExaTrace: putImage accel count=34304 drawableType=0 drawableId=0x600037 geom=2898x1848 size=2912x22 format=2 depth=24
04-17 08:24:19.036 I/LorieNative( 8207): DamageTraceV2: PutImage count=33920 drawableType=WINDOW screenPixmap=0 drawable=0xb4000070a0f49030 geom=2898x1848 box=0,330-2898,352 backend=other fn=0x6d7991fe24 fn_offset=0x30de24 fbase=0x6d79612000 sym=unknown so=/data/app/~~iNwcSjv3C2CZCLwcLxpEtA==/com.termux.x11-1tus8NhfW98goVF914TrYw==/base.apk!/lib/arm64-v8a/libXlorie.so
04-17 08:24:19.036 I/RLT     ( 1866): +571929ms [THREAD] Choreographer->main op=doFrame frame=4560 | thread=main
04-17 08:24:19.038 I/RLT     ( 1866): +571931ms [FRAME] fps=120.0 jank=0 p99=8.3ms heap=24MB periodic corr=frames-73d6 | thread=main
04-17 08:24:19.060 I/LorieNative( 8207): DamageTraceV2: PutImage count=33984 drawableType=WINDOW screenPixmap=0 drawable=0xb4000070a0f49030 geom=2898x1848 box=0,1738-2898,1760 backend=other fn=0x6d7991fe24 fn_offset=0x30de24 fbase=0x6d79612000 sym=unknown so=/data/app/~~iNwcSjv3C2CZCLwcLxpEtA==/com.termux.x11-1tus8NhfW98goVF914TrYw==/base.apk!/lib/arm64-v8a/libXlorie.so
04-17 08:24:19.103 I/LorieNative( 8207): ExaTrace: putImage accel count=34432 drawableType=0 drawableId=0x600037 geom=2898x1848 size=2912x22 format=2 depth=24
04-17 08:24:19.105 I/LorieNative( 8207): DamageTraceV2: PutImage count=34048 drawableType=WINDOW screenPixmap=0 drawable=0xb4000070a0f49030 geom=2898x1848 box=0,1298-2898,1320 backend=other fn=0x6d7991fe24 fn_offset=0x30de24 fbase=0x6d79612000 sym=unknown so=/data/app/~~iNwcSjv3C2CZCLwcLxpEtA==/com.termux.x11-1tus8NhfW98goVF914TrYw==/base.apk!/lib/arm64-v8a/libXlorie.so
04-17 08:24:19.143 I/LorieNative( 8207): DamageTraceV2: PutImage count=34112 drawableType=WINDOW screenPixmap=0 drawable=0xb4000070a0f49030 geom=2898x1848 box=0,858-2898,880 backend=other fn=0x6d7991fe24 fn_offset=0x30de24 fbase=0x6d79612000 sym=unknown so=/data/app/~~iNwcSjv3C2CZCLwcLxpEtA==/com.termux.x11-1tus8NhfW98goVF914TrYw==/base.apk!/lib/arm64-v8a/libXlorie.so
04-17 08:24:19.190 I/LorieNative( 8207): ExaTrace: putImage accel count=34560 drawableType=0 drawableId=0x600037 geom=2898x1848 size=2912x22 format=2 depth=24
04-17 08:24:19.191 I/LorieNative( 8207): DamageTraceV2: PutImage count=34176 drawableType=WINDOW screenPixmap=0 drawable=0xb4000070a0f49030 geom=2898x1848 box=0,418-2898,440 backend=other fn=0x6d7991fe24 fn_offset=0x30de24 fbase=0x6d79612000 sym=unknown so=/data/app/~~iNwcSjv3C2CZCLwcLxpEtA==/com.termux.x11-1tus8NhfW98goVF914TrYw==/base.apk!/lib/arm64-v8a/libXlorie.so
04-17 08:24:19.211 I/LorieNative( 8207): DamageTraceV2: PutImage count=34240 drawableType=WINDOW screenPixmap=0 drawable=0xb4000070a0f49030 geom=2898x1848 box=0,1826-2898,1848 backend=other fn=0x6d7991fe24 fn_offset=0x30de24 fbase=0x6d79612000 sym=unknown so=/data/app/~~iNwcSjv3C2CZCLwcLxpEtA==/com.termux.x11-1tus8NhfW98goVF914TrYw==/base.apk!/lib/arm64-v8a/libXlorie.so
04-17 08:24:19.247 I/LorieNative( 8207): ExaTrace: putImage accel count=34688 drawableType=0 drawableId=0x600037 geom=2898x1848 size=2912x22 format=2 depth=24
04-17 08:24:19.248 I/LorieNative( 8207): DamageTraceV2: PutImage count=34304 drawableType=WINDOW screenPixmap=0 drawable=0xb4000070a0f49030 geom=2898x1848 box=0,1386-2898,1408 backend=other fn=0x6d7991fe24 fn_offset=0x30de24 fbase=0x6d79612000 sym=unknown so=/data/app/~~iNwcSjv3C2CZCLwcLxpEtA==/com.termux.x11-1tus8NhfW98goVF914TrYw==/base.apk!/lib/arm64-v8a/libXlorie.so
04-17 08:24:19.292 I/LorieNative( 8207): DamageTraceV2: PutImage count=34368 drawableType=WINDOW screenPixmap=0 drawable=0xb4000070a0f49030 geom=2898x1848 box=0,946-2898,968 backend=other fn=0x6d7991fe24 fn_offset=0x30de24 fbase=0x6d79612000 sym=unknown so=/data/app/~~iNwcSjv3C2CZCLwcLxpEtA==/com.termux.x11-1tus8NhfW98goVF914TrYw==/base.apk!/lib/arm64-v8a/libXlorie.so
04-17 08:24:19.331 I/LorieNative( 8207): ExaTrace: putImage accel count=34816 drawableType=0 drawableId=0x600037 geom=2898x1848 size=2912x22 format=2 depth=24
04-17 08:24:19.333 I/LorieNative( 8207): DamageTraceV2: PutImage count=34432 drawableType=WINDOW screenPixmap=0 drawable=0xb4000070a0f49030 geom=2898x1848 box=0,506-2898,528 backend=other fn=0x6d7991fe24 fn_offset=0x30de24 fbase=0x6d79612000 sym=unknown so=/data/app/~~iNwcSjv3C2CZCLwcLxpEtA==/com.termux.x11-1tus8NhfW98goVF914TrYw==/base.apk!/lib/arm64-v8a/libXlorie.so
04-17 08:24:19.396 I/LorieNative( 8207): DamageTraceV2: PutImage count=34496 drawableType=WINDOW screenPixmap=0 drawable=0xb4000070a0f49030 geom=2898x1848 box=0,66-2898,88 backend=other fn=0x6d7991fe24 fn_offset=0x30de24 fbase=0x6d79612000 sym=unknown so=/data/app/~~iNwcSjv3C2CZCLwcLxpEtA==/com.termux.x11-1tus8NhfW98goVF914TrYw==/base.apk!/lib/arm64-v8a/libXlorie.so
04-17 08:24:19.410 I/LorieNative( 8207): ExaTrace: putImage accel count=34944 drawableType=0 drawableId=0x600037 geom=2898x1848 size=2912x22 format=2 depth=24
04-17 08:24:19.415 I/LorieNative( 8207): DamageTraceV2: PutImage count=34560 drawableType=WINDOW screenPixmap=0 drawable=0xb4000070a0f49030 geom=2898x1848 box=0,1474-2898,1496 backend=other fn=0x6d7991fe24 fn_offset=0x30de24 fbase=0x6d79612000 sym=unknown so=/data/app/~~iNwcSjv3C2CZCLwcLxpEtA==/com.termux.x11-1tus8NhfW98goVF914TrYw==/base.apk!/lib/arm64-v8a/libXlorie.so
04-17 08:24:19.465 I/LorieNative( 8207): DamageTraceV2: PutImage count=34624 drawableType=WINDOW screenPixmap=0 drawable=0xb4000070a0f49030 geom=2898x1848 box=0,1034-2898,1056 backend=other fn=0x6d7991fe24 fn_offset=0x30de24 fbase=0x6d79612000 sym=unknown so=/data/app/~~iNwcSjv3C2CZCLwcLxpEtA==/com.termux.x11-1tus8NhfW98goVF914TrYw==/base.apk!/lib/arm64-v8a/libXlorie.so
04-17 08:24:19.505 I/LorieNative( 8207): ExaTrace: putImage accel count=35072 drawableType=0 drawableId=0x600037 geom=2898x1848 size=2912x22 format=2 depth=24
04-17 08:24:19.507 I/LorieNative( 8207): DamageTraceV2: PutImage count=34688 drawableType=WINDOW screenPixmap=0 drawable=0xb4000070a0f49030 geom=2898x1848 box=0,594-2898,616 backend=other fn=0x6d7991fe24 fn_offset=0x30de24 fbase=0x6d79612000 sym=unknown so=/data/app/~~iNwcSjv3C2CZCLwcLxpEtA==/com.termux.x11-1tus8NhfW98goVF914TrYw==/base.apk!/lib/arm64-v8a/libXlorie.so
04-17 08:24:19.560 I/LorieNative( 8207): DamageTraceV2: PutImage count=34752 drawableType=WINDOW screenPixmap=0 drawable=0xb4000070a0f49030 geom=2898x1848 box=0,154-2898,176 backend=other fn=0x6d7991fe24 fn_offset=0x30de24 fbase=0x6d79612000 sym=unknown so=/data/app/~~iNwcSjv3C2CZCLwcLxpEtA==/com.termux.x11-1tus8NhfW98goVF914TrYw==/base.apk!/lib/arm64-v8a/libXlorie.so
04-17 08:24:19.581 I/LorieNative( 8207): ExaTrace: putImage accel count=35200 drawableType=0 drawableId=0x600037 geom=2898x1848 size=2912x22 format=2 depth=24
04-17 08:24:19.582 I/LorieNative( 8207): DamageTraceV2: PutImage count=34816 drawableType=WINDOW screenPixmap=0 drawable=0xb4000070a0f49030 geom=2898x1848 box=0,1562-2898,1584 backend=other fn=0x6d7991fe24 fn_offset=0x30de24 fbase=0x6d79612000 sym=unknown so=/data/app/~~iNwcSjv3C2CZCLwcLxpEtA==/com.termux.x11-1tus8NhfW98goVF914TrYw==/base.apk!/lib/arm64-v8a/libXlorie.so
04-17 08:24:19.634 I/LorieNative( 8207): DamageTraceV2: PutImage count=34880 drawableType=WINDOW screenPixmap=0 drawable=0xb4000070a0f49030 geom=2898x1848 box=0,1122-2898,1144 backend=other fn=0x6d7991fe24 fn_offset=0x30de24 fbase=0x6d79612000 sym=unknown so=/data/app/~~iNwcSjv3C2CZCLwcLxpEtA==/com.termux.x11-1tus8NhfW98goVF914TrYw==/base.apk!/lib/arm64-v8a/libXlorie.so
04-17 08:24:19.683 I/LorieNative( 8207): ExaTrace: putImage accel count=35328 drawableType=0 drawableId=0x600037 geom=2898x1848 size=2912x22 format=2 depth=24
04-17 08:24:19.684 I/LorieNative( 8207): DamageTraceV2: PutImage count=34944 drawableType=WINDOW screenPixmap=0 drawable=0xb4000070a0f49030 geom=2898x1848 box=0,682-2898,704 backend=other fn=0x6d7991fe24 fn_offset=0x30de24 fbase=0x6d79612000 sym=unknown so=/data/app/~~iNwcSjv3C2CZCLwcLxpEtA==/com.termux.x11-1tus8NhfW98goVF914TrYw==/base.apk!/lib/arm64-v8a/libXlorie.so
04-17 08:24:19.726 I/LorieNative( 8207): DamageTraceV2: PutImage count=35008 drawableType=WINDOW screenPixmap=0 drawable=0xb4000070a0f49030 geom=2898x1848 box=0,242-2898,264 backend=other fn=0x6d7991fe24 fn_offset=0x30de24 fbase=0x6d79612000 sym=unknown so=/data/app/~~iNwcSjv3C2CZCLwcLxpEtA==/com.termux.x11-1tus8NhfW98goVF914TrYw==/base.apk!/lib/arm64-v8a/libXlorie.so
04-17 08:24:19.742 I/LorieNative( 8207): ExaTrace: putImage accel count=35456 drawableType=0 drawableId=0x600037 geom=2898x1848 size=2912x22 format=2 depth=24
04-17 08:24:19.748 I/LorieNative( 8207): DamageTraceV2: PutImage count=35072 drawableType=WINDOW screenPixmap=0 drawable=0xb4000070a0f49030 geom=2898x1848 box=0,1650-2898,1672 backend=other fn=0x6d7991fe24 fn_offset=0x30de24 fbase=0x6d79612000 sym=unknown so=/data/app/~~iNwcSjv3C2CZCLwcLxpEtA==/com.termux.x11-1tus8NhfW98goVF914TrYw==/base.apk!/lib/arm64-v8a/libXlorie.so
04-17 08:24:19.793 I/LorieNative( 8207): DamageTraceV2: PutImage count=35136 drawableType=WINDOW screenPixmap=0 drawable=0xb4000070a0f49030 geom=2898x1848 box=0,1210-2898,1232 backend=other fn=0x6d7991fe24 fn_offset=0x30de24 fbase=0x6d79612000 sym=unknown so=/data/app/~~iNwcSjv3C2CZCLwcLxpEtA==/com.termux.x11-1tus8NhfW98goVF914TrYw==/base.apk!/lib/arm64-v8a/libXlorie.so
04-17 08:24:19.833 I/LorieNative( 8207): ExaTrace: putImage accel count=35584 drawableType=0 drawableId=0x600037 geom=2898x1848 size=2912x22 format=2 depth=24
04-17 08:24:19.835 I/LorieNative( 8207): DamageTraceV2: PutImage count=35200 drawableType=WINDOW screenPixmap=0 drawable=0xb4000070a0f49030 geom=2898x1848 box=0,770-2898,792 backend=other fn=0x6d7991fe24 fn_offset=0x30de24 fbase=0x6d79612000 sym=unknown so=/data/app/~~iNwcSjv3C2CZCLwcLxpEtA==/com.termux.x11-1tus8NhfW98goVF914TrYw==/base.apk!/lib/arm64-v8a/libXlorie.so
04-17 08:24:19.877 I/LorieNative( 8207): DamageTraceV2: PutImage count=35264 drawableType=WINDOW screenPixmap=0 drawable=0xb4000070a0f49030 geom=2898x1848 box=0,330-2898,352 backend=other fn=0x6d7991fe24 fn_offset=0x30de24 fbase=0x6d79612000 sym=unknown so=/data/app/~~iNwcSjv3C2CZCLwcLxpEtA==/com.termux.x11-1tus8NhfW98goVF914TrYw==/base.apk!/lib/arm64-v8a/libXlorie.so
04-17 08:24:19.891 I/LorieNative( 8207): ExaTrace: putImage accel count=35712 drawableType=0 drawableId=0x600037 geom=2898x1848 size=2912x22 format=2 depth=24
04-17 08:24:19.892 I/LorieNative( 8207): DamageTraceV2: PutImage count=35328 drawableType=WINDOW screenPixmap=0 drawable=0xb4000070a0f49030 geom=2898x1848 box=0,1738-2898,1760 backend=other fn=0x6d7991fe24 fn_offset=0x30de24 fbase=0x6d79612000 sym=unknown so=/data/app/~~iNwcSjv3C2CZCLwcLxpEtA==/com.termux.x11-1tus8NhfW98goVF914TrYw==/base.apk!/lib/arm64-v8a/libXlorie.so
04-17 08:24:19.941 I/LorieNative( 8207): DamageTraceV2: PutImage count=35392 drawableType=WINDOW screenPixmap=0 drawable=0xb4000070a0f49030 geom=2898x1848 box=0,1298-2898,1320 backend=other fn=0x6d7991fe24 fn_offset=0x30de24 fbase=0x6d79612000 sym=unknown so=/data/app/~~iNwcSjv3C2CZCLwcLxpEtA==/com.termux.x11-1tus8NhfW98goVF914TrYw==/base.apk!/lib/arm64-v8a/libXlorie.so
04-17 08:24:19.983 I/LorieNative( 8207): ExaTrace: putImage accel count=35840 drawableType=0 drawableId=0x600037 geom=2898x1848 size=2912x22 format=2 depth=24
04-17 08:24:19.985 I/LorieNative( 8207): DamageTraceV2: PutImage count=35456 drawableType=WINDOW screenPixmap=0 drawable=0xb4000070a0f49030 geom=2898x1848 box=0,858-2898,880 backend=other fn=0x6d7991fe24 fn_offset=0x30de24 fbase=0x6d79612000 sym=unknown so=/data/app/~~iNwcSjv3C2CZCLwcLxpEtA==/com.termux.x11-1tus8NhfW98goVF914TrYw==/base.apk!/lib/arm64-v8a/libXlorie.so
04-17 08:24:20.035 I/LorieNative( 8207): DamageTraceV2: PutImage count=35520 drawableType=WINDOW screenPixmap=0 drawable=0xb4000070a0f49030 geom=2898x1848 box=0,418-2898,440 backend=other fn=0x6d7991fe24 fn_offset=0x30de24 fbase=0x6d79612000 sym=unknown so=/data/app/~~iNwcSjv3C2CZCLwcLxpEtA==/com.termux.x11-1tus8NhfW98goVF914TrYw==/base.apk!/lib/arm64-v8a/libXlorie.so
04-17 08:24:20.036 I/RLT     ( 1866): +572929ms [THREAD] Choreographer->main op=doFrame frame=4680 | thread=main
04-17 08:24:20.038 I/RLT     ( 1866): +572930ms [FRAME] fps=120.0 jank=0 p99=8.4ms heap=24MB periodic corr=frames-73d6 | thread=main
04-17 08:24:20.053 I/LorieNative( 8207): ExaTrace: putImage accel count=35968 drawableType=0 drawableId=0x600037 geom=2898x1848 size=2912x22 format=2 depth=24
04-17 08:24:20.055 I/LorieNative( 8207): DamageTraceV2: PutImage count=35584 drawableType=WINDOW screenPixmap=0 drawable=0xb4000070a0f49030 geom=2898x1848 box=0,1826-2898,1848 backend=other fn=0x6d7991fe24 fn_offset=0x30de24 fbase=0x6d79612000 sym=unknown so=/data/app/~~iNwcSjv3C2CZCLwcLxpEtA==/com.termux.x11-1tus8NhfW98goVF914TrYw==/base.apk!/lib/arm64-v8a/libXlorie.so
04-17 08:24:20.106 I/LorieNative( 8207): DamageTraceV2: PutImage count=35648 drawableType=WINDOW screenPixmap=0 drawable=0xb4000070a0f49030 geom=2898x1848 box=0,1386-2898,1408 backend=other fn=0x6d7991fe24 fn_offset=0x30de24 fbase=0x6d79612000 sym=unknown so=/data/app/~~iNwcSjv3C2CZCLwcLxpEtA==/com.termux.x11-1tus8NhfW98goVF914TrYw==/base.apk!/lib/arm64-v8a/libXlorie.so
04-17 08:24:20.152 I/LorieNative( 8207): ExaTrace: putImage accel count=36096 drawableType=0 drawableId=0x600037 geom=2898x1848 size=2912x22 format=2 depth=24
04-17 08:24:20.156 I/LorieNative( 8207): DamageTraceV2: PutImage count=35712 drawableType=WINDOW screenPixmap=0 drawable=0xb4000070a0f49030 geom=2898x1848 box=0,946-2898,968 backend=other fn=0x6d7991fe24 fn_offset=0x30de24 fbase=0x6d79612000 sym=unknown so=/data/app/~~iNwcSjv3C2CZCLwcLxpEtA==/com.termux.x11-1tus8NhfW98goVF914TrYw==/base.apk!/lib/arm64-v8a/libXlorie.so
04-17 08:24:20.207 I/LorieNative( 8207): DamageTraceV2: PutImage count=35776 drawableType=WINDOW screenPixmap=0 drawable=0xb4000070a0f49030 geom=2898x1848 box=0,506-2898,528 backend=other fn=0x6d7991fe24 fn_offset=0x30de24 fbase=0x6d79612000 sym=unknown so=/data/app/~~iNwcSjv3C2CZCLwcLxpEtA==/com.termux.x11-1tus8NhfW98goVF914TrYw==/base.apk!/lib/arm64-v8a/libXlorie.so
04-17 08:24:20.220 I/LorieNative( 8207): ExaTrace: putImage accel count=36224 drawableType=0 drawableId=0x600037 geom=2898x1848 size=2912x22 format=2 depth=24
04-17 08:24:20.256 I/LorieNative( 8207): DamageTraceV2: PutImage count=35840 drawableType=WINDOW screenPixmap=0 drawable=0xb4000070a0f49030 geom=2898x1848 box=0,66-2898,88 backend=other fn=0x6d7991fe24 fn_offset=0x30de24 fbase=0x6d79612000 sym=unknown so=/data/app/~~iNwcSjv3C2CZCLwcLxpEtA==/com.termux.x11-1tus8NhfW98goVF914TrYw==/base.apk!/lib/arm64-v8a/libXlorie.so
04-17 08:24:20.273 I/LorieNative( 8207): choreographer callbacks in 5.0 seconds = 120.0 FPS
04-17 08:24:20.273 I/LorieNative( 8207): redraw wakeups in 5.0 seconds = 120.0 FPS
04-17 08:24:20.273 I/LorieNative( 8207): damage-triggered redraws in 5.0 seconds = 62.6 FPS
04-17 08:24:20.273 I/LorieNative( 8207): AhbLockTrace: sticky=0 lock_calls=313 unlock_calls=313 sticky_hits=8854 flush_skipped=0 in 5.0s
04-17 08:24:20.273 I/LorieNative( 8207): present flip attempts in 5.0 seconds = 0.0 FPS (accepted 0.0, rejected 0.0)
04-17 08:24:20.273 I/LorieNative( 8207): present after-flips in 5.0 seconds = 0.0 FPS
04-17 08:24:20.273 I/LorieNative( 8207): 313 frames in 5.0 seconds = 62.6 FPS
04-17 08:24:20.282 I/LorieNative( 8207): DamageTraceV2: PutImage count=35904 drawableType=WINDOW screenPixmap=0 drawable=0xb4000070a0f49030 geom=2898x1848 box=0,1474-2898,1496 backend=other fn=0x6d7991fe24 fn_offset=0x30de24 fbase=0x6d79612000 sym=unknown so=/data/app/~~iNwcSjv3C2CZCLwcLxpEtA==/com.termux.x11-1tus8NhfW98goVF914TrYw==/base.apk!/lib/arm64-v8a/libXlorie.so
04-17 08:24:20.314 I/RLT     ( 1866): +573207ms [PERF] PERF_SUMMARY:   renderer_fps=60.4 wait_choreo_pct=0 wait_content_pct=0 wait_state_pct=0 | thread=perf-dashboard
04-17 08:24:20.333 I/LorieNative( 8207): ExaTrace: putImage accel count=36352 drawableType=0 drawableId=0x600037 geom=2898x1848 size=2912x22 format=2 depth=24
04-17 08:24:20.335 I/LorieNative( 8207): DamageTraceV2: PutImage count=35968 drawableType=WINDOW screenPixmap=0 drawable=0xb4000070a0f49030 geom=2898x1848 box=0,1034-2898,1056 backend=other fn=0x6d7991fe24 fn_offset=0x30de24 fbase=0x6d79612000 sym=unknown so=/data/app/~~iNwcSjv3C2CZCLwcLxpEtA==/com.termux.x11-1tus8NhfW98goVF914TrYw==/base.apk!/lib/arm64-v8a/libXlorie.so
04-17 08:24:20.384 I/LorieNative( 8207): DamageTraceV2: PutImage count=36032 drawableType=WINDOW screenPixmap=0 drawable=0xb4000070a0f49030 geom=2898x1848 box=0,594-2898,616 backend=other fn=0x6d7991fe24 fn_offset=0x30de24 fbase=0x6d79612000 sym=unknown so=/data/app/~~iNwcSjv3C2CZCLwcLxpEtA==/com.termux.x11-1tus8NhfW98goVF914TrYw==/base.apk!/lib/arm64-v8a/libXlorie.so
04-17 08:24:20.425 I/LorieNative( 8207): ExaTrace: putImage accel count=36480 drawableType=0 drawableId=0x600037 geom=2898x1848 size=2912x22 format=2 depth=24
04-17 08:24:20.429 I/LorieNative( 8207): DamageTraceV2: PutImage count=36096 drawableType=WINDOW screenPixmap=0 drawable=0xb4000070a0f49030 geom=2898x1848 box=0,154-2898,176 backend=other fn=0x6d7991fe24 fn_offset=0x30de24 fbase=0x6d79612000 sym=unknown so=/data/app/~~iNwcSjv3C2CZCLwcLxpEtA==/com.termux.x11-1tus8NhfW98goVF914TrYw==/base.apk!/lib/arm64-v8a/libXlorie.so
04-17 08:24:20.442 I/LorieNative( 8207): DamageTraceV2: PutImage count=36160 drawableType=WINDOW screenPixmap=0 drawable=0xb4000070a0f49030 geom=2898x1848 box=0,1562-2898,1584 backend=other fn=0x6d7991fe24 fn_offset=0x30de24 fbase=0x6d79612000 sym=unknown so=/data/app/~~iNwcSjv3C2CZCLwcLxpEtA==/com.termux.x11-1tus8NhfW98goVF914TrYw==/base.apk!/lib/arm64-v8a/libXlorie.so
04-17 08:24:20.481 I/LorieNative( 8207): ExaTrace: putImage accel count=36608 drawableType=0 drawableId=0x600037 geom=2898x1848 size=2912x22 format=2 depth=24
04-17 08:24:20.484 I/LorieNative( 8207): DamageTraceV2: PutImage count=36224 drawableType=WINDOW screenPixmap=0 drawable=0xb4000070a0f49030 geom=2898x1848 box=0,1122-2898,1144 backend=other fn=0x6d7991fe24 fn_offset=0x30de24 fbase=0x6d79612000 sym=unknown so=/data/app/~~iNwcSjv3C2CZCLwcLxpEtA==/com.termux.x11-1tus8NhfW98goVF914TrYw==/base.apk!/lib/arm64-v8a/libXlorie.so
04-17 08:24:20.527 I/LorieNative( 8207): DamageTraceV2: PutImage count=36288 drawableType=WINDOW screenPixmap=0 drawable=0xb4000070a0f49030 geom=2898x1848 box=0,682-2898,704 backend=other fn=0x6d7991fe24 fn_offset=0x30de24 fbase=0x6d79612000 sym=unknown so=/data/app/~~iNwcSjv3C2CZCLwcLxpEtA==/com.termux.x11-1tus8NhfW98goVF914TrYw==/base.apk!/lib/arm64-v8a/libXlorie.so
04-17 08:24:20.567 I/LorieNative( 8207): ExaTrace: putImage accel count=36736 drawableType=0 drawableId=0x600037 geom=2898x1848 size=2912x22 format=2 depth=24
04-17 08:24:20.569 I/LorieNative( 8207): DamageTraceV2: PutImage count=36352 drawableType=WINDOW screenPixmap=0 drawable=0xb4000070a0f49030 geom=2898x1848 box=0,242-2898,264 backend=other fn=0x6d7991fe24 fn_offset=0x30de24 fbase=0x6d79612000 sym=unknown so=/data/app/~~iNwcSjv3C2CZCLwcLxpEtA==/com.termux.x11-1tus8NhfW98goVF914TrYw==/base.apk!/lib/arm64-v8a/libXlorie.so
04-17 08:24:20.585 I/LorieNative( 8207): DamageTraceV2: PutImage count=36416 drawableType=WINDOW screenPixmap=0 drawable=0xb4000070a0f49030 geom=2898x1848 box=0,1650-2898,1672 backend=other fn=0x6d7991fe24 fn_offset=0x30de24 fbase=0x6d79612000 sym=unknown so=/data/app/~~iNwcSjv3C2CZCLwcLxpEtA==/com.termux.x11-1tus8NhfW98goVF914TrYw==/base.apk!/lib/arm64-v8a/libXlorie.so
04-17 08:24:20.634 I/LorieNative( 8207): ExaTrace: putImage accel count=36864 drawableType=0 drawableId=0x600037 geom=2898x1848 size=2912x22 format=2 depth=24
04-17 08:24:20.635 I/LorieNative( 8207): DamageTraceV2: PutImage count=36480 drawableType=WINDOW screenPixmap=0 drawable=0xb4000070a0f49030 geom=2898x1848 box=0,1210-2898,1232 backend=other fn=0x6d7991fe24 fn_offset=0x30de24 fbase=0x6d79612000 sym=unknown so=/data/app/~~iNwcSjv3C2CZCLwcLxpEtA==/com.termux.x11-1tus8NhfW98goVF914TrYw==/base.apk!/lib/arm64-v8a/libXlorie.so
04-17 08:24:20.676 I/LorieNative( 8207): DamageTraceV2: PutImage count=36544 drawableType=WINDOW screenPixmap=0 drawable=0xb4000070a0f49030 geom=2898x1848 box=0,770-2898,792 backend=other fn=0x6d7991fe24 fn_offset=0x30de24 fbase=0x6d79612000 sym=unknown so=/data/app/~~iNwcSjv3C2CZCLwcLxpEtA==/com.termux.x11-1tus8NhfW98goVF914TrYw==/base.apk!/lib/arm64-v8a/libXlorie.so
04-17 08:24:20.729 I/LorieNative( 8207): ExaTrace: putImage accel count=36992 drawableType=0 drawableId=0x600037 geom=2898x1848 size=2912x22 format=2 depth=24
04-17 08:24:20.732 I/LorieNative( 8207): DamageTraceV2: PutImage count=36608 drawableType=WINDOW screenPixmap=0 drawable=0xb4000070a0f49030 geom=2898x1848 box=0,330-2898,352 backend=other fn=0x6d7991fe24 fn_offset=0x30de24 fbase=0x6d79612000 sym=unknown so=/data/app/~~iNwcSjv3C2CZCLwcLxpEtA==/com.termux.x11-1tus8NhfW98goVF914TrYw==/base.apk!/lib/arm64-v8a/libXlorie.so
04-17 08:24:20.763 I/LorieNative( 8207): DamageTraceV2: PutImage count=36672 drawableType=WINDOW screenPixmap=0 drawable=0xb4000070a0f49030 geom=2898x1848 box=0,1738-2898,1760 backend=other fn=0x6d7991fe24 fn_offset=0x30de24 fbase=0x6d79612000 sym=unknown so=/data/app/~~iNwcSjv3C2CZCLwcLxpEtA==/com.termux.x11-1tus8NhfW98goVF914TrYw==/base.apk!/lib/arm64-v8a/libXlorie.so
04-17 08:24:20.808 I/LorieNative( 8207): ExaTrace: putImage accel count=37120 drawableType=0 drawableId=0x600037 geom=2898x1848 size=2912x22 format=2 depth=24
04-17 08:24:20.810 I/LorieNative( 8207): DamageTraceV2: PutImage count=36736 drawableType=WINDOW screenPixmap=0 drawable=0xb4000070a0f49030 geom=2898x1848 box=0,1298-2898,1320 backend=other fn=0x6d7991fe24 fn_offset=0x30de24 fbase=0x6d79612000 sym=unknown so=/data/app/~~iNwcSjv3C2CZCLwcLxpEtA==/com.termux.x11-1tus8NhfW98goVF914TrYw==/base.apk!/lib/arm64-v8a/libXlorie.so
04-17 08:24:20.858 I/LorieNative( 8207): DamageTraceV2: PutImage count=36800 drawableType=WINDOW screenPixmap=0 drawable=0xb4000070a0f49030 geom=2898x1848 box=0,858-2898,880 backend=other fn=0x6d7991fe24 fn_offset=0x30de24 fbase=0x6d79612000 sym=unknown so=/data/app/~~iNwcSjv3C2CZCLwcLxpEtA==/com.termux.x11-1tus8NhfW98goVF914TrYw==/base.apk!/lib/arm64-v8a/libXlorie.so
04-17 08:24:20.907 I/LorieNative( 8207): ExaTrace: putImage accel count=37248 drawableType=0 drawableId=0x600037 geom=2898x1848 size=2912x22 format=2 depth=24
04-17 08:24:20.910 I/LorieNative( 8207): DamageTraceV2: PutImage count=36864 drawableType=WINDOW screenPixmap=0 drawable=0xb4000070a0f49030 geom=2898x1848 box=0,418-2898,440 backend=other fn=0x6d7991fe24 fn_offset=0x30de24 fbase=0x6d79612000 sym=unknown so=/data/app/~~iNwcSjv3C2CZCLwcLxpEtA==/com.termux.x11-1tus8NhfW98goVF914TrYw==/base.apk!/lib/arm64-v8a/libXlorie.so
04-17 08:24:20.938 I/LorieNative( 8207): DamageTraceV2: PutImage count=36928 drawableType=WINDOW screenPixmap=0 drawable=0xb4000070a0f49030 geom=2898x1848 box=0,1826-2898,1848 backend=other fn=0x6d7991fe24 fn_offset=0x30de24 fbase=0x6d79612000 sym=unknown so=/data/app/~~iNwcSjv3C2CZCLwcLxpEtA==/com.termux.x11-1tus8NhfW98goVF914TrYw==/base.apk!/lib/arm64-v8a/libXlorie.so
04-17 08:24:20.982 I/LorieNative( 8207): ExaTrace: putImage accel count=37376 drawableType=0 drawableId=0x600037 geom=2898x1848 size=2912x22 format=2 depth=24
04-17 08:24:20.983 I/LorieNative( 8207): DamageTraceV2: PutImage count=36992 drawableType=WINDOW screenPixmap=0 drawable=0xb4000070a0f49030 geom=2898x1848 box=0,1386-2898,1408 backend=other fn=0x6d7991fe24 fn_offset=0x30de24 fbase=0x6d79612000 sym=unknown so=/data/app/~~iNwcSjv3C2CZCLwcLxpEtA==/com.termux.x11-1tus8NhfW98goVF914TrYw==/base.apk!/lib/arm64-v8a/libXlorie.so
04-17 08:24:21.025 I/LorieNative( 8207): DamageTraceV2: PutImage count=37056 drawableType=WINDOW screenPixmap=0 drawable=0xb4000070a0f49030 geom=2898x1848 box=0,946-2898,968 backend=other fn=0x6d7991fe24 fn_offset=0x30de24 fbase=0x6d79612000 sym=unknown so=/data/app/~~iNwcSjv3C2CZCLwcLxpEtA==/com.termux.x11-1tus8NhfW98goVF914TrYw==/base.apk!/lib/arm64-v8a/libXlorie.so
04-17 08:24:21.036 I/RLT     ( 1866): +573929ms [THREAD] Choreographer->main op=doFrame frame=4800 | thread=main
04-17 08:24:21.037 I/RLT     ( 1866): +573929ms [FRAME] fps=120.0 jank=0 p99=8.4ms heap=24MB periodic corr=frames-73d6 | thread=main
04-17 08:24:21.073 I/LorieNative( 8207): ExaTrace: putImage accel count=37504 drawableType=0 drawableId=0x600037 geom=2898x1848 size=2912x22 format=2 depth=24
04-17 08:24:21.075 I/LorieNative( 8207): DamageTraceV2: PutImage count=37120 drawableType=WINDOW screenPixmap=0 drawable=0xb4000070a0f49030 geom=2898x1848 box=0,506-2898,528 backend=other fn=0x6d7991fe24 fn_offset=0x30de24 fbase=0x6d79612000 sym=unknown so=/data/app/~~iNwcSjv3C2CZCLwcLxpEtA==/com.termux.x11-1tus8NhfW98goVF914TrYw==/base.apk!/lib/arm64-v8a/libXlorie.so
04-17 08:24:21.122 I/LorieNative( 8207): DamageTraceV2: PutImage count=37184 drawableType=WINDOW screenPixmap=0 drawable=0xb4000070a0f49030 geom=2898x1848 box=0,66-2898,88 backend=other fn=0x6d7991fe24 fn_offset=0x30de24 fbase=0x6d79612000 sym=unknown so=/data/app/~~iNwcSjv3C2CZCLwcLxpEtA==/com.termux.x11-1tus8NhfW98goVF914TrYw==/base.apk!/lib/arm64-v8a/libXlorie.so
04-17 08:24:21.134 I/LorieNative( 8207): ExaTrace: putImage accel count=37632 drawableType=0 drawableId=0x600037 geom=2898x1848 size=2912x22 format=2 depth=24
04-17 08:24:21.136 I/LorieNative( 8207): DamageTraceV2: PutImage count=37248 drawableType=WINDOW screenPixmap=0 drawable=0xb4000070a0f49030 geom=2898x1848 box=0,1474-2898,1496 backend=other fn=0x6d7991fe24 fn_offset=0x30de24 fbase=0x6d79612000 sym=unknown so=/data/app/~~iNwcSjv3C2CZCLwcLxpEtA==/com.termux.x11-1tus8NhfW98goVF914TrYw==/base.apk!/lib/arm64-v8a/libXlorie.so
04-17 08:24:21.176 I/LorieNative( 8207): DamageTraceV2: PutImage count=37312 drawableType=WINDOW screenPixmap=0 drawable=0xb4000070a0f49030 geom=2898x1848 box=0,1034-2898,1056 backend=other fn=0x6d7991fe24 fn_offset=0x30de24 fbase=0x6d79612000 sym=unknown so=/data/app/~~iNwcSjv3C2CZCLwcLxpEtA==/com.termux.x11-1tus8NhfW98goVF914TrYw==/base.apk!/lib/arm64-v8a/libXlorie.so
04-17 08:24:21.225 I/LorieNative( 8207): ExaTrace: putImage accel count=37760 drawableType=0 drawableId=0x600037 geom=2898x1848 size=2912x22 format=2 depth=24
04-17 08:24:21.228 I/LorieNative( 8207): DamageTraceV2: PutImage count=37376 drawableType=WINDOW screenPixmap=0 drawable=0xb4000070a0f49030 geom=2898x1848 box=0,594-2898,616 backend=other fn=0x6d7991fe24 fn_offset=0x30de24 fbase=0x6d79612000 sym=unknown so=/data/app/~~iNwcSjv3C2CZCLwcLxpEtA==/com.termux.x11-1tus8NhfW98goVF914TrYw==/base.apk!/lib/arm64-v8a/libXlorie.so
04-17 08:24:21.279 I/LorieNative( 8207): DamageTraceV2: PutImage count=37440 drawableType=WINDOW screenPixmap=0 drawable=0xb4000070a0f49030 geom=2898x1848 box=0,154-2898,176 backend=other fn=0x6d7991fe24 fn_offset=0x30de24 fbase=0x6d79612000 sym=unknown so=/data/app/~~iNwcSjv3C2CZCLwcLxpEtA==/com.termux.x11-1tus8NhfW98goVF914TrYw==/base.apk!/lib/arm64-v8a/libXlorie.so
04-17 08:24:21.294 I/LorieNative( 8207): ExaTrace: putImage accel count=37888 drawableType=0 drawableId=0x600037 geom=2898x1848 size=2912x22 format=2 depth=24
04-17 08:24:21.297 I/LorieNative( 8207): DamageTraceV2: PutImage count=37504 drawableType=WINDOW screenPixmap=0 drawable=0xb4000070a0f49030 geom=2898x1848 box=0,1562-2898,1584 backend=other fn=0x6d7991fe24 fn_offset=0x30de24 fbase=0x6d79612000 sym=unknown so=/data/app/~~iNwcSjv3C2CZCLwcLxpEtA==/com.termux.x11-1tus8NhfW98goVF914TrYw==/base.apk!/lib/arm64-v8a/libXlorie.so
04-17 08:24:21.343 I/LorieNative( 8207): DamageTraceV2: PutImage count=37568 drawableType=WINDOW screenPixmap=0 drawable=0xb4000070a0f49030 geom=2898x1848 box=0,1122-2898,1144 backend=other fn=0x6d7991fe24 fn_offset=0x30de24 fbase=0x6d79612000 sym=unknown so=/data/app/~~iNwcSjv3C2CZCLwcLxpEtA==/com.termux.x11-1tus8NhfW98goVF914TrYw==/base.apk!/lib/arm64-v8a/libXlorie.so
04-17 08:24:21.385 I/LorieNative( 8207): ExaTrace: putImage accel count=38016 drawableType=0 drawableId=0x600037 geom=2898x1848 size=2912x22 format=2 depth=24
04-17 08:24:21.388 I/LorieNative( 8207): DamageTraceV2: PutImage count=37632 drawableType=WINDOW screenPixmap=0 drawable=0xb4000070a0f49030 geom=2898x1848 box=0,682-2898,704 backend=other fn=0x6d7991fe24 fn_offset=0x30de24 fbase=0x6d79612000 sym=unknown so=/data/app/~~iNwcSjv3C2CZCLwcLxpEtA==/com.termux.x11-1tus8NhfW98goVF914TrYw==/base.apk!/lib/arm64-v8a/libXlorie.so
04-17 08:24:21.439 I/LorieNative( 8207): DamageTraceV2: PutImage count=37696 drawableType=WINDOW screenPixmap=0 drawable=0xb4000070a0f49030 geom=2898x1848 box=0,242-2898,264 backend=other fn=0x6d7991fe24 fn_offset=0x30de24 fbase=0x6d79612000 sym=unknown so=/data/app/~~iNwcSjv3C2CZCLwcLxpEtA==/com.termux.x11-1tus8NhfW98goVF914TrYw==/base.apk!/lib/arm64-v8a/libXlorie.so
04-17 08:24:21.451 I/LorieNative( 8207): ExaTrace: putImage accel count=38144 drawableType=0 drawableId=0x600037 geom=2898x1848 size=2912x22 format=2 depth=24
04-17 08:24:21.454 I/LorieNative( 8207): DamageTraceV2: PutImage count=37760 drawableType=WINDOW screenPixmap=0 drawable=0xb4000070a0f49030 geom=2898x1848 box=0,1650-2898,1672 backend=other fn=0x6d7991fe24 fn_offset=0x30de24 fbase=0x6d79612000 sym=unknown so=/data/app/~~iNwcSjv3C2CZCLwcLxpEtA==/com.termux.x11-1tus8NhfW98goVF914TrYw==/base.apk!/lib/arm64-v8a/libXlorie.so
04-17 08:24:21.498 I/LorieNative( 8207): DamageTraceV2: PutImage count=37824 drawableType=WINDOW screenPixmap=0 drawable=0xb4000070a0f49030 geom=2898x1848 box=0,1210-2898,1232 backend=other fn=0x6d7991fe24 fn_offset=0x30de24 fbase=0x6d79612000 sym=unknown so=/data/app/~~iNwcSjv3C2CZCLwcLxpEtA==/com.termux.x11-1tus8NhfW98goVF914TrYw==/base.apk!/lib/arm64-v8a/libXlorie.so
04-17 08:24:21.549 I/LorieNative( 8207): ExaTrace: putImage accel count=38272 drawableType=0 drawableId=0x600037 geom=2898x1848 size=2912x22 format=2 depth=24
04-17 08:24:21.551 I/LorieNative( 8207): DamageTraceV2: PutImage count=37888 drawableType=WINDOW screenPixmap=0 drawable=0xb4000070a0f49030 geom=2898x1848 box=0,770-2898,792 backend=other fn=0x6d7991fe24 fn_offset=0x30de24 fbase=0x6d79612000 sym=unknown so=/data/app/~~iNwcSjv3C2CZCLwcLxpEtA==/com.termux.x11-1tus8NhfW98goVF914TrYw==/base.apk!/lib/arm64-v8a/libXlorie.so
04-17 08:24:21.593 I/LorieNative( 8207): DamageTraceV2: PutImage count=37952 drawableType=WINDOW screenPixmap=0 drawable=0xb4000070a0f49030 geom=2898x1848 box=0,330-2898,352 backend=other fn=0x6d7991fe24 fn_offset=0x30de24 fbase=0x6d79612000 sym=unknown so=/data/app/~~iNwcSjv3C2CZCLwcLxpEtA==/com.termux.x11-1tus8NhfW98goVF914TrYw==/base.apk!/lib/arm64-v8a/libXlorie.so
04-17 08:24:21.608 I/LorieNative( 8207): ExaTrace: putImage accel count=38400 drawableType=0 drawableId=0x600037 geom=2898x1848 size=2912x22 format=2 depth=24
04-17 08:24:21.610 I/LorieNative( 8207): DamageTraceV2: PutImage count=38016 drawableType=WINDOW screenPixmap=0 drawable=0xb4000070a0f49030 geom=2898x1848 box=0,1738-2898,1760 backend=other fn=0x6d7991fe24 fn_offset=0x30de24 fbase=0x6d79612000 sym=unknown so=/data/app/~~iNwcSjv3C2CZCLwcLxpEtA==/com.termux.x11-1tus8NhfW98goVF914TrYw==/base.apk!/lib/arm64-v8a/libXlorie.so
04-17 08:24:21.657 I/LorieNative( 8207): DamageTraceV2: PutImage count=38080 drawableType=WINDOW screenPixmap=0 drawable=0xb4000070a0f49030 geom=2898x1848 box=0,1298-2898,1320 backend=other fn=0x6d7991fe24 fn_offset=0x30de24 fbase=0x6d79612000 sym=unknown so=/data/app/~~iNwcSjv3C2CZCLwcLxpEtA==/com.termux.x11-1tus8NhfW98goVF914TrYw==/base.apk!/lib/arm64-v8a/libXlorie.so
04-17 08:24:21.701 I/LorieNative( 8207): ExaTrace: putImage accel count=38528 drawableType=0 drawableId=0x600037 geom=2898x1848 size=2912x22 format=2 depth=24
04-17 08:24:21.702 I/LorieNative( 8207): DamageTraceV2: PutImage count=38144 drawableType=WINDOW screenPixmap=0 drawable=0xb4000070a0f49030 geom=2898x1848 box=0,858-2898,880 backend=other fn=0x6d7991fe24 fn_offset=0x30de24 fbase=0x6d79612000 sym=unknown so=/data/app/~~iNwcSjv3C2CZCLwcLxpEtA==/com.termux.x11-1tus8NhfW98goVF914TrYw==/base.apk!/lib/arm64-v8a/libXlorie.so
04-17 08:24:21.752 I/LorieNative( 8207): DamageTraceV2: PutImage count=38208 drawableType=WINDOW screenPixmap=0 drawable=0xb4000070a0f49030 geom=2898x1848 box=0,418-2898,440 backend=other fn=0x6d7991fe24 fn_offset=0x30de24 fbase=0x6d79612000 sym=unknown so=/data/app/~~iNwcSjv3C2CZCLwcLxpEtA==/com.termux.x11-1tus8NhfW98goVF914TrYw==/base.apk!/lib/arm64-v8a/libXlorie.so
04-17 08:24:21.768 I/LorieNative( 8207): ExaTrace: putImage accel count=38656 drawableType=0 drawableId=0x600037 geom=2898x1848 size=2912x22 format=2 depth=24
04-17 08:24:21.769 I/LorieNative( 8207): DamageTraceV2: PutImage count=38272 drawableType=WINDOW screenPixmap=0 drawable=0xb4000070a0f49030 geom=2898x1848 box=0,1826-2898,1848 backend=other fn=0x6d7991fe24 fn_offset=0x30de24 fbase=0x6d79612000 sym=unknown so=/data/app/~~iNwcSjv3C2CZCLwcLxpEtA==/com.termux.x11-1tus8NhfW98goVF914TrYw==/base.apk!/lib/arm64-v8a/libXlorie.so
04-17 08:24:21.823 I/LorieNative( 8207): DamageTraceV2: PutImage count=38336 drawableType=WINDOW screenPixmap=0 drawable=0xb4000070a0f49030 geom=2898x1848 box=0,1386-2898,1408 backend=other fn=0x6d7991fe24 fn_offset=0x30de24 fbase=0x6d79612000 sym=unknown so=/data/app/~~iNwcSjv3C2CZCLwcLxpEtA==/com.termux.x11-1tus8NhfW98goVF914TrYw==/base.apk!/lib/arm64-v8a/libXlorie.so
04-17 08:24:21.873 I/LorieNative( 8207): ExaTrace: putImage accel count=38784 drawableType=0 drawableId=0x600037 geom=2898x1848 size=2912x22 format=2 depth=24
04-17 08:24:21.876 I/LorieNative( 8207): DamageTraceV2: PutImage count=38400 drawableType=WINDOW screenPixmap=0 drawable=0xb4000070a0f49030 geom=2898x1848 box=0,946-2898,968 backend=other fn=0x6d7991fe24 fn_offset=0x30de24 fbase=0x6d79612000 sym=unknown so=/data/app/~~iNwcSjv3C2CZCLwcLxpEtA==/com.termux.x11-1tus8NhfW98goVF914TrYw==/base.apk!/lib/arm64-v8a/libXlorie.so
04-17 08:24:21.925 I/LorieNative( 8207): DamageTraceV2: PutImage count=38464 drawableType=WINDOW screenPixmap=0 drawable=0xb4000070a0f49030 geom=2898x1848 box=0,506-2898,528 backend=other fn=0x6d7991fe24 fn_offset=0x30de24 fbase=0x6d79612000 sym=unknown so=/data/app/~~iNwcSjv3C2CZCLwcLxpEtA==/com.termux.x11-1tus8NhfW98goVF914TrYw==/base.apk!/lib/arm64-v8a/libXlorie.so
04-17 08:24:21.939 I/LorieNative( 8207): ExaTrace: putImage accel count=38912 drawableType=0 drawableId=0x600037 geom=2898x1848 size=2912x22 format=2 depth=24
04-17 08:24:21.967 I/LorieNative( 8207): DamageTraceV2: PutImage count=38528 drawableType=WINDOW screenPixmap=0 drawable=0xb4000070a0f49030 geom=2898x1848 box=0,66-2898,88 backend=other fn=0x6d7991fe24 fn_offset=0x30de24 fbase=0x6d79612000 sym=unknown so=/data/app/~~iNwcSjv3C2CZCLwcLxpEtA==/com.termux.x11-1tus8NhfW98goVF914TrYw==/base.apk!/lib/arm64-v8a/libXlorie.so
04-17 08:24:21.992 I/LorieNative( 8207): DamageTraceV2: PutImage count=38592 drawableType=WINDOW screenPixmap=0 drawable=0xb4000070a0f49030 geom=2898x1848 box=0,1474-2898,1496 backend=other fn=0x6d7991fe24 fn_offset=0x30de24 fbase=0x6d79612000 sym=unknown so=/data/app/~~iNwcSjv3C2CZCLwcLxpEtA==/com.termux.x11-1tus8NhfW98goVF914TrYw==/base.apk!/lib/arm64-v8a/libXlorie.so
04-17 08:24:22.034 I/LorieNative( 8207): ExaTrace: putImage accel count=39040 drawableType=0 drawableId=0x600037 geom=2898x1848 size=2912x22 format=2 depth=24
04-17 08:24:22.036 I/RLT     ( 1866): +574929ms [THREAD] Choreographer->main op=doFrame frame=4920 | thread=main
04-17 08:24:22.036 I/LorieNative( 8207): DamageTraceV2: PutImage count=38656 drawableType=WINDOW screenPixmap=0 drawable=0xb4000070a0f49030 geom=2898x1848 box=0,1034-2898,1056 backend=other fn=0x6d7991fe24 fn_offset=0x30de24 fbase=0x6d79612000 sym=unknown so=/data/app/~~iNwcSjv3C2CZCLwcLxpEtA==/com.termux.x11-1tus8NhfW98goVF914TrYw==/base.apk!/lib/arm64-v8a/libXlorie.so
04-17 08:24:22.037 I/RLT     ( 1866): +574929ms [FRAME] fps=120.0 jank=0 p99=8.3ms heap=24MB periodic corr=frames-73d6 | thread=main
04-17 08:24:22.080 I/LorieNative( 8207): DamageTraceV2: PutImage count=38720 drawableType=WINDOW screenPixmap=0 drawable=0xb4000070a0f49030 geom=2898x1848 box=0,594-2898,616 backend=other fn=0x6d7991fe24 fn_offset=0x30de24 fbase=0x6d79612000 sym=unknown so=/data/app/~~iNwcSjv3C2CZCLwcLxpEtA==/com.termux.x11-1tus8NhfW98goVF914TrYw==/base.apk!/lib/arm64-v8a/libXlorie.so
04-17 08:24:22.121 I/LorieNative( 8207): ExaTrace: putImage accel count=39168 drawableType=0 drawableId=0x600037 geom=2898x1848 size=2912x22 format=2 depth=24
04-17 08:24:22.122 I/LorieNative( 8207): DamageTraceV2: PutImage count=38784 drawableType=WINDOW screenPixmap=0 drawable=0xb4000070a0f49030 geom=2898x1848 box=0,154-2898,176 backend=other fn=0x6d7991fe24 fn_offset=0x30de24 fbase=0x6d79612000 sym=unknown so=/data/app/~~iNwcSjv3C2CZCLwcLxpEtA==/com.termux.x11-1tus8NhfW98goVF914TrYw==/base.apk!/lib/arm64-v8a/libXlorie.so
04-17 08:24:22.135 I/LorieNative( 8207): DamageTraceV2: PutImage count=38848 drawableType=WINDOW screenPixmap=0 drawable=0xb4000070a0f49030 geom=2898x1848 box=0,1562-2898,1584 backend=other fn=0x6d7991fe24 fn_offset=0x30de24 fbase=0x6d79612000 sym=unknown so=/data/app/~~iNwcSjv3C2CZCLwcLxpEtA==/com.termux.x11-1tus8NhfW98goVF914TrYw==/base.apk!/lib/arm64-v8a/libXlorie.so
04-17 08:24:22.176 I/LorieNative( 8207): ExaTrace: putImage accel count=39296 drawableType=0 drawableId=0x600037 geom=2898x1848 size=2912x22 format=2 depth=24
04-17 08:24:22.179 I/LorieNative( 8207): DamageTraceV2: PutImage count=38912 drawableType=WINDOW screenPixmap=0 drawable=0xb4000070a0f49030 geom=2898x1848 box=0,1122-2898,1144 backend=other fn=0x6d7991fe24 fn_offset=0x30de24 fbase=0x6d79612000 sym=unknown so=/data/app/~~iNwcSjv3C2CZCLwcLxpEtA==/com.termux.x11-1tus8NhfW98goVF914TrYw==/base.apk!/lib/arm64-v8a/libXlorie.so
04-17 08:24:22.218 I/LorieNative( 8207): DamageTraceV2: PutImage count=38976 drawableType=WINDOW screenPixmap=0 drawable=0xb4000070a0f49030 geom=2898x1848 box=0,682-2898,704 backend=other fn=0x6d7991fe24 fn_offset=0x30de24 fbase=0x6d79612000 sym=unknown so=/data/app/~~iNwcSjv3C2CZCLwcLxpEtA==/com.termux.x11-1tus8NhfW98goVF914TrYw==/base.apk!/lib/arm64-v8a/libXlorie.so
04-17 08:24:22.258 I/LorieNative( 8207): ExaTrace: putImage accel count=39424 drawableType=0 drawableId=0x600037 geom=2898x1848 size=2912x22 format=2 depth=24
04-17 08:24:22.260 I/LorieNative( 8207): DamageTraceV2: PutImage count=39040 drawableType=WINDOW screenPixmap=0 drawable=0xb4000070a0f49030 geom=2898x1848 box=0,242-2898,264 backend=other fn=0x6d7991fe24 fn_offset=0x30de24 fbase=0x6d79612000 sym=unknown so=/data/app/~~iNwcSjv3C2CZCLwcLxpEtA==/com.termux.x11-1tus8NhfW98goVF914TrYw==/base.apk!/lib/arm64-v8a/libXlorie.so
04-17 08:24:22.276 I/LorieNative( 8207): DamageTraceV2: PutImage count=39104 drawableType=WINDOW screenPixmap=0 drawable=0xb4000070a0f49030 geom=2898x1848 box=0,1650-2898,1672 backend=other fn=0x6d7991fe24 fn_offset=0x30de24 fbase=0x6d79612000 sym=unknown so=/data/app/~~iNwcSjv3C2CZCLwcLxpEtA==/com.termux.x11-1tus8NhfW98goVF914TrYw==/base.apk!/lib/arm64-v8a/libXlorie.so
04-17 08:24:22.314 I/LorieNative( 8207): ExaTrace: putImage accel count=39552 drawableType=0 drawableId=0x600037 geom=2898x1848 size=2912x22 format=2 depth=24
04-17 08:24:22.316 I/LorieNative( 8207): DamageTraceV2: PutImage count=39168 drawableType=WINDOW screenPixmap=0 drawable=0xb4000070a0f49030 geom=2898x1848 box=0,1210-2898,1232 backend=other fn=0x6d7991fe24 fn_offset=0x30de24 fbase=0x6d79612000 sym=unknown so=/data/app/~~iNwcSjv3C2CZCLwcLxpEtA==/com.termux.x11-1tus8NhfW98goVF914TrYw==/base.apk!/lib/arm64-v8a/libXlorie.so
04-17 08:24:22.356 I/LorieNative( 8207): DamageTraceV2: PutImage count=39232 drawableType=WINDOW screenPixmap=0 drawable=0xb4000070a0f49030 geom=2898x1848 box=0,770-2898,792 backend=other fn=0x6d7991fe24 fn_offset=0x30de24 fbase=0x6d79612000 sym=unknown so=/data/app/~~iNwcSjv3C2CZCLwcLxpEtA==/com.termux.x11-1tus8NhfW98goVF914TrYw==/base.apk!/lib/arm64-v8a/libXlorie.so
04-17 08:24:22.392 I/LorieNative( 8207): ExaTrace: putImage accel count=39680 drawableType=0 drawableId=0x600037 geom=2898x1848 size=2912x22 format=2 depth=24
04-17 08:24:22.394 I/LorieNative( 8207): DamageTraceV2: PutImage count=39296 drawableType=WINDOW screenPixmap=0 drawable=0xb4000070a0f49030 geom=2898x1848 box=0,330-2898,352 backend=other fn=0x6d7991fe24 fn_offset=0x30de24 fbase=0x6d79612000 sym=unknown so=/data/app/~~iNwcSjv3C2CZCLwcLxpEtA==/com.termux.x11-1tus8NhfW98goVF914TrYw==/base.apk!/lib/arm64-v8a/libXlorie.so
04-17 08:24:22.410 I/LorieNative( 8207): DamageTraceV2: PutImage count=39360 drawableType=WINDOW screenPixmap=0 drawable=0xb4000070a0f49030 geom=2898x1848 box=0,1738-2898,1760 backend=other fn=0x6d7991fe24 fn_offset=0x30de24 fbase=0x6d79612000 sym=unknown so=/data/app/~~iNwcSjv3C2CZCLwcLxpEtA==/com.termux.x11-1tus8NhfW98goVF914TrYw==/base.apk!/lib/arm64-v8a/libXlorie.so
04-17 08:24:22.444 I/LorieNative( 8207): ExaTrace: putImage accel count=39808 drawableType=0 drawableId=0x600037 geom=2898x1848 size=2912x22 format=2 depth=24
04-17 08:24:22.447 I/LorieNative( 8207): DamageTraceV2: PutImage count=39424 drawableType=WINDOW screenPixmap=0 drawable=0xb4000070a0f49030 geom=2898x1848 box=0,1298-2898,1320 backend=other fn=0x6d7991fe24 fn_offset=0x30de24 fbase=0x6d79612000 sym=unknown so=/data/app/~~iNwcSjv3C2CZCLwcLxpEtA==/com.termux.x11-1tus8NhfW98goVF914TrYw==/base.apk!/lib/arm64-v8a/libXlorie.so
04-17 08:24:22.489 I/LorieNative( 8207): DamageTraceV2: PutImage count=39488 drawableType=WINDOW screenPixmap=0 drawable=0xb4000070a0f49030 geom=2898x1848 box=0,858-2898,880 backend=other fn=0x6d7991fe24 fn_offset=0x30de24 fbase=0x6d79612000 sym=unknown so=/data/app/~~iNwcSjv3C2CZCLwcLxpEtA==/com.termux.x11-1tus8NhfW98goVF914TrYw==/base.apk!/lib/arm64-v8a/libXlorie.so
04-17 08:24:22.524 I/LorieNative( 8207): ExaTrace: putImage accel count=39936 drawableType=0 drawableId=0x600037 geom=2898x1848 size=2912x22 format=2 depth=24
04-17 08:24:22.525 I/LorieNative( 8207): DamageTraceV2: PutImage count=39552 drawableType=WINDOW screenPixmap=0 drawable=0xb4000070a0f49030 geom=2898x1848 box=0,418-2898,440 backend=other fn=0x6d7991fe24 fn_offset=0x30de24 fbase=0x6d79612000 sym=unknown so=/data/app/~~iNwcSjv3C2CZCLwcLxpEtA==/com.termux.x11-1tus8NhfW98goVF914TrYw==/base.apk!/lib/arm64-v8a/libXlorie.so
04-17 08:24:22.536 I/LorieNative( 8207): DamageTraceV2: PutImage count=39616 drawableType=WINDOW screenPixmap=0 drawable=0xb4000070a0f49030 geom=2898x1848 box=0,1826-2898,1848 backend=other fn=0x6d7991fe24 fn_offset=0x30de24 fbase=0x6d79612000 sym=unknown so=/data/app/~~iNwcSjv3C2CZCLwcLxpEtA==/com.termux.x11-1tus8NhfW98goVF914TrYw==/base.apk!/lib/arm64-v8a/libXlorie.so
04-17 08:24:22.574 I/LorieNative( 8207): ExaTrace: putImage accel count=40064 drawableType=0 drawableId=0x600037 geom=2898x1848 size=2912x22 format=2 depth=24
04-17 08:24:22.575 I/LorieNative( 8207): DamageTraceV2: PutImage count=39680 drawableType=WINDOW screenPixmap=0 drawable=0xb4000070a0f49030 geom=2898x1848 box=0,1386-2898,1408 backend=other fn=0x6d7991fe24 fn_offset=0x30de24 fbase=0x6d79612000 sym=unknown so=/data/app/~~iNwcSjv3C2CZCLwcLxpEtA==/com.termux.x11-1tus8NhfW98goVF914TrYw==/base.apk!/lib/arm64-v8a/libXlorie.so
04-17 08:24:22.622 I/LorieNative( 8207): DamageTraceV2: PutImage count=39744 drawableType=WINDOW screenPixmap=0 drawable=0xb4000070a0f49030 geom=2898x1848 box=0,946-2898,968 backend=other fn=0x6d7991fe24 fn_offset=0x30de24 fbase=0x6d79612000 sym=unknown so=/data/app/~~iNwcSjv3C2CZCLwcLxpEtA==/com.termux.x11-1tus8NhfW98goVF914TrYw==/base.apk!/lib/arm64-v8a/libXlorie.so
04-17 08:24:22.660 I/LorieNative( 8207): ExaTrace: putImage accel count=40192 drawableType=0 drawableId=0x600037 geom=2898x1848 size=2912x22 format=2 depth=24
04-17 08:24:22.663 I/LorieNative( 8207): DamageTraceV2: PutImage count=39808 drawableType=WINDOW screenPixmap=0 drawable=0xb4000070a0f49030 geom=2898x1848 box=0,506-2898,528 backend=other fn=0x6d7991fe24 fn_offset=0x30de24 fbase=0x6d79612000 sym=unknown so=/data/app/~~iNwcSjv3C2CZCLwcLxpEtA==/com.termux.x11-1tus8NhfW98goVF914TrYw==/base.apk!/lib/arm64-v8a/libXlorie.so
04-17 08:24:22.701 I/LorieNative( 8207): DamageTraceV2: PutImage count=39872 drawableType=WINDOW screenPixmap=0 drawable=0xb4000070a0f49030 geom=2898x1848 box=0,66-2898,88 backend=other fn=0x6d7991fe24 fn_offset=0x30de24 fbase=0x6d79612000 sym=unknown so=/data/app/~~iNwcSjv3C2CZCLwcLxpEtA==/com.termux.x11-1tus8NhfW98goVF914TrYw==/base.apk!/lib/arm64-v8a/libXlorie.so
04-17 08:24:22.706 I/LorieNative( 8207): ExaTrace: putImage accel count=40320 drawableType=0 drawableId=0x600037 geom=2898x1848 size=2912x22 format=2 depth=24
04-17 08:24:22.707 I/LorieNative( 8207): DamageTraceV2: PutImage count=39936 drawableType=WINDOW screenPixmap=0 drawable=0xb4000070a0f49030 geom=2898x1848 box=0,1474-2898,1496 backend=other fn=0x6d7991fe24 fn_offset=0x30de24 fbase=0x6d79612000 sym=unknown so=/data/app/~~iNwcSjv3C2CZCLwcLxpEtA==/com.termux.x11-1tus8NhfW98goVF914TrYw==/base.apk!/lib/arm64-v8a/libXlorie.so
04-17 08:24:22.742 I/LorieNative( 8207): DamageTraceV2: PutImage count=40000 drawableType=WINDOW screenPixmap=0 drawable=0xb4000070a0f49030 geom=2898x1848 box=0,1034-2898,1056 backend=other fn=0x6d7991fe24 fn_offset=0x30de24 fbase=0x6d79612000 sym=unknown so=/data/app/~~iNwcSjv3C2CZCLwcLxpEtA==/com.termux.x11-1tus8NhfW98goVF914TrYw==/base.apk!/lib/arm64-v8a/libXlorie.so
04-17 08:24:22.774 I/LorieNative( 8207): ExaTrace: putImage accel count=40448 drawableType=0 drawableId=0x600037 geom=2898x1848 size=2912x22 format=2 depth=24
04-17 08:24:22.775 I/LorieNative( 8207): DamageTraceV2: PutImage count=40064 drawableType=WINDOW screenPixmap=0 drawable=0xb4000070a0f49030 geom=2898x1848 box=0,594-2898,616 backend=other fn=0x6d7991fe24 fn_offset=0x30de24 fbase=0x6d79612000 sym=unknown so=/data/app/~~iNwcSjv3C2CZCLwcLxpEtA==/com.termux.x11-1tus8NhfW98goVF914TrYw==/base.apk!/lib/arm64-v8a/libXlorie.so
04-17 08:24:22.806 I/LorieNative( 8207): DamageTraceV2: PutImage count=40128 drawableType=WINDOW screenPixmap=0 drawable=0xb4000070a0f49030 geom=2898x1848 box=0,154-2898,176 backend=other fn=0x6d7991fe24 fn_offset=0x30de24 fbase=0x6d79612000 sym=unknown so=/data/app/~~iNwcSjv3C2CZCLwcLxpEtA==/com.termux.x11-1tus8NhfW98goVF914TrYw==/base.apk!/lib/arm64-v8a/libXlorie.so
04-17 08:24:22.810 I/LorieNative( 8207): ExaTrace: putImage accel count=40576 drawableType=0 drawableId=0x600037 geom=2898x1848 size=2912x22 format=2 depth=24
04-17 08:24:22.812 I/LorieNative( 8207): DamageTraceV2: PutImage count=40192 drawableType=WINDOW screenPixmap=0 drawable=0xb4000070a0f49030 geom=2898x1848 box=0,1562-2898,1584 backend=other fn=0x6d7991fe24 fn_offset=0x30de24 fbase=0x6d79612000 sym=unknown so=/data/app/~~iNwcSjv3C2CZCLwcLxpEtA==/com.termux.x11-1tus8NhfW98goVF914TrYw==/base.apk!/lib/arm64-v8a/libXlorie.so
04-17 08:24:22.843 I/LorieNative( 8207): DamageTraceV2: PutImage count=40256 drawableType=WINDOW screenPixmap=0 drawable=0xb4000070a0f49030 geom=2898x1848 box=0,1122-2898,1144 backend=other fn=0x6d7991fe24 fn_offset=0x30de24 fbase=0x6d79612000 sym=unknown so=/data/app/~~iNwcSjv3C2CZCLwcLxpEtA==/com.termux.x11-1tus8NhfW98goVF914TrYw==/base.apk!/lib/arm64-v8a/libXlorie.so
04-17 08:24:22.877 I/LorieNative( 8207): ExaTrace: putImage accel count=40704 drawableType=0 drawableId=0x600037 geom=2898x1848 size=2912x22 format=2 depth=24
04-17 08:24:22.880 I/LorieNative( 8207): DamageTraceV2: PutImage count=40320 drawableType=WINDOW screenPixmap=0 drawable=0xb4000070a0f49030 geom=2898x1848 box=0,682-2898,704 backend=other fn=0x6d7991fe24 fn_offset=0x30de24 fbase=0x6d79612000 sym=unknown so=/data/app/~~iNwcSjv3C2CZCLwcLxpEtA==/com.termux.x11-1tus8NhfW98goVF914TrYw==/base.apk!/lib/arm64-v8a/libXlorie.so
04-17 08:24:22.917 I/LorieNative( 8207): DamageTraceV2: PutImage count=40384 drawableType=WINDOW screenPixmap=0 drawable=0xb4000070a0f49030 geom=2898x1848 box=0,242-2898,264 backend=other fn=0x6d7991fe24 fn_offset=0x30de24 fbase=0x6d79612000 sym=unknown so=/data/app/~~iNwcSjv3C2CZCLwcLxpEtA==/com.termux.x11-1tus8NhfW98goVF914TrYw==/base.apk!/lib/arm64-v8a/libXlorie.so
04-17 08:24:22.942 I/LorieNative( 8207): ExaTrace: putImage accel count=40832 drawableType=0 drawableId=0x600037 geom=2898x1848 size=2912x22 format=2 depth=24
04-17 08:24:22.944 I/LorieNative( 8207): DamageTraceV2: PutImage count=40448 drawableType=WINDOW screenPixmap=0 drawable=0xb4000070a0f49030 geom=2898x1848 box=0,1650-2898,1672 backend=other fn=0x6d7991fe24 fn_offset=0x30de24 fbase=0x6d79612000 sym=unknown so=/data/app/~~iNwcSjv3C2CZCLwcLxpEtA==/com.termux.x11-1tus8NhfW98goVF914TrYw==/base.apk!/lib/arm64-v8a/libXlorie.so
04-17 08:24:22.984 I/LorieNative( 8207): DamageTraceV2: PutImage count=40512 drawableType=WINDOW screenPixmap=0 drawable=0xb4000070a0f49030 geom=2898x1848 box=0,1210-2898,1232 backend=other fn=0x6d7991fe24 fn_offset=0x30de24 fbase=0x6d79612000 sym=unknown so=/data/app/~~iNwcSjv3C2CZCLwcLxpEtA==/com.termux.x11-1tus8NhfW98goVF914TrYw==/base.apk!/lib/arm64-v8a/libXlorie.so
04-17 08:24:23.022 I/LorieNative( 8207): ExaTrace: putImage accel count=40960 drawableType=0 drawableId=0x600037 geom=2898x1848 size=2912x22 format=2 depth=24
04-17 08:24:23.023 I/LorieNative( 8207): DamageTraceV2: PutImage count=40576 drawableType=WINDOW screenPixmap=0 drawable=0xb4000070a0f49030 geom=2898x1848 box=0,770-2898,792 backend=other fn=0x6d7991fe24 fn_offset=0x30de24 fbase=0x6d79612000 sym=unknown so=/data/app/~~iNwcSjv3C2CZCLwcLxpEtA==/com.termux.x11-1tus8NhfW98goVF914TrYw==/base.apk!/lib/arm64-v8a/libXlorie.so
04-17 08:24:23.036 I/RLT     ( 1866): +575929ms [THREAD] Choreographer->main op=doFrame frame=5040 | thread=main
04-17 08:24:23.038 I/RLT     ( 1866): +575931ms [FRAME] fps=120.0 jank=0 p99=8.3ms heap=24MB periodic corr=frames-73d6 | thread=main
04-17 08:24:23.052 I/LorieNative( 8207): DamageTraceV2: PutImage count=40640 drawableType=WINDOW screenPixmap=0 drawable=0xb4000070a0f49030 geom=2898x1848 box=0,330-2898,352 backend=other fn=0x6d7991fe24 fn_offset=0x30de24 fbase=0x6d79612000 sym=unknown so=/data/app/~~iNwcSjv3C2CZCLwcLxpEtA==/com.termux.x11-1tus8NhfW98goVF914TrYw==/base.apk!/lib/arm64-v8a/libXlorie.so
04-17 08:24:23.058 I/LorieNative( 8207): ExaTrace: putImage accel count=41088 drawableType=0 drawableId=0x600037 geom=2898x1848 size=2912x22 format=2 depth=24
04-17 08:24:23.059 I/LorieNative( 8207): DamageTraceV2: PutImage count=40704 drawableType=WINDOW screenPixmap=0 drawable=0xb4000070a0f49030 geom=2898x1848 box=0,1738-2898,1760 backend=other fn=0x6d7991fe24 fn_offset=0x30de24 fbase=0x6d79612000 sym=unknown so=/data/app/~~iNwcSjv3C2CZCLwcLxpEtA==/com.termux.x11-1tus8NhfW98goVF914TrYw==/base.apk!/lib/arm64-v8a/libXlorie.so
04-17 08:24:23.091 I/LorieNative( 8207): DamageTraceV2: PutImage count=40768 drawableType=WINDOW screenPixmap=0 drawable=0xb4000070a0f49030 geom=2898x1848 box=0,1298-2898,1320 backend=other fn=0x6d7991fe24 fn_offset=0x30de24 fbase=0x6d79612000 sym=unknown so=/data/app/~~iNwcSjv3C2CZCLwcLxpEtA==/com.termux.x11-1tus8NhfW98goVF914TrYw==/base.apk!/lib/arm64-v8a/libXlorie.so
04-17 08:24:23.119 I/LorieNative( 8207): ExaTrace: putImage accel count=41216 drawableType=0 drawableId=0x600037 geom=2898x1848 size=2912x22 format=2 depth=24
04-17 08:24:23.120 I/LorieNative( 8207): DamageTraceV2: PutImage count=40832 drawableType=WINDOW screenPixmap=0 drawable=0xb4000070a0f49030 geom=2898x1848 box=0,858-2898,880 backend=other fn=0x6d7991fe24 fn_offset=0x30de24 fbase=0x6d79612000 sym=unknown so=/data/app/~~iNwcSjv3C2CZCLwcLxpEtA==/com.termux.x11-1tus8NhfW98goVF914TrYw==/base.apk!/lib/arm64-v8a/libXlorie.so
04-17 08:24:23.149 I/LorieNative( 8207): DamageTraceV2: PutImage count=40896 drawableType=WINDOW screenPixmap=0 drawable=0xb4000070a0f49030 geom=2898x1848 box=0,418-2898,440 backend=other fn=0x6d7991fe24 fn_offset=0x30de24 fbase=0x6d79612000 sym=unknown so=/data/app/~~iNwcSjv3C2CZCLwcLxpEtA==/com.termux.x11-1tus8NhfW98goVF914TrYw==/base.apk!/lib/arm64-v8a/libXlorie.so
04-17 08:24:23.152 I/LorieNative( 8207): ExaTrace: putImage accel count=41344 drawableType=0 drawableId=0x600037 geom=2898x1848 size=2912x22 format=2 depth=24
04-17 08:24:23.154 I/LorieNative( 8207): DamageTraceV2: PutImage count=40960 drawableType=WINDOW screenPixmap=0 drawable=0xb4000070a0f49030 geom=2898x1848 box=0,1826-2898,1848 backend=other fn=0x6d7991fe24 fn_offset=0x30de24 fbase=0x6d79612000 sym=unknown so=/data/app/~~iNwcSjv3C2CZCLwcLxpEtA==/com.termux.x11-1tus8NhfW98goVF914TrYw==/base.apk!/lib/arm64-v8a/libXlorie.so
04-17 08:24:23.184 I/LorieNative( 8207): DamageTraceV2: PutImage count=41024 drawableType=WINDOW screenPixmap=0 drawable=0xb4000070a0f49030 geom=2898x1848 box=0,1386-2898,1408 backend=other fn=0x6d7991fe24 fn_offset=0x30de24 fbase=0x6d79612000 sym=unknown so=/data/app/~~iNwcSjv3C2CZCLwcLxpEtA==/com.termux.x11-1tus8NhfW98goVF914TrYw==/base.apk!/lib/arm64-v8a/libXlorie.so
04-17 08:24:23.214 I/LorieNative( 8207): ExaTrace: putImage accel count=41472 drawableType=0 drawableId=0x600037 geom=2898x1848 size=2912x22 format=2 depth=24
04-17 08:24:23.215 I/LorieNative( 8207): DamageTraceV2: PutImage count=41088 drawableType=WINDOW screenPixmap=0 drawable=0xb4000070a0f49030 geom=2898x1848 box=0,946-2898,968 backend=other fn=0x6d7991fe24 fn_offset=0x30de24 fbase=0x6d79612000 sym=unknown so=/data/app/~~iNwcSjv3C2CZCLwcLxpEtA==/com.termux.x11-1tus8NhfW98goVF914TrYw==/base.apk!/lib/arm64-v8a/libXlorie.so
04-17 08:24:23.251 I/LorieNative( 8207): DamageTraceV2: PutImage count=41152 drawableType=WINDOW screenPixmap=0 drawable=0xb4000070a0f49030 geom=2898x1848 box=0,506-2898,528 backend=other fn=0x6d7991fe24 fn_offset=0x30de24 fbase=0x6d79612000 sym=unknown so=/data/app/~~iNwcSjv3C2CZCLwcLxpEtA==/com.termux.x11-1tus8NhfW98goVF914TrYw==/base.apk!/lib/arm64-v8a/libXlorie.so
04-17 08:24:23.260 I/LorieNative( 8207): ExaTrace: putImage accel count=41600 drawableType=0 drawableId=0x600037 geom=2898x1848 size=2912x22 format=2 depth=24
04-17 08:24:23.287 I/LorieNative( 8207): DamageTraceV2: PutImage count=41216 drawableType=WINDOW screenPixmap=0 drawable=0xb4000070a0f49030 geom=2898x1848 box=0,66-2898,88 backend=other fn=0x6d7991fe24 fn_offset=0x30de24 fbase=0x6d79612000 sym=unknown so=/data/app/~~iNwcSjv3C2CZCLwcLxpEtA==/com.termux.x11-1tus8NhfW98goVF914TrYw==/base.apk!/lib/arm64-v8a/libXlorie.so
04-17 08:24:23.293 I/LorieNative( 8207): DamageTraceV2: PutImage count=41280 drawableType=WINDOW screenPixmap=0 drawable=0xb4000070a0f49030 geom=2898x1848 box=0,1474-2898,1496 backend=other fn=0x6d7991fe24 fn_offset=0x30de24 fbase=0x6d79612000 sym=unknown so=/data/app/~~iNwcSjv3C2CZCLwcLxpEtA==/com.termux.x11-1tus8NhfW98goVF914TrYw==/base.apk!/lib/arm64-v8a/libXlorie.so
04-17 08:24:23.339 I/LorieNative( 8207): ExaTrace: putImage accel count=41728 drawableType=0 drawableId=0x600037 geom=2898x1848 size=2912x22 format=2 depth=24
04-17 08:24:23.341 I/LorieNative( 8207): DamageTraceV2: PutImage count=41344 drawableType=WINDOW screenPixmap=0 drawable=0xb4000070a0f49030 geom=2898x1848 box=0,1034-2898,1056 backend=other fn=0x6d7991fe24 fn_offset=0x30de24 fbase=0x6d79612000 sym=unknown so=/data/app/~~iNwcSjv3C2CZCLwcLxpEtA==/com.termux.x11-1tus8NhfW98goVF914TrYw==/base.apk!/lib/arm64-v8a/libXlorie.so
04-17 08:24:23.389 I/LorieNative( 8207): DamageTraceV2: PutImage count=41408 drawableType=WINDOW screenPixmap=0 drawable=0xb4000070a0f49030 geom=2898x1848 box=0,594-2898,616 backend=other fn=0x6d7991fe24 fn_offset=0x30de24 fbase=0x6d79612000 sym=unknown so=/data/app/~~iNwcSjv3C2CZCLwcLxpEtA==/com.termux.x11-1tus8NhfW98goVF914TrYw==/base.apk!/lib/arm64-v8a/libXlorie.so
04-17 08:24:23.430 I/LorieNative( 8207): ExaTrace: putImage accel count=41856 drawableType=0 drawableId=0x600037 geom=2898x1848 size=2912x22 format=2 depth=24
04-17 08:24:23.431 I/LorieNative( 8207): DamageTraceV2: PutImage count=41472 drawableType=WINDOW screenPixmap=0 drawable=0xb4000070a0f49030 geom=2898x1848 box=0,154-2898,176 backend=other fn=0x6d7991fe24 fn_offset=0x30de24 fbase=0x6d79612000 sym=unknown so=/data/app/~~iNwcSjv3C2CZCLwcLxpEtA==/com.termux.x11-1tus8NhfW98goVF914TrYw==/base.apk!/lib/arm64-v8a/libXlorie.so
04-17 08:24:23.438 I/LorieNative( 8207): DamageTraceV2: PutImage count=41536 drawableType=WINDOW screenPixmap=0 drawable=0xb4000070a0f49030 geom=2898x1848 box=0,1562-2898,1584 backend=other fn=0x6d7991fe24 fn_offset=0x30de24 fbase=0x6d79612000 sym=unknown so=/data/app/~~iNwcSjv3C2CZCLwcLxpEtA==/com.termux.x11-1tus8NhfW98goVF914TrYw==/base.apk!/lib/arm64-v8a/libXlorie.so
04-17 08:24:23.480 I/LorieNative( 8207): ExaTrace: putImage accel count=41984 drawableType=0 drawableId=0x600037 geom=2898x1848 size=2912x22 format=2 depth=24
04-17 08:24:23.482 I/LorieNative( 8207): DamageTraceV2: PutImage count=41600 drawableType=WINDOW screenPixmap=0 drawable=0xb4000070a0f49030 geom=2898x1848 box=0,1122-2898,1144 backend=other fn=0x6d7991fe24 fn_offset=0x30de24 fbase=0x6d79612000 sym=unknown so=/data/app/~~iNwcSjv3C2CZCLwcLxpEtA==/com.termux.x11-1tus8NhfW98goVF914TrYw==/base.apk!/lib/arm64-v8a/libXlorie.so
04-17 08:24:23.528 I/LorieNative( 8207): DamageTraceV2: PutImage count=41664 drawableType=WINDOW screenPixmap=0 drawable=0xb4000070a0f49030 geom=2898x1848 box=0,682-2898,704 backend=other fn=0x6d7991fe24 fn_offset=0x30de24 fbase=0x6d79612000 sym=unknown so=/data/app/~~iNwcSjv3C2CZCLwcLxpEtA==/com.termux.x11-1tus8NhfW98goVF914TrYw==/base.apk!/lib/arm64-v8a/libXlorie.so
04-17 08:24:23.575 I/LorieNative( 8207): ExaTrace: putImage accel count=42112 drawableType=0 drawableId=0x600037 geom=2898x1848 size=2912x22 format=2 depth=24
04-17 08:24:23.577 I/LorieNative( 8207): DamageTraceV2: PutImage count=41728 drawableType=WINDOW screenPixmap=0 drawable=0xb4000070a0f49030 geom=2898x1848 box=0,242-2898,264 backend=other fn=0x6d7991fe24 fn_offset=0x30de24 fbase=0x6d79612000 sym=unknown so=/data/app/~~iNwcSjv3C2CZCLwcLxpEtA==/com.termux.x11-1tus8NhfW98goVF914TrYw==/base.apk!/lib/arm64-v8a/libXlorie.so
04-17 08:24:23.594 I/LorieNative( 8207): DamageTraceV2: PutImage count=41792 drawableType=WINDOW screenPixmap=0 drawable=0xb4000070a0f49030 geom=2898x1848 box=0,1650-2898,1672 backend=other fn=0x6d7991fe24 fn_offset=0x30de24 fbase=0x6d79612000 sym=unknown so=/data/app/~~iNwcSjv3C2CZCLwcLxpEtA==/com.termux.x11-1tus8NhfW98goVF914TrYw==/base.apk!/lib/arm64-v8a/libXlorie.so
04-17 08:24:23.640 I/LorieNative( 8207): ExaTrace: putImage accel count=42240 drawableType=0 drawableId=0x600037 geom=2898x1848 size=2912x22 format=2 depth=24
04-17 08:24:23.641 I/LorieNative( 8207): DamageTraceV2: PutImage count=41856 drawableType=WINDOW screenPixmap=0 drawable=0xb4000070a0f49030 geom=2898x1848 box=0,1210-2898,1232 backend=other fn=0x6d7991fe24 fn_offset=0x30de24 fbase=0x6d79612000 sym=unknown so=/data/app/~~iNwcSjv3C2CZCLwcLxpEtA==/com.termux.x11-1tus8NhfW98goVF914TrYw==/base.apk!/lib/arm64-v8a/libXlorie.so
04-17 08:24:23.675 I/LorieNative( 8207): DamageTraceV2: PutImage count=41920 drawableType=WINDOW screenPixmap=0 drawable=0xb4000070a0f49030 geom=2898x1848 box=0,770-2898,792 backend=other fn=0x6d7991fe24 fn_offset=0x30de24 fbase=0x6d79612000 sym=unknown so=/data/app/~~iNwcSjv3C2CZCLwcLxpEtA==/com.termux.x11-1tus8NhfW98goVF914TrYw==/base.apk!/lib/arm64-v8a/libXlorie.so
04-17 08:24:23.713 I/LorieNative( 8207): ExaTrace: putImage accel count=42368 drawableType=0 drawableId=0x600037 geom=2898x1848 size=2912x22 format=2 depth=24
04-17 08:24:23.715 I/LorieNative( 8207): DamageTraceV2: PutImage count=41984 drawableType=WINDOW screenPixmap=0 drawable=0xb4000070a0f49030 geom=2898x1848 box=0,330-2898,352 backend=other fn=0x6d7991fe24 fn_offset=0x30de24 fbase=0x6d79612000 sym=unknown so=/data/app/~~iNwcSjv3C2CZCLwcLxpEtA==/com.termux.x11-1tus8NhfW98goVF914TrYw==/base.apk!/lib/arm64-v8a/libXlorie.so
04-17 08:24:23.734 I/LorieNative( 8207): DamageTraceV2: PutImage count=42048 drawableType=WINDOW screenPixmap=0 drawable=0xb4000070a0f49030 geom=2898x1848 box=0,1738-2898,1760 backend=other fn=0x6d7991fe24 fn_offset=0x30de24 fbase=0x6d79612000 sym=unknown so=/data/app/~~iNwcSjv3C2CZCLwcLxpEtA==/com.termux.x11-1tus8NhfW98goVF914TrYw==/base.apk!/lib/arm64-v8a/libXlorie.so
04-17 08:24:23.785 I/LorieNative( 8207): ExaTrace: putImage accel count=42496 drawableType=0 drawableId=0x600037 geom=2898x1848 size=2912x22 format=2 depth=24
04-17 08:24:23.789 I/LorieNative( 8207): DamageTraceV2: PutImage count=42112 drawableType=WINDOW screenPixmap=0 drawable=0xb4000070a0f49030 geom=2898x1848 box=0,1298-2898,1320 backend=other fn=0x6d7991fe24 fn_offset=0x30de24 fbase=0x6d79612000 sym=unknown so=/data/app/~~iNwcSjv3C2CZCLwcLxpEtA==/com.termux.x11-1tus8NhfW98goVF914TrYw==/base.apk!/lib/arm64-v8a/libXlorie.so
04-17 08:24:23.835 I/LorieNative( 8207): DamageTraceV2: PutImage count=42176 drawableType=WINDOW screenPixmap=0 drawable=0xb4000070a0f49030 geom=2898x1848 box=0,858-2898,880 backend=other fn=0x6d7991fe24 fn_offset=0x30de24 fbase=0x6d79612000 sym=unknown so=/data/app/~~iNwcSjv3C2CZCLwcLxpEtA==/com.termux.x11-1tus8NhfW98goVF914TrYw==/base.apk!/lib/arm64-v8a/libXlorie.so
04-17 08:24:23.881 I/LorieNative( 8207): ExaTrace: putImage accel count=42624 drawableType=0 drawableId=0x600037 geom=2898x1848 size=2912x22 format=2 depth=24
04-17 08:24:23.882 I/LorieNative( 8207): DamageTraceV2: PutImage count=42240 drawableType=WINDOW screenPixmap=0 drawable=0xb4000070a0f49030 geom=2898x1848 box=0,418-2898,440 backend=other fn=0x6d7991fe24 fn_offset=0x30de24 fbase=0x6d79612000 sym=unknown so=/data/app/~~iNwcSjv3C2CZCLwcLxpEtA==/com.termux.x11-1tus8NhfW98goVF914TrYw==/base.apk!/lib/arm64-v8a/libXlorie.so
04-17 08:24:23.896 I/LorieNative( 8207): DamageTraceV2: PutImage count=42304 drawableType=WINDOW screenPixmap=0 drawable=0xb4000070a0f49030 geom=2898x1848 box=0,1826-2898,1848 backend=other fn=0x6d7991fe24 fn_offset=0x30de24 fbase=0x6d79612000 sym=unknown so=/data/app/~~iNwcSjv3C2CZCLwcLxpEtA==/com.termux.x11-1tus8NhfW98goVF914TrYw==/base.apk!/lib/arm64-v8a/libXlorie.so
04-17 08:24:23.939 I/LorieNative( 8207): ExaTrace: putImage accel count=42752 drawableType=0 drawableId=0x600037 geom=2898x1848 size=2912x22 format=2 depth=24
04-17 08:24:23.941 I/LorieNative( 8207): DamageTraceV2: PutImage count=42368 drawableType=WINDOW screenPixmap=0 drawable=0xb4000070a0f49030 geom=2898x1848 box=0,1386-2898,1408 backend=other fn=0x6d7991fe24 fn_offset=0x30de24 fbase=0x6d79612000 sym=unknown so=/data/app/~~iNwcSjv3C2CZCLwcLxpEtA==/com.termux.x11-1tus8NhfW98goVF914TrYw==/base.apk!/lib/arm64-v8a/libXlorie.so
04-17 08:24:23.990 I/LorieNative( 8207): DamageTraceV2: PutImage count=42432 drawableType=WINDOW screenPixmap=0 drawable=0xb4000070a0f49030 geom=2898x1848 box=0,946-2898,968 backend=other fn=0x6d7991fe24 fn_offset=0x30de24 fbase=0x6d79612000 sym=unknown so=/data/app/~~iNwcSjv3C2CZCLwcLxpEtA==/com.termux.x11-1tus8NhfW98goVF914TrYw==/base.apk!/lib/arm64-v8a/libXlorie.so
04-17 08:24:24.033 I/LorieNative( 8207): ExaTrace: putImage accel count=42880 drawableType=0 drawableId=0x600037 geom=2898x1848 size=2912x22 format=2 depth=24
04-17 08:24:24.035 I/LorieNative( 8207): DamageTraceV2: PutImage count=42496 drawableType=WINDOW screenPixmap=0 drawable=0xb4000070a0f49030 geom=2898x1848 box=0,506-2898,528 backend=other fn=0x6d7991fe24 fn_offset=0x30de24 fbase=0x6d79612000 sym=unknown so=/data/app/~~iNwcSjv3C2CZCLwcLxpEtA==/com.termux.x11-1tus8NhfW98goVF914TrYw==/base.apk!/lib/arm64-v8a/libXlorie.so
04-17 08:24:24.036 I/RLT     ( 1866): +576929ms [THREAD] Choreographer->main op=doFrame frame=5160 | thread=main
04-17 08:24:24.037 I/RLT     ( 1866): +576929ms [FRAME] fps=120.0 jank=0 p99=8.3ms heap=24MB periodic corr=frames-73d6 | thread=main
04-17 08:24:24.075 I/LorieNative( 8207): DamageTraceV2: PutImage count=42560 drawableType=WINDOW screenPixmap=0 drawable=0xb4000070a0f49030 geom=2898x1848 box=0,66-2898,88 backend=other fn=0x6d7991fe24 fn_offset=0x30de24 fbase=0x6d79612000 sym=unknown so=/data/app/~~iNwcSjv3C2CZCLwcLxpEtA==/com.termux.x11-1tus8NhfW98goVF914TrYw==/base.apk!/lib/arm64-v8a/libXlorie.so
04-17 08:24:24.090 I/LorieNative( 8207): ExaTrace: putImage accel count=43008 drawableType=0 drawableId=0x600037 geom=2898x1848 size=2912x22 format=2 depth=24
04-17 08:24:24.093 I/LorieNative( 8207): DamageTraceV2: PutImage count=42624 drawableType=WINDOW screenPixmap=0 drawable=0xb4000070a0f49030 geom=2898x1848 box=0,1474-2898,1496 backend=other fn=0x6d7991fe24 fn_offset=0x30de24 fbase=0x6d79612000 sym=unknown so=/data/app/~~iNwcSjv3C2CZCLwcLxpEtA==/com.termux.x11-1tus8NhfW98goVF914TrYw==/base.apk!/lib/arm64-v8a/libXlorie.so
04-17 08:24:24.136 I/LorieNative( 8207): DamageTraceV2: PutImage count=42688 drawableType=WINDOW screenPixmap=0 drawable=0xb4000070a0f49030 geom=2898x1848 box=0,1034-2898,1056 backend=other fn=0x6d7991fe24 fn_offset=0x30de24 fbase=0x6d79612000 sym=unknown so=/data/app/~~iNwcSjv3C2CZCLwcLxpEtA==/com.termux.x11-1tus8NhfW98goVF914TrYw==/base.apk!/lib/arm64-v8a/libXlorie.so
04-17 08:24:24.175 I/LorieNative( 8207): ExaTrace: putImage accel count=43136 drawableType=0 drawableId=0x600037 geom=2898x1848 size=2912x22 format=2 depth=24
04-17 08:24:24.177 I/LorieNative( 8207): DamageTraceV2: PutImage count=42752 drawableType=WINDOW screenPixmap=0 drawable=0xb4000070a0f49030 geom=2898x1848 box=0,594-2898,616 backend=other fn=0x6d7991fe24 fn_offset=0x30de24 fbase=0x6d79612000 sym=unknown so=/data/app/~~iNwcSjv3C2CZCLwcLxpEtA==/com.termux.x11-1tus8NhfW98goVF914TrYw==/base.apk!/lib/arm64-v8a/libXlorie.so
04-17 08:24:24.235 I/LorieNative( 8207): DamageTraceV2: PutImage count=42816 drawableType=WINDOW screenPixmap=0 drawable=0xb4000070a0f49030 geom=2898x1848 box=0,154-2898,176 backend=other fn=0x6d7991fe24 fn_offset=0x30de24 fbase=0x6d79612000 sym=unknown so=/data/app/~~iNwcSjv3C2CZCLwcLxpEtA==/com.termux.x11-1tus8NhfW98goVF914TrYw==/base.apk!/lib/arm64-v8a/libXlorie.so
04-17 08:24:24.248 I/LorieNative( 8207): ExaTrace: putImage accel count=43264 drawableType=0 drawableId=0x600037 geom=2898x1848 size=2912x22 format=2 depth=24
04-17 08:24:24.251 I/LorieNative( 8207): DamageTraceV2: PutImage count=42880 drawableType=WINDOW screenPixmap=0 drawable=0xb4000070a0f49030 geom=2898x1848 box=0,1562-2898,1584 backend=other fn=0x6d7991fe24 fn_offset=0x30de24 fbase=0x6d79612000 sym=unknown so=/data/app/~~iNwcSjv3C2CZCLwcLxpEtA==/com.termux.x11-1tus8NhfW98goVF914TrYw==/base.apk!/lib/arm64-v8a/libXlorie.so
04-17 08:24:24.295 I/LorieNative( 8207): DamageTraceV2: PutImage count=42944 drawableType=WINDOW screenPixmap=0 drawable=0xb4000070a0f49030 geom=2898x1848 box=0,1122-2898,1144 backend=other fn=0x6d7991fe24 fn_offset=0x30de24 fbase=0x6d79612000 sym=unknown so=/data/app/~~iNwcSjv3C2CZCLwcLxpEtA==/com.termux.x11-1tus8NhfW98goVF914TrYw==/base.apk!/lib/arm64-v8a/libXlorie.so
04-17 08:24:24.343 I/LorieNative( 8207): ExaTrace: putImage accel count=43392 drawableType=0 drawableId=0x600037 geom=2898x1848 size=2912x22 format=2 depth=24
04-17 08:24:24.347 I/LorieNative( 8207): DamageTraceV2: PutImage count=43008 drawableType=WINDOW screenPixmap=0 drawable=0xb4000070a0f49030 geom=2898x1848 box=0,682-2898,704 backend=other fn=0x6d7991fe24 fn_offset=0x30de24 fbase=0x6d79612000 sym=unknown so=/data/app/~~iNwcSjv3C2CZCLwcLxpEtA==/com.termux.x11-1tus8NhfW98goVF914TrYw==/base.apk!/lib/arm64-v8a/libXlorie.so
04-17 08:24:24.394 I/LorieNative( 8207): DamageTraceV2: PutImage count=43072 drawableType=WINDOW screenPixmap=0 drawable=0xb4000070a0f49030 geom=2898x1848 box=0,242-2898,264 backend=other fn=0x6d7991fe24 fn_offset=0x30de24 fbase=0x6d79612000 sym=unknown so=/data/app/~~iNwcSjv3C2CZCLwcLxpEtA==/com.termux.x11-1tus8NhfW98goVF914TrYw==/base.apk!/lib/arm64-v8a/libXlorie.so
04-17 08:24:24.417 I/LorieNative( 8207): ExaTrace: putImage accel count=43520 drawableType=0 drawableId=0x600037 geom=2898x1848 size=2912x22 format=2 depth=24
04-17 08:24:24.419 I/LorieNative( 8207): DamageTraceV2: PutImage count=43136 drawableType=WINDOW screenPixmap=0 drawable=0xb4000070a0f49030 geom=2898x1848 box=0,1650-2898,1672 backend=other fn=0x6d7991fe24 fn_offset=0x30de24 fbase=0x6d79612000 sym=unknown so=/data/app/~~iNwcSjv3C2CZCLwcLxpEtA==/com.termux.x11-1tus8NhfW98goVF914TrYw==/base.apk!/lib/arm64-v8a/libXlorie.so
04-17 08:24:24.465 I/LorieNative( 8207): DamageTraceV2: PutImage count=43200 drawableType=WINDOW screenPixmap=0 drawable=0xb4000070a0f49030 geom=2898x1848 box=0,1210-2898,1232 backend=other fn=0x6d7991fe24 fn_offset=0x30de24 fbase=0x6d79612000 sym=unknown so=/data/app/~~iNwcSjv3C2CZCLwcLxpEtA==/com.termux.x11-1tus8NhfW98goVF914TrYw==/base.apk!/lib/arm64-v8a/libXlorie.so
04-17 08:24:24.507 I/LorieNative( 8207): ExaTrace: putImage accel count=43648 drawableType=0 drawableId=0x600037 geom=2898x1848 size=2912x22 format=2 depth=24
04-17 08:24:24.509 I/LorieNative( 8207): DamageTraceV2: PutImage count=43264 drawableType=WINDOW screenPixmap=0 drawable=0xb4000070a0f49030 geom=2898x1848 box=0,770-2898,792 backend=other fn=0x6d7991fe24 fn_offset=0x30de24 fbase=0x6d79612000 sym=unknown so=/data/app/~~iNwcSjv3C2CZCLwcLxpEtA==/com.termux.x11-1tus8NhfW98goVF914TrYw==/base.apk!/lib/arm64-v8a/libXlorie.so
04-17 08:24:24.556 I/LorieNative( 8207): DamageTraceV2: PutImage count=43328 drawableType=WINDOW screenPixmap=0 drawable=0xb4000070a0f49030 geom=2898x1848 box=0,330-2898,352 backend=other fn=0x6d7991fe24 fn_offset=0x30de24 fbase=0x6d79612000 sym=unknown so=/data/app/~~iNwcSjv3C2CZCLwcLxpEtA==/com.termux.x11-1tus8NhfW98goVF914TrYw==/base.apk!/lib/arm64-v8a/libXlorie.so
04-17 08:24:24.571 I/LorieNative( 8207): ExaTrace: putImage accel count=43776 drawableType=0 drawableId=0x600037 geom=2898x1848 size=2912x22 format=2 depth=24
04-17 08:24:24.573 I/LorieNative( 8207): DamageTraceV2: PutImage count=43392 drawableType=WINDOW screenPixmap=0 drawable=0xb4000070a0f49030 geom=2898x1848 box=0,1738-2898,1760 backend=other fn=0x6d7991fe24 fn_offset=0x30de24 fbase=0x6d79612000 sym=unknown so=/data/app/~~iNwcSjv3C2CZCLwcLxpEtA==/com.termux.x11-1tus8NhfW98goVF914TrYw==/base.apk!/lib/arm64-v8a/libXlorie.so
04-17 08:24:24.616 I/LorieNative( 8207): DamageTraceV2: PutImage count=43456 drawableType=WINDOW screenPixmap=0 drawable=0xb4000070a0f49030 geom=2898x1848 box=0,1298-2898,1320 backend=other fn=0x6d7991fe24 fn_offset=0x30de24 fbase=0x6d79612000 sym=unknown so=/data/app/~~iNwcSjv3C2CZCLwcLxpEtA==/com.termux.x11-1tus8NhfW98goVF914TrYw==/base.apk!/lib/arm64-v8a/libXlorie.so
04-17 08:24:24.669 I/LorieNative( 8207): ExaTrace: putImage accel count=43904 drawableType=0 drawableId=0x600037 geom=2898x1848 size=2912x22 format=2 depth=24
04-17 08:24:24.671 I/LorieNative( 8207): DamageTraceV2: PutImage count=43520 drawableType=WINDOW screenPixmap=0 drawable=0xb4000070a0f49030 geom=2898x1848 box=0,858-2898,880 backend=other fn=0x6d7991fe24 fn_offset=0x30de24 fbase=0x6d79612000 sym=unknown so=/data/app/~~iNwcSjv3C2CZCLwcLxpEtA==/com.termux.x11-1tus8NhfW98goVF914TrYw==/base.apk!/lib/arm64-v8a/libXlorie.so
04-17 08:24:24.725 I/LorieNative( 8207): DamageTraceV2: PutImage count=43584 drawableType=WINDOW screenPixmap=0 drawable=0xb4000070a0f49030 geom=2898x1848 box=0,418-2898,440 backend=other fn=0x6d7991fe24 fn_offset=0x30de24 fbase=0x6d79612000 sym=unknown so=/data/app/~~iNwcSjv3C2CZCLwcLxpEtA==/com.termux.x11-1tus8NhfW98goVF914TrYw==/base.apk!/lib/arm64-v8a/libXlorie.so
04-17 08:24:24.740 I/LorieNative( 8207): ExaTrace: putImage accel count=44032 drawableType=0 drawableId=0x600037 geom=2898x1848 size=2912x22 format=2 depth=24
04-17 08:24:24.744 I/LorieNative( 8207): DamageTraceV2: PutImage count=43648 drawableType=WINDOW screenPixmap=0 drawable=0xb4000070a0f49030 geom=2898x1848 box=0,1826-2898,1848 backend=other fn=0x6d7991fe24 fn_offset=0x30de24 fbase=0x6d79612000 sym=unknown so=/data/app/~~iNwcSjv3C2CZCLwcLxpEtA==/com.termux.x11-1tus8NhfW98goVF914TrYw==/base.apk!/lib/arm64-v8a/libXlorie.so
04-17 08:24:24.789 I/LorieNative( 8207): DamageTraceV2: PutImage count=43712 drawableType=WINDOW screenPixmap=0 drawable=0xb4000070a0f49030 geom=2898x1848 box=0,1386-2898,1408 backend=other fn=0x6d7991fe24 fn_offset=0x30de24 fbase=0x6d79612000 sym=unknown so=/data/app/~~iNwcSjv3C2CZCLwcLxpEtA==/com.termux.x11-1tus8NhfW98goVF914TrYw==/base.apk!/lib/arm64-v8a/libXlorie.so
04-17 08:24:24.825 I/LorieNative( 8207): ExaTrace: putImage accel count=44160 drawableType=0 drawableId=0x600037 geom=2898x1848 size=2912x22 format=2 depth=24
04-17 08:24:24.827 I/LorieNative( 8207): DamageTraceV2: PutImage count=43776 drawableType=WINDOW screenPixmap=0 drawable=0xb4000070a0f49030 geom=2898x1848 box=0,946-2898,968 backend=other fn=0x6d7991fe24 fn_offset=0x30de24 fbase=0x6d79612000 sym=unknown so=/data/app/~~iNwcSjv3C2CZCLwcLxpEtA==/com.termux.x11-1tus8NhfW98goVF914TrYw==/base.apk!/lib/arm64-v8a/libXlorie.so
04-17 08:24:24.866 I/LorieNative( 8207): DamageTraceV2: PutImage count=43840 drawableType=WINDOW screenPixmap=0 drawable=0xb4000070a0f49030 geom=2898x1848 box=0,506-2898,528 backend=other fn=0x6d7991fe24 fn_offset=0x30de24 fbase=0x6d79612000 sym=unknown so=/data/app/~~iNwcSjv3C2CZCLwcLxpEtA==/com.termux.x11-1tus8NhfW98goVF914TrYw==/base.apk!/lib/arm64-v8a/libXlorie.so
04-17 08:24:24.887 I/LorieNative( 8207): ExaTrace: putImage accel count=44288 drawableType=0 drawableId=0x600037 geom=2898x1848 size=2912x22 format=2 depth=24
04-17 08:24:24.914 I/LorieNative( 8207): DamageTraceV2: PutImage count=43904 drawableType=WINDOW screenPixmap=0 drawable=0xb4000070a0f49030 geom=2898x1848 box=0,66-2898,88 backend=other fn=0x6d7991fe24 fn_offset=0x30de24 fbase=0x6d79612000 sym=unknown so=/data/app/~~iNwcSjv3C2CZCLwcLxpEtA==/com.termux.x11-1tus8NhfW98goVF914TrYw==/base.apk!/lib/arm64-v8a/libXlorie.so
04-17 08:24:24.939 I/LorieNative( 8207): DamageTraceV2: PutImage count=43968 drawableType=WINDOW screenPixmap=0 drawable=0xb4000070a0f49030 geom=2898x1848 box=0,1474-2898,1496 backend=other fn=0x6d7991fe24 fn_offset=0x30de24 fbase=0x6d79612000 sym=unknown so=/data/app/~~iNwcSjv3C2CZCLwcLxpEtA==/com.termux.x11-1tus8NhfW98goVF914TrYw==/base.apk!/lib/arm64-v8a/libXlorie.so
04-17 08:24:24.986 I/LorieNative( 8207): ExaTrace: putImage accel count=44416 drawableType=0 drawableId=0x600037 geom=2898x1848 size=2912x22 format=2 depth=24
04-17 08:24:24.989 I/LorieNative( 8207): DamageTraceV2: PutImage count=44032 drawableType=WINDOW screenPixmap=0 drawable=0xb4000070a0f49030 geom=2898x1848 box=0,1034-2898,1056 backend=other fn=0x6d7991fe24 fn_offset=0x30de24 fbase=0x6d79612000 sym=unknown so=/data/app/~~iNwcSjv3C2CZCLwcLxpEtA==/com.termux.x11-1tus8NhfW98goVF914TrYw==/base.apk!/lib/arm64-v8a/libXlorie.so
04-17 08:24:25.033 I/LorieNative( 8207): DamageTraceV2: PutImage count=44096 drawableType=WINDOW screenPixmap=0 drawable=0xb4000070a0f49030 geom=2898x1848 box=0,594-2898,616 backend=other fn=0x6d7991fe24 fn_offset=0x30de24 fbase=0x6d79612000 sym=unknown so=/data/app/~~iNwcSjv3C2CZCLwcLxpEtA==/com.termux.x11-1tus8NhfW98goVF914TrYw==/base.apk!/lib/arm64-v8a/libXlorie.so
04-17 08:24:25.036 I/RLT     ( 1866): +577929ms [THREAD] Choreographer->main op=doFrame frame=5280 | thread=main
04-17 08:24:25.038 I/RLT     ( 1866): +577930ms [FRAME] fps=120.0 jank=0 p99=8.3ms heap=24MB periodic corr=frames-73d6 | thread=main
04-17 08:24:25.077 I/LorieNative( 8207): ExaTrace: putImage accel count=44544 drawableType=0 drawableId=0x600037 geom=2898x1848 size=2912x22 format=2 depth=24
04-17 08:24:25.080 I/LorieNative( 8207): DamageTraceV2: PutImage count=44160 drawableType=WINDOW screenPixmap=0 drawable=0xb4000070a0f49030 geom=2898x1848 box=0,154-2898,176 backend=other fn=0x6d7991fe24 fn_offset=0x30de24 fbase=0x6d79612000 sym=unknown so=/data/app/~~iNwcSjv3C2CZCLwcLxpEtA==/com.termux.x11-1tus8NhfW98goVF914TrYw==/base.apk!/lib/arm64-v8a/libXlorie.so
04-17 08:24:25.103 I/LorieNative( 8207): DamageTraceV2: PutImage count=44224 drawableType=WINDOW screenPixmap=0 drawable=0xb4000070a0f49030 geom=2898x1848 box=0,1562-2898,1584 backend=other fn=0x6d7991fe24 fn_offset=0x30de24 fbase=0x6d79612000 sym=unknown so=/data/app/~~iNwcSjv3C2CZCLwcLxpEtA==/com.termux.x11-1tus8NhfW98goVF914TrYw==/base.apk!/lib/arm64-v8a/libXlorie.so
04-17 08:24:25.158 I/LorieNative( 8207): ExaTrace: putImage accel count=44672 drawableType=0 drawableId=0x600037 geom=2898x1848 size=2912x22 format=2 depth=24
04-17 08:24:25.160 I/LorieNative( 8207): DamageTraceV2: PutImage count=44288 drawableType=WINDOW screenPixmap=0 drawable=0xb4000070a0f49030 geom=2898x1848 box=0,1122-2898,1144 backend=other fn=0x6d7991fe24 fn_offset=0x30de24 fbase=0x6d79612000 sym=unknown so=/data/app/~~iNwcSjv3C2CZCLwcLxpEtA==/com.termux.x11-1tus8NhfW98goVF914TrYw==/base.apk!/lib/arm64-v8a/libXlorie.so
04-17 08:24:25.200 I/LorieNative( 8207): DamageTraceV2: PutImage count=44352 drawableType=WINDOW screenPixmap=0 drawable=0xb4000070a0f49030 geom=2898x1848 box=0,682-2898,704 backend=other fn=0x6d7991fe24 fn_offset=0x30de24 fbase=0x6d79612000 sym=unknown so=/data/app/~~iNwcSjv3C2CZCLwcLxpEtA==/com.termux.x11-1tus8NhfW98goVF914TrYw==/base.apk!/lib/arm64-v8a/libXlorie.so
04-17 08:24:25.238 I/LorieNative( 8207): ExaTrace: putImage accel count=44800 drawableType=0 drawableId=0x600037 geom=2898x1848 size=2912x22 format=2 depth=24
04-17 08:24:25.239 I/LorieNative( 8207): DamageTraceV2: PutImage count=44416 drawableType=WINDOW screenPixmap=0 drawable=0xb4000070a0f49030 geom=2898x1848 box=0,242-2898,264 backend=other fn=0x6d7991fe24 fn_offset=0x30de24 fbase=0x6d79612000 sym=unknown so=/data/app/~~iNwcSjv3C2CZCLwcLxpEtA==/com.termux.x11-1tus8NhfW98goVF914TrYw==/base.apk!/lib/arm64-v8a/libXlorie.so
04-17 08:24:25.253 I/LorieNative( 8207): DamageTraceV2: PutImage count=44480 drawableType=WINDOW screenPixmap=0 drawable=0xb4000070a0f49030 geom=2898x1848 box=0,1650-2898,1672 backend=other fn=0x6d7991fe24 fn_offset=0x30de24 fbase=0x6d79612000 sym=unknown so=/data/app/~~iNwcSjv3C2CZCLwcLxpEtA==/com.termux.x11-1tus8NhfW98goVF914TrYw==/base.apk!/lib/arm64-v8a/libXlorie.so
04-17 08:24:25.274 I/LorieNative( 8207): choreographer callbacks in 5.0 seconds = 120.0 FPS
04-17 08:24:25.274 I/LorieNative( 8207): redraw wakeups in 5.0 seconds = 120.0 FPS
04-17 08:24:25.274 I/LorieNative( 8207): damage-triggered redraws in 5.0 seconds = 65.0 FPS
04-17 08:24:25.274 I/LorieNative( 8207): AhbLockTrace: sticky=0 lock_calls=325 unlock_calls=325 sticky_hits=8599 flush_skipped=0 in 5.0s
04-17 08:24:25.274 I/LorieNative( 8207): present flip attempts in 5.0 seconds = 0.0 FPS (accepted 0.0, rejected 0.0)
04-17 08:24:25.274 I/LorieNative( 8207): present after-flips in 5.0 seconds = 0.0 FPS
04-17 08:24:25.274 I/LorieNative( 8207): 326 frames in 5.0 seconds = 65.2 FPS
04-17 08:24:25.300 I/LorieNative( 8207): ExaTrace: putImage accel count=44928 drawableType=0 drawableId=0x600037 geom=2898x1848 size=2912x22 format=2 depth=24
04-17 08:24:25.306 I/LorieNative( 8207): DamageTraceV2: PutImage count=44544 drawableType=WINDOW screenPixmap=0 drawable=0xb4000070a0f49030 geom=2898x1848 box=0,1210-2898,1232 backend=other fn=0x6d7991fe24 fn_offset=0x30de24 fbase=0x6d79612000 sym=unknown so=/data/app/~~iNwcSjv3C2CZCLwcLxpEtA==/com.termux.x11-1tus8NhfW98goVF914TrYw==/base.apk!/lib/arm64-v8a/libXlorie.so
04-17 08:24:25.366 I/LorieNative( 8207): DamageTraceV2: PutImage count=44608 drawableType=WINDOW screenPixmap=0 drawable=0xb4000070a0f49030 geom=2898x1848 box=0,770-2898,792 backend=other fn=0x6d7991fe24 fn_offset=0x30de24 fbase=0x6d79612000 sym=unknown so=/data/app/~~iNwcSjv3C2CZCLwcLxpEtA==/com.termux.x11-1tus8NhfW98goVF914TrYw==/base.apk!/lib/arm64-v8a/libXlorie.so
04-17 08:24:25.413 I/LorieNative( 8207): ExaTrace: putImage accel count=45056 drawableType=0 drawableId=0x600037 geom=2898x1848 size=2912x22 format=2 depth=24
04-17 08:24:25.416 I/LorieNative( 8207): DamageTraceV2: PutImage count=44672 drawableType=WINDOW screenPixmap=0 drawable=0xb4000070a0f49030 geom=2898x1848 box=0,330-2898,352 backend=other fn=0x6d7991fe24 fn_offset=0x30de24 fbase=0x6d79612000 sym=unknown so=/data/app/~~iNwcSjv3C2CZCLwcLxpEtA==/com.termux.x11-1tus8NhfW98goVF914TrYw==/base.apk!/lib/arm64-v8a/libXlorie.so
04-17 08:24:25.439 I/LorieNative( 8207): DamageTraceV2: PutImage count=44736 drawableType=WINDOW screenPixmap=0 drawable=0xb4000070a0f49030 geom=2898x1848 box=0,1738-2898,1760 backend=other fn=0x6d7991fe24 fn_offset=0x30de24 fbase=0x6d79612000 sym=unknown so=/data/app/~~iNwcSjv3C2CZCLwcLxpEtA==/com.termux.x11-1tus8NhfW98goVF914TrYw==/base.apk!/lib/arm64-v8a/libXlorie.so
04-17 08:24:25.482 I/LorieNative( 8207): ExaTrace: putImage accel count=45184 drawableType=0 drawableId=0x600037 geom=2898x1848 size=2912x22 format=2 depth=24
04-17 08:24:25.484 I/LorieNative( 8207): DamageTraceV2: PutImage count=44800 drawableType=WINDOW screenPixmap=0 drawable=0xb4000070a0f49030 geom=2898x1848 box=0,1298-2898,1320 backend=other fn=0x6d7991fe24 fn_offset=0x30de24 fbase=0x6d79612000 sym=unknown so=/data/app/~~iNwcSjv3C2CZCLwcLxpEtA==/com.termux.x11-1tus8NhfW98goVF914TrYw==/base.apk!/lib/arm64-v8a/libXlorie.so
04-17 08:24:25.542 I/LorieNative( 8207): DamageTraceV2: PutImage count=44864 drawableType=WINDOW screenPixmap=0 drawable=0xb4000070a0f49030 geom=2898x1848 box=0,858-2898,880 backend=other fn=0x6d7991fe24 fn_offset=0x30de24 fbase=0x6d79612000 sym=unknown so=/data/app/~~iNwcSjv3C2CZCLwcLxpEtA==/com.termux.x11-1tus8NhfW98goVF914TrYw==/base.apk!/lib/arm64-v8a/libXlorie.so
04-17 08:24:25.589 I/LorieNative( 8207): ExaTrace: putImage accel count=45312 drawableType=0 drawableId=0x600037 geom=2898x1848 size=2912x22 format=2 depth=24
04-17 08:24:25.591 I/LorieNative( 8207): DamageTraceV2: PutImage count=44928 drawableType=WINDOW screenPixmap=0 drawable=0xb4000070a0f49030 geom=2898x1848 box=0,418-2898,440 backend=other fn=0x6d7991fe24 fn_offset=0x30de24 fbase=0x6d79612000 sym=unknown so=/data/app/~~iNwcSjv3C2CZCLwcLxpEtA==/com.termux.x11-1tus8NhfW98goVF914TrYw==/base.apk!/lib/arm64-v8a/libXlorie.so
04-17 08:24:25.608 I/LorieNative( 8207): DamageTraceV2: PutImage count=44992 drawableType=WINDOW screenPixmap=0 drawable=0xb4000070a0f49030 geom=2898x1848 box=0,1826-2898,1848 backend=other fn=0x6d7991fe24 fn_offset=0x30de24 fbase=0x6d79612000 sym=unknown so=/data/app/~~iNwcSjv3C2CZCLwcLxpEtA==/com.termux.x11-1tus8NhfW98goVF914TrYw==/base.apk!/lib/arm64-v8a/libXlorie.so
04-17 08:24:25.655 I/LorieNative( 8207): ExaTrace: putImage accel count=45440 drawableType=0 drawableId=0x600037 geom=2898x1848 size=2912x22 format=2 depth=24
04-17 08:24:25.657 I/LorieNative( 8207): DamageTraceV2: PutImage count=45056 drawableType=WINDOW screenPixmap=0 drawable=0xb4000070a0f49030 geom=2898x1848 box=0,1386-2898,1408 backend=other fn=0x6d7991fe24 fn_offset=0x30de24 fbase=0x6d79612000 sym=unknown so=/data/app/~~iNwcSjv3C2CZCLwcLxpEtA==/com.termux.x11-1tus8NhfW98goVF914TrYw==/base.apk!/lib/arm64-v8a/libXlorie.so
04-17 08:24:25.696 I/LorieNative( 8207): DamageTraceV2: PutImage count=45120 drawableType=WINDOW screenPixmap=0 drawable=0xb4000070a0f49030 geom=2898x1848 box=0,946-2898,968 backend=other fn=0x6d7991fe24 fn_offset=0x30de24 fbase=0x6d79612000 sym=unknown so=/data/app/~~iNwcSjv3C2CZCLwcLxpEtA==/com.termux.x11-1tus8NhfW98goVF914TrYw==/base.apk!/lib/arm64-v8a/libXlorie.so
04-17 08:24:25.739 I/LorieNative( 8207): ExaTrace: putImage accel count=45568 drawableType=0 drawableId=0x600037 geom=2898x1848 size=2912x22 format=2 depth=24
04-17 08:24:25.742 I/LorieNative( 8207): DamageTraceV2: PutImage count=45184 drawableType=WINDOW screenPixmap=0 drawable=0xb4000070a0f49030 geom=2898x1848 box=0,506-2898,528 backend=other fn=0x6d7991fe24 fn_offset=0x30de24 fbase=0x6d79612000 sym=unknown so=/data/app/~~iNwcSjv3C2CZCLwcLxpEtA==/com.termux.x11-1tus8NhfW98goVF914TrYw==/base.apk!/lib/arm64-v8a/libXlorie.so
04-17 08:24:25.793 I/LorieNative( 8207): DamageTraceV2: PutImage count=45248 drawableType=WINDOW screenPixmap=0 drawable=0xb4000070a0f49030 geom=2898x1848 box=0,66-2898,88 backend=other fn=0x6d7991fe24 fn_offset=0x30de24 fbase=0x6d79612000 sym=unknown so=/data/app/~~iNwcSjv3C2CZCLwcLxpEtA==/com.termux.x11-1tus8NhfW98goVF914TrYw==/base.apk!/lib/arm64-v8a/libXlorie.so
04-17 08:24:25.810 I/LorieNative( 8207): ExaTrace: putImage accel count=45696 drawableType=0 drawableId=0x600037 geom=2898x1848 size=2912x22 format=2 depth=24
04-17 08:24:25.813 I/LorieNative( 8207): DamageTraceV2: PutImage count=45312 drawableType=WINDOW screenPixmap=0 drawable=0xb4000070a0f49030 geom=2898x1848 box=0,1474-2898,1496 backend=other fn=0x6d7991fe24 fn_offset=0x30de24 fbase=0x6d79612000 sym=unknown so=/data/app/~~iNwcSjv3C2CZCLwcLxpEtA==/com.termux.x11-1tus8NhfW98goVF914TrYw==/base.apk!/lib/arm64-v8a/libXlorie.so
04-17 08:24:25.854 I/LorieNative( 8207): DamageTraceV2: PutImage count=45376 drawableType=WINDOW screenPixmap=0 drawable=0xb4000070a0f49030 geom=2898x1848 box=0,1034-2898,1056 backend=other fn=0x6d7991fe24 fn_offset=0x30de24 fbase=0x6d79612000 sym=unknown so=/data/app/~~iNwcSjv3C2CZCLwcLxpEtA==/com.termux.x11-1tus8NhfW98goVF914TrYw==/base.apk!/lib/arm64-v8a/libXlorie.so
04-17 08:24:25.895 I/LorieNative( 8207): ExaTrace: putImage accel count=45824 drawableType=0 drawableId=0x600037 geom=2898x1848 size=2912x22 format=2 depth=24
04-17 08:24:25.899 I/LorieNative( 8207): DamageTraceV2: PutImage count=45440 drawableType=WINDOW screenPixmap=0 drawable=0xb4000070a0f49030 geom=2898x1848 box=0,594-2898,616 backend=other fn=0x6d7991fe24 fn_offset=0x30de24 fbase=0x6d79612000 sym=unknown so=/data/app/~~iNwcSjv3C2CZCLwcLxpEtA==/com.termux.x11-1tus8NhfW98goVF914TrYw==/base.apk!/lib/arm64-v8a/libXlorie.so
04-17 08:24:25.945 I/LorieNative( 8207): DamageTraceV2: PutImage count=45504 drawableType=WINDOW screenPixmap=0 drawable=0xb4000070a0f49030 geom=2898x1848 box=0,154-2898,176 backend=other fn=0x6d7991fe24 fn_offset=0x30de24 fbase=0x6d79612000 sym=unknown so=/data/app/~~iNwcSjv3C2CZCLwcLxpEtA==/com.termux.x11-1tus8NhfW98goVF914TrYw==/base.apk!/lib/arm64-v8a/libXlorie.so
04-17 08:24:25.963 I/LorieNative( 8207): ExaTrace: putImage accel count=45952 drawableType=0 drawableId=0x600037 geom=2898x1848 size=2912x22 format=2 depth=24
04-17 08:24:25.965 I/LorieNative( 8207): DamageTraceV2: PutImage count=45568 drawableType=WINDOW screenPixmap=0 drawable=0xb4000070a0f49030 geom=2898x1848 box=0,1562-2898,1584 backend=other fn=0x6d7991fe24 fn_offset=0x30de24 fbase=0x6d79612000 sym=unknown so=/data/app/~~iNwcSjv3C2CZCLwcLxpEtA==/com.termux.x11-1tus8NhfW98goVF914TrYw==/base.apk!/lib/arm64-v8a/libXlorie.so
04-17 08:24:26.005 I/LorieNative( 8207): DamageTraceV2: PutImage count=45632 drawableType=WINDOW screenPixmap=0 drawable=0xb4000070a0f49030 geom=2898x1848 box=0,1122-2898,1144 backend=other fn=0x6d7991fe24 fn_offset=0x30de24 fbase=0x6d79612000 sym=unknown so=/data/app/~~iNwcSjv3C2CZCLwcLxpEtA==/com.termux.x11-1tus8NhfW98goVF914TrYw==/base.apk!/lib/arm64-v8a/libXlorie.so
04-17 08:24:26.036 I/RLT     ( 1866): +578928ms [THREAD] Choreographer->main op=doFrame frame=5400 | thread=main
04-17 08:24:26.037 I/RLT     ( 1866): +578929ms [FRAME] fps=120.0 jank=0 p99=8.3ms heap=24MB periodic corr=frames-73d6 | thread=main
04-17 08:24:26.041 I/LorieNative( 8207): ExaTrace: putImage accel count=46080 drawableType=0 drawableId=0x600037 geom=2898x1848 size=2912x22 format=2 depth=24
04-17 08:24:26.043 I/LorieNative( 8207): DamageTraceV2: PutImage count=45696 drawableType=WINDOW screenPixmap=0 drawable=0xb4000070a0f49030 geom=2898x1848 box=0,682-2898,704 backend=other fn=0x6d7991fe24 fn_offset=0x30de24 fbase=0x6d79612000 sym=unknown so=/data/app/~~iNwcSjv3C2CZCLwcLxpEtA==/com.termux.x11-1tus8NhfW98goVF914TrYw==/base.apk!/lib/arm64-v8a/libXlorie.so
04-17 08:24:26.079 I/LorieNative( 8207): DamageTraceV2: PutImage count=45760 drawableType=WINDOW screenPixmap=0 drawable=0xb4000070a0f49030 geom=2898x1848 box=0,242-2898,264 backend=other fn=0x6d7991fe24 fn_offset=0x30de24 fbase=0x6d79612000 sym=unknown so=/data/app/~~iNwcSjv3C2CZCLwcLxpEtA==/com.termux.x11-1tus8NhfW98goVF914TrYw==/base.apk!/lib/arm64-v8a/libXlorie.so
04-17 08:24:26.090 I/LorieNative( 8207): ExaTrace: putImage accel count=46208 drawableType=0 drawableId=0x600037 geom=2898x1848 size=2912x22 format=2 depth=24
04-17 08:24:26.092 I/LorieNative( 8207): DamageTraceV2: PutImage count=45824 drawableType=WINDOW screenPixmap=0 drawable=0xb4000070a0f49030 geom=2898x1848 box=0,1650-2898,1672 backend=other fn=0x6d7991fe24 fn_offset=0x30de24 fbase=0x6d79612000 sym=unknown so=/data/app/~~iNwcSjv3C2CZCLwcLxpEtA==/com.termux.x11-1tus8NhfW98goVF914TrYw==/base.apk!/lib/arm64-v8a/libXlorie.so
04-17 08:24:26.140 I/LorieNative( 8207): DamageTraceV2: PutImage count=45888 drawableType=WINDOW screenPixmap=0 drawable=0xb4000070a0f49030 geom=2898x1848 box=0,1210-2898,1232 backend=other fn=0x6d7991fe24 fn_offset=0x30de24 fbase=0x6d79612000 sym=unknown so=/data/app/~~iNwcSjv3C2CZCLwcLxpEtA==/com.termux.x11-1tus8NhfW98goVF914TrYw==/base.apk!/lib/arm64-v8a/libXlorie.so
04-17 08:24:26.180 I/LorieNative( 8207): ExaTrace: putImage accel count=46336 drawableType=0 drawableId=0x600037 geom=2898x1848 size=2912x22 format=2 depth=24
04-17 08:24:26.181 I/LorieNative( 8207): DamageTraceV2: PutImage count=45952 drawableType=WINDOW screenPixmap=0 drawable=0xb4000070a0f49030 geom=2898x1848 box=0,770-2898,792 backend=other fn=0x6d7991fe24 fn_offset=0x30de24 fbase=0x6d79612000 sym=unknown so=/data/app/~~iNwcSjv3C2CZCLwcLxpEtA==/com.termux.x11-1tus8NhfW98goVF914TrYw==/base.apk!/lib/arm64-v8a/libXlorie.so
04-17 08:24:26.219 I/LorieNative( 8207): DamageTraceV2: PutImage count=46016 drawableType=WINDOW screenPixmap=0 drawable=0xb4000070a0f49030 geom=2898x1848 box=0,330-2898,352 backend=other fn=0x6d7991fe24 fn_offset=0x30de24 fbase=0x6d79612000 sym=unknown so=/data/app/~~iNwcSjv3C2CZCLwcLxpEtA==/com.termux.x11-1tus8NhfW98goVF914TrYw==/base.apk!/lib/arm64-v8a/libXlorie.so
04-17 08:24:26.232 I/LorieNative( 8207): ExaTrace: putImage accel count=46464 drawableType=0 drawableId=0x600037 geom=2898x1848 size=2912x22 format=2 depth=24
04-17 08:24:26.235 I/LorieNative( 8207): DamageTraceV2: PutImage count=46080 drawableType=WINDOW screenPixmap=0 drawable=0xb4000070a0f49030 geom=2898x1848 box=0,1738-2898,1760 backend=other fn=0x6d7991fe24 fn_offset=0x30de24 fbase=0x6d79612000 sym=unknown so=/data/app/~~iNwcSjv3C2CZCLwcLxpEtA==/com.termux.x11-1tus8NhfW98goVF914TrYw==/base.apk!/lib/arm64-v8a/libXlorie.so
04-17 08:24:26.283 I/LorieNative( 8207): DamageTraceV2: PutImage count=46144 drawableType=WINDOW screenPixmap=0 drawable=0xb4000070a0f49030 geom=2898x1848 box=0,1298-2898,1320 backend=other fn=0x6d7991fe24 fn_offset=0x30de24 fbase=0x6d79612000 sym=unknown so=/data/app/~~iNwcSjv3C2CZCLwcLxpEtA==/com.termux.x11-1tus8NhfW98goVF914TrYw==/base.apk!/lib/arm64-v8a/libXlorie.so
04-17 08:24:26.317 I/LorieNative( 8207): ExaTrace: putImage accel count=46592 drawableType=0 drawableId=0x600037 geom=2898x1848 size=2912x22 format=2 depth=24
04-17 08:24:26.317 I/LorieNative( 8207): DamageTraceV2: PutImage count=46208 drawableType=WINDOW screenPixmap=0 drawable=0xb4000070a0f49030 geom=2898x1848 box=0,858-2898,880 backend=other fn=0x6d7991fe24 fn_offset=0x30de24 fbase=0x6d79612000 sym=unknown so=/data/app/~~iNwcSjv3C2CZCLwcLxpEtA==/com.termux.x11-1tus8NhfW98goVF914TrYw==/base.apk!/lib/arm64-v8a/libXlorie.so
04-17 08:24:26.359 I/LorieNative( 8207): DamageTraceV2: PutImage count=46272 drawableType=WINDOW screenPixmap=0 drawable=0xb4000070a0f49030 geom=2898x1848 box=0,418-2898,440 backend=other fn=0x6d7991fe24 fn_offset=0x30de24 fbase=0x6d79612000 sym=unknown so=/data/app/~~iNwcSjv3C2CZCLwcLxpEtA==/com.termux.x11-1tus8NhfW98goVF914TrYw==/base.apk!/lib/arm64-v8a/libXlorie.so
04-17 08:24:26.382 I/LorieNative( 8207): ExaTrace: putImage accel count=46720 drawableType=0 drawableId=0x600037 geom=2898x1848 size=2912x22 format=2 depth=24
04-17 08:24:26.383 I/LorieNative( 8207): DamageTraceV2: PutImage count=46336 drawableType=WINDOW screenPixmap=0 drawable=0xb4000070a0f49030 geom=2898x1848 box=0,1826-2898,1848 backend=other fn=0x6d7991fe24 fn_offset=0x30de24 fbase=0x6d79612000 sym=unknown so=/data/app/~~iNwcSjv3C2CZCLwcLxpEtA==/com.termux.x11-1tus8NhfW98goVF914TrYw==/base.apk!/lib/arm64-v8a/libXlorie.so
04-17 08:24:26.419 I/LorieNative( 8207): DamageTraceV2: PutImage count=46400 drawableType=WINDOW screenPixmap=0 drawable=0xb4000070a0f49030 geom=2898x1848 box=0,1386-2898,1408 backend=other fn=0x6d7991fe24 fn_offset=0x30de24 fbase=0x6d79612000 sym=unknown so=/data/app/~~iNwcSjv3C2CZCLwcLxpEtA==/com.termux.x11-1tus8NhfW98goVF914TrYw==/base.apk!/lib/arm64-v8a/libXlorie.so
04-17 08:24:26.459 I/LorieNative( 8207): ExaTrace: putImage accel count=46848 drawableType=0 drawableId=0x600037 geom=2898x1848 size=2912x22 format=2 depth=24
04-17 08:24:26.460 I/LorieNative( 8207): DamageTraceV2: PutImage count=46464 drawableType=WINDOW screenPixmap=0 drawable=0xb4000070a0f49030 geom=2898x1848 box=0,946-2898,968 backend=other fn=0x6d7991fe24 fn_offset=0x30de24 fbase=0x6d79612000 sym=unknown so=/data/app/~~iNwcSjv3C2CZCLwcLxpEtA==/com.termux.x11-1tus8NhfW98goVF914TrYw==/base.apk!/lib/arm64-v8a/libXlorie.so
04-17 08:24:26.493 I/LorieNative( 8207): DamageTraceV2: PutImage count=46528 drawableType=WINDOW screenPixmap=0 drawable=0xb4000070a0f49030 geom=2898x1848 box=0,506-2898,528 backend=other fn=0x6d7991fe24 fn_offset=0x30de24 fbase=0x6d79612000 sym=unknown so=/data/app/~~iNwcSjv3C2CZCLwcLxpEtA==/com.termux.x11-1tus8NhfW98goVF914TrYw==/base.apk!/lib/arm64-v8a/libXlorie.so
04-17 08:24:26.506 I/LorieNative( 8207): ExaTrace: putImage accel count=46976 drawableType=0 drawableId=0x600037 geom=2898x1848 size=2912x22 format=2 depth=24
04-17 08:24:26.538 I/LorieNative( 8207): DamageTraceV2: PutImage count=46592 drawableType=WINDOW screenPixmap=0 drawable=0xb4000070a0f49030 geom=2898x1848 box=0,66-2898,88 backend=other fn=0x6d7991fe24 fn_offset=0x30de24 fbase=0x6d79612000 sym=unknown so=/data/app/~~iNwcSjv3C2CZCLwcLxpEtA==/com.termux.x11-1tus8NhfW98goVF914TrYw==/base.apk!/lib/arm64-v8a/libXlorie.so
04-17 08:24:26.551 I/LorieNative( 8207): DamageTraceV2: PutImage count=46656 drawableType=WINDOW screenPixmap=0 drawable=0xb4000070a0f49030 geom=2898x1848 box=0,1474-2898,1496 backend=other fn=0x6d7991fe24 fn_offset=0x30de24 fbase=0x6d79612000 sym=unknown so=/data/app/~~iNwcSjv3C2CZCLwcLxpEtA==/com.termux.x11-1tus8NhfW98goVF914TrYw==/base.apk!/lib/arm64-v8a/libXlorie.so
04-17 08:24:26.589 I/LorieNative( 8207): ExaTrace: putImage accel count=47104 drawableType=0 drawableId=0x600037 geom=2898x1848 size=2912x22 format=2 depth=24
04-17 08:24:26.590 I/LorieNative( 8207): DamageTraceV2: PutImage count=46720 drawableType=WINDOW screenPixmap=0 drawable=0xb4000070a0f49030 geom=2898x1848 box=0,1034-2898,1056 backend=other fn=0x6d7991fe24 fn_offset=0x30de24 fbase=0x6d79612000 sym=unknown so=/data/app/~~iNwcSjv3C2CZCLwcLxpEtA==/com.termux.x11-1tus8NhfW98goVF914TrYw==/base.apk!/lib/arm64-v8a/libXlorie.so
04-17 08:24:26.627 I/LorieNative( 8207): DamageTraceV2: PutImage count=46784 drawableType=WINDOW screenPixmap=0 drawable=0xb4000070a0f49030 geom=2898x1848 box=0,594-2898,616 backend=other fn=0x6d7991fe24 fn_offset=0x30de24 fbase=0x6d79612000 sym=unknown so=/data/app/~~iNwcSjv3C2CZCLwcLxpEtA==/com.termux.x11-1tus8NhfW98goVF914TrYw==/base.apk!/lib/arm64-v8a/libXlorie.so
04-17 08:24:26.665 I/LorieNative( 8207): ExaTrace: putImage accel count=47232 drawableType=0 drawableId=0x600037 geom=2898x1848 size=2912x22 format=2 depth=24
04-17 08:24:26.667 I/LorieNative( 8207): DamageTraceV2: PutImage count=46848 drawableType=WINDOW screenPixmap=0 drawable=0xb4000070a0f49030 geom=2898x1848 box=0,154-2898,176 backend=other fn=0x6d7991fe24 fn_offset=0x30de24 fbase=0x6d79612000 sym=unknown so=/data/app/~~iNwcSjv3C2CZCLwcLxpEtA==/com.termux.x11-1tus8NhfW98goVF914TrYw==/base.apk!/lib/arm64-v8a/libXlorie.so
04-17 08:24:26.684 I/LorieNative( 8207): DamageTraceV2: PutImage count=46912 drawableType=WINDOW screenPixmap=0 drawable=0xb4000070a0f49030 geom=2898x1848 box=0,1562-2898,1584 backend=other fn=0x6d7991fe24 fn_offset=0x30de24 fbase=0x6d79612000 sym=unknown so=/data/app/~~iNwcSjv3C2CZCLwcLxpEtA==/com.termux.x11-1tus8NhfW98goVF914TrYw==/base.apk!/lib/arm64-v8a/libXlorie.so
04-17 08:24:26.725 I/LorieNative( 8207): ExaTrace: putImage accel count=47360 drawableType=0 drawableId=0x600037 geom=2898x1848 size=2912x22 format=2 depth=24
04-17 08:24:26.727 I/LorieNative( 8207): DamageTraceV2: PutImage count=46976 drawableType=WINDOW screenPixmap=0 drawable=0xb4000070a0f49030 geom=2898x1848 box=0,1122-2898,1144 backend=other fn=0x6d7991fe24 fn_offset=0x30de24 fbase=0x6d79612000 sym=unknown so=/data/app/~~iNwcSjv3C2CZCLwcLxpEtA==/com.termux.x11-1tus8NhfW98goVF914TrYw==/base.apk!/lib/arm64-v8a/libXlorie.so
04-17 08:24:26.766 I/LorieNative( 8207): DamageTraceV2: PutImage count=47040 drawableType=WINDOW screenPixmap=0 drawable=0xb4000070a0f49030 geom=2898x1848 box=0,682-2898,704 backend=other fn=0x6d7991fe24 fn_offset=0x30de24 fbase=0x6d79612000 sym=unknown so=/data/app/~~iNwcSjv3C2CZCLwcLxpEtA==/com.termux.x11-1tus8NhfW98goVF914TrYw==/base.apk!/lib/arm64-v8a/libXlorie.so
04-17 08:24:26.804 I/LorieNative( 8207): ExaTrace: putImage accel count=47488 drawableType=0 drawableId=0x600037 geom=2898x1848 size=2912x22 format=2 depth=24
04-17 08:24:26.805 I/LorieNative( 8207): DamageTraceV2: PutImage count=47104 drawableType=WINDOW screenPixmap=0 drawable=0xb4000070a0f49030 geom=2898x1848 box=0,242-2898,264 backend=other fn=0x6d7991fe24 fn_offset=0x30de24 fbase=0x6d79612000 sym=unknown so=/data/app/~~iNwcSjv3C2CZCLwcLxpEtA==/com.termux.x11-1tus8NhfW98goVF914TrYw==/base.apk!/lib/arm64-v8a/libXlorie.so
04-17 08:24:26.814 I/LorieNative( 8207): DamageTraceV2: PutImage count=47168 drawableType=WINDOW screenPixmap=0 drawable=0xb4000070a0f49030 geom=2898x1848 box=0,1650-2898,1672 backend=other fn=0x6d7991fe24 fn_offset=0x30de24 fbase=0x6d79612000 sym=unknown so=/data/app/~~iNwcSjv3C2CZCLwcLxpEtA==/com.termux.x11-1tus8NhfW98goVF914TrYw==/base.apk!/lib/arm64-v8a/libXlorie.so
04-17 08:24:26.849 I/LorieNative( 8207): ExaTrace: putImage accel count=47616 drawableType=0 drawableId=0x600037 geom=2898x1848 size=2912x22 format=2 depth=24
04-17 08:24:26.850 I/LorieNative( 8207): DamageTraceV2: PutImage count=47232 drawableType=WINDOW screenPixmap=0 drawable=0xb4000070a0f49030 geom=2898x1848 box=0,1210-2898,1232 backend=other fn=0x6d7991fe24 fn_offset=0x30de24 fbase=0x6d79612000 sym=unknown so=/data/app/~~iNwcSjv3C2CZCLwcLxpEtA==/com.termux.x11-1tus8NhfW98goVF914TrYw==/base.apk!/lib/arm64-v8a/libXlorie.so
04-17 08:24:26.888 I/LorieNative( 8207): DamageTraceV2: PutImage count=47296 drawableType=WINDOW screenPixmap=0 drawable=0xb4000070a0f49030 geom=2898x1848 box=0,770-2898,792 backend=other fn=0x6d7991fe24 fn_offset=0x30de24 fbase=0x6d79612000 sym=unknown so=/data/app/~~iNwcSjv3C2CZCLwcLxpEtA==/com.termux.x11-1tus8NhfW98goVF914TrYw==/base.apk!/lib/arm64-v8a/libXlorie.so
04-17 08:24:26.922 I/LorieNative( 8207): ExaTrace: putImage accel count=47744 drawableType=0 drawableId=0x600037 geom=2898x1848 size=2912x22 format=2 depth=24
04-17 08:24:26.923 I/LorieNative( 8207): DamageTraceV2: PutImage count=47360 drawableType=WINDOW screenPixmap=0 drawable=0xb4000070a0f49030 geom=2898x1848 box=0,330-2898,352 backend=other fn=0x6d7991fe24 fn_offset=0x30de24 fbase=0x6d79612000 sym=unknown so=/data/app/~~iNwcSjv3C2CZCLwcLxpEtA==/com.termux.x11-1tus8NhfW98goVF914TrYw==/base.apk!/lib/arm64-v8a/libXlorie.so
04-17 08:24:26.930 I/LorieNative( 8207): DamageTraceV2: PutImage count=47424 drawableType=WINDOW screenPixmap=0 drawable=0xb4000070a0f49030 geom=2898x1848 box=0,1738-2898,1760 backend=other fn=0x6d7991fe24 fn_offset=0x30de24 fbase=0x6d79612000 sym=unknown so=/data/app/~~iNwcSjv3C2CZCLwcLxpEtA==/com.termux.x11-1tus8NhfW98goVF914TrYw==/base.apk!/lib/arm64-v8a/libXlorie.so
04-17 08:24:26.967 I/LorieNative( 8207): ExaTrace: putImage accel count=47872 drawableType=0 drawableId=0x600037 geom=2898x1848 size=2912x22 format=2 depth=24
04-17 08:24:26.968 I/LorieNative( 8207): DamageTraceV2: PutImage count=47488 drawableType=WINDOW screenPixmap=0 drawable=0xb4000070a0f49030 geom=2898x1848 box=0,1298-2898,1320 backend=other fn=0x6d7991fe24 fn_offset=0x30de24 fbase=0x6d79612000 sym=unknown so=/data/app/~~iNwcSjv3C2CZCLwcLxpEtA==/com.termux.x11-1tus8NhfW98goVF914TrYw==/base.apk!/lib/arm64-v8a/libXlorie.so
04-17 08:24:27.004 I/LorieNative( 8207): DamageTraceV2: PutImage count=47552 drawableType=WINDOW screenPixmap=0 drawable=0xb4000070a0f49030 geom=2898x1848 box=0,858-2898,880 backend=other fn=0x6d7991fe24 fn_offset=0x30de24 fbase=0x6d79612000 sym=unknown so=/data/app/~~iNwcSjv3C2CZCLwcLxpEtA==/com.termux.x11-1tus8NhfW98goVF914TrYw==/base.apk!/lib/arm64-v8a/libXlorie.so
04-17 08:24:27.032 I/LorieNative( 8207): ExaTrace: putImage accel count=48000 drawableType=0 drawableId=0x600037 geom=2898x1848 size=2912x22 format=2 depth=24
04-17 08:24:27.033 I/LorieNative( 8207): DamageTraceV2: PutImage count=47616 drawableType=WINDOW screenPixmap=0 drawable=0xb4000070a0f49030 geom=2898x1848 box=0,418-2898,440 backend=other fn=0x6d7991fe24 fn_offset=0x30de24 fbase=0x6d79612000 sym=unknown so=/data/app/~~iNwcSjv3C2CZCLwcLxpEtA==/com.termux.x11-1tus8NhfW98goVF914TrYw==/base.apk!/lib/arm64-v8a/libXlorie.so
04-17 08:24:27.036 I/RLT     ( 1866): +579929ms [THREAD] Choreographer->main op=doFrame frame=5520 | thread=main
04-17 08:24:27.037 I/RLT     ( 1866): +579930ms [FRAME] fps=120.0 jank=0 p99=8.4ms heap=24MB periodic corr=frames-73d6 | thread=main
04-17 08:24:27.041 I/LorieNative( 8207): DamageTraceV2: PutImage count=47680 drawableType=WINDOW screenPixmap=0 drawable=0xb4000070a0f49030 geom=2898x1848 box=0,1826-2898,1848 backend=other fn=0x6d7991fe24 fn_offset=0x30de24 fbase=0x6d79612000 sym=unknown so=/data/app/~~iNwcSjv3C2CZCLwcLxpEtA==/com.termux.x11-1tus8NhfW98goVF914TrYw==/base.apk!/lib/arm64-v8a/libXlorie.so
04-17 08:24:27.072 I/LorieNative( 8207): ExaTrace: putImage accel count=48128 drawableType=0 drawableId=0x600037 geom=2898x1848 size=2912x22 format=2 depth=24
04-17 08:24:27.073 I/LorieNative( 8207): DamageTraceV2: PutImage count=47744 drawableType=WINDOW screenPixmap=0 drawable=0xb4000070a0f49030 geom=2898x1848 box=0,1386-2898,1408 backend=other fn=0x6d7991fe24 fn_offset=0x30de24 fbase=0x6d79612000 sym=unknown so=/data/app/~~iNwcSjv3C2CZCLwcLxpEtA==/com.termux.x11-1tus8NhfW98goVF914TrYw==/base.apk!/lib/arm64-v8a/libXlorie.so
04-17 08:24:27.105 I/LorieNative( 8207): DamageTraceV2: PutImage count=47808 drawableType=WINDOW screenPixmap=0 drawable=0xb4000070a0f49030 geom=2898x1848 box=0,946-2898,968 backend=other fn=0x6d7991fe24 fn_offset=0x30de24 fbase=0x6d79612000 sym=unknown so=/data/app/~~iNwcSjv3C2CZCLwcLxpEtA==/com.termux.x11-1tus8NhfW98goVF914TrYw==/base.apk!/lib/arm64-v8a/libXlorie.so
04-17 08:24:27.138 I/LorieNative( 8207): ExaTrace: putImage accel count=48256 drawableType=0 drawableId=0x600037 geom=2898x1848 size=2912x22 format=2 depth=24
04-17 08:24:27.140 I/LorieNative( 8207): DamageTraceV2: PutImage count=47872 drawableType=WINDOW screenPixmap=0 drawable=0xb4000070a0f49030 geom=2898x1848 box=0,506-2898,528 backend=other fn=0x6d7991fe24 fn_offset=0x30de24 fbase=0x6d79612000 sym=unknown so=/data/app/~~iNwcSjv3C2CZCLwcLxpEtA==/com.termux.x11-1tus8NhfW98goVF914TrYw==/base.apk!/lib/arm64-v8a/libXlorie.so
04-17 08:24:27.174 I/LorieNative( 8207): DamageTraceV2: PutImage count=47936 drawableType=WINDOW screenPixmap=0 drawable=0xb4000070a0f49030 geom=2898x1848 box=0,66-2898,88 backend=other fn=0x6d7991fe24 fn_offset=0x30de24 fbase=0x6d79612000 sym=unknown so=/data/app/~~iNwcSjv3C2CZCLwcLxpEtA==/com.termux.x11-1tus8NhfW98goVF914TrYw==/base.apk!/lib/arm64-v8a/libXlorie.so
04-17 08:24:27.181 I/LorieNative( 8207): ExaTrace: putImage accel count=48384 drawableType=0 drawableId=0x600037 geom=2898x1848 size=2912x22 format=2 depth=24
04-17 08:24:27.183 I/LorieNative( 8207): DamageTraceV2: PutImage count=48000 drawableType=WINDOW screenPixmap=0 drawable=0xb4000070a0f49030 geom=2898x1848 box=0,1474-2898,1496 backend=other fn=0x6d7991fe24 fn_offset=0x30de24 fbase=0x6d79612000 sym=unknown so=/data/app/~~iNwcSjv3C2CZCLwcLxpEtA==/com.termux.x11-1tus8NhfW98goVF914TrYw==/base.apk!/lib/arm64-v8a/libXlorie.so
04-17 08:24:27.223 I/LorieNative( 8207): DamageTraceV2: PutImage count=48064 drawableType=WINDOW screenPixmap=0 drawable=0xb4000070a0f49030 geom=2898x1848 box=0,1034-2898,1056 backend=other fn=0x6d7991fe24 fn_offset=0x30de24 fbase=0x6d79612000 sym=unknown so=/data/app/~~iNwcSjv3C2CZCLwcLxpEtA==/com.termux.x11-1tus8NhfW98goVF914TrYw==/base.apk!/lib/arm64-v8a/libXlorie.so
04-17 08:24:27.264 I/LorieNative( 8207): ExaTrace: putImage accel count=48512 drawableType=0 drawableId=0x600037 geom=2898x1848 size=2912x22 format=2 depth=24
04-17 08:24:27.266 I/LorieNative( 8207): DamageTraceV2: PutImage count=48128 drawableType=WINDOW screenPixmap=0 drawable=0xb4000070a0f49030 geom=2898x1848 box=0,594-2898,616 backend=other fn=0x6d7991fe24 fn_offset=0x30de24 fbase=0x6d79612000 sym=unknown so=/data/app/~~iNwcSjv3C2CZCLwcLxpEtA==/com.termux.x11-1tus8NhfW98goVF914TrYw==/base.apk!/lib/arm64-v8a/libXlorie.so
04-17 08:24:27.309 I/LorieNative( 8207): DamageTraceV2: PutImage count=48192 drawableType=WINDOW screenPixmap=0 drawable=0xb4000070a0f49030 geom=2898x1848 box=0,154-2898,176 backend=other fn=0x6d7991fe24 fn_offset=0x30de24 fbase=0x6d79612000 sym=unknown so=/data/app/~~iNwcSjv3C2CZCLwcLxpEtA==/com.termux.x11-1tus8NhfW98goVF914TrYw==/base.apk!/lib/arm64-v8a/libXlorie.so
04-17 08:24:27.317 I/LorieNative( 8207): ExaTrace: putImage accel count=48640 drawableType=0 drawableId=0x600037 geom=2898x1848 size=2912x22 format=2 depth=24
04-17 08:24:27.318 I/LorieNative( 8207): DamageTraceV2: PutImage count=48256 drawableType=WINDOW screenPixmap=0 drawable=0xb4000070a0f49030 geom=2898x1848 box=0,1562-2898,1584 backend=other fn=0x6d7991fe24 fn_offset=0x30de24 fbase=0x6d79612000 sym=unknown so=/data/app/~~iNwcSjv3C2CZCLwcLxpEtA==/com.termux.x11-1tus8NhfW98goVF914TrYw==/base.apk!/lib/arm64-v8a/libXlorie.so
04-17 08:24:27.356 I/LorieNative( 8207): DamageTraceV2: PutImage count=48320 drawableType=WINDOW screenPixmap=0 drawable=0xb4000070a0f49030 geom=2898x1848 box=0,1122-2898,1144 backend=other fn=0x6d7991fe24 fn_offset=0x30de24 fbase=0x6d79612000 sym=unknown so=/data/app/~~iNwcSjv3C2CZCLwcLxpEtA==/com.termux.x11-1tus8NhfW98goVF914TrYw==/base.apk!/lib/arm64-v8a/libXlorie.so
04-17 08:24:27.400 I/LorieNative( 8207): ExaTrace: putImage accel count=48768 drawableType=0 drawableId=0x600037 geom=2898x1848 size=2912x22 format=2 depth=24
04-17 08:24:27.401 I/LorieNative( 8207): DamageTraceV2: PutImage count=48384 drawableType=WINDOW screenPixmap=0 drawable=0xb4000070a0f49030 geom=2898x1848 box=0,682-2898,704 backend=other fn=0x6d7991fe24 fn_offset=0x30de24 fbase=0x6d79612000 sym=unknown so=/data/app/~~iNwcSjv3C2CZCLwcLxpEtA==/com.termux.x11-1tus8NhfW98goVF914TrYw==/base.apk!/lib/arm64-v8a/libXlorie.so
04-17 08:24:27.435 I/LorieNative( 8207): DamageTraceV2: PutImage count=48448 drawableType=WINDOW screenPixmap=0 drawable=0xb4000070a0f49030 geom=2898x1848 box=0,242-2898,264 backend=other fn=0x6d7991fe24 fn_offset=0x30de24 fbase=0x6d79612000 sym=unknown so=/data/app/~~iNwcSjv3C2CZCLwcLxpEtA==/com.termux.x11-1tus8NhfW98goVF914TrYw==/base.apk!/lib/arm64-v8a/libXlorie.so
04-17 08:24:27.441 I/LorieNative( 8207): ExaTrace: putImage accel count=48896 drawableType=0 drawableId=0x600037 geom=2898x1848 size=2912x22 format=2 depth=24
04-17 08:24:27.442 I/LorieNative( 8207): DamageTraceV2: PutImage count=48512 drawableType=WINDOW screenPixmap=0 drawable=0xb4000070a0f49030 geom=2898x1848 box=0,1650-2898,1672 backend=other fn=0x6d7991fe24 fn_offset=0x30de24 fbase=0x6d79612000 sym=unknown so=/data/app/~~iNwcSjv3C2CZCLwcLxpEtA==/com.termux.x11-1tus8NhfW98goVF914TrYw==/base.apk!/lib/arm64-v8a/libXlorie.so
04-17 08:24:27.481 I/LorieNative( 8207): DamageTraceV2: PutImage count=48576 drawableType=WINDOW screenPixmap=0 drawable=0xb4000070a0f49030 geom=2898x1848 box=0,1210-2898,1232 backend=other fn=0x6d7991fe24 fn_offset=0x30de24 fbase=0x6d79612000 sym=unknown so=/data/app/~~iNwcSjv3C2CZCLwcLxpEtA==/com.termux.x11-1tus8NhfW98goVF914TrYw==/base.apk!/lib/arm64-v8a/libXlorie.so
04-17 08:24:27.524 I/LorieNative( 8207): ExaTrace: putImage accel count=49024 drawableType=0 drawableId=0x600037 geom=2898x1848 size=2912x22 format=2 depth=24
04-17 08:24:27.526 I/LorieNative( 8207): DamageTraceV2: PutImage count=48640 drawableType=WINDOW screenPixmap=0 drawable=0xb4000070a0f49030 geom=2898x1848 box=0,770-2898,792 backend=other fn=0x6d7991fe24 fn_offset=0x30de24 fbase=0x6d79612000 sym=unknown so=/data/app/~~iNwcSjv3C2CZCLwcLxpEtA==/com.termux.x11-1tus8NhfW98goVF914TrYw==/base.apk!/lib/arm64-v8a/libXlorie.so
04-17 08:24:27.573 I/LorieNative( 8207): DamageTraceV2: PutImage count=48704 drawableType=WINDOW screenPixmap=0 drawable=0xb4000070a0f49030 geom=2898x1848 box=0,330-2898,352 backend=other fn=0x6d7991fe24 fn_offset=0x30de24 fbase=0x6d79612000 sym=unknown so=/data/app/~~iNwcSjv3C2CZCLwcLxpEtA==/com.termux.x11-1tus8NhfW98goVF914TrYw==/base.apk!/lib/arm64-v8a/libXlorie.so
04-17 08:24:27.589 I/LorieNative( 8207): ExaTrace: putImage accel count=49152 drawableType=0 drawableId=0x600037 geom=2898x1848 size=2912x22 format=2 depth=24
04-17 08:24:27.591 I/LorieNative( 8207): DamageTraceV2: PutImage count=48768 drawableType=WINDOW screenPixmap=0 drawable=0xb4000070a0f49030 geom=2898x1848 box=0,1738-2898,1760 backend=other fn=0x6d7991fe24 fn_offset=0x30de24 fbase=0x6d79612000 sym=unknown so=/data/app/~~iNwcSjv3C2CZCLwcLxpEtA==/com.termux.x11-1tus8NhfW98goVF914TrYw==/base.apk!/lib/arm64-v8a/libXlorie.so
04-17 08:24:27.630 I/LorieNative( 8207): DamageTraceV2: PutImage count=48832 drawableType=WINDOW screenPixmap=0 drawable=0xb4000070a0f49030 geom=2898x1848 box=0,1298-2898,1320 backend=other fn=0x6d7991fe24 fn_offset=0x30de24 fbase=0x6d79612000 sym=unknown so=/data/app/~~iNwcSjv3C2CZCLwcLxpEtA==/com.termux.x11-1tus8NhfW98goVF914TrYw==/base.apk!/lib/arm64-v8a/libXlorie.so
04-17 08:24:27.672 I/LorieNative( 8207): ExaTrace: putImage accel count=49280 drawableType=0 drawableId=0x600037 geom=2898x1848 size=2912x22 format=2 depth=24
04-17 08:24:27.673 I/LorieNative( 8207): DamageTraceV2: PutImage count=48896 drawableType=WINDOW screenPixmap=0 drawable=0xb4000070a0f49030 geom=2898x1848 box=0,858-2898,880 backend=other fn=0x6d7991fe24 fn_offset=0x30de24 fbase=0x6d79612000 sym=unknown so=/data/app/~~iNwcSjv3C2CZCLwcLxpEtA==/com.termux.x11-1tus8NhfW98goVF914TrYw==/base.apk!/lib/arm64-v8a/libXlorie.so
04-17 08:24:27.713 I/LorieNative( 8207): DamageTraceV2: PutImage count=48960 drawableType=WINDOW screenPixmap=0 drawable=0xb4000070a0f49030 geom=2898x1848 box=0,418-2898,440 backend=other fn=0x6d7991fe24 fn_offset=0x30de24 fbase=0x6d79612000 sym=unknown so=/data/app/~~iNwcSjv3C2CZCLwcLxpEtA==/com.termux.x11-1tus8NhfW98goVF914TrYw==/base.apk!/lib/arm64-v8a/libXlorie.so
04-17 08:24:27.725 I/LorieNative( 8207): ExaTrace: putImage accel count=49408 drawableType=0 drawableId=0x600037 geom=2898x1848 size=2912x22 format=2 depth=24
04-17 08:24:27.728 I/LorieNative( 8207): DamageTraceV2: PutImage count=49024 drawableType=WINDOW screenPixmap=0 drawable=0xb4000070a0f49030 geom=2898x1848 box=0,1826-2898,1848 backend=other fn=0x6d7991fe24 fn_offset=0x30de24 fbase=0x6d79612000 sym=unknown so=/data/app/~~iNwcSjv3C2CZCLwcLxpEtA==/com.termux.x11-1tus8NhfW98goVF914TrYw==/base.apk!/lib/arm64-v8a/libXlorie.so
04-17 08:24:27.771 I/LorieNative( 8207): DamageTraceV2: PutImage count=49088 drawableType=WINDOW screenPixmap=0 drawable=0xb4000070a0f49030 geom=2898x1848 box=0,1386-2898,1408 backend=other fn=0x6d7991fe24 fn_offset=0x30de24 fbase=0x6d79612000 sym=unknown so=/data/app/~~iNwcSjv3C2CZCLwcLxpEtA==/com.termux.x11-1tus8NhfW98goVF914TrYw==/base.apk!/lib/arm64-v8a/libXlorie.so
04-17 08:24:27.824 I/LorieNative( 8207): ExaTrace: putImage accel count=49536 drawableType=0 drawableId=0x600037 geom=2898x1848 size=2912x22 format=2 depth=24
04-17 08:24:27.827 I/LorieNative( 8207): DamageTraceV2: PutImage count=49152 drawableType=WINDOW screenPixmap=0 drawable=0xb4000070a0f49030 geom=2898x1848 box=0,946-2898,968 backend=other fn=0x6d7991fe24 fn_offset=0x30de24 fbase=0x6d79612000 sym=unknown so=/data/app/~~iNwcSjv3C2CZCLwcLxpEtA==/com.termux.x11-1tus8NhfW98goVF914TrYw==/base.apk!/lib/arm64-v8a/libXlorie.so
04-17 08:24:27.871 I/LorieNative( 8207): DamageTraceV2: PutImage count=49216 drawableType=WINDOW screenPixmap=0 drawable=0xb4000070a0f49030 geom=2898x1848 box=0,506-2898,528 backend=other fn=0x6d7991fe24 fn_offset=0x30de24 fbase=0x6d79612000 sym=unknown so=/data/app/~~iNwcSjv3C2CZCLwcLxpEtA==/com.termux.x11-1tus8NhfW98goVF914TrYw==/base.apk!/lib/arm64-v8a/libXlorie.so
04-17 08:24:27.893 I/LorieNative( 8207): ExaTrace: putImage accel count=49664 drawableType=0 drawableId=0x600037 geom=2898x1848 size=2912x22 format=2 depth=24
04-17 08:24:27.926 I/LorieNative( 8207): DamageTraceV2: PutImage count=49280 drawableType=WINDOW screenPixmap=0 drawable=0xb4000070a0f49030 geom=2898x1848 box=0,66-2898,88 backend=other fn=0x6d7991fe24 fn_offset=0x30de24 fbase=0x6d79612000 sym=unknown so=/data/app/~~iNwcSjv3C2CZCLwcLxpEtA==/com.termux.x11-1tus8NhfW98goVF914TrYw==/base.apk!/lib/arm64-v8a/libXlorie.so
04-17 08:24:27.934 I/LorieNative( 8207): DamageTraceV2: PutImage count=49344 drawableType=WINDOW screenPixmap=0 drawable=0xb4000070a0f49030 geom=2898x1848 box=0,1474-2898,1496 backend=other fn=0x6d7991fe24 fn_offset=0x30de24 fbase=0x6d79612000 sym=unknown so=/data/app/~~iNwcSjv3C2CZCLwcLxpEtA==/com.termux.x11-1tus8NhfW98goVF914TrYw==/base.apk!/lib/arm64-v8a/libXlorie.so
04-17 08:24:27.972 I/LorieNative( 8207): ExaTrace: putImage accel count=49792 drawableType=0 drawableId=0x600037 geom=2898x1848 size=2912x22 format=2 depth=24
04-17 08:24:27.973 I/LorieNative( 8207): DamageTraceV2: PutImage count=49408 drawableType=WINDOW screenPixmap=0 drawable=0xb4000070a0f49030 geom=2898x1848 box=0,1034-2898,1056 backend=other fn=0x6d7991fe24 fn_offset=0x30de24 fbase=0x6d79612000 sym=unknown so=/data/app/~~iNwcSjv3C2CZCLwcLxpEtA==/com.termux.x11-1tus8NhfW98goVF914TrYw==/base.apk!/lib/arm64-v8a/libXlorie.so
04-17 08:24:28.009 I/LorieNative( 8207): DamageTraceV2: PutImage count=49472 drawableType=WINDOW screenPixmap=0 drawable=0xb4000070a0f49030 geom=2898x1848 box=0,594-2898,616 backend=other fn=0x6d7991fe24 fn_offset=0x30de24 fbase=0x6d79612000 sym=unknown so=/data/app/~~iNwcSjv3C2CZCLwcLxpEtA==/com.termux.x11-1tus8NhfW98goVF914TrYw==/base.apk!/lib/arm64-v8a/libXlorie.so
04-17 08:24:28.036 I/RLT     ( 1866): +580928ms [THREAD] Choreographer->main op=doFrame frame=5640 | thread=main
04-17 08:24:28.037 I/RLT     ( 1866): +580930ms [FRAME] fps=120.0 jank=0 p99=8.4ms heap=24MB periodic corr=frames-73d6 | thread=main
04-17 08:24:28.040 I/LorieNative( 8207): ExaTrace: putImage accel count=49920 drawableType=0 drawableId=0x600037 geom=2898x1848 size=2912x22 format=2 depth=24
04-17 08:24:28.042 I/LorieNative( 8207): DamageTraceV2: PutImage count=49536 drawableType=WINDOW screenPixmap=0 drawable=0xb4000070a0f49030 geom=2898x1848 box=0,154-2898,176 backend=other fn=0x6d7991fe24 fn_offset=0x30de24 fbase=0x6d79612000 sym=unknown so=/data/app/~~iNwcSjv3C2CZCLwcLxpEtA==/com.termux.x11-1tus8NhfW98goVF914TrYw==/base.apk!/lib/arm64-v8a/libXlorie.so
04-17 08:24:28.049 I/LorieNative( 8207): DamageTraceV2: PutImage count=49600 drawableType=WINDOW screenPixmap=0 drawable=0xb4000070a0f49030 geom=2898x1848 box=0,1562-2898,1584 backend=other fn=0x6d7991fe24 fn_offset=0x30de24 fbase=0x6d79612000 sym=unknown so=/data/app/~~iNwcSjv3C2CZCLwcLxpEtA==/com.termux.x11-1tus8NhfW98goVF914TrYw==/base.apk!/lib/arm64-v8a/libXlorie.so
04-17 08:24:28.082 I/LorieNative( 8207): ExaTrace: putImage accel count=50048 drawableType=0 drawableId=0x600037 geom=2898x1848 size=2912x22 format=2 depth=24
04-17 08:24:28.083 I/LorieNative( 8207): DamageTraceV2: PutImage count=49664 drawableType=WINDOW screenPixmap=0 drawable=0xb4000070a0f49030 geom=2898x1848 box=0,1122-2898,1144 backend=other fn=0x6d7991fe24 fn_offset=0x30de24 fbase=0x6d79612000 sym=unknown so=/data/app/~~iNwcSjv3C2CZCLwcLxpEtA==/com.termux.x11-1tus8NhfW98goVF914TrYw==/base.apk!/lib/arm64-v8a/libXlorie.so
04-17 08:24:28.117 I/LorieNative( 8207): DamageTraceV2: PutImage count=49728 drawableType=WINDOW screenPixmap=0 drawable=0xb4000070a0f49030 geom=2898x1848 box=0,682-2898,704 backend=other fn=0x6d7991fe24 fn_offset=0x30de24 fbase=0x6d79612000 sym=unknown so=/data/app/~~iNwcSjv3C2CZCLwcLxpEtA==/com.termux.x11-1tus8NhfW98goVF914TrYw==/base.apk!/lib/arm64-v8a/libXlorie.so
04-17 08:24:28.155 I/LorieNative( 8207): ExaTrace: putImage accel count=50176 drawableType=0 drawableId=0x600037 geom=2898x1848 size=2912x22 format=2 depth=24
04-17 08:24:28.157 I/LorieNative( 8207): DamageTraceV2: PutImage count=49792 drawableType=WINDOW screenPixmap=0 drawable=0xb4000070a0f49030 geom=2898x1848 box=0,242-2898,264 backend=other fn=0x6d7991fe24 fn_offset=0x30de24 fbase=0x6d79612000 sym=unknown so=/data/app/~~iNwcSjv3C2CZCLwcLxpEtA==/com.termux.x11-1tus8NhfW98goVF914TrYw==/base.apk!/lib/arm64-v8a/libXlorie.so
04-17 08:24:28.166 I/LorieNative( 8207): DamageTraceV2: PutImage count=49856 drawableType=WINDOW screenPixmap=0 drawable=0xb4000070a0f49030 geom=2898x1848 box=0,1650-2898,1672 backend=other fn=0x6d7991fe24 fn_offset=0x30de24 fbase=0x6d79612000 sym=unknown so=/data/app/~~iNwcSjv3C2CZCLwcLxpEtA==/com.termux.x11-1tus8NhfW98goVF914TrYw==/base.apk!/lib/arm64-v8a/libXlorie.so
04-17 08:24:28.196 I/LorieNative( 8207): ExaTrace: putImage accel count=50304 drawableType=0 drawableId=0x600037 geom=2898x1848 size=2912x22 format=2 depth=24
04-17 08:24:28.197 I/LorieNative( 8207): DamageTraceV2: PutImage count=49920 drawableType=WINDOW screenPixmap=0 drawable=0xb4000070a0f49030 geom=2898x1848 box=0,1210-2898,1232 backend=other fn=0x6d7991fe24 fn_offset=0x30de24 fbase=0x6d79612000 sym=unknown so=/data/app/~~iNwcSjv3C2CZCLwcLxpEtA==/com.termux.x11-1tus8NhfW98goVF914TrYw==/base.apk!/lib/arm64-v8a/libXlorie.so
04-17 08:24:28.229 I/LorieNative( 8207): DamageTraceV2: PutImage count=49984 drawableType=WINDOW screenPixmap=0 drawable=0xb4000070a0f49030 geom=2898x1848 box=0,770-2898,792 backend=other fn=0x6d7991fe24 fn_offset=0x30de24 fbase=0x6d79612000 sym=unknown so=/data/app/~~iNwcSjv3C2CZCLwcLxpEtA==/com.termux.x11-1tus8NhfW98goVF914TrYw==/base.apk!/lib/arm64-v8a/libXlorie.so
04-17 08:24:28.264 I/LorieNative( 8207): ExaTrace: putImage accel count=50432 drawableType=0 drawableId=0x600037 geom=2898x1848 size=2912x22 format=2 depth=24
04-17 08:24:28.266 I/LorieNative( 8207): DamageTraceV2: PutImage count=50048 drawableType=WINDOW screenPixmap=0 drawable=0xb4000070a0f49030 geom=2898x1848 box=0,330-2898,352 backend=other fn=0x6d7991fe24 fn_offset=0x30de24 fbase=0x6d79612000 sym=unknown so=/data/app/~~iNwcSjv3C2CZCLwcLxpEtA==/com.termux.x11-1tus8NhfW98goVF914TrYw==/base.apk!/lib/arm64-v8a/libXlorie.so
04-17 08:24:28.275 I/LorieNative( 8207): DamageTraceV2: PutImage count=50112 drawableType=WINDOW screenPixmap=0 drawable=0xb4000070a0f49030 geom=2898x1848 box=0,1738-2898,1760 backend=other fn=0x6d7991fe24 fn_offset=0x30de24 fbase=0x6d79612000 sym=unknown so=/data/app/~~iNwcSjv3C2CZCLwcLxpEtA==/com.termux.x11-1tus8NhfW98goVF914TrYw==/base.apk!/lib/arm64-v8a/libXlorie.so
04-17 08:24:28.304 I/LorieNative( 8207): ExaTrace: putImage accel count=50560 drawableType=0 drawableId=0x600037 geom=2898x1848 size=2912x22 format=2 depth=24
04-17 08:24:28.305 I/LorieNative( 8207): DamageTraceV2: PutImage count=50176 drawableType=WINDOW screenPixmap=0 drawable=0xb4000070a0f49030 geom=2898x1848 box=0,1298-2898,1320 backend=other fn=0x6d7991fe24 fn_offset=0x30de24 fbase=0x6d79612000 sym=unknown so=/data/app/~~iNwcSjv3C2CZCLwcLxpEtA==/com.termux.x11-1tus8NhfW98goVF914TrYw==/base.apk!/lib/arm64-v8a/libXlorie.so
04-17 08:24:28.340 I/LorieNative( 8207): DamageTraceV2: PutImage count=50240 drawableType=WINDOW screenPixmap=0 drawable=0xb4000070a0f49030 geom=2898x1848 box=0,858-2898,880 backend=other fn=0x6d7991fe24 fn_offset=0x30de24 fbase=0x6d79612000 sym=unknown so=/data/app/~~iNwcSjv3C2CZCLwcLxpEtA==/com.termux.x11-1tus8NhfW98goVF914TrYw==/base.apk!/lib/arm64-v8a/libXlorie.so
04-17 08:24:28.372 I/LorieNative( 8207): ExaTrace: putImage accel count=50688 drawableType=0 drawableId=0x600037 geom=2898x1848 size=2912x22 format=2 depth=24
04-17 08:24:28.373 I/LorieNative( 8207): DamageTraceV2: PutImage count=50304 drawableType=WINDOW screenPixmap=0 drawable=0xb4000070a0f49030 geom=2898x1848 box=0,418-2898,440 backend=other fn=0x6d7991fe24 fn_offset=0x30de24 fbase=0x6d79612000 sym=unknown so=/data/app/~~iNwcSjv3C2CZCLwcLxpEtA==/com.termux.x11-1tus8NhfW98goVF914TrYw==/base.apk!/lib/arm64-v8a/libXlorie.so
04-17 08:24:28.381 I/LorieNative( 8207): DamageTraceV2: PutImage count=50368 drawableType=WINDOW screenPixmap=0 drawable=0xb4000070a0f49030 geom=2898x1848 box=0,1826-2898,1848 backend=other fn=0x6d7991fe24 fn_offset=0x30de24 fbase=0x6d79612000 sym=unknown so=/data/app/~~iNwcSjv3C2CZCLwcLxpEtA==/com.termux.x11-1tus8NhfW98goVF914TrYw==/base.apk!/lib/arm64-v8a/libXlorie.so
04-17 08:24:28.409 I/LorieNative( 8207): ExaTrace: putImage accel count=50816 drawableType=0 drawableId=0x600037 geom=2898x1848 size=2912x22 format=2 depth=24
04-17 08:24:28.410 I/LorieNative( 8207): DamageTraceV2: PutImage count=50432 drawableType=WINDOW screenPixmap=0 drawable=0xb4000070a0f49030 geom=2898x1848 box=0,1386-2898,1408 backend=other fn=0x6d7991fe24 fn_offset=0x30de24 fbase=0x6d79612000 sym=unknown so=/data/app/~~iNwcSjv3C2CZCLwcLxpEtA==/com.termux.x11-1tus8NhfW98goVF914TrYw==/base.apk!/lib/arm64-v8a/libXlorie.so
04-17 08:24:28.447 I/LorieNative( 8207): DamageTraceV2: PutImage count=50496 drawableType=WINDOW screenPixmap=0 drawable=0xb4000070a0f49030 geom=2898x1848 box=0,946-2898,968 backend=other fn=0x6d7991fe24 fn_offset=0x30de24 fbase=0x6d79612000 sym=unknown so=/data/app/~~iNwcSjv3C2CZCLwcLxpEtA==/com.termux.x11-1tus8NhfW98goVF914TrYw==/base.apk!/lib/arm64-v8a/libXlorie.so
04-17 08:24:28.490 I/LorieNative( 8207): ExaTrace: putImage accel count=50944 drawableType=0 drawableId=0x600037 geom=2898x1848 size=2912x22 format=2 depth=24
04-17 08:24:28.491 I/LorieNative( 8207): DamageTraceV2: PutImage count=50560 drawableType=WINDOW screenPixmap=0 drawable=0xb4000070a0f49030 geom=2898x1848 box=0,506-2898,528 backend=other fn=0x6d7991fe24 fn_offset=0x30de24 fbase=0x6d79612000 sym=unknown so=/data/app/~~iNwcSjv3C2CZCLwcLxpEtA==/com.termux.x11-1tus8NhfW98goVF914TrYw==/base.apk!/lib/arm64-v8a/libXlorie.so
04-17 08:24:28.527 I/LorieNative( 8207): DamageTraceV2: PutImage count=50624 drawableType=WINDOW screenPixmap=0 drawable=0xb4000070a0f49030 geom=2898x1848 box=0,66-2898,88 backend=other fn=0x6d7991fe24 fn_offset=0x30de24 fbase=0x6d79612000 sym=unknown so=/data/app/~~iNwcSjv3C2CZCLwcLxpEtA==/com.termux.x11-1tus8NhfW98goVF914TrYw==/base.apk!/lib/arm64-v8a/libXlorie.so
04-17 08:24:28.534 I/LorieNative( 8207): ExaTrace: putImage accel count=51072 drawableType=0 drawableId=0x600037 geom=2898x1848 size=2912x22 format=2 depth=24
04-17 08:24:28.534 I/LorieNative( 8207): DamageTraceV2: PutImage count=50688 drawableType=WINDOW screenPixmap=0 drawable=0xb4000070a0f49030 geom=2898x1848 box=0,1474-2898,1496 backend=other fn=0x6d7991fe24 fn_offset=0x30de24 fbase=0x6d79612000 sym=unknown so=/data/app/~~iNwcSjv3C2CZCLwcLxpEtA==/com.termux.x11-1tus8NhfW98goVF914TrYw==/base.apk!/lib/arm64-v8a/libXlorie.so
04-17 08:24:28.564 I/LorieNative( 8207): DamageTraceV2: PutImage count=50752 drawableType=WINDOW screenPixmap=0 drawable=0xb4000070a0f49030 geom=2898x1848 box=0,1034-2898,1056 backend=other fn=0x6d7991fe24 fn_offset=0x30de24 fbase=0x6d79612000 sym=unknown so=/data/app/~~iNwcSjv3C2CZCLwcLxpEtA==/com.termux.x11-1tus8NhfW98goVF914TrYw==/base.apk!/lib/arm64-v8a/libXlorie.so
04-17 08:24:28.599 I/LorieNative( 8207): ExaTrace: putImage accel count=51200 drawableType=0 drawableId=0x600037 geom=2898x1848 size=2912x22 format=2 depth=24
04-17 08:24:28.601 I/LorieNative( 8207): DamageTraceV2: PutImage count=50816 drawableType=WINDOW screenPixmap=0 drawable=0xb4000070a0f49030 geom=2898x1848 box=0,594-2898,616 backend=other fn=0x6d7991fe24 fn_offset=0x30de24 fbase=0x6d79612000 sym=unknown so=/data/app/~~iNwcSjv3C2CZCLwcLxpEtA==/com.termux.x11-1tus8NhfW98goVF914TrYw==/base.apk!/lib/arm64-v8a/libXlorie.so
04-17 08:24:28.638 I/LorieNative( 8207): DamageTraceV2: PutImage count=50880 drawableType=WINDOW screenPixmap=0 drawable=0xb4000070a0f49030 geom=2898x1848 box=0,154-2898,176 backend=other fn=0x6d7991fe24 fn_offset=0x30de24 fbase=0x6d79612000 sym=unknown so=/data/app/~~iNwcSjv3C2CZCLwcLxpEtA==/com.termux.x11-1tus8NhfW98goVF914TrYw==/base.apk!/lib/arm64-v8a/libXlorie.so
04-17 08:24:28.648 I/LorieNative( 8207): ExaTrace: putImage accel count=51328 drawableType=0 drawableId=0x600037 geom=2898x1848 size=2912x22 format=2 depth=24
04-17 08:24:28.650 I/LorieNative( 8207): DamageTraceV2: PutImage count=50944 drawableType=WINDOW screenPixmap=0 drawable=0xb4000070a0f49030 geom=2898x1848 box=0,1562-2898,1584 backend=other fn=0x6d7991fe24 fn_offset=0x30de24 fbase=0x6d79612000 sym=unknown so=/data/app/~~iNwcSjv3C2CZCLwcLxpEtA==/com.termux.x11-1tus8NhfW98goVF914TrYw==/base.apk!/lib/arm64-v8a/libXlorie.so
04-17 08:24:28.697 I/LorieNative( 8207): DamageTraceV2: PutImage count=51008 drawableType=WINDOW screenPixmap=0 drawable=0xb4000070a0f49030 geom=2898x1848 box=0,1122-2898,1144 backend=other fn=0x6d7991fe24 fn_offset=0x30de24 fbase=0x6d79612000 sym=unknown so=/data/app/~~iNwcSjv3C2CZCLwcLxpEtA==/com.termux.x11-1tus8NhfW98goVF914TrYw==/base.apk!/lib/arm64-v8a/libXlorie.so
04-17 08:24:28.730 I/LorieNative( 8207): ExaTrace: putImage accel count=51456 drawableType=0 drawableId=0x600037 geom=2898x1848 size=2912x22 format=2 depth=24
04-17 08:24:28.732 I/LorieNative( 8207): DamageTraceV2: PutImage count=51072 drawableType=WINDOW screenPixmap=0 drawable=0xb4000070a0f49030 geom=2898x1848 box=0,682-2898,704 backend=other fn=0x6d7991fe24 fn_offset=0x30de24 fbase=0x6d79612000 sym=unknown so=/data/app/~~iNwcSjv3C2CZCLwcLxpEtA==/com.termux.x11-1tus8NhfW98goVF914TrYw==/base.apk!/lib/arm64-v8a/libXlorie.so
04-17 08:24:28.766 I/LorieNative( 8207): DamageTraceV2: PutImage count=51136 drawableType=WINDOW screenPixmap=0 drawable=0xb4000070a0f49030 geom=2898x1848 box=0,242-2898,264 backend=other fn=0x6d7991fe24 fn_offset=0x30de24 fbase=0x6d79612000 sym=unknown so=/data/app/~~iNwcSjv3C2CZCLwcLxpEtA==/com.termux.x11-1tus8NhfW98goVF914TrYw==/base.apk!/lib/arm64-v8a/libXlorie.so
04-17 08:24:28.773 I/LorieNative( 8207): ExaTrace: putImage accel count=51584 drawableType=0 drawableId=0x600037 geom=2898x1848 size=2912x22 format=2 depth=24
04-17 08:24:28.774 I/LorieNative( 8207): DamageTraceV2: PutImage count=51200 drawableType=WINDOW screenPixmap=0 drawable=0xb4000070a0f49030 geom=2898x1848 box=0,1650-2898,1672 backend=other fn=0x6d7991fe24 fn_offset=0x30de24 fbase=0x6d79612000 sym=unknown so=/data/app/~~iNwcSjv3C2CZCLwcLxpEtA==/com.termux.x11-1tus8NhfW98goVF914TrYw==/base.apk!/lib/arm64-v8a/libXlorie.so
04-17 08:24:28.806 I/LorieNative( 8207): DamageTraceV2: PutImage count=51264 drawableType=WINDOW screenPixmap=0 drawable=0xb4000070a0f49030 geom=2898x1848 box=0,1210-2898,1232 backend=other fn=0x6d7991fe24 fn_offset=0x30de24 fbase=0x6d79612000 sym=unknown so=/data/app/~~iNwcSjv3C2CZCLwcLxpEtA==/com.termux.x11-1tus8NhfW98goVF914TrYw==/base.apk!/lib/arm64-v8a/libXlorie.so
04-17 08:24:28.838 I/LorieNative( 8207): ExaTrace: putImage accel count=51712 drawableType=0 drawableId=0x600037 geom=2898x1848 size=2912x22 format=2 depth=24
04-17 08:24:28.839 I/LorieNative( 8207): DamageTraceV2: PutImage count=51328 drawableType=WINDOW screenPixmap=0 drawable=0xb4000070a0f49030 geom=2898x1848 box=0,770-2898,792 backend=other fn=0x6d7991fe24 fn_offset=0x30de24 fbase=0x6d79612000 sym=unknown so=/data/app/~~iNwcSjv3C2CZCLwcLxpEtA==/com.termux.x11-1tus8NhfW98goVF914TrYw==/base.apk!/lib/arm64-v8a/libXlorie.so
04-17 08:24:28.880 I/LorieNative( 8207): DamageTraceV2: PutImage count=51392 drawableType=WINDOW screenPixmap=0 drawable=0xb4000070a0f49030 geom=2898x1848 box=0,330-2898,352 backend=other fn=0x6d7991fe24 fn_offset=0x30de24 fbase=0x6d79612000 sym=unknown so=/data/app/~~iNwcSjv3C2CZCLwcLxpEtA==/com.termux.x11-1tus8NhfW98goVF914TrYw==/base.apk!/lib/arm64-v8a/libXlorie.so
04-17 08:24:28.896 I/LorieNative( 8207): ExaTrace: putImage accel count=51840 drawableType=0 drawableId=0x600037 geom=2898x1848 size=2912x22 format=2 depth=24
04-17 08:24:28.896 I/LorieNative( 8207): DamageTraceV2: PutImage count=51456 drawableType=WINDOW screenPixmap=0 drawable=0xb4000070a0f49030 geom=2898x1848 box=0,1738-2898,1760 backend=other fn=0x6d7991fe24 fn_offset=0x30de24 fbase=0x6d79612000 sym=unknown so=/data/app/~~iNwcSjv3C2CZCLwcLxpEtA==/com.termux.x11-1tus8NhfW98goVF914TrYw==/base.apk!/lib/arm64-v8a/libXlorie.so
04-17 08:24:28.931 I/LorieNative( 8207): DamageTraceV2: PutImage count=51520 drawableType=WINDOW screenPixmap=0 drawable=0xb4000070a0f49030 geom=2898x1848 box=0,1298-2898,1320 backend=other fn=0x6d7991fe24 fn_offset=0x30de24 fbase=0x6d79612000 sym=unknown so=/data/app/~~iNwcSjv3C2CZCLwcLxpEtA==/com.termux.x11-1tus8NhfW98goVF914TrYw==/base.apk!/lib/arm64-v8a/libXlorie.so
04-17 08:24:28.965 I/LorieNative( 8207): ExaTrace: putImage accel count=51968 drawableType=0 drawableId=0x600037 geom=2898x1848 size=2912x22 format=2 depth=24
04-17 08:24:28.966 I/LorieNative( 8207): DamageTraceV2: PutImage count=51584 drawableType=WINDOW screenPixmap=0 drawable=0xb4000070a0f49030 geom=2898x1848 box=0,858-2898,880 backend=other fn=0x6d7991fe24 fn_offset=0x30de24 fbase=0x6d79612000 sym=unknown so=/data/app/~~iNwcSjv3C2CZCLwcLxpEtA==/com.termux.x11-1tus8NhfW98goVF914TrYw==/base.apk!/lib/arm64-v8a/libXlorie.so
04-17 08:24:29.007 I/LorieNative( 8207): DamageTraceV2: PutImage count=51648 drawableType=WINDOW screenPixmap=0 drawable=0xb4000070a0f49030 geom=2898x1848 box=0,418-2898,440 backend=other fn=0x6d7991fe24 fn_offset=0x30de24 fbase=0x6d79612000 sym=unknown so=/data/app/~~iNwcSjv3C2CZCLwcLxpEtA==/com.termux.x11-1tus8NhfW98goVF914TrYw==/base.apk!/lib/arm64-v8a/libXlorie.so
04-17 08:24:29.022 I/LorieNative( 8207): ExaTrace: putImage accel count=52096 drawableType=0 drawableId=0x600037 geom=2898x1848 size=2912x22 format=2 depth=24
04-17 08:24:29.023 I/LorieNative( 8207): DamageTraceV2: PutImage count=51712 drawableType=WINDOW screenPixmap=0 drawable=0xb4000070a0f49030 geom=2898x1848 box=0,1826-2898,1848 backend=other fn=0x6d7991fe24 fn_offset=0x30de24 fbase=0x6d79612000 sym=unknown so=/data/app/~~iNwcSjv3C2CZCLwcLxpEtA==/com.termux.x11-1tus8NhfW98goVF914TrYw==/base.apk!/lib/arm64-v8a/libXlorie.so
04-17 08:24:29.036 I/RLT     ( 1866): +581929ms [THREAD] Choreographer->main op=doFrame frame=5760 | thread=main
04-17 08:24:29.038 I/RLT     ( 1866): +581930ms [FRAME] fps=120.0 jank=0 p99=8.3ms heap=24MB periodic corr=frames-73d6 | thread=main
04-17 08:24:29.064 I/LorieNative( 8207): DamageTraceV2: PutImage count=51776 drawableType=WINDOW screenPixmap=0 drawable=0xb4000070a0f49030 geom=2898x1848 box=0,1386-2898,1408 backend=other fn=0x6d7991fe24 fn_offset=0x30de24 fbase=0x6d79612000 sym=unknown so=/data/app/~~iNwcSjv3C2CZCLwcLxpEtA==/com.termux.x11-1tus8NhfW98goVF914TrYw==/base.apk!/lib/arm64-v8a/libXlorie.so
04-17 08:24:29.105 I/LorieNative( 8207): ExaTrace: putImage accel count=52224 drawableType=0 drawableId=0x600037 geom=2898x1848 size=2912x22 format=2 depth=24
04-17 08:24:29.106 I/LorieNative( 8207): DamageTraceV2: PutImage count=51840 drawableType=WINDOW screenPixmap=0 drawable=0xb4000070a0f49030 geom=2898x1848 box=0,946-2898,968 backend=other fn=0x6d7991fe24 fn_offset=0x30de24 fbase=0x6d79612000 sym=unknown so=/data/app/~~iNwcSjv3C2CZCLwcLxpEtA==/com.termux.x11-1tus8NhfW98goVF914TrYw==/base.apk!/lib/arm64-v8a/libXlorie.so
04-17 08:24:29.140 I/LorieNative( 8207): DamageTraceV2: PutImage count=51904 drawableType=WINDOW screenPixmap=0 drawable=0xb4000070a0f49030 geom=2898x1848 box=0,506-2898,528 backend=other fn=0x6d7991fe24 fn_offset=0x30de24 fbase=0x6d79612000 sym=unknown so=/data/app/~~iNwcSjv3C2CZCLwcLxpEtA==/com.termux.x11-1tus8NhfW98goVF914TrYw==/base.apk!/lib/arm64-v8a/libXlorie.so
04-17 08:24:29.147 I/LorieNative( 8207): ExaTrace: putImage accel count=52352 drawableType=0 drawableId=0x600037 geom=2898x1848 size=2912x22 format=2 depth=24
04-17 08:24:29.175 I/LorieNative( 8207): DamageTraceV2: PutImage count=51968 drawableType=WINDOW screenPixmap=0 drawable=0xb4000070a0f49030 geom=2898x1848 box=0,66-2898,88 backend=other fn=0x6d7991fe24 fn_offset=0x30de24 fbase=0x6d79612000 sym=unknown so=/data/app/~~iNwcSjv3C2CZCLwcLxpEtA==/com.termux.x11-1tus8NhfW98goVF914TrYw==/base.apk!/lib/arm64-v8a/libXlorie.so
04-17 08:24:29.184 I/LorieNative( 8207): DamageTraceV2: PutImage count=52032 drawableType=WINDOW screenPixmap=0 drawable=0xb4000070a0f49030 geom=2898x1848 box=0,1474-2898,1496 backend=other fn=0x6d7991fe24 fn_offset=0x30de24 fbase=0x6d79612000 sym=unknown so=/data/app/~~iNwcSjv3C2CZCLwcLxpEtA==/com.termux.x11-1tus8NhfW98goVF914TrYw==/base.apk!/lib/arm64-v8a/libXlorie.so
04-17 08:24:29.217 I/LorieNative( 8207): ExaTrace: putImage accel count=52480 drawableType=0 drawableId=0x600037 geom=2898x1848 size=2912x22 format=2 depth=24
04-17 08:24:29.218 I/LorieNative( 8207): DamageTraceV2: PutImage count=52096 drawableType=WINDOW screenPixmap=0 drawable=0xb4000070a0f49030 geom=2898x1848 box=0,1034-2898,1056 backend=other fn=0x6d7991fe24 fn_offset=0x30de24 fbase=0x6d79612000 sym=unknown so=/data/app/~~iNwcSjv3C2CZCLwcLxpEtA==/com.termux.x11-1tus8NhfW98goVF914TrYw==/base.apk!/lib/arm64-v8a/libXlorie.so
04-17 08:24:29.251 I/LorieNative( 8207): DamageTraceV2: PutImage count=52160 drawableType=WINDOW screenPixmap=0 drawable=0xb4000070a0f49030 geom=2898x1848 box=0,594-2898,616 backend=other fn=0x6d7991fe24 fn_offset=0x30de24 fbase=0x6d79612000 sym=unknown so=/data/app/~~iNwcSjv3C2CZCLwcLxpEtA==/com.termux.x11-1tus8NhfW98goVF914TrYw==/base.apk!/lib/arm64-v8a/libXlorie.so
04-17 08:24:29.291 I/LorieNative( 8207): ExaTrace: putImage accel count=52608 drawableType=0 drawableId=0x600037 geom=2898x1848 size=2912x22 format=2 depth=24
04-17 08:24:29.294 I/LorieNative( 8207): DamageTraceV2: PutImage count=52224 drawableType=WINDOW screenPixmap=0 drawable=0xb4000070a0f49030 geom=2898x1848 box=0,154-2898,176 backend=other fn=0x6d7991fe24 fn_offset=0x30de24 fbase=0x6d79612000 sym=unknown so=/data/app/~~iNwcSjv3C2CZCLwcLxpEtA==/com.termux.x11-1tus8NhfW98goVF914TrYw==/base.apk!/lib/arm64-v8a/libXlorie.so
04-17 08:24:29.305 I/LorieNative( 8207): DamageTraceV2: PutImage count=52288 drawableType=WINDOW screenPixmap=0 drawable=0xb4000070a0f49030 geom=2898x1848 box=0,1562-2898,1584 backend=other fn=0x6d7991fe24 fn_offset=0x30de24 fbase=0x6d79612000 sym=unknown so=/data/app/~~iNwcSjv3C2CZCLwcLxpEtA==/com.termux.x11-1tus8NhfW98goVF914TrYw==/base.apk!/lib/arm64-v8a/libXlorie.so
04-17 08:24:29.344 I/LorieNative( 8207): ExaTrace: putImage accel count=52736 drawableType=0 drawableId=0x600037 geom=2898x1848 size=2912x22 format=2 depth=24
04-17 08:24:29.347 I/LorieNative( 8207): DamageTraceV2: PutImage count=52352 drawableType=WINDOW screenPixmap=0 drawable=0xb4000070a0f49030 geom=2898x1848 box=0,1122-2898,1144 backend=other fn=0x6d7991fe24 fn_offset=0x30de24 fbase=0x6d79612000 sym=unknown so=/data/app/~~iNwcSjv3C2CZCLwcLxpEtA==/com.termux.x11-1tus8NhfW98goVF914TrYw==/base.apk!/lib/arm64-v8a/libXlorie.so
04-17 08:24:29.392 I/LorieNative( 8207): DamageTraceV2: PutImage count=52416 drawableType=WINDOW screenPixmap=0 drawable=0xb4000070a0f49030 geom=2898x1848 box=0,682-2898,704 backend=other fn=0x6d7991fe24 fn_offset=0x30de24 fbase=0x6d79612000 sym=unknown so=/data/app/~~iNwcSjv3C2CZCLwcLxpEtA==/com.termux.x11-1tus8NhfW98goVF914TrYw==/base.apk!/lib/arm64-v8a/libXlorie.so
04-17 08:24:29.434 I/LorieNative( 8207): ExaTrace: putImage accel count=52864 drawableType=0 drawableId=0x600037 geom=2898x1848 size=2912x22 format=2 depth=24
04-17 08:24:29.438 I/LorieNative( 8207): DamageTraceV2: PutImage count=52480 drawableType=WINDOW screenPixmap=0 drawable=0xb4000070a0f49030 geom=2898x1848 box=0,242-2898,264 backend=other fn=0x6d7991fe24 fn_offset=0x30de24 fbase=0x6d79612000 sym=unknown so=/data/app/~~iNwcSjv3C2CZCLwcLxpEtA==/com.termux.x11-1tus8NhfW98goVF914TrYw==/base.apk!/lib/arm64-v8a/libXlorie.so
04-17 08:24:29.455 I/LorieNative( 8207): DamageTraceV2: PutImage count=52544 drawableType=WINDOW screenPixmap=0 drawable=0xb4000070a0f49030 geom=2898x1848 box=0,1650-2898,1672 backend=other fn=0x6d7991fe24 fn_offset=0x30de24 fbase=0x6d79612000 sym=unknown so=/data/app/~~iNwcSjv3C2CZCLwcLxpEtA==/com.termux.x11-1tus8NhfW98goVF914TrYw==/base.apk!/lib/arm64-v8a/libXlorie.so
04-17 08:24:29.500 I/LorieNative( 8207): ExaTrace: putImage accel count=52992 drawableType=0 drawableId=0x600037 geom=2898x1848 size=2912x22 format=2 depth=24
04-17 08:24:29.504 I/LorieNative( 8207): DamageTraceV2: PutImage count=52608 drawableType=WINDOW screenPixmap=0 drawable=0xb4000070a0f49030 geom=2898x1848 box=0,1210-2898,1232 backend=other fn=0x6d7991fe24 fn_offset=0x30de24 fbase=0x6d79612000 sym=unknown so=/data/app/~~iNwcSjv3C2CZCLwcLxpEtA==/com.termux.x11-1tus8NhfW98goVF914TrYw==/base.apk!/lib/arm64-v8a/libXlorie.so
04-17 08:24:29.549 I/LorieNative( 8207): DamageTraceV2: PutImage count=52672 drawableType=WINDOW screenPixmap=0 drawable=0xb4000070a0f49030 geom=2898x1848 box=0,770-2898,792 backend=other fn=0x6d7991fe24 fn_offset=0x30de24 fbase=0x6d79612000 sym=unknown so=/data/app/~~iNwcSjv3C2CZCLwcLxpEtA==/com.termux.x11-1tus8NhfW98goVF914TrYw==/base.apk!/lib/arm64-v8a/libXlorie.so
04-17 08:24:29.588 I/LorieNative( 8207): ExaTrace: putImage accel count=53120 drawableType=0 drawableId=0x600037 geom=2898x1848 size=2912x22 format=2 depth=24
04-17 08:24:29.590 I/LorieNative( 8207): DamageTraceV2: PutImage count=52736 drawableType=WINDOW screenPixmap=0 drawable=0xb4000070a0f49030 geom=2898x1848 box=0,330-2898,352 backend=other fn=0x6d7991fe24 fn_offset=0x30de24 fbase=0x6d79612000 sym=unknown so=/data/app/~~iNwcSjv3C2CZCLwcLxpEtA==/com.termux.x11-1tus8NhfW98goVF914TrYw==/base.apk!/lib/arm64-v8a/libXlorie.so
04-17 08:24:29.608 I/LorieNative( 8207): DamageTraceV2: PutImage count=52800 drawableType=WINDOW screenPixmap=0 drawable=0xb4000070a0f49030 geom=2898x1848 box=0,1738-2898,1760 backend=other fn=0x6d7991fe24 fn_offset=0x30de24 fbase=0x6d79612000 sym=unknown so=/data/app/~~iNwcSjv3C2CZCLwcLxpEtA==/com.termux.x11-1tus8NhfW98goVF914TrYw==/base.apk!/lib/arm64-v8a/libXlorie.so
04-17 08:24:29.650 I/LorieNative( 8207): ExaTrace: putImage accel count=53248 drawableType=0 drawableId=0x600037 geom=2898x1848 size=2912x22 format=2 depth=24
04-17 08:24:29.651 I/LorieNative( 8207): DamageTraceV2: PutImage count=52864 drawableType=WINDOW screenPixmap=0 drawable=0xb4000070a0f49030 geom=2898x1848 box=0,1298-2898,1320 backend=other fn=0x6d7991fe24 fn_offset=0x30de24 fbase=0x6d79612000 sym=unknown so=/data/app/~~iNwcSjv3C2CZCLwcLxpEtA==/com.termux.x11-1tus8NhfW98goVF914TrYw==/base.apk!/lib/arm64-v8a/libXlorie.so
04-17 08:24:29.692 I/LorieNative( 8207): DamageTraceV2: PutImage count=52928 drawableType=WINDOW screenPixmap=0 drawable=0xb4000070a0f49030 geom=2898x1848 box=0,858-2898,880 backend=other fn=0x6d7991fe24 fn_offset=0x30de24 fbase=0x6d79612000 sym=unknown so=/data/app/~~iNwcSjv3C2CZCLwcLxpEtA==/com.termux.x11-1tus8NhfW98goVF914TrYw==/base.apk!/lib/arm64-v8a/libXlorie.so
04-17 08:24:29.736 I/LorieNative( 8207): ExaTrace: putImage accel count=53376 drawableType=0 drawableId=0x600037 geom=2898x1848 size=2912x22 format=2 depth=24
04-17 08:24:29.738 I/LorieNative( 8207): DamageTraceV2: PutImage count=52992 drawableType=WINDOW screenPixmap=0 drawable=0xb4000070a0f49030 geom=2898x1848 box=0,418-2898,440 backend=other fn=0x6d7991fe24 fn_offset=0x30de24 fbase=0x6d79612000 sym=unknown so=/data/app/~~iNwcSjv3C2CZCLwcLxpEtA==/com.termux.x11-1tus8NhfW98goVF914TrYw==/base.apk!/lib/arm64-v8a/libXlorie.so
04-17 08:24:29.746 I/LorieNative( 8207): DamageTraceV2: PutImage count=53056 drawableType=WINDOW screenPixmap=0 drawable=0xb4000070a0f49030 geom=2898x1848 box=0,1826-2898,1848 backend=other fn=0x6d7991fe24 fn_offset=0x30de24 fbase=0x6d79612000 sym=unknown so=/data/app/~~iNwcSjv3C2CZCLwcLxpEtA==/com.termux.x11-1tus8NhfW98goVF914TrYw==/base.apk!/lib/arm64-v8a/libXlorie.so
04-17 08:24:29.777 I/LorieNative( 8207): ExaTrace: putImage accel count=53504 drawableType=0 drawableId=0x600037 geom=2898x1848 size=2912x22 format=2 depth=24
04-17 08:24:29.780 I/LorieNative( 8207): DamageTraceV2: PutImage count=53120 drawableType=WINDOW screenPixmap=0 drawable=0xb4000070a0f49030 geom=2898x1848 box=0,1386-2898,1408 backend=other fn=0x6d7991fe24 fn_offset=0x30de24 fbase=0x6d79612000 sym=unknown so=/data/app/~~iNwcSjv3C2CZCLwcLxpEtA==/com.termux.x11-1tus8NhfW98goVF914TrYw==/base.apk!/lib/arm64-v8a/libXlorie.so
04-17 08:24:29.814 I/LorieNative( 8207): DamageTraceV2: PutImage count=53184 drawableType=WINDOW screenPixmap=0 drawable=0xb4000070a0f49030 geom=2898x1848 box=0,946-2898,968 backend=other fn=0x6d7991fe24 fn_offset=0x30de24 fbase=0x6d79612000 sym=unknown so=/data/app/~~iNwcSjv3C2CZCLwcLxpEtA==/com.termux.x11-1tus8NhfW98goVF914TrYw==/base.apk!/lib/arm64-v8a/libXlorie.so
04-17 08:24:29.847 I/LorieNative( 8207): ExaTrace: putImage accel count=53632 drawableType=0 drawableId=0x600037 geom=2898x1848 size=2912x22 format=2 depth=24
04-17 08:24:29.848 I/LorieNative( 8207): DamageTraceV2: PutImage count=53248 drawableType=WINDOW screenPixmap=0 drawable=0xb4000070a0f49030 geom=2898x1848 box=0,506-2898,528 backend=other fn=0x6d7991fe24 fn_offset=0x30de24 fbase=0x6d79612000 sym=unknown so=/data/app/~~iNwcSjv3C2CZCLwcLxpEtA==/com.termux.x11-1tus8NhfW98goVF914TrYw==/base.apk!/lib/arm64-v8a/libXlorie.so
04-17 08:24:29.887 I/LorieNative( 8207): DamageTraceV2: PutImage count=53312 drawableType=WINDOW screenPixmap=0 drawable=0xb4000070a0f49030 geom=2898x1848 box=0,66-2898,88 backend=other fn=0x6d7991fe24 fn_offset=0x30de24 fbase=0x6d79612000 sym=unknown so=/data/app/~~iNwcSjv3C2CZCLwcLxpEtA==/com.termux.x11-1tus8NhfW98goVF914TrYw==/base.apk!/lib/arm64-v8a/libXlorie.so
04-17 08:24:29.892 I/LorieNative( 8207): ExaTrace: putImage accel count=53760 drawableType=0 drawableId=0x600037 geom=2898x1848 size=2912x22 format=2 depth=24
04-17 08:24:29.893 I/LorieNative( 8207): DamageTraceV2: PutImage count=53376 drawableType=WINDOW screenPixmap=0 drawable=0xb4000070a0f49030 geom=2898x1848 box=0,1474-2898,1496 backend=other fn=0x6d7991fe24 fn_offset=0x30de24 fbase=0x6d79612000 sym=unknown so=/data/app/~~iNwcSjv3C2CZCLwcLxpEtA==/com.termux.x11-1tus8NhfW98goVF914TrYw==/base.apk!/lib/arm64-v8a/libXlorie.so
04-17 08:24:29.934 I/LorieNative( 8207): DamageTraceV2: PutImage count=53440 drawableType=WINDOW screenPixmap=0 drawable=0xb4000070a0f49030 geom=2898x1848 box=0,1034-2898,1056 backend=other fn=0x6d7991fe24 fn_offset=0x30de24 fbase=0x6d79612000 sym=unknown so=/data/app/~~iNwcSjv3C2CZCLwcLxpEtA==/com.termux.x11-1tus8NhfW98goVF914TrYw==/base.apk!/lib/arm64-v8a/libXlorie.so
04-17 08:24:29.968 I/LorieNative( 8207): ExaTrace: putImage accel count=53888 drawableType=0 drawableId=0x600037 geom=2898x1848 size=2912x22 format=2 depth=24
04-17 08:24:29.969 I/LorieNative( 8207): DamageTraceV2: PutImage count=53504 drawableType=WINDOW screenPixmap=0 drawable=0xb4000070a0f49030 geom=2898x1848 box=0,594-2898,616 backend=other fn=0x6d7991fe24 fn_offset=0x30de24 fbase=0x6d79612000 sym=unknown so=/data/app/~~iNwcSjv3C2CZCLwcLxpEtA==/com.termux.x11-1tus8NhfW98goVF914TrYw==/base.apk!/lib/arm64-v8a/libXlorie.so
04-17 08:24:30.006 I/LorieNative( 8207): DamageTraceV2: PutImage count=53568 drawableType=WINDOW screenPixmap=0 drawable=0xb4000070a0f49030 geom=2898x1848 box=0,154-2898,176 backend=other fn=0x6d7991fe24 fn_offset=0x30de24 fbase=0x6d79612000 sym=unknown so=/data/app/~~iNwcSjv3C2CZCLwcLxpEtA==/com.termux.x11-1tus8NhfW98goVF914TrYw==/base.apk!/lib/arm64-v8a/libXlorie.so
04-17 08:24:30.011 I/LorieNative( 8207): ExaTrace: putImage accel count=54016 drawableType=0 drawableId=0x600037 geom=2898x1848 size=2912x22 format=2 depth=24
04-17 08:24:30.013 I/LorieNative( 8207): DamageTraceV2: PutImage count=53632 drawableType=WINDOW screenPixmap=0 drawable=0xb4000070a0f49030 geom=2898x1848 box=0,1562-2898,1584 backend=other fn=0x6d7991fe24 fn_offset=0x30de24 fbase=0x6d79612000 sym=unknown so=/data/app/~~iNwcSjv3C2CZCLwcLxpEtA==/com.termux.x11-1tus8NhfW98goVF914TrYw==/base.apk!/lib/arm64-v8a/libXlorie.so
04-17 08:24:30.036 I/RLT     ( 1866): +582928ms [THREAD] Choreographer->main op=doFrame frame=5880 | thread=main
04-17 08:24:30.037 I/RLT     ( 1866): +582929ms [FRAME] fps=120.0 jank=0 p99=8.3ms heap=24MB periodic corr=frames-73d6 | thread=main
04-17 08:24:30.050 I/LorieNative( 8207): DamageTraceV2: PutImage count=53696 drawableType=WINDOW screenPixmap=0 drawable=0xb4000070a0f49030 geom=2898x1848 box=0,1122-2898,1144 backend=other fn=0x6d7991fe24 fn_offset=0x30de24 fbase=0x6d79612000 sym=unknown so=/data/app/~~iNwcSjv3C2CZCLwcLxpEtA==/com.termux.x11-1tus8NhfW98goVF914TrYw==/base.apk!/lib/arm64-v8a/libXlorie.so
04-17 08:24:30.085 I/LorieNative( 8207): ExaTrace: putImage accel count=54144 drawableType=0 drawableId=0x600037 geom=2898x1848 size=2912x22 format=2 depth=24
04-17 08:24:30.086 I/LorieNative( 8207): DamageTraceV2: PutImage count=53760 drawableType=WINDOW screenPixmap=0 drawable=0xb4000070a0f49030 geom=2898x1848 box=0,682-2898,704 backend=other fn=0x6d7991fe24 fn_offset=0x30de24 fbase=0x6d79612000 sym=unknown so=/data/app/~~iNwcSjv3C2CZCLwcLxpEtA==/com.termux.x11-1tus8NhfW98goVF914TrYw==/base.apk!/lib/arm64-v8a/libXlorie.so
04-17 08:24:30.121 I/LorieNative( 8207): DamageTraceV2: PutImage count=53824 drawableType=WINDOW screenPixmap=0 drawable=0xb4000070a0f49030 geom=2898x1848 box=0,242-2898,264 backend=other fn=0x6d7991fe24 fn_offset=0x30de24 fbase=0x6d79612000 sym=unknown so=/data/app/~~iNwcSjv3C2CZCLwcLxpEtA==/com.termux.x11-1tus8NhfW98goVF914TrYw==/base.apk!/lib/arm64-v8a/libXlorie.so
04-17 08:24:30.126 I/LorieNative( 8207): ExaTrace: putImage accel count=54272 drawableType=0 drawableId=0x600037 geom=2898x1848 size=2912x22 format=2 depth=24
04-17 08:24:30.127 I/LorieNative( 8207): DamageTraceV2: PutImage count=53888 drawableType=WINDOW screenPixmap=0 drawable=0xb4000070a0f49030 geom=2898x1848 box=0,1650-2898,1672 backend=other fn=0x6d7991fe24 fn_offset=0x30de24 fbase=0x6d79612000 sym=unknown so=/data/app/~~iNwcSjv3C2CZCLwcLxpEtA==/com.termux.x11-1tus8NhfW98goVF914TrYw==/base.apk!/lib/arm64-v8a/libXlorie.so
04-17 08:24:30.171 I/LorieNative( 8207): DamageTraceV2: PutImage count=53952 drawableType=WINDOW screenPixmap=0 drawable=0xb4000070a0f49030 geom=2898x1848 box=0,1210-2898,1232 backend=other fn=0x6d7991fe24 fn_offset=0x30de24 fbase=0x6d79612000 sym=unknown so=/data/app/~~iNwcSjv3C2CZCLwcLxpEtA==/com.termux.x11-1tus8NhfW98goVF914TrYw==/base.apk!/lib/arm64-v8a/libXlorie.so
04-17 08:24:30.206 I/LorieNative( 8207): ExaTrace: putImage accel count=54400 drawableType=0 drawableId=0x600037 geom=2898x1848 size=2912x22 format=2 depth=24
04-17 08:24:30.207 I/LorieNative( 8207): DamageTraceV2: PutImage count=54016 drawableType=WINDOW screenPixmap=0 drawable=0xb4000070a0f49030 geom=2898x1848 box=0,770-2898,792 backend=other fn=0x6d7991fe24 fn_offset=0x30de24 fbase=0x6d79612000 sym=unknown so=/data/app/~~iNwcSjv3C2CZCLwcLxpEtA==/com.termux.x11-1tus8NhfW98goVF914TrYw==/base.apk!/lib/arm64-v8a/libXlorie.so
04-17 08:24:30.243 I/LorieNative( 8207): DamageTraceV2: PutImage count=54080 drawableType=WINDOW screenPixmap=0 drawable=0xb4000070a0f49030 geom=2898x1848 box=0,330-2898,352 backend=other fn=0x6d7991fe24 fn_offset=0x30de24 fbase=0x6d79612000 sym=unknown so=/data/app/~~iNwcSjv3C2CZCLwcLxpEtA==/com.termux.x11-1tus8NhfW98goVF914TrYw==/base.apk!/lib/arm64-v8a/libXlorie.so
04-17 08:24:30.251 I/LorieNative( 8207): ExaTrace: putImage accel count=54528 drawableType=0 drawableId=0x600037 geom=2898x1848 size=2912x22 format=2 depth=24
04-17 08:24:30.251 I/LorieNative( 8207): DamageTraceV2: PutImage count=54144 drawableType=WINDOW screenPixmap=0 drawable=0xb4000070a0f49030 geom=2898x1848 box=0,1738-2898,1760 backend=other fn=0x6d7991fe24 fn_offset=0x30de24 fbase=0x6d79612000 sym=unknown so=/data/app/~~iNwcSjv3C2CZCLwcLxpEtA==/com.termux.x11-1tus8NhfW98goVF914TrYw==/base.apk!/lib/arm64-v8a/libXlorie.so
04-17 08:24:30.275 I/LorieNative( 8207): choreographer callbacks in 5.0 seconds = 120.0 FPS
04-17 08:24:30.275 I/LorieNative( 8207): redraw wakeups in 5.0 seconds = 120.0 FPS
04-17 08:24:30.275 I/LorieNative( 8207): damage-triggered redraws in 5.0 seconds = 63.6 FPS
04-17 08:24:30.275 I/LorieNative( 8207): AhbLockTrace: sticky=0 lock_calls=318 unlock_calls=318 sticky_hits=9660 flush_skipped=0 in 5.0s
04-17 08:24:30.275 I/LorieNative( 8207): present flip attempts in 5.0 seconds = 0.0 FPS (accepted 0.0, rejected 0.0)
04-17 08:24:30.275 I/LorieNative( 8207): present after-flips in 5.0 seconds = 0.0 FPS
04-17 08:24:30.275 I/LorieNative( 8207): 345 frames in 5.0 seconds = 69.0 FPS
04-17 08:24:30.284 I/LorieNative( 8207): DamageTraceV2: PutImage count=54208 drawableType=WINDOW screenPixmap=0 drawable=0xb4000070a0f49030 geom=2898x1848 box=0,1298-2898,1320 backend=other fn=0x6d7991fe24 fn_offset=0x30de24 fbase=0x6d79612000 sym=unknown so=/data/app/~~iNwcSjv3C2CZCLwcLxpEtA==/com.termux.x11-1tus8NhfW98goVF914TrYw==/base.apk!/lib/arm64-v8a/libXlorie.so
04-17 08:24:30.315 I/RLT     ( 1866): +583207ms [PERF] PERF_SUMMARY:   renderer_fps=65.4 wait_choreo_pct=0 wait_content_pct=0 wait_state_pct=0 | thread=perf-dashboard
04-17 08:24:30.333 I/LorieNative( 8207): ExaTrace: putImage accel count=54656 drawableType=0 drawableId=0x600037 geom=2898x1848 size=2912x22 format=2 depth=24
04-17 08:24:30.334 I/LorieNative( 8207): DamageTraceV2: PutImage count=54272 drawableType=WINDOW screenPixmap=0 drawable=0xb4000070a0f49030 geom=2898x1848 box=0,858-2898,880 backend=other fn=0x6d7991fe24 fn_offset=0x30de24 fbase=0x6d79612000 sym=unknown so=/data/app/~~iNwcSjv3C2CZCLwcLxpEtA==/com.termux.x11-1tus8NhfW98goVF914TrYw==/base.apk!/lib/arm64-v8a/libXlorie.so
04-17 08:24:30.375 I/LorieNative( 8207): DamageTraceV2: PutImage count=54336 drawableType=WINDOW screenPixmap=0 drawable=0xb4000070a0f49030 geom=2898x1848 box=0,418-2898,440 backend=other fn=0x6d7991fe24 fn_offset=0x30de24 fbase=0x6d79612000 sym=unknown so=/data/app/~~iNwcSjv3C2CZCLwcLxpEtA==/com.termux.x11-1tus8NhfW98goVF914TrYw==/base.apk!/lib/arm64-v8a/libXlorie.so
04-17 08:24:30.383 I/LorieNative( 8207): ExaTrace: putImage accel count=54784 drawableType=0 drawableId=0x600037 geom=2898x1848 size=2912x22 format=2 depth=24
04-17 08:24:30.384 I/LorieNative( 8207): DamageTraceV2: PutImage count=54400 drawableType=WINDOW screenPixmap=0 drawable=0xb4000070a0f49030 geom=2898x1848 box=0,1826-2898,1848 backend=other fn=0x6d7991fe24 fn_offset=0x30de24 fbase=0x6d79612000 sym=unknown so=/data/app/~~iNwcSjv3C2CZCLwcLxpEtA==/com.termux.x11-1tus8NhfW98goVF914TrYw==/base.apk!/lib/arm64-v8a/libXlorie.so
04-17 08:24:30.424 I/LorieNative( 8207): DamageTraceV2: PutImage count=54464 drawableType=WINDOW screenPixmap=0 drawable=0xb4000070a0f49030 geom=2898x1848 box=0,1386-2898,1408 backend=other fn=0x6d7991fe24 fn_offset=0x30de24 fbase=0x6d79612000 sym=unknown so=/data/app/~~iNwcSjv3C2CZCLwcLxpEtA==/com.termux.x11-1tus8NhfW98goVF914TrYw==/base.apk!/lib/arm64-v8a/libXlorie.so
04-17 08:24:30.461 I/LorieNative( 8207): ExaTrace: putImage accel count=54912 drawableType=0 drawableId=0x600037 geom=2898x1848 size=2912x22 format=2 depth=24
04-17 08:24:30.463 I/LorieNative( 8207): DamageTraceV2: PutImage count=54528 drawableType=WINDOW screenPixmap=0 drawable=0xb4000070a0f49030 geom=2898x1848 box=0,946-2898,968 backend=other fn=0x6d7991fe24 fn_offset=0x30de24 fbase=0x6d79612000 sym=unknown so=/data/app/~~iNwcSjv3C2CZCLwcLxpEtA==/com.termux.x11-1tus8NhfW98goVF914TrYw==/base.apk!/lib/arm64-v8a/libXlorie.so
04-17 08:24:30.501 I/LorieNative( 8207): DamageTraceV2: PutImage count=54592 drawableType=WINDOW screenPixmap=0 drawable=0xb4000070a0f49030 geom=2898x1848 box=0,506-2898,528 backend=other fn=0x6d7991fe24 fn_offset=0x30de24 fbase=0x6d79612000 sym=unknown so=/data/app/~~iNwcSjv3C2CZCLwcLxpEtA==/com.termux.x11-1tus8NhfW98goVF914TrYw==/base.apk!/lib/arm64-v8a/libXlorie.so
04-17 08:24:30.508 I/LorieNative( 8207): ExaTrace: putImage accel count=55040 drawableType=0 drawableId=0x600037 geom=2898x1848 size=2912x22 format=2 depth=24
04-17 08:24:30.542 I/LorieNative( 8207): DamageTraceV2: PutImage count=54656 drawableType=WINDOW screenPixmap=0 drawable=0xb4000070a0f49030 geom=2898x1848 box=0,66-2898,88 backend=other fn=0x6d7991fe24 fn_offset=0x30de24 fbase=0x6d79612000 sym=unknown so=/data/app/~~iNwcSjv3C2CZCLwcLxpEtA==/com.termux.x11-1tus8NhfW98goVF914TrYw==/base.apk!/lib/arm64-v8a/libXlorie.so
04-17 08:24:30.551 I/LorieNative( 8207): DamageTraceV2: PutImage count=54720 drawableType=WINDOW screenPixmap=0 drawable=0xb4000070a0f49030 geom=2898x1848 box=0,1474-2898,1496 backend=other fn=0x6d7991fe24 fn_offset=0x30de24 fbase=0x6d79612000 sym=unknown so=/data/app/~~iNwcSjv3C2CZCLwcLxpEtA==/com.termux.x11-1tus8NhfW98goVF914TrYw==/base.apk!/lib/arm64-v8a/libXlorie.so
04-17 08:24:30.588 I/LorieNative( 8207): ExaTrace: putImage accel count=55168 drawableType=0 drawableId=0x600037 geom=2898x1848 size=2912x22 format=2 depth=24
04-17 08:24:30.588 I/LorieNative( 8207): DamageTraceV2: PutImage count=54784 drawableType=WINDOW screenPixmap=0 drawable=0xb4000070a0f49030 geom=2898x1848 box=0,1034-2898,1056 backend=other fn=0x6d7991fe24 fn_offset=0x30de24 fbase=0x6d79612000 sym=unknown so=/data/app/~~iNwcSjv3C2CZCLwcLxpEtA==/com.termux.x11-1tus8NhfW98goVF914TrYw==/base.apk!/lib/arm64-v8a/libXlorie.so
04-17 08:24:30.623 I/LorieNative( 8207): DamageTraceV2: PutImage count=54848 drawableType=WINDOW screenPixmap=0 drawable=0xb4000070a0f49030 geom=2898x1848 box=0,594-2898,616 backend=other fn=0x6d7991fe24 fn_offset=0x30de24 fbase=0x6d79612000 sym=unknown so=/data/app/~~iNwcSjv3C2CZCLwcLxpEtA==/com.termux.x11-1tus8NhfW98goVF914TrYw==/base.apk!/lib/arm64-v8a/libXlorie.so
04-17 08:24:30.656 I/LorieNative( 8207): ExaTrace: putImage accel count=55296 drawableType=0 drawableId=0x600037 geom=2898x1848 size=2912x22 format=2 depth=24
04-17 08:24:30.657 I/LorieNative( 8207): DamageTraceV2: PutImage count=54912 drawableType=WINDOW screenPixmap=0 drawable=0xb4000070a0f49030 geom=2898x1848 box=0,154-2898,176 backend=other fn=0x6d7991fe24 fn_offset=0x30de24 fbase=0x6d79612000 sym=unknown so=/data/app/~~iNwcSjv3C2CZCLwcLxpEtA==/com.termux.x11-1tus8NhfW98goVF914TrYw==/base.apk!/lib/arm64-v8a/libXlorie.so
04-17 08:24:30.664 I/LorieNative( 8207): DamageTraceV2: PutImage count=54976 drawableType=WINDOW screenPixmap=0 drawable=0xb4000070a0f49030 geom=2898x1848 box=0,1562-2898,1584 backend=other fn=0x6d7991fe24 fn_offset=0x30de24 fbase=0x6d79612000 sym=unknown so=/data/app/~~iNwcSjv3C2CZCLwcLxpEtA==/com.termux.x11-1tus8NhfW98goVF914TrYw==/base.apk!/lib/arm64-v8a/libXlorie.so
04-17 08:24:30.700 I/LorieNative( 8207): ExaTrace: putImage accel count=55424 drawableType=0 drawableId=0x600037 geom=2898x1848 size=2912x22 format=2 depth=24
04-17 08:24:30.701 I/LorieNative( 8207): DamageTraceV2: PutImage count=55040 drawableType=WINDOW screenPixmap=0 drawable=0xb4000070a0f49030 geom=2898x1848 box=0,1122-2898,1144 backend=other fn=0x6d7991fe24 fn_offset=0x30de24 fbase=0x6d79612000 sym=unknown so=/data/app/~~iNwcSjv3C2CZCLwcLxpEtA==/com.termux.x11-1tus8NhfW98goVF914TrYw==/base.apk!/lib/arm64-v8a/libXlorie.so
04-17 08:24:30.742 I/LorieNative( 8207): DamageTraceV2: PutImage count=55104 drawableType=WINDOW screenPixmap=0 drawable=0xb4000070a0f49030 geom=2898x1848 box=0,682-2898,704 backend=other fn=0x6d7991fe24 fn_offset=0x30de24 fbase=0x6d79612000 sym=unknown so=/data/app/~~iNwcSjv3C2CZCLwcLxpEtA==/com.termux.x11-1tus8NhfW98goVF914TrYw==/base.apk!/lib/arm64-v8a/libXlorie.so
04-17 08:24:30.785 I/LorieNative( 8207): ExaTrace: putImage accel count=55552 drawableType=0 drawableId=0x600037 geom=2898x1848 size=2912x22 format=2 depth=24
04-17 08:24:30.788 I/LorieNative( 8207): DamageTraceV2: PutImage count=55168 drawableType=WINDOW screenPixmap=0 drawable=0xb4000070a0f49030 geom=2898x1848 box=0,242-2898,264 backend=other fn=0x6d7991fe24 fn_offset=0x30de24 fbase=0x6d79612000 sym=unknown so=/data/app/~~iNwcSjv3C2CZCLwcLxpEtA==/com.termux.x11-1tus8NhfW98goVF914TrYw==/base.apk!/lib/arm64-v8a/libXlorie.so
04-17 08:24:30.804 I/LorieNative( 8207): DamageTraceV2: PutImage count=55232 drawableType=WINDOW screenPixmap=0 drawable=0xb4000070a0f49030 geom=2898x1848 box=0,1650-2898,1672 backend=other fn=0x6d7991fe24 fn_offset=0x30de24 fbase=0x6d79612000 sym=unknown so=/data/app/~~iNwcSjv3C2CZCLwcLxpEtA==/com.termux.x11-1tus8NhfW98goVF914TrYw==/base.apk!/lib/arm64-v8a/libXlorie.so
04-17 08:24:30.857 I/LorieNative( 8207): ExaTrace: putImage accel count=55680 drawableType=0 drawableId=0x600037 geom=2898x1848 size=2912x22 format=2 depth=24
04-17 08:24:30.860 I/LorieNative( 8207): DamageTraceV2: PutImage count=55296 drawableType=WINDOW screenPixmap=0 drawable=0xb4000070a0f49030 geom=2898x1848 box=0,1210-2898,1232 backend=other fn=0x6d7991fe24 fn_offset=0x30de24 fbase=0x6d79612000 sym=unknown so=/data/app/~~iNwcSjv3C2CZCLwcLxpEtA==/com.termux.x11-1tus8NhfW98goVF914TrYw==/base.apk!/lib/arm64-v8a/libXlorie.so
04-17 08:24:30.916 I/LorieNative( 8207): DamageTraceV2: PutImage count=55360 drawableType=WINDOW screenPixmap=0 drawable=0xb4000070a0f49030 geom=2898x1848 box=0,770-2898,792 backend=other fn=0x6d7991fe24 fn_offset=0x30de24 fbase=0x6d79612000 sym=unknown so=/data/app/~~iNwcSjv3C2CZCLwcLxpEtA==/com.termux.x11-1tus8NhfW98goVF914TrYw==/base.apk!/lib/arm64-v8a/libXlorie.so
04-17 08:24:30.955 I/LorieNative( 8207): ExaTrace: putImage accel count=55808 drawableType=0 drawableId=0x600037 geom=2898x1848 size=2912x22 format=2 depth=24
04-17 08:24:30.956 I/LorieNative( 8207): DamageTraceV2: PutImage count=55424 drawableType=WINDOW screenPixmap=0 drawable=0xb4000070a0f49030 geom=2898x1848 box=0,330-2898,352 backend=other fn=0x6d7991fe24 fn_offset=0x30de24 fbase=0x6d79612000 sym=unknown so=/data/app/~~iNwcSjv3C2CZCLwcLxpEtA==/com.termux.x11-1tus8NhfW98goVF914TrYw==/base.apk!/lib/arm64-v8a/libXlorie.so
04-17 08:24:30.966 I/LorieNative( 8207): DamageTraceV2: PutImage count=55488 drawableType=WINDOW screenPixmap=0 drawable=0xb4000070a0f49030 geom=2898x1848 box=0,1738-2898,1760 backend=other fn=0x6d7991fe24 fn_offset=0x30de24 fbase=0x6d79612000 sym=unknown so=/data/app/~~iNwcSjv3C2CZCLwcLxpEtA==/com.termux.x11-1tus8NhfW98goVF914TrYw==/base.apk!/lib/arm64-v8a/libXlorie.so
04-17 08:24:31.019 I/LorieNative( 8207): ExaTrace: putImage accel count=55936 drawableType=0 drawableId=0x600037 geom=2898x1848 size=2912x22 format=2 depth=24
04-17 08:24:31.022 I/LorieNative( 8207): DamageTraceV2: PutImage count=55552 drawableType=WINDOW screenPixmap=0 drawable=0xb4000070a0f49030 geom=2898x1848 box=0,1298-2898,1320 backend=other fn=0x6d7991fe24 fn_offset=0x30de24 fbase=0x6d79612000 sym=unknown so=/data/app/~~iNwcSjv3C2CZCLwcLxpEtA==/com.termux.x11-1tus8NhfW98goVF914TrYw==/base.apk!/lib/arm64-v8a/libXlorie.so
04-17 08:24:31.036 I/RLT     ( 1866): +583928ms [THREAD] Choreographer->main op=doFrame frame=6000 | thread=main
04-17 08:24:31.037 I/RLT     ( 1866): +583929ms [FRAME] fps=120.0 jank=0 p99=8.3ms heap=24MB periodic corr=frames-73d6 | thread=main
04-17 08:24:31.105 I/LorieNative( 8207): DamageTraceV2: PutImage count=55616 drawableType=WINDOW screenPixmap=0 drawable=0xb4000070a0f49030 geom=2898x1848 box=0,858-2898,880 backend=other fn=0x6d7991fe24 fn_offset=0x30de24 fbase=0x6d79612000 sym=unknown so=/data/app/~~iNwcSjv3C2CZCLwcLxpEtA==/com.termux.x11-1tus8NhfW98goVF914TrYw==/base.apk!/lib/arm64-v8a/libXlorie.so
04-17 08:24:31.147 I/LorieNative( 8207): ExaTrace: putImage accel count=56064 drawableType=0 drawableId=0x600037 geom=2898x1848 size=2912x22 format=2 depth=24
04-17 08:24:31.148 I/LorieNative( 8207): DamageTraceV2: PutImage count=55680 drawableType=WINDOW screenPixmap=0 drawable=0xb4000070a0f49030 geom=2898x1848 box=0,418-2898,440 backend=other fn=0x6d7991fe24 fn_offset=0x30de24 fbase=0x6d79612000 sym=unknown so=/data/app/~~iNwcSjv3C2CZCLwcLxpEtA==/com.termux.x11-1tus8NhfW98goVF914TrYw==/base.apk!/lib/arm64-v8a/libXlorie.so
04-17 08:24:31.163 I/LorieNative( 8207): DamageTraceV2: PutImage count=55744 drawableType=WINDOW screenPixmap=0 drawable=0xb4000070a0f49030 geom=2898x1848 box=0,1826-2898,1848 backend=other fn=0x6d7991fe24 fn_offset=0x30de24 fbase=0x6d79612000 sym=unknown so=/data/app/~~iNwcSjv3C2CZCLwcLxpEtA==/com.termux.x11-1tus8NhfW98goVF914TrYw==/base.apk!/lib/arm64-v8a/libXlorie.so
04-17 08:24:31.205 I/LorieNative( 8207): ExaTrace: putImage accel count=56192 drawableType=0 drawableId=0x600037 geom=2898x1848 size=2912x22 format=2 depth=24
04-17 08:24:31.208 I/LorieNative( 8207): DamageTraceV2: PutImage count=55808 drawableType=WINDOW screenPixmap=0 drawable=0xb4000070a0f49030 geom=2898x1848 box=0,1386-2898,1408 backend=other fn=0x6d7991fe24 fn_offset=0x30de24 fbase=0x6d79612000 sym=unknown so=/data/app/~~iNwcSjv3C2CZCLwcLxpEtA==/com.termux.x11-1tus8NhfW98goVF914TrYw==/base.apk!/lib/arm64-v8a/libXlorie.so
04-17 08:24:31.247 I/LorieNative( 8207): DamageTraceV2: PutImage count=55872 drawableType=WINDOW screenPixmap=0 drawable=0xb4000070a0f49030 geom=2898x1848 box=0,946-2898,968 backend=other fn=0x6d7991fe24 fn_offset=0x30de24 fbase=0x6d79612000 sym=unknown so=/data/app/~~iNwcSjv3C2CZCLwcLxpEtA==/com.termux.x11-1tus8NhfW98goVF914TrYw==/base.apk!/lib/arm64-v8a/libXlorie.so
04-17 08:24:31.288 I/LorieNative( 8207): ExaTrace: putImage accel count=56320 drawableType=0 drawableId=0x600037 geom=2898x1848 size=2912x22 format=2 depth=24
04-17 08:24:31.289 I/LorieNative( 8207): DamageTraceV2: PutImage count=55936 drawableType=WINDOW screenPixmap=0 drawable=0xb4000070a0f49030 geom=2898x1848 box=0,506-2898,528 backend=other fn=0x6d7991fe24 fn_offset=0x30de24 fbase=0x6d79612000 sym=unknown so=/data/app/~~iNwcSjv3C2CZCLwcLxpEtA==/com.termux.x11-1tus8NhfW98goVF914TrYw==/base.apk!/lib/arm64-v8a/libXlorie.so
04-17 08:24:31.333 I/LorieNative( 8207): DamageTraceV2: PutImage count=56000 drawableType=WINDOW screenPixmap=0 drawable=0xb4000070a0f49030 geom=2898x1848 box=0,66-2898,88 backend=other fn=0x6d7991fe24 fn_offset=0x30de24 fbase=0x6d79612000 sym=unknown so=/data/app/~~iNwcSjv3C2CZCLwcLxpEtA==/com.termux.x11-1tus8NhfW98goVF914TrYw==/base.apk!/lib/arm64-v8a/libXlorie.so
04-17 08:24:31.347 I/LorieNative( 8207): ExaTrace: putImage accel count=56448 drawableType=0 drawableId=0x600037 geom=2898x1848 size=2912x22 format=2 depth=24
04-17 08:24:31.349 I/LorieNative( 8207): DamageTraceV2: PutImage count=56064 drawableType=WINDOW screenPixmap=0 drawable=0xb4000070a0f49030 geom=2898x1848 box=0,1474-2898,1496 backend=other fn=0x6d7991fe24 fn_offset=0x30de24 fbase=0x6d79612000 sym=unknown so=/data/app/~~iNwcSjv3C2CZCLwcLxpEtA==/com.termux.x11-1tus8NhfW98goVF914TrYw==/base.apk!/lib/arm64-v8a/libXlorie.so
04-17 08:24:31.389 I/LorieNative( 8207): DamageTraceV2: PutImage count=56128 drawableType=WINDOW screenPixmap=0 drawable=0xb4000070a0f49030 geom=2898x1848 box=0,1034-2898,1056 backend=other fn=0x6d7991fe24 fn_offset=0x30de24 fbase=0x6d79612000 sym=unknown so=/data/app/~~iNwcSjv3C2CZCLwcLxpEtA==/com.termux.x11-1tus8NhfW98goVF914TrYw==/base.apk!/lib/arm64-v8a/libXlorie.so
04-17 08:24:31.430 I/LorieNative( 8207): ExaTrace: putImage accel count=56576 drawableType=0 drawableId=0x600037 geom=2898x1848 size=2912x22 format=2 depth=24
04-17 08:24:31.432 I/LorieNative( 8207): DamageTraceV2: PutImage count=56192 drawableType=WINDOW screenPixmap=0 drawable=0xb4000070a0f49030 geom=2898x1848 box=0,594-2898,616 backend=other fn=0x6d7991fe24 fn_offset=0x30de24 fbase=0x6d79612000 sym=unknown so=/data/app/~~iNwcSjv3C2CZCLwcLxpEtA==/com.termux.x11-1tus8NhfW98goVF914TrYw==/base.apk!/lib/arm64-v8a/libXlorie.so
04-17 08:24:31.478 I/LorieNative( 8207): DamageTraceV2: PutImage count=56256 drawableType=WINDOW screenPixmap=0 drawable=0xb4000070a0f49030 geom=2898x1848 box=0,154-2898,176 backend=other fn=0x6d7991fe24 fn_offset=0x30de24 fbase=0x6d79612000 sym=unknown so=/data/app/~~iNwcSjv3C2CZCLwcLxpEtA==/com.termux.x11-1tus8NhfW98goVF914TrYw==/base.apk!/lib/arm64-v8a/libXlorie.so
04-17 08:24:31.492 I/LorieNative( 8207): ExaTrace: putImage accel count=56704 drawableType=0 drawableId=0x600037 geom=2898x1848 size=2912x22 format=2 depth=24
04-17 08:24:31.495 I/LorieNative( 8207): DamageTraceV2: PutImage count=56320 drawableType=WINDOW screenPixmap=0 drawable=0xb4000070a0f49030 geom=2898x1848 box=0,1562-2898,1584 backend=other fn=0x6d7991fe24 fn_offset=0x30de24 fbase=0x6d79612000 sym=unknown so=/data/app/~~iNwcSjv3C2CZCLwcLxpEtA==/com.termux.x11-1tus8NhfW98goVF914TrYw==/base.apk!/lib/arm64-v8a/libXlorie.so
04-17 08:24:31.541 I/LorieNative( 8207): DamageTraceV2: PutImage count=56384 drawableType=WINDOW screenPixmap=0 drawable=0xb4000070a0f49030 geom=2898x1848 box=0,1122-2898,1144 backend=other fn=0x6d7991fe24 fn_offset=0x30de24 fbase=0x6d79612000 sym=unknown so=/data/app/~~iNwcSjv3C2CZCLwcLxpEtA==/com.termux.x11-1tus8NhfW98goVF914TrYw==/base.apk!/lib/arm64-v8a/libXlorie.so
04-17 08:24:31.586 I/LorieNative( 8207): ExaTrace: putImage accel count=56832 drawableType=0 drawableId=0x600037 geom=2898x1848 size=2912x22 format=2 depth=24
04-17 08:24:31.588 I/LorieNative( 8207): DamageTraceV2: PutImage count=56448 drawableType=WINDOW screenPixmap=0 drawable=0xb4000070a0f49030 geom=2898x1848 box=0,682-2898,704 backend=other fn=0x6d7991fe24 fn_offset=0x30de24 fbase=0x6d79612000 sym=unknown so=/data/app/~~iNwcSjv3C2CZCLwcLxpEtA==/com.termux.x11-1tus8NhfW98goVF914TrYw==/base.apk!/lib/arm64-v8a/libXlorie.so
04-17 08:24:31.649 I/LorieNative( 8207): DamageTraceV2: PutImage count=56512 drawableType=WINDOW screenPixmap=0 drawable=0xb4000070a0f49030 geom=2898x1848 box=0,242-2898,264 backend=other fn=0x6d7991fe24 fn_offset=0x30de24 fbase=0x6d79612000 sym=unknown so=/data/app/~~iNwcSjv3C2CZCLwcLxpEtA==/com.termux.x11-1tus8NhfW98goVF914TrYw==/base.apk!/lib/arm64-v8a/libXlorie.so
04-17 08:24:31.669 I/LorieNative( 8207): ExaTrace: putImage accel count=56960 drawableType=0 drawableId=0x600037 geom=2898x1848 size=2912x22 format=2 depth=24
04-17 08:24:31.673 I/LorieNative( 8207): DamageTraceV2: PutImage count=56576 drawableType=WINDOW screenPixmap=0 drawable=0xb4000070a0f49030 geom=2898x1848 box=0,1650-2898,1672 backend=other fn=0x6d7991fe24 fn_offset=0x30de24 fbase=0x6d79612000 sym=unknown so=/data/app/~~iNwcSjv3C2CZCLwcLxpEtA==/com.termux.x11-1tus8NhfW98goVF914TrYw==/base.apk!/lib/arm64-v8a/libXlorie.so
04-17 08:24:31.708 I/LorieNative( 8207): DamageTraceV2: PutImage count=56640 drawableType=WINDOW screenPixmap=0 drawable=0xb4000070a0f49030 geom=2898x1848 box=0,1210-2898,1232 backend=other fn=0x6d7991fe24 fn_offset=0x30de24 fbase=0x6d79612000 sym=unknown so=/data/app/~~iNwcSjv3C2CZCLwcLxpEtA==/com.termux.x11-1tus8NhfW98goVF914TrYw==/base.apk!/lib/arm64-v8a/libXlorie.so
04-17 08:24:31.739 I/LorieNative( 8207): ExaTrace: putImage accel count=57088 drawableType=0 drawableId=0x600037 geom=2898x1848 size=2912x22 format=2 depth=24
04-17 08:24:31.740 I/LorieNative( 8207): DamageTraceV2: PutImage count=56704 drawableType=WINDOW screenPixmap=0 drawable=0xb4000070a0f49030 geom=2898x1848 box=0,770-2898,792 backend=other fn=0x6d7991fe24 fn_offset=0x30de24 fbase=0x6d79612000 sym=unknown so=/data/app/~~iNwcSjv3C2CZCLwcLxpEtA==/com.termux.x11-1tus8NhfW98goVF914TrYw==/base.apk!/lib/arm64-v8a/libXlorie.so
04-17 08:24:31.780 I/LorieNative( 8207): DamageTraceV2: PutImage count=56768 drawableType=WINDOW screenPixmap=0 drawable=0xb4000070a0f49030 geom=2898x1848 box=0,330-2898,352 backend=other fn=0x6d7991fe24 fn_offset=0x30de24 fbase=0x6d79612000 sym=unknown so=/data/app/~~iNwcSjv3C2CZCLwcLxpEtA==/com.termux.x11-1tus8NhfW98goVF914TrYw==/base.apk!/lib/arm64-v8a/libXlorie.so
04-17 08:24:31.789 I/LorieNative( 8207): ExaTrace: putImage accel count=57216 drawableType=0 drawableId=0x600037 geom=2898x1848 size=2912x22 format=2 depth=24
04-17 08:24:31.790 I/LorieNative( 8207): DamageTraceV2: PutImage count=56832 drawableType=WINDOW screenPixmap=0 drawable=0xb4000070a0f49030 geom=2898x1848 box=0,1738-2898,1760 backend=other fn=0x6d7991fe24 fn_offset=0x30de24 fbase=0x6d79612000 sym=unknown so=/data/app/~~iNwcSjv3C2CZCLwcLxpEtA==/com.termux.x11-1tus8NhfW98goVF914TrYw==/base.apk!/lib/arm64-v8a/libXlorie.so
04-17 08:24:31.840 I/LorieNative( 8207): DamageTraceV2: PutImage count=56896 drawableType=WINDOW screenPixmap=0 drawable=0xb4000070a0f49030 geom=2898x1848 box=0,1298-2898,1320 backend=other fn=0x6d7991fe24 fn_offset=0x30de24 fbase=0x6d79612000 sym=unknown so=/data/app/~~iNwcSjv3C2CZCLwcLxpEtA==/com.termux.x11-1tus8NhfW98goVF914TrYw==/base.apk!/lib/arm64-v8a/libXlorie.so
04-17 08:24:31.885 I/LorieNative( 8207): ExaTrace: putImage accel count=57344 drawableType=0 drawableId=0x600037 geom=2898x1848 size=2912x22 format=2 depth=24
04-17 08:24:31.886 I/LorieNative( 8207): DamageTraceV2: PutImage count=56960 drawableType=WINDOW screenPixmap=0 drawable=0xb4000070a0f49030 geom=2898x1848 box=0,858-2898,880 backend=other fn=0x6d7991fe24 fn_offset=0x30de24 fbase=0x6d79612000 sym=unknown so=/data/app/~~iNwcSjv3C2CZCLwcLxpEtA==/com.termux.x11-1tus8NhfW98goVF914TrYw==/base.apk!/lib/arm64-v8a/libXlorie.so
04-17 08:24:31.931 I/LorieNative( 8207): DamageTraceV2: PutImage count=57024 drawableType=WINDOW screenPixmap=0 drawable=0xb4000070a0f49030 geom=2898x1848 box=0,418-2898,440 backend=other fn=0x6d7991fe24 fn_offset=0x30de24 fbase=0x6d79612000 sym=unknown so=/data/app/~~iNwcSjv3C2CZCLwcLxpEtA==/com.termux.x11-1tus8NhfW98goVF914TrYw==/base.apk!/lib/arm64-v8a/libXlorie.so
04-17 08:24:31.938 I/LorieNative( 8207): ExaTrace: putImage accel count=57472 drawableType=0 drawableId=0x600037 geom=2898x1848 size=2912x22 format=2 depth=24
04-17 08:24:31.939 I/LorieNative( 8207): DamageTraceV2: PutImage count=57088 drawableType=WINDOW screenPixmap=0 drawable=0xb4000070a0f49030 geom=2898x1848 box=0,1826-2898,1848 backend=other fn=0x6d7991fe24 fn_offset=0x30de24 fbase=0x6d79612000 sym=unknown so=/data/app/~~iNwcSjv3C2CZCLwcLxpEtA==/com.termux.x11-1tus8NhfW98goVF914TrYw==/base.apk!/lib/arm64-v8a/libXlorie.so
04-17 08:24:31.974 I/LorieNative( 8207): DamageTraceV2: PutImage count=57152 drawableType=WINDOW screenPixmap=0 drawable=0xb4000070a0f49030 geom=2898x1848 box=0,1386-2898,1408 backend=other fn=0x6d7991fe24 fn_offset=0x30de24 fbase=0x6d79612000 sym=unknown so=/data/app/~~iNwcSjv3C2CZCLwcLxpEtA==/com.termux.x11-1tus8NhfW98goVF914TrYw==/base.apk!/lib/arm64-v8a/libXlorie.so
04-17 08:24:32.006 I/LorieNative( 8207): ExaTrace: putImage accel count=57600 drawableType=0 drawableId=0x600037 geom=2898x1848 size=2912x22 format=2 depth=24
04-17 08:24:32.008 I/LorieNative( 8207): DamageTraceV2: PutImage count=57216 drawableType=WINDOW screenPixmap=0 drawable=0xb4000070a0f49030 geom=2898x1848 box=0,946-2898,968 backend=other fn=0x6d7991fe24 fn_offset=0x30de24 fbase=0x6d79612000 sym=unknown so=/data/app/~~iNwcSjv3C2CZCLwcLxpEtA==/com.termux.x11-1tus8NhfW98goVF914TrYw==/base.apk!/lib/arm64-v8a/libXlorie.so
04-17 08:24:32.036 I/RLT     ( 1866): +584929ms [THREAD] Choreographer->main op=doFrame frame=6120 | thread=main
04-17 08:24:32.037 I/RLT     ( 1866): +584929ms [FRAME] fps=120.0 jank=0 p99=8.3ms heap=24MB periodic corr=frames-73d6 | thread=main
04-17 08:24:32.048 I/LorieNative( 8207): DamageTraceV2: PutImage count=57280 drawableType=WINDOW screenPixmap=0 drawable=0xb4000070a0f49030 geom=2898x1848 box=0,506-2898,528 backend=other fn=0x6d7991fe24 fn_offset=0x30de24 fbase=0x6d79612000 sym=unknown so=/data/app/~~iNwcSjv3C2CZCLwcLxpEtA==/com.termux.x11-1tus8NhfW98goVF914TrYw==/base.apk!/lib/arm64-v8a/libXlorie.so
04-17 08:24:32.066 I/LorieNative( 8207): ExaTrace: putImage accel count=57728 drawableType=0 drawableId=0x600037 geom=2898x1848 size=2912x22 format=2 depth=24
04-17 08:24:32.099 I/LorieNative( 8207): DamageTraceV2: PutImage count=57344 drawableType=WINDOW screenPixmap=0 drawable=0xb4000070a0f49030 geom=2898x1848 box=0,66-2898,88 backend=other fn=0x6d7991fe24 fn_offset=0x30de24 fbase=0x6d79612000 sym=unknown so=/data/app/~~iNwcSjv3C2CZCLwcLxpEtA==/com.termux.x11-1tus8NhfW98goVF914TrYw==/base.apk!/lib/arm64-v8a/libXlorie.so
04-17 08:24:32.109 I/LorieNative( 8207): DamageTraceV2: PutImage count=57408 drawableType=WINDOW screenPixmap=0 drawable=0xb4000070a0f49030 geom=2898x1848 box=0,1474-2898,1496 backend=other fn=0x6d7991fe24 fn_offset=0x30de24 fbase=0x6d79612000 sym=unknown so=/data/app/~~iNwcSjv3C2CZCLwcLxpEtA==/com.termux.x11-1tus8NhfW98goVF914TrYw==/base.apk!/lib/arm64-v8a/libXlorie.so
04-17 08:24:32.149 I/LorieNative( 8207): ExaTrace: putImage accel count=57856 drawableType=0 drawableId=0x600037 geom=2898x1848 size=2912x22 format=2 depth=24
04-17 08:24:32.150 I/LorieNative( 8207): DamageTraceV2: PutImage count=57472 drawableType=WINDOW screenPixmap=0 drawable=0xb4000070a0f49030 geom=2898x1848 box=0,1034-2898,1056 backend=other fn=0x6d7991fe24 fn_offset=0x30de24 fbase=0x6d79612000 sym=unknown so=/data/app/~~iNwcSjv3C2CZCLwcLxpEtA==/com.termux.x11-1tus8NhfW98goVF914TrYw==/base.apk!/lib/arm64-v8a/libXlorie.so
04-17 08:24:32.200 I/LorieNative( 8207): DamageTraceV2: PutImage count=57536 drawableType=WINDOW screenPixmap=0 drawable=0xb4000070a0f49030 geom=2898x1848 box=0,594-2898,616 backend=other fn=0x6d7991fe24 fn_offset=0x30de24 fbase=0x6d79612000 sym=unknown so=/data/app/~~iNwcSjv3C2CZCLwcLxpEtA==/com.termux.x11-1tus8NhfW98goVF914TrYw==/base.apk!/lib/arm64-v8a/libXlorie.so
04-17 08:24:32.248 I/LorieNative( 8207): ExaTrace: putImage accel count=57984 drawableType=0 drawableId=0x600037 geom=2898x1848 size=2912x22 format=2 depth=24
04-17 08:24:32.249 I/LorieNative( 8207): DamageTraceV2: PutImage count=57600 drawableType=WINDOW screenPixmap=0 drawable=0xb4000070a0f49030 geom=2898x1848 box=0,154-2898,176 backend=other fn=0x6d7991fe24 fn_offset=0x30de24 fbase=0x6d79612000 sym=unknown so=/data/app/~~iNwcSjv3C2CZCLwcLxpEtA==/com.termux.x11-1tus8NhfW98goVF914TrYw==/base.apk!/lib/arm64-v8a/libXlorie.so
04-17 08:24:32.264 I/LorieNative( 8207): DamageTraceV2: PutImage count=57664 drawableType=WINDOW screenPixmap=0 drawable=0xb4000070a0f49030 geom=2898x1848 box=0,1562-2898,1584 backend=other fn=0x6d7991fe24 fn_offset=0x30de24 fbase=0x6d79612000 sym=unknown so=/data/app/~~iNwcSjv3C2CZCLwcLxpEtA==/com.termux.x11-1tus8NhfW98goVF914TrYw==/base.apk!/lib/arm64-v8a/libXlorie.so
04-17 08:24:32.315 I/LorieNative( 8207): ExaTrace: putImage accel count=58112 drawableType=0 drawableId=0x600037 geom=2898x1848 size=2912x22 format=2 depth=24
04-17 08:24:32.317 I/LorieNative( 8207): DamageTraceV2: PutImage count=57728 drawableType=WINDOW screenPixmap=0 drawable=0xb4000070a0f49030 geom=2898x1848 box=0,1122-2898,1144 backend=other fn=0x6d7991fe24 fn_offset=0x30de24 fbase=0x6d79612000 sym=unknown so=/data/app/~~iNwcSjv3C2CZCLwcLxpEtA==/com.termux.x11-1tus8NhfW98goVF914TrYw==/base.apk!/lib/arm64-v8a/libXlorie.so
04-17 08:24:32.369 I/LorieNative( 8207): DamageTraceV2: PutImage count=57792 drawableType=WINDOW screenPixmap=0 drawable=0xb4000070a0f49030 geom=2898x1848 box=0,682-2898,704 backend=other fn=0x6d7991fe24 fn_offset=0x30de24 fbase=0x6d79612000 sym=unknown so=/data/app/~~iNwcSjv3C2CZCLwcLxpEtA==/com.termux.x11-1tus8NhfW98goVF914TrYw==/base.apk!/lib/arm64-v8a/libXlorie.so
04-17 08:24:32.415 I/LorieNative( 8207): ExaTrace: putImage accel count=58240 drawableType=0 drawableId=0x600037 geom=2898x1848 size=2912x22 format=2 depth=24
04-17 08:24:32.416 I/LorieNative( 8207): DamageTraceV2: PutImage count=57856 drawableType=WINDOW screenPixmap=0 drawable=0xb4000070a0f49030 geom=2898x1848 box=0,242-2898,264 backend=other fn=0x6d7991fe24 fn_offset=0x30de24 fbase=0x6d79612000 sym=unknown so=/data/app/~~iNwcSjv3C2CZCLwcLxpEtA==/com.termux.x11-1tus8NhfW98goVF914TrYw==/base.apk!/lib/arm64-v8a/libXlorie.so
04-17 08:24:32.436 I/LorieNative( 8207): DamageTraceV2: PutImage count=57920 drawableType=WINDOW screenPixmap=0 drawable=0xb4000070a0f49030 geom=2898x1848 box=0,1650-2898,1672 backend=other fn=0x6d7991fe24 fn_offset=0x30de24 fbase=0x6d79612000 sym=unknown so=/data/app/~~iNwcSjv3C2CZCLwcLxpEtA==/com.termux.x11-1tus8NhfW98goVF914TrYw==/base.apk!/lib/arm64-v8a/libXlorie.so
04-17 08:24:32.475 I/LorieNative( 8207): ExaTrace: putImage accel count=58368 drawableType=0 drawableId=0x600037 geom=2898x1848 size=2912x22 format=2 depth=24
04-17 08:24:32.476 I/LorieNative( 8207): DamageTraceV2: PutImage count=57984 drawableType=WINDOW screenPixmap=0 drawable=0xb4000070a0f49030 geom=2898x1848 box=0,1210-2898,1232 backend=other fn=0x6d7991fe24 fn_offset=0x30de24 fbase=0x6d79612000 sym=unknown so=/data/app/~~iNwcSjv3C2CZCLwcLxpEtA==/com.termux.x11-1tus8NhfW98goVF914TrYw==/base.apk!/lib/arm64-v8a/libXlorie.so
04-17 08:24:32.514 I/LorieNative( 8207): DamageTraceV2: PutImage count=58048 drawableType=WINDOW screenPixmap=0 drawable=0xb4000070a0f49030 geom=2898x1848 box=0,770-2898,792 backend=other fn=0x6d7991fe24 fn_offset=0x30de24 fbase=0x6d79612000 sym=unknown so=/data/app/~~iNwcSjv3C2CZCLwcLxpEtA==/com.termux.x11-1tus8NhfW98goVF914TrYw==/base.apk!/lib/arm64-v8a/libXlorie.so
04-17 08:24:32.550 I/LorieNative( 8207): ExaTrace: putImage accel count=58496 drawableType=0 drawableId=0x600037 geom=2898x1848 size=2912x22 format=2 depth=24
04-17 08:24:32.552 I/LorieNative( 8207): DamageTraceV2: PutImage count=58112 drawableType=WINDOW screenPixmap=0 drawable=0xb4000070a0f49030 geom=2898x1848 box=0,330-2898,352 backend=other fn=0x6d7991fe24 fn_offset=0x30de24 fbase=0x6d79612000 sym=unknown so=/data/app/~~iNwcSjv3C2CZCLwcLxpEtA==/com.termux.x11-1tus8NhfW98goVF914TrYw==/base.apk!/lib/arm64-v8a/libXlorie.so
04-17 08:24:32.569 I/LorieNative( 8207): DamageTraceV2: PutImage count=58176 drawableType=WINDOW screenPixmap=0 drawable=0xb4000070a0f49030 geom=2898x1848 box=0,1738-2898,1760 backend=other fn=0x6d7991fe24 fn_offset=0x30de24 fbase=0x6d79612000 sym=unknown so=/data/app/~~iNwcSjv3C2CZCLwcLxpEtA==/com.termux.x11-1tus8NhfW98goVF914TrYw==/base.apk!/lib/arm64-v8a/libXlorie.so
04-17 08:24:32.611 I/LorieNative( 8207): ExaTrace: putImage accel count=58624 drawableType=0 drawableId=0x600037 geom=2898x1848 size=2912x22 format=2 depth=24
04-17 08:24:32.614 I/LorieNative( 8207): DamageTraceV2: PutImage count=58240 drawableType=WINDOW screenPixmap=0 drawable=0xb4000070a0f49030 geom=2898x1848 box=0,1298-2898,1320 backend=other fn=0x6d7991fe24 fn_offset=0x30de24 fbase=0x6d79612000 sym=unknown so=/data/app/~~iNwcSjv3C2CZCLwcLxpEtA==/com.termux.x11-1tus8NhfW98goVF914TrYw==/base.apk!/lib/arm64-v8a/libXlorie.so
04-17 08:24:32.650 I/LorieNative( 8207): DamageTraceV2: PutImage count=58304 drawableType=WINDOW screenPixmap=0 drawable=0xb4000070a0f49030 geom=2898x1848 box=0,858-2898,880 backend=other fn=0x6d7991fe24 fn_offset=0x30de24 fbase=0x6d79612000 sym=unknown so=/data/app/~~iNwcSjv3C2CZCLwcLxpEtA==/com.termux.x11-1tus8NhfW98goVF914TrYw==/base.apk!/lib/arm64-v8a/libXlorie.so
04-17 08:24:32.686 I/LorieNative( 8207): ExaTrace: putImage accel count=58752 drawableType=0 drawableId=0x600037 geom=2898x1848 size=2912x22 format=2 depth=24
04-17 08:24:32.687 I/LorieNative( 8207): DamageTraceV2: PutImage count=58368 drawableType=WINDOW screenPixmap=0 drawable=0xb4000070a0f49030 geom=2898x1848 box=0,418-2898,440 backend=other fn=0x6d7991fe24 fn_offset=0x30de24 fbase=0x6d79612000 sym=unknown so=/data/app/~~iNwcSjv3C2CZCLwcLxpEtA==/com.termux.x11-1tus8NhfW98goVF914TrYw==/base.apk!/lib/arm64-v8a/libXlorie.so
04-17 08:24:32.693 I/LorieNative( 8207): DamageTraceV2: PutImage count=58432 drawableType=WINDOW screenPixmap=0 drawable=0xb4000070a0f49030 geom=2898x1848 box=0,1826-2898,1848 backend=other fn=0x6d7991fe24 fn_offset=0x30de24 fbase=0x6d79612000 sym=unknown so=/data/app/~~iNwcSjv3C2CZCLwcLxpEtA==/com.termux.x11-1tus8NhfW98goVF914TrYw==/base.apk!/lib/arm64-v8a/libXlorie.so
04-17 08:24:32.726 I/LorieNative( 8207): ExaTrace: putImage accel count=58880 drawableType=0 drawableId=0x600037 geom=2898x1848 size=2912x22 format=2 depth=24
04-17 08:24:32.728 I/LorieNative( 8207): DamageTraceV2: PutImage count=58496 drawableType=WINDOW screenPixmap=0 drawable=0xb4000070a0f49030 geom=2898x1848 box=0,1386-2898,1408 backend=other fn=0x6d7991fe24 fn_offset=0x30de24 fbase=0x6d79612000 sym=unknown so=/data/app/~~iNwcSjv3C2CZCLwcLxpEtA==/com.termux.x11-1tus8NhfW98goVF914TrYw==/base.apk!/lib/arm64-v8a/libXlorie.so
04-17 08:24:32.763 I/LorieNative( 8207): DamageTraceV2: PutImage count=58560 drawableType=WINDOW screenPixmap=0 drawable=0xb4000070a0f49030 geom=2898x1848 box=0,946-2898,968 backend=other fn=0x6d7991fe24 fn_offset=0x30de24 fbase=0x6d79612000 sym=unknown so=/data/app/~~iNwcSjv3C2CZCLwcLxpEtA==/com.termux.x11-1tus8NhfW98goVF914TrYw==/base.apk!/lib/arm64-v8a/libXlorie.so
04-17 08:24:32.794 I/LorieNative( 8207): ExaTrace: putImage accel count=59008 drawableType=0 drawableId=0x600037 geom=2898x1848 size=2912x22 format=2 depth=24
04-17 08:24:32.796 I/LorieNative( 8207): DamageTraceV2: PutImage count=58624 drawableType=WINDOW screenPixmap=0 drawable=0xb4000070a0f49030 geom=2898x1848 box=0,506-2898,528 backend=other fn=0x6d7991fe24 fn_offset=0x30de24 fbase=0x6d79612000 sym=unknown so=/data/app/~~iNwcSjv3C2CZCLwcLxpEtA==/com.termux.x11-1tus8NhfW98goVF914TrYw==/base.apk!/lib/arm64-v8a/libXlorie.so
04-17 08:24:32.833 I/LorieNative( 8207): DamageTraceV2: PutImage count=58688 drawableType=WINDOW screenPixmap=0 drawable=0xb4000070a0f49030 geom=2898x1848 box=0,66-2898,88 backend=other fn=0x6d7991fe24 fn_offset=0x30de24 fbase=0x6d79612000 sym=unknown so=/data/app/~~iNwcSjv3C2CZCLwcLxpEtA==/com.termux.x11-1tus8NhfW98goVF914TrYw==/base.apk!/lib/arm64-v8a/libXlorie.so
04-17 08:24:32.848 I/LorieNative( 8207): ExaTrace: putImage accel count=59136 drawableType=0 drawableId=0x600037 geom=2898x1848 size=2912x22 format=2 depth=24
04-17 08:24:32.849 I/LorieNative( 8207): DamageTraceV2: PutImage count=58752 drawableType=WINDOW screenPixmap=0 drawable=0xb4000070a0f49030 geom=2898x1848 box=0,1474-2898,1496 backend=other fn=0x6d7991fe24 fn_offset=0x30de24 fbase=0x6d79612000 sym=unknown so=/data/app/~~iNwcSjv3C2CZCLwcLxpEtA==/com.termux.x11-1tus8NhfW98goVF914TrYw==/base.apk!/lib/arm64-v8a/libXlorie.so
04-17 08:24:32.897 I/LorieNative( 8207): DamageTraceV2: PutImage count=58816 drawableType=WINDOW screenPixmap=0 drawable=0xb4000070a0f49030 geom=2898x1848 box=0,1034-2898,1056 backend=other fn=0x6d7991fe24 fn_offset=0x30de24 fbase=0x6d79612000 sym=unknown so=/data/app/~~iNwcSjv3C2CZCLwcLxpEtA==/com.termux.x11-1tus8NhfW98goVF914TrYw==/base.apk!/lib/arm64-v8a/libXlorie.so
04-17 08:24:32.939 I/LorieNative( 8207): ExaTrace: putImage accel count=59264 drawableType=0 drawableId=0x600037 geom=2898x1848 size=2912x22 format=2 depth=24
04-17 08:24:32.941 I/LorieNative( 8207): DamageTraceV2: PutImage count=58880 drawableType=WINDOW screenPixmap=0 drawable=0xb4000070a0f49030 geom=2898x1848 box=0,594-2898,616 backend=other fn=0x6d7991fe24 fn_offset=0x30de24 fbase=0x6d79612000 sym=unknown so=/data/app/~~iNwcSjv3C2CZCLwcLxpEtA==/com.termux.x11-1tus8NhfW98goVF914TrYw==/base.apk!/lib/arm64-v8a/libXlorie.so
04-17 08:24:32.988 I/LorieNative( 8207): DamageTraceV2: PutImage count=58944 drawableType=WINDOW screenPixmap=0 drawable=0xb4000070a0f49030 geom=2898x1848 box=0,154-2898,176 backend=other fn=0x6d7991fe24 fn_offset=0x30de24 fbase=0x6d79612000 sym=unknown so=/data/app/~~iNwcSjv3C2CZCLwcLxpEtA==/com.termux.x11-1tus8NhfW98goVF914TrYw==/base.apk!/lib/arm64-v8a/libXlorie.so
04-17 08:24:32.999 I/LorieNative( 8207): ExaTrace: putImage accel count=59392 drawableType=0 drawableId=0x600037 geom=2898x1848 size=2912x22 format=2 depth=24
04-17 08:24:33.000 I/LorieNative( 8207): DamageTraceV2: PutImage count=59008 drawableType=WINDOW screenPixmap=0 drawable=0xb4000070a0f49030 geom=2898x1848 box=0,1562-2898,1584 backend=other fn=0x6d7991fe24 fn_offset=0x30de24 fbase=0x6d79612000 sym=unknown so=/data/app/~~iNwcSjv3C2CZCLwcLxpEtA==/com.termux.x11-1tus8NhfW98goVF914TrYw==/base.apk!/lib/arm64-v8a/libXlorie.so
04-17 08:24:33.036 I/RLT     ( 1866): +585929ms [THREAD] Choreographer->main op=doFrame frame=6240 | thread=main
04-17 08:24:33.037 I/RLT     ( 1866): +585930ms [FRAME] fps=120.0 jank=0 p99=8.4ms heap=24MB periodic corr=frames-73d6 | thread=main
04-17 08:24:33.040 I/LorieNative( 8207): DamageTraceV2: PutImage count=59072 drawableType=WINDOW screenPixmap=0 drawable=0xb4000070a0f49030 geom=2898x1848 box=0,1122-2898,1144 backend=other fn=0x6d7991fe24 fn_offset=0x30de24 fbase=0x6d79612000 sym=unknown so=/data/app/~~iNwcSjv3C2CZCLwcLxpEtA==/com.termux.x11-1tus8NhfW98goVF914TrYw==/base.apk!/lib/arm64-v8a/libXlorie.so
04-17 08:24:33.081 I/LorieNative( 8207): ExaTrace: putImage accel count=59520 drawableType=0 drawableId=0x600037 geom=2898x1848 size=2912x22 format=2 depth=24
04-17 08:24:33.083 I/LorieNative( 8207): DamageTraceV2: PutImage count=59136 drawableType=WINDOW screenPixmap=0 drawable=0xb4000070a0f49030 geom=2898x1848 box=0,682-2898,704 backend=other fn=0x6d7991fe24 fn_offset=0x30de24 fbase=0x6d79612000 sym=unknown so=/data/app/~~iNwcSjv3C2CZCLwcLxpEtA==/com.termux.x11-1tus8NhfW98goVF914TrYw==/base.apk!/lib/arm64-v8a/libXlorie.so
