CPUSET launch-script-entry pid=7849 cpuset=/moderate
=== RuneLite launch Fri Apr 17 08:23:05 EDT 2026 ===
Sourcing credentials from env file...
  JX_SESSION_ID=***
  JX_CHARACTER_ID=***
  JX_DISPLAY_NAME=***
Cleaning up previous session...
  No leftover processes found
Session directory: /data/data/com.termux/files/usr/tmp/rlt-session/20260417-082307-7849
Starting PulseAudio...
Starting Termux:X11...
TERMUX_X11_FORCE_FLIP=1 (Present flip enabled for VirGL)
STICKY-AHB: disabled (sentinel /data/data/com.termux/files/home/.rlt-sticky-ahb absent, upstream unlock/relock preserved)
Termux:X11 presentation variant: hybrid server=external override=com.runelitetablet
Waiting for X11 socket...
X11 launch pid: 8207
X11 socket ready
Launching X11 host activity: com.runelitetablet/.presentation.hybrid.HybridX11HostActivity
X11 host activity launched
Setting Termux:X11 preferences (shell backup)...
Credential env file written for proot forwarding
GPU vendor detected: mali
Starting VirGL server profile='default' (native-gles)...
VirGL server tuning: VIRGL_RENDERER_THREAD=1 VIRGL_RENDERER_ASYNC=1
VirGL server forked PID=8513 args='' log=/data/data/com.termux/files/home/virgl-server.log
VirGL health probe 1/30: pid_alive=yes socket=yes — READY
VirGL server started profile='default' (PID 8513, socket ready)
CPUSET virgl-ready pid=8513 cpuset=/moderate
Session sentinel created
VirGL server pre-launch re-check: PID 8513 alive, socket=srwx------. 1 u0_a164 u0_a164 0 Apr 17 08:23 /data/data/com.termux/files/usr/tmp/.virgl_test
Setting display: native resolution (GPU available)
VirGL watchdog started (background PID=8718)
AFFINITY: taskset failed for VirGL (PID=8513), staying on default cores
AFFINITY: monitor started (PID=8766) tracking VirGL=8513
Launching RuneLite...
VirGL socket: srwx------. 1 u0_a164 u0_a164 0 Apr 17 08:23 /data/data/com.termux/files/usr/tmp/.virgl_test
Outer preflight: proot-distro=/data/data/com.termux/files/usr/bin/proot-distro bash=/data/data/com.termux/files/usr/bin/bash HOME=/data/data/com.termux/files/home PREFIX=/data/data/com.termux/files/usr
Starting proot smoke test...
AFFINITY: pid=8513 name=virgl_test_serv cpu=2 type=little freq=2000000
pid 8513's current affinity mask: f
AFFINITY_MIGRATION: pid=8513 from=2(little) to=2(little) re-pinned=true
(B[m[1m[31mWarning: CPU doesn't support 32-bit instructions, some software may not work.(B[m
proot warning: can't sanitize binding "/proc/self/fd/1": No such file or directory
AFFINITY: pid=8513 name=virgl_test_serv cpu=2 type=little freq=2000000
pid 8513's current affinity mask: f
PROOT_SMOKE_OK
HOME=/root USER=root PWD=/root
AFFINITY_MIGRATION: pid=8513 from=2(little) to=2(little) re-pinned=true
uid=0(root) gid=0(root) groups=0(root),1079,3003,9997,20164,50164
drwx------. 8 root root 3452 Apr 16 22:26 /root
drwxr-xr-x. 2 root root 3452 Apr 16 22:23 /root/runelite
Proot smoke test exit code: 0
Wrote proot launch script: /data/data/com.termux/files/usr/tmp/.rlt-proot-launch-20260417-082307-7849.sh
Resolved direct RuneLite classpath from Termux state
PTRACE_OPT: seccomp-bpf disabled (set RLT_PROOT_SECCOMP=1 to enable)
RL-CONFIG: probe-off — restored $rsprofile--1.properties from .rlt-orig backup
RL-CONFIG: probe-off — restored default-170891852887488.properties from .rlt-orig backup
RL-LOG-TAIL: started PID=9667 -> logcat tag RLClient (/data/data/com.termux/files/usr/var/lib/proot-distro/installed-rootfs/ubuntu/root/.runelite/logs/client.log)
(B[m[1m[31mWarning: CPU doesn't support 32-bit instructions, some software may not work.(B[m
AFFINITY: pid=8513 name=virgl_test_serv cpu=2 type=little freq=2000000
pid 8513's current affinity mask: f
AFFINITY_MIGRATION: pid=8513 from=2(little) to=2(little) re-pinned=true
proot warning: can't sanitize binding "/proc/self/fd/1": No such file or directory
Proot preflight: HOME=/root USER=root PWD=/root
uid=0(root) gid=0(root) groups=0(root),1079,3003,9997,20164,50164
Proot preflight: root dirs
drwx------. 8 root root 3452 Apr 16 22:26 /root
drwxr-xr-x. 2 root root 3452 Apr 16 22:23 /root/runelite
Proot preflight: commands java=/usr/bin/java openbox=/usr/bin/openbox xrandr=/usr/bin/xrandr glxinfo=/usr/bin/glxinfo glxgears=/usr/bin/glxgears
VirGL socket visible: srwx------. 1 root root 0 Apr 17 12:23 /tmp/.virgl_test
AFFINITY: pid=8513 name=virgl_test_serv cpu=2 type=little freq=2000000
pid 8513's current affinity mask: f
AFFINITY_MIGRATION: pid=8513 from=2(little) to=2(little) re-pinned=true
AFFINITY: pid=8513 name=virgl_test_serv cpu=1 type=little freq=2000000
pid 8513's current affinity mask: f
AFFINITY_MIGRATION: pid=8513 from=1(little) to=1(little) re-pinned=true
VirGL glxgears: renderer='GL_RENDERER   = virgl (Mali-G720-Immortalis MC12)' vendor='GL_VENDOR     = Mesa' fps=''
VIRGL_VALIDATION: PASS — GL=4.3COMPAT GLSL=430 renderer=GL_RENDERER   = virgl (Mali-G720-Immortalis MC12)
Openbox launch pid=10910 cwd=/root
Proot preflight: entered /root/runelite
total 2591
drwxr-xr-x. 2 root root    3452 Apr 16 22:23 .
drwx------. 8 root root    3452 Apr 16 22:26 ..
-rw-r--r--. 1 root root 2501818 Feb 27 00:44 RuneLite.jar
-rw-r--r--. 1 root root   47200 Apr 16 22:26 gc.log
-rw-r--r--. 1 root root   44733 Apr 16 22:13 gc.log.0
-rw-r--r--. 1 root root   41247 Apr 16 21:50 gc.log.1
-rw-r--r--. 1 root root     257 Apr 16 22:23 perf-monitor.log
=== Display info ===
Screen 0: minimum 1 x 1, current 2960 x 1848, maximum 32767 x 32767
builtin connected 2960x1848+0+0 0mm x 0mm
   2960x1848    119.99* 
=== GL info ===
Configured RuneLite GPU settings: unlockFps=true fpsTarget=120 vsyncMode=OFF
AFFINITY: pid=8513 name=virgl_test_serv cpu=0 type=little freq=2000000
pid 8513's current affinity mask: f
AFFINITY_MIGRATION: pid=8513 from=0(little) to=0(little) re-pinned=true
Configured RuneLite GPU profile: default (cleared branch-forced GPU profile overrides)
Configured Mesa profile: default
Using GPU-accelerated rendering
RUNELITE_VMARGS=-Xmx4g -Xms512m -XX:+UseG1GC -XX:MaxGCPauseMillis=50 -Xlog:gc*:file=/root/runelite/gc.log:time,uptime,level,tags:filecount=2,filesize=5M 
Configured Java2D profile: default
Configured RuneLite scale: 2
Configured VirGL server profile: default
Configured RuneLite launch mode: launcher
Running RuneLite via launcher (scale=--scale 2)
RuneLite started with PID 10983
CPUSET java-started pid=10983 cpuset=/moderate
pid 10983's current affinity mask: f
AFFINITY: taskset unavailable in proot for RuneLite (PID=10983)
2026-04-17 12:23:39 UTC [main] INFO  net.runelite.launcher.Launcher - RuneLite Launcher version 2.7.7
2026-04-17 12:23:39 UTC [main] INFO  net.runelite.launcher.Launcher - Launcher configuration:
 debug: true
 nodiffs: false
 skip tls verification: false
 noupdates: false
 safe mode: false
 ipv4: false
 scale: 2.0
 client arguments: [--insecure-write-credentials]
 jvm arguments: none
 hardware acceleration mode: AUTO
 launch mode: AUTO
2026-04-17 12:23:39 UTC [main] INFO  net.runelite.launcher.Launcher - OS name: Linux, version: 6.17.0-PRoot-Distro, arch: aarch64
2026-04-17 12:23:39 UTC [main] INFO  net.runelite.launcher.Launcher - Using hardware acceleration mode: OFF
AFFINITY: pid=8513 name=virgl_test_serv cpu=0 type=little freq=2000000
pid 8513's current affinity mask: f
AFFINITY_MIGRATION: pid=8513 from=0(little) to=0(little) re-pinned=true
2026-04-17 12:23:40 UTC [main] DEBUG net.runelite.launcher.Launcher - Command line arguments: --scale 2 --insecure-write-credentials --debug
2026-04-17 12:23:40 UTC [main] DEBUG net.runelite.launcher.Launcher - Java VM arguments: 
2026-04-17 12:23:40 UTC [main] DEBUG net.runelite.launcher.Launcher - Java Environment:
2026-04-17 12:23:40 UTC [main] DEBUG net.runelite.launcher.Launcher -   awt.toolkit: sun.awt.X11.XToolkit
2026-04-17 12:23:40 UTC [main] DEBUG net.runelite.launcher.Launcher -   java.specification.version: 11
2026-04-17 12:23:40 UTC [main] DEBUG net.runelite.launcher.Launcher -   sun.cpu.isalist: 
2026-04-17 12:23:40 UTC [main] DEBUG net.runelite.launcher.Launcher -   sun.jnu.encoding: UTF-8
2026-04-17 12:23:40 UTC [main] DEBUG net.runelite.launcher.Launcher -   java.class.path: RuneLite.jar
2026-04-17 12:23:40 UTC [main] DEBUG net.runelite.launcher.Launcher -   sun.awt.enableExtraMouseButtons: true
2026-04-17 12:23:40 UTC [main] DEBUG net.runelite.launcher.Launcher -   sun.java2d.dpiaware: true
2026-04-17 12:23:40 UTC [main] DEBUG net.runelite.launcher.Launcher -   java.vm.vendor: Ubuntu
2026-04-17 12:23:40 UTC [main] DEBUG net.runelite.launcher.Launcher -   sun.arch.data.model: 64
2026-04-17 12:23:40 UTC [main] DEBUG net.runelite.launcher.Launcher -   sun.font.fontmanager: sun.awt.X11FontManager
2026-04-17 12:23:40 UTC [main] DEBUG net.runelite.launcher.Launcher -   java.vendor.url: https://ubuntu.com/
2026-04-17 12:23:40 UTC [main] DEBUG net.runelite.launcher.Launcher -   user.timezone: Etc/UTC
2026-04-17 12:23:40 UTC [main] DEBUG net.runelite.launcher.Launcher -   os.name: Linux
2026-04-17 12:23:40 UTC [main] DEBUG net.runelite.launcher.Launcher -   java.vm.specification.version: 11
2026-04-17 12:23:40 UTC [main] DEBUG net.runelite.launcher.Launcher -   runelite.launcher.version: 2.7.7
2026-04-17 12:23:40 UTC [main] DEBUG net.runelite.launcher.Launcher -   sun.java.launcher: SUN_STANDARD
2026-04-17 12:23:40 UTC [main] DEBUG net.runelite.launcher.Launcher -   sun.boot.library.path: /usr/lib/jvm/java-11-openjdk-arm64/lib
2026-04-17 12:23:40 UTC [main] DEBUG net.runelite.launcher.Launcher -   sun.java.command: RuneLite.jar --scale 2 --insecure-write-credentials --debug
2026-04-17 12:23:40 UTC [main] DEBUG net.runelite.launcher.Launcher -   jdk.debug: release
2026-04-17 12:23:40 UTC [main] DEBUG net.runelite.launcher.Launcher -   sun.cpu.endian: little
2026-04-17 12:23:40 UTC [main] DEBUG net.runelite.launcher.Launcher -   user.home: /root
2026-04-17 12:23:40 UTC [main] DEBUG net.runelite.launcher.Launcher -   user.language: en
2026-04-17 12:23:40 UTC [main] DEBUG net.runelite.launcher.Launcher -   java.specification.vendor: Oracle Corporation
2026-04-17 12:23:40 UTC [main] DEBUG net.runelite.launcher.Launcher -   java.version.date: 2026-01-20
2026-04-17 12:23:40 UTC [main] DEBUG net.runelite.launcher.Launcher -   java.home: /usr/lib/jvm/java-11-openjdk-arm64
2026-04-17 12:23:40 UTC [main] DEBUG net.runelite.launcher.Launcher -   file.separator: /
2026-04-17 12:23:40 UTC [main] DEBUG net.runelite.launcher.Launcher -   java.vm.compressedOopsMode: Zero based
2026-04-17 12:23:40 UTC [main] DEBUG net.runelite.launcher.Launcher -   line.separator: 

2026-04-17 12:23:40 UTC [main] DEBUG net.runelite.launcher.Launcher -   java.specification.name: Java Platform API Specification
2026-04-17 12:23:40 UTC [main] DEBUG net.runelite.launcher.Launcher -   java.vm.specification.vendor: Oracle Corporation
2026-04-17 12:23:40 UTC [main] DEBUG net.runelite.launcher.Launcher -   java.awt.graphicsenv: sun.awt.X11GraphicsEnvironment
2026-04-17 12:23:40 UTC [main] DEBUG net.runelite.launcher.Launcher -   sun.management.compiler: HotSpot 64-Bit Tiered Compilers
2026-04-17 12:23:40 UTC [main] DEBUG net.runelite.launcher.Launcher -   java.runtime.version: 11.0.30+7-post-Ubuntu-1ubuntu125.10
2026-04-17 12:23:40 UTC [main] DEBUG net.runelite.launcher.Launcher -   user.name: root
2026-04-17 12:23:40 UTC [main] DEBUG net.runelite.launcher.Launcher -   path.separator: :
2026-04-17 12:23:40 UTC [main] DEBUG net.runelite.launcher.Launcher -   os.version: 6.17.0-PRoot-Distro
2026-04-17 12:23:40 UTC [main] DEBUG net.runelite.launcher.Launcher -   java.runtime.name: OpenJDK Runtime Environment
2026-04-17 12:23:40 UTC [main] DEBUG net.runelite.launcher.Launcher -   file.encoding: UTF-8
2026-04-17 12:23:40 UTC [main] DEBUG net.runelite.launcher.Launcher -   java.vm.name: OpenJDK 64-Bit Server VM
2026-04-17 12:23:40 UTC [main] DEBUG net.runelite.launcher.Launcher -   java.vendor.url.bug: https://bugs.launchpad.net/ubuntu/+source/openjdk-lts
2026-04-17 12:23:40 UTC [main] DEBUG net.runelite.launcher.Launcher -   java.io.tmpdir: /tmp
2026-04-17 12:23:40 UTC [main] DEBUG net.runelite.launcher.Launcher -   java.version: 11.0.30
2026-04-17 12:23:40 UTC [main] DEBUG net.runelite.launcher.Launcher -   user.dir: /root/runelite
2026-04-17 12:23:40 UTC [main] DEBUG net.runelite.launcher.Launcher -   os.arch: aarch64
2026-04-17 12:23:40 UTC [main] DEBUG net.runelite.launcher.Launcher -   sun.java2d.uiScale: 2.0
2026-04-17 12:23:40 UTC [main] DEBUG net.runelite.launcher.Launcher -   java.vm.specification.name: Java Virtual Machine Specification
2026-04-17 12:23:40 UTC [main] DEBUG net.runelite.launcher.Launcher -   java.awt.printerjob: sun.print.PSPrinterJob
2026-04-17 12:23:40 UTC [main] DEBUG net.runelite.launcher.Launcher -   sun.os.patch.level: unknown
2026-04-17 12:23:40 UTC [main] DEBUG net.runelite.launcher.Launcher -   java.library.path: /usr/java/packages/lib:/usr/lib/aarch64-linux-gnu/jni:/lib/aarch64-linux-gnu:/usr/lib/aarch64-linux-gnu:/usr/lib/jni:/lib:/usr/lib
2026-04-17 12:23:40 UTC [main] DEBUG net.runelite.launcher.Launcher -   java.vm.info: mixed mode
2026-04-17 12:23:40 UTC [main] DEBUG net.runelite.launcher.Launcher -   java.vendor: Ubuntu
2026-04-17 12:23:40 UTC [main] DEBUG net.runelite.launcher.Launcher -   java.vm.version: 11.0.30+7-post-Ubuntu-1ubuntu125.10
2026-04-17 12:23:40 UTC [main] DEBUG net.runelite.launcher.Launcher -   java.specification.maintenance.version: 3
2026-04-17 12:23:40 UTC [main] DEBUG net.runelite.launcher.Launcher -   sun.java2d.opengl: false
2026-04-17 12:23:40 UTC [main] DEBUG net.runelite.launcher.Launcher -   sun.io.unicode.encoding: UnicodeLittle
2026-04-17 12:23:40 UTC [main] DEBUG net.runelite.launcher.Launcher -   java.class.version: 55.0
2026-04-17 12:23:40 UTC [main] DEBUG n.r.launcher.FilesystemPermissions - Launcher natives were not loaded. Skipping filesystem permission check.
2026-04-17 12:23:40 UTC [main] DEBUG n.r.l.JagexLauncherCompatibility - Launcher natives were not loaded. Skipping Jagex launcher compatibility check.
AFFINITY: pid=8513 name=virgl_test_serv cpu=0 type=little freq=1600000
pid 8513's current affinity mask: f
AFFINITY_MIGRATION: pid=8513 from=0(little) to=0(little) re-pinned=true
2026-04-17 12:23:42 UTC [main] DEBUG net.runelite.launcher.Launcher - Hash for client-1.12.24.jar up to date
2026-04-17 12:23:42 UTC [main] DEBUG net.runelite.launcher.Launcher - Hash for http-api-1.2.22.jar up to date
2026-04-17 12:23:42 UTC [main] DEBUG net.runelite.launcher.Launcher - Hash for okhttp-3.14.9.jar up to date
2026-04-17 12:23:42 UTC [main] DEBUG net.runelite.launcher.Launcher - Hash for okio-1.17.2.jar up to date
2026-04-17 12:23:42 UTC [main] DEBUG net.runelite.launcher.Launcher - Hash for discord-1.4.jar up to date
2026-04-17 12:23:42 UTC [main] DEBUG net.runelite.launcher.Launcher - Hash for rlawt-1.8.jar up to date
2026-04-17 12:23:42 UTC [main] DEBUG net.runelite.launcher.Launcher - Hash for slf4j-api-1.7.25.jar up to date
2026-04-17 12:23:42 UTC [main] DEBUG net.runelite.launcher.Launcher - Hash for logback-classic-1.2.9.jar up to date
2026-04-17 12:23:42 UTC [main] DEBUG net.runelite.launcher.Launcher - Hash for logback-core-1.2.9.jar up to date
2026-04-17 12:23:42 UTC [main] DEBUG net.runelite.launcher.Launcher - Hash for jopt-simple-5.0.1.jar up to date
2026-04-17 12:23:42 UTC [main] DEBUG net.runelite.launcher.Launcher - Hash for guava-23.2-jre.jar up to date
2026-04-17 12:23:42 UTC [main] DEBUG net.runelite.launcher.Launcher - Hash for guice-4.1.0-no_aop.jar up to date
2026-04-17 12:23:42 UTC [main] DEBUG net.runelite.launcher.Launcher - Hash for javax.inject-1.jar up to date
2026-04-17 12:23:42 UTC [main] DEBUG net.runelite.launcher.Launcher - Hash for aopalliance-1.0.jar up to date
2026-04-17 12:23:42 UTC [main] DEBUG net.runelite.launcher.Launcher - Hash for gson-2.8.5.jar up to date
2026-04-17 12:23:42 UTC [main] DEBUG net.runelite.launcher.Launcher - Hash for flatlaf-3.2.5-rl4.jar up to date
2026-04-17 12:23:42 UTC [main] DEBUG net.runelite.launcher.Launcher - Hash for commons-text-1.2.jar up to date
2026-04-17 12:23:42 UTC [main] DEBUG net.runelite.launcher.Launcher - Hash for commons-lang3-3.7.jar up to date
2026-04-17 12:23:42 UTC [main] DEBUG net.runelite.launcher.Launcher - Hash for jna-5.9.0.jar up to date
2026-04-17 12:23:42 UTC [main] DEBUG net.runelite.launcher.Launcher - Hash for jna-platform-5.9.0.jar up to date
2026-04-17 12:23:42 UTC [main] DEBUG net.runelite.launcher.Launcher - Hash for jsr305-3.0.2.jar up to date
2026-04-17 12:23:42 UTC [main] DEBUG net.runelite.launcher.Launcher - Hash for protobuf-javalite-3.21.12.jar up to date
2026-04-17 12:23:42 UTC [main] DEBUG net.runelite.launcher.Launcher - Hash for lwjgl-3.3.2.jar up to date
2026-04-17 12:23:42 UTC [main] DEBUG net.runelite.launcher.Launcher - Hash for lwjgl-opengl-3.3.2.jar up to date
2026-04-17 12:23:42 UTC [main] DEBUG net.runelite.launcher.Launcher - Hash for lwjgl-opencl-3.3.2.jar up to date
2026-04-17 12:23:42 UTC [main] DEBUG net.runelite.launcher.Launcher - Hash for injected-client-1.12.24.jar up to date
2026-04-17 12:23:42 UTC [main] DEBUG net.runelite.launcher.Launcher - Hash for json-20090211.jar up to date
2026-04-17 12:23:42 UTC [main] DEBUG net.runelite.launcher.Launcher - Hash for lwjgl-3.3.2-natives-linux.jar up to date
2026-04-17 12:23:42 UTC [main] DEBUG net.runelite.launcher.Launcher - Hash for lwjgl-opengl-3.3.2-natives-linux.jar up to date
2026-04-17 12:23:42 UTC [main] DEBUG net.runelite.launcher.Launcher - Hash for lwjgl-3.3.2-natives-linux-arm64.jar up to date
2026-04-17 12:23:42 UTC [main] DEBUG net.runelite.launcher.Launcher - Hash for lwjgl-opengl-3.3.2-natives-linux-arm64.jar up to date
2026-04-17 12:23:42 UTC [main] DEBUG net.runelite.launcher.Launcher - Hash for runelite-api-1.12.24-runtime.jar up to date
2026-04-17 12:23:42 UTC [main] INFO  net.runelite.launcher.Launcher - Verified hash of client-1.12.24.jar
2026-04-17 12:23:42 UTC [main] INFO  net.runelite.launcher.Launcher - Verified hash of http-api-1.2.22.jar
2026-04-17 12:23:42 UTC [main] INFO  net.runelite.launcher.Launcher - Verified hash of okhttp-3.14.9.jar
2026-04-17 12:23:42 UTC [main] INFO  net.runelite.launcher.Launcher - Verified hash of okio-1.17.2.jar
2026-04-17 12:23:42 UTC [main] INFO  net.runelite.launcher.Launcher - Verified hash of discord-1.4.jar
2026-04-17 12:23:42 UTC [main] INFO  net.runelite.launcher.Launcher - Verified hash of rlawt-1.8.jar
2026-04-17 12:23:42 UTC [main] INFO  net.runelite.launcher.Launcher - Verified hash of slf4j-api-1.7.25.jar
2026-04-17 12:23:42 UTC [main] INFO  net.runelite.launcher.Launcher - Verified hash of logback-classic-1.2.9.jar
2026-04-17 12:23:42 UTC [main] INFO  net.runelite.launcher.Launcher - Verified hash of logback-core-1.2.9.jar
2026-04-17 12:23:42 UTC [main] INFO  net.runelite.launcher.Launcher - Verified hash of jopt-simple-5.0.1.jar
2026-04-17 12:23:42 UTC [main] INFO  net.runelite.launcher.Launcher - Verified hash of guava-23.2-jre.jar
2026-04-17 12:23:42 UTC [main] INFO  net.runelite.launcher.Launcher - Verified hash of guice-4.1.0-no_aop.jar
2026-04-17 12:23:42 UTC [main] INFO  net.runelite.launcher.Launcher - Verified hash of javax.inject-1.jar
2026-04-17 12:23:42 UTC [main] INFO  net.runelite.launcher.Launcher - Verified hash of aopalliance-1.0.jar
2026-04-17 12:23:42 UTC [main] INFO  net.runelite.launcher.Launcher - Verified hash of gson-2.8.5.jar
2026-04-17 12:23:42 UTC [main] INFO  net.runelite.launcher.Launcher - Verified hash of flatlaf-3.2.5-rl4.jar
2026-04-17 12:23:42 UTC [main] INFO  net.runelite.launcher.Launcher - Verified hash of commons-text-1.2.jar
2026-04-17 12:23:42 UTC [main] INFO  net.runelite.launcher.Launcher - Verified hash of commons-lang3-3.7.jar
2026-04-17 12:23:42 UTC [main] INFO  net.runelite.launcher.Launcher - Verified hash of jna-5.9.0.jar
2026-04-17 12:23:42 UTC [main] INFO  net.runelite.launcher.Launcher - Verified hash of jna-platform-5.9.0.jar
2026-04-17 12:23:42 UTC [main] INFO  net.runelite.launcher.Launcher - Verified hash of jsr305-3.0.2.jar
2026-04-17 12:23:42 UTC [main] INFO  net.runelite.launcher.Launcher - Verified hash of protobuf-javalite-3.21.12.jar
2026-04-17 12:23:42 UTC [main] INFO  net.runelite.launcher.Launcher - Verified hash of lwjgl-3.3.2.jar
2026-04-17 12:23:42 UTC [main] INFO  net.runelite.launcher.Launcher - Verified hash of lwjgl-opengl-3.3.2.jar
2026-04-17 12:23:42 UTC [main] INFO  net.runelite.launcher.Launcher - Verified hash of lwjgl-opencl-3.3.2.jar
2026-04-17 12:23:42 UTC [main] INFO  net.runelite.launcher.Launcher - Verified hash of injected-client-1.12.24.jar
2026-04-17 12:23:42 UTC [main] INFO  net.runelite.launcher.Launcher - Verified hash of json-20090211.jar
2026-04-17 12:23:42 UTC [main] INFO  net.runelite.launcher.Launcher - Verified hash of lwjgl-3.3.2-natives-linux.jar
2026-04-17 12:23:42 UTC [main] INFO  net.runelite.launcher.Launcher - Verified hash of lwjgl-opengl-3.3.2-natives-linux.jar
2026-04-17 12:23:42 UTC [main] INFO  net.runelite.launcher.Launcher - Verified hash of lwjgl-3.3.2-natives-linux-arm64.jar
2026-04-17 12:23:42 UTC [main] INFO  net.runelite.launcher.Launcher - Verified hash of lwjgl-opengl-3.3.2-natives-linux-arm64.jar
2026-04-17 12:23:42 UTC [main] INFO  net.runelite.launcher.Launcher - Verified hash of runelite-api-1.12.24-runtime.jar
2026-04-17 12:23:42 UTC [main] DEBUG net.runelite.launcher.Launcher - Setting JVM crash log location to /root/.runelite/logs/jvm_crash_pid_%p.log
2026-04-17 12:23:42 UTC [main] DEBUG net.runelite.launcher.Launcher - Using launch mode: JVM
2026-04-17 12:23:42 UTC [main] INFO  net.runelite.launcher.JvmLauncher - Running [/usr/lib/jvm/java-11-openjdk-arm64/bin/java, -cp, /root/.runelite/repository2/client-1.12.24.jar:/root/.runelite/repository2/http-api-1.2.22.jar:/root/.runelite/repository2/okhttp-3.14.9.jar:/root/.runelite/repository2/okio-1.17.2.jar:/root/.runelite/repository2/discord-1.4.jar:/root/.runelite/repository2/rlawt-1.8.jar:/root/.runelite/repository2/slf4j-api-1.7.25.jar:/root/.runelite/repository2/logback-classic-1.2.9.jar:/root/.runelite/repository2/logback-core-1.2.9.jar:/root/.runelite/repository2/jopt-simple-5.0.1.jar:/root/.runelite/repository2/guava-23.2-jre.jar:/root/.runelite/repository2/guice-4.1.0-no_aop.jar:/root/.runelite/repository2/javax.inject-1.jar:/root/.runelite/repository2/aopalliance-1.0.jar:/root/.runelite/repository2/gson-2.8.5.jar:/root/.runelite/repository2/flatlaf-3.2.5-rl4.jar:/root/.runelite/repository2/commons-text-1.2.jar:/root/.runelite/repository2/commons-lang3-3.7.jar:/root/.runelite/repository2/jna-5.9.0.jar:/root/.runelite/repository2/jna-platform-5.9.0.jar:/root/.runelite/repository2/jsr305-3.0.2.jar:/root/.runelite/repository2/protobuf-javalite-3.21.12.jar:/root/.runelite/repository2/lwjgl-3.3.2.jar:/root/.runelite/repository2/lwjgl-opengl-3.3.2.jar:/root/.runelite/repository2/lwjgl-opencl-3.3.2.jar:/root/.runelite/repository2/injected-client-1.12.24.jar:/root/.runelite/repository2/json-20090211.jar:/root/.runelite/repository2/lwjgl-3.3.2-natives-linux.jar:/root/.runelite/repository2/lwjgl-opengl-3.3.2-natives-linux.jar:/root/.runelite/repository2/lwjgl-3.3.2-natives-linux-arm64.jar:/root/.runelite/repository2/lwjgl-opengl-3.3.2-natives-linux-arm64.jar:/root/.runelite/repository2/runelite-api-1.12.24-runtime.jar, -XX:+DisableAttachMechanism, -Drunelite.launcher.blacklistedDlls=RTSSHooks.dll,RTSSHooks64.dll,NahimicOSD.dll,NahimicMSIOSD.dll,Nahimic2OSD.dll,Nahimic2DevProps.dll,k_fps32.dll,k_fps64.dll,SS2DevProps.dll,SS2OSD.dll,GTIII-OSD64-GL.dll,GTIII-OSD64-VK.dll,GTIII-OSD64.dll, -Xmx768m, -Xss2m, -XX:CompileThreshold=1500, -Dsun.java2d.dpiaware=true, -Dsun.java2d.uiScale=2.0, -Dsun.java2d.opengl=false, -Drunelite.launcher.version=2.7.7, -XX:ErrorFile=/root/.runelite/logs/jvm_crash_pid_%p.log, -Xmx4g, -Xms512m, -XX:+UseG1GC, -XX:MaxGCPauseMillis=50, -Xlog:gc*:file=/root/runelite/gc.log:time,uptime,level,tags:filecount=2,filesize=5M, net.runelite.client.RuneLite, --insecure-write-credentials, --debug]
AFFINITY: pid=8513 name=virgl_test_serv cpu=0 type=little freq=2000000
pid 8513's current affinity mask: f
AFFINITY_MIGRATION: pid=8513 from=0(little) to=0(little) re-pinned=true
2026-04-17 12:23:44 UTC [main] INFO  net.runelite.client.RuneLite - RuneLite 1.12.24 (launcher version 2.7.7) starting up, args: --insecure-write-credentials --debug
2026-04-17 12:23:45 UTC [main] INFO  net.runelite.client.RuneLite - Java VM arguments: -XX:+DisableAttachMechanism -Drunelite.launcher.blacklistedDlls=RTSSHooks.dll,RTSSHooks64.dll,NahimicOSD.dll,NahimicMSIOSD.dll,Nahimic2OSD.dll,Nahimic2DevProps.dll,k_fps32.dll,k_fps64.dll,SS2DevProps.dll,SS2OSD.dll,GTIII-OSD64-GL.dll,GTIII-OSD64-VK.dll,GTIII-OSD64.dll -Xmx768m -Xss2m -XX:CompileThreshold=1500 -Dsun.java2d.dpiaware=true -Dsun.java2d.uiScale=2.0 -Dsun.java2d.opengl=false -Drunelite.launcher.version=2.7.7 -XX:ErrorFile=/root/.runelite/logs/jvm_crash_pid_%p.log -Xmx4g -Xms512m -XX:+UseG1GC -XX:MaxGCPauseMillis=50 -Xlog:gc*:file=/root/runelite/gc.log:time,uptime,level,tags:filecount=2,filesize=5M
AFFINITY: pid=8513 name=virgl_test_serv cpu=0 type=little freq=2000000
pid 8513's current affinity mask: f
AFFINITY_MIGRATION: pid=8513 from=0(little) to=0(little) re-pinned=true
2026-04-17 12:23:46 UTC [main] DEBUG n.runelite.client.eventbus.EventBus - Registering class net.runelite.api.events.GameStateChanged - EventBus.Subscriber(object=net.runelite.client.RuntimeConfigRefresher@523424b5, method=public void net.runelite.client.RuntimeConfigRefresher.onGameStateChanged(net.runelite.api.events.GameStateChanged), priority=0.0, lambda=net.runelite.client.RuntimeConfigRefresher$$Lambda$228/0x0000000800405440@2baa8d82)
AFFINITY: pid=8513 name=virgl_test_serv cpu=0 type=little freq=2000000
pid 8513's current affinity mask: f
AFFINITY_MIGRATION: pid=8513 from=0(little) to=0(little) re-pinned=true
2026-04-17 12:23:48 UTC [Preloader] INFO  net.runelite.client.rs.ClientLoader - injected-client 24445762228.105
2026-04-17 12:23:48 UTC [main] WARN  n.r.client.discord.DiscordService - Failed to load Discord library, Discord support will be disabled.
2026-04-17 12:23:48 UTC [main] DEBUG n.runelite.client.eventbus.EventBus - Registering class net.runelite.api.events.FocusChanged - EventBus.Subscriber(object=net.runelite.client.input.KeyManager@48e64352, method=private void net.runelite.client.input.KeyManager.onFocusChanged(net.runelite.api.events.FocusChanged), priority=0.0, lambda=net.runelite.client.input.KeyManager$$Lambda$245/0x000000080047ec40@7249dadf)
2026-04-17 12:23:48 UTC [main] DEBUG n.runelite.client.eventbus.EventBus - Registering class net.runelite.client.events.ConfigChanged - EventBus.Subscriber(object=net.runelite.client.chat.ChatMessageManager@433ffad1, method=public void net.runelite.client.chat.ChatMessageManager.onConfigChanged(net.runelite.client.events.ConfigChanged), priority=0.0, lambda=net.runelite.client.chat.ChatMessageManager$$Lambda$246/0x000000080047e040@1fc793c2)
2026-04-17 12:23:48 UTC [main] DEBUG n.runelite.client.eventbus.EventBus - Registering class net.runelite.client.events.ProfileChanged - EventBus.Subscriber(object=net.runelite.client.chat.ChatMessageManager@433ffad1, method=public void net.runelite.client.chat.ChatMessageManager.onProfileChanged(net.runelite.client.events.ProfileChanged), priority=0.0, lambda=net.runelite.client.chat.ChatMessageManager$$Lambda$247/0x000000080047e440@ecf9fb3)
2026-04-17 12:23:48 UTC [main] DEBUG n.runelite.client.eventbus.EventBus - Registering class net.runelite.api.events.ScriptCallbackEvent - EventBus.Subscriber(object=net.runelite.client.chat.ChatMessageManager@433ffad1, method=public void net.runelite.client.chat.ChatMessageManager.onScriptCallbackEvent(net.runelite.api.events.ScriptCallbackEvent), priority=0.0, lambda=net.runelite.client.chat.ChatMessageManager$$Lambda$248/0x000000080047d840@4593ff34)
2026-04-17 12:23:48 UTC [main] DEBUG net.runelite.client.input.KeyManager - Registering key listener: net.runelite.client.ui.overlay.OverlayRenderer$1@5851bd4f
2026-04-17 12:23:48 UTC [main] DEBUG n.runelite.client.eventbus.EventBus - Registering class net.runelite.api.events.FocusChanged - EventBus.Subscriber(object=net.runelite.client.ui.overlay.OverlayRenderer@2f40a43, method=public void net.runelite.client.ui.overlay.OverlayRenderer.onFocusChanged(net.runelite.api.events.FocusChanged), priority=0.0, lambda=net.runelite.client.ui.overlay.OverlayRenderer$$Lambda$250/0x000000080047d040@3caa4757)
2026-04-17 12:23:48 UTC [main] DEBUG n.runelite.client.eventbus.EventBus - Registering class net.runelite.api.events.ClientTick - EventBus.Subscriber(object=net.runelite.client.ui.overlay.OverlayRenderer@2f40a43, method=protected void net.runelite.client.ui.overlay.OverlayRenderer.onClientTick(net.runelite.api.events.ClientTick), priority=0.0, lambda=net.runelite.client.ui.overlay.OverlayRenderer$$Lambda$251/0x000000080047d440@3a80515c)
2026-04-17 12:23:48 UTC [main] DEBUG n.runelite.client.eventbus.EventBus - Registering class net.runelite.api.events.BeforeRender - EventBus.Subscriber(object=net.runelite.client.ui.overlay.OverlayRenderer@2f40a43, method=public void net.runelite.client.ui.overlay.OverlayRenderer.onBeforeRender(net.runelite.api.events.BeforeRender), priority=0.0, lambda=net.runelite.client.ui.overlay.OverlayRenderer$$Lambda$252/0x000000080047c840@238b521e)
2026-04-17 12:23:48 UTC [main] DEBUG n.runelite.client.eventbus.EventBus - Registering class net.runelite.client.events.ConfigChanged - EventBus.Subscriber(object=net.runelite.client.ui.overlay.infobox.InfoBoxManager@c074c0c, method=public void net.runelite.client.ui.overlay.infobox.InfoBoxManager.onConfigChanged(net.runelite.client.events.ConfigChanged), priority=0.0, lambda=net.runelite.client.ui.overlay.infobox.InfoBoxManager$$Lambda$253/0x000000080047cc40@58a55449)
2026-04-17 12:23:48 UTC [main] DEBUG n.runelite.client.eventbus.EventBus - Registering class net.runelite.client.events.ProfileChanged - EventBus.Subscriber(object=net.runelite.client.ui.overlay.infobox.InfoBoxManager@c074c0c, method=public synchronized void net.runelite.client.ui.overlay.infobox.InfoBoxManager.onProfileChanged(net.runelite.client.events.ProfileChanged), priority=0.0, lambda=net.runelite.client.ui.overlay.infobox.InfoBoxManager$$Lambda$254/0x000000080047c040@6e0ff644)
2026-04-17 12:23:48 UTC [main] DEBUG n.runelite.client.eventbus.EventBus - Registering class net.runelite.client.events.InfoBoxMenuClicked - EventBus.Subscriber(object=net.runelite.client.ui.overlay.infobox.InfoBoxManager@c074c0c, method=public void net.runelite.client.ui.overlay.infobox.InfoBoxManager.onInfoBoxMenuClicked(net.runelite.client.events.InfoBoxMenuClicked), priority=0.0, lambda=net.runelite.client.ui.overlay.infobox.InfoBoxManager$$Lambda$255/0x000000080047c440@3c291aad)
2026-04-17 12:23:48 UTC [main] DEBUG n.runelite.client.eventbus.EventBus - Registering class net.runelite.api.events.ScriptCallbackEvent - EventBus.Subscriber(object=net.runelite.client.callback.Hooks@10b3df93, method=public void net.runelite.client.callback.Hooks.onScriptCallbackEvent(net.runelite.api.events.ScriptCallbackEvent), priority=0.0, lambda=net.runelite.client.callback.Hooks$$Lambda$256/0x0000000800490040@ea27e34)
2026-04-17 12:23:49 UTC [main] INFO  injected-client - writing 3 credentials to disk
2026-04-17 12:23:49 UTC [main] INFO  n.r.client.account.SessionManager - No session file exists
2026-04-17 12:23:49 UTC [main] DEBUG n.r.client.config.ConfigManager - Profile '$rsprofile' (sync: true, active: -1, id: false, internal)
2026-04-17 12:23:49 UTC [main] INFO  n.r.client.config.ConfigManager - Profile 'default' (sync: false, active: true, id: 170891852887488)
2026-04-17 12:23:49 UTC [main] INFO  n.r.client.config.ConfigManager - Using profile: default (170891852887488)
2026-04-17 12:23:49 UTC [main] DEBUG net.runelite.client.Updater - Unsupported OS: Linux
AFFINITY: pid=8513 name=virgl_test_serv cpu=0 type=little freq=2000000
pid 8513's current affinity mask: f
AFFINITY_MIGRATION: pid=8513 from=0(little) to=0(little) re-pinned=true
2026-04-17 12:23:50 UTC [main] DEBUG n.runelite.client.eventbus.EventBus - Registering class net.runelite.api.events.GameStateChanged - EventBus.Subscriber(object=net.runelite.client.game.ItemManager@3e17a0a1, method=private void net.runelite.client.game.ItemManager.onGameStateChanged(net.runelite.api.events.GameStateChanged), priority=0.0, lambda=net.runelite.client.game.ItemManager$$Lambda$299/0x000000080053d840@790a251b)
2026-04-17 12:23:50 UTC [pool-2-thread-1] DEBUG net.runelite.client.game.ItemClient - Built URI: https://api.runelite.net/runelite-1.12.24/item/prices.js
2026-04-17 12:23:50 UTC [main] DEBUG n.r.client.plugins.PluginManager - Loaded plugin BlastFurnacePlugin
2026-04-17 12:23:50 UTC [main] DEBUG n.r.client.plugins.PluginManager - Loaded plugin DefaultWorldPlugin
2026-04-17 12:23:50 UTC [main] DEBUG n.r.client.plugins.PluginManager - Loaded plugin SkyboxPlugin
2026-04-17 12:23:50 UTC [main] DEBUG n.runelite.client.eventbus.EventBus - Registering class net.runelite.api.events.GameStateChanged - EventBus.Subscriber(object=net.runelite.client.game.ChatIconManager@6c6366cf, method=private void net.runelite.client.game.ChatIconManager.onGameStateChanged(net.runelite.api.events.GameStateChanged), priority=0.0, lambda=net.runelite.client.game.ChatIconManager$$Lambda$304/0x000000080053cc40@55a88417)
2026-04-17 12:23:50 UTC [main] DEBUG n.r.client.plugins.PluginManager - Loaded plugin EmojiPlugin
2026-04-17 12:23:50 UTC [main] DEBUG n.r.client.game.SkillIconManager - Loading skill icon from /skill_icons/mining.png
2026-04-17 12:23:50 UTC [main] DEBUG n.r.client.plugins.PluginManager - Loaded plugin MotherlodePlugin
2026-04-17 12:23:50 UTC [main] DEBUG n.runelite.client.eventbus.EventBus - Registering class net.runelite.client.party.events.UserJoin - EventBus.Subscriber(object=net.runelite.client.party.PartyService@574cd322, method=public void net.runelite.client.party.PartyService.onUserJoin(net.runelite.client.party.events.UserJoin), priority=1.0, lambda=net.runelite.client.party.PartyService$$Lambda$308/0x000000080053ac40@45c2e0a6)
2026-04-17 12:23:50 UTC [main] DEBUG n.runelite.client.eventbus.EventBus - Registering class net.runelite.client.party.events.UserPart - EventBus.Subscriber(object=net.runelite.client.party.PartyService@574cd322, method=public void net.runelite.client.party.PartyService.onUserPart(net.runelite.client.party.events.UserPart), priority=1.0, lambda=net.runelite.client.party.PartyService$$Lambda$309/0x000000080053a040@3b1ed14b)
2026-04-17 12:23:50 UTC [main] DEBUG n.runelite.client.eventbus.EventBus - Registering class net.runelite.client.party.messages.PartyChatMessage - EventBus.Subscriber(object=net.runelite.client.party.PartyService@574cd322, method=public void net.runelite.client.party.PartyService.onPartyChatMessage(net.runelite.client.party.messages.PartyChatMessage), priority=0.0, lambda=net.runelite.client.party.PartyService$$Lambda$310/0x000000080053a440@3db972d2)
2026-04-17 12:23:50 UTC [main] DEBUG n.r.client.plugins.PluginManager - Loaded plugin PartyPlugin
2026-04-17 12:23:51 UTC [main] DEBUG n.runelite.client.eventbus.EventBus - Registering class net.runelite.api.events.NpcChanged - EventBus.Subscriber(object=net.runelite.client.game.NpcUtil@716e431d, method=void net.runelite.client.game.NpcUtil.onNpcChanged(net.runelite.api.events.NpcChanged), priority=0.0, lambda=net.runelite.client.game.NpcUtil$$Lambda$312/0x0000000800539040@7e744f43)
2026-04-17 12:23:51 UTC [main] DEBUG n.runelite.client.eventbus.EventBus - Registering class net.runelite.api.events.AnimationChanged - EventBus.Subscriber(object=net.runelite.client.game.NpcUtil@716e431d, method=public void net.runelite.client.game.NpcUtil.onAnimationChanged(net.runelite.api.events.AnimationChanged), priority=0.0, lambda=net.runelite.client.game.NpcUtil$$Lambda$313/0x0000000800539440@69391e08)
2026-04-17 12:23:51 UTC [main] DEBUG n.r.client.plugins.PluginManager - Loaded plugin EntityHiderPlugin
2026-04-17 12:23:51 UTC [main] DEBUG n.r.client.plugins.PluginManager - Loaded plugin TimersAndBuffsPlugin
2026-04-17 12:23:51 UTC [pool-2-thread-1] DEBUG net.runelite.client.game.ItemManager - Loaded 4544 prices
2026-04-17 12:23:51 UTC [pool-2-thread-1] DEBUG net.runelite.client.game.ItemClient - Built URI: https://static.runelite.net/item/stats.ids.min.json
2026-04-17 12:23:51 UTC [main] DEBUG n.r.client.plugins.PluginManager - Loaded plugin TeamPlugin
2026-04-17 12:23:51 UTC [main] DEBUG n.r.client.plugins.PluginManager - Loaded plugin RegenMeterPlugin
2026-04-17 12:23:51 UTC [main] DEBUG n.r.client.plugins.PluginManager - Loaded plugin IdleNotifierPlugin
2026-04-17 12:23:51 UTC [main] DEBUG n.r.client.plugins.PluginManager - Loaded plugin InventoryViewerPlugin
2026-04-17 12:23:51 UTC [main] DEBUG n.r.client.plugins.PluginManager - Loaded plugin AttackStylesPlugin
2026-04-17 12:23:51 UTC [main] DEBUG n.r.client.plugins.PluginManager - Loaded plugin BossTimersPlugin
2026-04-17 12:23:51 UTC [main] DEBUG n.runelite.client.eventbus.EventBus - Registering class net.runelite.api.events.NpcChanged - EventBus.Subscriber(object=net.runelite.client.game.LootManager@5c77ba8f, method=public void net.runelite.client.game.LootManager.onNpcChanged(net.runelite.api.events.NpcChanged), priority=0.0, lambda=net.runelite.client.game.LootManager$$Lambda$318/0x00000008005f7440@660f0c)
2026-04-17 12:23:51 UTC [main] DEBUG n.runelite.client.eventbus.EventBus - Registering class net.runelite.api.events.ItemSpawned - EventBus.Subscriber(object=net.runelite.client.game.LootManager@5c77ba8f, method=public void net.runelite.client.game.LootManager.onItemSpawned(net.runelite.api.events.ItemSpawned), priority=0.0, lambda=net.runelite.client.game.LootManager$$Lambda$319/0x00000008005f6840@7add323c)
2026-04-17 12:23:51 UTC [main] DEBUG n.runelite.client.eventbus.EventBus - Registering class net.runelite.api.events.ItemDespawned - EventBus.Subscriber(object=net.runelite.client.game.LootManager@5c77ba8f, method=public void net.runelite.client.game.LootManager.onItemDespawned(net.runelite.api.events.ItemDespawned), priority=0.0, lambda=net.runelite.client.game.LootManager$$Lambda$320/0x00000008005f6c40@261ea657)
2026-04-17 12:23:51 UTC [main] DEBUG n.runelite.client.eventbus.EventBus - Registering class net.runelite.api.events.GameTick - EventBus.Subscriber(object=net.runelite.client.game.LootManager@5c77ba8f, method=public void net.runelite.client.game.LootManager.onGameTick(net.runelite.api.events.GameTick), priority=0.0, lambda=net.runelite.client.game.LootManager$$Lambda$321/0x00000008005f6040@658255aa)
2026-04-17 12:23:51 UTC [main] DEBUG n.runelite.client.eventbus.EventBus - Registering class net.runelite.api.events.NpcDespawned - EventBus.Subscriber(object=net.runelite.client.game.LootManager@5c77ba8f, method=public void net.runelite.client.game.LootManager.onNpcDespawned(net.runelite.api.events.NpcDespawned), priority=0.0, lambda=net.runelite.client.game.LootManager$$Lambda$322/0x00000008005f6440@76563d26)
2026-04-17 12:23:51 UTC [main] DEBUG n.runelite.client.eventbus.EventBus - Registering class net.runelite.api.events.ScriptPreFired - EventBus.Subscriber(object=net.runelite.client.game.LootManager@5c77ba8f, method=private void net.runelite.client.game.LootManager.onScriptPreFired(net.runelite.api.events.ScriptPreFired), priority=0.0, lambda=net.runelite.client.game.LootManager$$Lambda$323/0x00000008005f5840@3d904e9c)
2026-04-17 12:23:51 UTC [main] DEBUG n.runelite.client.eventbus.EventBus - Registering class net.runelite.api.events.AnimationChanged - EventBus.Subscriber(object=net.runelite.client.game.LootManager@5c77ba8f, method=public void net.runelite.client.game.LootManager.onAnimationChanged(net.runelite.api.events.AnimationChanged), priority=0.0, lambda=net.runelite.client.game.LootManager$$Lambda$324/0x00000008005f5c40@17f2dd85)
2026-04-17 12:23:51 UTC [main] DEBUG n.runelite.client.eventbus.EventBus - Registering class net.runelite.api.events.PlayerDespawned - EventBus.Subscriber(object=net.runelite.client.game.LootManager@5c77ba8f, method=public void net.runelite.client.game.LootManager.onPlayerDespawned(net.runelite.api.events.PlayerDespawned), priority=0.0, lambda=net.runelite.client.game.LootManager$$Lambda$325/0x00000008005f5040@210308d5)
2026-04-17 12:23:51 UTC [main] DEBUG n.r.client.plugins.PluginManager - Loaded plugin LootTrackerPlugin
2026-04-17 12:23:51 UTC [main] DEBUG n.r.client.plugins.PluginManager - Loaded plugin SkillCalculatorPlugin
2026-04-17 12:23:51 UTC [main] DEBUG n.r.client.plugins.PluginManager - Loaded plugin PuzzleSolverPlugin
2026-04-17 12:23:51 UTC [main] DEBUG n.r.client.plugins.PluginManager - Loaded plugin AmmoPlugin
2026-04-17 12:23:51 UTC [main] DEBUG n.r.client.plugins.PluginManager - Loaded plugin LoginScreenPlugin
2026-04-17 12:23:51 UTC [main] DEBUG n.r.client.plugins.PluginManager - Loaded plugin DiscordPlugin
2026-04-17 12:23:51 UTC [main] DEBUG n.runelite.client.eventbus.EventBus - Registering class net.runelite.api.events.GameStateChanged - EventBus.Subscriber(object=net.runelite.client.game.chatbox.ChatboxPanelManager@62dbe64e, method=private void net.runelite.client.game.chatbox.ChatboxPanelManager.onGameStateChanged(net.runelite.api.events.GameStateChanged), priority=0.0, lambda=net.runelite.client.game.chatbox.ChatboxPanelManager$$Lambda$326/0x00000008005f4840@6cff61fc)
2026-04-17 12:23:51 UTC [main] DEBUG n.runelite.client.eventbus.EventBus - Registering class net.runelite.api.events.ScriptPreFired - EventBus.Subscriber(object=net.runelite.client.game.chatbox.ChatboxPanelManager@62dbe64e, method=public void net.runelite.client.game.chatbox.ChatboxPanelManager.onScriptPreFired(net.runelite.api.events.ScriptPreFired), priority=0.0, lambda=net.runelite.client.game.chatbox.ChatboxPanelManager$$Lambda$327/0x00000008005f4c40@467b684d)
2026-04-17 12:23:51 UTC [main] DEBUG n.r.client.plugins.PluginManager - Loaded plugin MusicPlugin
2026-04-17 12:23:51 UTC [pool-2-thread-1] DEBUG net.runelite.client.game.ItemManager - Loaded 13417 stats
2026-04-17 12:23:51 UTC [pool-2-thread-1] DEBUG n.runelite.client.game.WorldService - Fetching worlds
2026-04-17 12:23:51 UTC [pool-2-thread-1] DEBUG net.runelite.client.game.WorldClient - Built URI: https://api.runelite.net/runelite-1.12.24/worlds.js
2026-04-17 12:23:51 UTC [main] DEBUG n.r.client.plugins.PluginManager - Loaded plugin ItemChargePlugin
2026-04-17 12:23:51 UTC [main] DEBUG n.r.client.plugins.PluginManager - Loaded plugin ExaminePlugin
2026-04-17 12:23:51 UTC [main] DEBUG n.r.client.plugins.PluginManager - Loaded plugin RandomEventPlugin
2026-04-17 12:23:51 UTC [main] DEBUG n.r.client.plugins.PluginManager - Loaded plugin ConfigPlugin
2026-04-17 12:23:51 UTC [main] DEBUG n.r.client.plugins.PluginManager - Loaded plugin XpDropPlugin
2026-04-17 12:23:51 UTC [main] DEBUG n.r.client.plugins.PluginManager - Loaded plugin TimestampPlugin
2026-04-17 12:23:51 UTC [main] DEBUG n.r.client.plugins.PluginManager - Loaded plugin WoodcuttingPlugin
2026-04-17 12:23:51 UTC [main] DEBUG n.r.client.plugins.PluginManager - Loaded plugin KingdomPlugin
2026-04-17 12:23:51 UTC [main] DEBUG n.r.client.plugins.PluginManager - Loaded plugin LowMemoryPlugin
2026-04-17 12:23:51 UTC [main] DEBUG n.r.client.plugins.PluginManager - Loaded plugin PyramidPlunderPlugin
2026-04-17 12:23:51 UTC [main] DEBUG n.r.client.plugins.PluginManager - Loaded plugin TileIndicatorsPlugin
2026-04-17 12:23:51 UTC [main] DEBUG n.r.client.plugins.PluginManager - Loaded plugin GpuPlugin
2026-04-17 12:23:51 UTC [main] DEBUG n.r.client.plugins.PluginManager - Loaded plugin PestControlPlugin
2026-04-17 12:23:51 UTC [main] DEBUG n.r.client.plugins.PluginManager - Loaded plugin CrowdsourcingPlugin
2026-04-17 12:23:51 UTC [main] DEBUG n.r.client.plugins.PluginManager - Loaded plugin ZalcanoPlugin
2026-04-17 12:23:51 UTC [main] DEBUG n.r.client.plugins.PluginManager - Loaded plugin RunEnergyPlugin
2026-04-17 12:23:51 UTC [main] DEBUG n.r.client.plugins.PluginManager - Loaded plugin TitheFarmPlugin
2026-04-17 12:23:51 UTC [main] DEBUG n.r.client.plugins.PluginManager - Loaded plugin InventoryTagsPlugin
2026-04-17 12:23:51 UTC [main] DEBUG n.r.client.plugins.PluginManager - Loaded plugin NightmareZonePlugin
2026-04-17 12:23:51 UTC [main] DEBUG n.r.client.plugins.PluginManager - Loaded plugin DiaryRequirementsPlugin
2026-04-17 12:23:51 UTC [main] DEBUG n.r.client.plugins.PluginManager - Loaded plugin FriendListPlugin
2026-04-17 12:23:51 UTC [main] DEBUG n.r.client.plugins.PluginManager - Loaded plugin ScreenMarkerPlugin
2026-04-17 12:23:51 UTC [main] DEBUG n.r.client.plugins.PluginManager - Loaded plugin WintertodtPlugin
2026-04-17 12:23:51 UTC [main] DEBUG n.runelite.client.eventbus.EventBus - Registering class net.runelite.api.events.MenuEntryAdded - EventBus.Subscriber(object=net.runelite.client.menus.MenuManager@7f1ef916, method=public void net.runelite.client.menus.MenuManager.onMenuEntryAdded(net.runelite.api.events.MenuEntryAdded), priority=0.0, lambda=net.runelite.client.menus.MenuManager$$Lambda$333/0x00000008005f2840@1886991b)
2026-04-17 12:23:51 UTC [main] DEBUG n.runelite.client.eventbus.EventBus - Registering class net.runelite.api.events.PlayerMenuOptionsChanged - EventBus.Subscriber(object=net.runelite.client.menus.MenuManager@7f1ef916, method=public void net.runelite.client.menus.MenuManager.onPlayerMenuOptionsChanged(net.runelite.api.events.PlayerMenuOptionsChanged), priority=0.0, lambda=net.runelite.client.menus.MenuManager$$Lambda$334/0x00000008005f2c40@17dd671f)
2026-04-17 12:23:51 UTC [main] DEBUG n.r.client.plugins.PluginManager - Loaded plugin PrayerPlugin
2026-04-17 12:23:51 UTC [main] DEBUG n.r.client.plugins.PluginManager - Loaded plugin XteaPlugin
2026-04-17 12:23:51 UTC [main] DEBUG n.r.client.plugins.PluginManager - Loaded plugin VirtualLevelsPlugin
2026-04-17 12:23:51 UTC [main] DEBUG n.r.client.plugins.PluginManager - Loaded plugin AntiDragPlugin
2026-04-17 12:23:51 UTC [main] DEBUG n.r.client.plugins.PluginManager - Loaded plugin StretchedModePlugin
2026-04-17 12:23:51 UTC [main] DEBUG n.r.client.plugins.PluginManager - Loaded plugin InstanceMapPlugin
2026-04-17 12:23:51 UTC [pool-2-thread-1] DEBUG n.runelite.client.game.NpcInfoClient - Built URI: https://static.runelite.net/npcs/npcs.min.json
2026-04-17 12:23:51 UTC [main] DEBUG n.runelite.client.eventbus.EventBus - Registering class net.runelite.api.events.ScriptCallbackEvent - EventBus.Subscriber(object=net.runelite.client.chat.ChatInputManager@7da39774, method=private void net.runelite.client.chat.ChatInputManager.onScriptCallbackEvent(net.runelite.api.events.ScriptCallbackEvent), priority=0.0, lambda=net.runelite.client.chat.ChatInputManager$$Lambda$340/0x00000008005f1440@441b8382)
2026-04-17 12:23:51 UTC [main] DEBUG n.runelite.client.eventbus.EventBus - Registering class net.runelite.api.events.ChatMessage - EventBus.Subscriber(object=net.runelite.client.chat.ChatCommandManager@5349b246, method=public void net.runelite.client.chat.ChatCommandManager.onChatMessage(net.runelite.api.events.ChatMessage), priority=0.0, lambda=net.runelite.client.chat.ChatCommandManager$$Lambda$341/0x0000000800638040@32b0876c)
2026-04-17 12:23:51 UTC [main] DEBUG n.runelite.client.eventbus.EventBus - Registering class net.runelite.client.events.ChatboxInput - EventBus.Subscriber(object=net.runelite.client.chat.ChatCommandManager@5349b246, method=public void net.runelite.client.chat.ChatCommandManager.onChatboxInput(net.runelite.client.events.ChatboxInput), priority=0.0, lambda=net.runelite.client.chat.ChatCommandManager$$Lambda$342/0x0000000800638440@11c3ff67)
2026-04-17 12:23:51 UTC [main] DEBUG n.runelite.client.eventbus.EventBus - Registering class net.runelite.client.events.PrivateMessageInput - EventBus.Subscriber(object=net.runelite.client.chat.ChatCommandManager@5349b246, method=public void net.runelite.client.chat.ChatCommandManager.onPrivateMessageInput(net.runelite.client.events.PrivateMessageInput), priority=0.0, lambda=net.runelite.client.chat.ChatCommandManager$$Lambda$343/0x0000000800638840@77114efe)
2026-04-17 12:23:51 UTC [main] DEBUG n.runelite.client.eventbus.EventBus - Registering class net.runelite.api.events.GameStateChanged - EventBus.Subscriber(object=net.runelite.client.game.npcoverlay.NpcOverlayService@600f5704, method=private void net.runelite.client.game.npcoverlay.NpcOverlayService.onGameStateChanged(net.runelite.api.events.GameStateChanged), priority=0.0, lambda=net.runelite.client.game.npcoverlay.NpcOverlayService$$Lambda$347/0x0000000800639840@2503ec73)
2026-04-17 12:23:51 UTC [main] DEBUG n.runelite.client.eventbus.EventBus - Registering class net.runelite.api.events.NpcChanged - EventBus.Subscriber(object=net.runelite.client.game.npcoverlay.NpcOverlayService@600f5704, method=private void net.runelite.client.game.npcoverlay.NpcOverlayService.onNpcChanged(net.runelite.api.events.NpcChanged), priority=-1.0, lambda=net.runelite.client.game.npcoverlay.NpcOverlayService$$Lambda$348/0x000000080063a040@5e1fc42f)
2026-04-17 12:23:51 UTC [main] DEBUG n.runelite.client.eventbus.EventBus - Registering class net.runelite.api.events.NpcSpawned - EventBus.Subscriber(object=net.runelite.client.game.npcoverlay.NpcOverlayService@600f5704, method=private void net.runelite.client.game.npcoverlay.NpcOverlayService.onNpcSpawned(net.runelite.api.events.NpcSpawned), priority=-1.0, lambda=net.runelite.client.game.npcoverlay.NpcOverlayService$$Lambda$349/0x000000080063a840@7ee8130e)
2026-04-17 12:23:51 UTC [main] DEBUG n.runelite.client.eventbus.EventBus - Registering class net.runelite.api.events.NpcDespawned - EventBus.Subscriber(object=net.runelite.client.game.npcoverlay.NpcOverlayService@600f5704, method=private void net.runelite.client.game.npcoverlay.NpcOverlayService.onNpcDespawned(net.runelite.api.events.NpcDespawned), priority=-1.0, lambda=net.runelite.client.game.npcoverlay.NpcOverlayService$$Lambda$350/0x000000080063ac40@4288d98e)
2026-04-17 12:23:51 UTC [main] DEBUG n.r.client.plugins.PluginManager - Loaded plugin SlayerPlugin
2026-04-17 12:23:51 UTC [main] DEBUG n.r.client.plugins.PluginManager - Loaded plugin NpcAggroAreaPlugin
2026-04-17 12:23:51 UTC [Client] ERROR injected-client - Error initializing sound engine. Audio will be unavailable.
zf: 
	at mr.ah(mr.java:9620)
	at si.ab(si.java:39)
	at gk.ax(gk.java:923)
	at client.ir(client.java:9194)
	at sw.agt(sw.java:447)
	at sw.az(sw.java)
	at sw.run(sw.java:58274)
	at java.base/java.lang.Thread.run(Thread.java:829)
Caused by: java.lang.IllegalArgumentException: No line matching interface SourceDataLine supporting format PCM_SIGNED 22050.0 Hz, 16 bit, stereo, 4 bytes/frame, little-endian, and buffers of 16384 to 16384 bytes is supported.
	at java.desktop/javax.sound.sampled.AudioSystem.getLine(AudioSystem.java:425)
	at si.ab(si.java:26)
	... 6 common frames omitted
2026-04-17 12:23:51 UTC [main] DEBUG n.r.client.plugins.PluginManager - Loaded plugin CannonPlugin
2026-04-17 12:23:51 UTC [main] DEBUG n.r.client.plugins.PluginManager - Loaded plugin ChatHistoryPlugin
2026-04-17 12:23:51 UTC [main] DEBUG n.r.client.plugins.PluginManager - Loaded plugin ItemIdentificationPlugin
2026-04-17 12:23:51 UTC [main] DEBUG n.r.client.plugins.PluginManager - Loaded plugin DpsCounterPlugin
2026-04-17 12:23:51 UTC [main] DEBUG n.r.client.plugins.PluginManager - Loaded plugin CombatLevelPlugin
2026-04-17 12:23:51 UTC [main] DEBUG n.r.client.plugins.PluginManager - Loaded plugin CustomCursorPlugin
2026-04-17 12:23:51 UTC [main] DEBUG n.r.client.plugins.PluginManager - Loaded plugin HunterPlugin
2026-04-17 12:23:51 UTC [main] DEBUG n.r.client.plugins.PluginManager - Loaded plugin ChatChannelPlugin
2026-04-17 12:23:51 UTC [main] DEBUG n.r.client.plugins.PluginManager - Loaded plugin ImplingsPlugin
2026-04-17 12:23:51 UTC [main] DEBUG n.r.client.plugins.PluginManager - Loaded plugin ChatFilterPlugin
2026-04-17 12:23:51 UTC [main] DEBUG n.r.client.plugins.PluginManager - Loaded plugin BoostsPlugin
2026-04-17 12:23:51 UTC [main] DEBUG n.r.client.plugins.PluginManager - Loaded plugin DailyTasksPlugin
2026-04-17 12:23:51 UTC [main] DEBUG n.r.client.plugins.PluginManager - Loaded plugin LogoutTimerPlugin
2026-04-17 12:23:51 UTC [main] DEBUG n.r.client.plugins.PluginManager - Loaded plugin GroundItemsPlugin
2026-04-17 12:23:52 UTC [main] DEBUG n.r.client.plugins.PluginManager - Loaded plugin SpellbookPlugin
2026-04-17 12:23:52 UTC [main] DEBUG n.r.client.plugins.PluginManager - Loaded plugin GroundMarkerPlugin
2026-04-17 12:23:52 UTC [main] DEBUG n.r.client.plugins.PluginManager - Loaded plugin MouseHighlightPlugin
2026-04-17 12:23:52 UTC [main] DEBUG n.r.client.plugins.PluginManager - Loaded plugin GrandExchangePlugin
2026-04-17 12:23:52 UTC [main] DEBUG n.r.client.plugins.PluginManager - Loaded plugin BarbarianAssaultPlugin
2026-04-17 12:23:52 UTC [main] INFO  n.r.c.plugins.kourendlibrary.Library - Library is now reset
2026-04-17 12:23:52 UTC [main] DEBUG n.r.client.plugins.PluginManager - Loaded plugin KourendLibraryPlugin
2026-04-17 12:23:52 UTC [main] DEBUG n.r.client.plugins.PluginManager - Loaded plugin AnimationSmoothingPlugin
2026-04-17 12:23:52 UTC [main] DEBUG n.r.client.plugins.PluginManager - Loaded plugin FairyRingPlugin
2026-04-17 12:23:52 UTC [main] DEBUG n.r.client.plugins.PluginManager - Loaded plugin ReportButtonPlugin
2026-04-17 12:23:52 UTC [main] DEBUG n.r.client.plugins.PluginManager - Loaded plugin ItemPricesPlugin
2026-04-17 12:23:52 UTC [main] DEBUG n.r.client.plugins.PluginManager - Loaded plugin DriftNetPlugin
2026-04-17 12:23:52 UTC [main] DEBUG n.r.client.plugins.PluginManager - Loaded plugin NotesPlugin
2026-04-17 12:23:52 UTC [main] DEBUG n.r.client.plugins.PluginManager - Loaded plugin RunepouchPlugin
2026-04-17 12:23:52 UTC [main] DEBUG n.r.client.plugins.PluginManager - Loaded plugin MetronomePlugin
2026-04-17 12:23:52 UTC [main] DEBUG n.r.client.plugins.PluginManager - Loaded plugin RoofRemovalPlugin
2026-04-17 12:23:52 UTC [main] DEBUG n.r.client.plugins.PluginManager - Loaded plugin PoisonPlugin
2026-04-17 12:23:52 UTC [main] DEBUG n.r.client.plugins.PluginManager - Loaded plugin InterfaceStylesPlugin
2026-04-17 12:23:52 UTC [main] DEBUG n.r.client.plugins.PluginManager - Loaded plugin MTAPlugin
2026-04-17 12:23:52 UTC [main] DEBUG n.r.client.plugins.PluginManager - Loaded plugin WorldHopperPlugin
2026-04-17 12:23:52 UTC [main] DEBUG n.r.client.plugins.PluginManager - Loaded plugin InfoPlugin
2026-04-17 12:23:52 UTC [main] DEBUG n.r.client.plugins.PluginManager - Loaded plugin XpTrackerPlugin
2026-04-17 12:23:52 UTC [main] DEBUG n.r.client.plugins.PluginManager - Loaded plugin AgilityPlugin
2026-04-17 12:23:52 UTC [main] DEBUG n.r.client.plugins.PluginManager - Loaded plugin XpGlobesPlugin
2026-04-17 12:23:52 UTC [main] DEBUG n.r.client.plugins.PluginManager - Loaded plugin FishingPlugin
2026-04-17 12:23:52 UTC [main] DEBUG n.r.client.plugins.PluginManager - Loaded plugin TimeTrackingPlugin
AFFINITY: pid=8513 name=virgl_test_serv cpu=0 type=little freq=2000000
2026-04-17 12:23:52 UTC [main] DEBUG n.r.client.plugins.PluginManager - Loaded plugin HerbiboarPlugin
2026-04-17 12:23:52 UTC [main] DEBUG n.r.client.plugins.PluginManager - Loaded plugin KeyRemappingPlugin
pid 8513's current affinity mask: f
2026-04-17 12:23:52 UTC [main] DEBUG n.r.client.plugins.PluginManager - Loaded plugin BankTagsPlugin
2026-04-17 12:23:52 UTC [main] DEBUG n.r.client.plugins.PluginManager - Loaded plugin ClueScrollPlugin
AFFINITY_MIGRATION: pid=8513 from=0(little) to=0(little) re-pinned=true
2026-04-17 12:23:52 UTC [main] DEBUG n.r.client.plugins.PluginManager - Loaded plugin MenuEntrySwapperPlugin
2026-04-17 12:23:52 UTC [main] DEBUG n.r.client.plugins.PluginManager - Loaded plugin WorldMapPlugin
2026-04-17 12:23:52 UTC [main] DEBUG n.r.client.plugins.PluginManager - Loaded plugin QuestListPlugin
2026-04-17 12:23:52 UTC [main] DEBUG n.r.client.plugins.PluginManager - Loaded plugin CookingPlugin
2026-04-17 12:23:52 UTC [main] DEBUG n.r.client.plugins.PluginManager - Loaded plugin OpponentInfoPlugin
2026-04-17 12:23:52 UTC [main] DEBUG n.r.client.plugins.PluginManager - Loaded plugin BarrowsPlugin
2026-04-17 12:23:52 UTC [main] DEBUG n.r.client.plugins.PluginManager - Loaded plugin ChatNotificationsPlugin
2026-04-17 12:23:52 UTC [main] DEBUG n.r.client.plugins.PluginManager - Loaded plugin InteractHighlightPlugin
2026-04-17 12:23:52 UTC [main] DEBUG n.r.client.plugins.PluginManager - Loaded plugin ChatCommandsPlugin
2026-04-17 12:23:52 UTC [main] DEBUG n.r.client.plugins.PluginManager - Loaded plugin BlastMinePlugin
2026-04-17 12:23:52 UTC [main] DEBUG n.r.c.p.itemstats.ItemStatChanges - 814 items; 241 behaviours loaded
2026-04-17 12:23:52 UTC [main] DEBUG n.r.client.plugins.PluginManager - Loaded plugin ItemStatPlugin
2026-04-17 12:23:53 UTC [main] DEBUG n.r.client.plugins.PluginManager - Loaded plugin StatusBarsPlugin
2026-04-17 12:23:53 UTC [main] DEBUG n.r.client.plugins.PluginManager - Loaded plugin TwitchPlugin
2026-04-17 12:23:53 UTC [main] DEBUG n.r.client.plugins.PluginManager - Loaded plugin MiningPlugin
2026-04-17 12:23:53 UTC [main] DEBUG n.r.client.plugins.PluginManager - Loaded plugin HiscorePlugin
2026-04-17 12:23:53 UTC [main] DEBUG n.r.client.plugins.PluginManager - Loaded plugin ObjectIndicatorsPlugin
2026-04-17 12:23:53 UTC [main] DEBUG n.r.client.plugins.PluginManager - Loaded plugin FriendNotesPlugin
2026-04-17 12:23:53 UTC [main] DEBUG n.r.client.plugins.PluginManager - Loaded plugin RaidsPlugin
2026-04-17 12:23:53 UTC [main] DEBUG n.r.client.plugins.PluginManager - Loaded plugin CameraPlugin
2026-04-17 12:23:53 UTC [main] DEBUG n.r.client.plugins.PluginManager - Loaded plugin CorpPlugin
2026-04-17 12:23:53 UTC [main] DEBUG n.r.client.plugins.PluginManager - Loaded plugin XpUpdaterPlugin
2026-04-17 12:23:53 UTC [main] DEBUG n.r.client.plugins.PluginManager - Loaded plugin TearsOfGuthixPlugin
2026-04-17 12:23:53 UTC [main] DEBUG n.r.client.plugins.PluginManager - Loaded plugin SmeltingPlugin
2026-04-17 12:23:53 UTC [main] DEBUG n.r.client.plugins.PluginManager - Loaded plugin SpecialCounterPlugin
2026-04-17 12:23:53 UTC [main] DEBUG n.r.client.plugins.PluginManager - Loaded plugin AccountPlugin
2026-04-17 12:23:53 UTC [main] DEBUG n.r.client.plugins.PluginManager - Loaded plugin MinimapPlugin
2026-04-17 12:23:53 UTC [main] DEBUG n.r.client.plugins.PluginManager - Loaded plugin PlayerIndicatorsPlugin
2026-04-17 12:23:53 UTC [main] DEBUG n.r.client.plugins.PluginManager - Loaded plugin BankPlugin
2026-04-17 12:23:53 UTC [main] DEBUG n.r.client.plugins.PluginManager - Loaded plugin FpsPlugin
2026-04-17 12:23:53 UTC [main] DEBUG n.r.client.plugins.PluginManager - Loaded plugin ScreenshotPlugin
2026-04-17 12:23:53 UTC [main] DEBUG n.r.client.plugins.PluginManager - Loaded plugin InventoryGridPlugin
2026-04-17 12:23:53 UTC [main] DEBUG n.r.client.plugins.PluginManager - Loaded plugin PohPlugin
2026-04-17 12:23:53 UTC [main] DEBUG n.r.client.plugins.PluginManager - Loaded plugin NpcIndicatorsPlugin
2026-04-17 12:23:53 UTC [main] DEBUG n.r.client.plugins.PluginManager - Loaded plugin RunecraftPlugin
2026-04-17 12:23:53 UTC [main] DEBUG n.r.client.plugins.PluginManager - Loaded plugin WikiPlugin
2026-04-17 12:23:53 UTC [main] DEBUG n.runelite.client.eventbus.EventBus - Registering class net.runelite.client.events.ClientShutdown - EventBus.Subscriber(object=net.runelite.client.ClientSessionManager@d3e3085, method=private void net.runelite.client.ClientSessionManager.onClientShutdown(net.runelite.client.events.ClientShutdown), priority=0.0, lambda=net.runelite.client.ClientSessionManager$$Lambda$460/0x00000008006a5040@2ba42204)
2026-04-17 12:23:53 UTC [main] DEBUG n.runelite.client.eventbus.EventBus - Registering class net.runelite.client.events.ConfigChanged - EventBus.Subscriber(object=net.runelite.client.ui.ClientUI@27585351, method=private void net.runelite.client.ui.ClientUI.onConfigChanged(net.runelite.client.events.ConfigChanged), priority=0.0, lambda=net.runelite.client.ui.ClientUI$$Lambda$494/0x00000008006c2840@2de6f1bc)
2026-04-17 12:23:53 UTC [main] DEBUG n.runelite.client.eventbus.EventBus - Registering class net.runelite.api.events.GameStateChanged - EventBus.Subscriber(object=net.runelite.client.ui.ClientUI@27585351, method=private void net.runelite.client.ui.ClientUI.onGameStateChanged(net.runelite.api.events.GameStateChanged), priority=0.0, lambda=net.runelite.client.ui.ClientUI$$Lambda$495/0x00000008006c2c40@29d405e6)
2026-04-17 12:23:53 UTC [main] DEBUG n.runelite.client.eventbus.EventBus - Registering class net.runelite.client.events.ProfileChanged - EventBus.Subscriber(object=net.runelite.client.plugins.PluginManager@56826a75, method=public void net.runelite.client.plugins.PluginManager.onProfileChanged(net.runelite.client.events.ProfileChanged), priority=0.0, lambda=net.runelite.client.plugins.PluginManager$$Lambda$496/0x00000008006c2040@49cd946c)
2026-04-17 12:23:53 UTC [main] DEBUG n.runelite.client.eventbus.EventBus - Registering class net.runelite.client.events.ProfileChanged - EventBus.Subscriber(object=net.runelite.client.externalplugins.ExternalPluginManager@14d25b6e, method=public void net.runelite.client.externalplugins.ExternalPluginManager.onProfileChanged(net.runelite.client.events.ProfileChanged), priority=0.0, lambda=net.runelite.client.externalplugins.ExternalPluginManager$$Lambda$497/0x00000008006c2440@51c65a43)
2026-04-17 12:23:53 UTC [main] DEBUG n.runelite.client.eventbus.EventBus - Registering class net.runelite.client.events.ConfigChanged - EventBus.Subscriber(object=net.runelite.client.ui.overlay.OverlayManager@4e140497, method=public void net.runelite.client.ui.overlay.OverlayManager.onConfigChanged(net.runelite.client.events.ConfigChanged), priority=0.0, lambda=net.runelite.client.ui.overlay.OverlayManager$$Lambda$498/0x00000008006c1840@481b2f10)
2026-04-17 12:23:53 UTC [main] DEBUG n.runelite.client.eventbus.EventBus - Registering class net.runelite.client.events.ProfileChanged - EventBus.Subscriber(object=net.runelite.client.ui.overlay.OverlayManager@4e140497, method=public void net.runelite.client.ui.overlay.OverlayManager.onProfileChanged(net.runelite.client.events.ProfileChanged), priority=0.0, lambda=net.runelite.client.ui.overlay.OverlayManager$$Lambda$499/0x00000008006c1c40@31acfd4e)
2026-04-17 12:23:53 UTC [main] DEBUG n.runelite.client.eventbus.EventBus - Registering class net.runelite.client.events.SessionOpen - EventBus.Subscriber(object=net.runelite.client.config.ConfigManager@4e80a001, method=public void net.runelite.client.config.ConfigManager.onSessionOpen(net.runelite.client.events.SessionOpen), priority=0.0, lambda=net.runelite.client.config.ConfigManager$$Lambda$500/0x00000008006f8040@624b523)
2026-04-17 12:23:53 UTC [main] DEBUG n.runelite.client.eventbus.EventBus - Registering class net.runelite.client.events.SessionClose - EventBus.Subscriber(object=net.runelite.client.config.ConfigManager@4e80a001, method=public void net.runelite.client.config.ConfigManager.onSessionClose(net.runelite.client.events.SessionClose), priority=0.0, lambda=net.runelite.client.config.ConfigManager$$Lambda$501/0x00000008006f8440@1c30cb85)
2026-04-17 12:23:53 UTC [main] DEBUG n.runelite.client.eventbus.EventBus - Registering class net.runelite.client.events.ClientShutdown - EventBus.Subscriber(object=net.runelite.client.config.ConfigManager@4e80a001, method=private void net.runelite.client.config.ConfigManager.onClientShutdown(net.runelite.client.events.ClientShutdown), priority=-100.0, lambda=net.runelite.client.config.ConfigManager$$Lambda$502/0x00000008006f8840@7455dacb)
2026-04-17 12:23:53 UTC [main] DEBUG n.runelite.client.eventbus.EventBus - Registering class net.runelite.api.events.AccountHashChanged - EventBus.Subscriber(object=net.runelite.client.config.ConfigManager@4e80a001, method=private void net.runelite.client.config.ConfigManager.onAccountHashChanged(net.runelite.api.events.AccountHashChanged), priority=0.0, lambda=net.runelite.client.config.ConfigManager$$Lambda$503/0x00000008006f8c40@15639d09)
2026-04-17 12:23:53 UTC [main] DEBUG n.runelite.client.eventbus.EventBus - Registering class net.runelite.api.events.WorldChanged - EventBus.Subscriber(object=net.runelite.client.config.ConfigManager@4e80a001, method=private void net.runelite.client.config.ConfigManager.onWorldChanged(net.runelite.api.events.WorldChanged), priority=0.0, lambda=net.runelite.client.config.ConfigManager$$Lambda$504/0x00000008006f9040@52bd9a27)
2026-04-17 12:23:53 UTC [main] DEBUG n.runelite.client.eventbus.EventBus - Registering class net.runelite.api.events.PlayerChanged - EventBus.Subscriber(object=net.runelite.client.config.ConfigManager@4e80a001, method=private void net.runelite.client.config.ConfigManager.onPlayerChanged(net.runelite.api.events.PlayerChanged), priority=0.0, lambda=net.runelite.client.config.ConfigManager$$Lambda$505/0x00000008006f9440@681c0ae6)
2026-04-17 12:23:53 UTC [main] DEBUG n.runelite.client.eventbus.EventBus - Registering class net.runelite.client.events.RuneScapeProfileChanged - EventBus.Subscriber(object=net.runelite.client.config.ConfigManager@4e80a001, method=private void net.runelite.client.config.ConfigManager.onRuneScapeProfileChanged(net.runelite.client.events.RuneScapeProfileChanged), priority=0.0, lambda=net.runelite.client.config.ConfigManager$$Lambda$506/0x00000008006f9840@4d98e41b)
2026-04-17 12:23:53 UTC [AWT-EventQueue-0] DEBUG n.r.client.plugins.PluginManager - Plugin BlastFurnacePlugin is now running
2026-04-17 12:23:53 UTC [AWT-EventQueue-0] DEBUG n.runelite.client.eventbus.EventBus - Registering class net.runelite.api.events.GameStateChanged - EventBus.Subscriber(object=net.runelite.client.plugins.blastfurnace.BlastFurnacePlugin@74294c1a, method=public void net.runelite.client.plugins.blastfurnace.BlastFurnacePlugin.onGameStateChanged(net.runelite.api.events.GameStateChanged), priority=0.0, lambda=net.runelite.client.plugins.blastfurnace.BlastFurnacePlugin$$Lambda$510/0x00000008006fac40@436f1885)
2026-04-17 12:23:53 UTC [AWT-EventQueue-0] DEBUG n.runelite.client.eventbus.EventBus - Registering class net.runelite.api.events.GameTick - EventBus.Subscriber(object=net.runelite.client.plugins.blastfurnace.BlastFurnacePlugin@74294c1a, method=public void net.runelite.client.plugins.blastfurnace.BlastFurnacePlugin.onGameTick(net.runelite.api.events.GameTick), priority=0.0, lambda=net.runelite.client.plugins.blastfurnace.BlastFurnacePlugin$$Lambda$511/0x00000008006fb040@11438e82)
2026-04-17 12:23:53 UTC [AWT-EventQueue-0] DEBUG n.runelite.client.eventbus.EventBus - Registering class net.runelite.api.events.GameObjectSpawned - EventBus.Subscriber(object=net.runelite.client.plugins.blastfurnace.BlastFurnacePlugin@74294c1a, method=public void net.runelite.client.plugins.blastfurnace.BlastFurnacePlugin.onGameObjectSpawned(net.runelite.api.events.GameObjectSpawned), priority=0.0, lambda=net.runelite.client.plugins.blastfurnace.BlastFurnacePlugin$$Lambda$512/0x00000008006fb440@2a4caf91)
2026-04-17 12:23:53 UTC [AWT-EventQueue-0] DEBUG n.runelite.client.eventbus.EventBus - Registering class net.runelite.api.events.GameObjectDespawned - EventBus.Subscriber(object=net.runelite.client.plugins.blastfurnace.BlastFurnacePlugin@74294c1a, method=public void net.runelite.client.plugins.blastfurnace.BlastFurnacePlugin.onGameObjectDespawned(net.runelite.api.events.GameObjectDespawned), priority=0.0, lambda=net.runelite.client.plugins.blastfurnace.BlastFurnacePlugin$$Lambda$513/0x00000008006fb840@7c475596)
2026-04-17 12:23:53 UTC [AWT-EventQueue-0] DEBUG n.r.client.plugins.PluginManager - Plugin DefaultWorldPlugin is now running
2026-04-17 12:23:53 UTC [AWT-EventQueue-0] DEBUG n.runelite.client.eventbus.EventBus - Registering class net.runelite.api.events.WorldChanged - EventBus.Subscriber(object=net.runelite.client.plugins.defaultworld.DefaultWorldPlugin@1416cf9f, method=public void net.runelite.client.plugins.defaultworld.DefaultWorldPlugin.onWorldChanged(net.runelite.api.events.WorldChanged), priority=0.0, lambda=net.runelite.client.plugins.defaultworld.DefaultWorldPlugin$$Lambda$515/0x00000008006fc040@7be5e7d2)
2026-04-17 12:23:53 UTC [AWT-EventQueue-0] DEBUG n.r.client.plugins.PluginManager - Plugin TimersAndBuffsPlugin is now running
2026-04-17 12:23:53 UTC [AWT-EventQueue-0] DEBUG n.runelite.client.eventbus.EventBus - Registering class net.runelite.client.events.ConfigChanged - EventBus.Subscriber(object=net.runelite.client.plugins.timersandbuffs.TimersAndBuffsPlugin@3c69362a, method=public void net.runelite.client.plugins.timersandbuffs.TimersAndBuffsPlugin.onConfigChanged(net.runelite.client.events.ConfigChanged), priority=0.0, lambda=net.runelite.client.plugins.timersandbuffs.TimersAndBuffsPlugin$$Lambda$516/0x00000008006fc440@67c17294)
2026-04-17 12:23:53 UTC [AWT-EventQueue-0] DEBUG n.runelite.client.eventbus.EventBus - Registering class net.runelite.api.events.GameStateChanged - EventBus.Subscriber(object=net.runelite.client.plugins.timersandbuffs.TimersAndBuffsPlugin@3c69362a, method=public void net.runelite.client.plugins.timersandbuffs.TimersAndBuffsPlugin.onGameStateChanged(net.runelite.api.events.GameStateChanged), priority=0.0, lambda=net.runelite.client.plugins.timersandbuffs.TimersAndBuffsPlugin$$Lambda$517/0x00000008006fc840@675af46e)
2026-04-17 12:23:53 UTC [AWT-EventQueue-0] DEBUG n.runelite.client.eventbus.EventBus - Registering class net.runelite.api.events.NpcChanged - EventBus.Subscriber(object=net.runelite.client.plugins.timersandbuffs.TimersAndBuffsPlugin@3c69362a, method=void net.runelite.client.plugins.timersandbuffs.TimersAndBuffsPlugin.onNpcChanged(net.runelite.api.events.NpcChanged), priority=0.0, lambda=net.runelite.client.plugins.timersandbuffs.TimersAndBuffsPlugin$$Lambda$518/0x00000008006fcc40@19ba41a3)
2026-04-17 12:23:53 UTC [AWT-EventQueue-0] DEBUG n.runelite.client.eventbus.EventBus - Registering class net.runelite.api.events.VarbitChanged - EventBus.Subscriber(object=net.runelite.client.plugins.timersandbuffs.TimersAndBuffsPlugin@3c69362a, method=public void net.runelite.client.plugins.timersandbuffs.TimersAndBuffsPlugin.onVarbitChanged(net.runelite.api.events.VarbitChanged), priority=0.0, lambda=net.runelite.client.plugins.timersandbuffs.TimersAndBuffsPlugin$$Lambda$519/0x00000008006fd040@6cee76a9)
2026-04-17 12:23:53 UTC [AWT-EventQueue-0] DEBUG n.runelite.client.eventbus.EventBus - Registering class net.runelite.api.events.GameTick - EventBus.Subscriber(object=net.runelite.client.plugins.timersandbuffs.TimersAndBuffsPlugin@3c69362a, method=public void net.runelite.client.plugins.timersandbuffs.TimersAndBuffsPlugin.onGameTick(net.runelite.api.events.GameTick), priority=0.0, lambda=net.runelite.client.plugins.timersandbuffs.TimersAndBuffsPlugin$$Lambda$520/0x00000008006fd440@4cb8b403)
2026-04-17 12:23:53 UTC [AWT-EventQueue-0] DEBUG n.runelite.client.eventbus.EventBus - Registering class net.runelite.api.events.ItemContainerChanged - EventBus.Subscriber(object=net.runelite.client.plugins.timersandbuffs.TimersAndBuffsPlugin@3c69362a, method=public void net.runelite.client.plugins.timersandbuffs.TimersAndBuffsPlugin.onItemContainerChanged(net.runelite.api.events.ItemContainerChanged), priority=0.0, lambda=net.runelite.client.plugins.timersandbuffs.TimersAndBuffsPlugin$$Lambda$521/0x00000008006fd840@373944f3)
2026-04-17 12:23:53 UTC [AWT-EventQueue-0] DEBUG n.runelite.client.eventbus.EventBus - Registering class net.runelite.api.events.NpcSpawned - EventBus.Subscriber(object=net.runelite.client.plugins.timersandbuffs.TimersAndBuffsPlugin@3c69362a, method=void net.runelite.client.plugins.timersandbuffs.TimersAndBuffsPlugin.onNpcSpawned(net.runelite.api.events.NpcSpawned), priority=0.0, lambda=net.runelite.client.plugins.timersandbuffs.TimersAndBuffsPlugin$$Lambda$522/0x00000008006fdc40@1b19b229)
2026-04-17 12:23:53 UTC [AWT-EventQueue-0] DEBUG n.runelite.client.eventbus.EventBus - Registering class net.runelite.api.events.NpcDespawned - EventBus.Subscriber(object=net.runelite.client.plugins.timersandbuffs.TimersAndBuffsPlugin@3c69362a, method=public void net.runelite.client.plugins.timersandbuffs.TimersAndBuffsPlugin.onNpcDespawned(net.runelite.api.events.NpcDespawned), priority=0.0, lambda=net.runelite.client.plugins.timersandbuffs.TimersAndBuffsPlugin$$Lambda$523/0x00000008006fe040@27e5cab2)
2026-04-17 12:23:53 UTC [AWT-EventQueue-0] DEBUG n.runelite.client.eventbus.EventBus - Registering class net.runelite.api.events.ChatMessage - EventBus.Subscriber(object=net.runelite.client.plugins.timersandbuffs.TimersAndBuffsPlugin@3c69362a, method=public void net.runelite.client.plugins.timersandbuffs.TimersAndBuffsPlugin.onChatMessage(net.runelite.api.events.ChatMessage), priority=0.0, lambda=net.runelite.client.plugins.timersandbuffs.TimersAndBuffsPlugin$$Lambda$524/0x00000008006fe440@23c7a055)
2026-04-17 12:23:53 UTC [AWT-EventQueue-0] DEBUG n.runelite.client.eventbus.EventBus - Registering class net.runelite.api.events.GraphicChanged - EventBus.Subscriber(object=net.runelite.client.plugins.timersandbuffs.TimersAndBuffsPlugin@3c69362a, method=public void net.runelite.client.plugins.timersandbuffs.TimersAndBuffsPlugin.onGraphicChanged(net.runelite.api.events.GraphicChanged), priority=0.0, lambda=net.runelite.client.plugins.timersandbuffs.TimersAndBuffsPlugin$$Lambda$525/0x00000008006fe840@400c34d5)
2026-04-17 12:23:53 UTC [AWT-EventQueue-0] DEBUG n.runelite.client.eventbus.EventBus - Registering class net.runelite.api.events.ActorDeath - EventBus.Subscriber(object=net.runelite.client.plugins.timersandbuffs.TimersAndBuffsPlugin@3c69362a, method=public void net.runelite.client.plugins.timersandbuffs.TimersAndBuffsPlugin.onActorDeath(net.runelite.api.events.ActorDeath), priority=0.0, lambda=net.runelite.client.plugins.timersandbuffs.TimersAndBuffsPlugin$$Lambda$526/0x00000008006fec40@6594e231)
2026-04-17 12:23:53 UTC [AWT-EventQueue-0] DEBUG n.r.client.plugins.PluginManager - Plugin RegenMeterPlugin is now running
2026-04-17 12:23:53 UTC [AWT-EventQueue-0] DEBUG n.runelite.client.eventbus.EventBus - Registering class net.runelite.api.events.GameStateChanged - EventBus.Subscriber(object=net.runelite.client.plugins.regenmeter.RegenMeterPlugin@14823f76, method=private void net.runelite.client.plugins.regenmeter.RegenMeterPlugin.onGameStateChanged(net.runelite.api.events.GameStateChanged), priority=0.0, lambda=net.runelite.client.plugins.regenmeter.RegenMeterPlugin$$Lambda$527/0x00000008006ff040@2897356a)
2026-04-17 12:23:53 UTC [AWT-EventQueue-0] DEBUG n.runelite.client.eventbus.EventBus - Registering class net.runelite.api.events.VarbitChanged - EventBus.Subscriber(object=net.runelite.client.plugins.regenmeter.RegenMeterPlugin@14823f76, method=private void net.runelite.client.plugins.regenmeter.RegenMeterPlugin.onVarbitChanged(net.runelite.api.events.VarbitChanged), priority=0.0, lambda=net.runelite.client.plugins.regenmeter.RegenMeterPlugin$$Lambda$528/0x00000008006ff440@b55eb61)
2026-04-17 12:23:53 UTC [AWT-EventQueue-0] DEBUG n.runelite.client.eventbus.EventBus - Registering class net.runelite.api.events.GameTick - EventBus.Subscriber(object=net.runelite.client.plugins.regenmeter.RegenMeterPlugin@14823f76, method=public void net.runelite.client.plugins.regenmeter.RegenMeterPlugin.onGameTick(net.runelite.api.events.GameTick), priority=0.0, lambda=net.runelite.client.plugins.regenmeter.RegenMeterPlugin$$Lambda$529/0x00000008006ff840@11154a37)
2026-04-17 12:23:53 UTC [AWT-EventQueue-0] DEBUG n.runelite.client.eventbus.EventBus - Registering class net.runelite.api.events.ItemContainerChanged - EventBus.Subscriber(object=net.runelite.client.plugins.regenmeter.RegenMeterPlugin@14823f76, method=public void net.runelite.client.plugins.regenmeter.RegenMeterPlugin.onItemContainerChanged(net.runelite.api.events.ItemContainerChanged), priority=0.0, lambda=net.runelite.client.plugins.regenmeter.RegenMeterPlugin$$Lambda$530/0x00000008006ffc40@a2fb8e7)
2026-04-17 12:23:53 UTC [AWT-EventQueue-0] DEBUG n.r.client.plugins.PluginManager - Plugin BossTimersPlugin is now running
2026-04-17 12:23:53 UTC [AWT-EventQueue-0] DEBUG n.runelite.client.eventbus.EventBus - Registering class net.runelite.api.events.NpcChanged - EventBus.Subscriber(object=net.runelite.client.plugins.bosstimer.BossTimersPlugin@292158f8, method=public void net.runelite.client.plugins.bosstimer.BossTimersPlugin.onNpcChanged(net.runelite.api.events.NpcChanged), priority=0.0, lambda=net.runelite.client.plugins.bosstimer.BossTimersPlugin$$Lambda$531/0x0000000800700040@22a4cc0)
2026-04-17 12:23:53 UTC [AWT-EventQueue-0] DEBUG n.runelite.client.eventbus.EventBus - Registering class net.runelite.api.events.NpcDespawned - EventBus.Subscriber(object=net.runelite.client.plugins.bosstimer.BossTimersPlugin@292158f8, method=public void net.runelite.client.plugins.bosstimer.BossTimersPlugin.onNpcDespawned(net.runelite.api.events.NpcDespawned), priority=0.0, lambda=net.runelite.client.plugins.bosstimer.BossTimersPlugin$$Lambda$532/0x0000000800700440@44ef972e)
2026-04-17 12:23:53 UTC [AWT-EventQueue-0] DEBUG n.runelite.client.eventbus.EventBus - Registering class net.runelite.api.events.ChatMessage - EventBus.Subscriber(object=net.runelite.client.plugins.bosstimer.BossTimersPlugin@292158f8, method=private void net.runelite.client.plugins.bosstimer.BossTimersPlugin.onChatMessage(net.runelite.api.events.ChatMessage), priority=0.0, lambda=net.runelite.client.plugins.bosstimer.BossTimersPlugin$$Lambda$533/0x0000000800700840@48cacb16)
2026-04-17 12:23:54 UTC [Client] DEBUG injected-client - Game state changed: LOGIN_SCREEN (state: 10, 2 step: false)
2026-04-17 12:23:54 UTC [Client] DEBUG injected-client - Cache is ready
2026-04-17 12:23:54 UTC [Client] DEBUG n.r.client.RuntimeConfigRefresher - Skipping runtimeConfig refresh, next refresh at 2026-04-17T12:33:46.358131Z
2026-04-17 12:23:54 UTC [AWT-EventQueue-0] DEBUG n.r.client.plugins.PluginManager - Plugin LootTrackerPlugin is now running
2026-04-17 12:23:54 UTC [AWT-EventQueue-0] DEBUG n.runelite.client.eventbus.EventBus - Registering class net.runelite.client.events.ConfigChanged - EventBus.Subscriber(object=net.runelite.client.plugins.loottracker.LootTrackerPlugin@554f0dfb, method=public void net.runelite.client.plugins.loottracker.LootTrackerPlugin.onConfigChanged(net.runelite.client.events.ConfigChanged), priority=0.0, lambda=net.runelite.client.plugins.loottracker.LootTrackerPlugin$$Lambda$568/0x0000000800746840@29883246)
2026-04-17 12:23:54 UTC [AWT-EventQueue-0] DEBUG n.runelite.client.eventbus.EventBus - Registering class net.runelite.api.events.GameStateChanged - EventBus.Subscriber(object=net.runelite.client.plugins.loottracker.LootTrackerPlugin@554f0dfb, method=public void net.runelite.client.plugins.loottracker.LootTrackerPlugin.onGameStateChanged(net.runelite.api.events.GameStateChanged), priority=0.0, lambda=net.runelite.client.plugins.loottracker.LootTrackerPlugin$$Lambda$569/0x0000000800746c40@7be6da3d)
2026-04-17 12:23:54 UTC [AWT-EventQueue-0] DEBUG n.runelite.client.eventbus.EventBus - Registering class net.runelite.api.events.WidgetLoaded - EventBus.Subscriber(object=net.runelite.client.plugins.loottracker.LootTrackerPlugin@554f0dfb, method=public void net.runelite.client.plugins.loottracker.LootTrackerPlugin.onWidgetLoaded(net.runelite.api.events.WidgetLoaded), priority=0.0, lambda=net.runelite.client.plugins.loottracker.LootTrackerPlugin$$Lambda$570/0x0000000800746040@1d0ae88e)
2026-04-17 12:23:54 UTC [AWT-EventQueue-0] DEBUG n.runelite.client.eventbus.EventBus - Registering class net.runelite.api.events.ItemContainerChanged - EventBus.Subscriber(object=net.runelite.client.plugins.loottracker.LootTrackerPlugin@554f0dfb, method=public void net.runelite.client.plugins.loottracker.LootTrackerPlugin.onItemContainerChanged(net.runelite.api.events.ItemContainerChanged), priority=0.0, lambda=net.runelite.client.plugins.loottracker.LootTrackerPlugin$$Lambda$571/0x0000000800746440@600f683f)
2026-04-17 12:23:54 UTC [AWT-EventQueue-0] DEBUG n.runelite.client.eventbus.EventBus - Registering class net.runelite.api.events.ScriptPreFired - EventBus.Subscriber(object=net.runelite.client.plugins.loottracker.LootTrackerPlugin@554f0dfb, method=public void net.runelite.client.plugins.loottracker.LootTrackerPlugin.onScriptPreFired(net.runelite.api.events.ScriptPreFired), priority=0.0, lambda=net.runelite.client.plugins.loottracker.LootTrackerPlugin$$Lambda$572/0x0000000800745840@18b2754d)
2026-04-17 12:23:54 UTC [AWT-EventQueue-0] DEBUG n.runelite.client.eventbus.EventBus - Registering class net.runelite.api.events.ChatMessage - EventBus.Subscriber(object=net.runelite.client.plugins.loottracker.LootTrackerPlugin@554f0dfb, method=public void net.runelite.client.plugins.loottracker.LootTrackerPlugin.onChatMessage(net.runelite.api.events.ChatMessage), priority=0.0, lambda=net.runelite.client.plugins.loottracker.LootTrackerPlugin$$Lambda$573/0x0000000800745c40@5d09222)
2026-04-17 12:23:54 UTC [AWT-EventQueue-0] DEBUG n.runelite.client.eventbus.EventBus - Registering class net.runelite.client.events.SessionOpen - EventBus.Subscriber(object=net.runelite.client.plugins.loottracker.LootTrackerPlugin@554f0dfb, method=public void net.runelite.client.plugins.loottracker.LootTrackerPlugin.onSessionOpen(net.runelite.client.events.SessionOpen), priority=0.0, lambda=net.runelite.client.plugins.loottracker.LootTrackerPlugin$$Lambda$574/0x0000000800750040@69da344d)
2026-04-17 12:23:54 UTC [AWT-EventQueue-0] DEBUG n.runelite.client.eventbus.EventBus - Registering class net.runelite.client.events.SessionClose - EventBus.Subscriber(object=net.runelite.client.plugins.loottracker.LootTrackerPlugin@554f0dfb, method=public void net.runelite.client.plugins.loottracker.LootTrackerPlugin.onSessionClose(net.runelite.client.events.SessionClose), priority=0.0, lambda=net.runelite.client.plugins.loottracker.LootTrackerPlugin$$Lambda$575/0x0000000800750440@5c51291e)
2026-04-17 12:23:54 UTC [AWT-EventQueue-0] DEBUG n.runelite.client.eventbus.EventBus - Registering class net.runelite.client.events.ClientShutdown - EventBus.Subscriber(object=net.runelite.client.plugins.loottracker.LootTrackerPlugin@554f0dfb, method=public void net.runelite.client.plugins.loottracker.LootTrackerPlugin.onClientShutdown(net.runelite.client.events.ClientShutdown), priority=0.0, lambda=net.runelite.client.plugins.loottracker.LootTrackerPlugin$$Lambda$576/0x0000000800750840@4f993637)
2026-04-17 12:23:54 UTC [AWT-EventQueue-0] DEBUG n.runelite.client.eventbus.EventBus - Registering class net.runelite.client.events.RuneScapeProfileChanged - EventBus.Subscriber(object=net.runelite.client.plugins.loottracker.LootTrackerPlugin@554f0dfb, method=public void net.runelite.client.plugins.loottracker.LootTrackerPlugin.onRuneScapeProfileChanged(net.runelite.client.events.RuneScapeProfileChanged), priority=0.0, lambda=net.runelite.client.plugins.loottracker.LootTrackerPlugin$$Lambda$577/0x0000000800750c40@481e7424)
2026-04-17 12:23:54 UTC [AWT-EventQueue-0] DEBUG n.runelite.client.eventbus.EventBus - Registering class net.runelite.api.events.MenuOptionClicked - EventBus.Subscriber(object=net.runelite.client.plugins.loottracker.LootTrackerPlugin@554f0dfb, method=public void net.runelite.client.plugins.loottracker.LootTrackerPlugin.onMenuOptionClicked(net.runelite.api.events.MenuOptionClicked), priority=0.0, lambda=net.runelite.client.plugins.loottracker.LootTrackerPlugin$$Lambda$578/0x0000000800751040@71300ec4)
2026-04-17 12:23:54 UTC [AWT-EventQueue-0] DEBUG n.runelite.client.eventbus.EventBus - Registering class net.runelite.api.events.PostClientTick - EventBus.Subscriber(object=net.runelite.client.plugins.loottracker.LootTrackerPlugin@554f0dfb, method=public void net.runelite.client.plugins.loottracker.LootTrackerPlugin.onPostClientTick(net.runelite.api.events.PostClientTick), priority=0.0, lambda=net.runelite.client.plugins.loottracker.LootTrackerPlugin$$Lambda$579/0x0000000800751440@42d4639e)
2026-04-17 12:23:54 UTC [AWT-EventQueue-0] DEBUG n.runelite.client.eventbus.EventBus - Registering class net.runelite.client.events.ConfigSync - EventBus.Subscriber(object=net.runelite.client.plugins.loottracker.LootTrackerPlugin@554f0dfb, method=public void net.runelite.client.plugins.loottracker.LootTrackerPlugin.onConfigSync(net.runelite.client.events.ConfigSync), priority=0.0, lambda=net.runelite.client.plugins.loottracker.LootTrackerPlugin$$Lambda$580/0x0000000800751840@314be7f9)
2026-04-17 12:23:54 UTC [AWT-EventQueue-0] DEBUG n.runelite.client.eventbus.EventBus - Registering class net.runelite.client.events.ServerNpcLoot - EventBus.Subscriber(object=net.runelite.client.plugins.loottracker.LootTrackerPlugin@554f0dfb, method=public void net.runelite.client.plugins.loottracker.LootTrackerPlugin.onServerNpcLoot(net.runelite.client.events.ServerNpcLoot), priority=0.0, lambda=net.runelite.client.plugins.loottracker.LootTrackerPlugin$$Lambda$581/0x0000000800751c40@2d71eab5)
2026-04-17 12:23:54 UTC [AWT-EventQueue-0] DEBUG n.runelite.client.eventbus.EventBus - Registering class net.runelite.client.plugins.loottracker.PluginLootReceived - EventBus.Subscriber(object=net.runelite.client.plugins.loottracker.LootTrackerPlugin@554f0dfb, method=public void net.runelite.client.plugins.loottracker.LootTrackerPlugin.onPluginLootReceived(net.runelite.client.plugins.loottracker.PluginLootReceived), priority=0.0, lambda=net.runelite.client.plugins.loottracker.LootTrackerPlugin$$Lambda$582/0x0000000800752040@678b8684)
2026-04-17 12:23:54 UTC [AWT-EventQueue-0] DEBUG n.runelite.client.eventbus.EventBus - Registering class net.runelite.client.events.PlayerLootReceived - EventBus.Subscriber(object=net.runelite.client.plugins.loottracker.LootTrackerPlugin@554f0dfb, method=public void net.runelite.client.plugins.loottracker.LootTrackerPlugin.onPlayerLootReceived(net.runelite.client.events.PlayerLootReceived), priority=0.0, lambda=net.runelite.client.plugins.loottracker.LootTrackerPlugin$$Lambda$583/0x0000000800752440@4c9d4842)
2026-04-17 12:23:54 UTC [AWT-EventQueue-0] DEBUG n.r.client.game.SkillIconManager - Loading skill icon from /skill_icons_small/mining.png
2026-04-17 12:23:54 UTC [AWT-EventQueue-0] DEBUG n.r.client.game.SkillIconManager - Loading skill icon from /skill_icons_small/agility.png
2026-04-17 12:23:54 UTC [AWT-EventQueue-0] DEBUG n.r.client.game.SkillIconManager - Loading skill icon from /skill_icons_small/smithing.png
2026-04-17 12:23:54 UTC [AWT-EventQueue-0] DEBUG n.r.client.game.SkillIconManager - Loading skill icon from /skill_icons_small/herblore.png
2026-04-17 12:23:54 UTC [AWT-EventQueue-0] DEBUG n.r.client.game.SkillIconManager - Loading skill icon from /skill_icons_small/fishing.png
2026-04-17 12:23:54 UTC [AWT-EventQueue-0] DEBUG n.r.client.game.SkillIconManager - Loading skill icon from /skill_icons_small/thieving.png
2026-04-17 12:23:54 UTC [AWT-EventQueue-0] DEBUG n.r.client.game.SkillIconManager - Loading skill icon from /skill_icons_small/cooking.png
2026-04-17 12:23:54 UTC [AWT-EventQueue-0] DEBUG n.r.client.game.SkillIconManager - Loading skill icon from /skill_icons_small/prayer.png
2026-04-17 12:23:54 UTC [AWT-EventQueue-0] DEBUG n.r.client.game.SkillIconManager - Loading skill icon from /skill_icons_small/crafting.png
2026-04-17 12:23:54 UTC [AWT-EventQueue-0] DEBUG n.r.client.game.SkillIconManager - Loading skill icon from /skill_icons_small/firemaking.png
2026-04-17 12:23:54 UTC [AWT-EventQueue-0] DEBUG n.r.client.game.SkillIconManager - Loading skill icon from /skill_icons_small/magic.png
2026-04-17 12:23:54 UTC [AWT-EventQueue-0] DEBUG n.r.client.game.SkillIconManager - Loading skill icon from /skill_icons_small/fletching.png
2026-04-17 12:23:54 UTC [AWT-EventQueue-0] DEBUG n.r.client.game.SkillIconManager - Loading skill icon from /skill_icons_small/woodcutting.png
2026-04-17 12:23:54 UTC [AWT-EventQueue-0] DEBUG n.r.client.game.SkillIconManager - Loading skill icon from /skill_icons_small/runecraft.png
2026-04-17 12:23:54 UTC [AWT-EventQueue-0] DEBUG n.r.client.game.SkillIconManager - Loading skill icon from /skill_icons_small/farming.png
2026-04-17 12:23:54 UTC [AWT-EventQueue-0] DEBUG n.r.client.game.SkillIconManager - Loading skill icon from /skill_icons_small/construction.png
2026-04-17 12:23:54 UTC [AWT-EventQueue-0] DEBUG n.r.client.game.SkillIconManager - Loading skill icon from /skill_icons_small/hunter.png
2026-04-17 12:23:54 UTC [AWT-EventQueue-0] DEBUG n.r.client.plugins.PluginManager - Plugin SkillCalculatorPlugin is now running
2026-04-17 12:23:54 UTC [AWT-EventQueue-0] DEBUG n.runelite.client.eventbus.EventBus - Registering class net.runelite.api.events.WorldChanged - EventBus.Subscriber(object=net.runelite.client.plugins.skillcalculator.SkillCalculatorPlugin@38d17d80, method=public void net.runelite.client.plugins.skillcalculator.SkillCalculatorPlugin.onWorldChanged(net.runelite.api.events.WorldChanged), priority=0.0, lambda=net.runelite.client.plugins.skillcalculator.SkillCalculatorPlugin$$Lambda$610/0x0000000800787c40@27a14df1)
2026-04-17 12:23:54 UTC [AWT-EventQueue-0] DEBUG n.r.client.plugins.PluginManager - Plugin PuzzleSolverPlugin is now running
2026-04-17 12:23:54 UTC [AWT-EventQueue-0] DEBUG n.runelite.client.eventbus.EventBus - Registering class net.runelite.api.events.WidgetLoaded - EventBus.Subscriber(object=net.runelite.client.plugins.puzzlesolver.PuzzleSolverPlugin@26f46fa6, method=public void net.runelite.client.plugins.puzzlesolver.PuzzleSolverPlugin.onWidgetLoaded(net.runelite.api.events.WidgetLoaded), priority=0.0, lambda=net.runelite.client.plugins.puzzlesolver.PuzzleSolverPlugin$$Lambda$611/0x0000000800787040@6b898299)
2026-04-17 12:23:54 UTC [AWT-EventQueue-0] DEBUG n.runelite.client.eventbus.EventBus - Registering class net.runelite.api.events.GameTick - EventBus.Subscriber(object=net.runelite.client.plugins.puzzlesolver.PuzzleSolverPlugin@26f46fa6, method=public void net.runelite.client.plugins.puzzlesolver.PuzzleSolverPlugin.onGameTick(net.runelite.api.events.GameTick), priority=0.0, lambda=net.runelite.client.plugins.puzzlesolver.PuzzleSolverPlugin$$Lambda$612/0x0000000800787440@5e2c5890)
2026-04-17 12:23:54 UTC [AWT-EventQueue-0] DEBUG n.runelite.client.eventbus.EventBus - Registering class net.runelite.api.events.MenuOptionClicked - EventBus.Subscriber(object=net.runelite.client.plugins.puzzlesolver.PuzzleSolverPlugin@26f46fa6, method=public void net.runelite.client.plugins.puzzlesolver.PuzzleSolverPlugin.onMenuOptionClicked(net.runelite.api.events.MenuOptionClicked), priority=0.0, lambda=net.runelite.client.plugins.puzzlesolver.PuzzleSolverPlugin$$Lambda$613/0x0000000800786840@61598cf6)
2026-04-17 12:23:54 UTC [AWT-EventQueue-0] DEBUG net.runelite.client.input.KeyManager - Registering key listener: net.runelite.client.plugins.loginscreen.LoginScreenPlugin@122d6c22
2026-04-17 12:23:54 UTC [AWT-EventQueue-0] DEBUG n.r.client.plugins.PluginManager - Plugin LoginScreenPlugin is now running
2026-04-17 12:23:54 UTC [AWT-EventQueue-0] DEBUG n.runelite.client.eventbus.EventBus - Registering class net.runelite.client.events.ConfigChanged - EventBus.Subscriber(object=net.runelite.client.plugins.loginscreen.LoginScreenPlugin@122d6c22, method=public void net.runelite.client.plugins.loginscreen.LoginScreenPlugin.onConfigChanged(net.runelite.client.events.ConfigChanged), priority=0.0, lambda=net.runelite.client.plugins.loginscreen.LoginScreenPlugin$$Lambda$616/0x0000000800786440@5904dcfd)
2026-04-17 12:23:54 UTC [AWT-EventQueue-0] DEBUG n.runelite.client.eventbus.EventBus - Registering class net.runelite.api.events.GameStateChanged - EventBus.Subscriber(object=net.runelite.client.plugins.loginscreen.LoginScreenPlugin@122d6c22, method=public void net.runelite.client.plugins.loginscreen.LoginScreenPlugin.onGameStateChanged(net.runelite.api.events.GameStateChanged), priority=0.0, lambda=net.runelite.client.plugins.loginscreen.LoginScreenPlugin$$Lambda$617/0x0000000800785840@44db0d26)
2026-04-17 12:23:54 UTC [AWT-EventQueue-0] DEBUG n.runelite.client.eventbus.EventBus - Registering class net.runelite.client.events.ProfileChanged - EventBus.Subscriber(object=net.runelite.client.plugins.loginscreen.LoginScreenPlugin@122d6c22, method=public void net.runelite.client.plugins.loginscreen.LoginScreenPlugin.onProfileChanged(net.runelite.client.events.ProfileChanged), priority=0.0, lambda=net.runelite.client.plugins.loginscreen.LoginScreenPlugin$$Lambda$618/0x0000000800785c40@711f29e9)
2026-04-17 12:23:54 UTC [AWT-EventQueue-0] DEBUG n.r.c.plugins.discord.DiscordState - Events: [DiscordState.EventWithTime(type=IN_MENU, start=2026-04-17T12:23:54.683248Z, updated=2026-04-17T12:23:54.682929Z)]
2026-04-17 12:23:54 UTC [AWT-EventQueue-0] DEBUG n.r.client.plugins.PluginManager - Plugin DiscordPlugin is now running
2026-04-17 12:23:54 UTC [AWT-EventQueue-0] DEBUG n.runelite.client.eventbus.EventBus - Registering class net.runelite.client.events.ConfigChanged - EventBus.Subscriber(object=net.runelite.client.plugins.discord.DiscordPlugin@5bc28f40, method=public void net.runelite.client.plugins.discord.DiscordPlugin.onConfigChanged(net.runelite.client.events.ConfigChanged), priority=0.0, lambda=net.runelite.client.plugins.discord.DiscordPlugin$$Lambda$626/0x000000080079dc40@68efa2e8)
AFFINITY: pid=8513 name=virgl_test_serv cpu=0 type=little freq=2000000
2026-04-17 12:23:54 UTC [AWT-EventQueue-0] DEBUG n.runelite.client.eventbus.EventBus - Registering class net.runelite.api.events.GameStateChanged - EventBus.Subscriber(object=net.runelite.client.plugins.discord.DiscordPlugin@5bc28f40, method=public void net.runelite.client.plugins.discord.DiscordPlugin.onGameStateChanged(net.runelite.api.events.GameStateChanged), priority=0.0, lambda=net.runelite.client.plugins.discord.DiscordPlugin$$Lambda$627/0x000000080079e040@1651d9b9)
2026-04-17 12:23:54 UTC [AWT-EventQueue-0] DEBUG n.runelite.client.eventbus.EventBus - Registering class net.runelite.api.events.StatChanged - EventBus.Subscriber(object=net.runelite.client.plugins.discord.DiscordPlugin@5bc28f40, method=public void net.runelite.client.plugins.discord.DiscordPlugin.onStatChanged(net.runelite.api.events.StatChanged), priority=0.0, lambda=net.runelite.client.plugins.discord.DiscordPlugin$$Lambda$628/0x000000080079e440@7f76b0a5)
2026-04-17 12:23:54 UTC [AWT-EventQueue-0] DEBUG n.runelite.client.eventbus.EventBus - Registering class net.runelite.client.plugins.discord.DiscordUserInfo - EventBus.Subscriber(object=net.runelite.client.plugins.discord.DiscordPlugin@5bc28f40, method=public void net.runelite.client.plugins.discord.DiscordPlugin.onDiscordUserInfo(net.runelite.client.plugins.discord.DiscordUserInfo), priority=0.0, lambda=net.runelite.client.plugins.discord.DiscordPlugin$$Lambda$629/0x000000080079e840@3cb0b2b6)
2026-04-17 12:23:54 UTC [AWT-EventQueue-0] DEBUG n.runelite.client.eventbus.EventBus - Registering class net.runelite.client.party.messages.UserSync - EventBus.Subscriber(object=net.runelite.client.plugins.discord.DiscordPlugin@5bc28f40, method=public void net.runelite.client.plugins.discord.DiscordPlugin.onUserSync(net.runelite.client.party.messages.UserSync), priority=0.0, lambda=net.runelite.client.plugins.discord.DiscordPlugin$$Lambda$630/0x000000080079ec40@411aac42)
pid 8513's current affinity mask: f
2026-04-17 12:23:54 UTC [AWT-EventQueue-0] DEBUG n.r.client.plugins.PluginManager - Scheduled task ScheduledMethod(schedule=@net.runelite.client.task.Schedule(asynchronous=false, period=1, unit=Minutes), method=public void net.runelite.client.plugins.discord.DiscordPlugin.checkForValidStatus(), object=net.runelite.client.plugins.discord.DiscordPlugin@5bc28f40, lambda=net.runelite.client.plugins.discord.DiscordPlugin$$Lambda$631/0x000000080079f040@2481758d, last=2026-04-17T12:23:54.755658Z)
2026-04-17 12:23:54 UTC [AWT-EventQueue-0] DEBUG n.r.client.plugins.PluginManager - Plugin MusicPlugin is now running
2026-04-17 12:23:54 UTC [AWT-EventQueue-0] DEBUG n.runelite.client.eventbus.EventBus - Registering class net.runelite.client.events.ConfigChanged - EventBus.Subscriber(object=net.runelite.client.plugins.music.MusicPlugin@3c87e6b7, method=public void net.runelite.client.plugins.music.MusicPlugin.onConfigChanged(net.runelite.client.events.ConfigChanged), priority=0.0, lambda=net.runelite.client.plugins.music.MusicPlugin$$Lambda$634/0x00000008007aa840@30d882cd)
2026-04-17 12:23:54 UTC [AWT-EventQueue-0] DEBUG n.runelite.client.eventbus.EventBus - Registering class net.runelite.api.events.GameStateChanged - EventBus.Subscriber(object=net.runelite.client.plugins.music.MusicPlugin@3c87e6b7, method=public void net.runelite.client.plugins.music.MusicPlugin.onGameStateChanged(net.runelite.api.events.GameStateChanged), priority=0.0, lambda=net.runelite.client.plugins.music.MusicPlugin$$Lambda$635/0x00000008007aac40@3398c27c)
2026-04-17 12:23:54 UTC [AWT-EventQueue-0] DEBUG n.runelite.client.eventbus.EventBus - Registering class net.runelite.api.events.WidgetLoaded - EventBus.Subscriber(object=net.runelite.client.plugins.music.MusicPlugin@3c87e6b7, method=public void net.runelite.client.plugins.music.MusicPlugin.onWidgetLoaded(net.runelite.api.events.WidgetLoaded), priority=0.0, lambda=net.runelite.client.plugins.music.MusicPlugin$$Lambda$636/0x00000008007ab040@63d9cc12)
2026-04-17 12:23:54 UTC [AWT-EventQueue-0] DEBUG n.runelite.client.eventbus.EventBus - Registering class net.runelite.api.events.VarbitChanged - EventBus.Subscriber(object=net.runelite.client.plugins.music.MusicPlugin@3c87e6b7, method=private void net.runelite.client.plugins.music.MusicPlugin.onVarbitChanged(net.runelite.api.events.VarbitChanged), priority=0.0, lambda=net.runelite.client.plugins.music.MusicPlugin$$Lambda$637/0x00000008007ab440@455b517e)
2026-04-17 12:23:54 UTC [AWT-EventQueue-0] DEBUG n.runelite.client.eventbus.EventBus - Registering class net.runelite.api.events.ScriptCallbackEvent - EventBus.Subscriber(object=net.runelite.client.plugins.music.MusicPlugin@3c87e6b7, method=private void net.runelite.client.plugins.music.MusicPlugin.onScriptCallbackEvent(net.runelite.api.events.ScriptCallbackEvent), priority=0.0, lambda=net.runelite.client.plugins.music.MusicPlugin$$Lambda$638/0x00000008007ab840@60f2225c)
2026-04-17 12:23:54 UTC [AWT-EventQueue-0] DEBUG n.runelite.client.eventbus.EventBus - Registering class net.runelite.api.events.VarClientIntChanged - EventBus.Subscriber(object=net.runelite.client.plugins.music.MusicPlugin@3c87e6b7, method=public void net.runelite.client.plugins.music.MusicPlugin.onVarClientIntChanged(net.runelite.api.events.VarClientIntChanged), priority=0.0, lambda=net.runelite.client.plugins.music.MusicPlugin$$Lambda$639/0x00000008007abc40@60f65a80)
2026-04-17 12:23:54 UTC [AWT-EventQueue-0] DEBUG n.runelite.client.eventbus.EventBus - Registering class net.runelite.api.events.SoundEffectPlayed - EventBus.Subscriber(object=net.runelite.client.plugins.music.MusicPlugin@3c87e6b7, method=public void net.runelite.client.plugins.music.MusicPlugin.onSoundEffectPlayed(net.runelite.api.events.SoundEffectPlayed), priority=0.0, lambda=net.runelite.client.plugins.music.MusicPlugin$$Lambda$640/0x00000008007ac040@6a8f5a73)
2026-04-17 12:23:54 UTC [AWT-EventQueue-0] DEBUG n.runelite.client.eventbus.EventBus - Registering class net.runelite.api.events.AreaSoundEffectPlayed - EventBus.Subscriber(object=net.runelite.client.plugins.music.MusicPlugin@3c87e6b7, method=public void net.runelite.client.plugins.music.MusicPlugin.onAreaSoundEffectPlayed(net.runelite.api.events.AreaSoundEffectPlayed), priority=0.0, lambda=net.runelite.client.plugins.music.MusicPlugin$$Lambda$641/0x00000008007ac440@e554c30)
2026-04-17 12:23:54 UTC [AWT-EventQueue-0] DEBUG n.runelite.client.eventbus.EventBus - Registering class net.runelite.api.events.AmbientSoundEffectCreated - EventBus.Subscriber(object=net.runelite.client.plugins.music.MusicPlugin@3c87e6b7, method=public void net.runelite.client.plugins.music.MusicPlugin.onAmbientSoundEffectCreated(net.runelite.api.events.AmbientSoundEffectCreated), priority=0.0, lambda=net.runelite.client.plugins.music.MusicPlugin$$Lambda$642/0x00000008007ac840@76b38611)
2026-04-17 12:23:54 UTC [AWT-EventQueue-0] DEBUG n.r.client.plugins.PluginManager - Plugin ItemChargePlugin is now running
2026-04-17 12:23:54 UTC [AWT-EventQueue-0] DEBUG n.runelite.client.eventbus.EventBus - Registering class net.runelite.client.events.ConfigChanged - EventBus.Subscriber(object=net.runelite.client.plugins.itemcharges.ItemChargePlugin@522bf64e, method=public void net.runelite.client.plugins.itemcharges.ItemChargePlugin.onConfigChanged(net.runelite.client.events.ConfigChanged), priority=0.0, lambda=net.runelite.client.plugins.itemcharges.ItemChargePlugin$$Lambda$643/0x00000008007acc40@70d483c0)
2026-04-17 12:23:54 UTC [AWT-EventQueue-0] DEBUG n.runelite.client.eventbus.EventBus - Registering class net.runelite.api.events.GameStateChanged - EventBus.Subscriber(object=net.runelite.client.plugins.itemcharges.ItemChargePlugin@522bf64e, method=public void net.runelite.client.plugins.itemcharges.ItemChargePlugin.onGameStateChanged(net.runelite.api.events.GameStateChanged), priority=0.0, lambda=net.runelite.client.plugins.itemcharges.ItemChargePlugin$$Lambda$644/0x00000008007ad040@56ca0cbd)
2026-04-17 12:23:54 UTC [AWT-EventQueue-0] DEBUG n.runelite.client.eventbus.EventBus - Registering class net.runelite.api.events.WidgetLoaded - EventBus.Subscriber(object=net.runelite.client.plugins.itemcharges.ItemChargePlugin@522bf64e, method=public void net.runelite.client.plugins.itemcharges.ItemChargePlugin.onWidgetLoaded(net.runelite.api.events.WidgetLoaded), priority=0.0, lambda=net.runelite.client.plugins.itemcharges.ItemChargePlugin$$Lambda$645/0x00000008007ad440@bb6a45f)
2026-04-17 12:23:54 UTC [AWT-EventQueue-0] DEBUG n.runelite.client.eventbus.EventBus - Registering class net.runelite.api.events.VarbitChanged - EventBus.Subscriber(object=net.runelite.client.plugins.itemcharges.ItemChargePlugin@522bf64e, method=private void net.runelite.client.plugins.itemcharges.ItemChargePlugin.onVarbitChanged(net.runelite.api.events.VarbitChanged), priority=0.0, lambda=net.runelite.client.plugins.itemcharges.ItemChargePlugin$$Lambda$646/0x00000008007ad840@59a40ccb)
2026-04-17 12:23:54 UTC [AWT-EventQueue-0] DEBUG n.runelite.client.eventbus.EventBus - Registering class net.runelite.api.events.ItemContainerChanged - EventBus.Subscriber(object=net.runelite.client.plugins.itemcharges.ItemChargePlugin@522bf64e, method=public void net.runelite.client.plugins.itemcharges.ItemChargePlugin.onItemContainerChanged(net.runelite.api.events.ItemContainerChanged), priority=0.0, lambda=net.runelite.client.plugins.itemcharges.ItemChargePlugin$$Lambda$647/0x00000008007adc40@7f09760f)
2026-04-17 12:23:54 UTC [AWT-EventQueue-0] DEBUG n.runelite.client.eventbus.EventBus - Registering class net.runelite.api.events.ChatMessage - EventBus.Subscriber(object=net.runelite.client.plugins.itemcharges.ItemChargePlugin@522bf64e, method=public void net.runelite.client.plugins.itemcharges.ItemChargePlugin.onChatMessage(net.runelite.api.events.ChatMessage), priority=0.0, lambda=net.runelite.client.plugins.itemcharges.ItemChargePlugin$$Lambda$648/0x00000008007ae040@33e95c9c)
2026-04-17 12:23:54 UTC [AWT-EventQueue-0] DEBUG n.r.client.plugins.PluginManager - Plugin ExaminePlugin is now running
2026-04-17 12:23:54 UTC [AWT-EventQueue-0] DEBUG n.runelite.client.eventbus.EventBus - Registering class net.runelite.api.events.GameStateChanged - EventBus.Subscriber(object=net.runelite.client.plugins.examine.ExaminePlugin@1981d861, method=public void net.runelite.client.plugins.examine.ExaminePlugin.onGameStateChanged(net.runelite.api.events.GameStateChanged), priority=0.0, lambda=net.runelite.client.plugins.examine.ExaminePlugin$$Lambda$649/0x00000008007ae440@5baa044a)
2026-04-17 12:23:54 UTC [AWT-EventQueue-0] DEBUG n.runelite.client.eventbus.EventBus - Registering class net.runelite.api.events.ChatMessage - EventBus.Subscriber(object=net.runelite.client.plugins.examine.ExaminePlugin@1981d861, method=public void net.runelite.client.plugins.examine.ExaminePlugin.onChatMessage(net.runelite.api.events.ChatMessage), priority=0.0, lambda=net.runelite.client.plugins.examine.ExaminePlugin$$Lambda$650/0x00000008007ae840@7ecaed2a)
2026-04-17 12:23:54 UTC [AWT-EventQueue-0] DEBUG n.runelite.client.eventbus.EventBus - Registering class net.runelite.api.events.MenuOptionClicked - EventBus.Subscriber(object=net.runelite.client.plugins.examine.ExaminePlugin@1981d861, method=public void net.runelite.client.plugins.examine.ExaminePlugin.onMenuOptionClicked(net.runelite.api.events.MenuOptionClicked), priority=0.0, lambda=net.runelite.client.plugins.examine.ExaminePlugin$$Lambda$651/0x00000008007aec40@27c92f8d)
AFFINITY_MIGRATION: pid=8513 from=0(little) to=0(little) re-pinned=true
2026-04-17 12:23:54 UTC [AWT-EventQueue-0] DEBUG n.runelite.client.eventbus.EventBus - Registering class net.runelite.client.events.ProfileChanged - EventBus.Subscriber(object=net.runelite.client.plugins.config.PluginListPanel[,0,0,0x0,invalid,layout=java.awt.FlowLayout,alignmentX=0.0,alignmentY=0.0,border=,flags=9,maximumSize=,minimumSize=,preferredSize=], method=private void net.runelite.client.plugins.config.PluginListPanel.onProfileChanged(net.runelite.client.events.ProfileChanged), priority=0.0, lambda=net.runelite.client.plugins.config.PluginListPanel$$Lambda$652/0x00000008007af040@d5ac550)
2026-04-17 12:23:54 UTC [AWT-EventQueue-0] DEBUG n.runelite.client.eventbus.EventBus - Registering class net.runelite.client.events.PluginChanged - EventBus.Subscriber(object=net.runelite.client.plugins.config.PluginListPanel[,0,0,0x0,invalid,layout=java.awt.FlowLayout,alignmentX=0.0,alignmentY=0.0,border=,flags=9,maximumSize=,minimumSize=,preferredSize=], method=public void net.runelite.client.plugins.config.PluginListPanel.onPluginChanged(net.runelite.client.events.PluginChanged), priority=0.0, lambda=net.runelite.client.plugins.config.PluginListPanel$$Lambda$653/0x00000008007d1c40@605ea3cf)
2026-04-17 12:23:54 UTC [AWT-EventQueue-0] DEBUG n.runelite.client.eventbus.EventBus - Registering class net.runelite.client.events.ExternalPluginsChanged - EventBus.Subscriber(object=net.runelite.client.plugins.config.PluginListPanel[,0,0,0x0,invalid,layout=java.awt.FlowLayout,alignmentX=0.0,alignmentY=0.0,border=,flags=9,maximumSize=,minimumSize=,preferredSize=], method=private void net.runelite.client.plugins.config.PluginListPanel.onExternalPluginsChanged(net.runelite.client.events.ExternalPluginsChanged), priority=0.0, lambda=net.runelite.client.plugins.config.PluginListPanel$$Lambda$654/0x00000008007d2040@4439b8fd)
2026-04-17 12:23:55 UTC [AWT-EventQueue-0] DEBUG n.runelite.client.eventbus.EventBus - Registering class net.runelite.client.events.ProfileChanged - EventBus.Subscriber(object=net.runelite.client.plugins.config.ProfilePanel[,0,0,0x0,invalid,layout=javax.swing.GroupLayout,alignmentX=0.0,alignmentY=0.0,border=javax.swing.border.EmptyBorder@41011cb5,flags=329,maximumSize=,minimumSize=,preferredSize=], method=private void net.runelite.client.plugins.config.ProfilePanel.onProfileChanged(net.runelite.client.events.ProfileChanged), priority=0.0, lambda=net.runelite.client.plugins.config.ProfilePanel$$Lambda$689/0x00000008007e5040@78482d5d)
2026-04-17 12:23:55 UTC [AWT-EventQueue-0] DEBUG n.runelite.client.eventbus.EventBus - Registering class net.runelite.client.events.SessionOpen - EventBus.Subscriber(object=net.runelite.client.plugins.config.ProfilePanel[,0,0,0x0,invalid,layout=javax.swing.GroupLayout,alignmentX=0.0,alignmentY=0.0,border=javax.swing.border.EmptyBorder@41011cb5,flags=329,maximumSize=,minimumSize=,preferredSize=], method=public void net.runelite.client.plugins.config.ProfilePanel.onSessionOpen(net.runelite.client.events.SessionOpen), priority=0.0, lambda=net.runelite.client.plugins.config.ProfilePanel$$Lambda$690/0x00000008007e5440@577c5052)
2026-04-17 12:23:55 UTC [AWT-EventQueue-0] DEBUG n.runelite.client.eventbus.EventBus - Registering class net.runelite.client.events.SessionClose - EventBus.Subscriber(object=net.runelite.client.plugins.config.ProfilePanel[,0,0,0x0,invalid,layout=javax.swing.GroupLayout,alignmentX=0.0,alignmentY=0.0,border=javax.swing.border.EmptyBorder@41011cb5,flags=329,maximumSize=,minimumSize=,preferredSize=], method=public void net.runelite.client.plugins.config.ProfilePanel.onSessionClose(net.runelite.client.events.SessionClose), priority=0.0, lambda=net.runelite.client.plugins.config.ProfilePanel$$Lambda$691/0x00000008007e5840@274aeefe)
2026-04-17 12:23:55 UTC [AWT-EventQueue-0] DEBUG n.runelite.client.eventbus.EventBus - Registering class net.runelite.client.events.RuneScapeProfileChanged - EventBus.Subscriber(object=net.runelite.client.plugins.config.ProfilePanel[,0,0,0x0,invalid,layout=javax.swing.GroupLayout,alignmentX=0.0,alignmentY=0.0,border=javax.swing.border.EmptyBorder@41011cb5,flags=329,maximumSize=,minimumSize=,preferredSize=], method=private void net.runelite.client.plugins.config.ProfilePanel.onRuneScapeProfileChanged(net.runelite.client.events.RuneScapeProfileChanged), priority=0.0, lambda=net.runelite.client.plugins.config.ProfilePanel$$Lambda$692/0x00000008007e5c40@55291368)
2026-04-17 12:23:55 UTC [AWT-EventQueue-0] DEBUG n.r.client.plugins.PluginManager - Plugin ConfigPlugin is now running
2026-04-17 12:23:55 UTC [AWT-EventQueue-0] DEBUG n.runelite.client.eventbus.EventBus - Registering class net.runelite.client.events.OverlayMenuClicked - EventBus.Subscriber(object=net.runelite.client.plugins.config.ConfigPlugin@3d4e405e, method=public void net.runelite.client.plugins.config.ConfigPlugin.onOverlayMenuClicked(net.runelite.client.events.OverlayMenuClicked), priority=0.0, lambda=net.runelite.client.plugins.config.ConfigPlugin$$Lambda$694/0x00000008007e6440@14c4de90)
2026-04-17 12:23:55 UTC [AWT-EventQueue-0] DEBUG n.r.client.plugins.PluginManager - Plugin XpDropPlugin is now running
2026-04-17 12:23:55 UTC [AWT-EventQueue-0] DEBUG n.runelite.client.eventbus.EventBus - Registering class net.runelite.api.events.StatChanged - EventBus.Subscriber(object=net.runelite.client.plugins.xpdrop.XpDropPlugin@60c8a093, method=public void net.runelite.client.plugins.xpdrop.XpDropPlugin.onStatChanged(net.runelite.api.events.StatChanged), priority=0.0, lambda=net.runelite.client.plugins.xpdrop.XpDropPlugin$$Lambda$696/0x00000008007e6c40@2cc39a17)
2026-04-17 12:23:55 UTC [AWT-EventQueue-0] DEBUG n.runelite.client.eventbus.EventBus - Registering class net.runelite.api.events.GameTick - EventBus.Subscriber(object=net.runelite.client.plugins.xpdrop.XpDropPlugin@60c8a093, method=public void net.runelite.client.plugins.xpdrop.XpDropPlugin.onGameTick(net.runelite.api.events.GameTick), priority=0.0, lambda=net.runelite.client.plugins.xpdrop.XpDropPlugin$$Lambda$697/0x00000008007e7040@28fc4829)
2026-04-17 12:23:55 UTC [AWT-EventQueue-0] DEBUG n.runelite.client.eventbus.EventBus - Registering class net.runelite.api.events.ScriptPreFired - EventBus.Subscriber(object=net.runelite.client.plugins.xpdrop.XpDropPlugin@60c8a093, method=public void net.runelite.client.plugins.xpdrop.XpDropPlugin.onScriptPreFired(net.runelite.api.events.ScriptPreFired), priority=0.0, lambda=net.runelite.client.plugins.xpdrop.XpDropPlugin$$Lambda$698/0x00000008007e7440@6d90f48)
2026-04-17 12:23:55 UTC [AWT-EventQueue-0] DEBUG n.r.client.plugins.PluginManager - Plugin GpuPlugin is now running
2026-04-17 12:23:55 UTC [AWT-EventQueue-0] DEBUG n.runelite.client.eventbus.EventBus - Registering class net.runelite.client.events.ConfigChanged - EventBus.Subscriber(object=net.runelite.client.plugins.gpu.GpuPlugin@59696551, method=public void net.runelite.client.plugins.gpu.GpuPlugin.onConfigChanged(net.runelite.client.events.ConfigChanged), priority=0.0, lambda=net.runelite.client.plugins.gpu.GpuPlugin$$Lambda$704/0x00000008007e8c40@357b51d8)
2026-04-17 12:23:55 UTC [AWT-EventQueue-0] DEBUG n.runelite.client.eventbus.EventBus - Registering class net.runelite.api.events.GameStateChanged - EventBus.Subscriber(object=net.runelite.client.plugins.gpu.GpuPlugin@59696551, method=public void net.runelite.client.plugins.gpu.GpuPlugin.onGameStateChanged(net.runelite.api.events.GameStateChanged), priority=0.0, lambda=net.runelite.client.plugins.gpu.GpuPlugin$$Lambda$705/0x00000008007e9040@50e8bf20)
2026-04-17 12:23:55 UTC [AWT-EventQueue-0] DEBUG n.runelite.client.eventbus.EventBus - Registering class net.runelite.api.events.PostClientTick - EventBus.Subscriber(object=net.runelite.client.plugins.gpu.GpuPlugin@59696551, method=public void net.runelite.client.plugins.gpu.GpuPlugin.onPostClientTick(net.runelite.api.events.PostClientTick), priority=0.0, lambda=net.runelite.client.plugins.gpu.GpuPlugin$$Lambda$706/0x00000008007e9440@3c12be43)
2026-04-17 12:23:55 UTC [AWT-EventQueue-0] DEBUG n.r.client.plugins.PluginManager - Plugin PestControlPlugin is now running
2026-04-17 12:23:55 UTC [AWT-EventQueue-0] DEBUG n.runelite.client.eventbus.EventBus - Registering class net.runelite.api.events.GameStateChanged - EventBus.Subscriber(object=net.runelite.client.plugins.pestcontrol.PestControlPlugin@7fb66650, method=public void net.runelite.client.plugins.pestcontrol.PestControlPlugin.onGameStateChanged(net.runelite.api.events.GameStateChanged), priority=0.0, lambda=net.runelite.client.plugins.pestcontrol.PestControlPlugin$$Lambda$707/0x00000008007e9840@31e38bec)
2026-04-17 12:23:55 UTC [AWT-EventQueue-0] DEBUG n.runelite.client.eventbus.EventBus - Registering class net.runelite.api.events.NpcSpawned - EventBus.Subscriber(object=net.runelite.client.plugins.pestcontrol.PestControlPlugin@7fb66650, method=public void net.runelite.client.plugins.pestcontrol.PestControlPlugin.onNpcSpawned(net.runelite.api.events.NpcSpawned), priority=0.0, lambda=net.runelite.client.plugins.pestcontrol.PestControlPlugin$$Lambda$708/0x00000008007e9c40@47d96e33)
2026-04-17 12:23:55 UTC [AWT-EventQueue-0] DEBUG n.runelite.client.eventbus.EventBus - Registering class net.runelite.api.events.NpcDespawned - EventBus.Subscriber(object=net.runelite.client.plugins.pestcontrol.PestControlPlugin@7fb66650, method=public void net.runelite.client.plugins.pestcontrol.PestControlPlugin.onNpcDespawned(net.runelite.api.events.NpcDespawned), priority=0.0, lambda=net.runelite.client.plugins.pestcontrol.PestControlPlugin$$Lambda$709/0x00000008007ea040@a1c42c)
2026-04-17 12:23:55 UTC [AWT-EventQueue-0] DEBUG n.runelite.client.eventbus.EventBus - Registering class net.runelite.api.events.ChatMessage - EventBus.Subscriber(object=net.runelite.client.plugins.pestcontrol.PestControlPlugin@7fb66650, method=public void net.runelite.client.plugins.pestcontrol.PestControlPlugin.onChatMessage(net.runelite.api.events.ChatMessage), priority=0.0, lambda=net.runelite.client.plugins.pestcontrol.PestControlPlugin$$Lambda$710/0x00000008007ea440@bc4feea)
2026-04-17 12:23:55 UTC [AWT-EventQueue-0] DEBUG n.runelite.client.eventbus.EventBus - Registering class net.runelite.api.events.ChatMessage - EventBus.Subscriber(object=net.runelite.client.plugins.crowdsourcing.cooking.CrowdsourcingCooking@2e83fec3, method=public void net.runelite.client.plugins.crowdsourcing.cooking.CrowdsourcingCooking.onChatMessage(net.runelite.api.events.ChatMessage), priority=0.0, lambda=net.runelite.client.plugins.crowdsourcing.cooking.CrowdsourcingCooking$$Lambda$711/0x00000008007ea840@29c7657)
2026-04-17 12:23:55 UTC [AWT-EventQueue-0] DEBUG n.runelite.client.eventbus.EventBus - Registering class net.runelite.api.events.MenuOptionClicked - EventBus.Subscriber(object=net.runelite.client.plugins.crowdsourcing.cooking.CrowdsourcingCooking@2e83fec3, method=public void net.runelite.client.plugins.crowdsourcing.cooking.CrowdsourcingCooking.onMenuOptionClicked(net.runelite.api.events.MenuOptionClicked), priority=0.0, lambda=net.runelite.client.plugins.crowdsourcing.cooking.CrowdsourcingCooking$$Lambda$712/0x00000008007eac40@7d6bfb4f)
2026-04-17 12:23:55 UTC [AWT-EventQueue-0] DEBUG n.runelite.client.eventbus.EventBus - Registering class net.runelite.api.events.GameTick - EventBus.Subscriber(object=net.runelite.client.plugins.crowdsourcing.dialogue.CrowdsourcingDialogue@2de09ecb, method=public void net.runelite.client.plugins.crowdsourcing.dialogue.CrowdsourcingDialogue.onGameTick(net.runelite.api.events.GameTick), priority=0.0, lambda=net.runelite.client.plugins.crowdsourcing.dialogue.CrowdsourcingDialogue$$Lambda$713/0x00000008007eb040@40d62de2)
2026-04-17 12:23:55 UTC [AWT-EventQueue-0] DEBUG n.runelite.client.eventbus.EventBus - Registering class net.runelite.api.events.ChatMessage - EventBus.Subscriber(object=net.runelite.client.plugins.crowdsourcing.dialogue.CrowdsourcingDialogue@2de09ecb, method=public void net.runelite.client.plugins.crowdsourcing.dialogue.CrowdsourcingDialogue.onChatMessage(net.runelite.api.events.ChatMessage), priority=0.0, lambda=net.runelite.client.plugins.crowdsourcing.dialogue.CrowdsourcingDialogue$$Lambda$714/0x00000008007eb440@5563d5e4)
2026-04-17 12:23:55 UTC [AWT-EventQueue-0] DEBUG n.runelite.client.eventbus.EventBus - Registering class net.runelite.api.events.ChatMessage - EventBus.Subscriber(object=net.runelite.client.plugins.crowdsourcing.music.CrowdsourcingMusic@d149401, method=public void net.runelite.client.plugins.crowdsourcing.music.CrowdsourcingMusic.onChatMessage(net.runelite.api.events.ChatMessage), priority=0.0, lambda=net.runelite.client.plugins.crowdsourcing.music.CrowdsourcingMusic$$Lambda$715/0x00000008007eb840@47a25e30)
2026-04-17 12:23:55 UTC [AWT-EventQueue-0] DEBUG n.runelite.client.eventbus.EventBus - Registering class net.runelite.api.events.ChatMessage - EventBus.Subscriber(object=net.runelite.client.plugins.crowdsourcing.thieving.CrowdsourcingThieving@109fef33, method=public void net.runelite.client.plugins.crowdsourcing.thieving.CrowdsourcingThieving.onChatMessage(net.runelite.api.events.ChatMessage), priority=0.0, lambda=net.runelite.client.plugins.crowdsourcing.thieving.CrowdsourcingThieving$$Lambda$716/0x00000008007ebc40@3902c5bd)
2026-04-17 12:23:55 UTC [AWT-EventQueue-0] DEBUG n.runelite.client.eventbus.EventBus - Registering class net.runelite.api.events.MenuOptionClicked - EventBus.Subscriber(object=net.runelite.client.plugins.crowdsourcing.thieving.CrowdsourcingThieving@109fef33, method=public void net.runelite.client.plugins.crowdsourcing.thieving.CrowdsourcingThieving.onMenuOptionClicked(net.runelite.api.events.MenuOptionClicked), priority=0.0, lambda=net.runelite.client.plugins.crowdsourcing.thieving.CrowdsourcingThieving$$Lambda$717/0x00000008007ec040@4b78dee1)
2026-04-17 12:23:55 UTC [AWT-EventQueue-0] DEBUG n.runelite.client.eventbus.EventBus - Registering class net.runelite.api.events.GameTick - EventBus.Subscriber(object=net.runelite.client.plugins.crowdsourcing.woodcutting.CrowdsourcingWoodcutting@b7150d4, method=public void net.runelite.client.plugins.crowdsourcing.woodcutting.CrowdsourcingWoodcutting.onGameTick(net.runelite.api.events.GameTick), priority=0.0, lambda=net.runelite.client.plugins.crowdsourcing.woodcutting.CrowdsourcingWoodcutting$$Lambda$718/0x00000008007ec440@4540e91e)
2026-04-17 12:23:55 UTC [AWT-EventQueue-0] DEBUG n.runelite.client.eventbus.EventBus - Registering class net.runelite.api.events.GameObjectDespawned - EventBus.Subscriber(object=net.runelite.client.plugins.crowdsourcing.woodcutting.CrowdsourcingWoodcutting@b7150d4, method=public void net.runelite.client.plugins.crowdsourcing.woodcutting.CrowdsourcingWoodcutting.onGameObjectDespawned(net.runelite.api.events.GameObjectDespawned), priority=0.0, lambda=net.runelite.client.plugins.crowdsourcing.woodcutting.CrowdsourcingWoodcutting$$Lambda$719/0x00000008007ec840@662bf055)
2026-04-17 12:23:55 UTC [AWT-EventQueue-0] DEBUG n.runelite.client.eventbus.EventBus - Registering class net.runelite.api.events.ChatMessage - EventBus.Subscriber(object=net.runelite.client.plugins.crowdsourcing.woodcutting.CrowdsourcingWoodcutting@b7150d4, method=public void net.runelite.client.plugins.crowdsourcing.woodcutting.CrowdsourcingWoodcutting.onChatMessage(net.runelite.api.events.ChatMessage), priority=0.0, lambda=net.runelite.client.plugins.crowdsourcing.woodcutting.CrowdsourcingWoodcutting$$Lambda$720/0x00000008007ecc40@2517e648)
2026-04-17 12:23:55 UTC [AWT-EventQueue-0] DEBUG n.runelite.client.eventbus.EventBus - Registering class net.runelite.api.events.MenuOptionClicked - EventBus.Subscriber(object=net.runelite.client.plugins.crowdsourcing.woodcutting.CrowdsourcingWoodcutting@b7150d4, method=public void net.runelite.client.plugins.crowdsourcing.woodcutting.CrowdsourcingWoodcutting.onMenuOptionClicked(net.runelite.api.events.MenuOptionClicked), priority=0.0, lambda=net.runelite.client.plugins.crowdsourcing.woodcutting.CrowdsourcingWoodcutting$$Lambda$721/0x00000008007ed040@41dcbacf)
2026-04-17 12:23:55 UTC [AWT-EventQueue-0] DEBUG n.runelite.client.eventbus.EventBus - Registering class net.runelite.api.events.StatChanged - EventBus.Subscriber(object=net.runelite.client.plugins.crowdsourcing.zmi.CrowdsourcingZMI@536b73df, method=public void net.runelite.client.plugins.crowdsourcing.zmi.CrowdsourcingZMI.onStatChanged(net.runelite.api.events.StatChanged), priority=0.0, lambda=net.runelite.client.plugins.crowdsourcing.zmi.CrowdsourcingZMI$$Lambda$722/0x00000008007ed440@491b9f75)
2026-04-17 12:23:55 UTC [AWT-EventQueue-0] DEBUG n.runelite.client.eventbus.EventBus - Registering class net.runelite.api.events.ItemContainerChanged - EventBus.Subscriber(object=net.runelite.client.plugins.crowdsourcing.zmi.CrowdsourcingZMI@536b73df, method=public void net.runelite.client.plugins.crowdsourcing.zmi.CrowdsourcingZMI.onItemContainerChanged(net.runelite.api.events.ItemContainerChanged), priority=0.0, lambda=net.runelite.client.plugins.crowdsourcing.zmi.CrowdsourcingZMI$$Lambda$723/0x00000008007ed840@347eec7)
2026-04-17 12:23:55 UTC [AWT-EventQueue-0] DEBUG n.runelite.client.eventbus.EventBus - Registering class net.runelite.api.events.ChatMessage - EventBus.Subscriber(object=net.runelite.client.plugins.crowdsourcing.zmi.CrowdsourcingZMI@536b73df, method=public void net.runelite.client.plugins.crowdsourcing.zmi.CrowdsourcingZMI.onChatMessage(net.runelite.api.events.ChatMessage), priority=0.0, lambda=net.runelite.client.plugins.crowdsourcing.zmi.CrowdsourcingZMI$$Lambda$724/0x00000008007edc40@1e4f46ce)
2026-04-17 12:23:55 UTC [AWT-EventQueue-0] DEBUG n.runelite.client.eventbus.EventBus - Registering class net.runelite.api.events.MenuOptionClicked - EventBus.Subscriber(object=net.runelite.client.plugins.crowdsourcing.zmi.CrowdsourcingZMI@536b73df, method=public void net.runelite.client.plugins.crowdsourcing.zmi.CrowdsourcingZMI.onMenuOptionClicked(net.runelite.api.events.MenuOptionClicked), priority=0.0, lambda=net.runelite.client.plugins.crowdsourcing.zmi.CrowdsourcingZMI$$Lambda$725/0x00000008007ee040@654278f2)
2026-04-17 12:23:55 UTC [AWT-EventQueue-0] DEBUG n.r.client.plugins.PluginManager - Plugin CrowdsourcingPlugin is now running
2026-04-17 12:23:55 UTC [AWT-EventQueue-0] DEBUG n.r.client.plugins.PluginManager - Scheduled task ScheduledMethod(schedule=@net.runelite.client.task.Schedule(asynchronous=true, period=300, unit=Seconds), method=public void net.runelite.client.plugins.crowdsourcing.CrowdsourcingPlugin.submitToAPI(), object=net.runelite.client.plugins.crowdsourcing.CrowdsourcingPlugin@37b52340, lambda=net.runelite.client.plugins.crowdsourcing.CrowdsourcingPlugin$$Lambda$726/0x00000008007ee440@7b716f9c, last=2026-04-17T12:23:55.826399Z)
2026-04-17 12:23:55 UTC [AWT-EventQueue-0] DEBUG n.r.client.plugins.PluginManager - Plugin RunEnergyPlugin is now running
2026-04-17 12:23:55 UTC [AWT-EventQueue-0] DEBUG n.runelite.client.eventbus.EventBus - Registering class net.runelite.client.events.ConfigChanged - EventBus.Subscriber(object=net.runelite.client.plugins.runenergy.RunEnergyPlugin@4cc36c19, method=public void net.runelite.client.plugins.runenergy.RunEnergyPlugin.onConfigChanged(net.runelite.client.events.ConfigChanged), priority=0.0, lambda=net.runelite.client.plugins.runenergy.RunEnergyPlugin$$Lambda$727/0x00000008007ee840@3797eaf8)
2026-04-17 12:23:55 UTC [AWT-EventQueue-0] DEBUG n.runelite.client.eventbus.EventBus - Registering class net.runelite.api.events.GameTick - EventBus.Subscriber(object=net.runelite.client.plugins.runenergy.RunEnergyPlugin@4cc36c19, method=public void net.runelite.client.plugins.runenergy.RunEnergyPlugin.onGameTick(net.runelite.api.events.GameTick), priority=0.0, lambda=net.runelite.client.plugins.runenergy.RunEnergyPlugin$$Lambda$728/0x00000008007eec40@73a96857)
2026-04-17 12:23:55 UTC [AWT-EventQueue-0] DEBUG n.runelite.client.eventbus.EventBus - Registering class net.runelite.api.events.ScriptPostFired - EventBus.Subscriber(object=net.runelite.client.plugins.runenergy.RunEnergyPlugin@4cc36c19, method=public void net.runelite.client.plugins.runenergy.RunEnergyPlugin.onScriptPostFired(net.runelite.api.events.ScriptPostFired), priority=0.0, lambda=net.runelite.client.plugins.runenergy.RunEnergyPlugin$$Lambda$729/0x00000008007ef040@6611a18e)
2026-04-17 12:23:55 UTC [AWT-EventQueue-0] DEBUG n.runelite.client.eventbus.EventBus - Registering class net.runelite.api.events.ChatMessage - EventBus.Subscriber(object=net.runelite.client.plugins.runenergy.RunEnergyPlugin@4cc36c19, method=public void net.runelite.client.plugins.runenergy.RunEnergyPlugin.onChatMessage(net.runelite.api.events.ChatMessage), priority=0.0, lambda=net.runelite.client.plugins.runenergy.RunEnergyPlugin$$Lambda$730/0x00000008007ef440@7ae311a9)
2026-04-17 12:23:55 UTC [AWT-EventQueue-0] DEBUG n.runelite.client.eventbus.EventBus - Registering class net.runelite.api.events.ScriptCallbackEvent - EventBus.Subscriber(object=net.runelite.client.plugins.runenergy.RunEnergyPlugin@4cc36c19, method=public void net.runelite.client.plugins.runenergy.RunEnergyPlugin.onScriptCallbackEvent(net.runelite.api.events.ScriptCallbackEvent), priority=0.0, lambda=net.runelite.client.plugins.runenergy.RunEnergyPlugin$$Lambda$731/0x00000008007ef840@35dcda16)
2026-04-17 12:23:55 UTC [AWT-EventQueue-0] DEBUG n.r.client.plugins.PluginManager - Plugin TitheFarmPlugin is now running
2026-04-17 12:23:55 UTC [AWT-EventQueue-0] DEBUG n.runelite.client.eventbus.EventBus - Registering class net.runelite.client.events.ConfigChanged - EventBus.Subscriber(object=net.runelite.client.plugins.tithefarm.TitheFarmPlugin@4b74b35, method=public void net.runelite.client.plugins.tithefarm.TitheFarmPlugin.onConfigChanged(net.runelite.client.events.ConfigChanged), priority=0.0, lambda=net.runelite.client.plugins.tithefarm.TitheFarmPlugin$$Lambda$732/0x00000008007efc40@10ac15a4)
2026-04-17 12:23:55 UTC [AWT-EventQueue-0] DEBUG n.runelite.client.eventbus.EventBus - Registering class net.runelite.api.events.GameTick - EventBus.Subscriber(object=net.runelite.client.plugins.tithefarm.TitheFarmPlugin@4b74b35, method=public void net.runelite.client.plugins.tithefarm.TitheFarmPlugin.onGameTick(net.runelite.api.events.GameTick), priority=0.0, lambda=net.runelite.client.plugins.tithefarm.TitheFarmPlugin$$Lambda$733/0x00000008007f0040@392b689d)
2026-04-17 12:23:55 UTC [AWT-EventQueue-0] DEBUG n.runelite.client.eventbus.EventBus - Registering class net.runelite.api.events.GameObjectSpawned - EventBus.Subscriber(object=net.runelite.client.plugins.tithefarm.TitheFarmPlugin@4b74b35, method=public void net.runelite.client.plugins.tithefarm.TitheFarmPlugin.onGameObjectSpawned(net.runelite.api.events.GameObjectSpawned), priority=0.0, lambda=net.runelite.client.plugins.tithefarm.TitheFarmPlugin$$Lambda$734/0x00000008007f0440@e092eb2)
2026-04-17 12:23:55 UTC [AWT-EventQueue-0] DEBUG n.r.client.plugins.PluginManager - Plugin NightmareZonePlugin is now running
2026-04-17 12:23:55 UTC [AWT-EventQueue-0] DEBUG n.runelite.client.eventbus.EventBus - Registering class net.runelite.client.events.ConfigChanged - EventBus.Subscriber(object=net.runelite.client.plugins.nightmarezone.NightmareZonePlugin@33634f04, method=public void net.runelite.client.plugins.nightmarezone.NightmareZonePlugin.onConfigChanged(net.runelite.client.events.ConfigChanged), priority=0.0, lambda=net.runelite.client.plugins.nightmarezone.NightmareZonePlugin$$Lambda$735/0x00000008007f0840@4dbcf65d)
2026-04-17 12:23:55 UTC [AWT-EventQueue-0] DEBUG n.runelite.client.eventbus.EventBus - Registering class net.runelite.api.events.GameTick - EventBus.Subscriber(object=net.runelite.client.plugins.nightmarezone.NightmareZonePlugin@33634f04, method=public void net.runelite.client.plugins.nightmarezone.NightmareZonePlugin.onGameTick(net.runelite.api.events.GameTick), priority=0.0, lambda=net.runelite.client.plugins.nightmarezone.NightmareZonePlugin$$Lambda$736/0x00000008007f0c40@5e333b59)
2026-04-17 12:23:55 UTC [AWT-EventQueue-0] DEBUG n.runelite.client.eventbus.EventBus - Registering class net.runelite.api.events.ChatMessage - EventBus.Subscriber(object=net.runelite.client.plugins.nightmarezone.NightmareZonePlugin@33634f04, method=public void net.runelite.client.plugins.nightmarezone.NightmareZonePlugin.onChatMessage(net.runelite.api.events.ChatMessage), priority=0.0, lambda=net.runelite.client.plugins.nightmarezone.NightmareZonePlugin$$Lambda$737/0x00000008007f1040@2d4a1ea5)
2026-04-17 12:23:55 UTC [AWT-EventQueue-0] DEBUG n.runelite.client.eventbus.EventBus - Registering class net.runelite.api.events.BeforeRender - EventBus.Subscriber(object=net.runelite.client.plugins.nightmarezone.NightmareZonePlugin@33634f04, method=public void net.runelite.client.plugins.nightmarezone.NightmareZonePlugin.onBeforeRender(net.runelite.api.events.BeforeRender), priority=0.0, lambda=net.runelite.client.plugins.nightmarezone.NightmareZonePlugin$$Lambda$738/0x00000008007f1440@59bf779f)
2026-04-17 12:23:55 UTC [AWT-EventQueue-0] DEBUG n.r.client.plugins.PluginManager - Plugin DiaryRequirementsPlugin is now running
2026-04-17 12:23:55 UTC [AWT-EventQueue-0] DEBUG n.runelite.client.eventbus.EventBus - Registering class net.runelite.api.events.WidgetLoaded - EventBus.Subscriber(object=net.runelite.client.plugins.achievementdiary.DiaryRequirementsPlugin@480ad82c, method=public void net.runelite.client.plugins.achievementdiary.DiaryRequirementsPlugin.onWidgetLoaded(net.runelite.api.events.WidgetLoaded), priority=0.0, lambda=net.runelite.client.plugins.achievementdiary.DiaryRequirementsPlugin$$Lambda$739/0x00000008007f1840@7ba877d2)
2026-04-17 12:23:55 UTC [AWT-EventQueue-0] DEBUG n.r.client.plugins.PluginManager - Plugin FriendListPlugin is now running
2026-04-17 12:23:55 UTC [AWT-EventQueue-0] DEBUG n.runelite.client.eventbus.EventBus - Registering class net.runelite.api.events.ScriptPostFired - EventBus.Subscriber(object=net.runelite.client.plugins.friendlist.FriendListPlugin@5578be42, method=public void net.runelite.client.plugins.friendlist.FriendListPlugin.onScriptPostFired(net.runelite.api.events.ScriptPostFired), priority=0.0, lambda=net.runelite.client.plugins.friendlist.FriendListPlugin$$Lambda$740/0x00000008007f1c40@7381eaf7)
2026-04-17 12:23:55 UTC [AWT-EventQueue-0] DEBUG n.runelite.client.eventbus.EventBus - Registering class net.runelite.api.events.ChatMessage - EventBus.Subscriber(object=net.runelite.client.plugins.friendlist.FriendListPlugin@5578be42, method=public void net.runelite.client.plugins.friendlist.FriendListPlugin.onChatMessage(net.runelite.api.events.ChatMessage), priority=0.0, lambda=net.runelite.client.plugins.friendlist.FriendListPlugin$$Lambda$741/0x00000008007f2040@1b88e8eb)
2026-04-17 12:23:55 UTC [AWT-EventQueue-0] DEBUG n.runelite.client.eventbus.EventBus - Registering class net.runelite.api.events.MenuEntryAdded - EventBus.Subscriber(object=net.runelite.client.plugins.friendlist.FriendListPlugin@5578be42, method=public void net.runelite.client.plugins.friendlist.FriendListPlugin.onMenuEntryAdded(net.runelite.api.events.MenuEntryAdded), priority=0.0, lambda=net.runelite.client.plugins.friendlist.FriendListPlugin$$Lambda$742/0x00000008007f2440@15551eaa)
2026-04-17 12:23:55 UTC [AWT-EventQueue-0] DEBUG n.r.client.plugins.PluginManager - Scheduled task ScheduledMethod(schedule=@net.runelite.client.task.Schedule(asynchronous=false, period=5, unit=Seconds), method=public void net.runelite.client.plugins.friendlist.FriendListPlugin.setHideNotifications(), object=net.runelite.client.plugins.friendlist.FriendListPlugin@5578be42, lambda=net.runelite.client.plugins.friendlist.FriendListPlugin$$Lambda$743/0x00000008007f2840@72d04814, last=2026-04-17T12:23:55.873894Z)
2026-04-17 12:23:55 UTC [AWT-EventQueue-0] DEBUG n.r.client.plugins.PluginManager - Plugin ScreenMarkerPlugin is now running
2026-04-17 12:23:55 UTC [AWT-EventQueue-0] DEBUG n.runelite.client.eventbus.EventBus - Registering class net.runelite.client.events.ProfileChanged - EventBus.Subscriber(object=net.runelite.client.plugins.screenmarkers.ScreenMarkerPlugin@12e5da86, method=public void net.runelite.client.plugins.screenmarkers.ScreenMarkerPlugin.onProfileChanged(net.runelite.client.events.ProfileChanged), priority=0.0, lambda=net.runelite.client.plugins.screenmarkers.ScreenMarkerPlugin$$Lambda$746/0x00000008007f3440@46c673af)
2026-04-17 12:23:55 UTC [AWT-EventQueue-0] DEBUG n.r.client.plugins.PluginManager - Plugin WintertodtPlugin is now running
2026-04-17 12:23:55 UTC [AWT-EventQueue-0] DEBUG n.runelite.client.eventbus.EventBus - Registering class net.runelite.api.events.VarbitChanged - EventBus.Subscriber(object=net.runelite.client.plugins.wintertodt.WintertodtPlugin@4a2929a4, method=public void net.runelite.client.plugins.wintertodt.WintertodtPlugin.onVarbitChanged(net.runelite.api.events.VarbitChanged), priority=0.0, lambda=net.runelite.client.plugins.wintertodt.WintertodtPlugin$$Lambda$747/0x00000008007f3840@6d869b4b)
2026-04-17 12:23:55 UTC [AWT-EventQueue-0] DEBUG n.runelite.client.eventbus.EventBus - Registering class net.runelite.api.events.GameTick - EventBus.Subscriber(object=net.runelite.client.plugins.wintertodt.WintertodtPlugin@4a2929a4, method=public void net.runelite.client.plugins.wintertodt.WintertodtPlugin.onGameTick(net.runelite.api.events.GameTick), priority=0.0, lambda=net.runelite.client.plugins.wintertodt.WintertodtPlugin$$Lambda$748/0x00000008007f3c40@423a875f)
2026-04-17 12:23:55 UTC [AWT-EventQueue-0] DEBUG n.runelite.client.eventbus.EventBus - Registering class net.runelite.api.events.ItemContainerChanged - EventBus.Subscriber(object=net.runelite.client.plugins.wintertodt.WintertodtPlugin@4a2929a4, method=public void net.runelite.client.plugins.wintertodt.WintertodtPlugin.onItemContainerChanged(net.runelite.api.events.ItemContainerChanged), priority=0.0, lambda=net.runelite.client.plugins.wintertodt.WintertodtPlugin$$Lambda$749/0x00000008007f4040@68000896)
2026-04-17 12:23:55 UTC [AWT-EventQueue-0] DEBUG n.runelite.client.eventbus.EventBus - Registering class net.runelite.api.events.ChatMessage - EventBus.Subscriber(object=net.runelite.client.plugins.wintertodt.WintertodtPlugin@4a2929a4, method=public void net.runelite.client.plugins.wintertodt.WintertodtPlugin.onChatMessage(net.runelite.api.events.ChatMessage), priority=0.0, lambda=net.runelite.client.plugins.wintertodt.WintertodtPlugin$$Lambda$750/0x00000008007f4440@79419854)
2026-04-17 12:23:55 UTC [AWT-EventQueue-0] DEBUG n.runelite.client.eventbus.EventBus - Registering class net.runelite.api.events.AnimationChanged - EventBus.Subscriber(object=net.runelite.client.plugins.wintertodt.WintertodtPlugin@4a2929a4, method=public void net.runelite.client.plugins.wintertodt.WintertodtPlugin.onAnimationChanged(net.runelite.api.events.AnimationChanged), priority=0.0, lambda=net.runelite.client.plugins.wintertodt.WintertodtPlugin$$Lambda$751/0x00000008007f4840@cfc8a17)
2026-04-17 12:23:55 UTC [AWT-EventQueue-0] DEBUG n.runelite.client.eventbus.EventBus - Registering class net.runelite.api.events.ScriptPostFired - EventBus.Subscriber(object=net.runelite.client.plugins.prayer.PrayerReorder@28cded76, method=public void net.runelite.client.plugins.prayer.PrayerReorder.onScriptPostFired(net.runelite.api.events.ScriptPostFired), priority=0.0, lambda=net.runelite.client.plugins.prayer.PrayerReorder$$Lambda$755/0x00000008007f5840@38445322)
2026-04-17 12:23:55 UTC [AWT-EventQueue-0] DEBUG n.runelite.client.eventbus.EventBus - Registering class net.runelite.api.events.WidgetDrag - EventBus.Subscriber(object=net.runelite.client.plugins.prayer.PrayerReorder@28cded76, method=public void net.runelite.client.plugins.prayer.PrayerReorder.onWidgetDrag(net.runelite.api.events.WidgetDrag), priority=0.0, lambda=net.runelite.client.plugins.prayer.PrayerReorder$$Lambda$756/0x00000008007f5c40@76fcd3f)
2026-04-17 12:23:55 UTC [AWT-EventQueue-0] DEBUG n.runelite.client.eventbus.EventBus - Registering class net.runelite.client.events.ProfileChanged - EventBus.Subscriber(object=net.runelite.client.plugins.prayer.PrayerReorder@28cded76, method=public void net.runelite.client.plugins.prayer.PrayerReorder.onProfileChanged(net.runelite.client.events.ProfileChanged), priority=0.0, lambda=net.runelite.client.plugins.prayer.PrayerReorder$$Lambda$757/0x00000008007f6040@5ac9a089)
2026-04-17 12:23:55 UTC [AWT-EventQueue-0] DEBUG n.runelite.client.eventbus.EventBus - Registering class net.runelite.api.events.MenuOptionClicked - EventBus.Subscriber(object=net.runelite.client.plugins.prayer.PrayerReorder@28cded76, method=public void net.runelite.client.plugins.prayer.PrayerReorder.onMenuOptionClicked(net.runelite.api.events.MenuOptionClicked), priority=0.0, lambda=net.runelite.client.plugins.prayer.PrayerReorder$$Lambda$758/0x00000008007f6440@4d0eb8d2)
2026-04-17 12:23:55 UTC [AWT-EventQueue-0] DEBUG n.r.client.plugins.PluginManager - Plugin PrayerPlugin is now running
2026-04-17 12:23:55 UTC [AWT-EventQueue-0] DEBUG n.runelite.client.eventbus.EventBus - Registering class net.runelite.client.events.ConfigChanged - EventBus.Subscriber(object=net.runelite.client.plugins.prayer.PrayerPlugin@2c7106d9, method=private void net.runelite.client.plugins.prayer.PrayerPlugin.onConfigChanged(net.runelite.client.events.ConfigChanged), priority=0.0, lambda=net.runelite.client.plugins.prayer.PrayerPlugin$$Lambda$759/0x00000008007f6840@6bdcdc85)
2026-04-17 12:23:55 UTC [AWT-EventQueue-0] DEBUG n.runelite.client.eventbus.EventBus - Registering class net.runelite.api.events.GameTick - EventBus.Subscriber(object=net.runelite.client.plugins.prayer.PrayerPlugin@2c7106d9, method=public void net.runelite.client.plugins.prayer.PrayerPlugin.onGameTick(net.runelite.api.events.GameTick), priority=0.0, lambda=net.runelite.client.plugins.prayer.PrayerPlugin$$Lambda$760/0x00000008007f6c40@6b8f0d80)
2026-04-17 12:23:55 UTC [AWT-EventQueue-0] DEBUG n.runelite.client.eventbus.EventBus - Registering class net.runelite.api.events.ItemContainerChanged - EventBus.Subscriber(object=net.runelite.client.plugins.prayer.PrayerPlugin@2c7106d9, method=public void net.runelite.client.plugins.prayer.PrayerPlugin.onItemContainerChanged(net.runelite.api.events.ItemContainerChanged), priority=0.0, lambda=net.runelite.client.plugins.prayer.PrayerPlugin$$Lambda$761/0x00000008007f7040@2dc4ab3c)
2026-04-17 12:23:55 UTC [AWT-EventQueue-0] DEBUG n.r.client.plugins.PluginManager - Plugin XteaPlugin is now running
2026-04-17 12:23:55 UTC [AWT-EventQueue-0] DEBUG n.runelite.client.eventbus.EventBus - Registering class net.runelite.api.events.WorldViewLoaded - EventBus.Subscriber(object=net.runelite.client.plugins.xtea.XteaPlugin@44065156, method=public void net.runelite.client.plugins.xtea.XteaPlugin.onWorldViewLoaded(net.runelite.api.events.WorldViewLoaded), priority=0.0, lambda=net.runelite.client.plugins.xtea.XteaPlugin$$Lambda$763/0x00000008007f7840@399fda95)
2026-04-17 12:23:55 UTC [AWT-EventQueue-0] DEBUG net.runelite.client.input.KeyManager - Registering key listener: net.runelite.client.plugins.instancemap.InstanceMapInputListener@6297121f
2026-04-17 12:23:55 UTC [AWT-EventQueue-0] DEBUG n.r.client.plugins.PluginManager - Plugin InstanceMapPlugin is now running
2026-04-17 12:23:55 UTC [AWT-EventQueue-0] DEBUG n.runelite.client.eventbus.EventBus - Registering class net.runelite.api.events.GameStateChanged - EventBus.Subscriber(object=net.runelite.client.plugins.instancemap.InstanceMapPlugin@70211df5, method=public void net.runelite.client.plugins.instancemap.InstanceMapPlugin.onGameStateChanged(net.runelite.api.events.GameStateChanged), priority=0.0, lambda=net.runelite.client.plugins.instancemap.InstanceMapPlugin$$Lambda$765/0x00000008007f8040@30cd1315)
2026-04-17 12:23:55 UTC [AWT-EventQueue-0] DEBUG n.r.client.plugins.PluginManager - Plugin SlayerPlugin is now running
2026-04-17 12:23:55 UTC [AWT-EventQueue-0] DEBUG n.runelite.client.eventbus.EventBus - Registering class net.runelite.client.events.ConfigChanged - EventBus.Subscriber(object=net.runelite.client.plugins.slayer.SlayerPlugin@5b3bb1f7, method=private void net.runelite.client.plugins.slayer.SlayerPlugin.onConfigChanged(net.runelite.client.events.ConfigChanged), priority=0.0, lambda=net.runelite.client.plugins.slayer.SlayerPlugin$$Lambda$770/0x00000008007f9840@1943a4f2)
2026-04-17 12:23:55 UTC [AWT-EventQueue-0] DEBUG n.runelite.client.eventbus.EventBus - Registering class net.runelite.api.events.GameStateChanged - EventBus.Subscriber(object=net.runelite.client.plugins.slayer.SlayerPlugin@5b3bb1f7, method=public void net.runelite.client.plugins.slayer.SlayerPlugin.onGameStateChanged(net.runelite.api.events.GameStateChanged), priority=0.0, lambda=net.runelite.client.plugins.slayer.SlayerPlugin$$Lambda$771/0x00000008007f9c40@6cf67fdc)
2026-04-17 12:23:55 UTC [AWT-EventQueue-0] DEBUG n.runelite.client.eventbus.EventBus - Registering class net.runelite.api.events.CommandExecuted - EventBus.Subscriber(object=net.runelite.client.plugins.slayer.SlayerPlugin@5b3bb1f7, method=public void net.runelite.client.plugins.slayer.SlayerPlugin.onCommandExecuted(net.runelite.api.events.CommandExecuted), priority=0.0, lambda=net.runelite.client.plugins.slayer.SlayerPlugin$$Lambda$772/0x00000008007fa040@6f8b564f)
2026-04-17 12:23:55 UTC [AWT-EventQueue-0] DEBUG n.runelite.client.eventbus.EventBus - Registering class net.runelite.api.events.VarbitChanged - EventBus.Subscriber(object=net.runelite.client.plugins.slayer.SlayerPlugin@5b3bb1f7, method=public void net.runelite.client.plugins.slayer.SlayerPlugin.onVarbitChanged(net.runelite.api.events.VarbitChanged), priority=0.0, lambda=net.runelite.client.plugins.slayer.SlayerPlugin$$Lambda$773/0x00000008007fa440@3edab618)
2026-04-17 12:23:55 UTC [AWT-EventQueue-0] DEBUG n.runelite.client.eventbus.EventBus - Registering class net.runelite.api.events.GameTick - EventBus.Subscriber(object=net.runelite.client.plugins.slayer.SlayerPlugin@5b3bb1f7, method=public void net.runelite.client.plugins.slayer.SlayerPlugin.onGameTick(net.runelite.api.events.GameTick), priority=0.0, lambda=net.runelite.client.plugins.slayer.SlayerPlugin$$Lambda$774/0x00000008007fa840@3851b856)
2026-04-17 12:23:55 UTC [AWT-EventQueue-0] DEBUG n.runelite.client.eventbus.EventBus - Registering class net.runelite.api.events.NpcSpawned - EventBus.Subscriber(object=net.runelite.client.plugins.slayer.SlayerPlugin@5b3bb1f7, method=public void net.runelite.client.plugins.slayer.SlayerPlugin.onNpcSpawned(net.runelite.api.events.NpcSpawned), priority=0.0, lambda=net.runelite.client.plugins.slayer.SlayerPlugin$$Lambda$775/0x00000008007fac40@5bbebe22)
2026-04-17 12:23:55 UTC [AWT-EventQueue-0] DEBUG n.runelite.client.eventbus.EventBus - Registering class net.runelite.api.events.NpcDespawned - EventBus.Subscriber(object=net.runelite.client.plugins.slayer.SlayerPlugin@5b3bb1f7, method=public void net.runelite.client.plugins.slayer.SlayerPlugin.onNpcDespawned(net.runelite.api.events.NpcDespawned), priority=0.0, lambda=net.runelite.client.plugins.slayer.SlayerPlugin$$Lambda$776/0x00000008007fb040@ed1dea7)
2026-04-17 12:23:55 UTC [AWT-EventQueue-0] DEBUG n.runelite.client.eventbus.EventBus - Registering class net.runelite.api.events.ChatMessage - EventBus.Subscriber(object=net.runelite.client.plugins.slayer.SlayerPlugin@5b3bb1f7, method=public void net.runelite.client.plugins.slayer.SlayerPlugin.onChatMessage(net.runelite.api.events.ChatMessage), priority=0.0, lambda=net.runelite.client.plugins.slayer.SlayerPlugin$$Lambda$777/0x00000008007fb440@6d60c7a6)
2026-04-17 12:23:55 UTC [AWT-EventQueue-0] DEBUG n.runelite.client.eventbus.EventBus - Registering class net.runelite.api.events.MenuOptionClicked - EventBus.Subscriber(object=net.runelite.client.plugins.slayer.SlayerPlugin@5b3bb1f7, method=public void net.runelite.client.plugins.slayer.SlayerPlugin.onMenuOptionClicked(net.runelite.api.events.MenuOptionClicked), priority=0.0, lambda=net.runelite.client.plugins.slayer.SlayerPlugin$$Lambda$778/0x00000008007fb840@6c268cb6)
2026-04-17 12:23:55 UTC [AWT-EventQueue-0] DEBUG n.r.client.plugins.PluginManager - Plugin CannonPlugin is now running
2026-04-17 12:23:55 UTC [AWT-EventQueue-0] DEBUG n.runelite.client.eventbus.EventBus - Registering class net.runelite.client.events.ConfigChanged - EventBus.Subscriber(object=net.runelite.client.plugins.cannon.CannonPlugin@3ed34ef5, method=public void net.runelite.client.plugins.cannon.CannonPlugin.onConfigChanged(net.runelite.client.events.ConfigChanged), priority=0.0, lambda=net.runelite.client.plugins.cannon.CannonPlugin$$Lambda$779/0x00000008007fbc40@334ec9bd)
2026-04-17 12:23:55 UTC [AWT-EventQueue-0] DEBUG n.runelite.client.eventbus.EventBus - Registering class net.runelite.api.events.GameStateChanged - EventBus.Subscriber(object=net.runelite.client.plugins.cannon.CannonPlugin@3ed34ef5, method=public void net.runelite.client.plugins.cannon.CannonPlugin.onGameStateChanged(net.runelite.api.events.GameStateChanged), priority=0.0, lambda=net.runelite.client.plugins.cannon.CannonPlugin$$Lambda$780/0x00000008007fc040@3570ea9e)
2026-04-17 12:23:55 UTC [AWT-EventQueue-0] DEBUG n.runelite.client.eventbus.EventBus - Registering class net.runelite.api.events.VarbitChanged - EventBus.Subscriber(object=net.runelite.client.plugins.cannon.CannonPlugin@3ed34ef5, method=public void net.runelite.client.plugins.cannon.CannonPlugin.onVarbitChanged(net.runelite.api.events.VarbitChanged), priority=0.0, lambda=net.runelite.client.plugins.cannon.CannonPlugin$$Lambda$782/0x00000008007fc840@700fe383)
2026-04-17 12:23:55 UTC [AWT-EventQueue-0] DEBUG n.runelite.client.eventbus.EventBus - Registering class net.runelite.api.events.ItemContainerChanged - EventBus.Subscriber(object=net.runelite.client.plugins.cannon.CannonPlugin@3ed34ef5, method=public void net.runelite.client.plugins.cannon.CannonPlugin.onItemContainerChanged(net.runelite.api.events.ItemContainerChanged), priority=0.0, lambda=net.runelite.client.plugins.cannon.CannonPlugin$$Lambda$783/0x00000008007fcc40@48852db)
2026-04-17 12:23:56 UTC [AWT-EventQueue-0] DEBUG n.runelite.client.eventbus.EventBus - Registering class net.runelite.api.events.ChatMessage - EventBus.Subscriber(object=net.runelite.client.plugins.cannon.CannonPlugin@3ed34ef5, method=public void net.runelite.client.plugins.cannon.CannonPlugin.onChatMessage(net.runelite.api.events.ChatMessage), priority=0.0, lambda=net.runelite.client.plugins.cannon.CannonPlugin$$Lambda$785/0x00000008007fd440@701b3613)
2026-04-17 12:23:56 UTC [AWT-EventQueue-0] DEBUG net.runelite.client.input.KeyManager - Registering key listener: net.runelite.client.plugins.chathistory.ChatHistoryPlugin@6af5bbd0
2026-04-17 12:23:56 UTC [AWT-EventQueue-0] DEBUG n.r.client.plugins.PluginManager - Plugin ChatHistoryPlugin is now running
2026-04-17 12:23:56 UTC [AWT-EventQueue-0] DEBUG n.runelite.client.eventbus.EventBus - Registering class net.runelite.api.events.ChatMessage - EventBus.Subscriber(object=net.runelite.client.plugins.chathistory.ChatHistoryPlugin@6af5bbd0, method=public void net.runelite.client.plugins.chathistory.ChatHistoryPlugin.onChatMessage(net.runelite.api.events.ChatMessage), priority=0.0, lambda=net.runelite.client.plugins.chathistory.ChatHistoryPlugin$$Lambda$787/0x00000008007fdc40@d1d3fcb)
2026-04-17 12:23:56 UTC [AWT-EventQueue-0] DEBUG n.runelite.client.eventbus.EventBus - Registering class net.runelite.api.events.MenuEntryAdded - EventBus.Subscriber(object=net.runelite.client.plugins.chathistory.ChatHistoryPlugin@6af5bbd0, method=public void net.runelite.client.plugins.chathistory.ChatHistoryPlugin.onMenuEntryAdded(net.runelite.api.events.MenuEntryAdded), priority=0.0, lambda=net.runelite.client.plugins.chathistory.ChatHistoryPlugin$$Lambda$788/0x00000008007fe040@1de09536)
2026-04-17 12:23:56 UTC [AWT-EventQueue-0] DEBUG n.runelite.client.eventbus.EventBus - Registering class net.runelite.api.events.MenuOptionClicked - EventBus.Subscriber(object=net.runelite.client.plugins.chathistory.ChatHistoryPlugin@6af5bbd0, method=public void net.runelite.client.plugins.chathistory.ChatHistoryPlugin.onMenuOptionClicked(net.runelite.api.events.MenuOptionClicked), priority=0.0, lambda=net.runelite.client.plugins.chathistory.ChatHistoryPlugin$$Lambda$789/0x00000008007fe440@332c83fc)
2026-04-17 12:23:56 UTC [AWT-EventQueue-0] DEBUG n.r.client.plugins.PluginManager - Plugin CombatLevelPlugin is now running
2026-04-17 12:23:56 UTC [AWT-EventQueue-0] DEBUG n.runelite.client.eventbus.EventBus - Registering class net.runelite.client.events.ConfigChanged - EventBus.Subscriber(object=net.runelite.client.plugins.combatlevel.CombatLevelPlugin@2538bc06, method=public void net.runelite.client.plugins.combatlevel.CombatLevelPlugin.onConfigChanged(net.runelite.client.events.ConfigChanged), priority=0.0, lambda=net.runelite.client.plugins.combatlevel.CombatLevelPlugin$$Lambda$790/0x00000008007fe840@36ae7066)
2026-04-17 12:23:56 UTC [AWT-EventQueue-0] DEBUG n.runelite.client.eventbus.EventBus - Registering class net.runelite.api.events.StatChanged - EventBus.Subscriber(object=net.runelite.client.plugins.combatlevel.CombatLevelPlugin@2538bc06, method=private void net.runelite.client.plugins.combatlevel.CombatLevelPlugin.onStatChanged(net.runelite.api.events.StatChanged), priority=0.0, lambda=net.runelite.client.plugins.combatlevel.CombatLevelPlugin$$Lambda$791/0x00000008007fec40@6e03c200)
2026-04-17 12:23:56 UTC [AWT-EventQueue-0] DEBUG n.runelite.client.eventbus.EventBus - Registering class net.runelite.api.events.ScriptPostFired - EventBus.Subscriber(object=net.runelite.client.plugins.combatlevel.CombatLevelPlugin@2538bc06, method=public void net.runelite.client.plugins.combatlevel.CombatLevelPlugin.onScriptPostFired(net.runelite.api.events.ScriptPostFired), priority=0.0, lambda=net.runelite.client.plugins.combatlevel.CombatLevelPlugin$$Lambda$792/0x00000008007ff040@74064f08)
2026-04-17 12:23:56 UTC [AWT-EventQueue-0] DEBUG n.runelite.client.eventbus.EventBus - Registering class net.runelite.api.events.ScriptPreFired - EventBus.Subscriber(object=net.runelite.client.plugins.combatlevel.CombatLevelPlugin@2538bc06, method=public void net.runelite.client.plugins.combatlevel.CombatLevelPlugin.onScriptPreFired(net.runelite.api.events.ScriptPreFired), priority=0.0, lambda=net.runelite.client.plugins.combatlevel.CombatLevelPlugin$$Lambda$793/0x00000008007ff440@12ad95d)
2026-04-17 12:23:56 UTC [AWT-EventQueue-0] DEBUG n.r.client.plugins.PluginManager - Plugin HunterPlugin is now running
2026-04-17 12:23:56 UTC [AWT-EventQueue-0] DEBUG n.runelite.client.eventbus.EventBus - Registering class net.runelite.client.events.ConfigChanged - EventBus.Subscriber(object=net.runelite.client.plugins.hunter.HunterPlugin@4317850d, method=public void net.runelite.client.plugins.hunter.HunterPlugin.onConfigChanged(net.runelite.client.events.ConfigChanged), priority=0.0, lambda=net.runelite.client.plugins.hunter.HunterPlugin$$Lambda$794/0x00000008007ff840@71cd2e4)
2026-04-17 12:23:56 UTC [AWT-EventQueue-0] DEBUG n.runelite.client.eventbus.EventBus - Registering class net.runelite.api.events.GameTick - EventBus.Subscriber(object=net.runelite.client.plugins.hunter.HunterPlugin@4317850d, method=public void net.runelite.client.plugins.hunter.HunterPlugin.onGameTick(net.runelite.api.events.GameTick), priority=0.0, lambda=net.runelite.client.plugins.hunter.HunterPlugin$$Lambda$795/0x00000008007ffc40@69eecea0)
2026-04-17 12:23:56 UTC [AWT-EventQueue-0] DEBUG n.runelite.client.eventbus.EventBus - Registering class net.runelite.api.events.GameObjectSpawned - EventBus.Subscriber(object=net.runelite.client.plugins.hunter.HunterPlugin@4317850d, method=public void net.runelite.client.plugins.hunter.HunterPlugin.onGameObjectSpawned(net.runelite.api.events.GameObjectSpawned), priority=0.0, lambda=net.runelite.client.plugins.hunter.HunterPlugin$$Lambda$796/0x0000000800800040@6c9a52e1)
2026-04-17 12:23:56 UTC [AWT-EventQueue-0] DEBUG n.r.client.plugins.PluginManager - Plugin ChatChannelPlugin is now running
2026-04-17 12:23:56 UTC [AWT-EventQueue-0] DEBUG n.runelite.client.eventbus.EventBus - Registering class net.runelite.client.events.ConfigChanged - EventBus.Subscriber(object=net.runelite.client.plugins.chatchannel.ChatChannelPlugin@770beef5, method=public void net.runelite.client.plugins.chatchannel.ChatChannelPlugin.onConfigChanged(net.runelite.client.events.ConfigChanged), priority=0.0, lambda=net.runelite.client.plugins.chatchannel.ChatChannelPlugin$$Lambda$800/0x0000000800801040@ae4d338)
2026-04-17 12:23:56 UTC [AWT-EventQueue-0] DEBUG n.runelite.client.eventbus.EventBus - Registering class net.runelite.api.events.GameStateChanged - EventBus.Subscriber(object=net.runelite.client.plugins.chatchannel.ChatChannelPlugin@770beef5, method=public void net.runelite.client.plugins.chatchannel.ChatChannelPlugin.onGameStateChanged(net.runelite.api.events.GameStateChanged), priority=0.0, lambda=net.runelite.client.plugins.chatchannel.ChatChannelPlugin$$Lambda$801/0x0000000800801440@2ec79c3b)
2026-04-17 12:23:56 UTC [AWT-EventQueue-0] DEBUG n.runelite.client.eventbus.EventBus - Registering class net.runelite.api.events.FriendsChatMemberJoined - EventBus.Subscriber(object=net.runelite.client.plugins.chatchannel.ChatChannelPlugin@770beef5, method=public void net.runelite.client.plugins.chatchannel.ChatChannelPlugin.onFriendsChatMemberJoined(net.runelite.api.events.FriendsChatMemberJoined), priority=0.0, lambda=net.runelite.client.plugins.chatchannel.ChatChannelPlugin$$Lambda$802/0x0000000800801840@5117237f)
2026-04-17 12:23:56 UTC [AWT-EventQueue-0] DEBUG n.runelite.client.eventbus.EventBus - Registering class net.runelite.api.events.FriendsChatMemberLeft - EventBus.Subscriber(object=net.runelite.client.plugins.chatchannel.ChatChannelPlugin@770beef5, method=public void net.runelite.client.plugins.chatchannel.ChatChannelPlugin.onFriendsChatMemberLeft(net.runelite.api.events.FriendsChatMemberLeft), priority=0.0, lambda=net.runelite.client.plugins.chatchannel.ChatChannelPlugin$$Lambda$803/0x0000000800801c40@68b133c8)
2026-04-17 12:23:56 UTC [AWT-EventQueue-0] DEBUG n.runelite.client.eventbus.EventBus - Registering class net.runelite.api.events.ClanMemberJoined - EventBus.Subscriber(object=net.runelite.client.plugins.chatchannel.ChatChannelPlugin@770beef5, method=public void net.runelite.client.plugins.chatchannel.ChatChannelPlugin.onClanMemberJoined(net.runelite.api.events.ClanMemberJoined), priority=0.0, lambda=net.runelite.client.plugins.chatchannel.ChatChannelPlugin$$Lambda$804/0x0000000800802040@4fcb9e41)
2026-04-17 12:23:56 UTC [AWT-EventQueue-0] DEBUG n.runelite.client.eventbus.EventBus - Registering class net.runelite.api.events.ClanMemberLeft - EventBus.Subscriber(object=net.runelite.client.plugins.chatchannel.ChatChannelPlugin@770beef5, method=public void net.runelite.client.plugins.chatchannel.ChatChannelPlugin.onClanMemberLeft(net.runelite.api.events.ClanMemberLeft), priority=0.0, lambda=net.runelite.client.plugins.chatchannel.ChatChannelPlugin$$Lambda$805/0x0000000800802440@7e27dc7f)
2026-04-17 12:23:56 UTC [AWT-EventQueue-0] DEBUG n.runelite.client.eventbus.EventBus - Registering class net.runelite.api.events.VarClientStrChanged - EventBus.Subscriber(object=net.runelite.client.plugins.chatchannel.ChatChannelPlugin@770beef5, method=public void net.runelite.client.plugins.chatchannel.ChatChannelPlugin.onVarClientStrChanged(net.runelite.api.events.VarClientStrChanged), priority=0.0, lambda=net.runelite.client.plugins.chatchannel.ChatChannelPlugin$$Lambda$806/0x0000000800802840@3017f256)
2026-04-17 12:23:56 UTC [AWT-EventQueue-0] DEBUG n.runelite.client.eventbus.EventBus - Registering class net.runelite.api.events.FriendsChatChanged - EventBus.Subscriber(object=net.runelite.client.plugins.chatchannel.ChatChannelPlugin@770beef5, method=public void net.runelite.client.plugins.chatchannel.ChatChannelPlugin.onFriendsChatChanged(net.runelite.api.events.FriendsChatChanged), priority=0.0, lambda=net.runelite.client.plugins.chatchannel.ChatChannelPlugin$$Lambda$807/0x0000000800802c40@23b0a30b)
2026-04-17 12:23:56 UTC [AWT-EventQueue-0] DEBUG n.runelite.client.eventbus.EventBus - Registering class net.runelite.api.events.GameTick - EventBus.Subscriber(object=net.runelite.client.plugins.chatchannel.ChatChannelPlugin@770beef5, method=public void net.runelite.client.plugins.chatchannel.ChatChannelPlugin.onGameTick(net.runelite.api.events.GameTick), priority=0.0, lambda=net.runelite.client.plugins.chatchannel.ChatChannelPlugin$$Lambda$808/0x0000000800803040@6581e6b7)
2026-04-17 12:23:56 UTC [AWT-EventQueue-0] DEBUG n.runelite.client.eventbus.EventBus - Registering class net.runelite.api.events.ScriptPostFired - EventBus.Subscriber(object=net.runelite.client.plugins.chatchannel.ChatChannelPlugin@770beef5, method=public void net.runelite.client.plugins.chatchannel.ChatChannelPlugin.onScriptPostFired(net.runelite.api.events.ScriptPostFired), priority=0.0, lambda=net.runelite.client.plugins.chatchannel.ChatChannelPlugin$$Lambda$809/0x0000000800803440@2031f3f)
2026-04-17 12:23:56 UTC [AWT-EventQueue-0] DEBUG n.runelite.client.eventbus.EventBus - Registering class net.runelite.api.events.ScriptCallbackEvent - EventBus.Subscriber(object=net.runelite.client.plugins.chatchannel.ChatChannelPlugin@770beef5, method=public void net.runelite.client.plugins.chatchannel.ChatChannelPlugin.onScriptCallbackEvent(net.runelite.api.events.ScriptCallbackEvent), priority=0.0, lambda=net.runelite.client.plugins.chatchannel.ChatChannelPlugin$$Lambda$810/0x0000000800803840@5b82a3e3)
2026-04-17 12:23:56 UTC [AWT-EventQueue-0] DEBUG n.r.client.plugins.PluginManager - Plugin ImplingsPlugin is now running
2026-04-17 12:23:56 UTC [AWT-EventQueue-0] DEBUG n.runelite.client.eventbus.EventBus - Registering class net.runelite.client.events.ConfigChanged - EventBus.Subscriber(object=net.runelite.client.plugins.implings.ImplingsPlugin@244418a, method=private void net.runelite.client.plugins.implings.ImplingsPlugin.onConfigChanged(net.runelite.client.events.ConfigChanged), priority=0.0, lambda=net.runelite.client.plugins.implings.ImplingsPlugin$$Lambda$811/0x0000000800803c40@6a319c45)
2026-04-17 12:23:56 UTC [AWT-EventQueue-0] DEBUG n.runelite.client.eventbus.EventBus - Registering class net.runelite.api.events.NpcChanged - EventBus.Subscriber(object=net.runelite.client.plugins.implings.ImplingsPlugin@244418a, method=public void net.runelite.client.plugins.implings.ImplingsPlugin.onNpcChanged(net.runelite.api.events.NpcChanged), priority=0.0, lambda=net.runelite.client.plugins.implings.ImplingsPlugin$$Lambda$812/0x0000000800804040@7f647db3)
2026-04-17 12:23:56 UTC [AWT-EventQueue-0] DEBUG n.runelite.client.eventbus.EventBus - Registering class net.runelite.api.events.NpcSpawned - EventBus.Subscriber(object=net.runelite.client.plugins.implings.ImplingsPlugin@244418a, method=public void net.runelite.client.plugins.implings.ImplingsPlugin.onNpcSpawned(net.runelite.api.events.NpcSpawned), priority=0.0, lambda=net.runelite.client.plugins.implings.ImplingsPlugin$$Lambda$813/0x0000000800804440@2ae3e85d)
2026-04-17 12:23:56 UTC [AWT-EventQueue-0] DEBUG n.r.c.u.o.infobox.InfoBoxManager - Adding InfoBox net.runelite.client.plugins.boosts.StatChangeIndicator@5500edc6
2026-04-17 12:23:56 UTC [AWT-EventQueue-0] DEBUG n.runelite.client.eventbus.EventBus - Registering class net.runelite.api.events.MenuOptionClicked - EventBus.Subscriber(object=net.runelite.client.ui.overlay.infobox.InfoBoxOverlay@41308aa2, method=public void net.runelite.client.ui.overlay.infobox.InfoBoxOverlay.onMenuOptionClicked(net.runelite.api.events.MenuOptionClicked), priority=0.0, lambda=net.runelite.client.ui.overlay.infobox.InfoBoxOverlay$$Lambda$815/0x0000000800807c40@138c219f)
2026-04-17 12:23:56 UTC [AWT-EventQueue-0] DEBUG n.r.c.u.o.infobox.InfoBoxManager - Adding InfoBox net.runelite.client.plugins.boosts.StatChangeIndicator@7ce47096
2026-04-17 12:23:56 UTC [AWT-EventQueue-0] DEBUG n.r.client.game.SkillIconManager - Loading skill icon from /skill_icons/attack.png
2026-04-17 12:23:56 UTC [AWT-EventQueue-0] DEBUG n.r.c.u.o.infobox.InfoBoxManager - Adding InfoBox net.runelite.client.plugins.boosts.BoostIndicator@7291462f
2026-04-17 12:23:56 UTC [AWT-EventQueue-0] DEBUG n.r.client.game.SkillIconManager - Loading skill icon from /skill_icons/defence.png
2026-04-17 12:23:56 UTC [AWT-EventQueue-0] DEBUG n.r.c.u.o.infobox.InfoBoxManager - Adding InfoBox net.runelite.client.plugins.boosts.BoostIndicator@54c24559
2026-04-17 12:23:56 UTC [AWT-EventQueue-0] DEBUG n.r.client.game.SkillIconManager - Loading skill icon from /skill_icons/strength.png
2026-04-17 12:23:56 UTC [AWT-EventQueue-0] DEBUG n.r.c.u.o.infobox.InfoBoxManager - Adding InfoBox net.runelite.client.plugins.boosts.BoostIndicator@778f5fa6
2026-04-17 12:23:56 UTC [AWT-EventQueue-0] DEBUG n.r.client.game.SkillIconManager - Loading skill icon from /skill_icons/hitpoints.png
2026-04-17 12:23:56 UTC [AWT-EventQueue-0] DEBUG n.r.c.u.o.infobox.InfoBoxManager - Adding InfoBox net.runelite.client.plugins.boosts.BoostIndicator@68ea0d48
2026-04-17 12:23:56 UTC [AWT-EventQueue-0] DEBUG n.r.client.game.SkillIconManager - Loading skill icon from /skill_icons/ranged.png
2026-04-17 12:23:56 UTC [AWT-EventQueue-0] DEBUG n.r.c.u.o.infobox.InfoBoxManager - Adding InfoBox net.runelite.client.plugins.boosts.BoostIndicator@31a3a59
2026-04-17 12:23:56 UTC [AWT-EventQueue-0] DEBUG n.r.client.game.SkillIconManager - Loading skill icon from /skill_icons/prayer.png
2026-04-17 12:23:56 UTC [AWT-EventQueue-0] DEBUG n.r.c.u.o.infobox.InfoBoxManager - Adding InfoBox net.runelite.client.plugins.boosts.BoostIndicator@6ce55db6
2026-04-17 12:23:56 UTC [AWT-EventQueue-0] DEBUG n.r.client.game.SkillIconManager - Loading skill icon from /skill_icons/magic.png
2026-04-17 12:23:56 UTC [AWT-EventQueue-0] DEBUG n.r.c.u.o.infobox.InfoBoxManager - Adding InfoBox net.runelite.client.plugins.boosts.BoostIndicator@5947ef9f
2026-04-17 12:23:56 UTC [AWT-EventQueue-0] DEBUG n.r.client.game.SkillIconManager - Loading skill icon from /skill_icons/cooking.png
2026-04-17 12:23:56 UTC [AWT-EventQueue-0] DEBUG n.r.c.u.o.infobox.InfoBoxManager - Adding InfoBox net.runelite.client.plugins.boosts.BoostIndicator@1039a1de
2026-04-17 12:23:56 UTC [AWT-EventQueue-0] DEBUG n.r.client.game.SkillIconManager - Loading skill icon from /skill_icons/woodcutting.png
2026-04-17 12:23:56 UTC [AWT-EventQueue-0] DEBUG n.r.c.u.o.infobox.InfoBoxManager - Adding InfoBox net.runelite.client.plugins.boosts.BoostIndicator@2e8e405
2026-04-17 12:23:56 UTC [AWT-EventQueue-0] DEBUG n.r.client.game.SkillIconManager - Loading skill icon from /skill_icons/fletching.png
2026-04-17 12:23:56 UTC [AWT-EventQueue-0] DEBUG n.r.c.u.o.infobox.InfoBoxManager - Adding InfoBox net.runelite.client.plugins.boosts.BoostIndicator@73f5400c
2026-04-17 12:23:56 UTC [AWT-EventQueue-0] DEBUG n.r.client.game.SkillIconManager - Loading skill icon from /skill_icons/fishing.png
2026-04-17 12:23:56 UTC [AWT-EventQueue-0] DEBUG n.r.c.u.o.infobox.InfoBoxManager - Adding InfoBox net.runelite.client.plugins.boosts.BoostIndicator@73b9ad4b
2026-04-17 12:23:56 UTC [AWT-EventQueue-0] DEBUG n.r.client.game.SkillIconManager - Loading skill icon from /skill_icons/firemaking.png
2026-04-17 12:23:56 UTC [AWT-EventQueue-0] DEBUG n.r.c.u.o.infobox.InfoBoxManager - Adding InfoBox net.runelite.client.plugins.boosts.BoostIndicator@cfe22bf
2026-04-17 12:23:56 UTC [AWT-EventQueue-0] DEBUG n.r.client.game.SkillIconManager - Loading skill icon from /skill_icons/crafting.png
2026-04-17 12:23:56 UTC [AWT-EventQueue-0] DEBUG n.r.c.u.o.infobox.InfoBoxManager - Adding InfoBox net.runelite.client.plugins.boosts.BoostIndicator@9d8c0f9
2026-04-17 12:23:56 UTC [AWT-EventQueue-0] DEBUG n.r.client.game.SkillIconManager - Loading skill icon from /skill_icons/smithing.png
2026-04-17 12:23:56 UTC [AWT-EventQueue-0] DEBUG n.r.c.u.o.infobox.InfoBoxManager - Adding InfoBox net.runelite.client.plugins.boosts.BoostIndicator@111bb6ec
2026-04-17 12:23:56 UTC [AWT-EventQueue-0] DEBUG n.r.c.u.o.infobox.InfoBoxManager - Adding InfoBox net.runelite.client.plugins.boosts.BoostIndicator@2a4c4f94
2026-04-17 12:23:56 UTC [AWT-EventQueue-0] DEBUG n.r.client.game.SkillIconManager - Loading skill icon from /skill_icons/herblore.png
2026-04-17 12:23:56 UTC [AWT-EventQueue-0] DEBUG n.r.c.u.o.infobox.InfoBoxManager - Adding InfoBox net.runelite.client.plugins.boosts.BoostIndicator@69ed6cc
2026-04-17 12:23:56 UTC [AWT-EventQueue-0] DEBUG n.r.client.game.SkillIconManager - Loading skill icon from /skill_icons/agility.png
2026-04-17 12:23:56 UTC [AWT-EventQueue-0] DEBUG n.r.c.u.o.infobox.InfoBoxManager - Adding InfoBox net.runelite.client.plugins.boosts.BoostIndicator@4bffba9c
2026-04-17 12:23:56 UTC [AWT-EventQueue-0] DEBUG n.r.client.game.SkillIconManager - Loading skill icon from /skill_icons/thieving.png
2026-04-17 12:23:56 UTC [AWT-EventQueue-0] DEBUG n.r.c.u.o.infobox.InfoBoxManager - Adding InfoBox net.runelite.client.plugins.boosts.BoostIndicator@73671c9c
2026-04-17 12:23:56 UTC [AWT-EventQueue-0] DEBUG n.r.client.game.SkillIconManager - Loading skill icon from /skill_icons/slayer.png
2026-04-17 12:23:56 UTC [AWT-EventQueue-0] DEBUG n.r.c.u.o.infobox.InfoBoxManager - Adding InfoBox net.runelite.client.plugins.boosts.BoostIndicator@429ebf27
2026-04-17 12:23:56 UTC [AWT-EventQueue-0] DEBUG n.r.client.game.SkillIconManager - Loading skill icon from /skill_icons/farming.png
2026-04-17 12:23:56 UTC [AWT-EventQueue-0] DEBUG n.r.c.u.o.infobox.InfoBoxManager - Adding InfoBox net.runelite.client.plugins.boosts.BoostIndicator@5ef30ab
2026-04-17 12:23:56 UTC [AWT-EventQueue-0] DEBUG n.r.client.game.SkillIconManager - Loading skill icon from /skill_icons/runecraft.png
2026-04-17 12:23:56 UTC [AWT-EventQueue-0] DEBUG n.r.c.u.o.infobox.InfoBoxManager - Adding InfoBox net.runelite.client.plugins.boosts.BoostIndicator@2d7bf163
2026-04-17 12:23:56 UTC [AWT-EventQueue-0] DEBUG n.r.client.game.SkillIconManager - Loading skill icon from /skill_icons/hunter.png
2026-04-17 12:23:56 UTC [AWT-EventQueue-0] DEBUG n.r.c.u.o.infobox.InfoBoxManager - Adding InfoBox net.runelite.client.plugins.boosts.BoostIndicator@22051b4
2026-04-17 12:23:56 UTC [AWT-EventQueue-0] DEBUG n.r.client.game.SkillIconManager - Loading skill icon from /skill_icons/construction.png
2026-04-17 12:23:56 UTC [AWT-EventQueue-0] DEBUG n.r.c.u.o.infobox.InfoBoxManager - Adding InfoBox net.runelite.client.plugins.boosts.BoostIndicator@701c6f91
2026-04-17 12:23:56 UTC [AWT-EventQueue-0] DEBUG n.r.client.game.SkillIconManager - Loading skill icon from /skill_icons/sailing.png
2026-04-17 12:23:56 UTC [AWT-EventQueue-0] DEBUG n.r.c.u.o.infobox.InfoBoxManager - Adding InfoBox net.runelite.client.plugins.boosts.BoostIndicator@22095b85
2026-04-17 12:23:56 UTC [AWT-EventQueue-0] DEBUG n.r.client.plugins.PluginManager - Plugin BoostsPlugin is now running
2026-04-17 12:23:56 UTC [AWT-EventQueue-0] DEBUG n.runelite.client.eventbus.EventBus - Registering class net.runelite.client.events.ConfigChanged - EventBus.Subscriber(object=net.runelite.client.plugins.boosts.BoostsPlugin@38f77cd9, method=public void net.runelite.client.plugins.boosts.BoostsPlugin.onConfigChanged(net.runelite.client.events.ConfigChanged), priority=0.0, lambda=net.runelite.client.plugins.boosts.BoostsPlugin$$Lambda$817/0x0000000800807440@10a4621)
2026-04-17 12:23:56 UTC [AWT-EventQueue-0] DEBUG n.runelite.client.eventbus.EventBus - Registering class net.runelite.api.events.GameStateChanged - EventBus.Subscriber(object=net.runelite.client.plugins.boosts.BoostsPlugin@38f77cd9, method=public void net.runelite.client.plugins.boosts.BoostsPlugin.onGameStateChanged(net.runelite.api.events.GameStateChanged), priority=0.0, lambda=net.runelite.client.plugins.boosts.BoostsPlugin$$Lambda$818/0x0000000800806840@e7ceac8)
2026-04-17 12:23:56 UTC [AWT-EventQueue-0] DEBUG n.runelite.client.eventbus.EventBus - Registering class net.runelite.api.events.StatChanged - EventBus.Subscriber(object=net.runelite.client.plugins.boosts.BoostsPlugin@38f77cd9, method=public void net.runelite.client.plugins.boosts.BoostsPlugin.onStatChanged(net.runelite.api.events.StatChanged), priority=0.0, lambda=net.runelite.client.plugins.boosts.BoostsPlugin$$Lambda$819/0x0000000800806c40@42e2b66c)
2026-04-17 12:23:56 UTC [AWT-EventQueue-0] DEBUG n.runelite.client.eventbus.EventBus - Registering class net.runelite.api.events.GameTick - EventBus.Subscriber(object=net.runelite.client.plugins.boosts.BoostsPlugin@38f77cd9, method=public void net.runelite.client.plugins.boosts.BoostsPlugin.onGameTick(net.runelite.api.events.GameTick), priority=0.0, lambda=net.runelite.client.plugins.boosts.BoostsPlugin$$Lambda$820/0x0000000800806040@478b8d8d)
2026-04-17 12:23:56 UTC [AWT-EventQueue-0] DEBUG n.r.client.plugins.PluginManager - Plugin DailyTasksPlugin is now running
2026-04-17 12:23:56 UTC [AWT-EventQueue-0] DEBUG n.runelite.client.eventbus.EventBus - Registering class net.runelite.api.events.GameStateChanged - EventBus.Subscriber(object=net.runelite.client.plugins.dailytaskindicators.DailyTasksPlugin@56b859a6, method=public void net.runelite.client.plugins.dailytaskindicators.DailyTasksPlugin.onGameStateChanged(net.runelite.api.events.GameStateChanged), priority=0.0, lambda=net.runelite.client.plugins.dailytaskindicators.DailyTasksPlugin$$Lambda$821/0x0000000800806440@392eebdb)
2026-04-17 12:23:56 UTC [AWT-EventQueue-0] DEBUG n.runelite.client.eventbus.EventBus - Registering class net.runelite.api.events.GameTick - EventBus.Subscriber(object=net.runelite.client.plugins.dailytaskindicators.DailyTasksPlugin@56b859a6, method=public void net.runelite.client.plugins.dailytaskindicators.DailyTasksPlugin.onGameTick(net.runelite.api.events.GameTick), priority=0.0, lambda=net.runelite.client.plugins.dailytaskindicators.DailyTasksPlugin$$Lambda$822/0x0000000800805840@5cdba27c)
2026-04-17 12:23:56 UTC [AWT-EventQueue-0] DEBUG net.runelite.client.input.KeyManager - Registering key listener: net.runelite.client.plugins.grounditems.GroundItemHotkeyListener@410a45eb
2026-04-17 12:23:56 UTC [AWT-EventQueue-0] DEBUG n.r.client.plugins.PluginManager - Plugin GroundItemsPlugin is now running
2026-04-17 12:23:56 UTC [AWT-EventQueue-0] DEBUG n.runelite.client.eventbus.EventBus - Registering class net.runelite.client.events.ConfigChanged - EventBus.Subscriber(object=net.runelite.client.plugins.grounditems.GroundItemsPlugin@2513a118, method=public void net.runelite.client.plugins.grounditems.GroundItemsPlugin.onConfigChanged(net.runelite.client.events.ConfigChanged), priority=0.0, lambda=net.runelite.client.plugins.grounditems.GroundItemsPlugin$$Lambda$824/0x0000000800805040@3beefa76)
2026-04-17 12:23:56 UTC [AWT-EventQueue-0] DEBUG n.runelite.client.eventbus.EventBus - Registering class net.runelite.api.events.ItemSpawned - EventBus.Subscriber(object=net.runelite.client.plugins.grounditems.GroundItemsPlugin@2513a118, method=public void net.runelite.client.plugins.grounditems.GroundItemsPlugin.onItemSpawned(net.runelite.api.events.ItemSpawned), priority=0.0, lambda=net.runelite.client.plugins.grounditems.GroundItemsPlugin$$Lambda$825/0x0000000800805440@7329bda)
2026-04-17 12:23:56 UTC [AWT-EventQueue-0] DEBUG n.runelite.client.eventbus.EventBus - Registering class net.runelite.api.events.ItemDespawned - EventBus.Subscriber(object=net.runelite.client.plugins.grounditems.GroundItemsPlugin@2513a118, method=public void net.runelite.client.plugins.grounditems.GroundItemsPlugin.onItemDespawned(net.runelite.api.events.ItemDespawned), priority=0.0, lambda=net.runelite.client.plugins.grounditems.GroundItemsPlugin$$Lambda$826/0x0000000800804840@4add64ce)
2026-04-17 12:23:56 UTC [AWT-EventQueue-0] DEBUG n.runelite.client.eventbus.EventBus - Registering class net.runelite.client.events.ProfileChanged - EventBus.Subscriber(object=net.runelite.client.plugins.grounditems.GroundItemsPlugin@2513a118, method=public void net.runelite.client.plugins.grounditems.GroundItemsPlugin.onProfileChanged(net.runelite.client.events.ProfileChanged), priority=0.0, lambda=net.runelite.client.plugins.grounditems.GroundItemsPlugin$$Lambda$829/0x0000000800810440@373b044c)
2026-04-17 12:23:56 UTC [AWT-EventQueue-0] DEBUG n.runelite.client.eventbus.EventBus - Registering class net.runelite.api.events.MenuEntryAdded - EventBus.Subscriber(object=net.runelite.client.plugins.grounditems.GroundItemsPlugin@2513a118, method=public void net.runelite.client.plugins.grounditems.GroundItemsPlugin.onMenuEntryAdded(net.runelite.api.events.MenuEntryAdded), priority=0.0, lambda=net.runelite.client.plugins.grounditems.GroundItemsPlugin$$Lambda$830/0x0000000800810840@70b27940)
2026-04-17 12:23:56 UTC [AWT-EventQueue-0] DEBUG n.runelite.client.eventbus.EventBus - Registering class net.runelite.api.events.FocusChanged - EventBus.Subscriber(object=net.runelite.client.plugins.grounditems.GroundItemsPlugin@2513a118, method=public void net.runelite.client.plugins.grounditems.GroundItemsPlugin.onFocusChanged(net.runelite.api.events.FocusChanged), priority=0.0, lambda=net.runelite.client.plugins.grounditems.GroundItemsPlugin$$Lambda$831/0x0000000800810c40@1ebb759d)
2026-04-17 12:23:56 UTC [AWT-EventQueue-0] DEBUG n.runelite.client.eventbus.EventBus - Registering class net.runelite.api.events.ClientTick - EventBus.Subscriber(object=net.runelite.client.plugins.grounditems.GroundItemsPlugin@2513a118, method=public void net.runelite.client.plugins.grounditems.GroundItemsPlugin.onClientTick(net.runelite.api.events.ClientTick), priority=0.0, lambda=net.runelite.client.plugins.grounditems.GroundItemsPlugin$$Lambda$832/0x0000000800811040@68385f94)
2026-04-17 12:23:56 UTC [AWT-EventQueue-0] DEBUG n.runelite.client.eventbus.EventBus - Registering class net.runelite.api.events.WorldViewUnloaded - EventBus.Subscriber(object=net.runelite.client.plugins.grounditems.GroundItemsPlugin@2513a118, method=public void net.runelite.client.plugins.grounditems.GroundItemsPlugin.onWorldViewUnloaded(net.runelite.api.events.WorldViewUnloaded), priority=0.0, lambda=net.runelite.client.plugins.grounditems.GroundItemsPlugin$$Lambda$833/0x0000000800811440@348ac9d2)
2026-04-17 12:23:56 UTC [AWT-EventQueue-0] DEBUG n.runelite.client.eventbus.EventBus - Registering class net.runelite.api.events.ItemQuantityChanged - EventBus.Subscriber(object=net.runelite.client.plugins.grounditems.GroundItemsPlugin@2513a118, method=public void net.runelite.client.plugins.grounditems.GroundItemsPlugin.onItemQuantityChanged(net.runelite.api.events.ItemQuantityChanged), priority=0.0, lambda=net.runelite.client.plugins.grounditems.GroundItemsPlugin$$Lambda$834/0x0000000800811840@fa8ba4e)
2026-04-17 12:23:56 UTC [AWT-EventQueue-0] DEBUG n.r.client.plugins.PluginManager - Plugin SpellbookPlugin is now running
2026-04-17 12:23:56 UTC [AWT-EventQueue-0] DEBUG n.runelite.client.eventbus.EventBus - Registering class net.runelite.api.events.ScriptPreFired - EventBus.Subscriber(object=net.runelite.client.plugins.spellbook.SpellbookPlugin@45e9b12d, method=public void net.runelite.client.plugins.spellbook.SpellbookPlugin.onScriptPreFired(net.runelite.api.events.ScriptPreFired), priority=0.0, lambda=net.runelite.client.plugins.spellbook.SpellbookPlugin$$Lambda$840/0x0000000800813040@8e64869)
2026-04-17 12:23:56 UTC [AWT-EventQueue-0] DEBUG n.runelite.client.eventbus.EventBus - Registering class net.runelite.api.events.WidgetDrag - EventBus.Subscriber(object=net.runelite.client.plugins.spellbook.SpellbookPlugin@45e9b12d, method=public void net.runelite.client.plugins.spellbook.SpellbookPlugin.onWidgetDrag(net.runelite.api.events.WidgetDrag), priority=0.0, lambda=net.runelite.client.plugins.spellbook.SpellbookPlugin$$Lambda$841/0x0000000800813440@5250e98f)
2026-04-17 12:23:56 UTC [AWT-EventQueue-0] DEBUG n.runelite.client.eventbus.EventBus - Registering class net.runelite.client.events.ProfileChanged - EventBus.Subscriber(object=net.runelite.client.plugins.spellbook.SpellbookPlugin@45e9b12d, method=public void net.runelite.client.plugins.spellbook.SpellbookPlugin.onProfileChanged(net.runelite.client.events.ProfileChanged), priority=0.0, lambda=net.runelite.client.plugins.spellbook.SpellbookPlugin$$Lambda$842/0x0000000800813840@3c84a99f)
2026-04-17 12:23:56 UTC [AWT-EventQueue-0] DEBUG n.runelite.client.eventbus.EventBus - Registering class net.runelite.api.events.ScriptCallbackEvent - EventBus.Subscriber(object=net.runelite.client.plugins.spellbook.SpellbookPlugin@45e9b12d, method=public void net.runelite.client.plugins.spellbook.SpellbookPlugin.onScriptCallbackEvent(net.runelite.api.events.ScriptCallbackEvent), priority=0.0, lambda=net.runelite.client.plugins.spellbook.SpellbookPlugin$$Lambda$843/0x0000000800813c40@4f04509)
2026-04-17 12:23:56 UTC [AWT-EventQueue-0] DEBUG n.r.client.plugins.PluginManager - Plugin GroundMarkerPlugin is now running
2026-04-17 12:23:56 UTC [AWT-EventQueue-0] DEBUG n.runelite.client.eventbus.EventBus - Registering class net.runelite.client.events.ConfigChanged - EventBus.Subscriber(object=net.runelite.client.plugins.groundmarkers.GroundMarkerPlugin@4fdca00a, method=public void net.runelite.client.plugins.groundmarkers.GroundMarkerPlugin.onConfigChanged(net.runelite.client.events.ConfigChanged), priority=0.0, lambda=net.runelite.client.plugins.groundmarkers.GroundMarkerPlugin$$Lambda$847/0x0000000800814c40@663db8ca)
2026-04-17 12:23:56 UTC [AWT-EventQueue-0] DEBUG n.runelite.client.eventbus.EventBus - Registering class net.runelite.client.events.ProfileChanged - EventBus.Subscriber(object=net.runelite.client.plugins.groundmarkers.GroundMarkerPlugin@4fdca00a, method=public void net.runelite.client.plugins.groundmarkers.GroundMarkerPlugin.onProfileChanged(net.runelite.client.events.ProfileChanged), priority=0.0, lambda=net.runelite.client.plugins.groundmarkers.GroundMarkerPlugin$$Lambda$848/0x0000000800815040@268b96f4)
2026-04-17 12:23:56 UTC [AWT-EventQueue-0] DEBUG n.runelite.client.eventbus.EventBus - Registering class net.runelite.api.events.MenuEntryAdded - EventBus.Subscriber(object=net.runelite.client.plugins.groundmarkers.GroundMarkerPlugin@4fdca00a, method=public void net.runelite.client.plugins.groundmarkers.GroundMarkerPlugin.onMenuEntryAdded(net.runelite.api.events.MenuEntryAdded), priority=0.0, lambda=net.runelite.client.plugins.groundmarkers.GroundMarkerPlugin$$Lambda$849/0x0000000800815440@7d365159)
2026-04-17 12:23:56 UTC [AWT-EventQueue-0] DEBUG n.runelite.client.eventbus.EventBus - Registering class net.runelite.api.events.WorldViewUnloaded - EventBus.Subscriber(object=net.runelite.client.plugins.groundmarkers.GroundMarkerPlugin@4fdca00a, method=public void net.runelite.client.plugins.groundmarkers.GroundMarkerPlugin.onWorldViewUnloaded(net.runelite.api.events.WorldViewUnloaded), priority=0.0, lambda=net.runelite.client.plugins.groundmarkers.GroundMarkerPlugin$$Lambda$850/0x0000000800815840@18bb54d)
2026-04-17 12:23:56 UTC [AWT-EventQueue-0] DEBUG n.runelite.client.eventbus.EventBus - Registering class net.runelite.api.events.WorldViewLoaded - EventBus.Subscriber(object=net.runelite.client.plugins.groundmarkers.GroundMarkerPlugin@4fdca00a, method=public void net.runelite.client.plugins.groundmarkers.GroundMarkerPlugin.onWorldViewLoaded(net.runelite.api.events.WorldViewLoaded), priority=0.0, lambda=net.runelite.client.plugins.groundmarkers.GroundMarkerPlugin$$Lambda$851/0x0000000800815c40@a1f6f66)
2026-04-17 12:23:56 UTC [AWT-EventQueue-0] DEBUG n.r.client.plugins.PluginManager - Plugin MouseHighlightPlugin is now running
2026-04-17 12:23:56 UTC [AWT-EventQueue-0] DEBUG net.runelite.client.input.KeyManager - Registering key listener: net.runelite.client.plugins.grandexchange.GrandExchangeInputListener@65800aa6
2026-04-17 12:23:56 UTC [AWT-EventQueue-0] DEBUG n.r.client.plugins.PluginManager - Plugin GrandExchangePlugin is now running
2026-04-17 12:23:56 UTC [AWT-EventQueue-0] DEBUG n.runelite.client.eventbus.EventBus - Registering class net.runelite.client.events.ConfigChanged - EventBus.Subscriber(object=net.runelite.client.plugins.grandexchange.GrandExchangePlugin@3ce443f9, method=public void net.runelite.client.plugins.grandexchange.GrandExchangePlugin.onConfigChanged(net.runelite.client.events.ConfigChanged), priority=0.0, lambda=net.runelite.client.plugins.grandexchange.GrandExchangePlugin$$Lambda$854/0x0000000800816840@75bdcd66)
2026-04-17 12:23:56 UTC [AWT-EventQueue-0] DEBUG n.runelite.client.eventbus.EventBus - Registering class net.runelite.api.events.GameStateChanged - EventBus.Subscriber(object=net.runelite.client.plugins.grandexchange.GrandExchangePlugin@3ce443f9, method=public void net.runelite.client.plugins.grandexchange.GrandExchangePlugin.onGameStateChanged(net.runelite.api.events.GameStateChanged), priority=0.0, lambda=net.runelite.client.plugins.grandexchange.GrandExchangePlugin$$Lambda$855/0x0000000800816c40@748d9c0d)
2026-04-17 12:23:56 UTC [AWT-EventQueue-0] DEBUG n.runelite.client.eventbus.EventBus - Registering class net.runelite.api.events.ScriptPostFired - EventBus.Subscriber(object=net.runelite.client.plugins.grandexchange.GrandExchangePlugin@3ce443f9, method=public void net.runelite.client.plugins.grandexchange.GrandExchangePlugin.onScriptPostFired(net.runelite.api.events.ScriptPostFired), priority=0.0, lambda=net.runelite.client.plugins.grandexchange.GrandExchangePlugin$$Lambda$856/0x0000000800817040@225b214b)
2026-04-17 12:23:56 UTC [AWT-EventQueue-0] DEBUG n.runelite.client.eventbus.EventBus - Registering class net.runelite.api.events.ChatMessage - EventBus.Subscriber(object=net.runelite.client.plugins.grandexchange.GrandExchangePlugin@3ce443f9, method=public void net.runelite.client.plugins.grandexchange.GrandExchangePlugin.onChatMessage(net.runelite.api.events.ChatMessage), priority=0.0, lambda=net.runelite.client.plugins.grandexchange.GrandExchangePlugin$$Lambda$857/0x0000000800817440@40e4569c)
2026-04-17 12:23:56 UTC [AWT-EventQueue-0] DEBUG n.runelite.client.eventbus.EventBus - Registering class net.runelite.api.events.GrandExchangeSearched - EventBus.Subscriber(object=net.runelite.client.plugins.grandexchange.GrandExchangePlugin@3ce443f9, method=public void net.runelite.client.plugins.grandexchange.GrandExchangePlugin.onGrandExchangeSearched(net.runelite.api.events.GrandExchangeSearched), priority=-100.0, lambda=net.runelite.client.plugins.grandexchange.GrandExchangePlugin$$Lambda$858/0x0000000800817840@32be0b6f)
2026-04-17 12:23:56 UTC [AWT-EventQueue-0] DEBUG n.runelite.client.eventbus.EventBus - Registering class net.runelite.api.events.ScriptCallbackEvent - EventBus.Subscriber(object=net.runelite.client.plugins.grandexchange.GrandExchangePlugin@3ce443f9, method=public void net.runelite.client.plugins.grandexchange.GrandExchangePlugin.onScriptCallbackEvent(net.runelite.api.events.ScriptCallbackEvent), priority=0.0, lambda=net.runelite.client.plugins.grandexchange.GrandExchangePlugin$$Lambda$859/0x0000000800817c40@668b912)
2026-04-17 12:23:56 UTC [AWT-EventQueue-0] DEBUG n.runelite.client.eventbus.EventBus - Registering class net.runelite.api.events.MenuEntryAdded - EventBus.Subscriber(object=net.runelite.client.plugins.grandexchange.GrandExchangePlugin@3ce443f9, method=public void net.runelite.client.plugins.grandexchange.GrandExchangePlugin.onMenuEntryAdded(net.runelite.api.events.MenuEntryAdded), priority=0.0, lambda=net.runelite.client.plugins.grandexchange.GrandExchangePlugin$$Lambda$860/0x0000000800818040@2c60a736)
2026-04-17 12:23:56 UTC [AWT-EventQueue-0] DEBUG n.runelite.client.eventbus.EventBus - Registering class net.runelite.client.events.SessionOpen - EventBus.Subscriber(object=net.runelite.client.plugins.grandexchange.GrandExchangePlugin@3ce443f9, method=public void net.runelite.client.plugins.grandexchange.GrandExchangePlugin.onSessionOpen(net.runelite.client.events.SessionOpen), priority=0.0, lambda=net.runelite.client.plugins.grandexchange.GrandExchangePlugin$$Lambda$861/0x0000000800818440@59f234bb)
2026-04-17 12:23:56 UTC [AWT-EventQueue-0] DEBUG n.runelite.client.eventbus.EventBus - Registering class net.runelite.client.events.SessionClose - EventBus.Subscriber(object=net.runelite.client.plugins.grandexchange.GrandExchangePlugin@3ce443f9, method=public void net.runelite.client.plugins.grandexchange.GrandExchangePlugin.onSessionClose(net.runelite.client.events.SessionClose), priority=0.0, lambda=net.runelite.client.plugins.grandexchange.GrandExchangePlugin$$Lambda$862/0x0000000800818840@27757cba)
2026-04-17 12:23:56 UTC [AWT-EventQueue-0] DEBUG n.runelite.client.eventbus.EventBus - Registering class net.runelite.api.events.FocusChanged - EventBus.Subscriber(object=net.runelite.client.plugins.grandexchange.GrandExchangePlugin@3ce443f9, method=public void net.runelite.client.plugins.grandexchange.GrandExchangePlugin.onFocusChanged(net.runelite.api.events.FocusChanged), priority=0.0, lambda=net.runelite.client.plugins.grandexchange.GrandExchangePlugin$$Lambda$863/0x0000000800818c40@781a1c7f)
2026-04-17 12:23:56 UTC [AWT-EventQueue-0] DEBUG n.runelite.client.eventbus.EventBus - Registering class net.runelite.api.events.GrandExchangeOfferChanged - EventBus.Subscriber(object=net.runelite.client.plugins.grandexchange.GrandExchangePlugin@3ce443f9, method=public void net.runelite.client.plugins.grandexchange.GrandExchangePlugin.onGrandExchangeOfferChanged(net.runelite.api.events.GrandExchangeOfferChanged), priority=0.0, lambda=net.runelite.client.plugins.grandexchange.GrandExchangePlugin$$Lambda$864/0x0000000800819040@53be502e)
2026-04-17 12:23:56 UTC [AWT-EventQueue-0] DEBUG n.r.client.plugins.PluginManager - Plugin BarbarianAssaultPlugin is now running
2026-04-17 12:23:56 UTC [AWT-EventQueue-0] DEBUG n.runelite.client.eventbus.EventBus - Registering class net.runelite.api.events.WidgetLoaded - EventBus.Subscriber(object=net.runelite.client.plugins.barbarianassault.BarbarianAssaultPlugin@59c70ceb, method=public void net.runelite.client.plugins.barbarianassault.BarbarianAssaultPlugin.onWidgetLoaded(net.runelite.api.events.WidgetLoaded), priority=0.0, lambda=net.runelite.client.plugins.barbarianassault.BarbarianAssaultPlugin$$Lambda$865/0x0000000800819440@1965eec)
2026-04-17 12:23:56 UTC [AWT-EventQueue-0] DEBUG n.runelite.client.eventbus.EventBus - Registering class net.runelite.api.events.VarbitChanged - EventBus.Subscriber(object=net.runelite.client.plugins.barbarianassault.BarbarianAssaultPlugin@59c70ceb, method=public void net.runelite.client.plugins.barbarianassault.BarbarianAssaultPlugin.onVarbitChanged(net.runelite.api.events.VarbitChanged), priority=0.0, lambda=net.runelite.client.plugins.barbarianassault.BarbarianAssaultPlugin$$Lambda$866/0x0000000800819840@2b9568da)
2026-04-17 12:23:56 UTC [AWT-EventQueue-0] DEBUG n.runelite.client.eventbus.EventBus - Registering class net.runelite.api.events.ChatMessage - EventBus.Subscriber(object=net.runelite.client.plugins.barbarianassault.BarbarianAssaultPlugin@59c70ceb, method=public void net.runelite.client.plugins.barbarianassault.BarbarianAssaultPlugin.onChatMessage(net.runelite.api.events.ChatMessage), priority=0.0, lambda=net.runelite.client.plugins.barbarianassault.BarbarianAssaultPlugin$$Lambda$867/0x0000000800819c40@4a9c5d82)
2026-04-17 12:23:56 UTC [AWT-EventQueue-0] DEBUG n.r.client.plugins.PluginManager - Plugin KourendLibraryPlugin is now running
2026-04-17 12:23:56 UTC [AWT-EventQueue-0] DEBUG n.runelite.client.eventbus.EventBus - Registering class net.runelite.client.events.ConfigChanged - EventBus.Subscriber(object=net.runelite.client.plugins.kourendlibrary.KourendLibraryPlugin@5562c2c9, method=public void net.runelite.client.plugins.kourendlibrary.KourendLibraryPlugin.onConfigChanged(net.runelite.client.events.ConfigChanged), priority=0.0, lambda=net.runelite.client.plugins.kourendlibrary.KourendLibraryPlugin$$Lambda$875/0x000000080081bc40@257278e9)
2026-04-17 12:23:56 UTC [AWT-EventQueue-0] DEBUG n.runelite.client.eventbus.EventBus - Registering class net.runelite.api.events.GameStateChanged - EventBus.Subscriber(object=net.runelite.client.plugins.kourendlibrary.KourendLibraryPlugin@5562c2c9, method=public void net.runelite.client.plugins.kourendlibrary.KourendLibraryPlugin.onGameStateChanged(net.runelite.api.events.GameStateChanged), priority=0.0, lambda=net.runelite.client.plugins.kourendlibrary.KourendLibraryPlugin$$Lambda$876/0x000000080081c040@126d7f31)
2026-04-17 12:23:56 UTC [AWT-EventQueue-0] DEBUG n.runelite.client.eventbus.EventBus - Registering class net.runelite.api.events.GameTick - EventBus.Subscriber(object=net.runelite.client.plugins.kourendlibrary.KourendLibraryPlugin@5562c2c9, method=public void net.runelite.client.plugins.kourendlibrary.KourendLibraryPlugin.onGameTick(net.runelite.api.events.GameTick), priority=0.0, lambda=net.runelite.client.plugins.kourendlibrary.KourendLibraryPlugin$$Lambda$877/0x000000080081c440@37f509bf)
2026-04-17 12:23:56 UTC [AWT-EventQueue-0] DEBUG n.runelite.client.eventbus.EventBus - Registering class net.runelite.api.events.ItemContainerChanged - EventBus.Subscriber(object=net.runelite.client.plugins.kourendlibrary.KourendLibraryPlugin@5562c2c9, method=public void net.runelite.client.plugins.kourendlibrary.KourendLibraryPlugin.onItemContainerChanged(net.runelite.api.events.ItemContainerChanged), priority=0.0, lambda=net.runelite.client.plugins.kourendlibrary.KourendLibraryPlugin$$Lambda$878/0x000000080081c840@35ca402b)
2026-04-17 12:23:56 UTC [AWT-EventQueue-0] DEBUG n.runelite.client.eventbus.EventBus - Registering class net.runelite.api.events.NpcSpawned - EventBus.Subscriber(object=net.runelite.client.plugins.kourendlibrary.KourendLibraryPlugin@5562c2c9, method=public void net.runelite.client.plugins.kourendlibrary.KourendLibraryPlugin.onNpcSpawned(net.runelite.api.events.NpcSpawned), priority=0.0, lambda=net.runelite.client.plugins.kourendlibrary.KourendLibraryPlugin$$Lambda$879/0x000000080081cc40@1fcc47c5)
2026-04-17 12:23:56 UTC [AWT-EventQueue-0] DEBUG n.runelite.client.eventbus.EventBus - Registering class net.runelite.api.events.NpcDespawned - EventBus.Subscriber(object=net.runelite.client.plugins.kourendlibrary.KourendLibraryPlugin@5562c2c9, method=public void net.runelite.client.plugins.kourendlibrary.KourendLibraryPlugin.onNpcDespawned(net.runelite.api.events.NpcDespawned), priority=0.0, lambda=net.runelite.client.plugins.kourendlibrary.KourendLibraryPlugin$$Lambda$880/0x000000080081d040@de10c4d)
2026-04-17 12:23:56 UTC [AWT-EventQueue-0] DEBUG n.runelite.client.eventbus.EventBus - Registering class net.runelite.api.events.ChatMessage - EventBus.Subscriber(object=net.runelite.client.plugins.kourendlibrary.KourendLibraryPlugin@5562c2c9, method=public void net.runelite.client.plugins.kourendlibrary.KourendLibraryPlugin.onChatMessage(net.runelite.api.events.ChatMessage), priority=0.0, lambda=net.runelite.client.plugins.kourendlibrary.KourendLibraryPlugin$$Lambda$881/0x000000080081d440@28a93bc7)
2026-04-17 12:23:56 UTC [AWT-EventQueue-0] DEBUG n.runelite.client.eventbus.EventBus - Registering class net.runelite.api.events.MenuOptionClicked - EventBus.Subscriber(object=net.runelite.client.plugins.kourendlibrary.KourendLibraryPlugin@5562c2c9, method=public void net.runelite.client.plugins.kourendlibrary.KourendLibraryPlugin.onMenuOptionClicked(net.runelite.api.events.MenuOptionClicked), priority=0.0, lambda=net.runelite.client.plugins.kourendlibrary.KourendLibraryPlugin$$Lambda$882/0x000000080081d840@2977eab8)
2026-04-17 12:23:56 UTC [AWT-EventQueue-0] DEBUG n.runelite.client.eventbus.EventBus - Registering class net.runelite.api.events.AnimationChanged - EventBus.Subscriber(object=net.runelite.client.plugins.kourendlibrary.KourendLibraryPlugin@5562c2c9, method=public void net.runelite.client.plugins.kourendlibrary.KourendLibraryPlugin.onAnimationChanged(net.runelite.api.events.AnimationChanged), priority=0.0, lambda=net.runelite.client.plugins.kourendlibrary.KourendLibraryPlugin$$Lambda$883/0x000000080081dc40@28c1b645)
2026-04-17 12:23:56 UTC [AWT-EventQueue-0] DEBUG n.r.client.plugins.PluginManager - Plugin FairyRingPlugin is now running
2026-04-17 12:23:56 UTC [AWT-EventQueue-0] DEBUG n.runelite.client.eventbus.EventBus - Registering class net.runelite.api.events.WidgetLoaded - EventBus.Subscriber(object=net.runelite.client.plugins.fairyring.FairyRingPlugin@ceddaf8, method=public void net.runelite.client.plugins.fairyring.FairyRingPlugin.onWidgetLoaded(net.runelite.api.events.WidgetLoaded), priority=0.0, lambda=net.runelite.client.plugins.fairyring.FairyRingPlugin$$Lambda$884/0x000000080081e040@1a606b2a)
2026-04-17 12:23:56 UTC [AWT-EventQueue-0] DEBUG n.runelite.client.eventbus.EventBus - Registering class net.runelite.api.events.VarbitChanged - EventBus.Subscriber(object=net.runelite.client.plugins.fairyring.FairyRingPlugin@ceddaf8, method=public void net.runelite.client.plugins.fairyring.FairyRingPlugin.onVarbitChanged(net.runelite.api.events.VarbitChanged), priority=0.0, lambda=net.runelite.client.plugins.fairyring.FairyRingPlugin$$Lambda$885/0x000000080081e440@48cb8126)
2026-04-17 12:23:56 UTC [AWT-EventQueue-0] DEBUG n.runelite.client.eventbus.EventBus - Registering class net.runelite.api.events.GameTick - EventBus.Subscriber(object=net.runelite.client.plugins.fairyring.FairyRingPlugin@ceddaf8, method=public void net.runelite.client.plugins.fairyring.FairyRingPlugin.onGameTick(net.runelite.api.events.GameTick), priority=0.0, lambda=net.runelite.client.plugins.fairyring.FairyRingPlugin$$Lambda$886/0x000000080081e840@7e81a19a)
2026-04-17 12:23:56 UTC [AWT-EventQueue-0] DEBUG n.runelite.client.eventbus.EventBus - Registering class net.runelite.api.events.ScriptCallbackEvent - EventBus.Subscriber(object=net.runelite.client.plugins.fairyring.FairyRingPlugin@ceddaf8, method=private void net.runelite.client.plugins.fairyring.FairyRingPlugin.onScriptCallbackEvent(net.runelite.api.events.ScriptCallbackEvent), priority=0.0, lambda=net.runelite.client.plugins.fairyring.FairyRingPlugin$$Lambda$887/0x000000080081ec40@6c464490)
2026-04-17 12:23:56 UTC [AWT-EventQueue-0] DEBUG n.runelite.client.eventbus.EventBus - Registering class net.runelite.api.events.MenuEntryAdded - EventBus.Subscriber(object=net.runelite.client.plugins.fairyring.FairyRingPlugin@ceddaf8, method=public void net.runelite.client.plugins.fairyring.FairyRingPlugin.onMenuEntryAdded(net.runelite.api.events.MenuEntryAdded), priority=0.0, lambda=net.runelite.client.plugins.fairyring.FairyRingPlugin$$Lambda$888/0x000000080081f040@75083805)
2026-04-17 12:23:56 UTC [AWT-EventQueue-0] DEBUG n.r.client.plugins.PluginManager - Plugin ReportButtonPlugin is now running
2026-04-17 12:23:56 UTC [AWT-EventQueue-0] DEBUG n.runelite.client.eventbus.EventBus - Registering class net.runelite.client.events.ConfigChanged - EventBus.Subscriber(object=net.runelite.client.plugins.reportbutton.ReportButtonPlugin@6993c8df, method=public void net.runelite.client.plugins.reportbutton.ReportButtonPlugin.onConfigChanged(net.runelite.client.events.ConfigChanged), priority=0.0, lambda=net.runelite.client.plugins.reportbutton.ReportButtonPlugin$$Lambda$890/0x000000080081f840@5191e883)
2026-04-17 12:23:56 UTC [AWT-EventQueue-0] DEBUG n.runelite.client.eventbus.EventBus - Registering class net.runelite.api.events.GameStateChanged - EventBus.Subscriber(object=net.runelite.client.plugins.reportbutton.ReportButtonPlugin@6993c8df, method=public void net.runelite.client.plugins.reportbutton.ReportButtonPlugin.onGameStateChanged(net.runelite.api.events.GameStateChanged), priority=0.0, lambda=net.runelite.client.plugins.reportbutton.ReportButtonPlugin$$Lambda$891/0x000000080081fc40@59b7e000)
2026-04-17 12:23:56 UTC [AWT-EventQueue-0] DEBUG n.runelite.client.eventbus.EventBus - Registering class net.runelite.api.events.GameTick - EventBus.Subscriber(object=net.runelite.client.plugins.reportbutton.ReportButtonPlugin@6993c8df, method=public void net.runelite.client.plugins.reportbutton.ReportButtonPlugin.onGameTick(net.runelite.api.events.GameTick), priority=0.0, lambda=net.runelite.client.plugins.reportbutton.ReportButtonPlugin$$Lambda$892/0x0000000800820040@61b84743)
2026-04-17 12:23:56 UTC [AWT-EventQueue-0] DEBUG n.r.client.plugins.PluginManager - Scheduled task ScheduledMethod(schedule=@net.runelite.client.task.Schedule(asynchronous=false, period=500, unit=Millis), method=public void net.runelite.client.plugins.reportbutton.ReportButtonPlugin.updateSchedule(), object=net.runelite.client.plugins.reportbutton.ReportButtonPlugin@6993c8df, lambda=net.runelite.client.plugins.reportbutton.ReportButtonPlugin$$Lambda$893/0x0000000800820440@33375e25, last=2026-04-17T12:23:56.349753Z)
2026-04-17 12:23:56 UTC [AWT-EventQueue-0] DEBUG n.r.client.plugins.PluginManager - Plugin NotesPlugin is now running
2026-04-17 12:23:56 UTC [AWT-EventQueue-0] DEBUG n.runelite.client.eventbus.EventBus - Registering class net.runelite.client.events.ProfileChanged - EventBus.Subscriber(object=net.runelite.client.plugins.notes.NotesPlugin@62b93086, method=public void net.runelite.client.plugins.notes.NotesPlugin.onProfileChanged(net.runelite.client.events.ProfileChanged), priority=0.0, lambda=net.runelite.client.plugins.notes.NotesPlugin$$Lambda$899/0x0000000800827840@197a4905)
2026-04-17 12:23:56 UTC [AWT-EventQueue-0] DEBUG n.r.client.plugins.PluginManager - Plugin RunepouchPlugin is now running
2026-04-17 12:23:56 UTC [AWT-EventQueue-0] DEBUG n.r.client.plugins.PluginManager - Plugin PoisonPlugin is now running
2026-04-17 12:23:56 UTC [AWT-EventQueue-0] DEBUG n.runelite.client.eventbus.EventBus - Registering class net.runelite.client.events.ConfigChanged - EventBus.Subscriber(object=net.runelite.client.plugins.poison.PoisonPlugin@124d02b2, method=public void net.runelite.client.plugins.poison.PoisonPlugin.onConfigChanged(net.runelite.client.events.ConfigChanged), priority=0.0, lambda=net.runelite.client.plugins.poison.PoisonPlugin$$Lambda$900/0x0000000800827c40@663b45ab)
2026-04-17 12:23:56 UTC [AWT-EventQueue-0] DEBUG n.runelite.client.eventbus.EventBus - Registering class net.runelite.api.events.VarbitChanged - EventBus.Subscriber(object=net.runelite.client.plugins.poison.PoisonPlugin@124d02b2, method=public void net.runelite.client.plugins.poison.PoisonPlugin.onVarbitChanged(net.runelite.api.events.VarbitChanged), priority=0.0, lambda=net.runelite.client.plugins.poison.PoisonPlugin$$Lambda$901/0x0000000800827040@6753bf45)
2026-04-17 12:23:56 UTC [AWT-EventQueue-0] DEBUG net.runelite.client.input.KeyManager - Registering key listener: net.runelite.client.plugins.worldhopper.WorldHopperPlugin$1@16401871
2026-04-17 12:23:56 UTC [AWT-EventQueue-0] DEBUG net.runelite.client.input.KeyManager - Registering key listener: net.runelite.client.plugins.worldhopper.WorldHopperPlugin$2@39c1a0f5
2026-04-17 12:23:56 UTC [AWT-EventQueue-0] DEBUG n.r.client.plugins.PluginManager - Plugin WorldHopperPlugin is now running
2026-04-17 12:23:56 UTC [AWT-EventQueue-0] DEBUG n.runelite.client.eventbus.EventBus - Registering class net.runelite.client.events.ConfigChanged - EventBus.Subscriber(object=net.runelite.client.plugins.worldhopper.WorldHopperPlugin@5d7399f9, method=public void net.runelite.client.plugins.worldhopper.WorldHopperPlugin.onConfigChanged(net.runelite.client.events.ConfigChanged), priority=0.0, lambda=net.runelite.client.plugins.worldhopper.WorldHopperPlugin$$Lambda$911/0x0000000800824840@a741c9f)
2026-04-17 12:23:56 UTC [AWT-EventQueue-0] DEBUG n.runelite.client.eventbus.EventBus - Registering class net.runelite.api.events.GameStateChanged - EventBus.Subscriber(object=net.runelite.client.plugins.worldhopper.WorldHopperPlugin@5d7399f9, method=public void net.runelite.client.plugins.worldhopper.WorldHopperPlugin.onGameStateChanged(net.runelite.api.events.GameStateChanged), priority=0.0, lambda=net.runelite.client.plugins.worldhopper.WorldHopperPlugin$$Lambda$913/0x0000000800824040@4bb09cb2)
2026-04-17 12:23:56 UTC [AWT-EventQueue-0] DEBUG n.runelite.client.eventbus.EventBus - Registering class net.runelite.api.events.CommandExecuted - EventBus.Subscriber(object=net.runelite.client.plugins.worldhopper.WorldHopperPlugin@5d7399f9, method=public void net.runelite.client.plugins.worldhopper.WorldHopperPlugin.onCommandExecuted(net.runelite.api.events.CommandExecuted), priority=0.0, lambda=net.runelite.client.plugins.worldhopper.WorldHopperPlugin$$Lambda$914/0x0000000800824440@2c8facfb)
2026-04-17 12:23:56 UTC [AWT-EventQueue-0] DEBUG n.runelite.client.eventbus.EventBus - Registering class net.runelite.api.events.VarbitChanged - EventBus.Subscriber(object=net.runelite.client.plugins.worldhopper.WorldHopperPlugin@5d7399f9, method=public void net.runelite.client.plugins.worldhopper.WorldHopperPlugin.onVarbitChanged(net.runelite.api.events.VarbitChanged), priority=0.0, lambda=net.runelite.client.plugins.worldhopper.WorldHopperPlugin$$Lambda$915/0x0000000800823840@550a583b)
2026-04-17 12:23:56 UTC [AWT-EventQueue-0] DEBUG n.runelite.client.eventbus.EventBus - Registering class net.runelite.api.events.GameTick - EventBus.Subscriber(object=net.runelite.client.plugins.worldhopper.WorldHopperPlugin@5d7399f9, method=public void net.runelite.client.plugins.worldhopper.WorldHopperPlugin.onGameTick(net.runelite.api.events.GameTick), priority=0.0, lambda=net.runelite.client.plugins.worldhopper.WorldHopperPlugin$$Lambda$916/0x0000000800823c40@2cecce11)
2026-04-17 12:23:56 UTC [AWT-EventQueue-0] DEBUG n.runelite.client.eventbus.EventBus - Registering class net.runelite.api.events.ChatMessage - EventBus.Subscriber(object=net.runelite.client.plugins.worldhopper.WorldHopperPlugin@5d7399f9, method=public void net.runelite.client.plugins.worldhopper.WorldHopperPlugin.onChatMessage(net.runelite.api.events.ChatMessage), priority=0.0, lambda=net.runelite.client.plugins.worldhopper.WorldHopperPlugin$$Lambda$917/0x0000000800823040@313c2a94)
2026-04-17 12:23:56 UTC [AWT-EventQueue-0] DEBUG n.runelite.client.eventbus.EventBus - Registering class net.runelite.api.events.MenuEntryAdded - EventBus.Subscriber(object=net.runelite.client.plugins.worldhopper.WorldHopperPlugin@5d7399f9, method=public void net.runelite.client.plugins.worldhopper.WorldHopperPlugin.onMenuEntryAdded(net.runelite.api.events.MenuEntryAdded), priority=0.0, lambda=net.runelite.client.plugins.worldhopper.WorldHopperPlugin$$Lambda$918/0x0000000800823440@2c012bf7)
2026-04-17 12:23:56 UTC [AWT-EventQueue-0] DEBUG n.runelite.client.eventbus.EventBus - Registering class net.runelite.api.events.WorldListLoad - EventBus.Subscriber(object=net.runelite.client.plugins.worldhopper.WorldHopperPlugin@5d7399f9, method=public void net.runelite.client.plugins.worldhopper.WorldHopperPlugin.onWorldListLoad(net.runelite.api.events.WorldListLoad), priority=0.0, lambda=net.runelite.client.plugins.worldhopper.WorldHopperPlugin$$Lambda$919/0x0000000800822840@49437f48)
2026-04-17 12:23:56 UTC [AWT-EventQueue-0] DEBUG n.runelite.client.eventbus.EventBus - Registering class net.runelite.client.events.WorldsFetch - EventBus.Subscriber(object=net.runelite.client.plugins.worldhopper.WorldHopperPlugin@5d7399f9, method=public void net.runelite.client.plugins.worldhopper.WorldHopperPlugin.onWorldsFetch(net.runelite.client.events.WorldsFetch), priority=0.0, lambda=net.runelite.client.plugins.worldhopper.WorldHopperPlugin$$Lambda$920/0x0000000800822c40@355d38d7)
2026-04-17 12:23:56 UTC [AWT-EventQueue-0] DEBUG n.runelite.client.eventbus.EventBus - Registering class net.runelite.client.events.SessionOpen - EventBus.Subscriber(object=net.runelite.client.plugins.info.InfoPanel[,0,0,0x0,invalid,layout=java.awt.BorderLayout,alignmentX=0.0,alignmentY=0.0,border=javax.swing.border.EmptyBorder@1488aa47,flags=9,maximumSize=,minimumSize=,preferredSize=], method=public void net.runelite.client.plugins.info.InfoPanel.onSessionOpen(net.runelite.client.events.SessionOpen), priority=0.0, lambda=net.runelite.client.plugins.info.InfoPanel$$Lambda$929/0x0000000800837440@3b0c3d7f)
2026-04-17 12:23:56 UTC [AWT-EventQueue-0] DEBUG n.runelite.client.eventbus.EventBus - Registering class net.runelite.client.events.SessionClose - EventBus.Subscriber(object=net.runelite.client.plugins.info.InfoPanel[,0,0,0x0,invalid,layout=java.awt.BorderLayout,alignmentX=0.0,alignmentY=0.0,border=javax.swing.border.EmptyBorder@1488aa47,flags=9,maximumSize=,minimumSize=,preferredSize=], method=public void net.runelite.client.plugins.info.InfoPanel.onSessionClose(net.runelite.client.events.SessionClose), priority=0.0, lambda=net.runelite.client.plugins.info.InfoPanel$$Lambda$930/0x0000000800836840@7df9f9b9)
2026-04-17 12:23:56 UTC [AWT-EventQueue-0] DEBUG n.r.client.plugins.PluginManager - Plugin InfoPlugin is now running
2026-04-17 12:23:56 UTC [AWT-EventQueue-0] DEBUG n.r.client.game.SkillIconManager - Loading skill icon from /skill_icons_small/attack.png
2026-04-17 12:23:56 UTC [AWT-EventQueue-0] DEBUG n.r.client.game.SkillIconManager - Loading skill icon from /skill_icons_small/defence.png
2026-04-17 12:23:56 UTC [AWT-EventQueue-0] DEBUG n.r.client.game.SkillIconManager - Loading skill icon from /skill_icons_small/strength.png
2026-04-17 12:23:56 UTC [AWT-EventQueue-0] DEBUG n.r.client.game.SkillIconManager - Loading skill icon from /skill_icons_small/hitpoints.png
2026-04-17 12:23:56 UTC [AWT-EventQueue-0] DEBUG n.r.client.game.SkillIconManager - Loading skill icon from /skill_icons_small/ranged.png
2026-04-17 12:23:56 UTC [AWT-EventQueue-0] DEBUG n.r.client.game.SkillIconManager - Loading skill icon from /skill_icons_small/slayer.png
2026-04-17 12:23:56 UTC [AWT-EventQueue-0] DEBUG n.r.client.game.SkillIconManager - Loading skill icon from /skill_icons_small/sailing.png
2026-04-17 12:23:56 UTC [AWT-EventQueue-0] DEBUG n.r.client.plugins.PluginManager - Plugin XpTrackerPlugin is now running
2026-04-17 12:23:56 UTC [AWT-EventQueue-0] DEBUG n.runelite.client.eventbus.EventBus - Registering class net.runelite.api.events.GameStateChanged - EventBus.Subscriber(object=net.runelite.client.plugins.xptracker.XpTrackerPlugin@7c1447b5, method=public void net.runelite.client.plugins.xptracker.XpTrackerPlugin.onGameStateChanged(net.runelite.api.events.GameStateChanged), priority=0.0, lambda=net.runelite.client.plugins.xptracker.XpTrackerPlugin$$Lambda$950/0x0000000800831840@614e1185)
2026-04-17 12:23:56 UTC [AWT-EventQueue-0] DEBUG n.runelite.client.eventbus.EventBus - Registering class net.runelite.api.events.StatChanged - EventBus.Subscriber(object=net.runelite.client.plugins.xptracker.XpTrackerPlugin@7c1447b5, method=public void net.runelite.client.plugins.xptracker.XpTrackerPlugin.onStatChanged(net.runelite.api.events.StatChanged), priority=0.0, lambda=net.runelite.client.plugins.xptracker.XpTrackerPlugin$$Lambda$951/0x0000000800831c40@b142245)
2026-04-17 12:23:56 UTC [AWT-EventQueue-0] DEBUG n.runelite.client.eventbus.EventBus - Registering class net.runelite.api.events.GameTick - EventBus.Subscriber(object=net.runelite.client.plugins.xptracker.XpTrackerPlugin@7c1447b5, method=public void net.runelite.client.plugins.xptracker.XpTrackerPlugin.onGameTick(net.runelite.api.events.GameTick), priority=0.0, lambda=net.runelite.client.plugins.xptracker.XpTrackerPlugin$$Lambda$952/0x0000000800831040@5d7e923f)
2026-04-17 12:23:56 UTC [AWT-EventQueue-0] DEBUG n.runelite.client.eventbus.EventBus - Registering class net.runelite.api.events.MenuEntryAdded - EventBus.Subscriber(object=net.runelite.client.plugins.xptracker.XpTrackerPlugin@7c1447b5, method=public void net.runelite.client.plugins.xptracker.XpTrackerPlugin.onMenuEntryAdded(net.runelite.api.events.MenuEntryAdded), priority=0.0, lambda=net.runelite.client.plugins.xptracker.XpTrackerPlugin$$Lambda$953/0x0000000800831440@6553abe6)
2026-04-17 12:23:56 UTC [AWT-EventQueue-0] DEBUG n.runelite.client.eventbus.EventBus - Registering class net.runelite.client.events.ClientShutdown - EventBus.Subscriber(object=net.runelite.client.plugins.xptracker.XpTrackerPlugin@7c1447b5, method=public void net.runelite.client.plugins.xptracker.XpTrackerPlugin.onClientShutdown(net.runelite.client.events.ClientShutdown), priority=0.0, lambda=net.runelite.client.plugins.xptracker.XpTrackerPlugin$$Lambda$954/0x0000000800848040@6b1fd794)
2026-04-17 12:23:56 UTC [AWT-EventQueue-0] DEBUG n.runelite.client.eventbus.EventBus - Registering class net.runelite.client.events.RuneScapeProfileChanged - EventBus.Subscriber(object=net.runelite.client.plugins.xptracker.XpTrackerPlugin@7c1447b5, method=public void net.runelite.client.plugins.xptracker.XpTrackerPlugin.onRuneScapeProfileChanged(net.runelite.client.events.RuneScapeProfileChanged), priority=0.0, lambda=net.runelite.client.plugins.xptracker.XpTrackerPlugin$$Lambda$955/0x0000000800848440@2154c5e6)
2026-04-17 12:23:56 UTC [AWT-EventQueue-0] DEBUG n.r.client.plugins.PluginManager - Scheduled task ScheduledMethod(schedule=@net.runelite.client.task.Schedule(asynchronous=false, period=1, unit=Seconds), method=public void net.runelite.client.plugins.xptracker.XpTrackerPlugin.tickSkillTimes(), object=net.runelite.client.plugins.xptracker.XpTrackerPlugin@7c1447b5, lambda=net.runelite.client.plugins.xptracker.XpTrackerPlugin$$Lambda$956/0x0000000800848840@602dce6e, last=2026-04-17T12:23:56.947772Z)
2026-04-17 12:23:56 UTC [AWT-EventQueue-0] DEBUG n.r.client.plugins.PluginManager - Scheduled task ScheduledMethod(schedule=@net.runelite.client.task.Schedule(asynchronous=true, period=1, unit=Minutes), method=public void net.runelite.client.plugins.xptracker.XpTrackerPlugin.tickStateSave(), object=net.runelite.client.plugins.xptracker.XpTrackerPlugin@7c1447b5, lambda=net.runelite.client.plugins.xptracker.XpTrackerPlugin$$Lambda$957/0x0000000800849040@203e47de, last=2026-04-17T12:23:56.950141Z)
AFFINITY: pid=8513 name=virgl_test_serv cpu=0 type=little freq=2000000
pid 8513's current affinity mask: f
2026-04-17 12:23:56 UTC [AWT-EventQueue-0] DEBUG n.r.client.plugins.PluginManager - Plugin AgilityPlugin is now running
2026-04-17 12:23:56 UTC [AWT-EventQueue-0] DEBUG n.runelite.client.eventbus.EventBus - Registering class net.runelite.client.events.ConfigChanged - EventBus.Subscriber(object=net.runelite.client.plugins.agility.AgilityPlugin@1fedf0a4, method=public void net.runelite.client.plugins.agility.AgilityPlugin.onConfigChanged(net.runelite.client.events.ConfigChanged), priority=0.0, lambda=net.runelite.client.plugins.agility.AgilityPlugin$$Lambda$958/0x0000000800849440@3cf0bae7)
2026-04-17 12:23:56 UTC [AWT-EventQueue-0] DEBUG n.runelite.client.eventbus.EventBus - Registering class net.runelite.api.events.GameStateChanged - EventBus.Subscriber(object=net.runelite.client.plugins.agility.AgilityPlugin@1fedf0a4, method=public void net.runelite.client.plugins.agility.AgilityPlugin.onGameStateChanged(net.runelite.api.events.GameStateChanged), priority=0.0, lambda=net.runelite.client.plugins.agility.AgilityPlugin$$Lambda$959/0x0000000800849840@52d4a5ab)
2026-04-17 12:23:56 UTC [AWT-EventQueue-0] DEBUG n.runelite.client.eventbus.EventBus - Registering class net.runelite.api.events.VarbitChanged - EventBus.Subscriber(object=net.runelite.client.plugins.agility.AgilityPlugin@1fedf0a4, method=public void net.runelite.client.plugins.agility.AgilityPlugin.onVarbitChanged(net.runelite.api.events.VarbitChanged), priority=0.0, lambda=net.runelite.client.plugins.agility.AgilityPlugin$$Lambda$960/0x0000000800849c40@369398d1)
2026-04-17 12:23:56 UTC [AWT-EventQueue-0] DEBUG n.runelite.client.eventbus.EventBus - Registering class net.runelite.api.events.StatChanged - EventBus.Subscriber(object=net.runelite.client.plugins.agility.AgilityPlugin@1fedf0a4, method=public void net.runelite.client.plugins.agility.AgilityPlugin.onStatChanged(net.runelite.api.events.StatChanged), priority=0.0, lambda=net.runelite.client.plugins.agility.AgilityPlugin$$Lambda$961/0x000000080084a040@39db3a07)
2026-04-17 12:23:56 UTC [AWT-EventQueue-0] DEBUG n.runelite.client.eventbus.EventBus - Registering class net.runelite.api.events.ItemSpawned - EventBus.Subscriber(object=net.runelite.client.plugins.agility.AgilityPlugin@1fedf0a4, method=public void net.runelite.client.plugins.agility.AgilityPlugin.onItemSpawned(net.runelite.api.events.ItemSpawned), priority=0.0, lambda=net.runelite.client.plugins.agility.AgilityPlugin$$Lambda$962/0x000000080084a440@75ad88c6)
2026-04-17 12:23:56 UTC [AWT-EventQueue-0] DEBUG n.runelite.client.eventbus.EventBus - Registering class net.runelite.api.events.ItemDespawned - EventBus.Subscriber(object=net.runelite.client.plugins.agility.AgilityPlugin@1fedf0a4, method=public void net.runelite.client.plugins.agility.AgilityPlugin.onItemDespawned(net.runelite.api.events.ItemDespawned), priority=0.0, lambda=net.runelite.client.plugins.agility.AgilityPlugin$$Lambda$963/0x000000080084a840@72489b56)
2026-04-17 12:23:56 UTC [AWT-EventQueue-0] DEBUG n.runelite.client.eventbus.EventBus - Registering class net.runelite.api.events.GameTick - EventBus.Subscriber(object=net.runelite.client.plugins.agility.AgilityPlugin@1fedf0a4, method=public void net.runelite.client.plugins.agility.AgilityPlugin.onGameTick(net.runelite.api.events.GameTick), priority=0.0, lambda=net.runelite.client.plugins.agility.AgilityPlugin$$Lambda$964/0x000000080084ac40@22169a4e)
2026-04-17 12:23:56 UTC [AWT-EventQueue-0] DEBUG n.runelite.client.eventbus.EventBus - Registering class net.runelite.api.events.GameObjectSpawned - EventBus.Subscriber(object=net.runelite.client.plugins.agility.AgilityPlugin@1fedf0a4, method=public void net.runelite.client.plugins.agility.AgilityPlugin.onGameObjectSpawned(net.runelite.api.events.GameObjectSpawned), priority=0.0, lambda=net.runelite.client.plugins.agility.AgilityPlugin$$Lambda$965/0x000000080084b040@1a9f2949)
2026-04-17 12:23:56 UTC [AWT-EventQueue-0] DEBUG n.runelite.client.eventbus.EventBus - Registering class net.runelite.api.events.GameObjectDespawned - EventBus.Subscriber(object=net.runelite.client.plugins.agility.AgilityPlugin@1fedf0a4, method=public void net.runelite.client.plugins.agility.AgilityPlugin.onGameObjectDespawned(net.runelite.api.events.GameObjectDespawned), priority=0.0, lambda=net.runelite.client.plugins.agility.AgilityPlugin$$Lambda$966/0x000000080084b440@11463cbe)
2026-04-17 12:23:56 UTC [AWT-EventQueue-0] DEBUG n.runelite.client.eventbus.EventBus - Registering class net.runelite.api.events.GroundObjectSpawned - EventBus.Subscriber(object=net.runelite.client.plugins.agility.AgilityPlugin@1fedf0a4, method=public void net.runelite.client.plugins.agility.AgilityPlugin.onGroundObjectSpawned(net.runelite.api.events.GroundObjectSpawned), priority=0.0, lambda=net.runelite.client.plugins.agility.AgilityPlugin$$Lambda$967/0x000000080084b840@2968d34)
2026-04-17 12:23:56 UTC [AWT-EventQueue-0] DEBUG n.runelite.client.eventbus.EventBus - Registering class net.runelite.api.events.GroundObjectDespawned - EventBus.Subscriber(object=net.runelite.client.plugins.agility.AgilityPlugin@1fedf0a4, method=public void net.runelite.client.plugins.agility.AgilityPlugin.onGroundObjectDespawned(net.runelite.api.events.GroundObjectDespawned), priority=0.0, lambda=net.runelite.client.plugins.agility.AgilityPlugin$$Lambda$968/0x000000080084bc40@5312798)
2026-04-17 12:23:56 UTC [AWT-EventQueue-0] DEBUG n.runelite.client.eventbus.EventBus - Registering class net.runelite.api.events.WallObjectSpawned - EventBus.Subscriber(object=net.runelite.client.plugins.agility.AgilityPlugin@1fedf0a4, method=public void net.runelite.client.plugins.agility.AgilityPlugin.onWallObjectSpawned(net.runelite.api.events.WallObjectSpawned), priority=0.0, lambda=net.runelite.client.plugins.agility.AgilityPlugin$$Lambda$969/0x000000080084c040@53918551)
2026-04-17 12:23:56 UTC [AWT-EventQueue-0] DEBUG n.runelite.client.eventbus.EventBus - Registering class net.runelite.api.events.WallObjectDespawned - EventBus.Subscriber(object=net.runelite.client.plugins.agility.AgilityPlugin@1fedf0a4, method=public void net.runelite.client.plugins.agility.AgilityPlugin.onWallObjectDespawned(net.runelite.api.events.WallObjectDespawned), priority=0.0, lambda=net.runelite.client.plugins.agility.AgilityPlugin$$Lambda$970/0x000000080084c440@68770532)
2026-04-17 12:23:57 UTC [AWT-EventQueue-0] DEBUG n.runelite.client.eventbus.EventBus - Registering class net.runelite.api.events.DecorativeObjectSpawned - EventBus.Subscriber(object=net.runelite.client.plugins.agility.AgilityPlugin@1fedf0a4, method=public void net.runelite.client.plugins.agility.AgilityPlugin.onDecorativeObjectSpawned(net.runelite.api.events.DecorativeObjectSpawned), priority=0.0, lambda=net.runelite.client.plugins.agility.AgilityPlugin$$Lambda$971/0x000000080084c840@103363aa)
2026-04-17 12:23:57 UTC [AWT-EventQueue-0] DEBUG n.runelite.client.eventbus.EventBus - Registering class net.runelite.api.events.DecorativeObjectDespawned - EventBus.Subscriber(object=net.runelite.client.plugins.agility.AgilityPlugin@1fedf0a4, method=public void net.runelite.client.plugins.agility.AgilityPlugin.onDecorativeObjectDespawned(net.runelite.api.events.DecorativeObjectDespawned), priority=0.0, lambda=net.runelite.client.plugins.agility.AgilityPlugin$$Lambda$972/0x000000080084cc40@130621c2)
2026-04-17 12:23:57 UTC [AWT-EventQueue-0] DEBUG n.runelite.client.eventbus.EventBus - Registering class net.runelite.api.events.NpcSpawned - EventBus.Subscriber(object=net.runelite.client.plugins.agility.AgilityPlugin@1fedf0a4, method=public void net.runelite.client.plugins.agility.AgilityPlugin.onNpcSpawned(net.runelite.api.events.NpcSpawned), priority=0.0, lambda=net.runelite.client.plugins.agility.AgilityPlugin$$Lambda$973/0x000000080084d040@6965a9d3)
2026-04-17 12:23:57 UTC [AWT-EventQueue-0] DEBUG n.runelite.client.eventbus.EventBus - Registering class net.runelite.api.events.NpcDespawned - EventBus.Subscriber(object=net.runelite.client.plugins.agility.AgilityPlugin@1fedf0a4, method=public void net.runelite.client.plugins.agility.AgilityPlugin.onNpcDespawned(net.runelite.api.events.NpcDespawned), priority=0.0, lambda=net.runelite.client.plugins.agility.AgilityPlugin$$Lambda$974/0x000000080084d440@4fd3ca75)
AFFINITY_MIGRATION: pid=8513 from=0(little) to=0(little) re-pinned=true
2026-04-17 12:23:57 UTC [AWT-EventQueue-0] DEBUG n.r.client.plugins.PluginManager - Plugin FishingPlugin is now running
2026-04-17 12:23:57 UTC [AWT-EventQueue-0] DEBUG n.runelite.client.eventbus.EventBus - Registering class net.runelite.api.events.GameStateChanged - EventBus.Subscriber(object=net.runelite.client.plugins.fishing.FishingPlugin@670f2466, method=public void net.runelite.client.plugins.fishing.FishingPlugin.onGameStateChanged(net.runelite.api.events.GameStateChanged), priority=0.0, lambda=net.runelite.client.plugins.fishing.FishingPlugin$$Lambda$975/0x000000080084d840@303f8117)
2026-04-17 12:23:57 UTC [AWT-EventQueue-0] DEBUG n.runelite.client.eventbus.EventBus - Registering class net.runelite.api.events.WidgetLoaded - EventBus.Subscriber(object=net.runelite.client.plugins.fishing.FishingPlugin@670f2466, method=public void net.runelite.client.plugins.fishing.FishingPlugin.onWidgetLoaded(net.runelite.api.events.WidgetLoaded), priority=0.0, lambda=net.runelite.client.plugins.fishing.FishingPlugin$$Lambda$976/0x000000080084dc40@1b7200c8)
2026-04-17 12:23:57 UTC [AWT-EventQueue-0] DEBUG n.runelite.client.eventbus.EventBus - Registering class net.runelite.api.events.GameTick - EventBus.Subscriber(object=net.runelite.client.plugins.fishing.FishingPlugin@670f2466, method=public void net.runelite.client.plugins.fishing.FishingPlugin.onGameTick(net.runelite.api.events.GameTick), priority=0.0, lambda=net.runelite.client.plugins.fishing.FishingPlugin$$Lambda$977/0x000000080084e040@43b04bb5)
2026-04-17 12:23:57 UTC [AWT-EventQueue-0] DEBUG n.runelite.client.eventbus.EventBus - Registering class net.runelite.api.events.ItemContainerChanged - EventBus.Subscriber(object=net.runelite.client.plugins.fishing.FishingPlugin@670f2466, method=public void net.runelite.client.plugins.fishing.FishingPlugin.onItemContainerChanged(net.runelite.api.events.ItemContainerChanged), priority=0.0, lambda=net.runelite.client.plugins.fishing.FishingPlugin$$Lambda$978/0x000000080084e440@60584a3)
2026-04-17 12:23:57 UTC [AWT-EventQueue-0] DEBUG n.runelite.client.eventbus.EventBus - Registering class net.runelite.api.events.NpcSpawned - EventBus.Subscriber(object=net.runelite.client.plugins.fishing.FishingPlugin@670f2466, method=public void net.runelite.client.plugins.fishing.FishingPlugin.onNpcSpawned(net.runelite.api.events.NpcSpawned), priority=0.0, lambda=net.runelite.client.plugins.fishing.FishingPlugin$$Lambda$979/0x000000080084e840@12943c74)
2026-04-17 12:23:57 UTC [AWT-EventQueue-0] DEBUG n.runelite.client.eventbus.EventBus - Registering class net.runelite.api.events.NpcDespawned - EventBus.Subscriber(object=net.runelite.client.plugins.fishing.FishingPlugin@670f2466, method=public void net.runelite.client.plugins.fishing.FishingPlugin.onNpcDespawned(net.runelite.api.events.NpcDespawned), priority=0.0, lambda=net.runelite.client.plugins.fishing.FishingPlugin$$Lambda$980/0x000000080084ec40@60b0fc5b)
2026-04-17 12:23:57 UTC [AWT-EventQueue-0] DEBUG n.runelite.client.eventbus.EventBus - Registering class net.runelite.api.events.ChatMessage - EventBus.Subscriber(object=net.runelite.client.plugins.fishing.FishingPlugin@670f2466, method=public void net.runelite.client.plugins.fishing.FishingPlugin.onChatMessage(net.runelite.api.events.ChatMessage), priority=0.0, lambda=net.runelite.client.plugins.fishing.FishingPlugin$$Lambda$981/0x000000080084f040@411cef2b)
2026-04-17 12:23:57 UTC [AWT-EventQueue-0] DEBUG n.runelite.client.eventbus.EventBus - Registering class net.runelite.api.events.InteractingChanged - EventBus.Subscriber(object=net.runelite.client.plugins.fishing.FishingPlugin@670f2466, method=public void net.runelite.client.plugins.fishing.FishingPlugin.onInteractingChanged(net.runelite.api.events.InteractingChanged), priority=0.0, lambda=net.runelite.client.plugins.fishing.FishingPlugin$$Lambda$982/0x000000080084f440@3ec2a8bb)
2026-04-17 12:23:57 UTC [AWT-EventQueue-0] DEBUG n.runelite.client.eventbus.EventBus - Registering class net.runelite.api.events.GameStateChanged - EventBus.Subscriber(object=net.runelite.client.plugins.timetracking.farming.CompostTracker@125c61c4, method=public void net.runelite.client.plugins.timetracking.farming.CompostTracker.onGameStateChanged(net.runelite.api.events.GameStateChanged), priority=0.0, lambda=net.runelite.client.plugins.timetracking.farming.CompostTracker$$Lambda$983/0x000000080084f840@db2e28b)
2026-04-17 12:23:57 UTC [AWT-EventQueue-0] DEBUG n.runelite.client.eventbus.EventBus - Registering class net.runelite.api.events.ChatMessage - EventBus.Subscriber(object=net.runelite.client.plugins.timetracking.farming.CompostTracker@125c61c4, method=public void net.runelite.client.plugins.timetracking.farming.CompostTracker.onChatMessage(net.runelite.api.events.ChatMessage), priority=0.0, lambda=net.runelite.client.plugins.timetracking.farming.CompostTracker$$Lambda$984/0x000000080084fc40@32bc7283)
2026-04-17 12:23:57 UTC [AWT-EventQueue-0] DEBUG n.runelite.client.eventbus.EventBus - Registering class net.runelite.api.events.MenuOptionClicked - EventBus.Subscriber(object=net.runelite.client.plugins.timetracking.farming.CompostTracker@125c61c4, method=public void net.runelite.client.plugins.timetracking.farming.CompostTracker.onMenuOptionClicked(net.runelite.api.events.MenuOptionClicked), priority=0.0, lambda=net.runelite.client.plugins.timetracking.farming.CompostTracker$$Lambda$985/0x0000000800850040@59236303)
2026-04-17 12:23:57 UTC [AWT-EventQueue-0] DEBUG n.runelite.client.eventbus.EventBus - Registering class net.runelite.api.events.GameTick - EventBus.Subscriber(object=net.runelite.client.plugins.timetracking.farming.PaymentTracker@2a92181a, method=public void net.runelite.client.plugins.timetracking.farming.PaymentTracker.onGameTick(net.runelite.api.events.GameTick), priority=0.0, lambda=net.runelite.client.plugins.timetracking.farming.PaymentTracker$$Lambda$986/0x0000000800850440@128f57e6)
2026-04-17 12:23:57 UTC [AWT-EventQueue-0] DEBUG n.runelite.client.eventbus.EventBus - Registering class net.runelite.api.events.ScriptPreFired - EventBus.Subscriber(object=net.runelite.client.plugins.timetracking.farming.PaymentTracker@2a92181a, method=public void net.runelite.client.plugins.timetracking.farming.PaymentTracker.onScriptPreFired(net.runelite.api.events.ScriptPreFired), priority=0.0, lambda=net.runelite.client.plugins.timetracking.farming.PaymentTracker$$Lambda$987/0x0000000800850840@7110fd7a)
2026-04-17 12:23:57 UTC [AWT-EventQueue-0] DEBUG n.runelite.client.eventbus.EventBus - Registering class net.runelite.api.events.ChatMessage - EventBus.Subscriber(object=net.runelite.client.plugins.timetracking.farming.PaymentTracker@2a92181a, method=public void net.runelite.client.plugins.timetracking.farming.PaymentTracker.onChatMessage(net.runelite.api.events.ChatMessage), priority=0.0, lambda=net.runelite.client.plugins.timetracking.farming.PaymentTracker$$Lambda$988/0x0000000800850c40@23203764)
2026-04-17 12:23:57 UTC [AWT-EventQueue-0] DEBUG n.runelite.client.eventbus.EventBus - Registering class net.runelite.api.events.MenuOptionClicked - EventBus.Subscriber(object=net.runelite.client.plugins.timetracking.farming.PaymentTracker@2a92181a, method=public void net.runelite.client.plugins.timetracking.farming.PaymentTracker.onMenuOptionClicked(net.runelite.api.events.MenuOptionClicked), priority=0.0, lambda=net.runelite.client.plugins.timetracking.farming.PaymentTracker$$Lambda$989/0x0000000800851040@35955886)
2026-04-17 12:23:57 UTC [AWT-EventQueue-0] DEBUG n.r.client.plugins.PluginManager - Plugin TimeTrackingPlugin is now running
2026-04-17 12:23:57 UTC [AWT-EventQueue-0] DEBUG n.runelite.client.eventbus.EventBus - Registering class net.runelite.client.events.ConfigChanged - EventBus.Subscriber(object=net.runelite.client.plugins.timetracking.TimeTrackingPlugin@309cedb6, method=public void net.runelite.client.plugins.timetracking.TimeTrackingPlugin.onConfigChanged(net.runelite.client.events.ConfigChanged), priority=0.0, lambda=net.runelite.client.plugins.timetracking.TimeTrackingPlugin$$Lambda$1018/0x000000080085b040@19d758ad)
2026-04-17 12:23:57 UTC [AWT-EventQueue-0] DEBUG n.runelite.client.eventbus.EventBus - Registering class net.runelite.api.events.CommandExecuted - EventBus.Subscriber(object=net.runelite.client.plugins.timetracking.TimeTrackingPlugin@309cedb6, method=public void net.runelite.client.plugins.timetracking.TimeTrackingPlugin.onCommandExecuted(net.runelite.api.events.CommandExecuted), priority=0.0, lambda=net.runelite.client.plugins.timetracking.TimeTrackingPlugin$$Lambda$1019/0x000000080085b440@7a3852b6)
2026-04-17 12:23:57 UTC [AWT-EventQueue-0] DEBUG n.runelite.client.eventbus.EventBus - Registering class net.runelite.api.events.GameTick - EventBus.Subscriber(object=net.runelite.client.plugins.timetracking.TimeTrackingPlugin@309cedb6, method=public void net.runelite.client.plugins.timetracking.TimeTrackingPlugin.onGameTick(net.runelite.api.events.GameTick), priority=0.0, lambda=net.runelite.client.plugins.timetracking.TimeTrackingPlugin$$Lambda$1020/0x000000080085b840@22eddc38)
2026-04-17 12:23:57 UTC [AWT-EventQueue-0] DEBUG n.runelite.client.eventbus.EventBus - Registering class net.runelite.api.events.WidgetClosed - EventBus.Subscriber(object=net.runelite.client.plugins.timetracking.TimeTrackingPlugin@309cedb6, method=private void net.runelite.client.plugins.timetracking.TimeTrackingPlugin.onWidgetClosed(net.runelite.api.events.WidgetClosed), priority=0.0, lambda=net.runelite.client.plugins.timetracking.TimeTrackingPlugin$$Lambda$1021/0x000000080085bc40@74ee40ff)
2026-04-17 12:23:57 UTC [AWT-EventQueue-0] DEBUG n.runelite.client.eventbus.EventBus - Registering class net.runelite.api.events.ChatMessage - EventBus.Subscriber(object=net.runelite.client.plugins.timetracking.TimeTrackingPlugin@309cedb6, method=public void net.runelite.client.plugins.timetracking.TimeTrackingPlugin.onChatMessage(net.runelite.api.events.ChatMessage), priority=0.0, lambda=net.runelite.client.plugins.timetracking.TimeTrackingPlugin$$Lambda$1022/0x000000080085c040@5e606a92)
2026-04-17 12:23:57 UTC [AWT-EventQueue-0] DEBUG n.runelite.client.eventbus.EventBus - Registering class net.runelite.client.events.RuneScapeProfileChanged - EventBus.Subscriber(object=net.runelite.client.plugins.timetracking.TimeTrackingPlugin@309cedb6, method=public void net.runelite.client.plugins.timetracking.TimeTrackingPlugin.onRuneScapeProfileChanged(net.runelite.client.events.RuneScapeProfileChanged), priority=0.0, lambda=net.runelite.client.plugins.timetracking.TimeTrackingPlugin$$Lambda$1023/0x000000080085c440@4c5145cc)
2026-04-17 12:23:57 UTC [AWT-EventQueue-0] DEBUG n.r.client.plugins.PluginManager - Plugin HerbiboarPlugin is now running
2026-04-17 12:23:57 UTC [AWT-EventQueue-0] DEBUG n.runelite.client.eventbus.EventBus - Registering class net.runelite.api.events.GameStateChanged - EventBus.Subscriber(object=net.runelite.client.plugins.herbiboars.HerbiboarPlugin@53ce2392, method=public void net.runelite.client.plugins.herbiboars.HerbiboarPlugin.onGameStateChanged(net.runelite.api.events.GameStateChanged), priority=0.0, lambda=net.runelite.client.plugins.herbiboars.HerbiboarPlugin$$Lambda$1024/0x000000080085c840@6f498887)
2026-04-17 12:23:57 UTC [AWT-EventQueue-0] DEBUG n.runelite.client.eventbus.EventBus - Registering class net.runelite.api.events.VarbitChanged - EventBus.Subscriber(object=net.runelite.client.plugins.herbiboars.HerbiboarPlugin@53ce2392, method=public void net.runelite.client.plugins.herbiboars.HerbiboarPlugin.onVarbitChanged(net.runelite.api.events.VarbitChanged), priority=0.0, lambda=net.runelite.client.plugins.herbiboars.HerbiboarPlugin$$Lambda$1025/0x000000080085cc40@63116a63)
2026-04-17 12:23:57 UTC [AWT-EventQueue-0] DEBUG n.runelite.client.eventbus.EventBus - Registering class net.runelite.api.events.GameObjectSpawned - EventBus.Subscriber(object=net.runelite.client.plugins.herbiboars.HerbiboarPlugin@53ce2392, method=public void net.runelite.client.plugins.herbiboars.HerbiboarPlugin.onGameObjectSpawned(net.runelite.api.events.GameObjectSpawned), priority=0.0, lambda=net.runelite.client.plugins.herbiboars.HerbiboarPlugin$$Lambda$1026/0x000000080085d040@64e31409)
2026-04-17 12:23:57 UTC [AWT-EventQueue-0] DEBUG n.runelite.client.eventbus.EventBus - Registering class net.runelite.api.events.GameObjectDespawned - EventBus.Subscriber(object=net.runelite.client.plugins.herbiboars.HerbiboarPlugin@53ce2392, method=public void net.runelite.client.plugins.herbiboars.HerbiboarPlugin.onGameObjectDespawned(net.runelite.api.events.GameObjectDespawned), priority=0.0, lambda=net.runelite.client.plugins.herbiboars.HerbiboarPlugin$$Lambda$1027/0x000000080085d440@20d7784d)
2026-04-17 12:23:57 UTC [AWT-EventQueue-0] DEBUG n.runelite.client.eventbus.EventBus - Registering class net.runelite.api.events.GroundObjectSpawned - EventBus.Subscriber(object=net.runelite.client.plugins.herbiboars.HerbiboarPlugin@53ce2392, method=public void net.runelite.client.plugins.herbiboars.HerbiboarPlugin.onGroundObjectSpawned(net.runelite.api.events.GroundObjectSpawned), priority=0.0, lambda=net.runelite.client.plugins.herbiboars.HerbiboarPlugin$$Lambda$1028/0x000000080085d840@7601389b)
2026-04-17 12:23:57 UTC [AWT-EventQueue-0] DEBUG n.runelite.client.eventbus.EventBus - Registering class net.runelite.api.events.GroundObjectDespawned - EventBus.Subscriber(object=net.runelite.client.plugins.herbiboars.HerbiboarPlugin@53ce2392, method=public void net.runelite.client.plugins.herbiboars.HerbiboarPlugin.onGroundObjectDespawned(net.runelite.api.events.GroundObjectDespawned), priority=0.0, lambda=net.runelite.client.plugins.herbiboars.HerbiboarPlugin$$Lambda$1029/0x000000080085dc40@4fda8796)
2026-04-17 12:23:57 UTC [AWT-EventQueue-0] DEBUG n.runelite.client.eventbus.EventBus - Registering class net.runelite.api.events.MenuOptionClicked - EventBus.Subscriber(object=net.runelite.client.plugins.herbiboars.HerbiboarPlugin@53ce2392, method=public void net.runelite.client.plugins.herbiboars.HerbiboarPlugin.onMenuOptionClicked(net.runelite.api.events.MenuOptionClicked), priority=0.0, lambda=net.runelite.client.plugins.herbiboars.HerbiboarPlugin$$Lambda$1030/0x000000080085e040@4b91d9f4)
2026-04-17 12:23:57 UTC [AWT-EventQueue-0] DEBUG n.runelite.client.eventbus.EventBus - Registering class net.runelite.api.events.ScriptPostFired - EventBus.Subscriber(object=net.runelite.client.plugins.banktags.tabs.TabInterface@60d77f8c, method=private void net.runelite.client.plugins.banktags.tabs.TabInterface.onScriptPostFired(net.runelite.api.events.ScriptPostFired), priority=0.0, lambda=net.runelite.client.plugins.banktags.tabs.TabInterface$$Lambda$1035/0x000000080085f440@6d8b16d8)
2026-04-17 12:23:57 UTC [AWT-EventQueue-0] DEBUG n.runelite.client.eventbus.EventBus - Registering class net.runelite.api.events.ScriptPreFired - EventBus.Subscriber(object=net.runelite.client.plugins.banktags.tabs.TabInterface@60d77f8c, method=public void net.runelite.client.plugins.banktags.tabs.TabInterface.onScriptPreFired(net.runelite.api.events.ScriptPreFired), priority=0.0, lambda=net.runelite.client.plugins.banktags.tabs.TabInterface$$Lambda$1036/0x000000080085f840@597a1324)
2026-04-17 12:23:57 UTC [AWT-EventQueue-0] DEBUG n.runelite.client.eventbus.EventBus - Registering class net.runelite.api.events.WidgetClosed - EventBus.Subscriber(object=net.runelite.client.plugins.banktags.tabs.TabInterface@60d77f8c, method=public void net.runelite.client.plugins.banktags.tabs.TabInterface.onWidgetClosed(net.runelite.api.events.WidgetClosed), priority=0.0, lambda=net.runelite.client.plugins.banktags.tabs.TabInterface$$Lambda$1037/0x000000080085fc40@3702c7d7)
2026-04-17 12:23:57 UTC [AWT-EventQueue-0] DEBUG n.runelite.client.eventbus.EventBus - Registering class net.runelite.api.events.WidgetDrag - EventBus.Subscriber(object=net.runelite.client.plugins.banktags.tabs.TabInterface@60d77f8c, method=public void net.runelite.client.plugins.banktags.tabs.TabInterface.onWidgetDrag(net.runelite.api.events.WidgetDrag), priority=0.0, lambda=net.runelite.client.plugins.banktags.tabs.TabInterface$$Lambda$1038/0x0000000800860040@663cda97)
2026-04-17 12:23:57 UTC [AWT-EventQueue-0] DEBUG n.runelite.client.eventbus.EventBus - Registering class net.runelite.api.events.MenuEntryAdded - EventBus.Subscriber(object=net.runelite.client.plugins.banktags.tabs.TabInterface@60d77f8c, method=private void net.runelite.client.plugins.banktags.tabs.TabInterface.onMenuEntryAdded(net.runelite.api.events.MenuEntryAdded), priority=0.0, lambda=net.runelite.client.plugins.banktags.tabs.TabInterface$$Lambda$1039/0x0000000800860440@141c112c)
2026-04-17 12:23:57 UTC [AWT-EventQueue-0] DEBUG n.runelite.client.eventbus.EventBus - Registering class net.runelite.api.events.MenuOptionClicked - EventBus.Subscriber(object=net.runelite.client.plugins.banktags.tabs.TabInterface@60d77f8c, method=public void net.runelite.client.plugins.banktags.tabs.TabInterface.onMenuOptionClicked(net.runelite.api.events.MenuOptionClicked), priority=-1.0, lambda=net.runelite.client.plugins.banktags.tabs.TabInterface$$Lambda$1040/0x0000000800860840@4b46ba12)
2026-04-17 12:23:57 UTC [AWT-EventQueue-0] DEBUG n.runelite.client.eventbus.EventBus - Registering class net.runelite.api.events.ScriptPreFired - EventBus.Subscriber(object=net.runelite.client.plugins.banktags.tabs.LayoutManager@380dfc, method=public void net.runelite.client.plugins.banktags.tabs.LayoutManager.onScriptPreFired(net.runelite.api.events.ScriptPreFired), priority=0.0, lambda=net.runelite.client.plugins.banktags.tabs.LayoutManager$$Lambda$1041/0x0000000800860c40@3a60d6c0)
2026-04-17 12:23:57 UTC [AWT-EventQueue-0] DEBUG n.runelite.client.eventbus.EventBus - Registering class net.runelite.api.events.VarbitChanged - EventBus.Subscriber(object=net.runelite.client.plugins.banktags.tabs.PotionStorage@7fd32238, method=public void net.runelite.client.plugins.banktags.tabs.PotionStorage.onVarbitChanged(net.runelite.api.events.VarbitChanged), priority=0.0, lambda=net.runelite.client.plugins.banktags.tabs.PotionStorage$$Lambda$1042/0x0000000800861040@3fc487d3)
2026-04-17 12:23:57 UTC [AWT-EventQueue-0] DEBUG n.runelite.client.eventbus.EventBus - Registering class net.runelite.api.events.WidgetClosed - EventBus.Subscriber(object=net.runelite.client.plugins.banktags.tabs.PotionStorage@7fd32238, method=public void net.runelite.client.plugins.banktags.tabs.PotionStorage.onWidgetClosed(net.runelite.api.events.WidgetClosed), priority=0.0, lambda=net.runelite.client.plugins.banktags.tabs.PotionStorage$$Lambda$1043/0x0000000800861440@44c2821)
2026-04-17 12:23:57 UTC [AWT-EventQueue-0] DEBUG n.runelite.client.eventbus.EventBus - Registering class net.runelite.api.events.ClientTick - EventBus.Subscriber(object=net.runelite.client.plugins.banktags.tabs.PotionStorage@7fd32238, method=public void net.runelite.client.plugins.banktags.tabs.PotionStorage.onClientTick(net.runelite.api.events.ClientTick), priority=0.0, lambda=net.runelite.client.plugins.banktags.tabs.PotionStorage$$Lambda$1044/0x0000000800861840@7989e1e3)
2026-04-17 12:23:57 UTC [AWT-EventQueue-0] DEBUG n.r.client.plugins.PluginManager - Plugin BankTagsPlugin is now running
2026-04-17 12:23:57 UTC [AWT-EventQueue-0] DEBUG n.runelite.client.eventbus.EventBus - Registering class net.runelite.client.events.ConfigChanged - EventBus.Subscriber(object=net.runelite.client.plugins.banktags.BankTagsPlugin@b61edb9, method=public void net.runelite.client.plugins.banktags.BankTagsPlugin.onConfigChanged(net.runelite.client.events.ConfigChanged), priority=0.0, lambda=net.runelite.client.plugins.banktags.BankTagsPlugin$$Lambda$1046/0x0000000800862040@49b02bd1)
2026-04-17 12:23:57 UTC [AWT-EventQueue-0] DEBUG n.runelite.client.eventbus.EventBus - Registering class net.runelite.api.events.GrandExchangeSearched - EventBus.Subscriber(object=net.runelite.client.plugins.banktags.BankTagsPlugin@b61edb9, method=public void net.runelite.client.plugins.banktags.BankTagsPlugin.onGrandExchangeSearched(net.runelite.api.events.GrandExchangeSearched), priority=0.0, lambda=net.runelite.client.plugins.banktags.BankTagsPlugin$$Lambda$1047/0x0000000800862440@7c9e4e8b)
2026-04-17 12:23:57 UTC [AWT-EventQueue-0] DEBUG n.runelite.client.eventbus.EventBus - Registering class net.runelite.api.events.ScriptCallbackEvent - EventBus.Subscriber(object=net.runelite.client.plugins.banktags.BankTagsPlugin@b61edb9, method=public void net.runelite.client.plugins.banktags.BankTagsPlugin.onScriptCallbackEvent(net.runelite.api.events.ScriptCallbackEvent), priority=0.0, lambda=net.runelite.client.plugins.banktags.BankTagsPlugin$$Lambda$1048/0x0000000800862840@130c61b6)
2026-04-17 12:23:57 UTC [AWT-EventQueue-0] DEBUG n.runelite.client.eventbus.EventBus - Registering class net.runelite.api.events.MenuEntryAdded - EventBus.Subscriber(object=net.runelite.client.plugins.banktags.BankTagsPlugin@b61edb9, method=public void net.runelite.client.plugins.banktags.BankTagsPlugin.onMenuEntryAdded(net.runelite.api.events.MenuEntryAdded), priority=0.0, lambda=net.runelite.client.plugins.banktags.BankTagsPlugin$$Lambda$1049/0x0000000800862c40@607ac8d1)
2026-04-17 12:23:57 UTC [AWT-EventQueue-0] DEBUG n.r.client.plugins.PluginManager - Plugin ClueScrollPlugin is now running
2026-04-17 12:23:57 UTC [AWT-EventQueue-0] DEBUG n.runelite.client.eventbus.EventBus - Registering class net.runelite.client.events.ConfigChanged - EventBus.Subscriber(object=net.runelite.client.plugins.cluescrolls.ClueScrollPlugin@2703d91, method=public void net.runelite.client.plugins.cluescrolls.ClueScrollPlugin.onConfigChanged(net.runelite.client.events.ConfigChanged), priority=0.0, lambda=net.runelite.client.plugins.cluescrolls.ClueScrollPlugin$$Lambda$1056/0x0000000800864840@46f31855)
2026-04-17 12:23:57 UTC [AWT-EventQueue-0] DEBUG n.runelite.client.eventbus.EventBus - Registering class net.runelite.api.events.GameStateChanged - EventBus.Subscriber(object=net.runelite.client.plugins.cluescrolls.ClueScrollPlugin@2703d91, method=public void net.runelite.client.plugins.cluescrolls.ClueScrollPlugin.onGameStateChanged(net.runelite.api.events.GameStateChanged), priority=0.0, lambda=net.runelite.client.plugins.cluescrolls.ClueScrollPlugin$$Lambda$1057/0x0000000800864c40@52e0df52)
2026-04-17 12:23:57 UTC [AWT-EventQueue-0] DEBUG n.runelite.client.eventbus.EventBus - Registering class net.runelite.api.events.WidgetLoaded - EventBus.Subscriber(object=net.runelite.client.plugins.cluescrolls.ClueScrollPlugin@2703d91, method=public void net.runelite.client.plugins.cluescrolls.ClueScrollPlugin.onWidgetLoaded(net.runelite.api.events.WidgetLoaded), priority=0.0, lambda=net.runelite.client.plugins.cluescrolls.ClueScrollPlugin$$Lambda$1058/0x0000000800865040@240805e5)
2026-04-17 12:23:57 UTC [AWT-EventQueue-0] DEBUG n.runelite.client.eventbus.EventBus - Registering class net.runelite.api.events.CommandExecuted - EventBus.Subscriber(object=net.runelite.client.plugins.cluescrolls.ClueScrollPlugin@2703d91, method=public void net.runelite.client.plugins.cluescrolls.ClueScrollPlugin.onCommandExecuted(net.runelite.api.events.CommandExecuted), priority=0.0, lambda=net.runelite.client.plugins.cluescrolls.ClueScrollPlugin$$Lambda$1059/0x0000000800865440@246a7e32)
2026-04-17 12:23:57 UTC [AWT-EventQueue-0] DEBUG n.runelite.client.eventbus.EventBus - Registering class net.runelite.api.events.GameTick - EventBus.Subscriber(object=net.runelite.client.plugins.cluescrolls.ClueScrollPlugin@2703d91, method=public void net.runelite.client.plugins.cluescrolls.ClueScrollPlugin.onGameTick(net.runelite.api.events.GameTick), priority=0.0, lambda=net.runelite.client.plugins.cluescrolls.ClueScrollPlugin$$Lambda$1060/0x0000000800865840@6d22a02)
2026-04-17 12:23:57 UTC [AWT-EventQueue-0] DEBUG n.runelite.client.eventbus.EventBus - Registering class net.runelite.api.events.GameObjectSpawned - EventBus.Subscriber(object=net.runelite.client.plugins.cluescrolls.ClueScrollPlugin@2703d91, method=public void net.runelite.client.plugins.cluescrolls.ClueScrollPlugin.onGameObjectSpawned(net.runelite.api.events.GameObjectSpawned), priority=0.0, lambda=net.runelite.client.plugins.cluescrolls.ClueScrollPlugin$$Lambda$1061/0x0000000800865c40@206225a3)
2026-04-17 12:23:57 UTC [AWT-EventQueue-0] DEBUG n.runelite.client.eventbus.EventBus - Registering class net.runelite.api.events.GameObjectDespawned - EventBus.Subscriber(object=net.runelite.client.plugins.cluescrolls.ClueScrollPlugin@2703d91, method=public void net.runelite.client.plugins.cluescrolls.ClueScrollPlugin.onGameObjectDespawned(net.runelite.api.events.GameObjectDespawned), priority=0.0, lambda=net.runelite.client.plugins.cluescrolls.ClueScrollPlugin$$Lambda$1062/0x0000000800866040@5ce9199c)
2026-04-17 12:23:57 UTC [AWT-EventQueue-0] DEBUG n.runelite.client.eventbus.EventBus - Registering class net.runelite.api.events.GroundObjectSpawned - EventBus.Subscriber(object=net.runelite.client.plugins.cluescrolls.ClueScrollPlugin@2703d91, method=public void net.runelite.client.plugins.cluescrolls.ClueScrollPlugin.onGroundObjectSpawned(net.runelite.api.events.GroundObjectSpawned), priority=0.0, lambda=net.runelite.client.plugins.cluescrolls.ClueScrollPlugin$$Lambda$1063/0x0000000800866440@48689f19)
2026-04-17 12:23:57 UTC [AWT-EventQueue-0] DEBUG n.runelite.client.eventbus.EventBus - Registering class net.runelite.api.events.GroundObjectDespawned - EventBus.Subscriber(object=net.runelite.client.plugins.cluescrolls.ClueScrollPlugin@2703d91, method=public void net.runelite.client.plugins.cluescrolls.ClueScrollPlugin.onGroundObjectDespawned(net.runelite.api.events.GroundObjectDespawned), priority=0.0, lambda=net.runelite.client.plugins.cluescrolls.ClueScrollPlugin$$Lambda$1064/0x0000000800866840@724d1c85)
2026-04-17 12:23:57 UTC [AWT-EventQueue-0] DEBUG n.runelite.client.eventbus.EventBus - Registering class net.runelite.api.events.WallObjectSpawned - EventBus.Subscriber(object=net.runelite.client.plugins.cluescrolls.ClueScrollPlugin@2703d91, method=public void net.runelite.client.plugins.cluescrolls.ClueScrollPlugin.onWallObjectSpawned(net.runelite.api.events.WallObjectSpawned), priority=0.0, lambda=net.runelite.client.plugins.cluescrolls.ClueScrollPlugin$$Lambda$1065/0x0000000800866c40@301c0bfd)
2026-04-17 12:23:57 UTC [AWT-EventQueue-0] DEBUG n.runelite.client.eventbus.EventBus - Registering class net.runelite.api.events.WallObjectDespawned - EventBus.Subscriber(object=net.runelite.client.plugins.cluescrolls.ClueScrollPlugin@2703d91, method=public void net.runelite.client.plugins.cluescrolls.ClueScrollPlugin.onWallObjectDespawned(net.runelite.api.events.WallObjectDespawned), priority=0.0, lambda=net.runelite.client.plugins.cluescrolls.ClueScrollPlugin$$Lambda$1066/0x0000000800867040@2ab2af54)
2026-04-17 12:23:57 UTC [AWT-EventQueue-0] DEBUG n.runelite.client.eventbus.EventBus - Registering class net.runelite.api.events.ItemContainerChanged - EventBus.Subscriber(object=net.runelite.client.plugins.cluescrolls.ClueScrollPlugin@2703d91, method=public void net.runelite.client.plugins.cluescrolls.ClueScrollPlugin.onItemContainerChanged(net.runelite.api.events.ItemContainerChanged), priority=0.0, lambda=net.runelite.client.plugins.cluescrolls.ClueScrollPlugin$$Lambda$1067/0x0000000800867440@40428276)
2026-04-17 12:23:57 UTC [AWT-EventQueue-0] DEBUG n.runelite.client.eventbus.EventBus - Registering class net.runelite.api.events.DecorativeObjectSpawned - EventBus.Subscriber(object=net.runelite.client.plugins.cluescrolls.ClueScrollPlugin@2703d91, method=public void net.runelite.client.plugins.cluescrolls.ClueScrollPlugin.onDecorativeObjectSpawned(net.runelite.api.events.DecorativeObjectSpawned), priority=0.0, lambda=net.runelite.client.plugins.cluescrolls.ClueScrollPlugin$$Lambda$1068/0x0000000800867840@46aaf8e7)
2026-04-17 12:23:57 UTC [AWT-EventQueue-0] DEBUG n.runelite.client.eventbus.EventBus - Registering class net.runelite.api.events.DecorativeObjectDespawned - EventBus.Subscriber(object=net.runelite.client.plugins.cluescrolls.ClueScrollPlugin@2703d91, method=public void net.runelite.client.plugins.cluescrolls.ClueScrollPlugin.onDecorativeObjectDespawned(net.runelite.api.events.DecorativeObjectDespawned), priority=0.0, lambda=net.runelite.client.plugins.cluescrolls.ClueScrollPlugin$$Lambda$1069/0x0000000800867c40@be46a58)
2026-04-17 12:23:57 UTC [AWT-EventQueue-0] DEBUG n.runelite.client.eventbus.EventBus - Registering class net.runelite.api.events.NpcSpawned - EventBus.Subscriber(object=net.runelite.client.plugins.cluescrolls.ClueScrollPlugin@2703d91, method=public void net.runelite.client.plugins.cluescrolls.ClueScrollPlugin.onNpcSpawned(net.runelite.api.events.NpcSpawned), priority=0.0, lambda=net.runelite.client.plugins.cluescrolls.ClueScrollPlugin$$Lambda$1070/0x0000000800868040@ad184e9)
2026-04-17 12:23:57 UTC [AWT-EventQueue-0] DEBUG n.runelite.client.eventbus.EventBus - Registering class net.runelite.api.events.NpcDespawned - EventBus.Subscriber(object=net.runelite.client.plugins.cluescrolls.ClueScrollPlugin@2703d91, method=public void net.runelite.client.plugins.cluescrolls.ClueScrollPlugin.onNpcDespawned(net.runelite.api.events.NpcDespawned), priority=0.0, lambda=net.runelite.client.plugins.cluescrolls.ClueScrollPlugin$$Lambda$1071/0x0000000800868440@756ee61d)
2026-04-17 12:23:57 UTC [AWT-EventQueue-0] DEBUG n.runelite.client.eventbus.EventBus - Registering class net.runelite.api.events.ChatMessage - EventBus.Subscriber(object=net.runelite.client.plugins.cluescrolls.ClueScrollPlugin@2703d91, method=public void net.runelite.client.plugins.cluescrolls.ClueScrollPlugin.onChatMessage(net.runelite.api.events.ChatMessage), priority=0.0, lambda=net.runelite.client.plugins.cluescrolls.ClueScrollPlugin$$Lambda$1072/0x0000000800868840@194d8a0)
2026-04-17 12:23:57 UTC [AWT-EventQueue-0] DEBUG n.runelite.client.eventbus.EventBus - Registering class net.runelite.api.events.MenuOptionClicked - EventBus.Subscriber(object=net.runelite.client.plugins.cluescrolls.ClueScrollPlugin@2703d91, method=public void net.runelite.client.plugins.cluescrolls.ClueScrollPlugin.onMenuOptionClicked(net.runelite.api.events.MenuOptionClicked), priority=0.0, lambda=net.runelite.client.plugins.cluescrolls.ClueScrollPlugin$$Lambda$1073/0x0000000800868c40@5968904f)
2026-04-17 12:23:57 UTC [AWT-EventQueue-0] DEBUG n.r.c.p.worldmap.WorldMapPlugin - Reset quest start positions
2026-04-17 12:23:57 UTC [AWT-EventQueue-0] DEBUG n.r.client.plugins.PluginManager - Plugin WorldMapPlugin is now running
2026-04-17 12:23:57 UTC [AWT-EventQueue-0] DEBUG n.runelite.client.eventbus.EventBus - Registering class net.runelite.client.events.ConfigChanged - EventBus.Subscriber(object=net.runelite.client.plugins.worldmap.WorldMapPlugin@76536c53, method=public void net.runelite.client.plugins.worldmap.WorldMapPlugin.onConfigChanged(net.runelite.client.events.ConfigChanged), priority=0.0, lambda=net.runelite.client.plugins.worldmap.WorldMapPlugin$$Lambda$1115/0x0000000800886440@3e9e3671)
2026-04-17 12:23:57 UTC [AWT-EventQueue-0] DEBUG n.runelite.client.eventbus.EventBus - Registering class net.runelite.api.events.StatChanged - EventBus.Subscriber(object=net.runelite.client.plugins.worldmap.WorldMapPlugin@76536c53, method=public void net.runelite.client.plugins.worldmap.WorldMapPlugin.onStatChanged(net.runelite.api.events.StatChanged), priority=0.0, lambda=net.runelite.client.plugins.worldmap.WorldMapPlugin$$Lambda$1116/0x0000000800886840@67107175)
2026-04-17 12:23:57 UTC [AWT-EventQueue-0] DEBUG n.runelite.client.eventbus.EventBus - Registering class net.runelite.api.events.ScriptPostFired - EventBus.Subscriber(object=net.runelite.client.plugins.worldmap.WorldMapPlugin@76536c53, method=public void net.runelite.client.plugins.worldmap.WorldMapPlugin.onScriptPostFired(net.runelite.api.events.ScriptPostFired), priority=0.0, lambda=net.runelite.client.plugins.worldmap.WorldMapPlugin$$Lambda$1117/0x0000000800886c40@522f0425)
2026-04-17 12:23:57 UTC [AWT-EventQueue-0] DEBUG n.runelite.client.eventbus.EventBus - Registering class net.runelite.api.events.ClientTick - EventBus.Subscriber(object=net.runelite.client.plugins.worldmap.WorldMapPlugin@76536c53, method=public void net.runelite.client.plugins.worldmap.WorldMapPlugin.onClientTick(net.runelite.api.events.ClientTick), priority=0.0, lambda=net.runelite.client.plugins.worldmap.WorldMapPlugin$$Lambda$1118/0x0000000800887040@6548d066)
2026-04-17 12:23:57 UTC [AWT-EventQueue-0] DEBUG n.r.client.plugins.PluginManager - Plugin QuestListPlugin is now running
2026-04-17 12:23:57 UTC [AWT-EventQueue-0] DEBUG n.runelite.client.eventbus.EventBus - Registering class net.runelite.api.events.VarbitChanged - EventBus.Subscriber(object=net.runelite.client.plugins.questlist.QuestListPlugin@33188612, method=public void net.runelite.client.plugins.questlist.QuestListPlugin.onVarbitChanged(net.runelite.api.events.VarbitChanged), priority=0.0, lambda=net.runelite.client.plugins.questlist.QuestListPlugin$$Lambda$1120/0x0000000800887840@3ef5a43)
2026-04-17 12:23:57 UTC [AWT-EventQueue-0] DEBUG n.runelite.client.eventbus.EventBus - Registering class net.runelite.api.events.ScriptPostFired - EventBus.Subscriber(object=net.runelite.client.plugins.questlist.QuestListPlugin@33188612, method=public void net.runelite.client.plugins.questlist.QuestListPlugin.onScriptPostFired(net.runelite.api.events.ScriptPostFired), priority=0.0, lambda=net.runelite.client.plugins.questlist.QuestListPlugin$$Lambda$1121/0x0000000800887c40@188e407)
2026-04-17 12:23:57 UTC [AWT-EventQueue-0] DEBUG n.runelite.client.eventbus.EventBus - Registering class net.runelite.api.events.ScriptCallbackEvent - EventBus.Subscriber(object=net.runelite.client.plugins.questlist.QuestListPlugin@33188612, method=public void net.runelite.client.plugins.questlist.QuestListPlugin.onScriptCallbackEvent(net.runelite.api.events.ScriptCallbackEvent), priority=0.0, lambda=net.runelite.client.plugins.questlist.QuestListPlugin$$Lambda$1122/0x0000000800888040@526887c6)
2026-04-17 12:23:57 UTC [AWT-EventQueue-0] DEBUG n.runelite.client.eventbus.EventBus - Registering class net.runelite.api.events.VarClientIntChanged - EventBus.Subscriber(object=net.runelite.client.plugins.questlist.QuestListPlugin@33188612, method=public void net.runelite.client.plugins.questlist.QuestListPlugin.onVarClientIntChanged(net.runelite.api.events.VarClientIntChanged), priority=0.0, lambda=net.runelite.client.plugins.questlist.QuestListPlugin$$Lambda$1123/0x0000000800888440@f97cb66)
2026-04-17 12:23:57 UTC [AWT-EventQueue-0] DEBUG n.r.client.plugins.PluginManager - Plugin CookingPlugin is now running
2026-04-17 12:23:57 UTC [AWT-EventQueue-0] DEBUG n.runelite.client.eventbus.EventBus - Registering class net.runelite.api.events.GameTick - EventBus.Subscriber(object=net.runelite.client.plugins.cooking.CookingPlugin@58aa10f4, method=public void net.runelite.client.plugins.cooking.CookingPlugin.onGameTick(net.runelite.api.events.GameTick), priority=0.0, lambda=net.runelite.client.plugins.cooking.CookingPlugin$$Lambda$1124/0x0000000800888840@555a0fc9)
2026-04-17 12:23:57 UTC [AWT-EventQueue-0] DEBUG n.runelite.client.eventbus.EventBus - Registering class net.runelite.api.events.ChatMessage - EventBus.Subscriber(object=net.runelite.client.plugins.cooking.CookingPlugin@58aa10f4, method=public void net.runelite.client.plugins.cooking.CookingPlugin.onChatMessage(net.runelite.api.events.ChatMessage), priority=0.0, lambda=net.runelite.client.plugins.cooking.CookingPlugin$$Lambda$1125/0x0000000800888c40@606ec3e9)
2026-04-17 12:23:57 UTC [AWT-EventQueue-0] DEBUG n.runelite.client.eventbus.EventBus - Registering class net.runelite.api.events.GraphicChanged - EventBus.Subscriber(object=net.runelite.client.plugins.cooking.CookingPlugin@58aa10f4, method=public void net.runelite.client.plugins.cooking.CookingPlugin.onGraphicChanged(net.runelite.api.events.GraphicChanged), priority=0.0, lambda=net.runelite.client.plugins.cooking.CookingPlugin$$Lambda$1126/0x0000000800889040@71f72005)
2026-04-17 12:23:57 UTC [AWT-EventQueue-0] DEBUG n.r.client.plugins.PluginManager - Plugin OpponentInfoPlugin is now running
2026-04-17 12:23:57 UTC [AWT-EventQueue-0] DEBUG n.runelite.client.eventbus.EventBus - Registering class net.runelite.api.events.GameStateChanged - EventBus.Subscriber(object=net.runelite.client.plugins.opponentinfo.OpponentInfoPlugin@661fe025, method=public void net.runelite.client.plugins.opponentinfo.OpponentInfoPlugin.onGameStateChanged(net.runelite.api.events.GameStateChanged), priority=0.0, lambda=net.runelite.client.plugins.opponentinfo.OpponentInfoPlugin$$Lambda$1127/0x0000000800889440@293f6c3a)
2026-04-17 12:23:57 UTC [AWT-EventQueue-0] DEBUG n.runelite.client.eventbus.EventBus - Registering class net.runelite.api.events.GameTick - EventBus.Subscriber(object=net.runelite.client.plugins.opponentinfo.OpponentInfoPlugin@661fe025, method=public void net.runelite.client.plugins.opponentinfo.OpponentInfoPlugin.onGameTick(net.runelite.api.events.GameTick), priority=0.0, lambda=net.runelite.client.plugins.opponentinfo.OpponentInfoPlugin$$Lambda$1128/0x0000000800889840@2778f02c)
2026-04-17 12:23:57 UTC [AWT-EventQueue-0] DEBUG n.runelite.client.eventbus.EventBus - Registering class net.runelite.api.events.ScriptPostFired - EventBus.Subscriber(object=net.runelite.client.plugins.opponentinfo.OpponentInfoPlugin@661fe025, method=public void net.runelite.client.plugins.opponentinfo.OpponentInfoPlugin.onScriptPostFired(net.runelite.api.events.ScriptPostFired), priority=0.0, lambda=net.runelite.client.plugins.opponentinfo.OpponentInfoPlugin$$Lambda$1129/0x0000000800889c40@e5a5165)
2026-04-17 12:23:57 UTC [AWT-EventQueue-0] DEBUG n.runelite.client.eventbus.EventBus - Registering class net.runelite.api.events.MenuEntryAdded - EventBus.Subscriber(object=net.runelite.client.plugins.opponentinfo.OpponentInfoPlugin@661fe025, method=public void net.runelite.client.plugins.opponentinfo.OpponentInfoPlugin.onMenuEntryAdded(net.runelite.api.events.MenuEntryAdded), priority=0.0, lambda=net.runelite.client.plugins.opponentinfo.OpponentInfoPlugin$$Lambda$1130/0x000000080088a040@39c529ba)
2026-04-17 12:23:57 UTC [AWT-EventQueue-0] DEBUG n.runelite.client.eventbus.EventBus - Registering class net.runelite.api.events.InteractingChanged - EventBus.Subscriber(object=net.runelite.client.plugins.opponentinfo.OpponentInfoPlugin@661fe025, method=public void net.runelite.client.plugins.opponentinfo.OpponentInfoPlugin.onInteractingChanged(net.runelite.api.events.InteractingChanged), priority=0.0, lambda=net.runelite.client.plugins.opponentinfo.OpponentInfoPlugin$$Lambda$1131/0x000000080088a440@c347900)
2026-04-17 12:23:57 UTC [AWT-EventQueue-0] DEBUG n.r.client.plugins.PluginManager - Plugin BarrowsPlugin is now running
2026-04-17 12:23:57 UTC [AWT-EventQueue-0] DEBUG n.runelite.client.eventbus.EventBus - Registering class net.runelite.client.events.ConfigChanged - EventBus.Subscriber(object=net.runelite.client.plugins.barrows.BarrowsPlugin@4346808, method=public void net.runelite.client.plugins.barrows.BarrowsPlugin.onConfigChanged(net.runelite.client.events.ConfigChanged), priority=0.0, lambda=net.runelite.client.plugins.barrows.BarrowsPlugin$$Lambda$1132/0x000000080088a840@2792b92a)
2026-04-17 12:23:57 UTC [AWT-EventQueue-0] DEBUG n.runelite.client.eventbus.EventBus - Registering class net.runelite.api.events.GameStateChanged - EventBus.Subscriber(object=net.runelite.client.plugins.barrows.BarrowsPlugin@4346808, method=public void net.runelite.client.plugins.barrows.BarrowsPlugin.onGameStateChanged(net.runelite.api.events.GameStateChanged), priority=0.0, lambda=net.runelite.client.plugins.barrows.BarrowsPlugin$$Lambda$1133/0x000000080088ac40@16be4d14)
2026-04-17 12:23:57 UTC [AWT-EventQueue-0] DEBUG n.runelite.client.eventbus.EventBus - Registering class net.runelite.api.events.WidgetLoaded - EventBus.Subscriber(object=net.runelite.client.plugins.barrows.BarrowsPlugin@4346808, method=public void net.runelite.client.plugins.barrows.BarrowsPlugin.onWidgetLoaded(net.runelite.api.events.WidgetLoaded), priority=0.0, lambda=net.runelite.client.plugins.barrows.BarrowsPlugin$$Lambda$1134/0x000000080088b040@45c88362)
2026-04-17 12:23:57 UTC [AWT-EventQueue-0] DEBUG n.runelite.client.eventbus.EventBus - Registering class net.runelite.api.events.WidgetClosed - EventBus.Subscriber(object=net.runelite.client.plugins.barrows.BarrowsPlugin@4346808, method=public void net.runelite.client.plugins.barrows.BarrowsPlugin.onWidgetClosed(net.runelite.api.events.WidgetClosed), priority=0.0, lambda=net.runelite.client.plugins.barrows.BarrowsPlugin$$Lambda$1135/0x000000080088b440@76ba6afc)
2026-04-17 12:23:57 UTC [AWT-EventQueue-0] DEBUG n.runelite.client.eventbus.EventBus - Registering class net.runelite.api.events.BeforeRender - EventBus.Subscriber(object=net.runelite.client.plugins.barrows.BarrowsPlugin@4346808, method=public void net.runelite.client.plugins.barrows.BarrowsPlugin.onBeforeRender(net.runelite.api.events.BeforeRender), priority=0.0, lambda=net.runelite.client.plugins.barrows.BarrowsPlugin$$Lambda$1136/0x000000080088b840@9cd699b)
2026-04-17 12:23:57 UTC [AWT-EventQueue-0] DEBUG net.runelite.client.input.KeyManager - Registering key listener: net.runelite.client.plugins.chatcommands.ChatKeyboardListener@dead6c3
2026-04-17 12:23:57 UTC [AWT-EventQueue-0] DEBUG n.r.client.plugins.PluginManager - Plugin ChatCommandsPlugin is now running
2026-04-17 12:23:57 UTC [AWT-EventQueue-0] DEBUG n.runelite.client.eventbus.EventBus - Registering class net.runelite.api.events.GameStateChanged - EventBus.Subscriber(object=net.runelite.client.plugins.chatcommands.ChatCommandsPlugin@79d3473e, method=public void net.runelite.client.plugins.chatcommands.ChatCommandsPlugin.onGameStateChanged(net.runelite.api.events.GameStateChanged), priority=0.0, lambda=net.runelite.client.plugins.chatcommands.ChatCommandsPlugin$$Lambda$1164/0x0000000800892840@4dd051c1)
2026-04-17 12:23:57 UTC [AWT-EventQueue-0] DEBUG n.runelite.client.eventbus.EventBus - Registering class net.runelite.api.events.WidgetLoaded - EventBus.Subscriber(object=net.runelite.client.plugins.chatcommands.ChatCommandsPlugin@79d3473e, method=public void net.runelite.client.plugins.chatcommands.ChatCommandsPlugin.onWidgetLoaded(net.runelite.api.events.WidgetLoaded), priority=0.0, lambda=net.runelite.client.plugins.chatcommands.ChatCommandsPlugin$$Lambda$1165/0x0000000800892c40@4bbafcc9)
2026-04-17 12:23:57 UTC [AWT-EventQueue-0] DEBUG n.runelite.client.eventbus.EventBus - Registering class net.runelite.api.events.VarbitChanged - EventBus.Subscriber(object=net.runelite.client.plugins.chatcommands.ChatCommandsPlugin@79d3473e, method=public void net.runelite.client.plugins.chatcommands.ChatCommandsPlugin.onVarbitChanged(net.runelite.api.events.VarbitChanged), priority=0.0, lambda=net.runelite.client.plugins.chatcommands.ChatCommandsPlugin$$Lambda$1166/0x0000000800893040@6c6fdc3)
2026-04-17 12:23:57 UTC [AWT-EventQueue-0] DEBUG n.runelite.client.eventbus.EventBus - Registering class net.runelite.api.events.GameTick - EventBus.Subscriber(object=net.runelite.client.plugins.chatcommands.ChatCommandsPlugin@79d3473e, method=public void net.runelite.client.plugins.chatcommands.ChatCommandsPlugin.onGameTick(net.runelite.api.events.GameTick), priority=0.0, lambda=net.runelite.client.plugins.chatcommands.ChatCommandsPlugin$$Lambda$1167/0x0000000800893440@3ee6f285)
2026-04-17 12:23:57 UTC [AWT-EventQueue-0] DEBUG n.runelite.client.eventbus.EventBus - Registering class net.runelite.api.events.ScriptPostFired - EventBus.Subscriber(object=net.runelite.client.plugins.chatcommands.ChatCommandsPlugin@79d3473e, method=public void net.runelite.client.plugins.chatcommands.ChatCommandsPlugin.onScriptPostFired(net.runelite.api.events.ScriptPostFired), priority=0.0, lambda=net.runelite.client.plugins.chatcommands.ChatCommandsPlugin$$Lambda$1168/0x0000000800893840@7945966e)
2026-04-17 12:23:57 UTC [AWT-EventQueue-0] DEBUG n.runelite.client.eventbus.EventBus - Registering class net.runelite.api.events.ChatMessage - EventBus.Subscriber(object=net.runelite.client.plugins.chatcommands.ChatCommandsPlugin@79d3473e, method=public void net.runelite.client.plugins.chatcommands.ChatCommandsPlugin.onChatMessage(net.runelite.api.events.ChatMessage), priority=0.0, lambda=net.runelite.client.plugins.chatcommands.ChatCommandsPlugin$$Lambda$1169/0x0000000800893c40@62ff91bb)
2026-04-17 12:23:57 UTC [AWT-EventQueue-0] DEBUG n.r.client.plugins.PluginManager - Plugin BlastMinePlugin is now running
2026-04-17 12:23:57 UTC [AWT-EventQueue-0] DEBUG n.runelite.client.eventbus.EventBus - Registering class net.runelite.api.events.GameStateChanged - EventBus.Subscriber(object=net.runelite.client.plugins.blastmine.BlastMinePlugin@39de9bda, method=public void net.runelite.client.plugins.blastmine.BlastMinePlugin.onGameStateChanged(net.runelite.api.events.GameStateChanged), priority=0.0, lambda=net.runelite.client.plugins.blastmine.BlastMinePlugin$$Lambda$1171/0x0000000800894440@1d3810f6)
2026-04-17 12:23:57 UTC [AWT-EventQueue-0] DEBUG n.runelite.client.eventbus.EventBus - Registering class net.runelite.api.events.GameTick - EventBus.Subscriber(object=net.runelite.client.plugins.blastmine.BlastMinePlugin@39de9bda, method=public void net.runelite.client.plugins.blastmine.BlastMinePlugin.onGameTick(net.runelite.api.events.GameTick), priority=0.0, lambda=net.runelite.client.plugins.blastmine.BlastMinePlugin$$Lambda$1172/0x0000000800894840@49be96c9)
2026-04-17 12:23:57 UTC [AWT-EventQueue-0] DEBUG n.runelite.client.eventbus.EventBus - Registering class net.runelite.api.events.GameObjectSpawned - EventBus.Subscriber(object=net.runelite.client.plugins.blastmine.BlastMinePlugin@39de9bda, method=public void net.runelite.client.plugins.blastmine.BlastMinePlugin.onGameObjectSpawned(net.runelite.api.events.GameObjectSpawned), priority=0.0, lambda=net.runelite.client.plugins.blastmine.BlastMinePlugin$$Lambda$1173/0x0000000800894c40@49c2a1b)
2026-04-17 12:23:57 UTC [AWT-EventQueue-0] DEBUG n.r.client.plugins.PluginManager - Plugin ItemStatPlugin is now running
2026-04-17 12:23:57 UTC [AWT-EventQueue-0] DEBUG n.runelite.client.eventbus.EventBus - Registering class net.runelite.client.events.ConfigChanged - EventBus.Subscriber(object=net.runelite.client.plugins.itemstats.ItemStatPlugin@6cfbbff7, method=public void net.runelite.client.plugins.itemstats.ItemStatPlugin.onConfigChanged(net.runelite.client.events.ConfigChanged), priority=0.0, lambda=net.runelite.client.plugins.itemstats.ItemStatPlugin$$Lambda$1174/0x0000000800895040@53a28b0b)
2026-04-17 12:23:57 UTC [AWT-EventQueue-0] DEBUG n.runelite.client.eventbus.EventBus - Registering class net.runelite.api.events.VarbitChanged - EventBus.Subscriber(object=net.runelite.client.plugins.itemstats.ItemStatPlugin@6cfbbff7, method=public void net.runelite.client.plugins.itemstats.ItemStatPlugin.onVarbitChanged(net.runelite.api.events.VarbitChanged), priority=0.0, lambda=net.runelite.client.plugins.itemstats.ItemStatPlugin$$Lambda$1175/0x0000000800895440@67279df8)
2026-04-17 12:23:57 UTC [AWT-EventQueue-0] DEBUG n.runelite.client.eventbus.EventBus - Registering class net.runelite.api.events.GameTick - EventBus.Subscriber(object=net.runelite.client.plugins.itemstats.ItemStatPlugin@6cfbbff7, method=public void net.runelite.client.plugins.itemstats.ItemStatPlugin.onGameTick(net.runelite.api.events.GameTick), priority=0.0, lambda=net.runelite.client.plugins.itemstats.ItemStatPlugin$$Lambda$1176/0x0000000800895840@62e69dd7)
2026-04-17 12:23:57 UTC [AWT-EventQueue-0] DEBUG n.runelite.client.eventbus.EventBus - Registering class net.runelite.api.events.ScriptPostFired - EventBus.Subscriber(object=net.runelite.client.plugins.itemstats.ItemStatPlugin@6cfbbff7, method=public void net.runelite.client.plugins.itemstats.ItemStatPlugin.onScriptPostFired(net.runelite.api.events.ScriptPostFired), priority=0.0, lambda=net.runelite.client.plugins.itemstats.ItemStatPlugin$$Lambda$1177/0x0000000800895c40@5269ed88)
2026-04-17 12:23:57 UTC [AWT-EventQueue-0] DEBUG n.r.client.plugins.PluginManager - Plugin HiscorePlugin is now running
2026-04-17 12:23:57 UTC [AWT-EventQueue-0] DEBUG n.runelite.client.eventbus.EventBus - Registering class net.runelite.client.events.ConfigChanged - EventBus.Subscriber(object=net.runelite.client.plugins.hiscore.HiscorePlugin@67fa5045, method=public void net.runelite.client.plugins.hiscore.HiscorePlugin.onConfigChanged(net.runelite.client.events.ConfigChanged), priority=0.0, lambda=net.runelite.client.plugins.hiscore.HiscorePlugin$$Lambda$1182/0x0000000800897040@760c1bc2)
2026-04-17 12:23:57 UTC [AWT-EventQueue-0] DEBUG n.runelite.client.eventbus.EventBus - Registering class net.runelite.api.events.VarbitChanged - EventBus.Subscriber(object=net.runelite.client.plugins.hiscore.HiscorePlugin@67fa5045, method=public void net.runelite.client.plugins.hiscore.HiscorePlugin.onVarbitChanged(net.runelite.api.events.VarbitChanged), priority=0.0, lambda=net.runelite.client.plugins.hiscore.HiscorePlugin$$Lambda$1183/0x0000000800897440@2ac711d7)
2026-04-17 12:23:57 UTC [AWT-EventQueue-0] DEBUG n.runelite.client.eventbus.EventBus - Registering class net.runelite.api.events.ChatMessage - EventBus.Subscriber(object=net.runelite.client.plugins.hiscore.HiscorePlugin@67fa5045, method=public void net.runelite.client.plugins.hiscore.HiscorePlugin.onChatMessage(net.runelite.api.events.ChatMessage), priority=0.0, lambda=net.runelite.client.plugins.hiscore.HiscorePlugin$$Lambda$1184/0x0000000800897840@2146a4c3)
2026-04-17 12:23:57 UTC [AWT-EventQueue-0] DEBUG n.runelite.client.eventbus.EventBus - Registering class net.runelite.api.events.MenuEntryAdded - EventBus.Subscriber(object=net.runelite.client.plugins.hiscore.HiscorePlugin@67fa5045, method=public void net.runelite.client.plugins.hiscore.HiscorePlugin.onMenuEntryAdded(net.runelite.api.events.MenuEntryAdded), priority=0.0, lambda=net.runelite.client.plugins.hiscore.HiscorePlugin$$Lambda$1185/0x0000000800897c40@3175022e)
2026-04-17 12:23:57 UTC [AWT-EventQueue-0] DEBUG n.runelite.client.eventbus.EventBus - Registering class net.runelite.api.events.MenuOptionClicked - EventBus.Subscriber(object=net.runelite.client.plugins.hiscore.HiscorePlugin@67fa5045, method=public void net.runelite.client.plugins.hiscore.HiscorePlugin.onMenuOptionClicked(net.runelite.api.events.MenuOptionClicked), priority=0.0, lambda=net.runelite.client.plugins.hiscore.HiscorePlugin$$Lambda$1186/0x0000000800898040@1782c8f)
2026-04-17 12:23:57 UTC [AWT-EventQueue-0] DEBUG n.runelite.client.eventbus.EventBus - Registering class net.runelite.api.events.MenuOpened - EventBus.Subscriber(object=net.runelite.client.plugins.hiscore.HiscorePlugin@67fa5045, method=private void net.runelite.client.plugins.hiscore.HiscorePlugin.onMenuOpened(net.runelite.api.events.MenuOpened), priority=0.0, lambda=net.runelite.client.plugins.hiscore.HiscorePlugin$$Lambda$1187/0x0000000800898440@4cce61a1)
2026-04-17 12:23:57 UTC [AWT-EventQueue-0] DEBUG n.r.client.plugins.PluginManager - Plugin FriendNotesPlugin is now running
2026-04-17 12:23:57 UTC [AWT-EventQueue-0] DEBUG n.runelite.client.eventbus.EventBus - Registering class net.runelite.client.events.ConfigChanged - EventBus.Subscriber(object=net.runelite.client.plugins.friendnotes.FriendNotesPlugin@6eb089e6, method=public void net.runelite.client.plugins.friendnotes.FriendNotesPlugin.onConfigChanged(net.runelite.client.events.ConfigChanged), priority=0.0, lambda=net.runelite.client.plugins.friendnotes.FriendNotesPlugin$$Lambda$1189/0x0000000800898c40@c88a78a)
2026-04-17 12:23:57 UTC [AWT-EventQueue-0] DEBUG n.runelite.client.eventbus.EventBus - Registering class net.runelite.api.events.ScriptCallbackEvent - EventBus.Subscriber(object=net.runelite.client.plugins.friendnotes.FriendNotesPlugin@6eb089e6, method=public void net.runelite.client.plugins.friendnotes.FriendNotesPlugin.onScriptCallbackEvent(net.runelite.api.events.ScriptCallbackEvent), priority=0.0, lambda=net.runelite.client.plugins.friendnotes.FriendNotesPlugin$$Lambda$1190/0x0000000800899040@18e5140b)
2026-04-17 12:23:57 UTC [AWT-EventQueue-0] DEBUG n.runelite.client.eventbus.EventBus - Registering class net.runelite.api.events.MenuEntryAdded - EventBus.Subscriber(object=net.runelite.client.plugins.friendnotes.FriendNotesPlugin@6eb089e6, method=public void net.runelite.client.plugins.friendnotes.FriendNotesPlugin.onMenuEntryAdded(net.runelite.api.events.MenuEntryAdded), priority=0.0, lambda=net.runelite.client.plugins.friendnotes.FriendNotesPlugin$$Lambda$1191/0x0000000800899440@c77b71a)
2026-04-17 12:23:57 UTC [AWT-EventQueue-0] DEBUG n.runelite.client.eventbus.EventBus - Registering class net.runelite.api.events.NameableNameChanged - EventBus.Subscriber(object=net.runelite.client.plugins.friendnotes.FriendNotesPlugin@6eb089e6, method=public void net.runelite.client.plugins.friendnotes.FriendNotesPlugin.onNameableNameChanged(net.runelite.api.events.NameableNameChanged), priority=0.0, lambda=net.runelite.client.plugins.friendnotes.FriendNotesPlugin$$Lambda$1192/0x0000000800899840@af31a10)
2026-04-17 12:23:57 UTC [AWT-EventQueue-0] DEBUG n.runelite.client.eventbus.EventBus - Registering class net.runelite.api.events.RemovedFriend - EventBus.Subscriber(object=net.runelite.client.plugins.friendnotes.FriendNotesPlugin@6eb089e6, method=public void net.runelite.client.plugins.friendnotes.FriendNotesPlugin.onRemovedFriend(net.runelite.api.events.RemovedFriend), priority=0.0, lambda=net.runelite.client.plugins.friendnotes.FriendNotesPlugin$$Lambda$1193/0x0000000800899c40@29f39038)
2026-04-17 12:23:57 UTC [AWT-EventQueue-0] DEBUG net.runelite.client.input.KeyManager - Registering key listener: net.runelite.client.plugins.raids.RaidsPlugin$1@69c4be0b
2026-04-17 12:23:57 UTC [AWT-EventQueue-0] DEBUG n.r.client.plugins.PluginManager - Plugin RaidsPlugin is now running
2026-04-17 12:23:57 UTC [AWT-EventQueue-0] DEBUG n.runelite.client.eventbus.EventBus - Registering class net.runelite.client.events.ConfigChanged - EventBus.Subscriber(object=net.runelite.client.plugins.raids.RaidsPlugin@73894c5a, method=public void net.runelite.client.plugins.raids.RaidsPlugin.onConfigChanged(net.runelite.client.events.ConfigChanged), priority=0.0, lambda=net.runelite.client.plugins.raids.RaidsPlugin$$Lambda$1197/0x000000080089ac40@5c578a81)
2026-04-17 12:23:57 UTC [AWT-EventQueue-0] DEBUG n.runelite.client.eventbus.EventBus - Registering class net.runelite.api.events.GameStateChanged - EventBus.Subscriber(object=net.runelite.client.plugins.raids.RaidsPlugin@73894c5a, method=public void net.runelite.client.plugins.raids.RaidsPlugin.onGameStateChanged(net.runelite.api.events.GameStateChanged), priority=0.0, lambda=net.runelite.client.plugins.raids.RaidsPlugin$$Lambda$1198/0x000000080089b040@fe900f2)
2026-04-17 12:23:57 UTC [AWT-EventQueue-0] DEBUG n.runelite.client.eventbus.EventBus - Registering class net.runelite.api.events.VarbitChanged - EventBus.Subscriber(object=net.runelite.client.plugins.raids.RaidsPlugin@73894c5a, method=public void net.runelite.client.plugins.raids.RaidsPlugin.onVarbitChanged(net.runelite.api.events.VarbitChanged), priority=0.0, lambda=net.runelite.client.plugins.raids.RaidsPlugin$$Lambda$1199/0x000000080089b440@3928cb47)
2026-04-17 12:23:57 UTC [AWT-EventQueue-0] DEBUG n.runelite.client.eventbus.EventBus - Registering class net.runelite.api.events.ChatMessage - EventBus.Subscriber(object=net.runelite.client.plugins.raids.RaidsPlugin@73894c5a, method=public void net.runelite.client.plugins.raids.RaidsPlugin.onChatMessage(net.runelite.api.events.ChatMessage), priority=0.0, lambda=net.runelite.client.plugins.raids.RaidsPlugin$$Lambda$1200/0x000000080089b840@338edcdb)
2026-04-17 12:23:57 UTC [AWT-EventQueue-0] DEBUG n.r.client.plugins.PluginManager - Plugin CorpPlugin is now running
2026-04-17 12:23:57 UTC [AWT-EventQueue-0] DEBUG n.runelite.client.eventbus.EventBus - Registering class net.runelite.api.events.GameStateChanged - EventBus.Subscriber(object=net.runelite.client.plugins.corp.CorpPlugin@43f03c23, method=public void net.runelite.client.plugins.corp.CorpPlugin.onGameStateChanged(net.runelite.api.events.GameStateChanged), priority=0.0, lambda=net.runelite.client.plugins.corp.CorpPlugin$$Lambda$1201/0x000000080089bc40@2eebf9a3)
2026-04-17 12:23:57 UTC [AWT-EventQueue-0] DEBUG n.runelite.client.eventbus.EventBus - Registering class net.runelite.api.events.VarbitChanged - EventBus.Subscriber(object=net.runelite.client.plugins.corp.CorpPlugin@43f03c23, method=public void net.runelite.client.plugins.corp.CorpPlugin.onVarbitChanged(net.runelite.api.events.VarbitChanged), priority=0.0, lambda=net.runelite.client.plugins.corp.CorpPlugin$$Lambda$1202/0x000000080089c040@21a9176a)
2026-04-17 12:23:57 UTC [AWT-EventQueue-0] DEBUG n.runelite.client.eventbus.EventBus - Registering class net.runelite.api.events.NpcSpawned - EventBus.Subscriber(object=net.runelite.client.plugins.corp.CorpPlugin@43f03c23, method=public void net.runelite.client.plugins.corp.CorpPlugin.onNpcSpawned(net.runelite.api.events.NpcSpawned), priority=0.0, lambda=net.runelite.client.plugins.corp.CorpPlugin$$Lambda$1203/0x000000080089c440@3afe8ec5)
2026-04-17 12:23:57 UTC [AWT-EventQueue-0] DEBUG n.runelite.client.eventbus.EventBus - Registering class net.runelite.api.events.NpcDespawned - EventBus.Subscriber(object=net.runelite.client.plugins.corp.CorpPlugin@43f03c23, method=public void net.runelite.client.plugins.corp.CorpPlugin.onNpcDespawned(net.runelite.api.events.NpcDespawned), priority=0.0, lambda=net.runelite.client.plugins.corp.CorpPlugin$$Lambda$1204/0x000000080089c840@5c1ad166)
2026-04-17 12:23:57 UTC [AWT-EventQueue-0] DEBUG n.runelite.client.eventbus.EventBus - Registering class net.runelite.api.events.MenuEntryAdded - EventBus.Subscriber(object=net.runelite.client.plugins.corp.CorpPlugin@43f03c23, method=public void net.runelite.client.plugins.corp.CorpPlugin.onMenuEntryAdded(net.runelite.api.events.MenuEntryAdded), priority=0.0, lambda=net.runelite.client.plugins.corp.CorpPlugin$$Lambda$1205/0x000000080089cc40@13f38192)
2026-04-17 12:23:57 UTC [AWT-EventQueue-0] DEBUG n.runelite.client.eventbus.EventBus - Registering class net.runelite.api.events.HitsplatApplied - EventBus.Subscriber(object=net.runelite.client.plugins.corp.CorpPlugin@43f03c23, method=public void net.runelite.client.plugins.corp.CorpPlugin.onHitsplatApplied(net.runelite.api.events.HitsplatApplied), priority=0.0, lambda=net.runelite.client.plugins.corp.CorpPlugin$$Lambda$1206/0x000000080089d040@2027ba71)
2026-04-17 12:23:57 UTC [AWT-EventQueue-0] DEBUG n.runelite.client.eventbus.EventBus - Registering class net.runelite.api.events.InteractingChanged - EventBus.Subscriber(object=net.runelite.client.plugins.corp.CorpPlugin@43f03c23, method=public void net.runelite.client.plugins.corp.CorpPlugin.onInteractingChanged(net.runelite.api.events.InteractingChanged), priority=0.0, lambda=net.runelite.client.plugins.corp.CorpPlugin$$Lambda$1207/0x000000080089d440@5f30c1b5)
2026-04-17 12:23:57 UTC [AWT-EventQueue-0] DEBUG n.r.client.plugins.PluginManager - Plugin TearsOfGuthixPlugin is now running
2026-04-17 12:23:57 UTC [AWT-EventQueue-0] DEBUG n.runelite.client.eventbus.EventBus - Registering class net.runelite.api.events.GameStateChanged - EventBus.Subscriber(object=net.runelite.client.plugins.tearsofguthix.TearsOfGuthixPlugin@64bebd55, method=public void net.runelite.client.plugins.tearsofguthix.TearsOfGuthixPlugin.onGameStateChanged(net.runelite.api.events.GameStateChanged), priority=0.0, lambda=net.runelite.client.plugins.tearsofguthix.TearsOfGuthixPlugin$$Lambda$1208/0x000000080089d840@5f6cb5b0)
2026-04-17 12:23:57 UTC [AWT-EventQueue-0] DEBUG n.runelite.client.eventbus.EventBus - Registering class net.runelite.api.events.DecorativeObjectSpawned - EventBus.Subscriber(object=net.runelite.client.plugins.tearsofguthix.TearsOfGuthixPlugin@64bebd55, method=public void net.runelite.client.plugins.tearsofguthix.TearsOfGuthixPlugin.onDecorativeObjectSpawned(net.runelite.api.events.DecorativeObjectSpawned), priority=0.0, lambda=net.runelite.client.plugins.tearsofguthix.TearsOfGuthixPlugin$$Lambda$1209/0x000000080089dc40@7ba9c201)
2026-04-17 12:23:57 UTC [AWT-EventQueue-0] DEBUG n.runelite.client.eventbus.EventBus - Registering class net.runelite.api.events.DecorativeObjectDespawned - EventBus.Subscriber(object=net.runelite.client.plugins.tearsofguthix.TearsOfGuthixPlugin@64bebd55, method=public void net.runelite.client.plugins.tearsofguthix.TearsOfGuthixPlugin.onDecorativeObjectDespawned(net.runelite.api.events.DecorativeObjectDespawned), priority=0.0, lambda=net.runelite.client.plugins.tearsofguthix.TearsOfGuthixPlugin$$Lambda$1210/0x000000080089e040@6fe8b7c2)
2026-04-17 12:23:57 UTC [AWT-EventQueue-0] DEBUG n.r.client.plugins.PluginManager - Plugin SmeltingPlugin is now running
2026-04-17 12:23:57 UTC [AWT-EventQueue-0] DEBUG n.runelite.client.eventbus.EventBus - Registering class net.runelite.api.events.GameTick - EventBus.Subscriber(object=net.runelite.client.plugins.smelting.SmeltingPlugin@373052b5, method=public void net.runelite.client.plugins.smelting.SmeltingPlugin.onGameTick(net.runelite.api.events.GameTick), priority=0.0, lambda=net.runelite.client.plugins.smelting.SmeltingPlugin$$Lambda$1211/0x000000080089e440@546a4c22)
2026-04-17 12:23:57 UTC [AWT-EventQueue-0] DEBUG n.runelite.client.eventbus.EventBus - Registering class net.runelite.api.events.ChatMessage - EventBus.Subscriber(object=net.runelite.client.plugins.smelting.SmeltingPlugin@373052b5, method=public void net.runelite.client.plugins.smelting.SmeltingPlugin.onChatMessage(net.runelite.api.events.ChatMessage), priority=0.0, lambda=net.runelite.client.plugins.smelting.SmeltingPlugin$$Lambda$1212/0x000000080089e840@78471b30)
2026-04-17 12:23:57 UTC [AWT-EventQueue-0] DEBUG n.r.client.plugins.PluginManager - Plugin AccountPlugin is now running
2026-04-17 12:23:57 UTC [AWT-EventQueue-0] DEBUG n.runelite.client.eventbus.EventBus - Registering class net.runelite.client.events.SessionOpen - EventBus.Subscriber(object=net.runelite.client.plugins.account.AccountPlugin@800d065, method=public void net.runelite.client.plugins.account.AccountPlugin.onSessionOpen(net.runelite.client.events.SessionOpen), priority=0.0, lambda=net.runelite.client.plugins.account.AccountPlugin$$Lambda$1216/0x000000080089f840@6b508faf)
2026-04-17 12:23:57 UTC [AWT-EventQueue-0] DEBUG n.runelite.client.eventbus.EventBus - Registering class net.runelite.client.events.SessionClose - EventBus.Subscriber(object=net.runelite.client.plugins.account.AccountPlugin@800d065, method=public void net.runelite.client.plugins.account.AccountPlugin.onSessionClose(net.runelite.client.events.SessionClose), priority=0.0, lambda=net.runelite.client.plugins.account.AccountPlugin$$Lambda$1217/0x000000080089fc40@3eb1fdc3)
2026-04-17 12:23:57 UTC [AWT-EventQueue-0] DEBUG n.r.client.plugins.PluginManager - Plugin MinimapPlugin is now running
2026-04-17 12:23:57 UTC [AWT-EventQueue-0] DEBUG n.runelite.client.eventbus.EventBus - Registering class net.runelite.client.events.ConfigChanged - EventBus.Subscriber(object=net.runelite.client.plugins.minimap.MinimapPlugin@d13960e, method=public void net.runelite.client.plugins.minimap.MinimapPlugin.onConfigChanged(net.runelite.client.events.ConfigChanged), priority=0.0, lambda=net.runelite.client.plugins.minimap.MinimapPlugin$$Lambda$1220/0x00000008008a0840@5ea1bf74)
2026-04-17 12:23:57 UTC [AWT-EventQueue-0] DEBUG n.runelite.client.eventbus.EventBus - Registering class net.runelite.api.events.GameStateChanged - EventBus.Subscriber(object=net.runelite.client.plugins.minimap.MinimapPlugin@d13960e, method=public void net.runelite.client.plugins.minimap.MinimapPlugin.onGameStateChanged(net.runelite.api.events.GameStateChanged), priority=0.0, lambda=net.runelite.client.plugins.minimap.MinimapPlugin$$Lambda$1221/0x00000008008a0c40@5c88d65f)
2026-04-17 12:23:57 UTC [AWT-EventQueue-0] DEBUG n.runelite.client.eventbus.EventBus - Registering class net.runelite.api.events.ScriptPostFired - EventBus.Subscriber(object=net.runelite.client.plugins.minimap.MinimapPlugin@d13960e, method=public void net.runelite.client.plugins.minimap.MinimapPlugin.onScriptPostFired(net.runelite.api.events.ScriptPostFired), priority=0.0, lambda=net.runelite.client.plugins.minimap.MinimapPlugin$$Lambda$1222/0x00000008008a1040@22822b25)
2026-04-17 12:23:57 UTC [AWT-EventQueue-0] DEBUG n.r.client.plugins.PluginManager - Scheduled task ScheduledMethod(schedule=@net.runelite.client.task.Schedule(asynchronous=true, period=11, unit=Seconds), method=public void net.runelite.client.plugins.minimap.MinimapPlugin.saveZoom(), object=net.runelite.client.plugins.minimap.MinimapPlugin@d13960e, lambda=net.runelite.client.plugins.minimap.MinimapPlugin$$Lambda$1223/0x00000008008a1440@1bdaefb2, last=2026-04-17T12:23:57.855813Z)
2026-04-17 12:23:57 UTC [AWT-EventQueue-0] DEBUG n.r.client.plugins.PluginManager - Plugin PlayerIndicatorsPlugin is now running
2026-04-17 12:23:57 UTC [AWT-EventQueue-0] DEBUG n.runelite.client.eventbus.EventBus - Registering class net.runelite.api.events.ScriptPostFired - EventBus.Subscriber(object=net.runelite.client.plugins.playerindicators.PlayerIndicatorsPlugin@59a2388e, method=public void net.runelite.client.plugins.playerindicators.PlayerIndicatorsPlugin.onScriptPostFired(net.runelite.api.events.ScriptPostFired), priority=0.0, lambda=net.runelite.client.plugins.playerindicators.PlayerIndicatorsPlugin$$Lambda$1224/0x00000008008a1840@44c552e1)
2026-04-17 12:23:57 UTC [AWT-EventQueue-0] DEBUG n.runelite.client.eventbus.EventBus - Registering class net.runelite.client.events.ProfileChanged - EventBus.Subscriber(object=net.runelite.client.plugins.playerindicators.PlayerIndicatorsPlugin@59a2388e, method=public void net.runelite.client.plugins.playerindicators.PlayerIndicatorsPlugin.onProfileChanged(net.runelite.client.events.ProfileChanged), priority=0.0, lambda=net.runelite.client.plugins.playerindicators.PlayerIndicatorsPlugin$$Lambda$1225/0x00000008008a1c40@7e6b8ea7)
2026-04-17 12:23:57 UTC [AWT-EventQueue-0] DEBUG n.runelite.client.eventbus.EventBus - Registering class net.runelite.api.events.ClientTick - EventBus.Subscriber(object=net.runelite.client.plugins.playerindicators.PlayerIndicatorsPlugin@59a2388e, method=public void net.runelite.client.plugins.playerindicators.PlayerIndicatorsPlugin.onClientTick(net.runelite.api.events.ClientTick), priority=0.0, lambda=net.runelite.client.plugins.playerindicators.PlayerIndicatorsPlugin$$Lambda$1226/0x00000008008a2040@297bc88a)
2026-04-17 12:23:57 UTC [AWT-EventQueue-0] DEBUG net.runelite.client.input.KeyManager - Registering key listener: net.runelite.client.plugins.bank.BankPlugin$1@194a4c1f
2026-04-17 12:23:57 UTC [AWT-EventQueue-0] DEBUG n.r.client.plugins.PluginManager - Plugin BankPlugin is now running
2026-04-17 12:23:57 UTC [AWT-EventQueue-0] DEBUG n.runelite.client.eventbus.EventBus - Registering class net.runelite.api.events.WidgetLoaded - EventBus.Subscriber(object=net.runelite.client.plugins.bank.BankPlugin@59838256, method=public void net.runelite.client.plugins.bank.BankPlugin.onWidgetLoaded(net.runelite.api.events.WidgetLoaded), priority=0.0, lambda=net.runelite.client.plugins.bank.BankPlugin$$Lambda$1228/0x00000008008a2840@420ee190)
2026-04-17 12:23:57 UTC [AWT-EventQueue-0] DEBUG n.runelite.client.eventbus.EventBus - Registering class net.runelite.api.events.ScriptPostFired - EventBus.Subscriber(object=net.runelite.client.plugins.bank.BankPlugin@59838256, method=public void net.runelite.client.plugins.bank.BankPlugin.onScriptPostFired(net.runelite.api.events.ScriptPostFired), priority=0.0, lambda=net.runelite.client.plugins.bank.BankPlugin$$Lambda$1229/0x00000008008a2c40@7ea7c6d0)
2026-04-17 12:23:57 UTC [AWT-EventQueue-0] DEBUG n.runelite.client.eventbus.EventBus - Registering class net.runelite.api.events.ItemContainerChanged - EventBus.Subscriber(object=net.runelite.client.plugins.bank.BankPlugin@59838256, method=public void net.runelite.client.plugins.bank.BankPlugin.onItemContainerChanged(net.runelite.api.events.ItemContainerChanged), priority=0.0, lambda=net.runelite.client.plugins.bank.BankPlugin$$Lambda$1230/0x00000008008a3040@47532441)
2026-04-17 12:23:57 UTC [AWT-EventQueue-0] DEBUG n.runelite.client.eventbus.EventBus - Registering class net.runelite.api.events.MenuShouldLeftClick - EventBus.Subscriber(object=net.runelite.client.plugins.bank.BankPlugin@59838256, method=public void net.runelite.client.plugins.bank.BankPlugin.onMenuShouldLeftClick(net.runelite.api.events.MenuShouldLeftClick), priority=0.0, lambda=net.runelite.client.plugins.bank.BankPlugin$$Lambda$1231/0x00000008008a3440@3505a4)
2026-04-17 12:23:57 UTC [AWT-EventQueue-0] DEBUG n.runelite.client.eventbus.EventBus - Registering class net.runelite.api.events.ScriptPreFired - EventBus.Subscriber(object=net.runelite.client.plugins.bank.BankPlugin@59838256, method=public void net.runelite.client.plugins.bank.BankPlugin.onScriptPreFired(net.runelite.api.events.ScriptPreFired), priority=1.0, lambda=net.runelite.client.plugins.bank.BankPlugin$$Lambda$1232/0x00000008008a3840@ee1d093)
2026-04-17 12:23:57 UTC [AWT-EventQueue-0] DEBUG n.runelite.client.eventbus.EventBus - Registering class net.runelite.api.events.ScriptCallbackEvent - EventBus.Subscriber(object=net.runelite.client.plugins.bank.BankPlugin@59838256, method=public void net.runelite.client.plugins.bank.BankPlugin.onScriptCallbackEvent(net.runelite.api.events.ScriptCallbackEvent), priority=0.0, lambda=net.runelite.client.plugins.bank.BankPlugin$$Lambda$1233/0x00000008008a3c40@4082fecc)
2026-04-17 12:23:57 UTC [AWT-EventQueue-0] DEBUG n.runelite.client.eventbus.EventBus - Registering class net.runelite.api.events.MenuEntryAdded - EventBus.Subscriber(object=net.runelite.client.plugins.bank.BankPlugin@59838256, method=public void net.runelite.client.plugins.bank.BankPlugin.onMenuEntryAdded(net.runelite.api.events.MenuEntryAdded), priority=0.0, lambda=net.runelite.client.plugins.bank.BankPlugin$$Lambda$1234/0x00000008008a4040@64329955)
2026-04-17 12:23:57 UTC [AWT-EventQueue-0] DEBUG n.r.client.plugins.PluginManager - Plugin FpsPlugin is now running
2026-04-17 12:23:57 UTC [AWT-EventQueue-0] DEBUG n.runelite.client.eventbus.EventBus - Registering class net.runelite.client.events.ConfigChanged - EventBus.Subscriber(object=net.runelite.client.plugins.fps.FpsPlugin@2213639b, method=public void net.runelite.client.plugins.fps.FpsPlugin.onConfigChanged(net.runelite.client.events.ConfigChanged), priority=0.0, lambda=net.runelite.client.plugins.fps.FpsPlugin$$Lambda$1235/0x00000008008a4440@2f1a388e)
2026-04-17 12:23:57 UTC [AWT-EventQueue-0] DEBUG n.runelite.client.eventbus.EventBus - Registering class net.runelite.api.events.FocusChanged - EventBus.Subscriber(object=net.runelite.client.plugins.fps.FpsPlugin@2213639b, method=public void net.runelite.client.plugins.fps.FpsPlugin.onFocusChanged(net.runelite.api.events.FocusChanged), priority=0.0, lambda=net.runelite.client.plugins.fps.FpsPlugin$$Lambda$1236/0x00000008008a4840@3ff913eb)
2026-04-17 12:23:57 UTC [AWT-EventQueue-0] DEBUG net.runelite.client.input.KeyManager - Registering key listener: net.runelite.client.plugins.screenshot.ScreenshotPlugin$1@77792ab0
2026-04-17 12:23:57 UTC [AWT-EventQueue-0] DEBUG n.r.client.plugins.PluginManager - Plugin ScreenshotPlugin is now running
2026-04-17 12:23:57 UTC [AWT-EventQueue-0] DEBUG n.runelite.client.eventbus.EventBus - Registering class net.runelite.api.events.WidgetLoaded - EventBus.Subscriber(object=net.runelite.client.plugins.screenshot.ScreenshotPlugin@5d7911d5, method=public void net.runelite.client.plugins.screenshot.ScreenshotPlugin.onWidgetLoaded(net.runelite.api.events.WidgetLoaded), priority=0.0, lambda=net.runelite.client.plugins.screenshot.ScreenshotPlugin$$Lambda$1239/0x00000008008a5440@6fa39f61)
2026-04-17 12:23:57 UTC [AWT-EventQueue-0] DEBUG n.runelite.client.eventbus.EventBus - Registering class net.runelite.api.events.GameTick - EventBus.Subscriber(object=net.runelite.client.plugins.screenshot.ScreenshotPlugin@5d7911d5, method=public void net.runelite.client.plugins.screenshot.ScreenshotPlugin.onGameTick(net.runelite.api.events.GameTick), priority=0.0, lambda=net.runelite.client.plugins.screenshot.ScreenshotPlugin$$Lambda$1240/0x00000008008a5840@624d77c1)
2026-04-17 12:23:57 UTC [AWT-EventQueue-0] DEBUG n.runelite.client.eventbus.EventBus - Registering class net.runelite.api.events.ScriptPostFired - EventBus.Subscriber(object=net.runelite.client.plugins.screenshot.ScreenshotPlugin@5d7911d5, method=public void net.runelite.client.plugins.screenshot.ScreenshotPlugin.onScriptPostFired(net.runelite.api.events.ScriptPostFired), priority=0.0, lambda=net.runelite.client.plugins.screenshot.ScreenshotPlugin$$Lambda$1241/0x00000008008a5c40@3d0fa0a)
2026-04-17 12:23:57 UTC [AWT-EventQueue-0] DEBUG n.runelite.client.eventbus.EventBus - Registering class net.runelite.api.events.ScriptPreFired - EventBus.Subscriber(object=net.runelite.client.plugins.screenshot.ScreenshotPlugin@5d7911d5, method=public void net.runelite.client.plugins.screenshot.ScreenshotPlugin.onScriptPreFired(net.runelite.api.events.ScriptPreFired), priority=0.0, lambda=net.runelite.client.plugins.screenshot.ScreenshotPlugin$$Lambda$1242/0x00000008008a6040@2b856932)
2026-04-17 12:23:57 UTC [AWT-EventQueue-0] DEBUG n.runelite.client.eventbus.EventBus - Registering class net.runelite.api.events.ChatMessage - EventBus.Subscriber(object=net.runelite.client.plugins.screenshot.ScreenshotPlugin@5d7911d5, method=public void net.runelite.client.plugins.screenshot.ScreenshotPlugin.onChatMessage(net.runelite.api.events.ChatMessage), priority=0.0, lambda=net.runelite.client.plugins.screenshot.ScreenshotPlugin$$Lambda$1243/0x00000008008a6440@68cd1e3)
2026-04-17 12:23:57 UTC [AWT-EventQueue-0] DEBUG n.runelite.client.eventbus.EventBus - Registering class net.runelite.api.events.ScriptCallbackEvent - EventBus.Subscriber(object=net.runelite.client.plugins.screenshot.ScreenshotPlugin@5d7911d5, method=public void net.runelite.client.plugins.screenshot.ScreenshotPlugin.onScriptCallbackEvent(net.runelite.api.events.ScriptCallbackEvent), priority=0.0, lambda=net.runelite.client.plugins.screenshot.ScreenshotPlugin$$Lambda$1244/0x00000008008a6840@5b6cf7b7)
2026-04-17 12:23:57 UTC [AWT-EventQueue-0] DEBUG n.runelite.client.eventbus.EventBus - Registering class net.runelite.api.events.PostClientTick - EventBus.Subscriber(object=net.runelite.client.plugins.screenshot.ScreenshotPlugin@5d7911d5, method=private void net.runelite.client.plugins.screenshot.ScreenshotPlugin.onPostClientTick(net.runelite.api.events.PostClientTick), priority=0.0, lambda=net.runelite.client.plugins.screenshot.ScreenshotPlugin$$Lambda$1245/0x00000008008a6c40@7a1e8e46)
2026-04-17 12:23:57 UTC [AWT-EventQueue-0] DEBUG n.runelite.client.eventbus.EventBus - Registering class net.runelite.api.events.AnimationChanged - EventBus.Subscriber(object=net.runelite.client.plugins.screenshot.ScreenshotPlugin@5d7911d5, method=public void net.runelite.client.plugins.screenshot.ScreenshotPlugin.onAnimationChanged(net.runelite.api.events.AnimationChanged), priority=0.0, lambda=net.runelite.client.plugins.screenshot.ScreenshotPlugin$$Lambda$1246/0x00000008008a7040@1b467a09)
2026-04-17 12:23:57 UTC [AWT-EventQueue-0] DEBUG n.runelite.client.eventbus.EventBus - Registering class net.runelite.client.events.PlayerLootReceived - EventBus.Subscriber(object=net.runelite.client.plugins.screenshot.ScreenshotPlugin@5d7911d5, method=public void net.runelite.client.plugins.screenshot.ScreenshotPlugin.onPlayerLootReceived(net.runelite.client.events.PlayerLootReceived), priority=0.0, lambda=net.runelite.client.plugins.screenshot.ScreenshotPlugin$$Lambda$1247/0x00000008008a7440@65902d8b)
2026-04-17 12:23:57 UTC [AWT-EventQueue-0] DEBUG n.runelite.client.eventbus.EventBus - Registering class net.runelite.api.events.ActorDeath - EventBus.Subscriber(object=net.runelite.client.plugins.screenshot.ScreenshotPlugin@5d7911d5, method=public void net.runelite.client.plugins.screenshot.ScreenshotPlugin.onActorDeath(net.runelite.api.events.ActorDeath), priority=0.0, lambda=net.runelite.client.plugins.screenshot.ScreenshotPlugin$$Lambda$1248/0x00000008008a7840@357d6dfe)
2026-04-17 12:23:57 UTC [AWT-EventQueue-0] DEBUG n.r.client.plugins.PluginManager - Plugin PohPlugin is now running
2026-04-17 12:23:57 UTC [AWT-EventQueue-0] DEBUG n.runelite.client.eventbus.EventBus - Registering class net.runelite.client.events.ConfigChanged - EventBus.Subscriber(object=net.runelite.client.plugins.poh.PohPlugin@7069f076, method=public void net.runelite.client.plugins.poh.PohPlugin.onConfigChanged(net.runelite.client.events.ConfigChanged), priority=0.0, lambda=net.runelite.client.plugins.poh.PohPlugin$$Lambda$1251/0x00000008008a8440@6a39d41d)
2026-04-17 12:23:57 UTC [AWT-EventQueue-0] DEBUG n.runelite.client.eventbus.EventBus - Registering class net.runelite.api.events.GameStateChanged - EventBus.Subscriber(object=net.runelite.client.plugins.poh.PohPlugin@7069f076, method=public void net.runelite.client.plugins.poh.PohPlugin.onGameStateChanged(net.runelite.api.events.GameStateChanged), priority=0.0, lambda=net.runelite.client.plugins.poh.PohPlugin$$Lambda$1252/0x00000008008a8840@29481ab8)
2026-04-17 12:23:57 UTC [AWT-EventQueue-0] DEBUG n.runelite.client.eventbus.EventBus - Registering class net.runelite.api.events.GameObjectSpawned - EventBus.Subscriber(object=net.runelite.client.plugins.poh.PohPlugin@7069f076, method=public void net.runelite.client.plugins.poh.PohPlugin.onGameObjectSpawned(net.runelite.api.events.GameObjectSpawned), priority=0.0, lambda=net.runelite.client.plugins.poh.PohPlugin$$Lambda$1253/0x00000008008a8c40@617ddd5d)
2026-04-17 12:23:57 UTC [AWT-EventQueue-0] DEBUG n.runelite.client.eventbus.EventBus - Registering class net.runelite.api.events.GameObjectDespawned - EventBus.Subscriber(object=net.runelite.client.plugins.poh.PohPlugin@7069f076, method=public void net.runelite.client.plugins.poh.PohPlugin.onGameObjectDespawned(net.runelite.api.events.GameObjectDespawned), priority=0.0, lambda=net.runelite.client.plugins.poh.PohPlugin$$Lambda$1254/0x00000008008a9040@10013353)
2026-04-17 12:23:57 UTC [AWT-EventQueue-0] DEBUG n.runelite.client.eventbus.EventBus - Registering class net.runelite.api.events.DecorativeObjectSpawned - EventBus.Subscriber(object=net.runelite.client.plugins.poh.PohPlugin@7069f076, method=public void net.runelite.client.plugins.poh.PohPlugin.onDecorativeObjectSpawned(net.runelite.api.events.DecorativeObjectSpawned), priority=0.0, lambda=net.runelite.client.plugins.poh.PohPlugin$$Lambda$1255/0x00000008008a9440@59198fef)
2026-04-17 12:23:57 UTC [AWT-EventQueue-0] DEBUG n.runelite.client.eventbus.EventBus - Registering class net.runelite.api.events.DecorativeObjectDespawned - EventBus.Subscriber(object=net.runelite.client.plugins.poh.PohPlugin@7069f076, method=public void net.runelite.client.plugins.poh.PohPlugin.onDecorativeObjectDespawned(net.runelite.api.events.DecorativeObjectDespawned), priority=0.0, lambda=net.runelite.client.plugins.poh.PohPlugin$$Lambda$1256/0x00000008008a9840@12e40bd4)
2026-04-17 12:23:57 UTC [AWT-EventQueue-0] DEBUG n.runelite.client.eventbus.EventBus - Registering class net.runelite.api.events.AnimationChanged - EventBus.Subscriber(object=net.runelite.client.plugins.poh.PohPlugin@7069f076, method=public void net.runelite.client.plugins.poh.PohPlugin.onAnimationChanged(net.runelite.api.events.AnimationChanged), priority=0.0, lambda=net.runelite.client.plugins.poh.PohPlugin$$Lambda$1257/0x00000008008a9c40@58f3b5f8)
2026-04-17 12:23:58 UTC [AWT-EventQueue-0] DEBUG n.r.client.plugins.PluginManager - Plugin NpcIndicatorsPlugin is now running
2026-04-17 12:23:58 UTC [AWT-EventQueue-0] DEBUG n.runelite.client.eventbus.EventBus - Registering class net.runelite.client.events.ConfigChanged - EventBus.Subscriber(object=net.runelite.client.plugins.npchighlight.NpcIndicatorsPlugin@1af4955e, method=public void net.runelite.client.plugins.npchighlight.NpcIndicatorsPlugin.onConfigChanged(net.runelite.client.events.ConfigChanged), priority=0.0, lambda=net.runelite.client.plugins.npchighlight.NpcIndicatorsPlugin$$Lambda$1259/0x00000008008aa440@1cd370df)
2026-04-17 12:23:58 UTC [AWT-EventQueue-0] DEBUG n.runelite.client.eventbus.EventBus - Registering class net.runelite.api.events.GameStateChanged - EventBus.Subscriber(object=net.runelite.client.plugins.npchighlight.NpcIndicatorsPlugin@1af4955e, method=public void net.runelite.client.plugins.npchighlight.NpcIndicatorsPlugin.onGameStateChanged(net.runelite.api.events.GameStateChanged), priority=0.0, lambda=net.runelite.client.plugins.npchighlight.NpcIndicatorsPlugin$$Lambda$1260/0x00000008008aa840@52b8e8ad)
2026-04-17 12:23:58 UTC [AWT-EventQueue-0] DEBUG n.runelite.client.eventbus.EventBus - Registering class net.runelite.api.events.NpcChanged - EventBus.Subscriber(object=net.runelite.client.plugins.npchighlight.NpcIndicatorsPlugin@1af4955e, method=public void net.runelite.client.plugins.npchighlight.NpcIndicatorsPlugin.onNpcChanged(net.runelite.api.events.NpcChanged), priority=0.0, lambda=net.runelite.client.plugins.npchighlight.NpcIndicatorsPlugin$$Lambda$1261/0x00000008008aac40@2c0bef27)
2026-04-17 12:23:58 UTC [AWT-EventQueue-0] DEBUG n.runelite.client.eventbus.EventBus - Registering class net.runelite.api.events.GameTick - EventBus.Subscriber(object=net.runelite.client.plugins.npchighlight.NpcIndicatorsPlugin@1af4955e, method=public void net.runelite.client.plugins.npchighlight.NpcIndicatorsPlugin.onGameTick(net.runelite.api.events.GameTick), priority=0.0, lambda=net.runelite.client.plugins.npchighlight.NpcIndicatorsPlugin$$Lambda$1262/0x00000008008ab040@32f415aa)
2026-04-17 12:23:58 UTC [AWT-EventQueue-0] DEBUG n.runelite.client.eventbus.EventBus - Registering class net.runelite.api.events.NpcSpawned - EventBus.Subscriber(object=net.runelite.client.plugins.npchighlight.NpcIndicatorsPlugin@1af4955e, method=public void net.runelite.client.plugins.npchighlight.NpcIndicatorsPlugin.onNpcSpawned(net.runelite.api.events.NpcSpawned), priority=0.0, lambda=net.runelite.client.plugins.npchighlight.NpcIndicatorsPlugin$$Lambda$1263/0x00000008008ab440@237622fe)
2026-04-17 12:23:58 UTC [AWT-EventQueue-0] DEBUG n.runelite.client.eventbus.EventBus - Registering class net.runelite.api.events.NpcDespawned - EventBus.Subscriber(object=net.runelite.client.plugins.npchighlight.NpcIndicatorsPlugin@1af4955e, method=public void net.runelite.client.plugins.npchighlight.NpcIndicatorsPlugin.onNpcDespawned(net.runelite.api.events.NpcDespawned), priority=0.0, lambda=net.runelite.client.plugins.npchighlight.NpcIndicatorsPlugin$$Lambda$1264/0x00000008008ab840@750615ae)
2026-04-17 12:23:58 UTC [AWT-EventQueue-0] DEBUG n.runelite.client.eventbus.EventBus - Registering class net.runelite.api.events.MenuEntryAdded - EventBus.Subscriber(object=net.runelite.client.plugins.npchighlight.NpcIndicatorsPlugin@1af4955e, method=public void net.runelite.client.plugins.npchighlight.NpcIndicatorsPlugin.onMenuEntryAdded(net.runelite.api.events.MenuEntryAdded), priority=0.0, lambda=net.runelite.client.plugins.npchighlight.NpcIndicatorsPlugin$$Lambda$1265/0x00000008008abc40@b062911)
2026-04-17 12:23:58 UTC [AWT-EventQueue-0] DEBUG n.runelite.client.eventbus.EventBus - Registering class net.runelite.api.events.GraphicsObjectCreated - EventBus.Subscriber(object=net.runelite.client.plugins.npchighlight.NpcIndicatorsPlugin@1af4955e, method=public void net.runelite.client.plugins.npchighlight.NpcIndicatorsPlugin.onGraphicsObjectCreated(net.runelite.api.events.GraphicsObjectCreated), priority=0.0, lambda=net.runelite.client.plugins.npchighlight.NpcIndicatorsPlugin$$Lambda$1266/0x00000008008ac040@4187c35a)
2026-04-17 12:23:58 UTC [AWT-EventQueue-0] DEBUG n.r.client.plugins.PluginManager - Plugin RunecraftPlugin is now running
2026-04-17 12:23:58 UTC [AWT-EventQueue-0] DEBUG n.runelite.client.eventbus.EventBus - Registering class net.runelite.api.events.GameStateChanged - EventBus.Subscriber(object=net.runelite.client.plugins.runecraft.RunecraftPlugin@114a5e0, method=public void net.runelite.client.plugins.runecraft.RunecraftPlugin.onGameStateChanged(net.runelite.api.events.GameStateChanged), priority=0.0, lambda=net.runelite.client.plugins.runecraft.RunecraftPlugin$$Lambda$1267/0x00000008008ac440@23663e7)
2026-04-17 12:23:58 UTC [AWT-EventQueue-0] DEBUG n.runelite.client.eventbus.EventBus - Registering class net.runelite.api.events.ItemContainerChanged - EventBus.Subscriber(object=net.runelite.client.plugins.runecraft.RunecraftPlugin@114a5e0, method=public void net.runelite.client.plugins.runecraft.RunecraftPlugin.onItemContainerChanged(net.runelite.api.events.ItemContainerChanged), priority=0.0, lambda=net.runelite.client.plugins.runecraft.RunecraftPlugin$$Lambda$1268/0x00000008008ac840@72efe19d)
2026-04-17 12:23:58 UTC [AWT-EventQueue-0] DEBUG n.runelite.client.eventbus.EventBus - Registering class net.runelite.api.events.DecorativeObjectSpawned - EventBus.Subscriber(object=net.runelite.client.plugins.runecraft.RunecraftPlugin@114a5e0, method=public void net.runelite.client.plugins.runecraft.RunecraftPlugin.onDecorativeObjectSpawned(net.runelite.api.events.DecorativeObjectSpawned), priority=0.0, lambda=net.runelite.client.plugins.runecraft.RunecraftPlugin$$Lambda$1269/0x00000008008acc40@512c067d)
2026-04-17 12:23:58 UTC [AWT-EventQueue-0] DEBUG n.runelite.client.eventbus.EventBus - Registering class net.runelite.api.events.DecorativeObjectDespawned - EventBus.Subscriber(object=net.runelite.client.plugins.runecraft.RunecraftPlugin@114a5e0, method=public void net.runelite.client.plugins.runecraft.RunecraftPlugin.onDecorativeObjectDespawned(net.runelite.api.events.DecorativeObjectDespawned), priority=0.0, lambda=net.runelite.client.plugins.runecraft.RunecraftPlugin$$Lambda$1270/0x00000008008ad040@62371e0)
2026-04-17 12:23:58 UTC [AWT-EventQueue-0] DEBUG n.runelite.client.eventbus.EventBus - Registering class net.runelite.api.events.ChatMessage - EventBus.Subscriber(object=net.runelite.client.plugins.runecraft.RunecraftPlugin@114a5e0, method=public void net.runelite.client.plugins.runecraft.RunecraftPlugin.onChatMessage(net.runelite.api.events.ChatMessage), priority=0.0, lambda=net.runelite.client.plugins.runecraft.RunecraftPlugin$$Lambda$1271/0x00000008008ad440@743c2a12)
2026-04-17 12:23:58 UTC [AWT-EventQueue-0] DEBUG n.runelite.client.eventbus.EventBus - Registering class net.runelite.api.events.ScriptPreFired - EventBus.Subscriber(object=net.runelite.client.plugins.wiki.WikiDpsManager@5daf55a5, method=public void net.runelite.client.plugins.wiki.WikiDpsManager.onScriptPreFired(net.runelite.api.events.ScriptPreFired), priority=0.0, lambda=net.runelite.client.plugins.wiki.WikiDpsManager$$Lambda$1273/0x00000008008adc40@485698b8)
2026-04-17 12:23:58 UTC [AWT-EventQueue-0] DEBUG n.r.client.plugins.PluginManager - Plugin WikiPlugin is now running
2026-04-17 12:23:58 UTC [AWT-EventQueue-0] DEBUG n.runelite.client.eventbus.EventBus - Registering class net.runelite.client.events.ConfigChanged - EventBus.Subscriber(object=net.runelite.client.plugins.wiki.WikiPlugin@778a1250, method=public void net.runelite.client.plugins.wiki.WikiPlugin.onConfigChanged(net.runelite.client.events.ConfigChanged), priority=0.0, lambda=net.runelite.client.plugins.wiki.WikiPlugin$$Lambda$1275/0x00000008008ae440@7caea158)
2026-04-17 12:23:58 UTC [AWT-EventQueue-0] DEBUG n.runelite.client.eventbus.EventBus - Registering class net.runelite.api.events.WidgetLoaded - EventBus.Subscriber(object=net.runelite.client.plugins.wiki.WikiPlugin@778a1250, method=private void net.runelite.client.plugins.wiki.WikiPlugin.onWidgetLoaded(net.runelite.api.events.WidgetLoaded), priority=0.0, lambda=net.runelite.client.plugins.wiki.WikiPlugin$$Lambda$1276/0x00000008008ae840@1da89a7d)
2026-04-17 12:23:58 UTC [AWT-EventQueue-0] DEBUG n.runelite.client.eventbus.EventBus - Registering class net.runelite.api.events.ScriptPostFired - EventBus.Subscriber(object=net.runelite.client.plugins.wiki.WikiPlugin@778a1250, method=public void net.runelite.client.plugins.wiki.WikiPlugin.onScriptPostFired(net.runelite.api.events.ScriptPostFired), priority=0.0, lambda=net.runelite.client.plugins.wiki.WikiPlugin$$Lambda$1277/0x00000008008aec40@11a4a6dc)
2026-04-17 12:23:58 UTC [AWT-EventQueue-0] DEBUG n.runelite.client.eventbus.EventBus - Registering class net.runelite.api.events.MenuEntryAdded - EventBus.Subscriber(object=net.runelite.client.plugins.wiki.WikiPlugin@778a1250, method=public void net.runelite.client.plugins.wiki.WikiPlugin.onMenuEntryAdded(net.runelite.api.events.MenuEntryAdded), priority=0.0, lambda=net.runelite.client.plugins.wiki.WikiPlugin$$Lambda$1278/0x00000008008af040@43e55b9f)
2026-04-17 12:23:58 UTC [AWT-EventQueue-0] DEBUG n.runelite.client.eventbus.EventBus - Registering class net.runelite.api.events.MenuOptionClicked - EventBus.Subscriber(object=net.runelite.client.plugins.wiki.WikiPlugin@778a1250, method=private void net.runelite.client.plugins.wiki.WikiPlugin.onMenuOptionClicked(net.runelite.api.events.MenuOptionClicked), priority=0.0, lambda=net.runelite.client.plugins.wiki.WikiPlugin$$Lambda$1279/0x00000008008af440@249e4bda)
2026-04-17 12:23:58 UTC [main] DEBUG net.runelite.client.ui.ClientUI - Graphics device X11GraphicsDevice[screen=0]: bounds java.awt.Rectangle[x=0,y=0,width=1480,height=924] transform: AffineTransform[[2.0, 0.0, 0.0], [0.0, 2.0, 0.0]]
WARNING: An illegal reflective access operation has occurred
WARNING: Illegal reflective access by net.runelite.client.util.ReflectUtil (file:/root/.runelite/repository2/client-1.12.24.jar) to field java.lang.reflect.Executable.declaredAnnotations
WARNING: Please consider reporting this to the maintainers of net.runelite.client.util.ReflectUtil
WARNING: Use --illegal-access=warn to enable warnings of further illegal reflective access operations
WARNING: All illegal access operations will be denied in a future release
2026-04-17 12:23:58 UTC [OkHttp https://api.runelite.net/...] DEBUG net.runelite.client.TelemetryClient - Submitted telemetry
2026-04-17 12:23:58 UTC [main] INFO  net.runelite.client.RuneLite - Client initialization took 13281ms. Uptime: 16115ms
AFFINITY: pid=8513 name=virgl_test_serv cpu=0 type=little freq=2000000
pid 8513's current affinity mask: f
AFFINITY_MIGRATION: pid=8513 from=0(little) to=2(little) re-pinned=true
2026-04-17 12:23:59 UTC [AWT-EventQueue-0] DEBUG net.runelite.client.ui.ClientUI - Showing frame net.runelite.client.ui.ContainableFrame[frame0,340,204,800x517,invalid,layout=java.awt.BorderLayout,title=RuneLite,resizable,normal,defaultCloseOperation=DO_NOTHING_ON_CLOSE,rootPane=javax.swing.JRootPane[,2,12,796x503,layout=javax.swing.JRootPane$RootLayout,alignmentX=0.0,alignmentY=0.0,border=,flags=16777673,maximumSize=,minimumSize=,preferredSize=],rootPaneCheckingEnabled=true]
2026-04-17 12:23:59 UTC [Client] INFO  n.r.client.plugins.gpu.GpuPlugin - Using device: virgl (Mali-G720-Immortalis MC12)
2026-04-17 12:23:59 UTC [Client] INFO  n.r.client.plugins.gpu.GpuPlugin - Using driver: 4.3 (Compatibility Profile) Mesa 25.2.8-0ubuntu0.25.10.1
2026-04-17 12:24:00 UTC [Client] DEBUG n.r.c.plugins.gpu.TextureManager - Uploaded textures 208
AFFINITY: pid=8513 name=virgl_test_serv cpu=2 type=little freq=2000000
pid 8513's current affinity mask: f
AFFINITY_MIGRATION: pid=8513 from=2(little) to=2(little) re-pinned=true
AFFINITY: pid=8513 name=virgl_test_serv cpu=2 type=little freq=2000000
pid 8513's current affinity mask: f
AFFINITY_MIGRATION: pid=8513 from=2(little) to=2(little) re-pinned=true
AFFINITY: pid=8513 name=virgl_test_serv cpu=2 type=little freq=2000000
pid 8513's current affinity mask: f
AFFINITY_MIGRATION: pid=8513 from=2(little) to=2(little) re-pinned=true
AFFINITY: pid=8513 name=virgl_test_serv cpu=2 type=little freq=2000000
pid 8513's current affinity mask: f
AFFINITY_MIGRATION: pid=8513 from=2(little) to=2(little) re-pinned=true
AFFINITY: pid=8513 name=virgl_test_serv cpu=2 type=little freq=2000000
pid 8513's current affinity mask: f
AFFINITY_MIGRATION: pid=8513 from=2(little) to=2(little) re-pinned=true
AFFINITY: pid=8513 name=virgl_test_serv cpu=2 type=little freq=2000000
pid 8513's current affinity mask: f
AFFINITY_MIGRATION: pid=8513 from=2(little) to=2(little) re-pinned=true
AFFINITY: pid=8513 name=virgl_test_serv cpu=2 type=little freq=2000000
pid 8513's current affinity mask: f
AFFINITY_MIGRATION: pid=8513 from=2(little) to=2(little) re-pinned=true
AFFINITY: pid=8513 name=virgl_test_serv cpu=2 type=little freq=2000000
pid 8513's current affinity mask: f
AFFINITY_MIGRATION: pid=8513 from=2(little) to=2(little) re-pinned=true
AFFINITY: pid=8513 name=virgl_test_serv cpu=2 type=little freq=2000000
pid 8513's current affinity mask: f
AFFINITY_MIGRATION: pid=8513 from=2(little) to=2(little) re-pinned=true
AFFINITY: pid=8513 name=virgl_test_serv cpu=2 type=little freq=2000000
pid 8513's current affinity mask: f
AFFINITY_MIGRATION: pid=8513 from=2(little) to=2(little) re-pinned=true
AFFINITY: pid=8513 name=virgl_test_serv cpu=2 type=little freq=2000000
pid 8513's current affinity mask: f
AFFINITY_MIGRATION: pid=8513 from=2(little) to=2(little) re-pinned=true
AFFINITY: pid=8513 name=virgl_test_serv cpu=2 type=little freq=2000000
pid 8513's current affinity mask: f
AFFINITY_MIGRATION: pid=8513 from=2(little) to=2(little) re-pinned=true
AFFINITY: pid=8513 name=virgl_test_serv cpu=2 type=little freq=2000000
pid 8513's current affinity mask: f
AFFINITY_MIGRATION: pid=8513 from=2(little) to=2(little) re-pinned=true
AFFINITY: pid=8513 name=virgl_test_serv cpu=2 type=little freq=2000000
pid 8513's current affinity mask: f
AFFINITY_MIGRATION: pid=8513 from=2(little) to=2(little) re-pinned=true
2026-04-17 12:24:31 UTC [Client] DEBUG injected-client - Game state changed: LOGGING_IN (state: 20, 2 step: false)
2026-04-17 12:24:31 UTC [Client] DEBUG n.r.c.p.herbiboars.HerbiboarPlugin - Reset trail data
AFFINITY: pid=8513 name=virgl_test_serv cpu=2 type=little freq=2000000
pid 8513's current affinity mask: f
AFFINITY_MIGRATION: pid=8513 from=2(little) to=2(little) re-pinned=true
AFFINITY: pid=8513 name=virgl_test_serv cpu=2 type=little freq=2000000
pid 8513's current affinity mask: f
AFFINITY_MIGRATION: pid=8513 from=2(little) to=2(little) re-pinned=true
AFFINITY: pid=8513 name=virgl_test_serv cpu=2 type=little freq=2000000
pid 8513's current affinity mask: f
AFFINITY_MIGRATION: pid=8513 from=2(little) to=2(little) re-pinned=true
2026-04-17 12:24:36 UTC [Client] DEBUG n.r.client.config.ConfigManager - RS profile changed to rsprofile.reRsilrQ
2026-04-17 12:24:36 UTC [pool-2-thread-1] DEBUG n.r.c.p.l.LootTrackerPlugin - Switched to profile rsprofile.reRsilrQ
2026-04-17 12:24:36 UTC [pool-2-thread-1] DEBUG n.r.c.p.l.LootTrackerPlugin - Loaded 0 records
2026-04-17 12:24:36 UTC [Client] DEBUG n.runelite.client.menus.MenuManager - Client has updated player menu index 4 where option Lookup was, moving to index 4
2026-04-17 12:24:36 UTC [Client] DEBUG injected-client - Game state changed: LOADING (state: 25, 2 step: false)
2026-04-17 12:24:37 UTC [Map Loader] DEBUG n.r.client.plugins.gpu.GpuPlugin - Scene size time 32.84 ms reused 0 new 529 len opaque 2782462 size opaque 163034kb len alpha 17480 size alpha 1024kb
AFFINITY: pid=8513 name=virgl_test_serv cpu=2 type=little freq=2000000
pid 8513's current affinity mask: f
AFFINITY_MIGRATION: pid=8513 from=2(little) to=2(little) re-pinned=true
2026-04-17 12:24:38 UTC [Map Loader] DEBUG n.r.client.plugins.gpu.GpuPlugin - Scene upload time 536.5 ms
2026-04-17 12:24:38 UTC [Client] DEBUG n.r.c.p.g.GroundMarkerPlugin - Loading points for region 12852
2026-04-17 12:24:38 UTC [Client] DEBUG n.r.c.p.g.GroundMarkerPlugin - Loading points for region 12853
2026-04-17 12:24:38 UTC [Client] DEBUG n.r.c.p.g.GroundMarkerPlugin - Loading points for region 12854
2026-04-17 12:24:38 UTC [Client] DEBUG n.r.c.p.g.GroundMarkerPlugin - Loading points for region 13108
2026-04-17 12:24:38 UTC [Client] DEBUG n.r.c.p.g.GroundMarkerPlugin - Loading points for region 13109
2026-04-17 12:24:38 UTC [Client] DEBUG n.r.c.p.g.GroundMarkerPlugin - Loading points for region 13110
2026-04-17 12:24:38 UTC [Client] DEBUG injected-client - Game state changed: LOGGED_IN (state: 30, 2 step: false)
2026-04-17 12:24:38 UTC [Client] DEBUG n.r.c.plugins.discord.DiscordState - Events: [DiscordState.EventWithTime(type=IN_GAME, start=2026-04-17T12:24:38.625722Z, updated=2026-04-17T12:24:38.625727Z)]
2026-04-17 12:24:38 UTC [Client] DEBUG n.r.c.p.g.GrandExchangePlugin - unable to generate machine id
java.net.SocketException: Permission denied (ioctl(SIOCGIFHWADDR) failed)
	at java.base/java.net.NetworkInterface.getMacAddr0(Native Method)
	at java.base/java.net.NetworkInterface.getHardwareAddress(NetworkInterface.java:516)
	at net.runelite.client.plugins.grandexchange.GrandExchangePlugin.getMachineUuid(GrandExchangePlugin.java:968)
	at net.runelite.client.plugins.grandexchange.GrandExchangePlugin.onGameStateChanged(GrandExchangePlugin.java:593)
	at net.runelite.client.eventbus.EventBus$Subscriber.invoke(EventBus.java:70)
	at net.runelite.client.eventbus.EventBus.post(EventBus.java:223)
	at net.runelite.client.callback.Hooks.post(Hooks.java:217)
	at client.gn(client.java:53207)
	at hh.ad(hh.java:801)
	at client.ir(client.java:9221)
	at sw.agt(sw.java:447)
	at sw.az(sw.java)
	at sw.run(sw.java:58274)
	at java.base/java.lang.Thread.run(Thread.java:829)
2026-04-17 12:24:38 UTC [Client] DEBUG n.r.c.p.xptracker.XpTrackerPlugin - World change: -1 -> -2135040086039010131, <unknown> -> NORMAL
2026-04-17 12:24:38 UTC [Client] DEBUG injected-client - Chat message type WELCOME: Welcome to Old School RuneScape.
2026-04-17 12:24:38 UTC [Client] DEBUG injected-client - Chat message type DIDYOUKNOW: Did you know? The Twinflame staff from Royal Titans will automatically cast the correct elemental spell for a foe's weakness.</col>
2026-04-17 12:24:38 UTC [Client] DEBUG n.r.client.plugins.gpu.GpuPlugin - Zone invalidated: wx=0 x=4 z=17
2026-04-17 12:24:38 UTC [Client] DEBUG n.r.client.plugins.gpu.GpuPlugin - Zone invalidated: wx=0 x=7 z=5
2026-04-17 12:24:38 UTC [Client] DEBUG n.r.client.plugins.gpu.GpuPlugin - Rebuilt zone wv=0 x=4 z=17
2026-04-17 12:24:38 UTC [Client] DEBUG n.r.client.plugins.gpu.GpuPlugin - Rebuilt zone wv=0 x=7 z=5
2026-04-17 12:24:38 UTC [Client] DEBUG n.r.client.plugins.gpu.GpuPlugin - Zone invalidated: wx=0 x=8 z=8
2026-04-17 12:24:38 UTC [Client] DEBUG n.r.client.plugins.gpu.GpuPlugin - Zone invalidated: wx=0 x=9 z=8
2026-04-17 12:24:38 UTC [Client] DEBUG n.r.client.plugins.gpu.GpuPlugin - Zone invalidated: wx=0 x=4 z=13
2026-04-17 12:24:38 UTC [Client] DEBUG n.r.client.plugins.gpu.GpuPlugin - Zone invalidated: wx=0 x=11 z=15
2026-04-17 12:24:38 UTC [Client] DEBUG n.r.client.plugins.gpu.GpuPlugin - Zone invalidated: wx=0 x=7 z=16
2026-04-17 12:24:38 UTC [Client] DEBUG n.r.client.plugins.gpu.GpuPlugin - Zone invalidated: wx=0 x=7 z=18
2026-04-17 12:24:38 UTC [Client] DEBUG n.r.client.plugins.gpu.GpuPlugin - Zone invalidated: wx=0 x=8 z=19
2026-04-17 12:24:38 UTC [Client] DEBUG n.r.client.plugins.gpu.GpuPlugin - Zone invalidated: wx=0 x=7 z=17
2026-04-17 12:24:38 UTC [Client] DEBUG n.r.client.plugins.gpu.GpuPlugin - Zone invalidated: wx=0 x=7 z=19
2026-04-17 12:24:38 UTC [Client] DEBUG n.r.client.plugins.gpu.GpuPlugin - Zone invalidated: wx=0 x=7 z=20
2026-04-17 12:24:38 UTC [Client] DEBUG n.r.client.plugins.gpu.GpuPlugin - Zone invalidated: wx=0 x=8 z=17
2026-04-17 12:24:38 UTC [Client] DEBUG n.r.client.plugins.gpu.GpuPlugin - Zone invalidated: wx=0 x=8 z=18
2026-04-17 12:24:38 UTC [Client] DEBUG n.r.client.plugins.gpu.GpuPlugin - Rebuilt zone wv=0 x=4 z=13
2026-04-17 12:24:38 UTC [Client] DEBUG n.r.client.plugins.gpu.GpuPlugin - Rebuilt zone wv=0 x=7 z=16
2026-04-17 12:24:38 UTC [Client] DEBUG n.r.client.plugins.gpu.GpuPlugin - Rebuilt zone wv=0 x=7 z=17
2026-04-17 12:24:38 UTC [Client] DEBUG n.r.client.plugins.gpu.GpuPlugin - Rebuilt zone wv=0 x=7 z=18
2026-04-17 12:24:38 UTC [Client] DEBUG n.r.client.plugins.gpu.GpuPlugin - Rebuilt zone wv=0 x=7 z=19
2026-04-17 12:24:38 UTC [Client] DEBUG n.r.client.plugins.gpu.GpuPlugin - Rebuilt zone wv=0 x=7 z=20
2026-04-17 12:24:38 UTC [Client] DEBUG n.r.client.plugins.gpu.GpuPlugin - Rebuilt zone wv=0 x=8 z=8
2026-04-17 12:24:38 UTC [Client] DEBUG n.r.client.plugins.gpu.GpuPlugin - Rebuilt zone wv=0 x=8 z=17
2026-04-17 12:24:38 UTC [Client] DEBUG n.r.client.plugins.gpu.GpuPlugin - Rebuilt zone wv=0 x=8 z=18
2026-04-17 12:24:38 UTC [Client] DEBUG n.r.client.plugins.gpu.GpuPlugin - Rebuilt zone wv=0 x=8 z=19
2026-04-17 12:24:38 UTC [Client] DEBUG n.r.client.plugins.gpu.GpuPlugin - Rebuilt zone wv=0 x=9 z=8
2026-04-17 12:24:38 UTC [Client] DEBUG n.r.client.plugins.gpu.GpuPlugin - Rebuilt zone wv=0 x=11 z=15
2026-04-17 12:24:38 UTC [Client] DEBUG n.r.client.plugins.gpu.GpuPlugin - Zone invalidated: wx=0 x=17 z=15
2026-04-17 12:24:38 UTC [Client] DEBUG n.r.client.plugins.gpu.GpuPlugin - Zone invalidated: wx=0 x=18 z=15
2026-04-17 12:24:38 UTC [Client] DEBUG n.r.client.plugins.gpu.GpuPlugin - Zone invalidated: wx=0 x=16 z=19
2026-04-17 12:24:38 UTC [Client] DEBUG n.r.client.plugins.gpu.GpuPlugin - Zone invalidated: wx=0 x=14 z=17
2026-04-17 12:24:38 UTC [Client] DEBUG n.r.client.plugins.gpu.GpuPlugin - Rebuilt zone wv=0 x=14 z=17
2026-04-17 12:24:38 UTC [Client] DEBUG n.r.client.plugins.gpu.GpuPlugin - Rebuilt zone wv=0 x=16 z=19
2026-04-17 12:24:38 UTC [Client] DEBUG n.r.client.plugins.gpu.GpuPlugin - Rebuilt zone wv=0 x=17 z=15
2026-04-17 12:24:38 UTC [Client] DEBUG n.r.client.plugins.gpu.GpuPlugin - Rebuilt zone wv=0 x=18 z=15
2026-04-17 12:24:38 UTC [Client] DEBUG n.r.client.plugins.gpu.GpuPlugin - Zone invalidated: wx=0 x=10 z=14
2026-04-17 12:24:38 UTC [Client] DEBUG n.r.client.plugins.gpu.GpuPlugin - Zone invalidated: wx=0 x=10 z=15
2026-04-17 12:24:38 UTC [Client] DEBUG n.r.client.plugins.gpu.GpuPlugin - Zone invalidated: wx=0 x=11 z=14
2026-04-17 12:24:38 UTC [Client] DEBUG n.r.client.plugins.gpu.GpuPlugin - Zone invalidated: wx=0 x=11 z=15
2026-04-17 12:24:38 UTC [Client] DEBUG n.r.client.plugins.gpu.GpuPlugin - Zone invalidated: wx=0 x=12 z=15
2026-04-17 12:24:38 UTC [Client] DEBUG n.r.client.plugins.raids.RaidsPlugin - Raid party has been dissolved
2026-04-17 12:24:38 UTC [Client] DEBUG n.r.client.plugins.gpu.GpuPlugin - Rebuilt zone wv=0 x=10 z=14
2026-04-17 12:24:38 UTC [Client] DEBUG n.r.client.plugins.gpu.GpuPlugin - Rebuilt zone wv=0 x=10 z=15
2026-04-17 12:24:38 UTC [Client] DEBUG n.r.client.plugins.gpu.GpuPlugin - Rebuilt zone wv=0 x=11 z=14
2026-04-17 12:24:38 UTC [Client] DEBUG n.r.client.plugins.gpu.GpuPlugin - Rebuilt zone wv=0 x=11 z=15
2026-04-17 12:24:38 UTC [Client] DEBUG n.r.client.plugins.gpu.GpuPlugin - Rebuilt zone wv=0 x=12 z=15
2026-04-17 12:24:38 UTC [Client] DEBUG n.r.c.plugins.slayer.SlayerPlugin - Sync slayer task: 25x Commander Zilyana at null
2026-04-17 12:24:38 UTC [Client] DEBUG n.r.client.config.ConfigManager - Setting configuration value for slayer.rsprofile.reRsilrQ.initialAmount to 0
2026-04-17 12:24:38 UTC [Client] DEBUG n.r.client.plugins.gpu.GpuPlugin - Zone invalidated: wx=0 x=12 z=4
2026-04-17 12:24:38 UTC [Client] DEBUG n.r.client.plugins.gpu.GpuPlugin - Rebuilt zone wv=0 x=12 z=4
2026-04-17 12:24:38 UTC [Client] DEBUG n.r.client.plugins.gpu.GpuPlugin - Zone invalidated: wx=0 x=13 z=10
2026-04-17 12:24:38 UTC [Client] DEBUG n.r.client.plugins.gpu.GpuPlugin - Zone invalidated: wx=0 x=12 z=17
2026-04-17 12:24:38 UTC [Client] DEBUG n.r.client.plugins.gpu.GpuPlugin - Zone invalidated: wx=0 x=12 z=18
2026-04-17 12:24:38 UTC [Client] DEBUG n.r.client.plugins.gpu.GpuPlugin - Zone invalidated: wx=0 x=12 z=19
2026-04-17 12:24:38 UTC [Client] DEBUG n.r.client.plugins.gpu.GpuPlugin - Zone invalidated: wx=0 x=12 z=20
2026-04-17 12:24:38 UTC [Client] DEBUG n.r.client.plugins.gpu.GpuPlugin - Zone invalidated: wx=0 x=13 z=16
2026-04-17 12:24:38 UTC [Client] DEBUG n.r.client.plugins.gpu.GpuPlugin - Zone invalidated: wx=0 x=13 z=17
2026-04-17 12:24:38 UTC [Client] DEBUG n.r.client.plugins.gpu.GpuPlugin - Zone invalidated: wx=0 x=13 z=19
2026-04-17 12:24:38 UTC [Client] DEBUG n.r.client.plugins.gpu.GpuPlugin - Zone invalidated: wx=0 x=14 z=13
2026-04-17 12:24:38 UTC [Client] DEBUG n.r.client.plugins.gpu.GpuPlugin - Zone invalidated: wx=0 x=14 z=14
2026-04-17 12:24:38 UTC [Client] DEBUG n.r.client.plugins.gpu.GpuPlugin - Zone invalidated: wx=0 x=14 z=15
2026-04-17 12:24:38 UTC [Client] DEBUG n.r.client.plugins.gpu.GpuPlugin - Zone invalidated: wx=0 x=14 z=16
2026-04-17 12:24:38 UTC [Client] DEBUG n.r.client.plugins.gpu.GpuPlugin - Zone invalidated: wx=0 x=14 z=18
2026-04-17 12:24:38 UTC [Client] DEBUG n.r.client.plugins.gpu.GpuPlugin - Zone invalidated: wx=0 x=14 z=19
2026-04-17 12:24:38 UTC [Client] DEBUG n.r.client.plugins.gpu.GpuPlugin - Zone invalidated: wx=0 x=15 z=13
2026-04-17 12:24:38 UTC [Client] DEBUG n.r.client.plugins.gpu.GpuPlugin - Zone invalidated: wx=0 x=15 z=16
2026-04-17 12:24:38 UTC [Client] DEBUG n.r.client.plugins.gpu.GpuPlugin - Zone invalidated: wx=0 x=15 z=17
2026-04-17 12:24:38 UTC [Client] DEBUG n.r.client.plugins.gpu.GpuPlugin - Zone invalidated: wx=0 x=15 z=18
2026-04-17 12:24:38 UTC [Client] DEBUG n.r.client.plugins.gpu.GpuPlugin - Zone invalidated: wx=0 x=16 z=16
2026-04-17 12:24:38 UTC [Client] DEBUG n.r.client.plugins.gpu.GpuPlugin - Zone invalidated: wx=0 x=16 z=17
2026-04-17 12:24:38 UTC [Client] DEBUG n.r.client.plugins.gpu.GpuPlugin - Zone invalidated: wx=0 x=16 z=18
2026-04-17 12:24:38 UTC [Client] DEBUG n.r.client.plugins.gpu.GpuPlugin - Zone invalidated: wx=0 x=16 z=19
2026-04-17 12:24:38 UTC [Client] DEBUG n.r.client.plugins.gpu.GpuPlugin - Zone invalidated: wx=0 x=17 z=16
2026-04-17 12:24:38 UTC [Client] DEBUG n.r.client.plugins.gpu.GpuPlugin - Zone invalidated: wx=0 x=17 z=17
2026-04-17 12:24:38 UTC [Client] DEBUG n.r.client.plugins.gpu.GpuPlugin - Zone invalidated: wx=0 x=17 z=19
2026-04-17 12:24:38 UTC [Client] DEBUG n.r.client.plugins.gpu.GpuPlugin - Zone invalidated: wx=0 x=17 z=20
2026-04-17 12:24:38 UTC [Client] DEBUG n.r.client.plugins.gpu.GpuPlugin - Zone invalidated: wx=0 x=18 z=13
2026-04-17 12:24:38 UTC [Client] DEBUG n.r.client.plugins.gpu.GpuPlugin - Zone invalidated: wx=0 x=18 z=14
2026-04-17 12:24:38 UTC [Client] DEBUG n.r.client.plugins.gpu.GpuPlugin - Zone invalidated: wx=0 x=18 z=15
2026-04-17 12:24:38 UTC [Client] DEBUG n.r.client.plugins.gpu.GpuPlugin - Zone invalidated: wx=0 x=18 z=17
2026-04-17 12:24:38 UTC [Client] DEBUG n.r.client.plugins.gpu.GpuPlugin - Zone invalidated: wx=0 x=19 z=13
2026-04-17 12:24:38 UTC [Client] DEBUG n.r.client.plugins.gpu.GpuPlugin - Zone invalidated: wx=0 x=19 z=15
2026-04-17 12:24:38 UTC [Client] DEBUG n.r.client.plugins.gpu.GpuPlugin - Zone invalidated: wx=0 x=19 z=16
2026-04-17 12:24:38 UTC [Client] DEBUG n.r.client.plugins.gpu.GpuPlugin - Zone invalidated: wx=0 x=19 z=17
2026-04-17 12:24:38 UTC [Client] DEBUG n.r.client.plugins.gpu.GpuPlugin - Zone invalidated: wx=0 x=19 z=18
2026-04-17 12:24:38 UTC [Client] DEBUG n.r.client.plugins.gpu.GpuPlugin - Zone invalidated: wx=0 x=19 z=19
2026-04-17 12:24:38 UTC [Client] DEBUG n.r.client.plugins.gpu.GpuPlugin - Zone invalidated: wx=0 x=20 z=17
2026-04-17 12:24:38 UTC [Client] DEBUG n.r.client.plugins.gpu.GpuPlugin - Zone invalidated: wx=0 x=20 z=18
2026-04-17 12:24:38 UTC [Client] DEBUG n.r.client.plugins.gpu.GpuPlugin - Zone invalidated: wx=0 x=20 z=19
2026-04-17 12:24:38 UTC [Client] DEBUG n.r.client.plugins.gpu.GpuPlugin - Zone invalidated: wx=0 x=20 z=20
2026-04-17 12:24:38 UTC [Client] DEBUG n.r.client.plugins.gpu.GpuPlugin - Rebuilt zone wv=0 x=12 z=17
2026-04-17 12:24:38 UTC [Client] DEBUG n.r.client.plugins.gpu.GpuPlugin - Rebuilt zone wv=0 x=12 z=18
2026-04-17 12:24:38 UTC [Client] DEBUG n.r.client.plugins.gpu.GpuPlugin - Rebuilt zone wv=0 x=12 z=19
2026-04-17 12:24:38 UTC [Client] DEBUG n.r.client.plugins.gpu.GpuPlugin - Rebuilt zone wv=0 x=12 z=20
2026-04-17 12:24:38 UTC [Client] DEBUG n.r.client.plugins.gpu.GpuPlugin - Rebuilt zone wv=0 x=13 z=10
2026-04-17 12:24:39 UTC [Client] DEBUG n.r.client.plugins.gpu.GpuPlugin - Rebuilt zone wv=0 x=13 z=16
2026-04-17 12:24:39 UTC [Client] DEBUG n.r.client.plugins.gpu.GpuPlugin - Rebuilt zone wv=0 x=13 z=17
2026-04-17 12:24:39 UTC [Client] DEBUG n.r.client.plugins.gpu.GpuPlugin - Rebuilt zone wv=0 x=13 z=19
2026-04-17 12:24:39 UTC [Client] DEBUG n.r.client.plugins.gpu.GpuPlugin - Rebuilt zone wv=0 x=14 z=13
2026-04-17 12:24:39 UTC [Client] DEBUG n.r.client.plugins.gpu.GpuPlugin - Rebuilt zone wv=0 x=14 z=14
2026-04-17 12:24:39 UTC [Client] DEBUG n.r.client.plugins.gpu.GpuPlugin - Rebuilt zone wv=0 x=14 z=15
2026-04-17 12:24:39 UTC [Client] DEBUG n.r.client.plugins.gpu.GpuPlugin - Rebuilt zone wv=0 x=14 z=16
2026-04-17 12:24:39 UTC [Client] DEBUG n.r.client.plugins.gpu.GpuPlugin - Rebuilt zone wv=0 x=14 z=18
2026-04-17 12:24:39 UTC [Client] DEBUG n.r.client.plugins.gpu.GpuPlugin - Rebuilt zone wv=0 x=14 z=19
2026-04-17 12:24:39 UTC [Client] DEBUG n.r.client.plugins.gpu.GpuPlugin - Rebuilt zone wv=0 x=15 z=13
2026-04-17 12:24:39 UTC [Client] DEBUG n.r.client.plugins.gpu.GpuPlugin - Rebuilt zone wv=0 x=15 z=16
2026-04-17 12:24:39 UTC [Client] DEBUG n.r.client.plugins.gpu.GpuPlugin - Rebuilt zone wv=0 x=15 z=17
2026-04-17 12:24:39 UTC [Client] DEBUG n.r.client.plugins.gpu.GpuPlugin - Rebuilt zone wv=0 x=15 z=18
2026-04-17 12:24:39 UTC [Client] DEBUG n.r.client.plugins.gpu.GpuPlugin - Rebuilt zone wv=0 x=16 z=16
2026-04-17 12:24:39 UTC [Client] DEBUG n.r.client.plugins.gpu.GpuPlugin - Rebuilt zone wv=0 x=16 z=17
2026-04-17 12:24:39 UTC [Client] DEBUG n.r.client.plugins.gpu.GpuPlugin - Rebuilt zone wv=0 x=16 z=18
2026-04-17 12:24:39 UTC [Client] DEBUG n.r.client.plugins.gpu.GpuPlugin - Rebuilt zone wv=0 x=16 z=19
2026-04-17 12:24:39 UTC [Client] DEBUG n.r.client.plugins.gpu.GpuPlugin - Rebuilt zone wv=0 x=17 z=16
2026-04-17 12:24:39 UTC [Client] DEBUG n.r.client.plugins.gpu.GpuPlugin - Rebuilt zone wv=0 x=17 z=17
2026-04-17 12:24:39 UTC [Client] DEBUG n.r.client.plugins.gpu.GpuPlugin - Rebuilt zone wv=0 x=17 z=19
2026-04-17 12:24:39 UTC [Client] DEBUG n.r.client.plugins.gpu.GpuPlugin - Rebuilt zone wv=0 x=17 z=20
2026-04-17 12:24:39 UTC [Client] DEBUG n.r.client.plugins.gpu.GpuPlugin - Rebuilt zone wv=0 x=18 z=13
2026-04-17 12:24:39 UTC [Client] DEBUG n.r.client.plugins.gpu.GpuPlugin - Rebuilt zone wv=0 x=18 z=14
2026-04-17 12:24:39 UTC [Client] DEBUG n.r.client.plugins.gpu.GpuPlugin - Rebuilt zone wv=0 x=18 z=15
2026-04-17 12:24:39 UTC [Client] DEBUG n.r.client.plugins.gpu.GpuPlugin - Rebuilt zone wv=0 x=18 z=17
2026-04-17 12:24:39 UTC [Client] DEBUG n.r.client.plugins.gpu.GpuPlugin - Rebuilt zone wv=0 x=19 z=13
2026-04-17 12:24:39 UTC [Client] DEBUG n.r.client.plugins.gpu.GpuPlugin - Rebuilt zone wv=0 x=19 z=15
2026-04-17 12:24:39 UTC [Client] DEBUG n.r.client.plugins.gpu.GpuPlugin - Rebuilt zone wv=0 x=19 z=16
2026-04-17 12:24:39 UTC [Client] DEBUG n.r.client.plugins.gpu.GpuPlugin - Rebuilt zone wv=0 x=19 z=17
2026-04-17 12:24:39 UTC [Client] DEBUG n.r.client.plugins.gpu.GpuPlugin - Rebuilt zone wv=0 x=19 z=18
2026-04-17 12:24:39 UTC [Client] DEBUG n.r.client.plugins.gpu.GpuPlugin - Rebuilt zone wv=0 x=19 z=19
2026-04-17 12:24:39 UTC [Client] DEBUG n.r.client.plugins.gpu.GpuPlugin - Rebuilt zone wv=0 x=20 z=17
2026-04-17 12:24:39 UTC [Client] DEBUG n.r.client.plugins.gpu.GpuPlugin - Rebuilt zone wv=0 x=20 z=18
2026-04-17 12:24:39 UTC [Client] DEBUG n.r.client.plugins.gpu.GpuPlugin - Rebuilt zone wv=0 x=20 z=19
2026-04-17 12:24:39 UTC [Client] DEBUG n.r.client.plugins.gpu.GpuPlugin - Rebuilt zone wv=0 x=20 z=20
2026-04-17 12:24:39 UTC [Client] DEBUG n.r.client.plugins.gpu.GpuPlugin - Zone invalidated: wx=0 x=5 z=7
2026-04-17 12:24:39 UTC [Client] DEBUG n.r.client.plugins.gpu.GpuPlugin - Zone invalidated: wx=0 x=5 z=11
2026-04-17 12:24:39 UTC [Client] DEBUG n.r.client.plugins.gpu.GpuPlugin - Zone invalidated: wx=0 x=10 z=12
2026-04-17 12:24:39 UTC [Client] DEBUG n.r.client.plugins.gpu.GpuPlugin - Rebuilt zone wv=0 x=5 z=7
2026-04-17 12:24:39 UTC [Client] DEBUG n.r.client.plugins.gpu.GpuPlugin - Rebuilt zone wv=0 x=5 z=11
2026-04-17 12:24:39 UTC [Client] DEBUG n.r.client.plugins.gpu.GpuPlugin - Rebuilt zone wv=0 x=10 z=12
2026-04-17 12:24:39 UTC [Client] DEBUG n.r.c.plugins.slayer.SlayerPlugin - Sync slayer task: 25x Commander Zilyana at null
2026-04-17 12:24:39 UTC [Client] DEBUG n.r.client.config.ConfigManager - Setting configuration value for slayer.rsprofile.reRsilrQ.initialAmount to 25
2026-04-17 12:24:39 UTC [Client] DEBUG injected-client - Replacing archive 12/1049
2026-04-17 12:24:39 UTC [Client] DEBUG injected-client - Replacing archive 12/920
2026-04-17 12:24:39 UTC [Client] DEBUG injected-client - Replacing archive 12/223
2026-04-17 12:24:39 UTC [Client] DEBUG injected-client - Replacing archive 12/84
2026-04-17 12:24:39 UTC [Client] DEBUG injected-client - Replacing archive 12/4742
2026-04-17 12:24:39 UTC [Client] DEBUG injected-client - Replacing archive 12/89
2026-04-17 12:24:39 UTC [Client] DEBUG injected-client - Replacing archive 12/395
2026-04-17 12:24:39 UTC [Client] DEBUG injected-client - Replacing archive 12/396
2026-04-17 12:24:39 UTC [Client] DEBUG injected-client - Replacing archive 12/2611
2026-04-17 12:24:39 UTC [Client] DEBUG injected-client - Replacing archive 12/125
2026-04-17 12:24:39 UTC [Client] DEBUG injected-client - Replacing archive 12/9291
2026-04-17 12:24:39 UTC [Client] DEBUG injected-client - Replacing archive 12/327
2026-04-17 12:24:39 UTC [Client] DEBUG n.runelite.client.menus.MenuManager - Client has updated player menu index 4 where option Lookup was, moving to index 4
2026-04-17 12:24:40 UTC [Client] DEBUG injected-client - Replacing archive 12/84
2026-04-17 12:24:40 UTC [Client] DEBUG injected-client - Replacing archive 12/89
2026-04-17 12:24:40 UTC [Client] DEBUG injected-client - Replacing archive 12/223
AFFINITY: pid=8513 name=virgl_test_serv cpu=2 type=little freq=2000000
2026-04-17 12:24:40 UTC [Client] DEBUG injected-client - Replacing archive 12/395
pid 8513's current affinity mask: f
2026-04-17 12:24:40 UTC [Client] DEBUG injected-client - Replacing archive 12/2611
2026-04-17 12:24:40 UTC [Client] DEBUG injected-client - Replacing archive 12/125
2026-04-17 12:24:40 UTC [Client] DEBUG injected-client - Replacing archive 12/9291
AFFINITY_MIGRATION: pid=8513 from=2(little) to=2(little) re-pinned=true
2026-04-17 12:24:40 UTC [Client] DEBUG injected-client - Replacing archive 12/1049
2026-04-17 12:24:40 UTC [Client] DEBUG injected-client - Replacing archive 12/920
2026-04-17 12:24:40 UTC [Client] DEBUG n.r.c.plugins.agility.AgilityPlugin - Gained 1364505 xp at WorldPoint(x=3257, y=3421, plane=1)
2026-04-17 12:24:40 UTC [Client] DEBUG n.r.c.p.g.GrandExchangePlugin - GE offer updated: state: EMPTY, slot: 0, item: 0, qty: 0, lastLoginTick: 0
2026-04-17 12:24:40 UTC [Client] DEBUG n.r.c.p.g.GrandExchangePlugin - GE offer updated: state: EMPTY, slot: 1, item: 0, qty: 0, lastLoginTick: 0
2026-04-17 12:24:40 UTC [Client] DEBUG n.r.c.p.g.GrandExchangePlugin - GE offer updated: state: EMPTY, slot: 2, item: 0, qty: 0, lastLoginTick: 0
2026-04-17 12:24:40 UTC [Client] DEBUG n.r.c.p.g.GrandExchangePlugin - GE offer updated: state: EMPTY, slot: 3, item: 0, qty: 0, lastLoginTick: 0
2026-04-17 12:24:40 UTC [Client] DEBUG n.r.c.p.g.GrandExchangePlugin - GE offer updated: state: EMPTY, slot: 4, item: 0, qty: 0, lastLoginTick: 0
2026-04-17 12:24:40 UTC [Client] DEBUG n.r.c.p.g.GrandExchangePlugin - GE offer updated: state: EMPTY, slot: 5, item: 0, qty: 0, lastLoginTick: 0
2026-04-17 12:24:40 UTC [Client] DEBUG n.r.c.p.g.GrandExchangePlugin - GE offer updated: state: EMPTY, slot: 6, item: 0, qty: 0, lastLoginTick: 0
2026-04-17 12:24:40 UTC [Client] DEBUG n.r.c.p.g.GrandExchangePlugin - GE offer updated: state: EMPTY, slot: 7, item: 0, qty: 0, lastLoginTick: 0
2026-04-17 12:24:40 UTC [Client] DEBUG injected-client - Replacing archive 12/84
2026-04-17 12:24:40 UTC [Client] DEBUG injected-client - Replacing archive 12/4742
2026-04-17 12:24:40 UTC [Client] DEBUG injected-client - Replacing archive 12/89
2026-04-17 12:24:40 UTC [Client] DEBUG injected-client - Replacing archive 12/2611
2026-04-17 12:24:40 UTC [Client] DEBUG injected-client - Replacing archive 12/125
2026-04-17 12:24:40 UTC [pool-4-thread-1] DEBUG n.r.c.plugins.worldhopper.ping.Ping - recvfrom() error: len -1 errno 11
2026-04-17 12:24:40 UTC [Client] DEBUG n.r.c.p.xptracker.XpTrackerPlugin - Loading xp state from save
2026-04-17 12:24:40 UTC [Client] DEBUG injected-client - Chat message type CONSOLE: <colHIGHLIGHT>You have battlestaves waiting to be collected from Zaff.
