=== XLORIE LOG START pid=24410 file=/data/data/com.termux/files/home/runelite-native-perf-xlorie.log ===
=== PERF SAMPLER START pid=24407 jvm=24362 virgl=24139 interval=1s gpu_busy_path=/sys/kernel/gpu/gpu_busy ===
=== START SNAPSHOT ts_ns=1777215959370473109 ===
START pid=24362 tid=24362 comm=java state=S cpus=4-7 vol=3 nonvol=1 sched=11857539 190077 4
START pid=24362 tid=24365 comm=java state=R cpus=0-7 vol=215 nonvol=19 sched=197141827 2357622 309
START pid=24362 tid=24369 comm=GC Thread#0 state=S cpus=0-7 vol=9 nonvol=0 sched=2970693 78691 9
START pid=24362 tid=24370 comm=G1 Main Marker state=S cpus=0-7 vol=3 nonvol=0 sched=210770 0 3
START pid=24362 tid=24371 comm=G1 Conc#0 state=S cpus=0-7 vol=2 nonvol=0 sched=127231 0 2
START pid=24362 tid=24373 comm=G1 Refine#0 state=S cpus=0-7 vol=7 nonvol=0 sched=420923 43308 9
START pid=24362 tid=24374 comm=G1 Service state=S cpus=0-7 vol=8 nonvol=0 sched=261846 180000 8
START pid=24362 tid=24375 comm=VM Periodic Tas state=S cpus=0-7 vol=15 nonvol=1 sched=634153 1023230 17
START pid=24362 tid=24379 comm=VM Thread state=S cpus=0-7 vol=48 nonvol=0 sched=7768612 505769 49
START pid=24362 tid=24382 comm=Reference Handl state=S cpus=0-7 vol=6 nonvol=0 sched=960770 33538 6
START pid=24362 tid=24383 comm=Finalizer state=S cpus=0-7 vol=2 nonvol=0 sched=532692 270077 2
START pid=24362 tid=24384 comm=Signal Dispatch state=S cpus=0-7 vol=2 nonvol=0 sched=184845 0 2
START pid=24362 tid=24385 comm=Service Thread state=S cpus=0-7 vol=6 nonvol=0 sched=429000 0 6
START pid=24362 tid=24386 comm=Monitor Deflati state=S cpus=0-7 vol=6 nonvol=0 sched=350076 2329616 6
START pid=24362 tid=24387 comm=C2 CompilerThre state=S cpus=0-7 vol=789 nonvol=113 sched=370439733 61308069 910
START pid=24362 tid=24389 comm=C1 CompilerThre state=R cpus=0-7 vol=501 nonvol=130 sched=454899910 29181009 634
START pid=24362 tid=24395 comm=Notification Th state=S cpus=0-7 vol=2 nonvol=0 sched=199076 0 2
START pid=24362 tid=24398 comm=Common-Cleaner state=S cpus=0-7 vol=4 nonvol=0 sched=779538 47769 4
START pid=24139 tid=24139 comm=virgl_test_serv state=S cpus=4-7 vol=26 nonvol=22 sched=11900306 2943692 48
TICK ts_ns=1777215961673251878 pid=24362 tid=24362 comm=java state=S cpus=4-7 vol=3 nonvol=1 sched=11857539 190077 4
TICK ts_ns=1777215961673251878 pid=24362 tid=24365 comm=java state=S cpus=0-7 vol=1569 nonvol=195 sched=922639545 20684237 1764
TICK ts_ns=1777215961673251878 pid=24362 tid=24369 comm=GC Thread#0 state=S cpus=0-7 vol=183 nonvol=5 sched=18247313 12372076 188
TICK ts_ns=1777215961673251878 pid=24362 tid=24370 comm=G1 Main Marker state=S cpus=0-7 vol=19 nonvol=0 sched=1042232 166309 19
TICK ts_ns=1777215961673251878 pid=24362 tid=24371 comm=G1 Conc#0 state=S cpus=0-7 vol=10 nonvol=8 sched=16773079 364693 18
TICK ts_ns=1777215961673251878 pid=24362 tid=24373 comm=G1 Refine#0 state=S cpus=0-7 vol=59 nonvol=0 sched=3681619 1773232 60
TICK ts_ns=1777215961673251878 pid=24362 tid=24374 comm=G1 Service state=S cpus=0-7 vol=26 nonvol=1 sched=1905842 664922 28
TICK ts_ns=1777215961673251878 pid=24362 tid=24375 comm=VM Periodic Tas state=S cpus=0-7 vol=64 nonvol=3 sched=3235772 4937536 68
TICK ts_ns=1777215961673251878 pid=24362 tid=24379 comm=VM Thread state=S cpus=0-7 vol=95 nonvol=56 sched=24995926 3152227 151
TICK ts_ns=1777215961673251878 pid=24362 tid=24382 comm=Reference Handl state=S cpus=0-7 vol=12 nonvol=0 sched=1513693 33538 12
TICK ts_ns=1777215961673251878 pid=24362 tid=24383 comm=Finalizer state=S cpus=0-7 vol=2 nonvol=0 sched=532692 270077 2
TICK ts_ns=1777215961673251878 pid=24362 tid=24384 comm=Signal Dispatch state=S cpus=0-7 vol=2 nonvol=0 sched=184845 0 2
TICK ts_ns=1777215961673251878 pid=24362 tid=24385 comm=Service Thread state=S cpus=0-7 vol=9 nonvol=0 sched=527846 0 9
TICK ts_ns=1777215961673251878 pid=24362 tid=24386 comm=Monitor Deflati state=S cpus=0-7 vol=16 nonvol=0 sched=628614 2398847 16
TICK ts_ns=1777215961673251878 pid=24362 tid=24387 comm=C2 CompilerThre state=R cpus=0-7 vol=1326 nonvol=218 sched=671354337 96495374 1543
TICK ts_ns=1777215961673251878 pid=24362 tid=24389 comm=C1 CompilerThre state=R cpus=0-7 vol=875 nonvol=202 sched=741542668 44656702 1080
TICK ts_ns=1777215961673251878 pid=24362 tid=24395 comm=Notification Th state=S cpus=0-7 vol=2 nonvol=0 sched=199076 0 2
TICK ts_ns=1777215961673251878 pid=24362 tid=24398 comm=Common-Cleaner state=S cpus=0-7 vol=4 nonvol=0 sched=779538 47769 4
TICK ts_ns=1777215961673251878 pid=24362 tid=24429 comm=GC Thread#1 state=S cpus=0-7 vol=214 nonvol=3 sched=12601312 21217917 217
TICK ts_ns=1777215961673251878 pid=24362 tid=24431 comm=GC Thread#2 state=S cpus=0-7 vol=202 nonvol=5 sched=13922919 20992539 207
TICK ts_ns=1777215961673251878 pid=24362 tid=24432 comm=GC Thread#3 state=S cpus=0-7 vol=200 nonvol=3 sched=11147848 22642384 203
TICK ts_ns=1777215961673251878 pid=24362 tid=24475 comm=GC Thread#4 state=S cpus=0-7 vol=201 nonvol=2 sched=8155679 32122458 216
TICK ts_ns=1777215961673251878 pid=24362 tid=24514 comm=GC Thread#5 state=S cpus=0-7 vol=222 nonvol=2 sched=14005928 22726388 224
TICK ts_ns=1777215961673251878 pid=24362 tid=24515 comm=GC Thread#6 state=S cpus=0-7 vol=217 nonvol=5 sched=16567239 20327844 222
TICK ts_ns=1777215961673251878 pid=24362 tid=24539 comm=GC Thread#7 state=S cpus=0-7 vol=208 nonvol=7 sched=23668927 9840076 215
TICK ts_ns=1777215961673251878 pid=24362 tid=24598 comm=java state=S cpus=0-7 vol=2 nonvol=0 sched=155923 510077 2
TICK ts_ns=1777215961673251878 pid=24362 tid=24605 comm=G1 Conc#1 state=S cpus=0-7 vol=9 nonvol=1 sched=16496463 51537 10
TICK ts_ns=1777215961673251878 pid=24362 tid=24612 comm=AWT-XAWT state=S cpus=0-7 vol=79 nonvol=15 sched=16158231 5902847 96
TICK ts_ns=1777215961673251878 pid=24362 tid=24616 comm=AWT-Shutdown state=S cpus=0-7 vol=3 nonvol=0 sched=480616 0 3
TICK ts_ns=1777215961673251878 pid=24362 tid=24617 comm=AWT-EventQueue- state=S cpus=0-7 vol=1090 nonvol=173 sched=311837761 55350387 1274
TICK ts_ns=1777215961673251878 pid=24362 tid=24637 comm=Java2D Disposer state=S cpus=0-7 vol=6 nonvol=0 sched=3365691 910154 6
TICK ts_ns=1777215961673251878 pid=24362 tid=24653 comm=TimerQueue state=S cpus=0-7 vol=42 nonvol=5 sched=13569455 2712693 46
TICK ts_ns=1777215961673251878 pid=24362 tid=24670 comm=OkHttp Dispatch state=S cpus=0-7 vol=252 nonvol=66 sched=168211150 9958928 318
TICK ts_ns=1777215961673251878 pid=24362 tid=24674 comm=logback-1 state=S cpus=0-7 vol=3 nonvol=1 sched=11873541 1385692 4
TICK ts_ns=1777215961673251878 pid=24362 tid=24749 comm=OkHttp static.r state=S cpus=0-7 vol=8 nonvol=2 sched=1534307 1333460 10
TICK ts_ns=1777215961673251878 pid=24362 tid=24750 comm=OkHttp static.r state=S cpus=0-7 vol=15 nonvol=17 sched=24140845 6214538 32
TICK ts_ns=1777215961673251878 pid=24362 tid=24751 comm=OkHttp Connecti state=S cpus=0-7 vol=10 nonvol=0 sched=766079 0 10
TICK ts_ns=1777215961673251878 pid=24362 tid=24752 comm=Okio Watchdog state=S cpus=0-7 vol=42 nonvol=4 sched=1628385 321923 46
TICK ts_ns=1777215961673251878 pid=24362 tid=24753 comm=OkHttp Http2Con state=S cpus=0-7 vol=2 nonvol=0 sched=305462 13846 2
TICK ts_ns=1777215961673251878 pid=24139 tid=24139 comm=virgl_test_serv state=S cpus=4-7 vol=26 nonvol=22 sched=11900306 2943692 48
GPU_BUSY ts_ns=1777215961673251878 path=/sys/kernel/gpu/gpu_busy val=0 %
TICK ts_ns=1777215965769309955 pid=24362 tid=24362 comm=java state=S cpus=4-7 vol=3 nonvol=1 sched=11857539 190077 4
TICK ts_ns=1777215965769309955 pid=24362 tid=24365 comm=java state=S cpus=0-7 vol=2382 nonvol=440 sched=1991304921 58283012 2822
TICK ts_ns=1777215965769309955 pid=24362 tid=24369 comm=GC Thread#0 state=S cpus=0-7 vol=406 nonvol=81 sched=50444768 52476382 487
TICK ts_ns=1777215965769309955 pid=24362 tid=24370 comm=G1 Main Marker state=S cpus=0-7 vol=34 nonvol=1 sched=2047080 215924 35
TICK ts_ns=1777215965769309955 pid=24362 tid=24371 comm=G1 Conc#0 state=S cpus=0-7 vol=25 nonvol=16 sched=83881768 1204999 41
TICK ts_ns=1777215965769309955 pid=24362 tid=24373 comm=G1 Refine#0 state=S cpus=0-7 vol=127 nonvol=2 sched=12077305 6204081 129
TICK ts_ns=1777215965769309955 pid=24362 tid=24374 comm=G1 Service state=S cpus=0-7 vol=48 nonvol=4 sched=3211534 4332383 52
TICK ts_ns=1777215965769309955 pid=24362 tid=24375 comm=VM Periodic Tas state=S cpus=0-7 vol=141 nonvol=6 sched=6253312 7793765 147
TICK ts_ns=1777215965769309955 pid=24362 tid=24379 comm=VM Thread state=S cpus=0-7 vol=235 nonvol=83 sched=67760859 16624689 318
TICK ts_ns=1777215965769309955 pid=24362 tid=24382 comm=Reference Handl state=S cpus=0-7 vol=22 nonvol=0 sched=5040154 3549923 22
TICK ts_ns=1777215965769309955 pid=24362 tid=24383 comm=Finalizer state=S cpus=0-7 vol=5 nonvol=0 sched=832306 731386 5
TICK ts_ns=1777215965769309955 pid=24362 tid=24384 comm=Signal Dispatch state=S cpus=0-7 vol=2 nonvol=0 sched=184845 0 2
TICK ts_ns=1777215965769309955 pid=24362 tid=24385 comm=Service Thread state=S cpus=0-7 vol=20 nonvol=1 sched=5619922 915999 22
TICK ts_ns=1777215965769309955 pid=24362 tid=24386 comm=Monitor Deflati state=S cpus=0-7 vol=30 nonvol=1 sched=1112995 2741462 30
TICK ts_ns=1777215965769309955 pid=24362 tid=24387 comm=C2 CompilerThre state=S cpus=0-7 vol=3019 nonvol=576 sched=2238056647 229652615 3592
TICK ts_ns=1777215965769309955 pid=24362 tid=24389 comm=C1 CompilerThre state=S cpus=0-7 vol=2485 nonvol=631 sched=2016440305 181820154 3115
TICK ts_ns=1777215965769309955 pid=24362 tid=24395 comm=Notification Th state=S cpus=0-7 vol=2 nonvol=0 sched=199076 0 2
TICK ts_ns=1777215965769309955 pid=24362 tid=24398 comm=Common-Cleaner state=S cpus=0-7 vol=5 nonvol=0 sched=847461 47769 5
TICK ts_ns=1777215965769309955 pid=24362 tid=24429 comm=GC Thread#1 state=S cpus=0-7 vol=452 nonvol=20 sched=53268784 52879989 471
TICK ts_ns=1777215965769309955 pid=24362 tid=24431 comm=GC Thread#2 state=S cpus=0-7 vol=406 nonvol=22 sched=61885913 48250232 428
TICK ts_ns=1777215965769309955 pid=24362 tid=24432 comm=GC Thread#3 state=S cpus=0-7 vol=397 nonvol=16 sched=40441249 67488532 413
TICK ts_ns=1777215965769309955 pid=24362 tid=24475 comm=GC Thread#4 state=S cpus=0-7 vol=393 nonvol=11 sched=41265747 62072154 404
TICK ts_ns=1777215965769309955 pid=24362 tid=24514 comm=GC Thread#5 state=S cpus=0-7 vol=391 nonvol=17 sched=47495538 52019692 408
TICK ts_ns=1777215965769309955 pid=24362 tid=24515 comm=GC Thread#6 state=S cpus=0-7 vol=391 nonvol=166 sched=48576616 50661847 557
TICK ts_ns=1777215965769309955 pid=24362 tid=24539 comm=GC Thread#7 state=S cpus=0-7 vol=426 nonvol=81 sched=50535307 44587540 506
TICK ts_ns=1777215965769309955 pid=24362 tid=24598 comm=java state=S cpus=0-7 vol=3 nonvol=0 sched=277384 561231 3
TICK ts_ns=1777215965769309955 pid=24362 tid=24605 comm=G1 Conc#1 state=S cpus=0-7 vol=18 nonvol=17 sched=79865232 6010384 35
TICK ts_ns=1777215965769309955 pid=24362 tid=24612 comm=AWT-XAWT state=S cpus=0-7 vol=1426 nonvol=116 sched=106907401 92970241 1558
TICK ts_ns=1777215965769309955 pid=24362 tid=24616 comm=AWT-Shutdown state=S cpus=0-7 vol=9 nonvol=0 sched=659311 319614 9
TICK ts_ns=1777215965769309955 pid=24362 tid=24617 comm=AWT-EventQueue- state=S cpus=0-7 vol=1816 nonvol=401 sched=1275701914 86233621 2215
TICK ts_ns=1777215965769309955 pid=24362 tid=24637 comm=Java2D Disposer state=S cpus=0-7 vol=12 nonvol=0 sched=4622768 1643692 12
TICK ts_ns=1777215965769309955 pid=24362 tid=24653 comm=TimerQueue state=S cpus=0-7 vol=60 nonvol=7 sched=16274612 3532771 66
TICK ts_ns=1777215965769309955 pid=24362 tid=24670 comm=OkHttp Dispatch state=S cpus=0-7 vol=255 nonvol=66 sched=170087842 9958928 321
TICK ts_ns=1777215965769309955 pid=24362 tid=24674 comm=logback-1 state=S cpus=0-7 vol=3 nonvol=1 sched=11873541 1385692 4
TICK ts_ns=1777215965769309955 pid=24362 tid=24749 comm=OkHttp static.r state=S cpus=0-7 vol=8 nonvol=2 sched=1534307 1333460 10
TICK ts_ns=1777215965769309955 pid=24362 tid=24750 comm=OkHttp static.r state=S cpus=0-7 vol=16 nonvol=17 sched=25337538 6214538 33
TICK ts_ns=1777215965769309955 pid=24362 tid=24751 comm=OkHttp Connecti state=S cpus=0-7 vol=11 nonvol=0 sched=793387 0 11
TICK ts_ns=1777215965769309955 pid=24362 tid=24752 comm=Okio Watchdog state=S cpus=0-7 vol=44 nonvol=4 sched=1747308 330846 48
TICK ts_ns=1777215965769309955 pid=24362 tid=24753 comm=OkHttp Http2Con state=S cpus=0-7 vol=2 nonvol=0 sched=305462 13846 2
TICK ts_ns=1777215965769309955 pid=24362 tid=24959 comm=pool-3-thread-1 state=S cpus=0-7 vol=2 nonvol=0 sched=678999 30154 2
TICK ts_ns=1777215965769309955 pid=24362 tid=24976 comm=pool-2-thread-1 state=S cpus=0-7 vol=84 nonvol=75 sched=123711452 11633002 159
TICK ts_ns=1777215965769309955 pid=24362 tid=25028 comm=Thread-1 state=S cpus=0-7 vol=13 nonvol=3 sched=2316538 834384 16
TICK ts_ns=1777215965769309955 pid=24362 tid=25029 comm=Client state=S cpus=0-7 vol=4179 nonvol=707 sched=1161435604 290059355 4911
TICK ts_ns=1777215965769309955 pid=24362 tid=25035 comm=Thread-3 state=S cpus=0-7 vol=2 nonvol=0 sched=266770 5412692 2
TICK ts_ns=1777215965769309955 pid=24362 tid=25320 comm=cache io state=S cpus=0-7 vol=874 nonvol=231 sched=393330099 41154616 1104
TICK ts_ns=1777215965769309955 pid=24362 tid=25329 comm=Image Fetcher 0 state=S cpus=0-7 vol=3 nonvol=2 sched=4941691 59231 5
TICK ts_ns=1777215965769309955 pid=24362 tid=25405 comm=pool-4-thread-1 state=S cpus=0-7 vol=3 nonvol=15 sched=6922232 1405461 18
TICK ts_ns=1777215965769309955 pid=24362 tid=25436 comm=Java Sound Even state=S cpus=0-7 vol=2 nonvol=0 sched=211230 0 2
TICK ts_ns=1777215965769309955 pid=24362 tid=25437 comm=threaded-ml state=S cpus=0-7 vol=210 nonvol=66 sched=25873618 36985853 277
TICK ts_ns=1777215965769309955 pid=24362 tid=25438 comm=Sound Engine state=S cpus=0-6 vol=376 nonvol=89 sched=91167155 45779074 465
TICK ts_ns=1777215965769309955 pid=24362 tid=25445 comm=java:disk$0 state=S cpus=0-6 vol=1 nonvol=0 sched=198230 20923 1
TICK ts_ns=1777215965769309955 pid=24139 tid=24139 comm=virgl_test_serv state=S cpus=0-6 vol=27 nonvol=23 sched=12235460 2971692 50
GPU_BUSY ts_ns=1777215965769309955 path=/sys/kernel/gpu/gpu_busy val=33 %
TICK ts_ns=1777215969729952725 pid=24362 tid=24362 comm=java state=S cpus=0-6 vol=3 nonvol=1 sched=11857539 190077 4
TICK ts_ns=1777215969729952725 pid=24362 tid=24365 comm=java state=S cpus=0-6 vol=2382 nonvol=440 sched=1991304921 58283012 2822
TICK ts_ns=1777215969729952725 pid=24362 tid=24369 comm=GC Thread#0 state=S cpus=0-6 vol=505 nonvol=91 sched=58587700 69104298 596
TICK ts_ns=1777215969729952725 pid=24362 tid=24370 comm=G1 Main Marker state=S cpus=0-6 vol=41 nonvol=1 sched=2597620 888077 42
TICK ts_ns=1777215969729952725 pid=24362 tid=24371 comm=G1 Conc#0 state=S cpus=0-6 vol=29 nonvol=23 sched=129033005 3014922 52
TICK ts_ns=1777215969729952725 pid=24362 tid=24373 comm=G1 Refine#0 state=S cpus=0-6 vol=206 nonvol=6 sched=16938999 14490848 212
TICK ts_ns=1777215969729952725 pid=24362 tid=24374 comm=G1 Service state=S cpus=0-6 vol=56 nonvol=4 sched=3720995 5548306 61
TICK ts_ns=1777215969729952725 pid=24362 tid=24375 comm=VM Periodic Tas state=S cpus=0-6 vol=226 nonvol=13 sched=10343388 21580376 239
TICK ts_ns=1777215969729952725 pid=24362 tid=24379 comm=VM Thread state=S cpus=0-6 vol=270 nonvol=89 sched=78045093 21304839 359
TICK ts_ns=1777215969729952725 pid=24362 tid=24382 comm=Reference Handl state=S cpus=0-6 vol=24 nonvol=1 sched=5325925 3986307 25
TICK ts_ns=1777215969729952725 pid=24362 tid=24383 comm=Finalizer state=S cpus=0-6 vol=6 nonvol=0 sched=882461 731386 6
TICK ts_ns=1777215969729952725 pid=24362 tid=24384 comm=Signal Dispatch state=S cpus=0-6 vol=2 nonvol=0 sched=184845 0 2
TICK ts_ns=1777215969729952725 pid=24362 tid=24385 comm=Service Thread state=S cpus=0-6 vol=23 nonvol=1 sched=5762768 1307923 24
TICK ts_ns=1777215969729952725 pid=24362 tid=24386 comm=Monitor Deflati state=S cpus=0-6 vol=48 nonvol=1 sched=1790456 5231309 48
TICK ts_ns=1777215969729952725 pid=24362 tid=24387 comm=C2 CompilerThre state=S cpus=0-6 vol=3188 nonvol=672 sched=2813267574 256883854 3855
TICK ts_ns=1777215969729952725 pid=24362 tid=24389 comm=C1 CompilerThre state=S cpus=0-6 vol=2680 nonvol=692 sched=2143954621 217649149 3369
TICK ts_ns=1777215969729952725 pid=24362 tid=24395 comm=Notification Th state=S cpus=0-6 vol=2 nonvol=0 sched=199076 0 2
TICK ts_ns=1777215969729952725 pid=24362 tid=24398 comm=Common-Cleaner state=S cpus=0-6 vol=5 nonvol=0 sched=847461 47769 5
TICK ts_ns=1777215969729952725 pid=24362 tid=24429 comm=GC Thread#1 state=S cpus=0-6 vol=515 nonvol=30 sched=58446869 66312680 544
TICK ts_ns=1777215969729952725 pid=24362 tid=24431 comm=GC Thread#2 state=S cpus=0-6 vol=488 nonvol=25 sched=67854147 60062157 513
TICK ts_ns=1777215969729952725 pid=24362 tid=24432 comm=GC Thread#3 state=S cpus=0-6 vol=492 nonvol=16 sched=51199635 73805993 508
TICK ts_ns=1777215969729952725 pid=24362 tid=24475 comm=GC Thread#4 state=S cpus=0-6 vol=489 nonvol=13 sched=48915431 70755078 502
TICK ts_ns=1777215969729952725 pid=24362 tid=24514 comm=GC Thread#5 state=S cpus=0-6 vol=486 nonvol=19 sched=58699850 56551303 505
TICK ts_ns=1777215969729952725 pid=24362 tid=24515 comm=GC Thread#6 state=S cpus=0-6 vol=462 nonvol=171 sched=55143764 63315458 633
TICK ts_ns=1777215969729952725 pid=24362 tid=24539 comm=GC Thread#7 state=S cpus=0-6 vol=498 nonvol=84 sched=58776535 56145079 581
TICK ts_ns=1777215969729952725 pid=24362 tid=24598 comm=java state=S cpus=0-6 vol=3 nonvol=0 sched=277384 561231 3
TICK ts_ns=1777215969729952725 pid=24362 tid=24605 comm=G1 Conc#1 state=S cpus=0-6 vol=22 nonvol=23 sched=126560082 6225075 45
TICK ts_ns=1777215969729952725 pid=24362 tid=24612 comm=AWT-XAWT state=S cpus=0-6 vol=4841 nonvol=351 sched=325932350 523692541 5192
TICK ts_ns=1777215969729952725 pid=24362 tid=24616 comm=AWT-Shutdown state=S cpus=0-6 vol=9 nonvol=0 sched=659311 319614 9
TICK ts_ns=1777215969729952725 pid=24362 tid=24617 comm=AWT-EventQueue- state=S cpus=0-6 vol=1830 nonvol=412 sched=1341734911 87736161 2240
TICK ts_ns=1777215969729952725 pid=24362 tid=24637 comm=Java2D Disposer state=S cpus=0-6 vol=14 nonvol=1 sched=4751690 2195616 15
TICK ts_ns=1777215969729952725 pid=24362 tid=24653 comm=TimerQueue state=S cpus=0-6 vol=60 nonvol=7 sched=16274612 3532771 66
TICK ts_ns=1777215969729952725 pid=24362 tid=24670 comm=OkHttp Dispatch state=S cpus=0-6 vol=255 nonvol=66 sched=170087842 9958928 321
TICK ts_ns=1777215969729952725 pid=24362 tid=24674 comm=logback-1 state=S cpus=0-6 vol=3 nonvol=1 sched=11873541 1385692 4
TICK ts_ns=1777215969729952725 pid=24362 tid=24749 comm=OkHttp static.r state=S cpus=0-6 vol=8 nonvol=2 sched=1534307 1333460 10
TICK ts_ns=1777215969729952725 pid=24362 tid=24750 comm=OkHttp static.r state=S cpus=0-6 vol=16 nonvol=17 sched=25337538 6214538 33
TICK ts_ns=1777215969729952725 pid=24362 tid=24751 comm=OkHttp Connecti state=S cpus=0-6 vol=11 nonvol=0 sched=793387 0 11
TICK ts_ns=1777215969729952725 pid=24362 tid=24752 comm=Okio Watchdog state=S cpus=0-6 vol=44 nonvol=4 sched=1747308 330846 48
TICK ts_ns=1777215969729952725 pid=24362 tid=24753 comm=OkHttp Http2Con state=S cpus=0-6 vol=2 nonvol=0 sched=305462 13846 2
TICK ts_ns=1777215969729952725 pid=24362 tid=24959 comm=pool-3-thread-1 state=S cpus=0-6 vol=2 nonvol=0 sched=678999 30154 2
TICK ts_ns=1777215969729952725 pid=24362 tid=24976 comm=pool-2-thread-1 state=S cpus=0-6 vol=106 nonvol=82 sched=128063143 19596924 188
TICK ts_ns=1777215969729952725 pid=24362 tid=25028 comm=Thread-1 state=S cpus=0-6 vol=13 nonvol=3 sched=2316538 834384 16
TICK ts_ns=1777215969729952725 pid=24362 tid=25029 comm=Client state=S cpus=0-6 vol=7771 nonvol=1249 sched=1770166561 793413658 9023
TICK ts_ns=1777215969729952725 pid=24362 tid=25035 comm=Thread-3 state=S cpus=0-6 vol=2 nonvol=0 sched=266770 5412692 2
TICK ts_ns=1777215969729952725 pid=24362 tid=25320 comm=cache io state=S cpus=0-6 vol=958 nonvol=243 sched=430763329 49817539 1202
TICK ts_ns=1777215969729952725 pid=24362 tid=25405 comm=pool-4-thread-1 state=S cpus=0-6 vol=3 nonvol=15 sched=6922232 1405461 18
TICK ts_ns=1777215969729952725 pid=24362 tid=25436 comm=Java Sound Even state=S cpus=0-6 vol=2 nonvol=0 sched=211230 0 2
TICK ts_ns=1777215969729952725 pid=24362 tid=25437 comm=threaded-ml state=S cpus=0-6 vol=604 nonvol=234 sched=114602931 147275072 839
TICK ts_ns=1777215969729952725 pid=24362 tid=25438 comm=Sound Engine state=S cpus=0-6 vol=805 nonvol=186 sched=193154982 135886007 986
TICK ts_ns=1777215969729952725 pid=24362 tid=25445 comm=java:disk$0 state=S cpus=0-6 vol=1 nonvol=0 sched=198230 20923 1
TICK ts_ns=1777215969729952725 pid=24362 tid=25529 comm=Thread-7 state=S cpus=0-6 vol=343 nonvol=211 sched=91706699 94029917 553
TICK ts_ns=1777215969729952725 pid=24362 tid=25530 comm=Thread-8 state=S cpus=0-6 vol=12 nonvol=7 sched=2102924 875307 19
TICK ts_ns=1777215969729952725 pid=24139 tid=24139 comm=virgl_test_serv state=S cpus=0-6 vol=27 nonvol=23 sched=12235460 2971692 50
GPU_BUSY ts_ns=1777215969729952725 path=/sys/kernel/gpu/gpu_busy val=28 %
TICK ts_ns=1777215974189725648 pid=24362 tid=24362 comm=java state=S cpus=0-6 vol=3 nonvol=1 sched=11857539 190077 4
TICK ts_ns=1777215974189725648 pid=24362 tid=24365 comm=java state=S cpus=0-6 vol=2382 nonvol=440 sched=1991304921 58283012 2822
TICK ts_ns=1777215974189725648 pid=24362 tid=24369 comm=GC Thread#0 state=S cpus=0-6 vol=538 nonvol=96 sched=70620854 75540836 634
TICK ts_ns=1777215974189725648 pid=24362 tid=24370 comm=G1 Main Marker state=S cpus=0-6 vol=41 nonvol=1 sched=2597620 888077 42
TICK ts_ns=1777215974189725648 pid=24362 tid=24371 comm=G1 Conc#0 state=S cpus=0-6 vol=29 nonvol=23 sched=129033005 3014922 52
TICK ts_ns=1777215974189725648 pid=24362 tid=24373 comm=G1 Refine#0 state=S cpus=0-6 vol=294 nonvol=12 sched=23851844 28345388 307
TICK ts_ns=1777215974189725648 pid=24362 tid=24374 comm=G1 Service state=S cpus=0-6 vol=63 nonvol=6 sched=4429378 8352074 69
TICK ts_ns=1777215974189725648 pid=24362 tid=24375 comm=VM Periodic Tas state=S cpus=0-6 vol=315 nonvol=21 sched=15247230 32609070 333
TICK ts_ns=1777215974189725648 pid=24362 tid=24379 comm=VM Thread state=S cpus=0-6 vol=281 nonvol=93 sched=83323782 21726378 374
TICK ts_ns=1777215974189725648 pid=24362 tid=24382 comm=Reference Handl state=S cpus=0-6 vol=25 nonvol=1 sched=5408771 4011230 26
TICK ts_ns=1777215974189725648 pid=24362 tid=24383 comm=Finalizer state=S cpus=0-6 vol=7 nonvol=0 sched=962538 731386 7
TICK ts_ns=1777215974189725648 pid=24362 tid=24384 comm=Signal Dispatch state=S cpus=0-6 vol=2 nonvol=0 sched=184845 0 2
TICK ts_ns=1777215974189725648 pid=24362 tid=24385 comm=Service Thread state=S cpus=0-6 vol=24 nonvol=1 sched=5825460 1366308 25
TICK ts_ns=1777215974189725648 pid=24362 tid=24386 comm=Monitor Deflati state=S cpus=0-6 vol=65 nonvol=3 sched=2701996 6136924 66
TICK ts_ns=1777215974189725648 pid=24362 tid=24387 comm=C2 CompilerThre state=S cpus=0-6 vol=3289 nonvol=715 sched=3268822265 274588087 3999
TICK ts_ns=1777215974189725648 pid=24362 tid=24389 comm=C1 CompilerThre state=S cpus=0-6 vol=2776 nonvol=728 sched=2280155162 242719921 3502
TICK ts_ns=1777215974189725648 pid=24362 tid=24395 comm=Notification Th state=S cpus=0-6 vol=2 nonvol=0 sched=199076 0 2
TICK ts_ns=1777215974189725648 pid=24362 tid=24398 comm=Common-Cleaner state=S cpus=0-6 vol=5 nonvol=0 sched=847461 47769 5
TICK ts_ns=1777215974189725648 pid=24362 tid=24429 comm=GC Thread#1 state=S cpus=0-6 vol=543 nonvol=32 sched=64758409 77082602 574
TICK ts_ns=1777215974189725648 pid=24362 tid=24431 comm=GC Thread#2 state=S cpus=0-6 vol=513 nonvol=27 sched=73340922 70487077 540
TICK ts_ns=1777215974189725648 pid=24362 tid=24432 comm=GC Thread#3 state=S cpus=0-6 vol=524 nonvol=17 sched=65148019 76379378 541
TICK ts_ns=1777215974189725648 pid=24362 tid=24475 comm=GC Thread#4 state=S cpus=0-6 vol=521 nonvol=15 sched=57284583 79667693 536
TICK ts_ns=1777215974189725648 pid=24362 tid=24514 comm=GC Thread#5 state=S cpus=0-6 vol=517 nonvol=19 sched=63320311 69059613 536
TICK ts_ns=1777215974189725648 pid=24362 tid=24515 comm=GC Thread#6 state=S cpus=0-6 vol=494 nonvol=172 sched=67928682 65545305 666
TICK ts_ns=1777215974189725648 pid=24362 tid=24539 comm=GC Thread#7 state=S cpus=0-6 vol=522 nonvol=86 sched=64420457 66192081 607
TICK ts_ns=1777215974189725648 pid=24362 tid=24598 comm=java state=S cpus=0-6 vol=3 nonvol=0 sched=277384 561231 3
TICK ts_ns=1777215974189725648 pid=24362 tid=24605 comm=G1 Conc#1 state=S cpus=0-6 vol=22 nonvol=23 sched=126560082 6225075 45
TICK ts_ns=1777215974189725648 pid=24362 tid=24612 comm=AWT-XAWT state=R cpus=0-6 vol=7849 nonvol=603 sched=556517682 986670258 8455
TICK ts_ns=1777215974189725648 pid=24362 tid=24616 comm=AWT-Shutdown state=S cpus=0-6 vol=9 nonvol=0 sched=659311 319614 9
TICK ts_ns=1777215974189725648 pid=24362 tid=24617 comm=AWT-EventQueue- state=S cpus=0-6 vol=1893 nonvol=436 sched=1366011910 108051391 2327
TICK ts_ns=1777215974189725648 pid=24362 tid=24637 comm=Java2D Disposer state=S cpus=0-6 vol=14 nonvol=1 sched=4751690 2195616 15
TICK ts_ns=1777215974189725648 pid=24362 tid=24653 comm=TimerQueue state=S cpus=0-6 vol=63 nonvol=7 sched=16474843 4120924 69
TICK ts_ns=1777215974189725648 pid=24362 tid=24670 comm=OkHttp Dispatch state=S cpus=0-6 vol=255 nonvol=66 sched=170087842 9958928 321
TICK ts_ns=1777215974189725648 pid=24362 tid=24674 comm=logback-1 state=S cpus=0-6 vol=3 nonvol=1 sched=11873541 1385692 4
TICK ts_ns=1777215974189725648 pid=24362 tid=24749 comm=OkHttp static.r state=S cpus=0-6 vol=8 nonvol=2 sched=1534307 1333460 10
TICK ts_ns=1777215974189725648 pid=24362 tid=24750 comm=OkHttp static.r state=S cpus=0-6 vol=16 nonvol=17 sched=25337538 6214538 33
TICK ts_ns=1777215974189725648 pid=24362 tid=24751 comm=OkHttp Connecti state=S cpus=0-6 vol=11 nonvol=0 sched=793387 0 11
TICK ts_ns=1777215974189725648 pid=24362 tid=24752 comm=Okio Watchdog state=S cpus=0-6 vol=45 nonvol=4 sched=1771846 330846 49
TICK ts_ns=1777215974189725648 pid=24362 tid=24753 comm=OkHttp Http2Con state=S cpus=0-6 vol=2 nonvol=0 sched=305462 13846 2
TICK ts_ns=1777215974189725648 pid=24362 tid=24959 comm=pool-3-thread-1 state=S cpus=0-6 vol=2 nonvol=0 sched=678999 30154 2
TICK ts_ns=1777215974189725648 pid=24362 tid=24976 comm=pool-2-thread-1 state=S cpus=0-6 vol=136 nonvol=103 sched=146859533 31339458 238
TICK ts_ns=1777215974189725648 pid=24362 tid=25028 comm=Thread-1 state=S cpus=0-6 vol=15 nonvol=3 sched=2765692 834384 18
TICK ts_ns=1777215974189725648 pid=24362 tid=25029 comm=Client state=S cpus=0-6 vol=11525 nonvol=1998 sched=2988792072 1251239507 13535
TICK ts_ns=1777215974189725648 pid=24362 tid=25035 comm=Thread-3 state=S cpus=0-6 vol=2 nonvol=0 sched=266770 5412692 2
TICK ts_ns=1777215974189725648 pid=24362 tid=25320 comm=cache io state=S cpus=0-6 vol=1054 nonvol=353 sched=555034945 94622008 1405
TICK ts_ns=1777215974189725648 pid=24362 tid=25405 comm=pool-4-thread-1 state=S cpus=0-6 vol=3 nonvol=15 sched=6922232 1405461 18
TICK ts_ns=1777215974189725648 pid=24362 tid=25436 comm=Java Sound Even state=S cpus=0-6 vol=2 nonvol=0 sched=211230 0 2
TICK ts_ns=1777215974189725648 pid=24362 tid=25437 comm=threaded-ml state=S cpus=0-6 vol=1073 nonvol=346 sched=176909317 221266209 1419
TICK ts_ns=1777215974189725648 pid=24362 tid=25438 comm=Sound Engine state=S cpus=0-6 vol=1311 nonvol=275 sched=272913991 228773714 1581
TICK ts_ns=1777215974189725648 pid=24362 tid=25445 comm=java:disk$0 state=S cpus=0-6 vol=1 nonvol=0 sched=198230 20923 1
TICK ts_ns=1777215974189725648 pid=24362 tid=25529 comm=Thread-7 state=S cpus=0-6 vol=658 nonvol=410 sched=152956243 166173933 1062
TICK ts_ns=1777215974189725648 pid=24362 tid=25530 comm=Thread-8 state=S cpus=0-6 vol=253 nonvol=93 sched=38133534 53126461 345
TICK ts_ns=1777215974189725648 pid=24139 tid=24139 comm=virgl_test_serv state=S cpus=0-6 vol=27 nonvol=23 sched=12235460 2971692 50
GPU_BUSY ts_ns=1777215974189725648 path=/sys/kernel/gpu/gpu_busy val=31 %
TICK ts_ns=1777215979202002648 pid=24362 tid=24362 comm=java state=S cpus=0-6 vol=3 nonvol=1 sched=11857539 190077 4
TICK ts_ns=1777215979202002648 pid=24362 tid=24365 comm=java state=S cpus=0-6 vol=2382 nonvol=440 sched=1991304921 58283012 2822
TICK ts_ns=1777215979202002648 pid=24362 tid=24369 comm=GC Thread#0 state=S cpus=0-6 vol=563 nonvol=96 sched=74361471 79602991 659
TICK ts_ns=1777215979202002648 pid=24362 tid=24370 comm=G1 Main Marker state=S cpus=0-6 vol=48 nonvol=1 sched=3142159 904461 49
TICK ts_ns=1777215979202002648 pid=24362 tid=24371 comm=G1 Conc#0 state=S cpus=0-6 vol=33 nonvol=35 sched=181825776 6726920 68
TICK ts_ns=1777215979202002648 pid=24362 tid=24373 comm=G1 Refine#0 state=S cpus=0-6 vol=392 nonvol=20 sched=29966613 45271621 413
TICK ts_ns=1777215979202002648 pid=24362 tid=24374 comm=G1 Service state=S cpus=0-6 vol=70 nonvol=6 sched=4759147 9628072 76
TICK ts_ns=1777215979202002648 pid=24362 tid=24375 comm=VM Periodic Tas state=S cpus=0-6 vol=416 nonvol=27 sched=19574906 48218146 440
TICK ts_ns=1777215979202002648 pid=24362 tid=24379 comm=VM Thread state=S cpus=0-6 vol=304 nonvol=95 sched=87235095 23262839 399
TICK ts_ns=1777215979202002648 pid=24362 tid=24382 comm=Reference Handl state=S cpus=0-6 vol=27 nonvol=1 sched=5533540 4166615 28
TICK ts_ns=1777215979202002648 pid=24362 tid=24383 comm=Finalizer state=S cpus=0-6 vol=7 nonvol=0 sched=962538 731386 7
TICK ts_ns=1777215979202002648 pid=24362 tid=24384 comm=Signal Dispatch state=S cpus=0-6 vol=2 nonvol=0 sched=184845 0 2
TICK ts_ns=1777215979202002648 pid=24362 tid=24385 comm=Service Thread state=S cpus=0-6 vol=25 nonvol=1 sched=5855999 1442308 26
TICK ts_ns=1777215979202002648 pid=24362 tid=24386 comm=Monitor Deflati state=S cpus=0-6 vol=85 nonvol=4 sched=3682765 12247929 88
TICK ts_ns=1777215979202002648 pid=24362 tid=24387 comm=C2 CompilerThre state=R cpus=0-6 vol=3507 nonvol=829 sched=4462979345 315886472 4334
TICK ts_ns=1777215979202002648 pid=24362 tid=24389 comm=C1 CompilerThre state=S cpus=0-6 vol=3069 nonvol=859 sched=2469117526 314134857 3923
TICK ts_ns=1777215979202002648 pid=24362 tid=24395 comm=Notification Th state=S cpus=0-6 vol=2 nonvol=0 sched=199076 0 2
TICK ts_ns=1777215979202002648 pid=24362 tid=24398 comm=Common-Cleaner state=S cpus=0-6 vol=5 nonvol=0 sched=847461 47769 5
TICK ts_ns=1777215979202002648 pid=24362 tid=24429 comm=GC Thread#1 state=S cpus=0-6 vol=576 nonvol=33 sched=69578482 79668065 608
TICK ts_ns=1777215979202002648 pid=24362 tid=24431 comm=GC Thread#2 state=S cpus=0-6 vol=538 nonvol=28 sched=75392844 76091614 566
TICK ts_ns=1777215979202002648 pid=24362 tid=24432 comm=GC Thread#3 state=S cpus=0-6 vol=549 nonvol=18 sched=67605402 81148300 567
TICK ts_ns=1777215979202002648 pid=24362 tid=24475 comm=GC Thread#4 state=S cpus=0-6 vol=549 nonvol=15 sched=57786193 87243081 564
TICK ts_ns=1777215979202002648 pid=24362 tid=24514 comm=GC Thread#5 state=S cpus=0-6 vol=547 nonvol=20 sched=67472316 72893304 567
TICK ts_ns=1777215979202002648 pid=24362 tid=24515 comm=GC Thread#6 state=S cpus=0-6 vol=519 nonvol=173 sched=72011448 68463615 692
TICK ts_ns=1777215979202002648 pid=24362 tid=24539 comm=GC Thread#7 state=S cpus=0-6 vol=550 nonvol=87 sched=68333070 69266160 636
TICK ts_ns=1777215979202002648 pid=24362 tid=24598 comm=java state=S cpus=0-6 vol=3 nonvol=0 sched=277384 561231 3
TICK ts_ns=1777215979202002648 pid=24362 tid=24605 comm=G1 Conc#1 state=S cpus=0-6 vol=26 nonvol=34 sched=181030930 8718383 60
TICK ts_ns=1777215979202002648 pid=24362 tid=24612 comm=AWT-XAWT state=R cpus=0-6 vol=11712 nonvol=886 sched=842900764 1558841731 12594
TICK ts_ns=1777215979202002648 pid=24362 tid=24616 comm=AWT-Shutdown state=S cpus=0-6 vol=9 nonvol=0 sched=659311 319614 9
TICK ts_ns=1777215979202002648 pid=24362 tid=24617 comm=AWT-EventQueue- state=S cpus=0-6 vol=2351 nonvol=758 sched=1650588502 266754785 3107
TICK ts_ns=1777215979202002648 pid=24362 tid=24637 comm=Java2D Disposer state=S cpus=0-6 vol=15 nonvol=1 sched=4841920 2195616 16
TICK ts_ns=1777215979202002648 pid=24362 tid=24653 comm=TimerQueue state=S cpus=0-6 vol=177 nonvol=17 sched=24497451 26452920 193
TICK ts_ns=1777215979202002648 pid=24362 tid=24670 comm=OkHttp Dispatch state=S cpus=0-6 vol=255 nonvol=66 sched=170087842 9958928 321
TICK ts_ns=1777215979202002648 pid=24362 tid=24674 comm=logback-1 state=S cpus=0-6 vol=3 nonvol=1 sched=11873541 1385692 4
TICK ts_ns=1777215979202002648 pid=24362 tid=24749 comm=OkHttp static.r state=S cpus=0-6 vol=8 nonvol=2 sched=1534307 1333460 10
TICK ts_ns=1777215979202002648 pid=24362 tid=24750 comm=OkHttp static.r state=S cpus=0-6 vol=16 nonvol=17 sched=25337538 6214538 33
TICK ts_ns=1777215979202002648 pid=24362 tid=24751 comm=OkHttp Connecti state=S cpus=0-6 vol=11 nonvol=0 sched=793387 0 11
TICK ts_ns=1777215979202002648 pid=24362 tid=24752 comm=Okio Watchdog state=S cpus=0-6 vol=45 nonvol=4 sched=1771846 330846 49
TICK ts_ns=1777215979202002648 pid=24362 tid=24753 comm=OkHttp Http2Con state=S cpus=0-6 vol=2 nonvol=0 sched=305462 13846 2
TICK ts_ns=1777215979202002648 pid=24362 tid=24959 comm=pool-3-thread-1 state=S cpus=0-6 vol=2 nonvol=0 sched=678999 30154 2
TICK ts_ns=1777215979202002648 pid=24362 tid=24976 comm=pool-2-thread-1 state=S cpus=0-6 vol=162 nonvol=111 sched=150508685 39899149 271
TICK ts_ns=1777215979202002648 pid=24362 tid=25028 comm=Thread-1 state=S cpus=0-6 vol=15 nonvol=3 sched=2765692 834384 18
TICK ts_ns=1777215979202002648 pid=24362 tid=25029 comm=Client state=S cpus=0-6 vol=15859 nonvol=2725 sched=4296121819 1700855288 18599
TICK ts_ns=1777215979202002648 pid=24362 tid=25035 comm=Thread-3 state=S cpus=0-6 vol=2 nonvol=0 sched=266770 5412692 2
TICK ts_ns=1777215979202002648 pid=24362 tid=25320 comm=cache io state=S cpus=0-3 vol=1152 nonvol=485 sched=757187616 140070478 1635
TICK ts_ns=1777215979202002648 pid=24362 tid=25405 comm=pool-4-thread-1 state=S cpus=0-3 vol=7 nonvol=17 sched=8639924 2173308 24
TICK ts_ns=1777215979202002648 pid=24362 tid=25436 comm=Java Sound Even state=S cpus=0-3 vol=2 nonvol=0 sched=211230 0 2
TICK ts_ns=1777215979202002648 pid=24362 tid=25437 comm=threaded-ml state=S cpus=0-3 vol=1568 nonvol=482 sched=240206387 301206666 2043
TICK ts_ns=1777215979202002648 pid=24362 tid=25438 comm=Sound Engine state=S cpus=0-3 vol=1833 nonvol=369 sched=352843533 311785031 2195
TICK ts_ns=1777215979202002648 pid=24362 tid=25445 comm=java:disk$0 state=S cpus=0-3 vol=1 nonvol=0 sched=198230 20923 1
TICK ts_ns=1777215979202002648 pid=24362 tid=25529 comm=Thread-7 state=S cpus=0-3 vol=992 nonvol=613 sched=213682944 249630149 1599
TICK ts_ns=1777215979202002648 pid=24362 tid=25530 comm=Thread-8 state=S cpus=0-3 vol=607 nonvol=257 sched=91074292 121921553 863
TICK ts_ns=1777215979202002648 pid=24362 tid=27348 comm=Thread-9 state=S cpus=0-3 vol=336 nonvol=23 sched=14500218 44079923 357
TICK ts_ns=1777215979202002648 pid=24139 tid=24139 comm=virgl_test_serv state=S cpus=0-3 vol=27 nonvol=23 sched=12235460 2971692 50
GPU_BUSY ts_ns=1777215979202002648 path=/sys/kernel/gpu/gpu_busy val=0 %
TICK ts_ns=1777215984603371802 pid=24362 tid=24362 comm=java state=S cpus=0-3 vol=3 nonvol=1 sched=11857539 190077 4
TICK ts_ns=1777215984603371802 pid=24362 tid=24365 comm=java state=S cpus=0-3 vol=2382 nonvol=440 sched=1991304921 58283012 2822
TICK ts_ns=1777215984603371802 pid=24362 tid=24369 comm=GC Thread#0 state=S cpus=0-3 vol=616 nonvol=96 sched=79604473 93655073 712
TICK ts_ns=1777215984603371802 pid=24362 tid=24370 comm=G1 Main Marker state=S cpus=0-3 vol=55 nonvol=1 sched=4056390 9046691 56
TICK ts_ns=1777215984603371802 pid=24362 tid=24371 comm=G1 Conc#0 state=S cpus=0-3 vol=37 nonvol=52 sched=277769153 81569689 89
TICK ts_ns=1777215984603371802 pid=24362 tid=24373 comm=G1 Refine#0 state=S cpus=0-3 vol=507 nonvol=27 sched=44932153 57145618 535
TICK ts_ns=1777215984603371802 pid=24362 tid=24374 comm=G1 Service state=S cpus=0-3 vol=82 nonvol=6 sched=5394610 18644456 88
TICK ts_ns=1777215984603371802 pid=24362 tid=24375 comm=VM Periodic Tas state=S cpus=0-3 vol=536 nonvol=34 sched=24587682 71175067 567
TICK ts_ns=1777215984603371802 pid=24362 tid=24379 comm=VM Thread state=S cpus=0-3 vol=355 nonvol=96 sched=93925249 24802684 452
TICK ts_ns=1777215984603371802 pid=24362 tid=24382 comm=Reference Handl state=S cpus=0-3 vol=32 nonvol=1 sched=6219924 4990845 33
TICK ts_ns=1777215984603371802 pid=24362 tid=24383 comm=Finalizer state=S cpus=0-3 vol=7 nonvol=0 sched=962538 731386 7
TICK ts_ns=1777215984603371802 pid=24362 tid=24384 comm=Signal Dispatch state=S cpus=0-3 vol=2 nonvol=0 sched=184845 0 2
TICK ts_ns=1777215984603371802 pid=24362 tid=24385 comm=Service Thread state=S cpus=0-3 vol=30 nonvol=1 sched=6099076 2857385 31
TICK ts_ns=1777215984603371802 pid=24362 tid=24386 comm=Monitor Deflati state=S cpus=0-3 vol=110 nonvol=4 sched=4444454 13372776 112
TICK ts_ns=1777215984603371802 pid=24362 tid=24387 comm=C2 CompilerThre state=S cpus=0-3 vol=3715 nonvol=1330 sched=6623188572 767905086 5040
TICK ts_ns=1777215984603371802 pid=24362 tid=24389 comm=C1 CompilerThre state=S cpus=0-3 vol=3470 nonvol=1130 sched=3152344140 740163169 4594
TICK ts_ns=1777215984603371802 pid=24362 tid=24395 comm=Notification Th state=S cpus=0-3 vol=2 nonvol=0 sched=199076 0 2
TICK ts_ns=1777215984603371802 pid=24362 tid=24398 comm=Common-Cleaner state=S cpus=0-3 vol=5 nonvol=0 sched=847461 47769 5
TICK ts_ns=1777215984603371802 pid=24362 tid=24429 comm=GC Thread#1 state=S cpus=0-3 vol=618 nonvol=35 sched=78396561 91035987 652
TICK ts_ns=1777215984603371802 pid=24362 tid=24431 comm=GC Thread#2 state=S cpus=0-3 vol=582 nonvol=29 sched=81213608 97113302 624
TICK ts_ns=1777215984603371802 pid=24362 tid=24432 comm=GC Thread#3 state=S cpus=0-3 vol=605 nonvol=19 sched=77535020 101714145 624
TICK ts_ns=1777215984603371802 pid=24362 tid=24475 comm=GC Thread#4 state=S cpus=0-3 vol=600 nonvol=17 sched=68837577 106748545 617
TICK ts_ns=1777215984603371802 pid=24362 tid=24514 comm=GC Thread#5 state=S cpus=0-3 vol=601 nonvol=21 sched=73463083 95545231 622
TICK ts_ns=1777215984603371802 pid=24362 tid=24515 comm=GC Thread#6 state=S cpus=0-3 vol=578 nonvol=175 sched=85183064 83629079 753
TICK ts_ns=1777215984603371802 pid=24362 tid=24539 comm=GC Thread#7 state=S cpus=0-3 vol=606 nonvol=89 sched=74373682 89620006 694
TICK ts_ns=1777215984603371802 pid=24362 tid=24598 comm=java state=S cpus=0-3 vol=5 nonvol=1 sched=614229 717846 6
TICK ts_ns=1777215984603371802 pid=24362 tid=24605 comm=G1 Conc#1 state=S cpus=0-3 vol=30 nonvol=92 sched=271270536 85411999 122
TICK ts_ns=1777215984603371802 pid=24362 tid=24612 comm=AWT-XAWT state=S cpus=0-3 vol=13645 nonvol=1019 sched=1002873934 1806687353 14638
TICK ts_ns=1777215984603371802 pid=24362 tid=24616 comm=AWT-Shutdown state=S cpus=0-3 vol=9 nonvol=0 sched=659311 319614 9
TICK ts_ns=1777215984603371802 pid=24362 tid=24617 comm=AWT-EventQueue- state=S cpus=0-3 vol=2641 nonvol=990 sched=2127257867 695353559 3626
TICK ts_ns=1777215984603371802 pid=24362 tid=24637 comm=Java2D Disposer state=S cpus=0-3 vol=21 nonvol=1 sched=6069307 2919077 22
TICK ts_ns=1777215984603371802 pid=24362 tid=24653 comm=TimerQueue state=S cpus=0-3 vol=222 nonvol=20 sched=28564532 38620307 241
TICK ts_ns=1777215984603371802 pid=24362 tid=24670 comm=OkHttp Dispatch state=S cpus=0-3 vol=255 nonvol=66 sched=170087842 9958928 321
TICK ts_ns=1777215984603371802 pid=24362 tid=24674 comm=logback-1 state=S cpus=0-3 vol=3 nonvol=1 sched=11873541 1385692 4
TICK ts_ns=1777215984603371802 pid=24362 tid=24749 comm=OkHttp static.r state=S cpus=0-3 vol=8 nonvol=2 sched=1534307 1333460 10
TICK ts_ns=1777215984603371802 pid=24362 tid=24750 comm=OkHttp static.r state=S cpus=0-3 vol=16 nonvol=17 sched=25337538 6214538 33
TICK ts_ns=1777215984603371802 pid=24362 tid=24751 comm=OkHttp Connecti state=S cpus=0-3 vol=11 nonvol=0 sched=793387 0 11
TICK ts_ns=1777215984603371802 pid=24362 tid=24752 comm=Okio Watchdog state=S cpus=0-3 vol=45 nonvol=4 sched=1771846 330846 49
TICK ts_ns=1777215984603371802 pid=24362 tid=24753 comm=OkHttp Http2Con state=S cpus=0-3 vol=2 nonvol=0 sched=305462 13846 2
TICK ts_ns=1777215984603371802 pid=24362 tid=24976 comm=pool-2-thread-1 state=S cpus=0-3 vol=197 nonvol=117 sched=156108684 42413377 312
TICK ts_ns=1777215984603371802 pid=24362 tid=25028 comm=Thread-1 state=S cpus=0-3 vol=19 nonvol=5 sched=3691616 1254922 24
TICK ts_ns=1777215984603371802 pid=24362 tid=25029 comm=Client state=S cpus=0-3 vol=19847 nonvol=5456 sched=6442111622 2611399435 25327
TICK ts_ns=1777215984603371802 pid=24362 tid=25035 comm=Thread-3 state=S cpus=0-3 vol=2 nonvol=0 sched=266770 5412692 2
TICK ts_ns=1777215984603371802 pid=24362 tid=25320 comm=cache io state=S cpus=0-3 vol=1284 nonvol=511 sched=854157526 162998015 1793
TICK ts_ns=1777215984603371802 pid=24362 tid=25405 comm=pool-4-thread-1 state=S cpus=0-3 vol=13 nonvol=17 sched=9217539 3085077 30
TICK ts_ns=1777215984603371802 pid=24362 tid=25436 comm=Java Sound Even state=S cpus=0-3 vol=2 nonvol=0 sched=211230 0 2
TICK ts_ns=1777215984603371802 pid=24362 tid=25437 comm=threaded-ml state=S cpus=0-3 vol=2058 nonvol=555 sched=306878539 374020752 2606
TICK ts_ns=1777215984603371802 pid=24362 tid=25438 comm=Sound Engine state=S cpus=0-3 vol=2506 nonvol=506 sched=619209617 460603644 3002
TICK ts_ns=1777215984603371802 pid=24362 tid=25445 comm=java:disk$0 state=S cpus=0-3 vol=1 nonvol=0 sched=198230 20923 1
TICK ts_ns=1777215984603371802 pid=24362 tid=25529 comm=Thread-7 state=R cpus=0-3 vol=2709 nonvol=852 sched=287338637 333655379 3552
TICK ts_ns=1777215984603371802 pid=24362 tid=25530 comm=Thread-8 state=S cpus=0-3 vol=804 nonvol=343 sched=116686833 175491468 1146
TICK ts_ns=1777215984603371802 pid=24362 tid=27348 comm=Thread-9 state=S cpus=0-3 vol=607 nonvol=27 sched=26150911 64126075 633
TICK ts_ns=1777215984603371802 pid=24139 tid=24139 comm=virgl_test_serv state=S cpus=0-3 vol=27 nonvol=23 sched=12235460 2971692 50
GPU_BUSY ts_ns=1777215984603371802 path=/sys/kernel/gpu/gpu_busy val=24 %
TICK ts_ns=1777215991386628803 pid=24362 tid=24362 comm=java state=S cpus=0-3 vol=3 nonvol=1 sched=11857539 190077 4
TICK ts_ns=1777215991386628803 pid=24362 tid=24365 comm=java state=S cpus=0-3 vol=2382 nonvol=440 sched=1991304921 58283012 2822
TICK ts_ns=1777215991386628803 pid=24362 tid=24369 comm=GC Thread#0 state=S cpus=0-3 vol=622 nonvol=98 sched=85243473 102871688 720
TICK ts_ns=1777215991386628803 pid=24362 tid=24370 comm=G1 Main Marker state=S cpus=0-3 vol=55 nonvol=1 sched=4056390 9046691 56
TICK ts_ns=1777215991386628803 pid=24362 tid=24371 comm=G1 Conc#0 state=S cpus=0-3 vol=37 nonvol=52 sched=277769153 81569689 89
TICK ts_ns=1777215991386628803 pid=24362 tid=24373 comm=G1 Refine#0 state=S cpus=0-3 vol=594 nonvol=31 sched=53564771 77326153 626
TICK ts_ns=1777215991386628803 pid=24362 tid=24374 comm=G1 Service state=S cpus=0-3 vol=90 nonvol=6 sched=5985690 22940762 96
TICK ts_ns=1777215991386628803 pid=24362 tid=24375 comm=VM Periodic Tas state=S cpus=0-3 vol=666 nonvol=38 sched=30978603 87596988 701
TICK ts_ns=1777215991386628803 pid=24362 tid=24379 comm=VM Thread state=S cpus=0-3 vol=387 nonvol=97 sched=98094171 26915299 484
TICK ts_ns=1777215991386628803 pid=24362 tid=24382 comm=Reference Handl state=S cpus=0-3 vol=35 nonvol=2 sched=6531307 5389306 37
TICK ts_ns=1777215991386628803 pid=24362 tid=24383 comm=Finalizer state=S cpus=0-3 vol=8 nonvol=0 sched=1050614 731386 8
TICK ts_ns=1777215991386628803 pid=24362 tid=24384 comm=Signal Dispatch state=S cpus=0-3 vol=2 nonvol=0 sched=184845 0 2
TICK ts_ns=1777215991386628803 pid=24362 tid=24385 comm=Service Thread state=S cpus=0-3 vol=33 nonvol=2 sched=6213999 5179463 35
TICK ts_ns=1777215991386628803 pid=24362 tid=24386 comm=Monitor Deflati state=S cpus=0-3 vol=140 nonvol=5 sched=5627068 15544543 143
TICK ts_ns=1777215991386628803 pid=24362 tid=24387 comm=C2 CompilerThre state=S cpus=0-3 vol=3892 nonvol=1894 sched=8809619266 1469508938 5780
TICK ts_ns=1777215991386628803 pid=24362 tid=24389 comm=C1 CompilerThre state=S cpus=0-3 vol=3911 nonvol=1424 sched=4065788341 1401827491 5336
TICK ts_ns=1777215991386628803 pid=24362 tid=24395 comm=Notification Th state=S cpus=0-3 vol=2 nonvol=0 sched=199076 0 2
TICK ts_ns=1777215991386628803 pid=24362 tid=24398 comm=Common-Cleaner state=S cpus=0-3 vol=5 nonvol=0 sched=847461 47769 5
TICK ts_ns=1777215991386628803 pid=24362 tid=24429 comm=GC Thread#1 state=S cpus=0-3 vol=689 nonvol=36 sched=93518943 131187447 724
TICK ts_ns=1777215991386628803 pid=24362 tid=24431 comm=GC Thread#2 state=S cpus=0-3 vol=654 nonvol=33 sched=90152837 136079919 687
TICK ts_ns=1777215991386628803 pid=24362 tid=24432 comm=GC Thread#3 state=S cpus=0-3 vol=669 nonvol=24 sched=95304940 132913841 693
TICK ts_ns=1777215991386628803 pid=24362 tid=24475 comm=GC Thread#4 state=S cpus=0-3 vol=647 nonvol=22 sched=84609651 145643240 668
TICK ts_ns=1777215991386628803 pid=24362 tid=24514 comm=GC Thread#5 state=S cpus=0-3 vol=663 nonvol=24 sched=96765008 121641306 687
TICK ts_ns=1777215991386628803 pid=24362 tid=24515 comm=GC Thread#6 state=S cpus=0-3 vol=634 nonvol=185 sched=95117293 124522623 819
TICK ts_ns=1777215991386628803 pid=24362 tid=24539 comm=GC Thread#7 state=S cpus=0-3 vol=660 nonvol=92 sched=87420534 126741465 751
TICK ts_ns=1777215991386628803 pid=24362 tid=24598 comm=java state=S cpus=0-3 vol=5 nonvol=1 sched=614229 717846 6
TICK ts_ns=1777215991386628803 pid=24362 tid=24605 comm=G1 Conc#1 state=S cpus=0-3 vol=34 nonvol=111 sched=411126693 164058308 145
TICK ts_ns=1777215991386628803 pid=24362 tid=24612 comm=AWT-XAWT state=S cpus=0-3 vol=13849 nonvol=1023 sched=1018799098 1827902665 14844
TICK ts_ns=1777215991386628803 pid=24362 tid=24616 comm=AWT-Shutdown state=S cpus=0-3 vol=9 nonvol=0 sched=659311 319614 9
TICK ts_ns=1777215991386628803 pid=24362 tid=24617 comm=AWT-EventQueue- state=S cpus=0-3 vol=2661 nonvol=993 sched=2135677254 698306173 3648
TICK ts_ns=1777215991386628803 pid=24362 tid=24637 comm=Java2D Disposer state=S cpus=0-3 vol=22 nonvol=1 sched=6311230 2919077 23
TICK ts_ns=1777215991386628803 pid=24362 tid=24653 comm=TimerQueue state=S cpus=0-3 vol=222 nonvol=20 sched=28564532 38620307 241
TICK ts_ns=1777215991386628803 pid=24362 tid=24670 comm=OkHttp Dispatch state=S cpus=0-3 vol=255 nonvol=66 sched=170087842 9958928 321
TICK ts_ns=1777215991386628803 pid=24362 tid=24674 comm=logback-1 state=S cpus=0-3 vol=3 nonvol=1 sched=11873541 1385692 4
TICK ts_ns=1777215991386628803 pid=24362 tid=24749 comm=OkHttp static.r state=S cpus=0-3 vol=9 nonvol=2 sched=2124614 1333460 11
TICK ts_ns=1777215991386628803 pid=24362 tid=24750 comm=OkHttp static.r state=S cpus=0-3 vol=17 nonvol=17 sched=25724538 6214538 34
TICK ts_ns=1777215991386628803 pid=24362 tid=24751 comm=OkHttp Connecti state=S cpus=0-3 vol=11 nonvol=0 sched=793387 0 11
TICK ts_ns=1777215991386628803 pid=24362 tid=24752 comm=Okio Watchdog state=S cpus=0-3 vol=45 nonvol=4 sched=1771846 330846 49
TICK ts_ns=1777215991386628803 pid=24362 tid=24753 comm=OkHttp Http2Con state=S cpus=0-3 vol=2 nonvol=0 sched=305462 13846 2
TICK ts_ns=1777215991386628803 pid=24362 tid=24976 comm=pool-2-thread-1 state=S cpus=0-3 vol=268 nonvol=136 sched=172325304 67002997 400
TICK ts_ns=1777215991386628803 pid=24362 tid=25028 comm=Thread-1 state=S cpus=0-3 vol=19 nonvol=5 sched=3691616 1254922 24
TICK ts_ns=1777215991386628803 pid=24362 tid=25029 comm=Client state=R cpus=0-3 vol=26186 nonvol=7937 sched=9400884988 3949355024 34149
TICK ts_ns=1777215991386628803 pid=24362 tid=25035 comm=Thread-3 state=S cpus=0-3 vol=16 nonvol=14 sched=16149386 18778694 29
TICK ts_ns=1777215991386628803 pid=24362 tid=25320 comm=cache io state=S cpus=0-3 vol=1460 nonvol=521 sched=893104372 189170401 1979
TICK ts_ns=1777215991386628803 pid=24362 tid=25405 comm=pool-4-thread-1 state=S cpus=0-3 vol=22 nonvol=17 sched=10233305 3725770 39
TICK ts_ns=1777215991386628803 pid=24362 tid=25436 comm=Java Sound Even state=S cpus=0-3 vol=2 nonvol=0 sched=211230 0 2
TICK ts_ns=1777215991386628803 pid=24362 tid=25437 comm=threaded-ml state=S cpus=0-3 vol=2891 nonvol=626 sched=416220129 461196359 3510
TICK ts_ns=1777215991386628803 pid=24362 tid=25438 comm=Sound Engine state=S cpus=0-3 vol=3407 nonvol=559 sched=796727682 578991351 3959
TICK ts_ns=1777215991386628803 pid=24362 tid=25445 comm=java:disk$0 state=S cpus=0-3 vol=1 nonvol=0 sched=198230 20923 1
TICK ts_ns=1777215991386628803 pid=24362 tid=25529 comm=Thread-7 state=S cpus=0-3 vol=3274 nonvol=1108 sched=336828777 387449071 4374
TICK ts_ns=1777215991386628803 pid=24362 tid=25530 comm=Thread-8 state=S cpus=0-3 vol=819 nonvol=351 sched=119621447 180272776 1168
TICK ts_ns=1777215991386628803 pid=24362 tid=27348 comm=Thread-9 state=S cpus=0-3 vol=970 nonvol=32 sched=39621053 87771464 999
TICK ts_ns=1777215991386628803 pid=24362 tid=29400 comm=tokenRequest-re state=S cpus=0-3 vol=23 nonvol=52 sched=58774391 48581763 75
TICK ts_ns=1777215991386628803 pid=24362 tid=29459 comm=Keep-Alive-Time state=S cpus=0-3 vol=7 nonvol=1 sched=3744001 4002923 8
TICK ts_ns=1777215991386628803 pid=24362 tid=29469 comm=Thread-10 state=S cpus=0-3 vol=19 nonvol=0 sched=1289460 1950847 19
TICK ts_ns=1777215991386628803 pid=24362 tid=29471 comm=Thread-11 state=S cpus=0-3 vol=11 nonvol=6 sched=2564998 802770 17
TICK ts_ns=1777215991386628803 pid=24139 tid=24139 comm=virgl_test_serv state=S cpus=0-3 vol=27 nonvol=23 sched=12235460 2971692 50
GPU_BUSY ts_ns=1777215991386628803 path=/sys/kernel/gpu/gpu_busy val=0 %
TICK ts_ns=1777216001126624111 pid=24362 tid=24362 comm=java state=S cpus=0-3 vol=3 nonvol=1 sched=11857539 190077 4
TICK ts_ns=1777216001126624111 pid=24362 tid=24365 comm=java state=S cpus=0-3 vol=2382 nonvol=440 sched=1991304921 58283012 2822
TICK ts_ns=1777216001126624111 pid=24362 tid=24369 comm=GC Thread#0 state=S cpus=0-3 vol=702 nonvol=124 sched=128375320 190028993 826
TICK ts_ns=1777216001126624111 pid=24362 tid=24370 comm=G1 Main Marker state=S cpus=0-3 vol=69 nonvol=1 sched=5778930 25961230 70
TICK ts_ns=1777216001126624111 pid=24362 tid=24371 comm=G1 Conc#0 state=S cpus=0-3 vol=58 nonvol=127 sched=519852841 259758991 185
TICK ts_ns=1777216001126624111 pid=24362 tid=24373 comm=G1 Refine#0 state=S cpus=0-3 vol=723 nonvol=48 sched=107648467 170213921 771
TICK ts_ns=1777216001126624111 pid=24362 tid=24374 comm=G1 Service state=S cpus=0-3 vol=108 nonvol=6 sched=7032383 24716993 114
TICK ts_ns=1777216001126624111 pid=24362 tid=24375 comm=VM Periodic Tas state=S cpus=0-3 vol=859 nonvol=38 sched=38531532 122299603 893
TICK ts_ns=1777216001126624111 pid=24362 tid=24379 comm=VM Thread state=S cpus=0-3 vol=474 nonvol=98 sched=111949482 30973451 572
TICK ts_ns=1777216001126624111 pid=24362 tid=24382 comm=Reference Handl state=S cpus=0-3 vol=40 nonvol=2 sched=6984769 6079074 42
TICK ts_ns=1777216001126624111 pid=24362 tid=24383 comm=Finalizer state=S cpus=0-3 vol=10 nonvol=0 sched=1173692 786540 10
TICK ts_ns=1777216001126624111 pid=24362 tid=24384 comm=Signal Dispatch state=S cpus=0-3 vol=2 nonvol=0 sched=184845 0 2
TICK ts_ns=1777216001126624111 pid=24362 tid=24385 comm=Service Thread state=S cpus=0-3 vol=38 nonvol=2 sched=6371383 5419694 40
TICK ts_ns=1777216001126624111 pid=24362 tid=24386 comm=Monitor Deflati state=S cpus=0-3 vol=174 nonvol=7 sched=6973987 18765774 178
TICK ts_ns=1777216001126624111 pid=24362 tid=24387 comm=C2 CompilerThre state=R cpus=0-3 vol=4216 nonvol=3200 sched=15442946587 2329579087 7412
TICK ts_ns=1777216001126624111 pid=24362 tid=24389 comm=C1 CompilerThre state=S cpus=0-3 vol=5666 nonvol=1938 sched=6092843996 2310113023 7604
TICK ts_ns=1777216001126624111 pid=24362 tid=24395 comm=Notification Th state=S cpus=0-3 vol=2 nonvol=0 sched=199076 0 2
TICK ts_ns=1777216001126624111 pid=24362 tid=24398 comm=Common-Cleaner state=S cpus=0-3 vol=5 nonvol=0 sched=847461 47769 5
TICK ts_ns=1777216001126624111 pid=24362 tid=24429 comm=GC Thread#1 state=S cpus=0-3 vol=734 nonvol=37 sched=97502409 166858755 770
TICK ts_ns=1777216001126624111 pid=24362 tid=24431 comm=GC Thread#2 state=S cpus=0-3 vol=698 nonvol=35 sched=97963450 167983685 733
TICK ts_ns=1777216001126624111 pid=24362 tid=24432 comm=GC Thread#3 state=S cpus=0-3 vol=714 nonvol=25 sched=108724633 176064462 738
TICK ts_ns=1777216001126624111 pid=24362 tid=24475 comm=GC Thread#4 state=S cpus=0-3 vol=684 nonvol=25 sched=111673575 167560163 708
TICK ts_ns=1777216001126624111 pid=24362 tid=24514 comm=GC Thread#5 state=S cpus=0-3 vol=701 nonvol=32 sched=109224161 152800073 733
TICK ts_ns=1777216001126624111 pid=24362 tid=24515 comm=GC Thread#6 state=S cpus=0-3 vol=679 nonvol=190 sched=120865293 138111471 869
TICK ts_ns=1777216001126624111 pid=24362 tid=24539 comm=GC Thread#7 state=S cpus=0-3 vol=703 nonvol=95 sched=97761613 156487388 797
TICK ts_ns=1777216001126624111 pid=24362 tid=24598 comm=java state=S cpus=0-3 vol=5 nonvol=1 sched=614229 717846 6
TICK ts_ns=1777216001126624111 pid=24362 tid=24605 comm=G1 Conc#1 state=S cpus=0-3 vol=53 nonvol=126 sched=547846846 223850616 179
TICK ts_ns=1777216001126624111 pid=24362 tid=24612 comm=AWT-XAWT state=S cpus=0-3 vol=14107 nonvol=1031 sched=1044395028 1917153432 15111
TICK ts_ns=1777216001126624111 pid=24362 tid=24616 comm=AWT-Shutdown state=S cpus=0-3 vol=9 nonvol=0 sched=659311 319614 9
TICK ts_ns=1777216001126624111 pid=24362 tid=24617 comm=AWT-EventQueue- state=S cpus=0-3 vol=2765 nonvol=1032 sched=2198330019 738850178 3791
TICK ts_ns=1777216001126624111 pid=24362 tid=24637 comm=Java2D Disposer state=S cpus=0-3 vol=22 nonvol=1 sched=6311230 2919077 23
TICK ts_ns=1777216001126624111 pid=24362 tid=24653 comm=TimerQueue state=S cpus=0-3 vol=222 nonvol=20 sched=28564532 38620307 241
TICK ts_ns=1777216001126624111 pid=24362 tid=24670 comm=OkHttp Dispatch state=S cpus=0-3 vol=255 nonvol=66 sched=170087842 9958928 321
TICK ts_ns=1777216001126624111 pid=24362 tid=24674 comm=logback-1 state=S cpus=0-3 vol=3 nonvol=1 sched=11873541 1385692 4
TICK ts_ns=1777216001126624111 pid=24362 tid=24749 comm=OkHttp static.r state=S cpus=0-3 vol=9 nonvol=2 sched=2124614 1333460 11
TICK ts_ns=1777216001126624111 pid=24362 tid=24750 comm=OkHttp static.r state=S cpus=0-3 vol=17 nonvol=17 sched=25724538 6214538 34
TICK ts_ns=1777216001126624111 pid=24362 tid=24751 comm=OkHttp Connecti state=S cpus=0-3 vol=11 nonvol=0 sched=793387 0 11
TICK ts_ns=1777216001126624111 pid=24362 tid=24752 comm=Okio Watchdog state=S cpus=0-3 vol=45 nonvol=4 sched=1771846 330846 49
TICK ts_ns=1777216001126624111 pid=24362 tid=24753 comm=OkHttp Http2Con state=S cpus=0-3 vol=2 nonvol=0 sched=305462 13846 2
TICK ts_ns=1777216001126624111 pid=24362 tid=24976 comm=pool-2-thread-1 state=S cpus=0-3 vol=316 nonvol=143 sched=181724765 68588076 455
TICK ts_ns=1777216001126624111 pid=24362 tid=25028 comm=Thread-1 state=S cpus=0-3 vol=19 nonvol=5 sched=3691616 1254922 24
TICK ts_ns=1777216001126624111 pid=24362 tid=25029 comm=Client state=S cpus=0-3 vol=28937 nonvol=11191 sched=12113886120 5157695121 40142
TICK ts_ns=1777216001126624111 pid=24362 tid=25035 comm=Thread-3 state=S cpus=0-3 vol=16 nonvol=14 sched=16149386 18778694 29
TICK ts_ns=1777216001126624111 pid=24362 tid=25320 comm=cache io state=S cpus=0-3 vol=1602 nonvol=522 sched=904944443 202522246 2124
TICK ts_ns=1777216001126624111 pid=24362 tid=25405 comm=pool-4-thread-1 state=S cpus=0-3 vol=29 nonvol=17 sched=10986151 3800463 46
TICK ts_ns=1777216001126624111 pid=24362 tid=25436 comm=Java Sound Even state=S cpus=0-3 vol=2 nonvol=0 sched=211230 0 2
TICK ts_ns=1777216001126624111 pid=24362 tid=25437 comm=threaded-ml state=R cpus=0-3 vol=3545 nonvol=678 sched=503103913 519823033 4216
TICK ts_ns=1777216001126624111 pid=24362 tid=25438 comm=Sound Engine state=S cpus=0-3 vol=4116 nonvol=606 sched=918962558 683207201 4712
TICK ts_ns=1777216001126624111 pid=24362 tid=25445 comm=java:disk$0 state=S cpus=0-3 vol=1 nonvol=0 sched=198230 20923 1
TICK ts_ns=1777216001126624111 pid=24362 tid=25529 comm=Thread-7 state=S cpus=0-3 vol=3522 nonvol=1247 sched=373178479 441915767 4758
TICK ts_ns=1777216001126624111 pid=24362 tid=25530 comm=Thread-8 state=S cpus=0-3 vol=823 nonvol=355 sched=120881215 193430470 1178
TICK ts_ns=1777216001126624111 pid=24362 tid=27348 comm=Thread-9 state=S cpus=0-3 vol=1244 nonvol=36 sched=51626656 123911688 1276
TICK ts_ns=1777216001126624111 pid=24362 tid=29400 comm=tokenRequest-re state=S cpus=0-3 vol=23 nonvol=52 sched=58774391 48581763 75
TICK ts_ns=1777216001126624111 pid=24362 tid=29459 comm=Keep-Alive-Time state=S cpus=0-3 vol=8 nonvol=3 sched=4569848 4214230 11
TICK ts_ns=1777216001126624111 pid=24362 tid=29469 comm=Thread-10 state=S cpus=0-3 vol=30 nonvol=3 sched=2114998 5149925 33
TICK ts_ns=1777216001126624111 pid=24362 tid=29471 comm=Thread-11 state=S cpus=0-3 vol=20 nonvol=15 sched=4888611 3544770 35
TICK ts_ns=1777216001126624111 pid=24362 tid=30154 comm=Map Loader state=S cpus=0-3 vol=38 nonvol=732 sched=1788449153 748510157 769
TICK ts_ns=1777216001126624111 pid=24362 tid=30519 comm=crmsession-rest state=S cpus=0-3 vol=13 nonvol=19 sched=13279469 13526614 32
TICK ts_ns=1777216001126624111 pid=24139 tid=24139 comm=virgl_test_serv state=S cpus=0-3 vol=27 nonvol=23 sched=12235460 2971692 50
GPU_BUSY ts_ns=1777216001126624111 path=/sys/kernel/gpu/gpu_busy val=0 %
TICK ts_ns=1777216007986276112 pid=24362 tid=24362 comm=java state=S cpus=0-3 vol=3 nonvol=1 sched=11857539 190077 4
TICK ts_ns=1777216007986276112 pid=24362 tid=24365 comm=java state=S cpus=0-3 vol=2382 nonvol=440 sched=1991304921 58283012 2822
TICK ts_ns=1777216007986276112 pid=24362 tid=24369 comm=GC Thread#0 state=S cpus=0-3 vol=702 nonvol=124 sched=128375320 190028993 826
TICK ts_ns=1777216007986276112 pid=24362 tid=24370 comm=G1 Main Marker state=S cpus=0-3 vol=69 nonvol=1 sched=5778930 25961230 70
TICK ts_ns=1777216007986276112 pid=24362 tid=24371 comm=G1 Conc#0 state=S cpus=0-3 vol=58 nonvol=127 sched=519852841 259758991 185
TICK ts_ns=1777216007986276112 pid=24362 tid=24373 comm=G1 Refine#0 state=S cpus=0-3 vol=841 nonvol=52 sched=116862705 185692230 894
TICK ts_ns=1777216007986276112 pid=24362 tid=24374 comm=G1 Service state=S cpus=0-3 vol=115 nonvol=6 sched=7453000 26010915 121
TICK ts_ns=1777216007986276112 pid=24362 tid=24375 comm=VM Periodic Tas state=S cpus=0-3 vol=995 nonvol=41 sched=45030303 136629907 1029
TICK ts_ns=1777216007986276112 pid=24362 tid=24379 comm=VM Thread state=S cpus=0-3 vol=484 nonvol=98 sched=113169635 31608452 582
TICK ts_ns=1777216007986276112 pid=24362 tid=24382 comm=Reference Handl state=S cpus=0-3 vol=40 nonvol=2 sched=6984769 6079074 42
TICK ts_ns=1777216007986276112 pid=24362 tid=24383 comm=Finalizer state=S cpus=0-3 vol=10 nonvol=0 sched=1173692 786540 10
TICK ts_ns=1777216007986276112 pid=24362 tid=24384 comm=Signal Dispatch state=S cpus=0-3 vol=2 nonvol=0 sched=184845 0 2
TICK ts_ns=1777216007986276112 pid=24362 tid=24385 comm=Service Thread state=S cpus=0-3 vol=40 nonvol=2 sched=6504536 5745540 42
TICK ts_ns=1777216007986276112 pid=24362 tid=24386 comm=Monitor Deflati state=S cpus=0-3 vol=201 nonvol=9 sched=8053369 18944468 206
TICK ts_ns=1777216007986276112 pid=24362 tid=24387 comm=C2 CompilerThre state=S cpus=0-3 vol=4379 nonvol=3556 sched=18744684450 2423018853 7930
TICK ts_ns=1777216007986276112 pid=24362 tid=24389 comm=C1 CompilerThre state=S cpus=0-3 vol=6030 nonvol=2024 sched=6340888911 2385629635 8046
TICK ts_ns=1777216007986276112 pid=24362 tid=24395 comm=Notification Th state=S cpus=0-3 vol=2 nonvol=0 sched=199076 0 2
TICK ts_ns=1777216007986276112 pid=24362 tid=24398 comm=Common-Cleaner state=S cpus=0-3 vol=5 nonvol=0 sched=847461 47769 5
TICK ts_ns=1777216007986276112 pid=24362 tid=24429 comm=GC Thread#1 state=S cpus=0-3 vol=734 nonvol=37 sched=97502409 166858755 770
TICK ts_ns=1777216007986276112 pid=24362 tid=24431 comm=GC Thread#2 state=S cpus=0-3 vol=698 nonvol=35 sched=97963450 167983685 733
TICK ts_ns=1777216007986276112 pid=24362 tid=24432 comm=GC Thread#3 state=S cpus=0-3 vol=714 nonvol=25 sched=108724633 176064462 738
TICK ts_ns=1777216007986276112 pid=24362 tid=24475 comm=GC Thread#4 state=S cpus=0-3 vol=684 nonvol=25 sched=111673575 167560163 708
TICK ts_ns=1777216007986276112 pid=24362 tid=24514 comm=GC Thread#5 state=S cpus=0-3 vol=701 nonvol=32 sched=109224161 152800073 733
TICK ts_ns=1777216007986276112 pid=24362 tid=24515 comm=GC Thread#6 state=S cpus=0-3 vol=679 nonvol=190 sched=120865293 138111471 869
TICK ts_ns=1777216007986276112 pid=24362 tid=24539 comm=GC Thread#7 state=S cpus=0-3 vol=703 nonvol=95 sched=97761613 156487388 797
TICK ts_ns=1777216007986276112 pid=24362 tid=24598 comm=java state=S cpus=0-3 vol=5 nonvol=1 sched=614229 717846 6
TICK ts_ns=1777216007986276112 pid=24362 tid=24605 comm=G1 Conc#1 state=S cpus=0-3 vol=53 nonvol=126 sched=547846846 223850616 179
TICK ts_ns=1777216007986276112 pid=24362 tid=24612 comm=AWT-XAWT state=S cpus=0-3 vol=14302 nonvol=1039 sched=1060438564 2031488515 15313
TICK ts_ns=1777216007986276112 pid=24362 tid=24616 comm=AWT-Shutdown state=S cpus=0-3 vol=9 nonvol=0 sched=659311 319614 9
TICK ts_ns=1777216007986276112 pid=24362 tid=24617 comm=AWT-EventQueue- state=S cpus=0-3 vol=2773 nonvol=1033 sched=2206833401 741160793 3800
TICK ts_ns=1777216007986276112 pid=24362 tid=24637 comm=Java2D Disposer state=S cpus=0-3 vol=22 nonvol=1 sched=6311230 2919077 23
TICK ts_ns=1777216007986276112 pid=24362 tid=24653 comm=TimerQueue state=S cpus=0-3 vol=222 nonvol=20 sched=28564532 38620307 241
TICK ts_ns=1777216007986276112 pid=24362 tid=24670 comm=OkHttp Dispatch state=S cpus=0-3 vol=255 nonvol=66 sched=170087842 9958928 321
TICK ts_ns=1777216007986276112 pid=24362 tid=24674 comm=logback-1 state=S cpus=0-3 vol=3 nonvol=1 sched=11873541 1385692 4
TICK ts_ns=1777216007986276112 pid=24362 tid=24749 comm=OkHttp static.r state=S cpus=0-3 vol=9 nonvol=2 sched=2124614 1333460 11
TICK ts_ns=1777216007986276112 pid=24362 tid=24750 comm=OkHttp static.r state=S cpus=0-3 vol=17 nonvol=17 sched=25724538 6214538 34
TICK ts_ns=1777216007986276112 pid=24362 tid=24751 comm=OkHttp Connecti state=S cpus=0-3 vol=11 nonvol=0 sched=793387 0 11
TICK ts_ns=1777216007986276112 pid=24362 tid=24752 comm=Okio Watchdog state=S cpus=0-3 vol=45 nonvol=4 sched=1771846 330846 49
TICK ts_ns=1777216007986276112 pid=24362 tid=24753 comm=OkHttp Http2Con state=S cpus=0-3 vol=2 nonvol=0 sched=305462 13846 2
TICK ts_ns=1777216007986276112 pid=24362 tid=24976 comm=pool-2-thread-1 state=S cpus=0-3 vol=351 nonvol=145 sched=186115535 70858767 492
TICK ts_ns=1777216007986276112 pid=24362 tid=25028 comm=Thread-1 state=S cpus=0-3 vol=19 nonvol=5 sched=3691616 1254922 24
TICK ts_ns=1777216007986276112 pid=24362 tid=25029 comm=Client state=R cpus=0-3 vol=32554 nonvol=12999 sched=14123964452 5717665072 45553
TICK ts_ns=1777216007986276112 pid=24362 tid=25035 comm=Thread-3 state=S cpus=0-3 vol=16 nonvol=14 sched=16149386 18778694 29
TICK ts_ns=1777216007986276112 pid=24362 tid=25320 comm=cache io state=S cpus=0-3 vol=1736 nonvol=531 sched=918724984 211374784 2265
TICK ts_ns=1777216007986276112 pid=24362 tid=25405 comm=pool-4-thread-1 state=S cpus=0-3 vol=36 nonvol=17 sched=11602150 4156539 53
TICK ts_ns=1777216007986276112 pid=24362 tid=25436 comm=Java Sound Even state=S cpus=0-3 vol=2 nonvol=0 sched=211230 0 2
TICK ts_ns=1777216007986276112 pid=24362 tid=25437 comm=threaded-ml state=S cpus=0-3 vol=4169 nonvol=799 sched=590404539 593987563 4963
TICK ts_ns=1777216007986276112 pid=24362 tid=25438 comm=Sound Engine state=S cpus=0-3 vol=4787 nonvol=657 sched=1036962695 749269735 5433
TICK ts_ns=1777216007986276112 pid=24362 tid=25445 comm=java:disk$0 state=S cpus=0-3 vol=1 nonvol=0 sched=198230 20923 1
TICK ts_ns=1777216007986276112 pid=24362 tid=25529 comm=Thread-7 state=S cpus=0-3 vol=3754 nonvol=1373 sched=407615397 489593149 5116
TICK ts_ns=1777216007986276112 pid=24362 tid=25530 comm=Thread-8 state=S cpus=0-3 vol=834 nonvol=363 sched=123464524 194101931 1195
TICK ts_ns=1777216007986276112 pid=24362 tid=27348 comm=Thread-9 state=S cpus=0-3 vol=1510 nonvol=44 sched=64626210 146869076 1551
TICK ts_ns=1777216007986276112 pid=24362 tid=29400 comm=tokenRequest-re state=S cpus=0-3 vol=23 nonvol=52 sched=58774391 48581763 75
TICK ts_ns=1777216007986276112 pid=24362 tid=29469 comm=Thread-10 state=S cpus=0-3 vol=41 nonvol=4 sched=2855767 6144003 45
TICK ts_ns=1777216007986276112 pid=24362 tid=29471 comm=Thread-11 state=S cpus=0-3 vol=27 nonvol=21 sched=6480225 5911770 48
TICK ts_ns=1777216007986276112 pid=24362 tid=30154 comm=Map Loader state=S cpus=0-3 vol=38 nonvol=732 sched=1788449153 748510157 769
TICK ts_ns=1777216007986276112 pid=24362 tid=30519 comm=crmsession-rest state=S cpus=0-3 vol=13 nonvol=19 sched=13279469 13526614 32
TICK ts_ns=1777216007986276112 pid=24139 tid=24139 comm=virgl_test_serv state=S cpus=0-3 vol=27 nonvol=23 sched=12235460 2971692 50
GPU_BUSY ts_ns=1777216007986276112 path=/sys/kernel/gpu/gpu_busy val=47 %
TICK ts_ns=1777216014617654343 pid=24362 tid=24362 comm=java state=S cpus=0-3 vol=3 nonvol=1 sched=11857539 190077 4
TICK ts_ns=1777216014617654343 pid=24362 tid=24365 comm=java state=S cpus=0-3 vol=2382 nonvol=440 sched=1991304921 58283012 2822
TICK ts_ns=1777216014617654343 pid=24362 tid=24369 comm=GC Thread#0 state=S cpus=0-3 vol=713 nonvol=125 sched=129124779 198201840 838
TICK ts_ns=1777216014617654343 pid=24362 tid=24370 comm=G1 Main Marker state=S cpus=0-3 vol=69 nonvol=1 sched=5778930 25961230 70
TICK ts_ns=1777216014617654343 pid=24362 tid=24371 comm=G1 Conc#0 state=S cpus=0-3 vol=58 nonvol=127 sched=519852841 259758991 185
TICK ts_ns=1777216014617654343 pid=24362 tid=24373 comm=G1 Refine#0 state=S cpus=0-3 vol=911 nonvol=55 sched=122126630 192879766 966
TICK ts_ns=1777216014617654343 pid=24362 tid=24374 comm=G1 Service state=S cpus=0-3 vol=123 nonvol=6 sched=8262691 26595453 129
TICK ts_ns=1777216014617654343 pid=24362 tid=24375 comm=VM Periodic Tas state=S cpus=0-3 vol=1129 nonvol=42 sched=51445689 148521139 1164
TICK ts_ns=1777216014617654343 pid=24362 tid=24379 comm=VM Thread state=S cpus=0-3 vol=502 nonvol=99 sched=114934639 32130988 601
TICK ts_ns=1777216014617654343 pid=24362 tid=24382 comm=Reference Handl state=S cpus=0-3 vol=41 nonvol=2 sched=7122077 6800535 43
TICK ts_ns=1777216014617654343 pid=24362 tid=24383 comm=Finalizer state=S cpus=0-3 vol=11 nonvol=0 sched=1245769 961848 11
TICK ts_ns=1777216014617654343 pid=24362 tid=24384 comm=Signal Dispatch state=S cpus=0-3 vol=2 nonvol=0 sched=184845 0 2
TICK ts_ns=1777216014617654343 pid=24362 tid=24385 comm=Service Thread state=S cpus=0-3 vol=43 nonvol=2 sched=6647383 7295002 45
TICK ts_ns=1777216014617654343 pid=24362 tid=24386 comm=Monitor Deflati state=S cpus=0-3 vol=228 nonvol=9 sched=9021672 19427545 232
TICK ts_ns=1777216014617654343 pid=24362 tid=24387 comm=C2 CompilerThre state=S cpus=0-3 vol=4500 nonvol=3766 sched=20658777164 2493150228 8260
TICK ts_ns=1777216014617654343 pid=24362 tid=24389 comm=C1 CompilerThre state=S cpus=0-3 vol=6273 nonvol=2075 sched=6476255301 2439851866 8340
TICK ts_ns=1777216014617654343 pid=24362 tid=24395 comm=Notification Th state=S cpus=0-3 vol=2 nonvol=0 sched=199076 0 2
TICK ts_ns=1777216014617654343 pid=24362 tid=24398 comm=Common-Cleaner state=S cpus=0-3 vol=5 nonvol=0 sched=847461 47769 5
TICK ts_ns=1777216014617654343 pid=24362 tid=24429 comm=GC Thread#1 state=S cpus=0-3 vol=745 nonvol=39 sched=98387411 175375831 783
TICK ts_ns=1777216014617654343 pid=24362 tid=24431 comm=GC Thread#2 state=S cpus=0-3 vol=708 nonvol=36 sched=104808216 170170454 744
TICK ts_ns=1777216014617654343 pid=24362 tid=24432 comm=GC Thread#3 state=S cpus=0-3 vol=722 nonvol=27 sched=110094941 184292001 748
TICK ts_ns=1777216014617654343 pid=24362 tid=24475 comm=GC Thread#4 state=S cpus=0-3 vol=693 nonvol=26 sched=119638499 168929778 718
TICK ts_ns=1777216014617654343 pid=24362 tid=24514 comm=GC Thread#5 state=S cpus=0-3 vol=712 nonvol=35 sched=114511854 156894841 747
TICK ts_ns=1777216014617654343 pid=24362 tid=24515 comm=GC Thread#6 state=S cpus=0-3 vol=691 nonvol=190 sched=121819294 146623624 881
TICK ts_ns=1777216014617654343 pid=24362 tid=24539 comm=GC Thread#7 state=S cpus=0-3 vol=715 nonvol=95 sched=98578147 164482542 809
TICK ts_ns=1777216014617654343 pid=24362 tid=24598 comm=java state=S cpus=0-3 vol=5 nonvol=1 sched=614229 717846 6
TICK ts_ns=1777216014617654343 pid=24362 tid=24605 comm=G1 Conc#1 state=S cpus=0-3 vol=53 nonvol=126 sched=547846846 223850616 179
TICK ts_ns=1777216014617654343 pid=24362 tid=24612 comm=AWT-XAWT state=S cpus=0-3 vol=14503 nonvol=1040 sched=1077474638 2133409208 15516
TICK ts_ns=1777216014617654343 pid=24362 tid=24616 comm=AWT-Shutdown state=S cpus=0-3 vol=9 nonvol=0 sched=659311 319614 9
TICK ts_ns=1777216014617654343 pid=24362 tid=24617 comm=AWT-EventQueue- state=S cpus=0-3 vol=2779 nonvol=1036 sched=2213851863 745970871 3809
TICK ts_ns=1777216014617654343 pid=24362 tid=24637 comm=Java2D Disposer state=S cpus=0-3 vol=22 nonvol=1 sched=6311230 2919077 23
TICK ts_ns=1777216014617654343 pid=24362 tid=24653 comm=TimerQueue state=S cpus=0-3 vol=222 nonvol=20 sched=28564532 38620307 241
TICK ts_ns=1777216014617654343 pid=24362 tid=24670 comm=OkHttp Dispatch state=S cpus=0-3 vol=255 nonvol=66 sched=170087842 9958928 321
TICK ts_ns=1777216014617654343 pid=24362 tid=24674 comm=logback-1 state=S cpus=0-3 vol=3 nonvol=1 sched=11873541 1385692 4
TICK ts_ns=1777216014617654343 pid=24362 tid=24749 comm=OkHttp static.r state=S cpus=0-3 vol=9 nonvol=2 sched=2124614 1333460 11
TICK ts_ns=1777216014617654343 pid=24362 tid=24750 comm=OkHttp static.r state=S cpus=0-3 vol=17 nonvol=17 sched=25724538 6214538 34
TICK ts_ns=1777216014617654343 pid=24362 tid=24751 comm=OkHttp Connecti state=S cpus=0-3 vol=11 nonvol=0 sched=793387 0 11
TICK ts_ns=1777216014617654343 pid=24362 tid=24752 comm=Okio Watchdog state=S cpus=0-3 vol=45 nonvol=4 sched=1771846 330846 49
TICK ts_ns=1777216014617654343 pid=24362 tid=24753 comm=OkHttp Http2Con state=S cpus=0-3 vol=2 nonvol=0 sched=305462 13846 2
TICK ts_ns=1777216014617654343 pid=24362 tid=24976 comm=pool-2-thread-1 state=S cpus=0-3 vol=385 nonvol=147 sched=191140615 73646384 528
TICK ts_ns=1777216014617654343 pid=24362 tid=25028 comm=Thread-1 state=S cpus=0-3 vol=19 nonvol=5 sched=3691616 1254922 24
TICK ts_ns=1777216014617654343 pid=24362 tid=25029 comm=Client state=S cpus=0-3 vol=36360 nonvol=14356 sched=16075573329 6206797890 50754
TICK ts_ns=1777216014617654343 pid=24362 tid=25035 comm=Thread-3 state=S cpus=0-3 vol=16 nonvol=14 sched=16149386 18778694 29
TICK ts_ns=1777216014617654343 pid=24362 tid=25320 comm=cache io state=S cpus=0-3 vol=1868 nonvol=537 sched=931960301 221809395 2403
TICK ts_ns=1777216014617654343 pid=24362 tid=25405 comm=pool-4-thread-1 state=S cpus=0-3 vol=43 nonvol=17 sched=12275689 4247385 60
TICK ts_ns=1777216014617654343 pid=24362 tid=25436 comm=Java Sound Even state=S cpus=0-3 vol=2 nonvol=0 sched=211230 0 2
TICK ts_ns=1777216014617654343 pid=24362 tid=25437 comm=threaded-ml state=S cpus=0-3 vol=4778 nonvol=924 sched=676333775 672748159 5692
TICK ts_ns=1777216014617654343 pid=24362 tid=25438 comm=Sound Engine state=R cpus=0-3 vol=5448 nonvol=717 sched=1145993864 832014592 6153
TICK ts_ns=1777216014617654343 pid=24362 tid=25445 comm=java:disk$0 state=S cpus=0-3 vol=1 nonvol=0 sched=198230 20923 1
TICK ts_ns=1777216014617654343 pid=24362 tid=25529 comm=Thread-7 state=S cpus=0-3 vol=3987 nonvol=1481 sched=438331483 522486985 5456
TICK ts_ns=1777216014617654343 pid=24362 tid=25530 comm=Thread-8 state=S cpus=0-3 vol=840 nonvol=369 sched=124881832 199308469 1207
TICK ts_ns=1777216014617654343 pid=24362 tid=27348 comm=Thread-9 state=S cpus=0-3 vol=1772 nonvol=48 sched=76398605 167388696 1814
TICK ts_ns=1777216014617654343 pid=24362 tid=29400 comm=tokenRequest-re state=S cpus=0-3 vol=23 nonvol=52 sched=58774391 48581763 75
TICK ts_ns=1777216014617654343 pid=24362 tid=29469 comm=Thread-10 state=S cpus=0-3 vol=52 nonvol=5 sched=3360152 7095388 57
TICK ts_ns=1777216014617654343 pid=24362 tid=29471 comm=Thread-11 state=S cpus=0-3 vol=35 nonvol=29 sched=8355993 8297541 64
TICK ts_ns=1777216014617654343 pid=24362 tid=30154 comm=Map Loader state=S cpus=0-3 vol=38 nonvol=732 sched=1788449153 748510157 769
TICK ts_ns=1777216014617654343 pid=24362 tid=30519 comm=crmsession-rest state=S cpus=0-3 vol=13 nonvol=19 sched=13279469 13526614 32
TICK ts_ns=1777216014617654343 pid=24139 tid=24139 comm=virgl_test_serv state=S cpus=0-3 vol=27 nonvol=23 sched=12235460 2971692 50
GPU_BUSY ts_ns=1777216014617654343 path=/sys/kernel/gpu/gpu_busy val=0 %
TICK ts_ns=1777216021204095882 pid=24362 tid=24362 comm=java state=S cpus=0-3 vol=3 nonvol=1 sched=11857539 190077 4
TICK ts_ns=1777216021204095882 pid=24362 tid=24365 comm=java state=S cpus=0-3 vol=2382 nonvol=440 sched=1991304921 58283012 2822
TICK ts_ns=1777216021204095882 pid=24362 tid=24369 comm=GC Thread#0 state=S cpus=0-3 vol=713 nonvol=125 sched=129124779 198201840 838
TICK ts_ns=1777216021204095882 pid=24362 tid=24370 comm=G1 Main Marker state=S cpus=0-3 vol=69 nonvol=1 sched=5778930 25961230 70
TICK ts_ns=1777216021204095882 pid=24362 tid=24371 comm=G1 Conc#0 state=S cpus=0-3 vol=58 nonvol=127 sched=519852841 259758991 185
TICK ts_ns=1777216021204095882 pid=24362 tid=24373 comm=G1 Refine#0 state=S cpus=0-3 vol=955 nonvol=56 sched=125466327 197942072 1010
TICK ts_ns=1777216021204095882 pid=24362 tid=24374 comm=G1 Service state=S cpus=0-3 vol=130 nonvol=6 sched=8657304 26679222 136
TICK ts_ns=1777216021204095882 pid=24362 tid=24375 comm=VM Periodic Tas state=S cpus=0-3 vol=1262 nonvol=47 sched=57574859 161233292 1302
TICK ts_ns=1777216021204095882 pid=24362 tid=24379 comm=VM Thread state=S cpus=0-3 vol=511 nonvol=101 sched=115749023 32564833 612
TICK ts_ns=1777216021204095882 pid=24362 tid=24382 comm=Reference Handl state=S cpus=0-3 vol=41 nonvol=2 sched=7122077 6800535 43
TICK ts_ns=1777216021204095882 pid=24362 tid=24383 comm=Finalizer state=S cpus=0-3 vol=11 nonvol=0 sched=1245769 961848 11
TICK ts_ns=1777216021204095882 pid=24362 tid=24384 comm=Signal Dispatch state=S cpus=0-3 vol=2 nonvol=0 sched=184845 0 2
TICK ts_ns=1777216021204095882 pid=24362 tid=24385 comm=Service Thread state=S cpus=0-3 vol=48 nonvol=2 sched=6920074 8199771 50
TICK ts_ns=1777216021204095882 pid=24362 tid=24386 comm=Monitor Deflati state=S cpus=0-3 vol=256 nonvol=9 sched=10252058 21185467 260
TICK ts_ns=1777216021204095882 pid=24362 tid=24387 comm=C2 CompilerThre state=S cpus=0-3 vol=4603 nonvol=3889 sched=21844841404 2543394770 8486
TICK ts_ns=1777216021204095882 pid=24362 tid=24389 comm=C1 CompilerThre state=S cpus=0-3 vol=6400 nonvol=2168 sched=6851548382 2490983023 8560
TICK ts_ns=1777216021204095882 pid=24362 tid=24395 comm=Notification Th state=S cpus=0-3 vol=2 nonvol=0 sched=199076 0 2
TICK ts_ns=1777216021204095882 pid=24362 tid=24398 comm=Common-Cleaner state=S cpus=0-3 vol=5 nonvol=0 sched=847461 47769 5
TICK ts_ns=1777216021204095882 pid=24362 tid=24429 comm=GC Thread#1 state=S cpus=0-3 vol=745 nonvol=39 sched=98387411 175375831 783
TICK ts_ns=1777216021204095882 pid=24362 tid=24431 comm=GC Thread#2 state=S cpus=0-3 vol=708 nonvol=36 sched=104808216 170170454 744
TICK ts_ns=1777216021204095882 pid=24362 tid=24432 comm=GC Thread#3 state=S cpus=0-3 vol=722 nonvol=27 sched=110094941 184292001 748
TICK ts_ns=1777216021204095882 pid=24362 tid=24475 comm=GC Thread#4 state=S cpus=0-3 vol=693 nonvol=26 sched=119638499 168929778 718
TICK ts_ns=1777216021204095882 pid=24362 tid=24514 comm=GC Thread#5 state=S cpus=0-3 vol=712 nonvol=35 sched=114511854 156894841 747
TICK ts_ns=1777216021204095882 pid=24362 tid=24515 comm=GC Thread#6 state=S cpus=0-3 vol=691 nonvol=190 sched=121819294 146623624 881
TICK ts_ns=1777216021204095882 pid=24362 tid=24539 comm=GC Thread#7 state=S cpus=0-3 vol=715 nonvol=95 sched=98578147 164482542 809
TICK ts_ns=1777216021204095882 pid=24362 tid=24598 comm=java state=S cpus=0-3 vol=5 nonvol=1 sched=614229 717846 6
TICK ts_ns=1777216021204095882 pid=24362 tid=24605 comm=G1 Conc#1 state=S cpus=0-3 vol=53 nonvol=126 sched=547846846 223850616 179
TICK ts_ns=1777216021204095882 pid=24362 tid=24612 comm=AWT-XAWT state=S cpus=0-3 vol=14702 nonvol=1045 sched=1094078648 2240972213 15719
TICK ts_ns=1777216021204095882 pid=24362 tid=24616 comm=AWT-Shutdown state=S cpus=0-3 vol=9 nonvol=0 sched=659311 319614 9
TICK ts_ns=1777216021204095882 pid=24362 tid=24617 comm=AWT-EventQueue- state=S cpus=0-3 vol=2785 nonvol=1038 sched=2220217173 746645717 3817
TICK ts_ns=1777216021204095882 pid=24362 tid=24637 comm=Java2D Disposer state=S cpus=0-3 vol=22 nonvol=1 sched=6311230 2919077 23
TICK ts_ns=1777216021204095882 pid=24362 tid=24653 comm=TimerQueue state=S cpus=0-3 vol=222 nonvol=20 sched=28564532 38620307 241
TICK ts_ns=1777216021204095882 pid=24362 tid=24670 comm=OkHttp Dispatch state=S cpus=0-3 vol=255 nonvol=66 sched=170087842 9958928 321
TICK ts_ns=1777216021204095882 pid=24362 tid=24674 comm=logback-1 state=S cpus=0-3 vol=3 nonvol=1 sched=11873541 1385692 4
TICK ts_ns=1777216021204095882 pid=24362 tid=24749 comm=OkHttp static.r state=S cpus=0-3 vol=10 nonvol=3 sched=2846538 2406921 13
TICK ts_ns=1777216021204095882 pid=24362 tid=24750 comm=OkHttp static.r state=S cpus=0-3 vol=18 nonvol=17 sched=26092846 6214538 35
TICK ts_ns=1777216021204095882 pid=24362 tid=24751 comm=OkHttp Connecti state=S cpus=0-3 vol=11 nonvol=0 sched=793387 0 11
TICK ts_ns=1777216021204095882 pid=24362 tid=24752 comm=Okio Watchdog state=S cpus=0-3 vol=45 nonvol=4 sched=1771846 330846 49
TICK ts_ns=1777216021204095882 pid=24362 tid=24976 comm=pool-2-thread-1 state=S cpus=0-3 vol=419 nonvol=150 sched=195157539 75667693 565
TICK ts_ns=1777216021204095882 pid=24362 tid=25028 comm=Thread-1 state=S cpus=0-3 vol=19 nonvol=5 sched=3691616 1254922 24
TICK ts_ns=1777216021204095882 pid=24362 tid=25029 comm=Client state=R cpus=0-3 vol=40190 nonvol=15829 sched=17997895911 6712829512 56029
TICK ts_ns=1777216021204095882 pid=24362 tid=25035 comm=Thread-3 state=S cpus=0-3 vol=16 nonvol=14 sched=16149386 18778694 29
TICK ts_ns=1777216021204095882 pid=24362 tid=25320 comm=cache io state=S cpus=0-3 vol=1998 nonvol=545 sched=945136999 234721473 2541
TICK ts_ns=1777216021204095882 pid=24362 tid=25405 comm=pool-4-thread-1 state=S cpus=0-3 vol=49 nonvol=17 sched=12991226 4745769 66
TICK ts_ns=1777216021204095882 pid=24362 tid=25436 comm=Java Sound Even state=S cpus=0-3 vol=2 nonvol=0 sched=211230 0 2
TICK ts_ns=1777216021204095882 pid=24362 tid=25437 comm=threaded-ml state=S cpus=0-3 vol=5392 nonvol=1022 sched=759527411 746618755 6403
TICK ts_ns=1777216021204095882 pid=24362 tid=25438 comm=Sound Engine state=S cpus=0-3 vol=6104 nonvol=765 sched=1241024545 909157130 6857
TICK ts_ns=1777216021204095882 pid=24362 tid=25445 comm=java:disk$0 state=S cpus=0-3 vol=1 nonvol=0 sched=198230 20923 1
TICK ts_ns=1777216021204095882 pid=24362 tid=25529 comm=Thread-7 state=S cpus=0-3 vol=4218 nonvol=1598 sched=471784412 565437533 5807
TICK ts_ns=1777216021204095882 pid=24362 tid=25530 comm=Thread-8 state=S cpus=0-3 vol=848 nonvol=376 sched=126629297 206656467 1222
TICK ts_ns=1777216021204095882 pid=24362 tid=27348 comm=Thread-9 state=S cpus=0-3 vol=2032 nonvol=57 sched=89110536 200560077 2083
TICK ts_ns=1777216021204095882 pid=24362 tid=29400 comm=tokenRequest-re state=S cpus=0-3 vol=23 nonvol=52 sched=58774391 48581763 75
TICK ts_ns=1777216021204095882 pid=24362 tid=29469 comm=Thread-10 state=S cpus=0-3 vol=63 nonvol=10 sched=4122613 9127619 73
TICK ts_ns=1777216021204095882 pid=24362 tid=29471 comm=Thread-11 state=S cpus=0-3 vol=42 nonvol=34 sched=9895300 9177387 76
TICK ts_ns=1777216021204095882 pid=24362 tid=30154 comm=Map Loader state=S cpus=0-3 vol=38 nonvol=732 sched=1788449153 748510157 769
TICK ts_ns=1777216021204095882 pid=24362 tid=30519 comm=crmsession-rest state=S cpus=0-3 vol=13 nonvol=19 sched=13279469 13526614 32
TICK ts_ns=1777216021204095882 pid=24139 tid=24139 comm=virgl_test_serv state=S cpus=0-3 vol=27 nonvol=23 sched=12235460 2971692 50
GPU_BUSY ts_ns=1777216021204095882 path=/sys/kernel/gpu/gpu_busy val=0 %
TICK ts_ns=1777216027767117420 pid=24362 tid=24362 comm=java state=S cpus=0-3 vol=3 nonvol=1 sched=11857539 190077 4
TICK ts_ns=1777216027767117420 pid=24362 tid=24365 comm=java state=S cpus=0-3 vol=2382 nonvol=440 sched=1991304921 58283012 2822
TICK ts_ns=1777216027767117420 pid=24362 tid=24369 comm=GC Thread#0 state=S cpus=0-3 vol=713 nonvol=125 sched=129124779 198201840 838
TICK ts_ns=1777216027767117420 pid=24362 tid=24370 comm=G1 Main Marker state=S cpus=0-3 vol=69 nonvol=1 sched=5778930 25961230 70
TICK ts_ns=1777216027767117420 pid=24362 tid=24371 comm=G1 Conc#0 state=S cpus=0-3 vol=58 nonvol=127 sched=519852841 259758991 185
TICK ts_ns=1777216027767117420 pid=24362 tid=24373 comm=G1 Refine#0 state=S cpus=0-3 vol=1002 nonvol=60 sched=128921480 202939843 1061
TICK ts_ns=1777216027767117420 pid=24362 tid=24374 comm=G1 Service state=S cpus=0-3 vol=137 nonvol=6 sched=8999613 27137530 143
TICK ts_ns=1777216027767117420 pid=24362 tid=24375 comm=VM Periodic Tas state=S cpus=0-3 vol=1392 nonvol=50 sched=63808100 174448675 1436
TICK ts_ns=1777216027767117420 pid=24362 tid=24379 comm=VM Thread state=S cpus=0-3 vol=521 nonvol=101 sched=116414020 32900525 622
TICK ts_ns=1777216027767117420 pid=24362 tid=24382 comm=Reference Handl state=S cpus=0-3 vol=41 nonvol=2 sched=7122077 6800535 43
TICK ts_ns=1777216027767117420 pid=24362 tid=24383 comm=Finalizer state=S cpus=0-3 vol=11 nonvol=0 sched=1245769 961848 11
TICK ts_ns=1777216027767117420 pid=24362 tid=24384 comm=Signal Dispatch state=S cpus=0-3 vol=2 nonvol=0 sched=184845 0 2
TICK ts_ns=1777216027767117420 pid=24362 tid=24385 comm=Service Thread state=S cpus=0-3 vol=52 nonvol=2 sched=7054612 8430233 54
TICK ts_ns=1777216027767117420 pid=24362 tid=24386 comm=Monitor Deflati state=S cpus=0-3 vol=282 nonvol=9 sched=11328521 21896775 286
TICK ts_ns=1777216027767117420 pid=24362 tid=24387 comm=C2 CompilerThre state=S cpus=0-3 vol=4732 nonvol=4050 sched=24036454949 2590635008 8776
TICK ts_ns=1777216027767117420 pid=24362 tid=24389 comm=C1 CompilerThre state=S cpus=0-3 vol=6514 nonvol=2207 sched=7049805613 2533873718 8713
TICK ts_ns=1777216027767117420 pid=24362 tid=24395 comm=Notification Th state=S cpus=0-3 vol=2 nonvol=0 sched=199076 0 2
TICK ts_ns=1777216027767117420 pid=24362 tid=24398 comm=Common-Cleaner state=S cpus=0-3 vol=6 nonvol=0 sched=931538 47769 6
TICK ts_ns=1777216027767117420 pid=24362 tid=24429 comm=GC Thread#1 state=S cpus=0-3 vol=745 nonvol=39 sched=98387411 175375831 783
TICK ts_ns=1777216027767117420 pid=24362 tid=24431 comm=GC Thread#2 state=S cpus=0-3 vol=708 nonvol=36 sched=104808216 170170454 744
TICK ts_ns=1777216027767117420 pid=24362 tid=24432 comm=GC Thread#3 state=S cpus=0-3 vol=722 nonvol=27 sched=110094941 184292001 748
TICK ts_ns=1777216027767117420 pid=24362 tid=24475 comm=GC Thread#4 state=S cpus=0-3 vol=693 nonvol=26 sched=119638499 168929778 718
TICK ts_ns=1777216027767117420 pid=24362 tid=24514 comm=GC Thread#5 state=S cpus=0-3 vol=712 nonvol=35 sched=114511854 156894841 747
TICK ts_ns=1777216027767117420 pid=24362 tid=24515 comm=GC Thread#6 state=S cpus=0-3 vol=691 nonvol=190 sched=121819294 146623624 881
TICK ts_ns=1777216027767117420 pid=24362 tid=24539 comm=GC Thread#7 state=S cpus=0-3 vol=715 nonvol=95 sched=98578147 164482542 809
TICK ts_ns=1777216027767117420 pid=24362 tid=24598 comm=java state=S cpus=0-3 vol=5 nonvol=1 sched=614229 717846 6
TICK ts_ns=1777216027767117420 pid=24362 tid=24605 comm=G1 Conc#1 state=S cpus=0-3 vol=53 nonvol=126 sched=547846846 223850616 179
TICK ts_ns=1777216027767117420 pid=24362 tid=24612 comm=AWT-XAWT state=S cpus=0-3 vol=14897 nonvol=1052 sched=1109866565 2361218678 15921
TICK ts_ns=1777216027767117420 pid=24362 tid=24616 comm=AWT-Shutdown state=S cpus=0-3 vol=9 nonvol=0 sched=659311 319614 9
TICK ts_ns=1777216027767117420 pid=24362 tid=24617 comm=AWT-EventQueue- state=S cpus=0-3 vol=2790 nonvol=1038 sched=2224038099 751703716 3822
TICK ts_ns=1777216027767117420 pid=24362 tid=24637 comm=Java2D Disposer state=S cpus=0-3 vol=22 nonvol=1 sched=6311230 2919077 23
TICK ts_ns=1777216027767117420 pid=24362 tid=24653 comm=TimerQueue state=S cpus=0-3 vol=222 nonvol=20 sched=28564532 38620307 241
TICK ts_ns=1777216027767117420 pid=24362 tid=24674 comm=logback-1 state=S cpus=0-3 vol=3 nonvol=1 sched=11873541 1385692 4
TICK ts_ns=1777216027767117420 pid=24362 tid=24749 comm=OkHttp static.r state=S cpus=0-3 vol=10 nonvol=3 sched=2846538 2406921 13
TICK ts_ns=1777216027767117420 pid=24362 tid=24750 comm=OkHttp static.r state=S cpus=0-3 vol=18 nonvol=17 sched=26092846 6214538 35
TICK ts_ns=1777216027767117420 pid=24362 tid=24751 comm=OkHttp Connecti state=S cpus=0-3 vol=11 nonvol=0 sched=793387 0 11
TICK ts_ns=1777216027767117420 pid=24362 tid=24752 comm=Okio Watchdog state=S cpus=0-3 vol=45 nonvol=4 sched=1771846 330846 49
TICK ts_ns=1777216027767117420 pid=24362 tid=24976 comm=pool-2-thread-1 state=S cpus=0-3 vol=452 nonvol=162 sched=200285774 78482466 609
TICK ts_ns=1777216027767117420 pid=24362 tid=25028 comm=Thread-1 state=S cpus=0-3 vol=19 nonvol=5 sched=3691616 1254922 24
TICK ts_ns=1777216027767117420 pid=24362 tid=25029 comm=Client state=R cpus=0-3 vol=44387 nonvol=17009 sched=19877121717 7141272817 61390
TICK ts_ns=1777216027767117420 pid=24362 tid=25035 comm=Thread-3 state=S cpus=0-3 vol=16 nonvol=14 sched=16149386 18778694 29
TICK ts_ns=1777216027767117420 pid=24362 tid=25320 comm=cache io state=S cpus=0-3 vol=2126 nonvol=551 sched=956547693 240202936 2673
TICK ts_ns=1777216027767117420 pid=24362 tid=25405 comm=pool-4-thread-1 state=S cpus=0-3 vol=56 nonvol=17 sched=13568611 4768922 73
TICK ts_ns=1777216027767117420 pid=24362 tid=25436 comm=Java Sound Even state=S cpus=0-3 vol=2 nonvol=0 sched=211230 0 2
TICK ts_ns=1777216027767117420 pid=24362 tid=25437 comm=threaded-ml state=S cpus=0-3 vol=5988 nonvol=1129 sched=840169075 809758528 7106
TICK ts_ns=1777216027767117420 pid=24362 tid=25438 comm=Sound Engine state=S cpus=0-3 vol=6750 nonvol=801 sched=1333864645 962008365 7538
TICK ts_ns=1777216027767117420 pid=24362 tid=25445 comm=java:disk$0 state=S cpus=0-3 vol=1 nonvol=0 sched=198230 20923 1
TICK ts_ns=1777216027767117420 pid=24362 tid=25529 comm=Thread-7 state=S cpus=0-3 vol=4446 nonvol=1729 sched=502775191 600168306 6162
TICK ts_ns=1777216027767117420 pid=24362 tid=25530 comm=Thread-8 state=S cpus=0-3 vol=851 nonvol=378 sched=127271374 207225467 1227
TICK ts_ns=1777216027767117420 pid=24362 tid=27348 comm=Thread-9 state=S cpus=0-3 vol=2286 nonvol=66 sched=100815996 220235848 2347
TICK ts_ns=1777216027767117420 pid=24362 tid=29400 comm=tokenRequest-re state=S cpus=0-3 vol=23 nonvol=52 sched=58774391 48581763 75
TICK ts_ns=1777216027767117420 pid=24362 tid=29469 comm=Thread-10 state=S cpus=0-3 vol=74 nonvol=11 sched=4714843 10736696 85
TICK ts_ns=1777216027767117420 pid=24362 tid=29471 comm=Thread-11 state=S cpus=0-3 vol=49 nonvol=39 sched=11568301 15815772 88
TICK ts_ns=1777216027767117420 pid=24362 tid=30154 comm=Map Loader state=S cpus=0-3 vol=38 nonvol=732 sched=1788449153 748510157 769
TICK ts_ns=1777216027767117420 pid=24362 tid=30519 comm=crmsession-rest state=S cpus=0-3 vol=13 nonvol=19 sched=13279469 13526614 32
TICK ts_ns=1777216027767117420 pid=24139 tid=24139 comm=virgl_test_serv state=S cpus=0-3 vol=27 nonvol=23 sched=12235460 2971692 50
GPU_BUSY ts_ns=1777216027767117420 path=/sys/kernel/gpu/gpu_busy val=0 %
TICK ts_ns=1777216034173736729 pid=24362 tid=24362 comm=java state=S cpus=0-3 vol=3 nonvol=1 sched=11857539 190077 4
TICK ts_ns=1777216034173736729 pid=24362 tid=24365 comm=java state=S cpus=0-3 vol=2382 nonvol=440 sched=1991304921 58283012 2822
TICK ts_ns=1777216034173736729 pid=24362 tid=24369 comm=GC Thread#0 state=S cpus=0-3 vol=713 nonvol=125 sched=129124779 198201840 838
TICK ts_ns=1777216034173736729 pid=24362 tid=24370 comm=G1 Main Marker state=S cpus=0-3 vol=69 nonvol=1 sched=5778930 25961230 70
TICK ts_ns=1777216034173736729 pid=24362 tid=24371 comm=G1 Conc#0 state=S cpus=0-3 vol=58 nonvol=127 sched=519852841 259758991 185
TICK ts_ns=1777216034173736729 pid=24362 tid=24373 comm=G1 Refine#0 state=S cpus=0-3 vol=1057 nonvol=68 sched=133346482 208795689 1124
TICK ts_ns=1777216034173736729 pid=24362 tid=24374 comm=G1 Service state=S cpus=0-3 vol=143 nonvol=6 sched=9284693 27147069 149
TICK ts_ns=1777216034173736729 pid=24362 tid=24375 comm=VM Periodic Tas state=S cpus=0-3 vol=1522 nonvol=53 sched=71031794 183243366 1569
TICK ts_ns=1777216034173736729 pid=24362 tid=24379 comm=VM Thread state=S cpus=0-3 vol=527 nonvol=101 sched=116810252 32939294 628
TICK ts_ns=1777216034173736729 pid=24362 tid=24382 comm=Reference Handl state=S cpus=0-3 vol=41 nonvol=2 sched=7122077 6800535 43
TICK ts_ns=1777216034173736729 pid=24362 tid=24383 comm=Finalizer state=S cpus=0-3 vol=11 nonvol=0 sched=1245769 961848 11
TICK ts_ns=1777216034173736729 pid=24362 tid=24384 comm=Signal Dispatch state=S cpus=0-3 vol=2 nonvol=0 sched=184845 0 2
TICK ts_ns=1777216034173736729 pid=24362 tid=24385 comm=Service Thread state=S cpus=0-3 vol=53 nonvol=3 sched=7201612 8748772 56
TICK ts_ns=1777216034173736729 pid=24362 tid=24386 comm=Monitor Deflati state=S cpus=0-3 vol=308 nonvol=9 sched=12369369 23337005 312
TICK ts_ns=1777216034173736729 pid=24362 tid=24387 comm=C2 CompilerThre state=R cpus=0-3 vol=4769 nonvol=4180 sched=25431665753 2620851925 8944
TICK ts_ns=1777216034173736729 pid=24362 tid=24389 comm=C1 CompilerThre state=S cpus=0-3 vol=6571 nonvol=2229 sched=7091255309 2555570560 8792
TICK ts_ns=1777216034173736729 pid=24362 tid=24395 comm=Notification Th state=S cpus=0-3 vol=2 nonvol=0 sched=199076 0 2
TICK ts_ns=1777216034173736729 pid=24362 tid=24398 comm=Common-Cleaner state=S cpus=0-3 vol=6 nonvol=0 sched=931538 47769 6
TICK ts_ns=1777216034173736729 pid=24362 tid=24429 comm=GC Thread#1 state=S cpus=0-3 vol=745 nonvol=39 sched=98387411 175375831 783
TICK ts_ns=1777216034173736729 pid=24362 tid=24431 comm=GC Thread#2 state=S cpus=0-3 vol=708 nonvol=36 sched=104808216 170170454 744
TICK ts_ns=1777216034173736729 pid=24362 tid=24432 comm=GC Thread#3 state=S cpus=0-3 vol=722 nonvol=27 sched=110094941 184292001 748
TICK ts_ns=1777216034173736729 pid=24362 tid=24475 comm=GC Thread#4 state=S cpus=0-3 vol=693 nonvol=26 sched=119638499 168929778 718
TICK ts_ns=1777216034173736729 pid=24362 tid=24514 comm=GC Thread#5 state=S cpus=0-3 vol=712 nonvol=35 sched=114511854 156894841 747
TICK ts_ns=1777216034173736729 pid=24362 tid=24515 comm=GC Thread#6 state=S cpus=0-3 vol=691 nonvol=190 sched=121819294 146623624 881
TICK ts_ns=1777216034173736729 pid=24362 tid=24539 comm=GC Thread#7 state=S cpus=0-3 vol=715 nonvol=95 sched=98578147 164482542 809
TICK ts_ns=1777216034173736729 pid=24362 tid=24598 comm=java state=S cpus=0-3 vol=5 nonvol=1 sched=614229 717846 6
TICK ts_ns=1777216034173736729 pid=24362 tid=24605 comm=G1 Conc#1 state=S cpus=0-3 vol=53 nonvol=126 sched=547846846 223850616 179
TICK ts_ns=1777216034173736729 pid=24362 tid=24612 comm=AWT-XAWT state=S cpus=0-3 vol=15091 nonvol=1055 sched=1126559794 2472626751 16116
TICK ts_ns=1777216034173736729 pid=24362 tid=24616 comm=AWT-Shutdown state=S cpus=0-3 vol=9 nonvol=0 sched=659311 319614 9
TICK ts_ns=1777216034173736729 pid=24362 tid=24617 comm=AWT-EventQueue- state=S cpus=0-3 vol=2795 nonvol=1038 sched=2227878023 756122947 3827
TICK ts_ns=1777216034173736729 pid=24362 tid=24637 comm=Java2D Disposer state=S cpus=0-3 vol=22 nonvol=1 sched=6311230 2919077 23
TICK ts_ns=1777216034173736729 pid=24362 tid=24653 comm=TimerQueue state=S cpus=0-3 vol=222 nonvol=20 sched=28564532 38620307 241
TICK ts_ns=1777216034173736729 pid=24362 tid=24674 comm=logback-1 state=S cpus=0-3 vol=3 nonvol=1 sched=11873541 1385692 4
TICK ts_ns=1777216034173736729 pid=24362 tid=24749 comm=OkHttp static.r state=S cpus=0-3 vol=10 nonvol=3 sched=2846538 2406921 13
TICK ts_ns=1777216034173736729 pid=24362 tid=24750 comm=OkHttp static.r state=S cpus=0-3 vol=18 nonvol=17 sched=26092846 6214538 35
TICK ts_ns=1777216034173736729 pid=24362 tid=24751 comm=OkHttp Connecti state=S cpus=0-3 vol=11 nonvol=0 sched=793387 0 11
TICK ts_ns=1777216034173736729 pid=24362 tid=24976 comm=pool-2-thread-1 state=S cpus=0-3 vol=487 nonvol=167 sched=204832925 85472006 648
TICK ts_ns=1777216034173736729 pid=24362 tid=25028 comm=Thread-1 state=S cpus=0-3 vol=19 nonvol=5 sched=3691616 1254922 24
TICK ts_ns=1777216034173736729 pid=24362 tid=25029 comm=Client state=R cpus=0-3 vol=48107 nonvol=18489 sched=21796378189 7628002750 66611
TICK ts_ns=1777216034173736729 pid=24362 tid=25035 comm=Thread-3 state=S cpus=0-3 vol=16 nonvol=14 sched=16149386 18778694 29
TICK ts_ns=1777216034173736729 pid=24362 tid=25320 comm=cache io state=S cpus=0-3 vol=2254 nonvol=556 sched=969519609 250851164 2805
TICK ts_ns=1777216034173736729 pid=24362 tid=25405 comm=pool-4-thread-1 state=S cpus=0-3 vol=62 nonvol=17 sched=14136995 4885691 79
TICK ts_ns=1777216034173736729 pid=24362 tid=25436 comm=Java Sound Even state=S cpus=0-3 vol=2 nonvol=0 sched=211230 0 2
TICK ts_ns=1777216034173736729 pid=24362 tid=25437 comm=threaded-ml state=S cpus=0-3 vol=6591 nonvol=1240 sched=924037168 880170990 7821
TICK ts_ns=1777216034173736729 pid=24362 tid=25438 comm=Sound Engine state=S cpus=0-3 vol=7398 nonvol=845 sched=1428393113 1025687673 8229
TICK ts_ns=1777216034173736729 pid=24362 tid=25445 comm=java:disk$0 state=S cpus=0-3 vol=1 nonvol=0 sched=198230 20923 1
TICK ts_ns=1777216034173736729 pid=24362 tid=25529 comm=Thread-7 state=S cpus=0-3 vol=4673 nonvol=1862 sched=537922114 633462767 6523
TICK ts_ns=1777216034173736729 pid=24362 tid=25530 comm=Thread-8 state=S cpus=0-3 vol=858 nonvol=383 sched=128623530 211011084 1239
TICK ts_ns=1777216034173736729 pid=24362 tid=27348 comm=Thread-9 state=S cpus=0-3 vol=2542 nonvol=70 sched=112866451 239643929 2607
TICK ts_ns=1777216034173736729 pid=24362 tid=29400 comm=tokenRequest-re state=S cpus=0-3 vol=23 nonvol=52 sched=58774391 48581763 75
TICK ts_ns=1777216034173736729 pid=24362 tid=29469 comm=Thread-10 state=S cpus=0-3 vol=85 nonvol=12 sched=5271382 12266003 97
TICK ts_ns=1777216034173736729 pid=24362 tid=29471 comm=Thread-11 state=S cpus=0-3 vol=56 nonvol=46 sched=13337223 18960773 102
TICK ts_ns=1777216034173736729 pid=24362 tid=30154 comm=Map Loader state=S cpus=0-3 vol=38 nonvol=732 sched=1788449153 748510157 769
TICK ts_ns=1777216034173736729 pid=24362 tid=30519 comm=crmsession-rest state=S cpus=0-3 vol=13 nonvol=19 sched=13279469 13526614 32
TICK ts_ns=1777216034173736729 pid=24139 tid=24139 comm=virgl_test_serv state=S cpus=0-3 vol=27 nonvol=23 sched=12235460 2971692 50
GPU_BUSY ts_ns=1777216034173736729 path=/sys/kernel/gpu/gpu_busy val=12 %
TICK ts_ns=1777216040672929037 pid=24362 tid=24362 comm=java state=S cpus=0-3 vol=3 nonvol=1 sched=11857539 190077 4
TICK ts_ns=1777216040672929037 pid=24362 tid=24365 comm=java state=S cpus=0-3 vol=2382 nonvol=440 sched=1991304921 58283012 2822
TICK ts_ns=1777216040672929037 pid=24362 tid=24369 comm=GC Thread#0 state=S cpus=0-3 vol=713 nonvol=125 sched=129124779 198201840 838
TICK ts_ns=1777216040672929037 pid=24362 tid=24370 comm=G1 Main Marker state=S cpus=0-3 vol=69 nonvol=1 sched=5778930 25961230 70
TICK ts_ns=1777216040672929037 pid=24362 tid=24371 comm=G1 Conc#0 state=S cpus=0-3 vol=58 nonvol=127 sched=519852841 259758991 185
TICK ts_ns=1777216040672929037 pid=24362 tid=24373 comm=G1 Refine#0 state=S cpus=0-3 vol=1127 nonvol=72 sched=138562181 218304609 1197
TICK ts_ns=1777216040672929037 pid=24362 tid=24374 comm=G1 Service state=S cpus=0-3 vol=150 nonvol=6 sched=9527619 27300608 156
TICK ts_ns=1777216040672929037 pid=24362 tid=24375 comm=VM Periodic Tas state=S cpus=0-3 vol=1653 nonvol=53 sched=76877097 192356139 1700
TICK ts_ns=1777216040672929037 pid=24362 tid=24379 comm=VM Thread state=S cpus=0-3 vol=535 nonvol=101 sched=117293867 40776756 636
TICK ts_ns=1777216040672929037 pid=24362 tid=24382 comm=Reference Handl state=S cpus=0-3 vol=41 nonvol=2 sched=7122077 6800535 43
TICK ts_ns=1777216040672929037 pid=24362 tid=24383 comm=Finalizer state=S cpus=0-3 vol=11 nonvol=0 sched=1245769 961848 11
TICK ts_ns=1777216040672929037 pid=24362 tid=24384 comm=Signal Dispatch state=S cpus=0-3 vol=2 nonvol=0 sched=184845 0 2
TICK ts_ns=1777216040672929037 pid=24362 tid=24385 comm=Service Thread state=S cpus=0-3 vol=53 nonvol=3 sched=7201612 8748772 56
TICK ts_ns=1777216040672929037 pid=24362 tid=24386 comm=Monitor Deflati state=S cpus=0-3 vol=334 nonvol=9 sched=13426059 25528235 338
TICK ts_ns=1777216040672929037 pid=24362 tid=24387 comm=C2 CompilerThre state=S cpus=0-3 vol=4816 nonvol=4316 sched=27766557949 2648856767 9126
TICK ts_ns=1777216040672929037 pid=24362 tid=24389 comm=C1 CompilerThre state=S cpus=0-3 vol=6641 nonvol=2247 sched=7136290627 2567909174 8880
TICK ts_ns=1777216040672929037 pid=24362 tid=24395 comm=Notification Th state=S cpus=0-3 vol=2 nonvol=0 sched=199076 0 2
TICK ts_ns=1777216040672929037 pid=24362 tid=24398 comm=Common-Cleaner state=S cpus=0-3 vol=6 nonvol=0 sched=931538 47769 6
TICK ts_ns=1777216040672929037 pid=24362 tid=24429 comm=GC Thread#1 state=S cpus=0-3 vol=745 nonvol=39 sched=98387411 175375831 783
TICK ts_ns=1777216040672929037 pid=24362 tid=24431 comm=GC Thread#2 state=S cpus=0-3 vol=708 nonvol=36 sched=104808216 170170454 744
TICK ts_ns=1777216040672929037 pid=24362 tid=24432 comm=GC Thread#3 state=S cpus=0-3 vol=722 nonvol=27 sched=110094941 184292001 748
TICK ts_ns=1777216040672929037 pid=24362 tid=24475 comm=GC Thread#4 state=S cpus=0-3 vol=693 nonvol=26 sched=119638499 168929778 718
TICK ts_ns=1777216040672929037 pid=24362 tid=24514 comm=GC Thread#5 state=S cpus=0-3 vol=712 nonvol=35 sched=114511854 156894841 747
TICK ts_ns=1777216040672929037 pid=24362 tid=24515 comm=GC Thread#6 state=S cpus=0-3 vol=691 nonvol=190 sched=121819294 146623624 881
TICK ts_ns=1777216040672929037 pid=24362 tid=24539 comm=GC Thread#7 state=S cpus=0-3 vol=715 nonvol=95 sched=98578147 164482542 809
TICK ts_ns=1777216040672929037 pid=24362 tid=24598 comm=java state=S cpus=0-3 vol=5 nonvol=1 sched=614229 717846 6
TICK ts_ns=1777216040672929037 pid=24362 tid=24605 comm=G1 Conc#1 state=S cpus=0-3 vol=53 nonvol=126 sched=547846846 223850616 179
TICK ts_ns=1777216040672929037 pid=24362 tid=24612 comm=AWT-XAWT state=S cpus=0-3 vol=15288 nonvol=1058 sched=1142257404 2547648980 16318
TICK ts_ns=1777216040672929037 pid=24362 tid=24616 comm=AWT-Shutdown state=S cpus=0-3 vol=9 nonvol=0 sched=659311 319614 9
TICK ts_ns=1777216040672929037 pid=24362 tid=24617 comm=AWT-EventQueue- state=S cpus=0-3 vol=2800 nonvol=1039 sched=2231351791 758111487 3833
TICK ts_ns=1777216040672929037 pid=24362 tid=24637 comm=Java2D Disposer state=S cpus=0-3 vol=22 nonvol=1 sched=6311230 2919077 23
TICK ts_ns=1777216040672929037 pid=24362 tid=24653 comm=TimerQueue state=S cpus=0-3 vol=222 nonvol=20 sched=28564532 38620307 241
TICK ts_ns=1777216040672929037 pid=24362 tid=24674 comm=logback-1 state=S cpus=0-3 vol=3 nonvol=1 sched=11873541 1385692 4
TICK ts_ns=1777216040672929037 pid=24362 tid=24749 comm=OkHttp static.r state=S cpus=0-3 vol=10 nonvol=3 sched=2846538 2406921 13
TICK ts_ns=1777216040672929037 pid=24362 tid=24750 comm=OkHttp static.r state=S cpus=0-3 vol=18 nonvol=17 sched=26092846 6214538 35
TICK ts_ns=1777216040672929037 pid=24362 tid=24751 comm=OkHttp Connecti state=S cpus=0-3 vol=11 nonvol=0 sched=793387 0 11
TICK ts_ns=1777216040672929037 pid=24362 tid=24976 comm=pool-2-thread-1 state=S cpus=0-3 vol=520 nonvol=167 sched=208511084 85755699 681
TICK ts_ns=1777216040672929037 pid=24362 tid=25028 comm=Thread-1 state=S cpus=0-3 vol=19 nonvol=5 sched=3691616 1254922 24
TICK ts_ns=1777216040672929037 pid=24362 tid=25029 comm=Client state=R cpus=0-3 vol=51914 nonvol=19889 sched=23667660968 8101242217 71805
TICK ts_ns=1777216040672929037 pid=24362 tid=25035 comm=Thread-3 state=S cpus=0-3 vol=16 nonvol=14 sched=16149386 18778694 29
TICK ts_ns=1777216040672929037 pid=24362 tid=25320 comm=cache io state=S cpus=0-3 vol=2380 nonvol=563 sched=982445912 260099472 2940
TICK ts_ns=1777216040672929037 pid=24362 tid=25405 comm=pool-4-thread-1 state=S cpus=0-3 vol=69 nonvol=17 sched=14880840 5492768 86
TICK ts_ns=1777216040672929037 pid=24362 tid=25436 comm=Java Sound Even state=S cpus=0-3 vol=2 nonvol=0 sched=211230 0 2
TICK ts_ns=1777216040672929037 pid=24362 tid=25437 comm=threaded-ml state=S cpus=0-3 vol=7181 nonvol=1374 sched=1007710248 953502459 8543
TICK ts_ns=1777216040672929037 pid=24362 tid=25438 comm=Sound Engine state=S cpus=0-3 vol=8035 nonvol=881 sched=1520020579 1083280291 8900
TICK ts_ns=1777216040672929037 pid=24362 tid=25445 comm=java:disk$0 state=S cpus=0-3 vol=1 nonvol=0 sched=198230 20923 1
TICK ts_ns=1777216040672929037 pid=24362 tid=25529 comm=Thread-7 state=S cpus=0-3 vol=4884 nonvol=1992 sched=570816656 670352000 6865
TICK ts_ns=1777216040672929037 pid=24362 tid=25530 comm=Thread-8 state=S cpus=0-3 vol=861 nonvol=386 sched=129310606 212698470 1245
TICK ts_ns=1777216040672929037 pid=24362 tid=27348 comm=Thread-9 state=S cpus=0-3 vol=2794 nonvol=75 sched=124526308 258139851 2864
TICK ts_ns=1777216040672929037 pid=24362 tid=29400 comm=tokenRequest-re state=S cpus=0-3 vol=23 nonvol=52 sched=58774391 48581763 75
TICK ts_ns=1777216040672929037 pid=24362 tid=29469 comm=Thread-10 state=S cpus=0-3 vol=95 nonvol=15 sched=5824228 13239465 110
TICK ts_ns=1777216040672929037 pid=24362 tid=29471 comm=Thread-11 state=S cpus=0-3 vol=63 nonvol=52 sched=15027146 22752620 115
TICK ts_ns=1777216040672929037 pid=24362 tid=30154 comm=Map Loader state=S cpus=0-3 vol=38 nonvol=732 sched=1788449153 748510157 769
TICK ts_ns=1777216040672929037 pid=24362 tid=30519 comm=crmsession-rest state=S cpus=0-3 vol=13 nonvol=19 sched=13279469 13526614 32
TICK ts_ns=1777216040672929037 pid=24139 tid=24139 comm=virgl_test_serv state=S cpus=0-3 vol=27 nonvol=23 sched=12235460 2971692 50
GPU_BUSY ts_ns=1777216040672929037 path=/sys/kernel/gpu/gpu_busy val=22 %
TICK ts_ns=1777216047039630960 pid=24362 tid=24362 comm=java state=S cpus=0-3 vol=3 nonvol=1 sched=11857539 190077 4
TICK ts_ns=1777216047039630960 pid=24362 tid=24365 comm=java state=S cpus=0-3 vol=2382 nonvol=440 sched=1991304921 58283012 2822
TICK ts_ns=1777216047039630960 pid=24362 tid=24369 comm=GC Thread#0 state=S cpus=0-3 vol=713 nonvol=125 sched=129124779 198201840 838
TICK ts_ns=1777216047039630960 pid=24362 tid=24370 comm=G1 Main Marker state=S cpus=0-3 vol=69 nonvol=1 sched=5778930 25961230 70
TICK ts_ns=1777216047039630960 pid=24362 tid=24371 comm=G1 Conc#0 state=S cpus=0-3 vol=58 nonvol=127 sched=519852841 259758991 185
TICK ts_ns=1777216047039630960 pid=24362 tid=24373 comm=G1 Refine#0 state=S cpus=0-3 vol=1226 nonvol=77 sched=145996799 226704610 1300
TICK ts_ns=1777216047039630960 pid=24362 tid=24374 comm=G1 Service state=S cpus=0-3 vol=156 nonvol=6 sched=9719619 27458223 162
TICK ts_ns=1777216047039630960 pid=24362 tid=24375 comm=VM Periodic Tas state=S cpus=0-3 vol=1780 nonvol=61 sched=83641560 207839983 1831
TICK ts_ns=1777216047039630960 pid=24362 tid=24379 comm=VM Thread state=S cpus=0-3 vol=543 nonvol=101 sched=118113791 40818295 644
TICK ts_ns=1777216047039630960 pid=24362 tid=24382 comm=Reference Handl state=S cpus=0-3 vol=41 nonvol=2 sched=7122077 6800535 43
TICK ts_ns=1777216047039630960 pid=24362 tid=24383 comm=Finalizer state=S cpus=0-3 vol=11 nonvol=0 sched=1245769 961848 11
TICK ts_ns=1777216047039630960 pid=24362 tid=24384 comm=Signal Dispatch state=S cpus=0-3 vol=2 nonvol=0 sched=184845 0 2
TICK ts_ns=1777216047039630960 pid=24362 tid=24385 comm=Service Thread state=S cpus=0-3 vol=53 nonvol=3 sched=7201612 8748772 56
TICK ts_ns=1777216047039630960 pid=24362 tid=24386 comm=Monitor Deflati state=S cpus=0-3 vol=359 nonvol=9 sched=14374747 27055159 364
TICK ts_ns=1777216047039630960 pid=24362 tid=24387 comm=C2 CompilerThre state=S cpus=0-3 vol=4861 nonvol=4445 sched=28767168393 2677158233 9300
TICK ts_ns=1777216047039630960 pid=24362 tid=24389 comm=C1 CompilerThre state=S cpus=0-3 vol=6707 nonvol=2268 sched=7188014009 2576388641 8967
TICK ts_ns=1777216047039630960 pid=24362 tid=24395 comm=Notification Th state=S cpus=0-3 vol=2 nonvol=0 sched=199076 0 2
TICK ts_ns=1777216047039630960 pid=24362 tid=24398 comm=Common-Cleaner state=S cpus=0-3 vol=6 nonvol=0 sched=931538 47769 6
TICK ts_ns=1777216047039630960 pid=24362 tid=24429 comm=GC Thread#1 state=S cpus=0-3 vol=745 nonvol=39 sched=98387411 175375831 783
TICK ts_ns=1777216047039630960 pid=24362 tid=24431 comm=GC Thread#2 state=S cpus=0-3 vol=708 nonvol=36 sched=104808216 170170454 744
TICK ts_ns=1777216047039630960 pid=24362 tid=24432 comm=GC Thread#3 state=S cpus=0-3 vol=722 nonvol=27 sched=110094941 184292001 748
TICK ts_ns=1777216047039630960 pid=24362 tid=24475 comm=GC Thread#4 state=S cpus=0-3 vol=693 nonvol=26 sched=119638499 168929778 718
TICK ts_ns=1777216047039630960 pid=24362 tid=24514 comm=GC Thread#5 state=S cpus=0-3 vol=712 nonvol=35 sched=114511854 156894841 747
TICK ts_ns=1777216047039630960 pid=24362 tid=24515 comm=GC Thread#6 state=S cpus=0-3 vol=691 nonvol=190 sched=121819294 146623624 881
TICK ts_ns=1777216047039630960 pid=24362 tid=24539 comm=GC Thread#7 state=S cpus=0-3 vol=715 nonvol=95 sched=98578147 164482542 809
TICK ts_ns=1777216047039630960 pid=24362 tid=24598 comm=java state=S cpus=0-3 vol=5 nonvol=1 sched=614229 717846 6
TICK ts_ns=1777216047039630960 pid=24362 tid=24605 comm=G1 Conc#1 state=S cpus=0-3 vol=53 nonvol=126 sched=547846846 223850616 179
TICK ts_ns=1777216047039630960 pid=24362 tid=24612 comm=AWT-XAWT state=S cpus=0-3 vol=15481 nonvol=1071 sched=1158689417 2631856971 16520
TICK ts_ns=1777216047039630960 pid=24362 tid=24616 comm=AWT-Shutdown state=S cpus=0-3 vol=9 nonvol=0 sched=659311 319614 9
TICK ts_ns=1777216047039630960 pid=24362 tid=24617 comm=AWT-EventQueue- state=S cpus=0-3 vol=2805 nonvol=1039 sched=2233986021 759726872 3838
TICK ts_ns=1777216047039630960 pid=24362 tid=24637 comm=Java2D Disposer state=S cpus=0-3 vol=22 nonvol=1 sched=6311230 2919077 23
TICK ts_ns=1777216047039630960 pid=24362 tid=24653 comm=TimerQueue state=S cpus=0-3 vol=222 nonvol=20 sched=28564532 38620307 241
TICK ts_ns=1777216047039630960 pid=24362 tid=24674 comm=logback-1 state=S cpus=0-3 vol=3 nonvol=1 sched=11873541 1385692 4
TICK ts_ns=1777216047039630960 pid=24362 tid=24749 comm=OkHttp static.r state=S cpus=0-3 vol=10 nonvol=3 sched=2846538 2406921 13
TICK ts_ns=1777216047039630960 pid=24362 tid=24750 comm=OkHttp static.r state=S cpus=0-3 vol=18 nonvol=17 sched=26092846 6214538 35
TICK ts_ns=1777216047039630960 pid=24362 tid=24751 comm=OkHttp Connecti state=S cpus=0-3 vol=11 nonvol=0 sched=793387 0 11
TICK ts_ns=1777216047039630960 pid=24362 tid=24976 comm=pool-2-thread-1 state=S cpus=0-3 vol=553 nonvol=169 sched=212225625 87110392 716
TICK ts_ns=1777216047039630960 pid=24362 tid=25028 comm=Thread-1 state=S cpus=0-3 vol=19 nonvol=5 sched=3691616 1254922 24
TICK ts_ns=1777216047039630960 pid=24362 tid=25029 comm=Client state=R cpus=0-3 vol=55751 nonvol=21147 sched=25532055608 8516500156 76899
TICK ts_ns=1777216047039630960 pid=24362 tid=25035 comm=Thread-3 state=S cpus=0-3 vol=16 nonvol=14 sched=16149386 18778694 29
TICK ts_ns=1777216047039630960 pid=24362 tid=25320 comm=cache io state=S cpus=0-3 vol=2509 nonvol=569 sched=993024217 274253550 3073
TICK ts_ns=1777216047039630960 pid=24362 tid=25405 comm=pool-4-thread-1 state=S cpus=0-3 vol=75 nonvol=17 sched=15373762 5787459 92
TICK ts_ns=1777216047039630960 pid=24362 tid=25436 comm=Java Sound Even state=S cpus=0-3 vol=2 nonvol=0 sched=211230 0 2
TICK ts_ns=1777216047039630960 pid=24362 tid=25437 comm=threaded-ml state=S cpus=0-3 vol=7788 nonvol=1488 sched=1092306244 1020865086 9265
TICK ts_ns=1777216047039630960 pid=24362 tid=25438 comm=Sound Engine state=S cpus=0-3 vol=8682 nonvol=939 sched=1614156242 1140798156 9603
TICK ts_ns=1777216047039630960 pid=24362 tid=25445 comm=java:disk$0 state=S cpus=0-3 vol=1 nonvol=0 sched=198230 20923 1
TICK ts_ns=1777216047039630960 pid=24362 tid=25529 comm=Thread-7 state=S cpus=0-3 vol=5100 nonvol=2096 sched=601379193 712771084 7184
TICK ts_ns=1777216047039630960 pid=24362 tid=25530 comm=Thread-8 state=S cpus=0-3 vol=863 nonvol=387 sched=129968298 212859393 1248
TICK ts_ns=1777216047039630960 pid=24362 tid=27348 comm=Thread-9 state=S cpus=0-3 vol=3050 nonvol=83 sched=138006991 290893704 3127
TICK ts_ns=1777216047039630960 pid=24362 tid=29400 comm=tokenRequest-re state=S cpus=0-3 vol=23 nonvol=52 sched=58774391 48581763 75
TICK ts_ns=1777216047039630960 pid=24362 tid=29469 comm=Thread-10 state=S cpus=0-3 vol=106 nonvol=19 sched=6702224 15236770 125
TICK ts_ns=1777216047039630960 pid=24362 tid=29471 comm=Thread-11 state=S cpus=0-3 vol=70 nonvol=59 sched=16820222 26839236 129
TICK ts_ns=1777216047039630960 pid=24362 tid=30154 comm=Map Loader state=S cpus=0-3 vol=38 nonvol=732 sched=1788449153 748510157 769
TICK ts_ns=1777216047039630960 pid=24362 tid=30519 comm=crmsession-rest state=S cpus=0-3 vol=13 nonvol=19 sched=13279469 13526614 32
TICK ts_ns=1777216047039630960 pid=24139 tid=24139 comm=virgl_test_serv state=S cpus=0-3 vol=27 nonvol=23 sched=12235460 2971692 50
GPU_BUSY ts_ns=1777216047039630960 path=/sys/kernel/gpu/gpu_busy val=0 %
TICK ts_ns=1777216053463299268 pid=24362 tid=24362 comm=java state=S cpus=0-3 vol=3 nonvol=1 sched=11857539 190077 4
TICK ts_ns=1777216053463299268 pid=24362 tid=24365 comm=java state=S cpus=0-3 vol=2382 nonvol=440 sched=1991304921 58283012 2822
TICK ts_ns=1777216053463299268 pid=24362 tid=24369 comm=GC Thread#0 state=S cpus=0-3 vol=726 nonvol=174 sched=129891087 208511996 900
TICK ts_ns=1777216053463299268 pid=24362 tid=24370 comm=G1 Main Marker state=S cpus=0-3 vol=69 nonvol=1 sched=5778930 25961230 70
TICK ts_ns=1777216053463299268 pid=24362 tid=24371 comm=G1 Conc#0 state=S cpus=0-3 vol=58 nonvol=127 sched=519852841 259758991 185
TICK ts_ns=1777216053463299268 pid=24362 tid=24373 comm=G1 Refine#0 state=S cpus=0-3 vol=1302 nonvol=87 sched=152140331 234451611 1383
TICK ts_ns=1777216053463299268 pid=24362 tid=24374 comm=G1 Service state=S cpus=0-3 vol=164 nonvol=6 sched=10206618 27856377 170
TICK ts_ns=1777216053463299268 pid=24362 tid=24375 comm=VM Periodic Tas state=S cpus=0-3 vol=1911 nonvol=64 sched=89776946 217486980 1965
TICK ts_ns=1777216053463299268 pid=24362 tid=24379 comm=VM Thread state=S cpus=0-3 vol=556 nonvol=104 sched=120096251 41590217 660
TICK ts_ns=1777216053463299268 pid=24362 tid=24382 comm=Reference Handl state=S cpus=0-3 vol=43 nonvol=2 sched=7176461 6800535 45
TICK ts_ns=1777216053463299268 pid=24362 tid=24383 comm=Finalizer state=S cpus=0-3 vol=11 nonvol=0 sched=1245769 961848 11
TICK ts_ns=1777216053463299268 pid=24362 tid=24384 comm=Signal Dispatch state=S cpus=0-3 vol=2 nonvol=0 sched=184845 0 2
TICK ts_ns=1777216053463299268 pid=24362 tid=24385 comm=Service Thread state=S cpus=0-3 vol=53 nonvol=3 sched=7201612 8748772 56
TICK ts_ns=1777216053463299268 pid=24362 tid=24386 comm=Monitor Deflati state=S cpus=0-3 vol=385 nonvol=9 sched=15363368 28093927 389
TICK ts_ns=1777216053463299268 pid=24362 tid=24387 comm=C2 CompilerThre state=S cpus=0-3 vol=4881 nonvol=4467 sched=28933927938 2685682078 9341
TICK ts_ns=1777216053463299268 pid=24362 tid=24389 comm=C1 CompilerThre state=S cpus=0-3 vol=6729 nonvol=2270 sched=7195726856 2578139795 8990
TICK ts_ns=1777216053463299268 pid=24362 tid=24395 comm=Notification Th state=S cpus=0-3 vol=2 nonvol=0 sched=199076 0 2
TICK ts_ns=1777216053463299268 pid=24362 tid=24398 comm=Common-Cleaner state=S cpus=0-3 vol=6 nonvol=0 sched=931538 47769 6
TICK ts_ns=1777216053463299268 pid=24362 tid=24429 comm=GC Thread#1 state=S cpus=0-3 vol=759 nonvol=41 sched=104973180 179903986 799
TICK ts_ns=1777216053463299268 pid=24362 tid=24431 comm=GC Thread#2 state=S cpus=0-3 vol=718 nonvol=86 sched=107826912 177940759 804
TICK ts_ns=1777216053463299268 pid=24362 tid=24432 comm=GC Thread#3 state=S cpus=0-3 vol=732 nonvol=31 sched=110758326 194823615 762
TICK ts_ns=1777216053463299268 pid=24362 tid=24475 comm=GC Thread#4 state=S cpus=0-3 vol=700 nonvol=32 sched=127041804 173104551 731
TICK ts_ns=1777216053463299268 pid=24362 tid=24514 comm=GC Thread#5 state=S cpus=0-3 vol=723 nonvol=36 sched=123672851 158096920 759
TICK ts_ns=1777216053463299268 pid=24362 tid=24515 comm=GC Thread#6 state=S cpus=0-3 vol=702 nonvol=190 sched=122857066 156480395 892
TICK ts_ns=1777216053463299268 pid=24362 tid=24539 comm=GC Thread#7 state=S cpus=0-3 vol=727 nonvol=96 sched=107926995 166461463 822
TICK ts_ns=1777216053463299268 pid=24362 tid=24598 comm=java state=S cpus=0-3 vol=5 nonvol=1 sched=614229 717846 6
TICK ts_ns=1777216053463299268 pid=24362 tid=24605 comm=G1 Conc#1 state=S cpus=0-3 vol=53 nonvol=126 sched=547846846 223850616 179
TICK ts_ns=1777216053463299268 pid=24362 tid=24612 comm=AWT-XAWT state=S cpus=0-3 vol=15666 nonvol=1076 sched=1173548032 2703030200 16712
TICK ts_ns=1777216053463299268 pid=24362 tid=24616 comm=AWT-Shutdown state=S cpus=0-3 vol=9 nonvol=0 sched=659311 319614 9
TICK ts_ns=1777216053463299268 pid=24362 tid=24617 comm=AWT-EventQueue- state=S cpus=0-3 vol=2811 nonvol=1041 sched=2237551405 762036257 3846
TICK ts_ns=1777216053463299268 pid=24362 tid=24637 comm=Java2D Disposer state=S cpus=0-3 vol=22 nonvol=1 sched=6311230 2919077 23
TICK ts_ns=1777216053463299268 pid=24362 tid=24653 comm=TimerQueue state=S cpus=0-3 vol=222 nonvol=20 sched=28564532 38620307 241
TICK ts_ns=1777216053463299268 pid=24362 tid=24674 comm=logback-1 state=S cpus=0-3 vol=3 nonvol=1 sched=11873541 1385692 4
TICK ts_ns=1777216053463299268 pid=24362 tid=24749 comm=OkHttp static.r state=S cpus=0-3 vol=11 nonvol=3 sched=3238614 2406921 14
TICK ts_ns=1777216053463299268 pid=24362 tid=24750 comm=OkHttp static.r state=S cpus=0-3 vol=19 nonvol=17 sched=26518307 6214538 36
TICK ts_ns=1777216053463299268 pid=24362 tid=24751 comm=OkHttp Connecti state=S cpus=0-3 vol=11 nonvol=0 sched=793387 0 11
TICK ts_ns=1777216053463299268 pid=24362 tid=24976 comm=pool-2-thread-1 state=S cpus=0-3 vol=587 nonvol=174 sched=216079779 88639931 754
TICK ts_ns=1777216053463299268 pid=24362 tid=25028 comm=Thread-1 state=S cpus=0-3 vol=19 nonvol=5 sched=3691616 1254922 24
TICK ts_ns=1777216053463299268 pid=24362 tid=25029 comm=Client state=R cpus=0-3 vol=59762 nonvol=22311 sched=27373661960 8918789367 82089
TICK ts_ns=1777216053463299268 pid=24362 tid=25035 comm=Thread-3 state=S cpus=0-3 vol=16 nonvol=14 sched=16149386 18778694 29
TICK ts_ns=1777216053463299268 pid=24362 tid=25320 comm=cache io state=S cpus=0-3 vol=2635 nonvol=579 sched=1006273066 285196020 3208
TICK ts_ns=1777216053463299268 pid=24362 tid=25405 comm=pool-4-thread-1 state=S cpus=0-3 vol=81 nonvol=17 sched=16004146 5937920 98
TICK ts_ns=1777216053463299268 pid=24362 tid=25436 comm=Java Sound Even state=S cpus=0-3 vol=2 nonvol=0 sched=211230 0 2
TICK ts_ns=1777216053463299268 pid=24362 tid=25437 comm=threaded-ml state=S cpus=0-3 vol=8379 nonvol=1619 sched=1174460777 1088292070 9988
TICK ts_ns=1777216053463299268 pid=24362 tid=25438 comm=Sound Engine state=S cpus=0-3 vol=9317 nonvol=993 sched=1706925755 1203830933 10290
TICK ts_ns=1777216053463299268 pid=24362 tid=25445 comm=java:disk$0 state=S cpus=0-3 vol=1 nonvol=0 sched=198230 20923 1
TICK ts_ns=1777216053463299268 pid=24362 tid=25529 comm=Thread-7 state=S cpus=0-3 vol=5333 nonvol=2228 sched=633695571 756584470 7550
TICK ts_ns=1777216053463299268 pid=24362 tid=25530 comm=Thread-8 state=S cpus=0-3 vol=865 nonvol=388 sched=130377531 213528239 1251
TICK ts_ns=1777216053463299268 pid=24362 tid=27348 comm=Thread-9 state=S cpus=0-3 vol=3300 nonvol=90 sched=150994826 322087085 3381
TICK ts_ns=1777216053463299268 pid=24362 tid=29400 comm=tokenRequest-re state=S cpus=0-3 vol=23 nonvol=52 sched=58774391 48581763 75
TICK ts_ns=1777216053463299268 pid=24362 tid=29469 comm=Thread-10 state=S cpus=0-3 vol=116 nonvol=20 sched=7410917 16208384 137
TICK ts_ns=1777216053463299268 pid=24362 tid=29471 comm=Thread-11 state=S cpus=0-3 vol=79 nonvol=66 sched=18972995 28317772 145
TICK ts_ns=1777216053463299268 pid=24362 tid=30154 comm=Map Loader state=S cpus=0-3 vol=38 nonvol=732 sched=1788449153 748510157 769
TICK ts_ns=1777216053463299268 pid=24362 tid=30519 comm=crmsession-rest state=S cpus=0-3 vol=13 nonvol=19 sched=13279469 13526614 32
TICK ts_ns=1777216053463299268 pid=24139 tid=24139 comm=virgl_test_serv state=S cpus=0-3 vol=27 nonvol=23 sched=12235460 2971692 50
GPU_BUSY ts_ns=1777216053463299268 path=/sys/kernel/gpu/gpu_busy val=0 %
TICK ts_ns=1777216059767067268 pid=24362 tid=24362 comm=java state=S cpus=0-3 vol=3 nonvol=1 sched=11857539 190077 4
TICK ts_ns=1777216059767067268 pid=24362 tid=24365 comm=java state=S cpus=0-3 vol=2382 nonvol=440 sched=1991304921 58283012 2822
TICK ts_ns=1777216059767067268 pid=24362 tid=24369 comm=GC Thread#0 state=S cpus=0-3 vol=726 nonvol=174 sched=129891087 208511996 900
TICK ts_ns=1777216059767067268 pid=24362 tid=24370 comm=G1 Main Marker state=S cpus=0-3 vol=69 nonvol=1 sched=5778930 25961230 70
TICK ts_ns=1777216059767067268 pid=24362 tid=24371 comm=G1 Conc#0 state=S cpus=0-3 vol=58 nonvol=127 sched=519852841 259758991 185
TICK ts_ns=1777216059767067268 pid=24362 tid=24373 comm=G1 Refine#0 state=S cpus=0-3 vol=1332 nonvol=88 sched=154372557 239671845 1414
TICK ts_ns=1777216059767067268 pid=24362 tid=24374 comm=G1 Service state=S cpus=0-3 vol=171 nonvol=6 sched=10544850 28733609 177
TICK ts_ns=1777216059767067268 pid=24362 tid=24375 comm=VM Periodic Tas state=S cpus=0-3 vol=2038 nonvol=68 sched=96251339 226395442 2094
TICK ts_ns=1777216059767067268 pid=24362 tid=24379 comm=VM Thread state=S cpus=0-3 vol=564 nonvol=105 sched=120660714 42667524 669
TICK ts_ns=1777216059767067268 pid=24362 tid=24382 comm=Reference Handl state=S cpus=0-3 vol=43 nonvol=2 sched=7176461 6800535 45
TICK ts_ns=1777216059767067268 pid=24362 tid=24383 comm=Finalizer state=S cpus=0-3 vol=11 nonvol=0 sched=1245769 961848 11
TICK ts_ns=1777216059767067268 pid=24362 tid=24384 comm=Signal Dispatch state=S cpus=0-3 vol=2 nonvol=0 sched=184845 0 2
TICK ts_ns=1777216059767067268 pid=24362 tid=24385 comm=Service Thread state=S cpus=0-3 vol=53 nonvol=3 sched=7201612 8748772 56
TICK ts_ns=1777216059767067268 pid=24362 tid=24386 comm=Monitor Deflati state=S cpus=0-3 vol=410 nonvol=9 sched=16399680 32604159 415
TICK ts_ns=1777216059767067268 pid=24362 tid=24387 comm=C2 CompilerThre state=S cpus=0-3 vol=4901 nonvol=4485 sched=28993149782 2692365311 9379
TICK ts_ns=1777216059767067268 pid=24362 tid=24389 comm=C1 CompilerThre state=S cpus=0-3 vol=6747 nonvol=2274 sched=7209482162 2584533026 9016
TICK ts_ns=1777216059767067268 pid=24362 tid=24395 comm=Notification Th state=S cpus=0-3 vol=2 nonvol=0 sched=199076 0 2
TICK ts_ns=1777216059767067268 pid=24362 tid=24398 comm=Common-Cleaner state=S cpus=0-3 vol=6 nonvol=0 sched=931538 47769 6
TICK ts_ns=1777216059767067268 pid=24362 tid=24429 comm=GC Thread#1 state=S cpus=0-3 vol=759 nonvol=41 sched=104973180 179903986 799
TICK ts_ns=1777216059767067268 pid=24362 tid=24431 comm=GC Thread#2 state=S cpus=0-3 vol=718 nonvol=86 sched=107826912 177940759 804
TICK ts_ns=1777216059767067268 pid=24362 tid=24432 comm=GC Thread#3 state=S cpus=0-3 vol=732 nonvol=31 sched=110758326 194823615 762
TICK ts_ns=1777216059767067268 pid=24362 tid=24475 comm=GC Thread#4 state=S cpus=0-3 vol=700 nonvol=32 sched=127041804 173104551 731
TICK ts_ns=1777216059767067268 pid=24362 tid=24514 comm=GC Thread#5 state=S cpus=0-3 vol=723 nonvol=36 sched=123672851 158096920 759
TICK ts_ns=1777216059767067268 pid=24362 tid=24515 comm=GC Thread#6 state=S cpus=0-3 vol=702 nonvol=190 sched=122857066 156480395 892
TICK ts_ns=1777216059767067268 pid=24362 tid=24539 comm=GC Thread#7 state=S cpus=0-3 vol=727 nonvol=96 sched=107926995 166461463 822
TICK ts_ns=1777216059767067268 pid=24362 tid=24598 comm=java state=S cpus=0-3 vol=5 nonvol=1 sched=614229 717846 6
TICK ts_ns=1777216059767067268 pid=24362 tid=24605 comm=G1 Conc#1 state=S cpus=0-3 vol=53 nonvol=126 sched=547846846 223850616 179
TICK ts_ns=1777216059767067268 pid=24362 tid=24612 comm=AWT-XAWT state=S cpus=0-3 vol=15859 nonvol=1086 sched=1189774801 2782618518 16912
TICK ts_ns=1777216059767067268 pid=24362 tid=24616 comm=AWT-Shutdown state=S cpus=0-3 vol=9 nonvol=0 sched=659311 319614 9
TICK ts_ns=1777216059767067268 pid=24362 tid=24617 comm=AWT-EventQueue- state=S cpus=0-3 vol=2816 nonvol=1043 sched=2240540480 765328105 3853
TICK ts_ns=1777216059767067268 pid=24362 tid=24637 comm=Java2D Disposer state=S cpus=0-3 vol=22 nonvol=1 sched=6311230 2919077 23
TICK ts_ns=1777216059767067268 pid=24362 tid=24653 comm=TimerQueue state=S cpus=0-3 vol=222 nonvol=20 sched=28564532 38620307 241
TICK ts_ns=1777216059767067268 pid=24362 tid=24674 comm=logback-1 state=S cpus=0-3 vol=3 nonvol=1 sched=11873541 1385692 4
TICK ts_ns=1777216059767067268 pid=24362 tid=24749 comm=OkHttp static.r state=S cpus=0-3 vol=11 nonvol=3 sched=3238614 2406921 14
TICK ts_ns=1777216059767067268 pid=24362 tid=24750 comm=OkHttp static.r state=S cpus=0-3 vol=19 nonvol=17 sched=26518307 6214538 36
TICK ts_ns=1777216059767067268 pid=24362 tid=24751 comm=OkHttp Connecti state=S cpus=0-3 vol=11 nonvol=0 sched=793387 0 11
TICK ts_ns=1777216059767067268 pid=24362 tid=24976 comm=pool-2-thread-1 state=S cpus=0-3 vol=618 nonvol=174 sched=219139402 92225622 786
TICK ts_ns=1777216059767067268 pid=24362 tid=25028 comm=Thread-1 state=S cpus=0-3 vol=19 nonvol=5 sched=3691616 1254922 24
TICK ts_ns=1777216059767067268 pid=24362 tid=25029 comm=Client state=R cpus=0-3 vol=63650 nonvol=23382 sched=29247279605 9320714777 87031
TICK ts_ns=1777216059767067268 pid=24362 tid=25035 comm=Thread-3 state=S cpus=0-3 vol=16 nonvol=14 sched=16149386 18778694 29
TICK ts_ns=1777216059767067268 pid=24362 tid=25320 comm=cache io state=S cpus=0-3 vol=2761 nonvol=589 sched=1018147674 293936177 3345
TICK ts_ns=1777216059767067268 pid=24362 tid=25405 comm=pool-4-thread-1 state=S cpus=0-3 vol=88 nonvol=17 sched=16710455 6156997 105
TICK ts_ns=1777216059767067268 pid=24362 tid=25436 comm=Java Sound Even state=S cpus=0-3 vol=2 nonvol=0 sched=211230 0 2
TICK ts_ns=1777216059767067268 pid=24362 tid=25437 comm=threaded-ml state=S cpus=0-3 vol=8972 nonvol=1740 sched=1257467217 1156581392 10700
TICK ts_ns=1777216059767067268 pid=24362 tid=25438 comm=Sound Engine state=S cpus=0-3 vol=9955 nonvol=1045 sched=1799535691 1268160104 10973
TICK ts_ns=1777216059767067268 pid=24362 tid=25445 comm=java:disk$0 state=S cpus=0-3 vol=1 nonvol=0 sched=198230 20923 1
TICK ts_ns=1777216059767067268 pid=24362 tid=25529 comm=Thread-7 state=S cpus=0-3 vol=5561 nonvol=2370 sched=668887493 795618781 7918
TICK ts_ns=1777216059767067268 pid=24362 tid=25530 comm=Thread-8 state=S cpus=0-3 vol=867 nonvol=390 sched=130845760 213767008 1255
TICK ts_ns=1777216059767067268 pid=24362 tid=27348 comm=Thread-9 state=S cpus=0-3 vol=3552 nonvol=103 sched=164837829 351754693 3642
TICK ts_ns=1777216059767067268 pid=24362 tid=29400 comm=tokenRequest-re state=S cpus=0-3 vol=23 nonvol=52 sched=58774391 48581763 75
TICK ts_ns=1777216059767067268 pid=24362 tid=29469 comm=Thread-10 state=S cpus=0-3 vol=127 nonvol=20 sched=7788455 17467230 147
TICK ts_ns=1777216059767067268 pid=24362 tid=29471 comm=Thread-11 state=S cpus=0-3 vol=86 nonvol=72 sched=20658612 29702462 158
TICK ts_ns=1777216059767067268 pid=24362 tid=30154 comm=Map Loader state=S cpus=0-3 vol=38 nonvol=732 sched=1788449153 748510157 769
TICK ts_ns=1777216059767067268 pid=24362 tid=30519 comm=crmsession-rest state=S cpus=0-3 vol=13 nonvol=19 sched=13279469 13526614 32
TICK ts_ns=1777216059767067268 pid=24139 tid=24139 comm=virgl_test_serv state=S cpus=0-3 vol=27 nonvol=23 sched=12235460 2971692 50
GPU_BUSY ts_ns=1777216059767067268 path=/sys/kernel/gpu/gpu_busy val=12 %
TICK ts_ns=1777216066064966038 pid=24362 tid=24362 comm=java state=S cpus=0-3 vol=3 nonvol=1 sched=11857539 190077 4
TICK ts_ns=1777216066064966038 pid=24362 tid=24365 comm=java state=S cpus=0-3 vol=2382 nonvol=440 sched=1991304921 58283012 2822
TICK ts_ns=1777216066064966038 pid=24362 tid=24369 comm=GC Thread#0 state=S cpus=0-3 vol=726 nonvol=174 sched=129891087 208511996 900
TICK ts_ns=1777216066064966038 pid=24362 tid=24370 comm=G1 Main Marker state=S cpus=0-3 vol=69 nonvol=1 sched=5778930 25961230 70
TICK ts_ns=1777216066064966038 pid=24362 tid=24371 comm=G1 Conc#0 state=S cpus=0-3 vol=58 nonvol=127 sched=519852841 259758991 185
TICK ts_ns=1777216066064966038 pid=24362 tid=24373 comm=G1 Refine#0 state=S cpus=0-3 vol=1364 nonvol=90 sched=156684405 244404539 1448
TICK ts_ns=1777216066064966038 pid=24362 tid=24374 comm=G1 Service state=S cpus=0-3 vol=177 nonvol=6 sched=10978464 31250225 183
TICK ts_ns=1777216066064966038 pid=24362 tid=24375 comm=VM Periodic Tas state=S cpus=0-3 vol=2164 nonvol=72 sched=101940491 236563136 2224
TICK ts_ns=1777216066064966038 pid=24362 tid=24379 comm=VM Thread state=S cpus=0-3 vol=571 nonvol=105 sched=121176942 43465755 676
TICK ts_ns=1777216066064966038 pid=24362 tid=24382 comm=Reference Handl state=S cpus=0-3 vol=43 nonvol=2 sched=7176461 6800535 45
TICK ts_ns=1777216066064966038 pid=24362 tid=24383 comm=Finalizer state=S cpus=0-3 vol=11 nonvol=0 sched=1245769 961848 11
TICK ts_ns=1777216066064966038 pid=24362 tid=24384 comm=Signal Dispatch state=S cpus=0-3 vol=2 nonvol=0 sched=184845 0 2
TICK ts_ns=1777216066064966038 pid=24362 tid=24385 comm=Service Thread state=S cpus=0-3 vol=53 nonvol=3 sched=7201612 8748772 56
TICK ts_ns=1777216066064966038 pid=24362 tid=24386 comm=Monitor Deflati state=S cpus=0-3 vol=435 nonvol=9 sched=17521908 34643930 439
TICK ts_ns=1777216066064966038 pid=24362 tid=24387 comm=C2 CompilerThre state=S cpus=0-3 vol=4928 nonvol=4519 sched=29238125010 2704780775 9440
TICK ts_ns=1777216066064966038 pid=24362 tid=24389 comm=C1 CompilerThre state=S cpus=0-3 vol=6777 nonvol=2278 sched=7220004084 2594233101 9045
TICK ts_ns=1777216066064966038 pid=24362 tid=24395 comm=Notification Th state=S cpus=0-3 vol=2 nonvol=0 sched=199076 0 2
TICK ts_ns=1777216066064966038 pid=24362 tid=24398 comm=Common-Cleaner state=S cpus=0-3 vol=6 nonvol=0 sched=931538 47769 6
TICK ts_ns=1777216066064966038 pid=24362 tid=24429 comm=GC Thread#1 state=S cpus=0-3 vol=759 nonvol=41 sched=104973180 179903986 799
TICK ts_ns=1777216066064966038 pid=24362 tid=24431 comm=GC Thread#2 state=S cpus=0-3 vol=718 nonvol=86 sched=107826912 177940759 804
TICK ts_ns=1777216066064966038 pid=24362 tid=24432 comm=GC Thread#3 state=S cpus=0-3 vol=732 nonvol=31 sched=110758326 194823615 762
TICK ts_ns=1777216066064966038 pid=24362 tid=24475 comm=GC Thread#4 state=S cpus=0-3 vol=700 nonvol=32 sched=127041804 173104551 731
TICK ts_ns=1777216066064966038 pid=24362 tid=24514 comm=GC Thread#5 state=S cpus=0-3 vol=723 nonvol=36 sched=123672851 158096920 759
TICK ts_ns=1777216066064966038 pid=24362 tid=24515 comm=GC Thread#6 state=S cpus=0-3 vol=702 nonvol=190 sched=122857066 156480395 892
TICK ts_ns=1777216066064966038 pid=24362 tid=24539 comm=GC Thread#7 state=S cpus=0-3 vol=727 nonvol=96 sched=107926995 166461463 822
TICK ts_ns=1777216066064966038 pid=24362 tid=24598 comm=java state=S cpus=0-3 vol=5 nonvol=1 sched=614229 717846 6
TICK ts_ns=1777216066064966038 pid=24362 tid=24605 comm=G1 Conc#1 state=S cpus=0-3 vol=53 nonvol=126 sched=547846846 223850616 179
TICK ts_ns=1777216066064966038 pid=24362 tid=24612 comm=AWT-XAWT state=S cpus=0-3 vol=16047 nonvol=1101 sched=1205210175 2857981058 17114
TICK ts_ns=1777216066064966038 pid=24362 tid=24616 comm=AWT-Shutdown state=S cpus=0-3 vol=9 nonvol=0 sched=659311 319614 9
TICK ts_ns=1777216066064966038 pid=24362 tid=24617 comm=AWT-EventQueue- state=S cpus=0-3 vol=2821 nonvol=1044 sched=2243541018 765669874 3859
TICK ts_ns=1777216066064966038 pid=24362 tid=24637 comm=Java2D Disposer state=S cpus=0-3 vol=22 nonvol=1 sched=6311230 2919077 23
TICK ts_ns=1777216066064966038 pid=24362 tid=24653 comm=TimerQueue state=S cpus=0-3 vol=222 nonvol=20 sched=28564532 38620307 241
TICK ts_ns=1777216066064966038 pid=24362 tid=24674 comm=logback-1 state=S cpus=0-3 vol=3 nonvol=1 sched=11873541 1385692 4
TICK ts_ns=1777216066064966038 pid=24362 tid=24749 comm=OkHttp static.r state=S cpus=0-3 vol=11 nonvol=3 sched=3238614 2406921 14
TICK ts_ns=1777216066064966038 pid=24362 tid=24750 comm=OkHttp static.r state=S cpus=0-3 vol=19 nonvol=17 sched=26518307 6214538 36
TICK ts_ns=1777216066064966038 pid=24362 tid=24751 comm=OkHttp Connecti state=S cpus=0-3 vol=11 nonvol=0 sched=793387 0 11
TICK ts_ns=1777216066064966038 pid=24362 tid=24976 comm=pool-2-thread-1 state=S cpus=0-3 vol=651 nonvol=178 sched=222254939 94437851 823
TICK ts_ns=1777216066064966038 pid=24362 tid=25028 comm=Thread-1 state=S cpus=0-3 vol=19 nonvol=5 sched=3691616 1254922 24
TICK ts_ns=1777216066064966038 pid=24362 tid=25029 comm=Client state=R cpus=0-3 vol=67289 nonvol=24582 sched=30979636946 9728447712 91878
TICK ts_ns=1777216066064966038 pid=24362 tid=25035 comm=Thread-3 state=S cpus=0-3 vol=16 nonvol=14 sched=16149386 18778694 29
TICK ts_ns=1777216066064966038 pid=24362 tid=25320 comm=cache io state=S cpus=0-3 vol=2885 nonvol=593 sched=1026664287 302339871 3473
TICK ts_ns=1777216066064966038 pid=24362 tid=25405 comm=pool-4-thread-1 state=S cpus=0-3 vol=94 nonvol=18 sched=17421534 6686073 112
TICK ts_ns=1777216066064966038 pid=24362 tid=25436 comm=Java Sound Even state=S cpus=0-3 vol=2 nonvol=0 sched=211230 0 2
TICK ts_ns=1777216066064966038 pid=24362 tid=25437 comm=threaded-ml state=S cpus=0-3 vol=9545 nonvol=1864 sched=1336120765 1223980997 11396
TICK ts_ns=1777216066064966038 pid=24362 tid=25438 comm=Sound Engine state=S cpus=0-3 vol=10576 nonvol=1094 sched=1887826614 1331353878 11643
TICK ts_ns=1777216066064966038 pid=24362 tid=25445 comm=java:disk$0 state=S cpus=0-3 vol=1 nonvol=0 sched=198230 20923 1
TICK ts_ns=1777216066064966038 pid=24362 tid=25529 comm=Thread-7 state=S cpus=0-3 vol=5772 nonvol=2496 sched=699382034 839004701 8254
TICK ts_ns=1777216066064966038 pid=24362 tid=25530 comm=Thread-8 state=S cpus=0-3 vol=869 nonvol=392 sched=131300065 213986471 1259
TICK ts_ns=1777216066064966038 pid=24362 tid=27348 comm=Thread-9 state=S cpus=0-3 vol=3798 nonvol=107 sched=176143143 384139921 3892
TICK ts_ns=1777216066064966038 pid=24362 tid=29400 comm=tokenRequest-re state=S cpus=0-3 vol=23 nonvol=52 sched=58774391 48581763 75
TICK ts_ns=1777216066064966038 pid=24362 tid=29469 comm=Thread-10 state=S cpus=0-3 vol=137 nonvol=21 sched=8441685 18435615 158
TICK ts_ns=1777216066064966038 pid=24362 tid=29471 comm=Thread-11 state=S cpus=0-3 vol=93 nonvol=78 sched=22240382 31159462 171
TICK ts_ns=1777216066064966038 pid=24362 tid=30154 comm=Map Loader state=S cpus=0-3 vol=38 nonvol=732 sched=1788449153 748510157 769
TICK ts_ns=1777216066064966038 pid=24362 tid=30519 comm=crmsession-rest state=S cpus=0-3 vol=13 nonvol=19 sched=13279469 13526614 32
TICK ts_ns=1777216066064966038 pid=24139 tid=24139 comm=virgl_test_serv state=S cpus=0-3 vol=27 nonvol=23 sched=12235460 2971692 50
GPU_BUSY ts_ns=1777216066064966038 path=/sys/kernel/gpu/gpu_busy val=0 %
TICK ts_ns=1777216072301470654 pid=24362 tid=24362 comm=java state=S cpus=0-3 vol=3 nonvol=1 sched=11857539 190077 4
TICK ts_ns=1777216072301470654 pid=24362 tid=24365 comm=java state=S cpus=0-3 vol=2382 nonvol=440 sched=1991304921 58283012 2822
TICK ts_ns=1777216072301470654 pid=24362 tid=24369 comm=GC Thread#0 state=S cpus=0-3 vol=726 nonvol=174 sched=129891087 208511996 900
TICK ts_ns=1777216072301470654 pid=24362 tid=24370 comm=G1 Main Marker state=S cpus=0-3 vol=69 nonvol=1 sched=5778930 25961230 70
TICK ts_ns=1777216072301470654 pid=24362 tid=24371 comm=G1 Conc#0 state=S cpus=0-3 vol=58 nonvol=127 sched=519852841 259758991 185
TICK ts_ns=1777216072301470654 pid=24362 tid=24373 comm=G1 Refine#0 state=S cpus=0-3 vol=1398 nonvol=92 sched=159208945 247161925 1484
TICK ts_ns=1777216072301470654 pid=24362 tid=24374 comm=G1 Service state=S cpus=0-3 vol=183 nonvol=6 sched=11248925 34802686 189
TICK ts_ns=1777216072301470654 pid=24362 tid=24375 comm=VM Periodic Tas state=S cpus=0-3 vol=2289 nonvol=80 sched=107979875 249721287 2358
TICK ts_ns=1777216072301470654 pid=24362 tid=24379 comm=VM Thread state=S cpus=0-3 vol=578 nonvol=105 sched=121949634 43829215 684
TICK ts_ns=1777216072301470654 pid=24362 tid=24382 comm=Reference Handl state=S cpus=0-3 vol=43 nonvol=2 sched=7176461 6800535 45
TICK ts_ns=1777216072301470654 pid=24362 tid=24383 comm=Finalizer state=S cpus=0-3 vol=11 nonvol=0 sched=1245769 961848 11
TICK ts_ns=1777216072301470654 pid=24362 tid=24384 comm=Signal Dispatch state=S cpus=0-3 vol=2 nonvol=0 sched=184845 0 2
TICK ts_ns=1777216072301470654 pid=24362 tid=24385 comm=Service Thread state=S cpus=0-3 vol=53 nonvol=3 sched=7201612 8748772 56
TICK ts_ns=1777216072301470654 pid=24362 tid=24386 comm=Monitor Deflati state=S cpus=0-3 vol=460 nonvol=10 sched=18690909 37397546 465
TICK ts_ns=1777216072301470654 pid=24362 tid=24387 comm=C2 CompilerThre state=S cpus=0-3 vol=4949 nonvol=4533 sched=29360215621 2707317774 9475
TICK ts_ns=1777216072301470654 pid=24362 tid=24389 comm=C1 CompilerThre state=S cpus=0-3 vol=6804 nonvol=2284 sched=7239260310 2603240024 9078
TICK ts_ns=1777216072301470654 pid=24362 tid=24395 comm=Notification Th state=S cpus=0-3 vol=2 nonvol=0 sched=199076 0 2
TICK ts_ns=1777216072301470654 pid=24362 tid=24398 comm=Common-Cleaner state=S cpus=0-3 vol=6 nonvol=0 sched=931538 47769 6
TICK ts_ns=1777216072301470654 pid=24362 tid=24429 comm=GC Thread#1 state=S cpus=0-3 vol=759 nonvol=41 sched=104973180 179903986 799
TICK ts_ns=1777216072301470654 pid=24362 tid=24431 comm=GC Thread#2 state=S cpus=0-3 vol=718 nonvol=86 sched=107826912 177940759 804
TICK ts_ns=1777216072301470654 pid=24362 tid=24432 comm=GC Thread#3 state=S cpus=0-3 vol=732 nonvol=31 sched=110758326 194823615 762
TICK ts_ns=1777216072301470654 pid=24362 tid=24475 comm=GC Thread#4 state=S cpus=0-3 vol=700 nonvol=32 sched=127041804 173104551 731
TICK ts_ns=1777216072301470654 pid=24362 tid=24514 comm=GC Thread#5 state=S cpus=0-3 vol=723 nonvol=36 sched=123672851 158096920 759
TICK ts_ns=1777216072301470654 pid=24362 tid=24515 comm=GC Thread#6 state=S cpus=0-3 vol=702 nonvol=190 sched=122857066 156480395 892
TICK ts_ns=1777216072301470654 pid=24362 tid=24539 comm=GC Thread#7 state=S cpus=0-3 vol=727 nonvol=96 sched=107926995 166461463 822
TICK ts_ns=1777216072301470654 pid=24362 tid=24598 comm=java state=S cpus=0-3 vol=5 nonvol=1 sched=614229 717846 6
TICK ts_ns=1777216072301470654 pid=24362 tid=24605 comm=G1 Conc#1 state=S cpus=0-3 vol=53 nonvol=126 sched=547846846 223850616 179
TICK ts_ns=1777216072301470654 pid=24362 tid=24612 comm=AWT-XAWT state=S cpus=0-3 vol=16236 nonvol=1111 sched=1220476861 2919579053 17312
TICK ts_ns=1777216072301470654 pid=24362 tid=24616 comm=AWT-Shutdown state=S cpus=0-3 vol=9 nonvol=0 sched=659311 319614 9
TICK ts_ns=1777216072301470654 pid=24362 tid=24617 comm=AWT-EventQueue- state=S cpus=0-3 vol=2827 nonvol=1045 sched=2246042940 765947874 3866
TICK ts_ns=1777216072301470654 pid=24362 tid=24637 comm=Java2D Disposer state=S cpus=0-3 vol=22 nonvol=1 sched=6311230 2919077 23
TICK ts_ns=1777216072301470654 pid=24362 tid=24653 comm=TimerQueue state=S cpus=0-3 vol=222 nonvol=20 sched=28564532 38620307 241
TICK ts_ns=1777216072301470654 pid=24362 tid=24674 comm=logback-1 state=S cpus=0-3 vol=3 nonvol=1 sched=11873541 1385692 4
TICK ts_ns=1777216072301470654 pid=24362 tid=24749 comm=OkHttp static.r state=S cpus=0-3 vol=11 nonvol=3 sched=3238614 2406921 14
TICK ts_ns=1777216072301470654 pid=24362 tid=24750 comm=OkHttp static.r state=S cpus=0-3 vol=19 nonvol=17 sched=26518307 6214538 36
TICK ts_ns=1777216072301470654 pid=24362 tid=24751 comm=OkHttp Connecti state=S cpus=0-3 vol=11 nonvol=0 sched=793387 0 11
TICK ts_ns=1777216072301470654 pid=24362 tid=24976 comm=pool-2-thread-1 state=S cpus=0-3 vol=683 nonvol=182 sched=225651169 96158699 859
TICK ts_ns=1777216072301470654 pid=24362 tid=25028 comm=Thread-1 state=S cpus=0-3 vol=19 nonvol=5 sched=3691616 1254922 24
TICK ts_ns=1777216072301470654 pid=24362 tid=25029 comm=Client state=S cpus=0-3 vol=71110 nonvol=25666 sched=32705817461 10158352432 96784
TICK ts_ns=1777216072301470654 pid=24362 tid=25035 comm=Thread-3 state=S cpus=0-3 vol=16 nonvol=14 sched=16149386 18778694 29
TICK ts_ns=1777216072301470654 pid=24362 tid=25320 comm=cache io state=S cpus=0-3 vol=3009 nonvol=597 sched=1037648365 318386953 3599
TICK ts_ns=1777216072301470654 pid=24362 tid=25405 comm=pool-4-thread-1 state=S cpus=0-3 vol=100 nonvol=18 sched=17995381 7055150 118
TICK ts_ns=1777216072301470654 pid=24362 tid=25436 comm=Java Sound Even state=S cpus=0-3 vol=2 nonvol=0 sched=211230 0 2
TICK ts_ns=1777216072301470654 pid=24362 tid=25437 comm=threaded-ml state=S cpus=0-3 vol=10126 nonvol=1971 sched=1413788871 1279918226 12079
TICK ts_ns=1777216072301470654 pid=24362 tid=25438 comm=Sound Engine state=S cpus=0-3 vol=11199 nonvol=1147 sched=1975927305 1388285874 12314
TICK ts_ns=1777216072301470654 pid=24362 tid=25445 comm=java:disk$0 state=S cpus=0-3 vol=1 nonvol=0 sched=198230 20923 1
TICK ts_ns=1777216072301470654 pid=24362 tid=25529 comm=Thread-7 state=S cpus=0-3 vol=5980 nonvol=2636 sched=729852412 889527702 8604
TICK ts_ns=1777216072301470654 pid=24362 tid=25530 comm=Thread-8 state=S cpus=0-3 vol=869 nonvol=392 sched=131300065 213986471 1259
TICK ts_ns=1777216072301470654 pid=24362 tid=27348 comm=Thread-9 state=S cpus=0-3 vol=4042 nonvol=122 sched=187533442 410847159 4149
TICK ts_ns=1777216072301470654 pid=24362 tid=29400 comm=tokenRequest-re state=S cpus=0-3 vol=23 nonvol=52 sched=58774391 48581763 75
TICK ts_ns=1777216072301470654 pid=24362 tid=29469 comm=Thread-10 state=S cpus=0-3 vol=148 nonvol=22 sched=9085839 19692460 170
TICK ts_ns=1777216072301470654 pid=24362 tid=29471 comm=Thread-11 state=S cpus=0-3 vol=99 nonvol=81 sched=23652304 32023616 180
TICK ts_ns=1777216072301470654 pid=24362 tid=30154 comm=Map Loader state=S cpus=0-3 vol=38 nonvol=732 sched=1788449153 748510157 769
TICK ts_ns=1777216072301470654 pid=24362 tid=30519 comm=crmsession-rest state=S cpus=0-3 vol=13 nonvol=19 sched=13279469 13526614 32
TICK ts_ns=1777216072301470654 pid=24139 tid=24139 comm=virgl_test_serv state=S cpus=0-3 vol=27 nonvol=23 sched=12235460 2971692 50
GPU_BUSY ts_ns=1777216072301470654 path=/sys/kernel/gpu/gpu_busy val=0 %
TICK ts_ns=1777216078473239270 pid=24362 tid=24362 comm=java state=S cpus=0-3 vol=3 nonvol=1 sched=11857539 190077 4
TICK ts_ns=1777216078473239270 pid=24362 tid=24365 comm=java state=S cpus=0-3 vol=2382 nonvol=440 sched=1991304921 58283012 2822
TICK ts_ns=1777216078473239270 pid=24362 tid=24369 comm=GC Thread#0 state=S cpus=0-3 vol=726 nonvol=174 sched=129891087 208511996 900
TICK ts_ns=1777216078473239270 pid=24362 tid=24370 comm=G1 Main Marker state=S cpus=0-3 vol=69 nonvol=1 sched=5778930 25961230 70
TICK ts_ns=1777216078473239270 pid=24362 tid=24371 comm=G1 Conc#0 state=S cpus=0-3 vol=58 nonvol=127 sched=519852841 259758991 185
TICK ts_ns=1777216078473239270 pid=24362 tid=24373 comm=G1 Refine#0 state=S cpus=0-3 vol=1435 nonvol=94 sched=161913487 248252386 1523
TICK ts_ns=1777216078473239270 pid=24362 tid=24374 comm=G1 Service state=S cpus=0-3 vol=189 nonvol=6 sched=11647539 34802686 195
TICK ts_ns=1777216078473239270 pid=24362 tid=24375 comm=VM Periodic Tas state=S cpus=0-3 vol=2413 nonvol=81 sched=114061340 262566749 2483
TICK ts_ns=1777216078473239270 pid=24362 tid=24379 comm=VM Thread state=S cpus=0-3 vol=585 nonvol=105 sched=122138558 44135983 690
TICK ts_ns=1777216078473239270 pid=24362 tid=24382 comm=Reference Handl state=S cpus=0-3 vol=43 nonvol=2 sched=7176461 6800535 45
TICK ts_ns=1777216078473239270 pid=24362 tid=24383 comm=Finalizer state=S cpus=0-3 vol=11 nonvol=0 sched=1245769 961848 11
TICK ts_ns=1777216078473239270 pid=24362 tid=24384 comm=Signal Dispatch state=S cpus=0-3 vol=2 nonvol=0 sched=184845 0 2
TICK ts_ns=1777216078473239270 pid=24362 tid=24385 comm=Service Thread state=S cpus=0-3 vol=53 nonvol=3 sched=7201612 8748772 56
TICK ts_ns=1777216078473239270 pid=24362 tid=24386 comm=Monitor Deflati state=S cpus=0-3 vol=487 nonvol=10 sched=19781297 39001930 492
TICK ts_ns=1777216078473239270 pid=24362 tid=24387 comm=C2 CompilerThre state=S cpus=0-3 vol=4967 nonvol=4551 sched=29435149774 2715245158 9511
TICK ts_ns=1777216078473239270 pid=24362 tid=24389 comm=C1 CompilerThre state=S cpus=0-3 vol=6821 nonvol=2295 sched=7282420394 2612650945 9107
TICK ts_ns=1777216078473239270 pid=24362 tid=24395 comm=Notification Th state=S cpus=0-3 vol=2 nonvol=0 sched=199076 0 2
TICK ts_ns=1777216078473239270 pid=24362 tid=24398 comm=Common-Cleaner state=S cpus=0-3 vol=6 nonvol=0 sched=931538 47769 6
TICK ts_ns=1777216078473239270 pid=24362 tid=24429 comm=GC Thread#1 state=S cpus=0-3 vol=759 nonvol=41 sched=104973180 179903986 799
TICK ts_ns=1777216078473239270 pid=24362 tid=24431 comm=GC Thread#2 state=S cpus=0-3 vol=718 nonvol=86 sched=107826912 177940759 804
TICK ts_ns=1777216078473239270 pid=24362 tid=24432 comm=GC Thread#3 state=S cpus=0-3 vol=732 nonvol=31 sched=110758326 194823615 762
TICK ts_ns=1777216078473239270 pid=24362 tid=24475 comm=GC Thread#4 state=S cpus=0-3 vol=700 nonvol=32 sched=127041804 173104551 731
TICK ts_ns=1777216078473239270 pid=24362 tid=24514 comm=GC Thread#5 state=S cpus=0-3 vol=723 nonvol=36 sched=123672851 158096920 759
TICK ts_ns=1777216078473239270 pid=24362 tid=24515 comm=GC Thread#6 state=S cpus=0-3 vol=702 nonvol=190 sched=122857066 156480395 892
TICK ts_ns=1777216078473239270 pid=24362 tid=24539 comm=GC Thread#7 state=S cpus=0-3 vol=727 nonvol=96 sched=107926995 166461463 822
TICK ts_ns=1777216078473239270 pid=24362 tid=24598 comm=java state=S cpus=0-3 vol=5 nonvol=1 sched=614229 717846 6
TICK ts_ns=1777216078473239270 pid=24362 tid=24605 comm=G1 Conc#1 state=S cpus=0-3 vol=53 nonvol=126 sched=547846846 223850616 179
TICK ts_ns=1777216078473239270 pid=24362 tid=24612 comm=AWT-XAWT state=S cpus=0-3 vol=16424 nonvol=1117 sched=1235658250 2998591050 17505
TICK ts_ns=1777216078473239270 pid=24362 tid=24616 comm=AWT-Shutdown state=S cpus=0-3 vol=9 nonvol=0 sched=659311 319614 9
TICK ts_ns=1777216078473239270 pid=24362 tid=24617 comm=AWT-EventQueue- state=S cpus=0-3 vol=2833 nonvol=1045 sched=2248436632 767281028 3872
TICK ts_ns=1777216078473239270 pid=24362 tid=24637 comm=Java2D Disposer state=S cpus=0-3 vol=22 nonvol=1 sched=6311230 2919077 23
TICK ts_ns=1777216078473239270 pid=24362 tid=24653 comm=TimerQueue state=S cpus=0-3 vol=222 nonvol=20 sched=28564532 38620307 241
TICK ts_ns=1777216078473239270 pid=24362 tid=24674 comm=logback-1 state=S cpus=0-3 vol=3 nonvol=1 sched=11873541 1385692 4
TICK ts_ns=1777216078473239270 pid=24362 tid=24749 comm=OkHttp static.r state=S cpus=0-3 vol=12 nonvol=4 sched=3889844 2667306 16
TICK ts_ns=1777216078473239270 pid=24362 tid=24750 comm=OkHttp static.r state=S cpus=0-3 vol=20 nonvol=18 sched=26821383 6434923 38
TICK ts_ns=1777216078473239270 pid=24362 tid=24751 comm=OkHttp Connecti state=S cpus=0-3 vol=11 nonvol=0 sched=793387 0 11
TICK ts_ns=1777216078473239270 pid=24362 tid=24976 comm=pool-2-thread-1 state=S cpus=0-3 vol=716 nonvol=184 sched=229082634 99339853 893
TICK ts_ns=1777216078473239270 pid=24362 tid=25028 comm=Thread-1 state=S cpus=0-3 vol=19 nonvol=5 sched=3691616 1254922 24
TICK ts_ns=1777216078473239270 pid=24362 tid=25029 comm=Client state=S cpus=0-3 vol=75012 nonvol=26892 sched=34421893449 10588357213 101915
TICK ts_ns=1777216078473239270 pid=24362 tid=25035 comm=Thread-3 state=S cpus=0-3 vol=16 nonvol=14 sched=16149386 18778694 29
TICK ts_ns=1777216078473239270 pid=24362 tid=25320 comm=cache io state=S cpus=0-3 vol=3133 nonvol=607 sched=1053698144 333886953 3733
TICK ts_ns=1777216078473239270 pid=24362 tid=25405 comm=pool-4-thread-1 state=S cpus=0-3 vol=106 nonvol=19 sched=18658072 7421227 124
TICK ts_ns=1777216078473239270 pid=24362 tid=25436 comm=Java Sound Even state=S cpus=0-3 vol=2 nonvol=0 sched=211230 0 2
TICK ts_ns=1777216078473239270 pid=24362 tid=25437 comm=threaded-ml state=S cpus=0-3 vol=10714 nonvol=2083 sched=1495801514 1358756458 12778
TICK ts_ns=1777216078473239270 pid=24362 tid=25438 comm=Sound Engine state=S cpus=0-3 vol=11827 nonvol=1202 sched=2069408004 1479529641 12992
TICK ts_ns=1777216078473239270 pid=24362 tid=25445 comm=java:disk$0 state=S cpus=0-3 vol=1 nonvol=0 sched=198230 20923 1
TICK ts_ns=1777216078473239270 pid=24362 tid=25529 comm=Thread-7 state=S cpus=0-3 vol=6206 nonvol=2740 sched=762103437 925512612 8933
TICK ts_ns=1777216078473239270 pid=24362 tid=25530 comm=Thread-8 state=S cpus=0-3 vol=871 nonvol=394 sched=131738680 214307779 1263
TICK ts_ns=1777216078473239270 pid=24362 tid=27348 comm=Thread-9 state=S cpus=0-3 vol=4290 nonvol=125 sched=200160138 440421081 4401
TICK ts_ns=1777216078473239270 pid=24362 tid=29400 comm=tokenRequest-re state=S cpus=0-3 vol=23 nonvol=52 sched=58774391 48581763 75
TICK ts_ns=1777216078473239270 pid=24362 tid=29469 comm=Thread-10 state=S cpus=0-3 vol=158 nonvol=24 sched=9621840 20706459 182
TICK ts_ns=1777216078473239270 pid=24362 tid=29471 comm=Thread-11 state=S cpus=0-3 vol=106 nonvol=85 sched=25220919 34644693 191
TICK ts_ns=1777216078473239270 pid=24362 tid=30154 comm=Map Loader state=S cpus=0-3 vol=38 nonvol=732 sched=1788449153 748510157 769
TICK ts_ns=1777216078473239270 pid=24362 tid=30519 comm=crmsession-rest state=S cpus=0-3 vol=13 nonvol=19 sched=13279469 13526614 32
TICK ts_ns=1777216078473239270 pid=24139 tid=24139 comm=virgl_test_serv state=S cpus=0-3 vol=27 nonvol=23 sched=12235460 2971692 50
GPU_BUSY ts_ns=1777216078473239270 path=/sys/kernel/gpu/gpu_busy val=16 %
TICK ts_ns=1777216084752082655 pid=24362 tid=24362 comm=java state=S cpus=0-3 vol=3 nonvol=1 sched=11857539 190077 4
TICK ts_ns=1777216084752082655 pid=24362 tid=24365 comm=java state=S cpus=0-3 vol=2382 nonvol=440 sched=1991304921 58283012 2822
TICK ts_ns=1777216084752082655 pid=24362 tid=24369 comm=GC Thread#0 state=S cpus=0-3 vol=726 nonvol=174 sched=129891087 208511996 900
TICK ts_ns=1777216084752082655 pid=24362 tid=24370 comm=G1 Main Marker state=S cpus=0-3 vol=69 nonvol=1 sched=5778930 25961230 70
TICK ts_ns=1777216084752082655 pid=24362 tid=24371 comm=G1 Conc#0 state=S cpus=0-3 vol=58 nonvol=127 sched=519852841 259758991 185
TICK ts_ns=1777216084752082655 pid=24362 tid=24373 comm=G1 Refine#0 state=S cpus=0-3 vol=1477 nonvol=95 sched=164958328 251910695 1566
TICK ts_ns=1777216084752082655 pid=24362 tid=24374 comm=G1 Service state=S cpus=0-3 vol=196 nonvol=6 sched=12153997 35733226 202
TICK ts_ns=1777216084752082655 pid=24362 tid=24375 comm=VM Periodic Tas state=S cpus=0-3 vol=2540 nonvol=86 sched=121109033 271807913 2614
TICK ts_ns=1777216084752082655 pid=24362 tid=24379 comm=VM Thread state=S cpus=0-3 vol=593 nonvol=106 sched=122615942 44429523 699
TICK ts_ns=1777216084752082655 pid=24362 tid=24382 comm=Reference Handl state=S cpus=0-3 vol=43 nonvol=2 sched=7176461 6800535 45
TICK ts_ns=1777216084752082655 pid=24362 tid=24383 comm=Finalizer state=S cpus=0-3 vol=11 nonvol=0 sched=1245769 961848 11
TICK ts_ns=1777216084752082655 pid=24362 tid=24384 comm=Signal Dispatch state=S cpus=0-3 vol=2 nonvol=0 sched=184845 0 2
TICK ts_ns=1777216084752082655 pid=24362 tid=24385 comm=Service Thread state=S cpus=0-3 vol=53 nonvol=3 sched=7201612 8748772 56
TICK ts_ns=1777216084752082655 pid=24362 tid=24386 comm=Monitor Deflati state=S cpus=0-3 vol=512 nonvol=11 sched=20779454 41142854 517
TICK ts_ns=1777216084752082655 pid=24362 tid=24387 comm=C2 CompilerThre state=R cpus=0-3 vol=4979 nonvol=4578 sched=29885444545 2732632924 9551
TICK ts_ns=1777216084752082655 pid=24362 tid=24389 comm=C1 CompilerThre state=S cpus=0-3 vol=6838 nonvol=2295 sched=7287320397 2615828869 9123
TICK ts_ns=1777216084752082655 pid=24362 tid=24395 comm=Notification Th state=S cpus=0-3 vol=2 nonvol=0 sched=199076 0 2
TICK ts_ns=1777216084752082655 pid=24362 tid=24398 comm=Common-Cleaner state=S cpus=0-3 vol=7 nonvol=0 sched=1053692 47769 7
TICK ts_ns=1777216084752082655 pid=24362 tid=24429 comm=GC Thread#1 state=S cpus=0-3 vol=759 nonvol=41 sched=104973180 179903986 799
TICK ts_ns=1777216084752082655 pid=24362 tid=24431 comm=GC Thread#2 state=S cpus=0-3 vol=718 nonvol=86 sched=107826912 177940759 804
TICK ts_ns=1777216084752082655 pid=24362 tid=24432 comm=GC Thread#3 state=S cpus=0-3 vol=732 nonvol=31 sched=110758326 194823615 762
TICK ts_ns=1777216084752082655 pid=24362 tid=24475 comm=GC Thread#4 state=S cpus=0-3 vol=700 nonvol=32 sched=127041804 173104551 731
TICK ts_ns=1777216084752082655 pid=24362 tid=24514 comm=GC Thread#5 state=S cpus=0-3 vol=723 nonvol=36 sched=123672851 158096920 759
TICK ts_ns=1777216084752082655 pid=24362 tid=24515 comm=GC Thread#6 state=S cpus=0-3 vol=702 nonvol=190 sched=122857066 156480395 892
TICK ts_ns=1777216084752082655 pid=24362 tid=24539 comm=GC Thread#7 state=S cpus=0-3 vol=727 nonvol=96 sched=107926995 166461463 822
TICK ts_ns=1777216084752082655 pid=24362 tid=24598 comm=java state=S cpus=0-3 vol=5 nonvol=1 sched=614229 717846 6
TICK ts_ns=1777216084752082655 pid=24362 tid=24605 comm=G1 Conc#1 state=S cpus=0-3 vol=53 nonvol=126 sched=547846846 223850616 179
TICK ts_ns=1777216084752082655 pid=24362 tid=24612 comm=AWT-XAWT state=S cpus=0-3 vol=16615 nonvol=1121 sched=1251023013 3088273894 17700
TICK ts_ns=1777216084752082655 pid=24362 tid=24616 comm=AWT-Shutdown state=S cpus=0-3 vol=9 nonvol=0 sched=659311 319614 9
TICK ts_ns=1777216084752082655 pid=24362 tid=24617 comm=AWT-EventQueue- state=S cpus=0-3 vol=2838 nonvol=1047 sched=2250846017 768579874 3879
TICK ts_ns=1777216084752082655 pid=24362 tid=24637 comm=Java2D Disposer state=S cpus=0-3 vol=22 nonvol=1 sched=6311230 2919077 23
TICK ts_ns=1777216084752082655 pid=24362 tid=24653 comm=TimerQueue state=S cpus=0-3 vol=222 nonvol=20 sched=28564532 38620307 241
TICK ts_ns=1777216084752082655 pid=24362 tid=24674 comm=logback-1 state=S cpus=0-3 vol=3 nonvol=1 sched=11873541 1385692 4
TICK ts_ns=1777216084752082655 pid=24362 tid=24749 comm=OkHttp static.r state=S cpus=0-3 vol=12 nonvol=4 sched=3889844 2667306 16
TICK ts_ns=1777216084752082655 pid=24362 tid=24750 comm=OkHttp static.r state=S cpus=0-3 vol=20 nonvol=18 sched=26821383 6434923 38
TICK ts_ns=1777216084752082655 pid=24362 tid=24751 comm=OkHttp Connecti state=S cpus=0-3 vol=11 nonvol=0 sched=793387 0 11
TICK ts_ns=1777216084752082655 pid=24362 tid=24976 comm=pool-2-thread-1 state=S cpus=0-3 vol=749 nonvol=185 sched=233091017 100843468 927
TICK ts_ns=1777216084752082655 pid=24362 tid=25028 comm=Thread-1 state=S cpus=0-3 vol=19 nonvol=5 sched=3691616 1254922 24
TICK ts_ns=1777216084752082655 pid=24362 tid=25029 comm=Client state=S cpus=0-3 vol=78947 nonvol=27738 sched=36200320506 10979654460 106680
TICK ts_ns=1777216084752082655 pid=24362 tid=25035 comm=Thread-3 state=S cpus=0-3 vol=16 nonvol=14 sched=16149386 18778694 29
TICK ts_ns=1777216084752082655 pid=24362 tid=25320 comm=cache io state=S cpus=0-3 vol=3257 nonvol=616 sched=1064494445 349037414 3868
TICK ts_ns=1777216084752082655 pid=24362 tid=25405 comm=pool-4-thread-1 state=S cpus=0-3 vol=113 nonvol=19 sched=19275071 7716304 131
TICK ts_ns=1777216084752082655 pid=24362 tid=25436 comm=Java Sound Even state=S cpus=0-3 vol=2 nonvol=0 sched=211230 0 2
TICK ts_ns=1777216084752082655 pid=24362 tid=25437 comm=threaded-ml state=S cpus=0-3 vol=11298 nonvol=2229 sched=1577894748 1429095703 13506
TICK ts_ns=1777216084752082655 pid=24362 tid=25438 comm=Sound Engine state=S cpus=0-3 vol=12457 nonvol=1274 sched=2162691312 1546276415 13693
TICK ts_ns=1777216084752082655 pid=24362 tid=25445 comm=java:disk$0 state=S cpus=0-3 vol=1 nonvol=0 sched=198230 20923 1
TICK ts_ns=1777216084752082655 pid=24362 tid=25529 comm=Thread-7 state=S cpus=0-3 vol=6421 nonvol=2879 sched=794991213 970069831 9286
TICK ts_ns=1777216084752082655 pid=24362 tid=25530 comm=Thread-8 state=S cpus=0-3 vol=874 nonvol=398 sched=132400757 214845471 1270
TICK ts_ns=1777216084752082655 pid=24362 tid=27348 comm=Thread-9 state=S cpus=0-3 vol=4540 nonvol=135 sched=212747286 462668079 4659
TICK ts_ns=1777216084752082655 pid=24362 tid=29400 comm=tokenRequest-re state=S cpus=0-3 vol=23 nonvol=52 sched=58774391 48581763 75
TICK ts_ns=1777216084752082655 pid=24362 tid=29469 comm=Thread-10 state=S cpus=0-3 vol=169 nonvol=28 sched=10406841 23719997 197
TICK ts_ns=1777216084752082655 pid=24362 tid=29471 comm=Thread-11 state=S cpus=0-3 vol=114 nonvol=92 sched=27407304 37002999 206
TICK ts_ns=1777216084752082655 pid=24362 tid=30154 comm=Map Loader state=S cpus=0-3 vol=38 nonvol=732 sched=1788449153 748510157 769
TICK ts_ns=1777216084752082655 pid=24362 tid=30519 comm=crmsession-rest state=S cpus=0-3 vol=13 nonvol=19 sched=13279469 13526614 32
TICK ts_ns=1777216084752082655 pid=24139 tid=24139 comm=virgl_test_serv state=S cpus=0-3 vol=27 nonvol=23 sched=12235460 2971692 50
GPU_BUSY ts_ns=1777216084752082655 path=/sys/kernel/gpu/gpu_busy val=0 %
TICK ts_ns=1777216091066138578 pid=24362 tid=24362 comm=java state=S cpus=0-3 vol=3 nonvol=1 sched=11857539 190077 4
TICK ts_ns=1777216091066138578 pid=24362 tid=24365 comm=java state=S cpus=0-3 vol=2382 nonvol=440 sched=1991304921 58283012 2822
TICK ts_ns=1777216091066138578 pid=24362 tid=24369 comm=GC Thread#0 state=S cpus=0-3 vol=726 nonvol=174 sched=129891087 208511996 900
TICK ts_ns=1777216091066138578 pid=24362 tid=24370 comm=G1 Main Marker state=S cpus=0-3 vol=69 nonvol=1 sched=5778930 25961230 70
TICK ts_ns=1777216091066138578 pid=24362 tid=24371 comm=G1 Conc#0 state=S cpus=0-3 vol=58 nonvol=127 sched=519852841 259758991 185
TICK ts_ns=1777216091066138578 pid=24362 tid=24373 comm=G1 Refine#0 state=S cpus=0-3 vol=1527 nonvol=98 sched=168867487 254004078 1619
TICK ts_ns=1777216091066138578 pid=24362 tid=24374 comm=G1 Service state=S cpus=0-3 vol=202 nonvol=6 sched=12438075 35785150 208
TICK ts_ns=1777216091066138578 pid=24362 tid=24375 comm=VM Periodic Tas state=S cpus=0-3 vol=2666 nonvol=92 sched=127362567 284064223 2745
TICK ts_ns=1777216091066138578 pid=24362 tid=24379 comm=VM Thread state=S cpus=0-3 vol=599 nonvol=106 sched=122844788 44808830 705
TICK ts_ns=1777216091066138578 pid=24362 tid=24382 comm=Reference Handl state=S cpus=0-3 vol=43 nonvol=2 sched=7176461 6800535 45
TICK ts_ns=1777216091066138578 pid=24362 tid=24383 comm=Finalizer state=S cpus=0-3 vol=11 nonvol=0 sched=1245769 961848 11
TICK ts_ns=1777216091066138578 pid=24362 tid=24384 comm=Signal Dispatch state=S cpus=0-3 vol=2 nonvol=0 sched=184845 0 2
TICK ts_ns=1777216091066138578 pid=24362 tid=24385 comm=Service Thread state=S cpus=0-3 vol=53 nonvol=3 sched=7201612 8748772 56
TICK ts_ns=1777216091066138578 pid=24362 tid=24386 comm=Monitor Deflati state=S cpus=0-3 vol=537 nonvol=12 sched=21867300 41484086 543
TICK ts_ns=1777216091066138578 pid=24362 tid=24387 comm=C2 CompilerThre state=S cpus=0-3 vol=4992 nonvol=4586 sched=29923872702 2734987308 9571
TICK ts_ns=1777216091066138578 pid=24362 tid=24389 comm=C1 CompilerThre state=S cpus=0-3 vol=6851 nonvol=2295 sched=7287844933 2616312869 9136
TICK ts_ns=1777216091066138578 pid=24362 tid=24395 comm=Notification Th state=S cpus=0-3 vol=2 nonvol=0 sched=199076 0 2
TICK ts_ns=1777216091066138578 pid=24362 tid=24398 comm=Common-Cleaner state=S cpus=0-3 vol=7 nonvol=0 sched=1053692 47769 7
TICK ts_ns=1777216091066138578 pid=24362 tid=24429 comm=GC Thread#1 state=S cpus=0-3 vol=759 nonvol=41 sched=104973180 179903986 799
TICK ts_ns=1777216091066138578 pid=24362 tid=24431 comm=GC Thread#2 state=S cpus=0-3 vol=718 nonvol=86 sched=107826912 177940759 804
TICK ts_ns=1777216091066138578 pid=24362 tid=24432 comm=GC Thread#3 state=S cpus=0-3 vol=732 nonvol=31 sched=110758326 194823615 762
TICK ts_ns=1777216091066138578 pid=24362 tid=24475 comm=GC Thread#4 state=S cpus=0-3 vol=700 nonvol=32 sched=127041804 173104551 731
TICK ts_ns=1777216091066138578 pid=24362 tid=24514 comm=GC Thread#5 state=S cpus=0-3 vol=723 nonvol=36 sched=123672851 158096920 759
TICK ts_ns=1777216091066138578 pid=24362 tid=24515 comm=GC Thread#6 state=S cpus=0-3 vol=702 nonvol=190 sched=122857066 156480395 892
TICK ts_ns=1777216091066138578 pid=24362 tid=24539 comm=GC Thread#7 state=S cpus=0-3 vol=727 nonvol=96 sched=107926995 166461463 822
TICK ts_ns=1777216091066138578 pid=24362 tid=24598 comm=java state=S cpus=0-3 vol=5 nonvol=1 sched=614229 717846 6
TICK ts_ns=1777216091066138578 pid=24362 tid=24605 comm=G1 Conc#1 state=S cpus=0-3 vol=53 nonvol=126 sched=547846846 223850616 179
TICK ts_ns=1777216091066138578 pid=24362 tid=24612 comm=AWT-XAWT state=S cpus=0-3 vol=16806 nonvol=1126 sched=1266834553 3167839279 17895
TICK ts_ns=1777216091066138578 pid=24362 tid=24616 comm=AWT-Shutdown state=S cpus=0-3 vol=9 nonvol=0 sched=659311 319614 9
TICK ts_ns=1777216091066138578 pid=24362 tid=24617 comm=AWT-EventQueue- state=S cpus=0-3 vol=2843 nonvol=1048 sched=2253403246 769160720 3885
TICK ts_ns=1777216091066138578 pid=24362 tid=24637 comm=Java2D Disposer state=S cpus=0-3 vol=22 nonvol=1 sched=6311230 2919077 23
TICK ts_ns=1777216091066138578 pid=24362 tid=24653 comm=TimerQueue state=S cpus=0-3 vol=222 nonvol=20 sched=28564532 38620307 241
TICK ts_ns=1777216091066138578 pid=24362 tid=24674 comm=logback-1 state=S cpus=0-3 vol=3 nonvol=1 sched=11873541 1385692 4
TICK ts_ns=1777216091066138578 pid=24362 tid=24749 comm=OkHttp static.r state=S cpus=0-3 vol=12 nonvol=4 sched=3889844 2667306 16
TICK ts_ns=1777216091066138578 pid=24362 tid=24750 comm=OkHttp static.r state=S cpus=0-3 vol=20 nonvol=18 sched=26821383 6434923 38
TICK ts_ns=1777216091066138578 pid=24362 tid=24751 comm=OkHttp Connecti state=S cpus=0-3 vol=11 nonvol=0 sched=793387 0 11
TICK ts_ns=1777216091066138578 pid=24362 tid=24976 comm=pool-2-thread-1 state=S cpus=0-3 vol=780 nonvol=185 sched=235961708 104669929 958
TICK ts_ns=1777216091066138578 pid=24362 tid=25028 comm=Thread-1 state=S cpus=0-3 vol=19 nonvol=5 sched=3691616 1254922 24
TICK ts_ns=1777216091066138578 pid=24362 tid=25029 comm=Client state=R cpus=0-3 vol=82782 nonvol=28664 sched=37937422163 11374678981 111443
TICK ts_ns=1777216091066138578 pid=24362 tid=25035 comm=Thread-3 state=S cpus=0-3 vol=16 nonvol=14 sched=16149386 18778694 29
TICK ts_ns=1777216091066138578 pid=24362 tid=25320 comm=cache io state=S cpus=0-3 vol=3381 nonvol=621 sched=1077260374 361787334 3995
TICK ts_ns=1777216091066138578 pid=24362 tid=25405 comm=pool-4-thread-1 state=S cpus=0-3 vol=119 nonvol=21 sched=19925613 8702380 139
TICK ts_ns=1777216091066138578 pid=24362 tid=25436 comm=Java Sound Even state=S cpus=0-3 vol=2 nonvol=0 sched=211230 0 2
TICK ts_ns=1777216091066138578 pid=24362 tid=25437 comm=threaded-ml state=S cpus=0-3 vol=11869 nonvol=2369 sched=1657448469 1501477994 14218
TICK ts_ns=1777216091066138578 pid=24362 tid=25438 comm=Sound Engine state=S cpus=0-3 vol=13079 nonvol=1323 sched=2250158706 1623285639 14362
TICK ts_ns=1777216091066138578 pid=24362 tid=25445 comm=java:disk$0 state=S cpus=0-3 vol=1 nonvol=0 sched=198230 20923 1
TICK ts_ns=1777216091066138578 pid=24362 tid=25529 comm=Thread-7 state=S cpus=0-3 vol=6643 nonvol=3017 sched=829051145 1015510825 9648
TICK ts_ns=1777216091066138578 pid=24362 tid=25530 comm=Thread-8 state=S cpus=0-3 vol=875 nonvol=400 sched=132643986 215031395 1273
TICK ts_ns=1777216091066138578 pid=24362 tid=27348 comm=Thread-9 state=S cpus=0-3 vol=4784 nonvol=147 sched=224725592 494290779 4911
TICK ts_ns=1777216091066138578 pid=24362 tid=29400 comm=tokenRequest-re state=S cpus=0-3 vol=23 nonvol=52 sched=58774391 48581763 75
TICK ts_ns=1777216091066138578 pid=24362 tid=29469 comm=Thread-10 state=S cpus=0-3 vol=179 nonvol=32 sched=10824379 24366229 210
TICK ts_ns=1777216091066138578 pid=24362 tid=29471 comm=Thread-11 state=S cpus=0-3 vol=121 nonvol=99 sched=29164382 40164462 220
TICK ts_ns=1777216091066138578 pid=24362 tid=30154 comm=Map Loader state=S cpus=0-3 vol=38 nonvol=732 sched=1788449153 748510157 769
TICK ts_ns=1777216091066138578 pid=24362 tid=30519 comm=crmsession-rest state=S cpus=0-3 vol=13 nonvol=19 sched=13279469 13526614 32
TICK ts_ns=1777216091066138578 pid=24139 tid=24139 comm=virgl_test_serv state=S cpus=0-3 vol=27 nonvol=23 sched=12235460 2971692 50
GPU_BUSY ts_ns=1777216091066138578 path=/sys/kernel/gpu/gpu_busy val=0 %
TICK ts_ns=1777216097227336732 pid=24362 tid=24362 comm=java state=S cpus=0-3 vol=3 nonvol=1 sched=11857539 190077 4
TICK ts_ns=1777216097227336732 pid=24362 tid=24365 comm=java state=S cpus=0-3 vol=2382 nonvol=440 sched=1991304921 58283012 2822
TICK ts_ns=1777216097227336732 pid=24362 tid=24369 comm=GC Thread#0 state=S cpus=0-3 vol=726 nonvol=174 sched=129891087 208511996 900
TICK ts_ns=1777216097227336732 pid=24362 tid=24370 comm=G1 Main Marker state=S cpus=0-3 vol=69 nonvol=1 sched=5778930 25961230 70
TICK ts_ns=1777216097227336732 pid=24362 tid=24371 comm=G1 Conc#0 state=S cpus=0-3 vol=58 nonvol=127 sched=519852841 259758991 185
TICK ts_ns=1777216097227336732 pid=24362 tid=24373 comm=G1 Refine#0 state=S cpus=0-3 vol=1587 nonvol=99 sched=173684400 256502537 1681
TICK ts_ns=1777216097227336732 pid=24362 tid=24374 comm=G1 Service state=S cpus=0-3 vol=208 nonvol=6 sched=12780151 35785150 214
TICK ts_ns=1777216097227336732 pid=24362 tid=24375 comm=VM Periodic Tas state=S cpus=0-3 vol=2790 nonvol=97 sched=134262580 294795375 2873
TICK ts_ns=1777216097227336732 pid=24362 tid=24379 comm=VM Thread state=S cpus=0-3 vol=605 nonvol=106 sched=123237790 44916522 711
TICK ts_ns=1777216097227336732 pid=24362 tid=24382 comm=Reference Handl state=S cpus=0-3 vol=43 nonvol=2 sched=7176461 6800535 45
TICK ts_ns=1777216097227336732 pid=24362 tid=24383 comm=Finalizer state=S cpus=0-3 vol=11 nonvol=0 sched=1245769 961848 11
TICK ts_ns=1777216097227336732 pid=24362 tid=24384 comm=Signal Dispatch state=S cpus=0-3 vol=2 nonvol=0 sched=184845 0 2
TICK ts_ns=1777216097227336732 pid=24362 tid=24385 comm=Service Thread state=S cpus=0-3 vol=53 nonvol=3 sched=7201612 8748772 56
TICK ts_ns=1777216097227336732 pid=24362 tid=24386 comm=Monitor Deflati state=S cpus=0-3 vol=562 nonvol=12 sched=23149921 44164930 568
TICK ts_ns=1777216097227336732 pid=24362 tid=24387 comm=C2 CompilerThre state=S cpus=0-3 vol=5004 nonvol=4622 sched=30024013248 2745389307 9619
TICK ts_ns=1777216097227336732 pid=24362 tid=24389 comm=C1 CompilerThre state=S cpus=0-3 vol=6864 nonvol=2296 sched=7288515087 2620388793 9150
TICK ts_ns=1777216097227336732 pid=24362 tid=24395 comm=Notification Th state=S cpus=0-3 vol=2 nonvol=0 sched=199076 0 2
TICK ts_ns=1777216097227336732 pid=24362 tid=24398 comm=Common-Cleaner state=S cpus=0-3 vol=7 nonvol=0 sched=1053692 47769 7
TICK ts_ns=1777216097227336732 pid=24362 tid=24429 comm=GC Thread#1 state=S cpus=0-3 vol=759 nonvol=41 sched=104973180 179903986 799
TICK ts_ns=1777216097227336732 pid=24362 tid=24431 comm=GC Thread#2 state=S cpus=0-3 vol=718 nonvol=86 sched=107826912 177940759 804
TICK ts_ns=1777216097227336732 pid=24362 tid=24432 comm=GC Thread#3 state=S cpus=0-3 vol=732 nonvol=31 sched=110758326 194823615 762
TICK ts_ns=1777216097227336732 pid=24362 tid=24475 comm=GC Thread#4 state=S cpus=0-3 vol=700 nonvol=32 sched=127041804 173104551 731
TICK ts_ns=1777216097227336732 pid=24362 tid=24514 comm=GC Thread#5 state=S cpus=0-3 vol=723 nonvol=36 sched=123672851 158096920 759
TICK ts_ns=1777216097227336732 pid=24362 tid=24515 comm=GC Thread#6 state=S cpus=0-3 vol=702 nonvol=190 sched=122857066 156480395 892
TICK ts_ns=1777216097227336732 pid=24362 tid=24539 comm=GC Thread#7 state=S cpus=0-3 vol=727 nonvol=96 sched=107926995 166461463 822
TICK ts_ns=1777216097227336732 pid=24362 tid=24598 comm=java state=S cpus=0-3 vol=5 nonvol=1 sched=614229 717846 6
TICK ts_ns=1777216097227336732 pid=24362 tid=24605 comm=G1 Conc#1 state=S cpus=0-3 vol=53 nonvol=126 sched=547846846 223850616 179
TICK ts_ns=1777216097227336732 pid=24362 tid=24612 comm=AWT-XAWT state=R cpus=0-3 vol=17002 nonvol=1137 sched=1282173561 3241951506 18101
TICK ts_ns=1777216097227336732 pid=24362 tid=24616 comm=AWT-Shutdown state=S cpus=0-3 vol=9 nonvol=0 sched=659311 319614 9
TICK ts_ns=1777216097227336732 pid=24362 tid=24617 comm=AWT-EventQueue- state=S cpus=0-3 vol=2848 nonvol=1048 sched=2255860783 772050027 3890
TICK ts_ns=1777216097227336732 pid=24362 tid=24637 comm=Java2D Disposer state=S cpus=0-3 vol=22 nonvol=1 sched=6311230 2919077 23
TICK ts_ns=1777216097227336732 pid=24362 tid=24653 comm=TimerQueue state=S cpus=0-3 vol=222 nonvol=20 sched=28564532 38620307 241
TICK ts_ns=1777216097227336732 pid=24362 tid=24674 comm=logback-1 state=S cpus=0-3 vol=3 nonvol=1 sched=11873541 1385692 4
TICK ts_ns=1777216097227336732 pid=24362 tid=24749 comm=OkHttp static.r state=S cpus=0-3 vol=12 nonvol=4 sched=3889844 2667306 16
TICK ts_ns=1777216097227336732 pid=24362 tid=24750 comm=OkHttp static.r state=S cpus=0-3 vol=20 nonvol=18 sched=26821383 6434923 38
TICK ts_ns=1777216097227336732 pid=24362 tid=24751 comm=OkHttp Connecti state=S cpus=0-3 vol=11 nonvol=0 sched=793387 0 11
TICK ts_ns=1777216097227336732 pid=24362 tid=24976 comm=pool-2-thread-1 state=S cpus=0-3 vol=813 nonvol=186 sched=239770631 105260544 992
TICK ts_ns=1777216097227336732 pid=24362 tid=25028 comm=Thread-1 state=S cpus=0-3 vol=19 nonvol=5 sched=3691616 1254922 24
TICK ts_ns=1777216097227336732 pid=24362 tid=25029 comm=Client state=R cpus=0-3 vol=86557 nonvol=29720 sched=39731102220 11798387909 116277
TICK ts_ns=1777216097227336732 pid=24362 tid=25035 comm=Thread-3 state=S cpus=0-3 vol=16 nonvol=14 sched=16149386 18778694 29
TICK ts_ns=1777216097227336732 pid=24362 tid=25320 comm=cache io state=S cpus=0-3 vol=3505 nonvol=630 sched=1090543371 369667405 4130
TICK ts_ns=1777216097227336732 pid=24362 tid=25405 comm=pool-4-thread-1 state=S cpus=0-3 vol=125 nonvol=21 sched=20488227 8949843 145
TICK ts_ns=1777216097227336732 pid=24362 tid=25436 comm=Java Sound Even state=S cpus=0-3 vol=2 nonvol=0 sched=211230 0 2
TICK ts_ns=1777216097227336732 pid=24362 tid=25437 comm=threaded-ml state=S cpus=0-3 vol=12452 nonvol=2524 sched=1740620869 1568807312 14955
TICK ts_ns=1777216097227336732 pid=24362 tid=25438 comm=Sound Engine state=S cpus=0-3 vol=13708 nonvol=1378 sched=2339448171 1679642796 15043
TICK ts_ns=1777216097227336732 pid=24362 tid=25445 comm=java:disk$0 state=S cpus=0-3 vol=1 nonvol=0 sched=198230 20923 1
TICK ts_ns=1777216097227336732 pid=24362 tid=25529 comm=Thread-7 state=S cpus=0-3 vol=6866 nonvol=3160 sched=861265931 1059174888 10011
TICK ts_ns=1777216097227336732 pid=24362 tid=25530 comm=Thread-8 state=S cpus=0-3 vol=877 nonvol=402 sched=133219218 215836779 1277
TICK ts_ns=1777216097227336732 pid=24362 tid=27348 comm=Thread-9 state=S cpus=0-3 vol=5032 nonvol=158 sched=237193588 517394785 5171
TICK ts_ns=1777216097227336732 pid=24362 tid=29400 comm=tokenRequest-re state=S cpus=0-3 vol=23 nonvol=52 sched=58774391 48581763 75
TICK ts_ns=1777216097227336732 pid=24362 tid=29469 comm=Thread-10 state=S cpus=0-3 vol=189 nonvol=32 sched=11224070 25999999 220
TICK ts_ns=1777216097227336732 pid=24362 tid=29471 comm=Thread-11 state=S cpus=0-3 vol=128 nonvol=106 sched=30942997 41936538 234
TICK ts_ns=1777216097227336732 pid=24362 tid=30154 comm=Map Loader state=S cpus=0-3 vol=38 nonvol=732 sched=1788449153 748510157 769
TICK ts_ns=1777216097227336732 pid=24362 tid=30519 comm=crmsession-rest state=S cpus=0-3 vol=13 nonvol=19 sched=13279469 13526614 32
TICK ts_ns=1777216097227336732 pid=24139 tid=24139 comm=virgl_test_serv state=S cpus=0-3 vol=27 nonvol=23 sched=12235460 2971692 50
GPU_BUSY ts_ns=1777216097227336732 path=/sys/kernel/gpu/gpu_busy val=12 %
TICK ts_ns=1777216103457624810 pid=24362 tid=24362 comm=java state=S cpus=0-3 vol=3 nonvol=1 sched=11857539 190077 4
TICK ts_ns=1777216103457624810 pid=24362 tid=24365 comm=java state=S cpus=0-3 vol=2382 nonvol=440 sched=1991304921 58283012 2822
TICK ts_ns=1777216103457624810 pid=24362 tid=24369 comm=GC Thread#0 state=S cpus=0-3 vol=726 nonvol=174 sched=129891087 208511996 900
TICK ts_ns=1777216103457624810 pid=24362 tid=24370 comm=G1 Main Marker state=S cpus=0-3 vol=69 nonvol=1 sched=5778930 25961230 70
TICK ts_ns=1777216103457624810 pid=24362 tid=24371 comm=G1 Conc#0 state=S cpus=0-3 vol=58 nonvol=127 sched=519852841 259758991 185
TICK ts_ns=1777216103457624810 pid=24362 tid=24373 comm=G1 Refine#0 state=S cpus=0-3 vol=1679 nonvol=103 sched=181200861 263595769 1777
TICK ts_ns=1777216103457624810 pid=24362 tid=24374 comm=G1 Service state=S cpus=0-3 vol=214 nonvol=6 sched=13344152 36209073 220
TICK ts_ns=1777216103457624810 pid=24362 tid=24375 comm=VM Periodic Tas state=S cpus=0-3 vol=2916 nonvol=99 sched=140527507 300952144 3000
TICK ts_ns=1777216103457624810 pid=24362 tid=24379 comm=VM Thread state=S cpus=0-3 vol=611 nonvol=106 sched=123687789 45199984 717
TICK ts_ns=1777216103457624810 pid=24362 tid=24382 comm=Reference Handl state=S cpus=0-3 vol=43 nonvol=2 sched=7176461 6800535 45
TICK ts_ns=1777216103457624810 pid=24362 tid=24383 comm=Finalizer state=S cpus=0-3 vol=11 nonvol=0 sched=1245769 961848 11
TICK ts_ns=1777216103457624810 pid=24362 tid=24384 comm=Signal Dispatch state=S cpus=0-3 vol=2 nonvol=0 sched=184845 0 2
TICK ts_ns=1777216103457624810 pid=24362 tid=24385 comm=Service Thread state=S cpus=0-3 vol=53 nonvol=3 sched=7201612 8748772 56
TICK ts_ns=1777216103457624810 pid=24362 tid=24386 comm=Monitor Deflati state=S cpus=0-3 vol=587 nonvol=12 sched=23975078 46340392 593
TICK ts_ns=1777216103457624810 pid=24362 tid=24387 comm=C2 CompilerThre state=S cpus=0-3 vol=5039 nonvol=4673 sched=30304940317 2759966081 9705
TICK ts_ns=1777216103457624810 pid=24362 tid=24389 comm=C1 CompilerThre state=S cpus=0-3 vol=6901 nonvol=2300 sched=7297891396 2629249795 9191
TICK ts_ns=1777216103457624810 pid=24362 tid=24395 comm=Notification Th state=S cpus=0-3 vol=2 nonvol=0 sched=199076 0 2
TICK ts_ns=1777216103457624810 pid=24362 tid=24398 comm=Common-Cleaner state=S cpus=0-3 vol=7 nonvol=0 sched=1053692 47769 7
TICK ts_ns=1777216103457624810 pid=24362 tid=24429 comm=GC Thread#1 state=S cpus=0-3 vol=759 nonvol=41 sched=104973180 179903986 799
TICK ts_ns=1777216103457624810 pid=24362 tid=24431 comm=GC Thread#2 state=S cpus=0-3 vol=718 nonvol=86 sched=107826912 177940759 804
TICK ts_ns=1777216103457624810 pid=24362 tid=24432 comm=GC Thread#3 state=S cpus=0-3 vol=732 nonvol=31 sched=110758326 194823615 762
TICK ts_ns=1777216103457624810 pid=24362 tid=24475 comm=GC Thread#4 state=S cpus=0-3 vol=700 nonvol=32 sched=127041804 173104551 731
TICK ts_ns=1777216103457624810 pid=24362 tid=24514 comm=GC Thread#5 state=S cpus=0-3 vol=723 nonvol=36 sched=123672851 158096920 759
TICK ts_ns=1777216103457624810 pid=24362 tid=24515 comm=GC Thread#6 state=S cpus=0-3 vol=702 nonvol=190 sched=122857066 156480395 892
TICK ts_ns=1777216103457624810 pid=24362 tid=24539 comm=GC Thread#7 state=S cpus=0-3 vol=727 nonvol=96 sched=107926995 166461463 822
TICK ts_ns=1777216103457624810 pid=24362 tid=24598 comm=java state=S cpus=0-3 vol=5 nonvol=1 sched=614229 717846 6
TICK ts_ns=1777216103457624810 pid=24362 tid=24605 comm=G1 Conc#1 state=S cpus=0-3 vol=53 nonvol=126 sched=547846846 223850616 179
TICK ts_ns=1777216103457624810 pid=24362 tid=24612 comm=AWT-XAWT state=S cpus=0-3 vol=17189 nonvol=1142 sched=1297249174 3318197358 18291
TICK ts_ns=1777216103457624810 pid=24362 tid=24616 comm=AWT-Shutdown state=S cpus=0-3 vol=9 nonvol=0 sched=659311 319614 9
TICK ts_ns=1777216103457624810 pid=24362 tid=24617 comm=AWT-EventQueue- state=S cpus=0-3 vol=2853 nonvol=1048 sched=2258120783 776357411 3895
TICK ts_ns=1777216103457624810 pid=24362 tid=24637 comm=Java2D Disposer state=S cpus=0-3 vol=22 nonvol=1 sched=6311230 2919077 23
TICK ts_ns=1777216103457624810 pid=24362 tid=24653 comm=TimerQueue state=S cpus=0-3 vol=222 nonvol=20 sched=28564532 38620307 241
TICK ts_ns=1777216103457624810 pid=24362 tid=24674 comm=logback-1 state=S cpus=0-3 vol=3 nonvol=1 sched=11873541 1385692 4
TICK ts_ns=1777216103457624810 pid=24362 tid=24749 comm=OkHttp static.r state=S cpus=0-3 vol=12 nonvol=4 sched=3889844 2667306 16
TICK ts_ns=1777216103457624810 pid=24362 tid=24750 comm=OkHttp static.r state=S cpus=0-3 vol=20 nonvol=18 sched=26821383 6434923 38
TICK ts_ns=1777216103457624810 pid=24362 tid=24751 comm=OkHttp Connecti state=S cpus=0-3 vol=11 nonvol=0 sched=793387 0 11
TICK ts_ns=1777216103457624810 pid=24362 tid=24976 comm=pool-2-thread-1 state=S cpus=0-3 vol=846 nonvol=188 sched=243442555 107565623 1026
TICK ts_ns=1777216103457624810 pid=24362 tid=25028 comm=Thread-1 state=S cpus=0-3 vol=19 nonvol=5 sched=3691616 1254922 24
TICK ts_ns=1777216103457624810 pid=24362 tid=25029 comm=Client state=R cpus=0-3 vol=90317 nonvol=30866 sched=41482835049 12237241622 121184
TICK ts_ns=1777216103457624810 pid=24362 tid=25035 comm=Thread-3 state=S cpus=0-3 vol=16 nonvol=14 sched=16149386 18778694 29
TICK ts_ns=1777216103457624810 pid=24362 tid=25320 comm=cache io state=S cpus=0-3 vol=3631 nonvol=634 sched=1101633454 385708866 4258
TICK ts_ns=1777216103457624810 pid=24362 tid=25405 comm=pool-4-thread-1 state=S cpus=0-3 vol=131 nonvol=21 sched=21040999 10075457 151
TICK ts_ns=1777216103457624810 pid=24362 tid=25436 comm=Java Sound Even state=S cpus=0-3 vol=2 nonvol=0 sched=211230 0 2
TICK ts_ns=1777216103457624810 pid=24362 tid=25437 comm=threaded-ml state=S cpus=0-3 vol=13032 nonvol=2668 sched=1825814222 1642551709 15674
TICK ts_ns=1777216103457624810 pid=24362 tid=25438 comm=Sound Engine state=S cpus=0-3 vol=14337 nonvol=1411 sched=2428484383 1740138867 15704
TICK ts_ns=1777216103457624810 pid=24362 tid=25445 comm=java:disk$0 state=S cpus=0-3 vol=1 nonvol=0 sched=198230 20923 1
TICK ts_ns=1777216103457624810 pid=24362 tid=25529 comm=Thread-7 state=S cpus=0-3 vol=7079 nonvol=3300 sched=894386540 1105338426 10367
TICK ts_ns=1777216103457624810 pid=24362 tid=25530 comm=Thread-8 state=S cpus=0-3 vol=879 nonvol=405 sched=133714911 216887932 1282
TICK ts_ns=1777216103457624810 pid=24362 tid=27348 comm=Thread-9 state=S cpus=0-3 vol=5280 nonvol=171 sched=249260594 553272401 5430
TICK ts_ns=1777216103457624810 pid=24362 tid=29469 comm=Thread-10 state=S cpus=0-3 vol=200 nonvol=33 sched=11461297 26833846 232
TICK ts_ns=1777216103457624810 pid=24362 tid=29471 comm=Thread-11 state=S cpus=0-3 vol=135 nonvol=113 sched=32496999 43086921 248
TICK ts_ns=1777216103457624810 pid=24362 tid=30154 comm=Map Loader state=S cpus=0-3 vol=38 nonvol=732 sched=1788449153 748510157 769
TICK ts_ns=1777216103457624810 pid=24362 tid=30519 comm=crmsession-rest state=S cpus=0-3 vol=13 nonvol=19 sched=13279469 13526614 32
TICK ts_ns=1777216103457624810 pid=24139 tid=24139 comm=virgl_test_serv state=S cpus=0-3 vol=27 nonvol=23 sched=12235460 2971692 50
GPU_BUSY ts_ns=1777216103457624810 path=/sys/kernel/gpu/gpu_busy val=0 %
TICK ts_ns=1777216109656087887 pid=24362 tid=24362 comm=java state=S cpus=0-3 vol=3 nonvol=1 sched=11857539 190077 4
TICK ts_ns=1777216109656087887 pid=24362 tid=24365 comm=java state=S cpus=0-3 vol=2382 nonvol=440 sched=1991304921 58283012 2822
TICK ts_ns=1777216109656087887 pid=24362 tid=24369 comm=GC Thread#0 state=S cpus=0-3 vol=751 nonvol=177 sched=131895239 230672533 928
TICK ts_ns=1777216109656087887 pid=24362 tid=24370 comm=G1 Main Marker state=S cpus=0-3 vol=76 nonvol=2 sched=6643394 29545074 78
TICK ts_ns=1777216109656087887 pid=24362 tid=24371 comm=G1 Conc#0 state=S cpus=0-3 vol=63 nonvol=144 sched=666609689 268828300 207
TICK ts_ns=1777216109656087887 pid=24362 tid=24373 comm=G1 Refine#0 state=S cpus=0-3 vol=1744 nonvol=105 sched=185620329 270179694 1843
TICK ts_ns=1777216109656087887 pid=24362 tid=24374 comm=G1 Service state=S cpus=0-3 vol=222 nonvol=6 sched=13614688 39896997 228
TICK ts_ns=1777216109656087887 pid=24362 tid=24375 comm=VM Periodic Tas state=S cpus=0-3 vol=3041 nonvol=101 sched=146566353 312947217 3128
TICK ts_ns=1777216109656087887 pid=24362 tid=24379 comm=VM Thread state=S cpus=0-3 vol=637 nonvol=109 sched=127894714 46472983 746
TICK ts_ns=1777216109656087887 pid=24362 tid=24382 comm=Reference Handl state=S cpus=0-3 vol=45 nonvol=3 sched=7435537 9223074 48
TICK ts_ns=1777216109656087887 pid=24362 tid=24383 comm=Finalizer state=S cpus=0-3 vol=12 nonvol=0 sched=1325230 1040310 12
TICK ts_ns=1777216109656087887 pid=24362 tid=24384 comm=Signal Dispatch state=S cpus=0-3 vol=2 nonvol=0 sched=184845 0 2
TICK ts_ns=1777216109656087887 pid=24362 tid=24385 comm=Service Thread state=S cpus=0-3 vol=54 nonvol=3 sched=7301612 8748772 57
TICK ts_ns=1777216109656087887 pid=24362 tid=24386 comm=Monitor Deflati state=S cpus=0-3 vol=612 nonvol=12 sched=25140004 47584778 618
TICK ts_ns=1777216109656087887 pid=24362 tid=24387 comm=C2 CompilerThre state=S cpus=0-3 vol=5066 nonvol=4715 sched=30468779477 2804176394 9774
TICK ts_ns=1777216109656087887 pid=24362 tid=24389 comm=C1 CompilerThre state=S cpus=0-3 vol=6936 nonvol=2300 sched=7303798320 2644297563 9226
TICK ts_ns=1777216109656087887 pid=24362 tid=24395 comm=Notification Th state=S cpus=0-3 vol=2 nonvol=0 sched=199076 0 2
TICK ts_ns=1777216109656087887 pid=24362 tid=24398 comm=Common-Cleaner state=S cpus=0-3 vol=7 nonvol=0 sched=1053692 47769 7
TICK ts_ns=1777216109656087887 pid=24362 tid=24429 comm=GC Thread#1 state=S cpus=0-3 vol=780 nonvol=49 sched=114213099 194992448 828
TICK ts_ns=1777216109656087887 pid=24362 tid=24431 comm=GC Thread#2 state=S cpus=0-3 vol=744 nonvol=87 sched=111869373 197207603 831
TICK ts_ns=1777216109656087887 pid=24362 tid=24432 comm=GC Thread#3 state=S cpus=0-3 vol=760 nonvol=32 sched=113195023 215527000 791
TICK ts_ns=1777216109656087887 pid=24362 tid=24475 comm=GC Thread#4 state=S cpus=0-3 vol=721 nonvol=33 sched=131384188 191812935 753
TICK ts_ns=1777216109656087887 pid=24362 tid=24514 comm=GC Thread#5 state=S cpus=0-3 vol=744 nonvol=36 sched=132107542 173320768 780
TICK ts_ns=1777216109656087887 pid=24362 tid=24515 comm=GC Thread#6 state=S cpus=0-3 vol=724 nonvol=192 sched=132682683 170169243 916
TICK ts_ns=1777216109656087887 pid=24362 tid=24539 comm=GC Thread#7 state=S cpus=0-3 vol=754 nonvol=109 sched=120601531 176806773 862
TICK ts_ns=1777216109656087887 pid=24362 tid=24598 comm=java state=S cpus=0-3 vol=5 nonvol=1 sched=614229 717846 6
TICK ts_ns=1777216109656087887 pid=24362 tid=24605 comm=G1 Conc#1 state=S cpus=0-3 vol=57 nonvol=171 sched=691909689 232906697 228
TICK ts_ns=1777216109656087887 pid=24362 tid=24612 comm=AWT-XAWT state=S cpus=0-3 vol=17375 nonvol=1148 sched=1312220174 3393424055 18484
TICK ts_ns=1777216109656087887 pid=24362 tid=24616 comm=AWT-Shutdown state=S cpus=0-3 vol=9 nonvol=0 sched=659311 319614 9
TICK ts_ns=1777216109656087887 pid=24362 tid=24617 comm=AWT-EventQueue- state=S cpus=0-3 vol=2858 nonvol=1049 sched=2260241552 778227873 3901
TICK ts_ns=1777216109656087887 pid=24362 tid=24637 comm=Java2D Disposer state=S cpus=0-3 vol=22 nonvol=1 sched=6311230 2919077 23
TICK ts_ns=1777216109656087887 pid=24362 tid=24653 comm=TimerQueue state=S cpus=0-3 vol=222 nonvol=20 sched=28564532 38620307 241
TICK ts_ns=1777216109656087887 pid=24362 tid=24674 comm=logback-1 state=S cpus=0-3 vol=3 nonvol=1 sched=11873541 1385692 4
TICK ts_ns=1777216109656087887 pid=24362 tid=24749 comm=OkHttp static.r state=S cpus=0-3 vol=13 nonvol=5 sched=4660920 2826998 18
TICK ts_ns=1777216109656087887 pid=24362 tid=24750 comm=OkHttp static.r state=S cpus=0-3 vol=21 nonvol=19 sched=27178305 6601462 40
TICK ts_ns=1777216109656087887 pid=24362 tid=24751 comm=OkHttp Connecti state=S cpus=0-3 vol=11 nonvol=0 sched=793387 0 11
TICK ts_ns=1777216109656087887 pid=24362 tid=24976 comm=pool-2-thread-1 state=S cpus=0-3 vol=877 nonvol=190 sched=246466170 110701239 1060
TICK ts_ns=1777216109656087887 pid=24362 tid=25028 comm=Thread-1 state=S cpus=0-3 vol=19 nonvol=5 sched=3691616 1254922 24
TICK ts_ns=1777216109656087887 pid=24362 tid=25029 comm=Client state=R cpus=0-3 vol=94144 nonvol=31801 sched=43209735979 12647731388 125936
TICK ts_ns=1777216109656087887 pid=24362 tid=25035 comm=Thread-3 state=S cpus=0-3 vol=16 nonvol=14 sched=16149386 18778694 29
TICK ts_ns=1777216109656087887 pid=24362 tid=25320 comm=cache io state=S cpus=0-3 vol=3753 nonvol=638 sched=1111761603 403726333 4384
TICK ts_ns=1777216109656087887 pid=24362 tid=25405 comm=pool-4-thread-1 state=S cpus=0-3 vol=137 nonvol=21 sched=21494306 10236303 157
TICK ts_ns=1777216109656087887 pid=24362 tid=25436 comm=Java Sound Even state=S cpus=0-3 vol=2 nonvol=0 sched=211230 0 2
TICK ts_ns=1777216109656087887 pid=24362 tid=25437 comm=threaded-ml state=S cpus=0-3 vol=13602 nonvol=2781 sched=1903197892 1707729332 16357
TICK ts_ns=1777216109656087887 pid=24362 tid=25438 comm=Sound Engine state=S cpus=0-3 vol=14951 nonvol=1458 sched=2514161279 1807201948 16363
TICK ts_ns=1777216109656087887 pid=24362 tid=25445 comm=java:disk$0 state=S cpus=0-3 vol=1 nonvol=0 sched=198230 20923 1
TICK ts_ns=1777216109656087887 pid=24362 tid=25529 comm=Thread-7 state=S cpus=0-3 vol=7285 nonvol=3443 sched=928159158 1151931118 10712
TICK ts_ns=1777216109656087887 pid=24362 tid=25530 comm=Thread-8 state=S cpus=0-3 vol=880 nonvol=406 sched=133939911 217039932 1284
TICK ts_ns=1777216109656087887 pid=24362 tid=27348 comm=Thread-9 state=S cpus=0-3 vol=5524 nonvol=180 sched=260840140 577813323 5680
TICK ts_ns=1777216109656087887 pid=24362 tid=29469 comm=Thread-10 state=S cpus=0-3 vol=210 nonvol=35 sched=12161450 27963232 244
TICK ts_ns=1777216109656087887 pid=24362 tid=29471 comm=Thread-11 state=S cpus=0-3 vol=142 nonvol=116 sched=34168383 44569614 258
TICK ts_ns=1777216109656087887 pid=24362 tid=30154 comm=Map Loader state=S cpus=0-3 vol=38 nonvol=732 sched=1788449153 748510157 769
TICK ts_ns=1777216109656087887 pid=24362 tid=30519 comm=crmsession-rest state=S cpus=0-3 vol=13 nonvol=19 sched=13279469 13526614 32
TICK ts_ns=1777216109656087887 pid=24139 tid=24139 comm=virgl_test_serv state=S cpus=0-3 vol=27 nonvol=23 sched=12235460 2971692 50
GPU_BUSY ts_ns=1777216109656087887 path=/sys/kernel/gpu/gpu_busy val=0 %
TICK ts_ns=1777216115794759810 pid=24362 tid=24362 comm=java state=S cpus=0-3 vol=3 nonvol=1 sched=11857539 190077 4
TICK ts_ns=1777216115794759810 pid=24362 tid=24365 comm=java state=S cpus=0-3 vol=2382 nonvol=440 sched=1991304921 58283012 2822
TICK ts_ns=1777216115794759810 pid=24362 tid=24369 comm=GC Thread#0 state=S cpus=0-3 vol=751 nonvol=177 sched=131895239 230672533 928
TICK ts_ns=1777216115794759810 pid=24362 tid=24370 comm=G1 Main Marker state=S cpus=0-3 vol=76 nonvol=2 sched=6643394 29545074 78
TICK ts_ns=1777216115794759810 pid=24362 tid=24371 comm=G1 Conc#0 state=S cpus=0-3 vol=63 nonvol=144 sched=666609689 268828300 207
TICK ts_ns=1777216115794759810 pid=24362 tid=24373 comm=G1 Refine#0 state=S cpus=0-3 vol=1769 nonvol=107 sched=187615254 272072694 1870
TICK ts_ns=1777216115794759810 pid=24362 tid=24374 comm=G1 Service state=S cpus=0-3 vol=229 nonvol=6 sched=13919684 40132997 235
TICK ts_ns=1777216115794759810 pid=24362 tid=24375 comm=VM Periodic Tas state=S cpus=0-3 vol=3164 nonvol=108 sched=152957518 326662983 3256
TICK ts_ns=1777216115794759810 pid=24362 tid=24379 comm=VM Thread state=S cpus=0-3 vol=643 nonvol=109 sched=128634485 46889444 752
TICK ts_ns=1777216115794759810 pid=24362 tid=24382 comm=Reference Handl state=S cpus=0-3 vol=45 nonvol=3 sched=7435537 9223074 48
TICK ts_ns=1777216115794759810 pid=24362 tid=24383 comm=Finalizer state=S cpus=0-3 vol=12 nonvol=0 sched=1325230 1040310 12
TICK ts_ns=1777216115794759810 pid=24362 tid=24384 comm=Signal Dispatch state=S cpus=0-3 vol=2 nonvol=0 sched=184845 0 2
TICK ts_ns=1777216115794759810 pid=24362 tid=24385 comm=Service Thread state=S cpus=0-3 vol=55 nonvol=3 sched=7349842 8938849 58
TICK ts_ns=1777216115794759810 pid=24362 tid=24386 comm=Monitor Deflati state=S cpus=0-3 vol=636 nonvol=12 sched=26165158 52582854 642
TICK ts_ns=1777216115794759810 pid=24362 tid=24387 comm=C2 CompilerThre state=S cpus=0-3 vol=5083 nonvol=4738 sched=30618789931 2811939857 9814
TICK ts_ns=1777216115794759810 pid=24362 tid=24389 comm=C1 CompilerThre state=S cpus=0-3 vol=6953 nonvol=2307 sched=7317825165 2648420409 9250
TICK ts_ns=1777216115794759810 pid=24362 tid=24395 comm=Notification Th state=S cpus=0-3 vol=2 nonvol=0 sched=199076 0 2
TICK ts_ns=1777216115794759810 pid=24362 tid=24398 comm=Common-Cleaner state=S cpus=0-3 vol=7 nonvol=0 sched=1053692 47769 7
TICK ts_ns=1777216115794759810 pid=24362 tid=24429 comm=GC Thread#1 state=S cpus=0-3 vol=780 nonvol=49 sched=114213099 194992448 828
TICK ts_ns=1777216115794759810 pid=24362 tid=24431 comm=GC Thread#2 state=S cpus=0-3 vol=744 nonvol=87 sched=111869373 197207603 831
TICK ts_ns=1777216115794759810 pid=24362 tid=24432 comm=GC Thread#3 state=S cpus=0-3 vol=760 nonvol=32 sched=113195023 215527000 791
TICK ts_ns=1777216115794759810 pid=24362 tid=24475 comm=GC Thread#4 state=S cpus=0-3 vol=721 nonvol=33 sched=131384188 191812935 753
TICK ts_ns=1777216115794759810 pid=24362 tid=24514 comm=GC Thread#5 state=S cpus=0-3 vol=744 nonvol=36 sched=132107542 173320768 780
TICK ts_ns=1777216115794759810 pid=24362 tid=24515 comm=GC Thread#6 state=S cpus=0-3 vol=724 nonvol=192 sched=132682683 170169243 916
TICK ts_ns=1777216115794759810 pid=24362 tid=24539 comm=GC Thread#7 state=S cpus=0-3 vol=754 nonvol=109 sched=120601531 176806773 862
TICK ts_ns=1777216115794759810 pid=24362 tid=24598 comm=java state=S cpus=0-3 vol=5 nonvol=1 sched=614229 717846 6
TICK ts_ns=1777216115794759810 pid=24362 tid=24605 comm=G1 Conc#1 state=S cpus=0-3 vol=57 nonvol=171 sched=691909689 232906697 228
TICK ts_ns=1777216115794759810 pid=24362 tid=24612 comm=AWT-XAWT state=S cpus=0-3 vol=17563 nonvol=1156 sched=1327780322 3480232982 18680
TICK ts_ns=1777216115794759810 pid=24362 tid=24616 comm=AWT-Shutdown state=S cpus=0-3 vol=9 nonvol=0 sched=659311 319614 9
TICK ts_ns=1777216115794759810 pid=24362 tid=24617 comm=AWT-EventQueue- state=S cpus=0-3 vol=2864 nonvol=1052 sched=2263786631 783987027 3910
TICK ts_ns=1777216115794759810 pid=24362 tid=24637 comm=Java2D Disposer state=S cpus=0-3 vol=22 nonvol=1 sched=6311230 2919077 23
TICK ts_ns=1777216115794759810 pid=24362 tid=24653 comm=TimerQueue state=S cpus=0-3 vol=222 nonvol=20 sched=28564532 38620307 241
TICK ts_ns=1777216115794759810 pid=24362 tid=24674 comm=logback-1 state=S cpus=0-3 vol=3 nonvol=1 sched=11873541 1385692 4
TICK ts_ns=1777216115794759810 pid=24362 tid=24749 comm=OkHttp static.r state=S cpus=0-3 vol=13 nonvol=5 sched=4660920 2826998 18
TICK ts_ns=1777216115794759810 pid=24362 tid=24750 comm=OkHttp static.r state=S cpus=0-3 vol=21 nonvol=19 sched=27178305 6601462 40
TICK ts_ns=1777216115794759810 pid=24362 tid=24751 comm=OkHttp Connecti state=S cpus=0-3 vol=11 nonvol=0 sched=793387 0 11
TICK ts_ns=1777216115794759810 pid=24362 tid=24976 comm=pool-2-thread-1 state=S cpus=0-3 vol=909 nonvol=190 sched=250132402 113142778 1091
TICK ts_ns=1777216115794759810 pid=24362 tid=25028 comm=Thread-1 state=S cpus=0-3 vol=19 nonvol=5 sched=3691616 1254922 24
TICK ts_ns=1777216115794759810 pid=24362 tid=25029 comm=Client state=R cpus=0-3 vol=98073 nonvol=32717 sched=44911455934 13021465910 130805
TICK ts_ns=1777216115794759810 pid=24362 tid=25035 comm=Thread-3 state=S cpus=0-3 vol=16 nonvol=14 sched=16149386 18778694 29
TICK ts_ns=1777216115794759810 pid=24362 tid=25320 comm=cache io state=S cpus=0-3 vol=3875 nonvol=647 sched=1123422450 416119106 4515
TICK ts_ns=1777216115794759810 pid=24362 tid=25405 comm=pool-4-thread-1 state=S cpus=0-3 vol=144 nonvol=23 sched=22297072 10754228 165
TICK ts_ns=1777216115794759810 pid=24362 tid=25436 comm=Java Sound Even state=S cpus=0-3 vol=2 nonvol=0 sched=211230 0 2
TICK ts_ns=1777216115794759810 pid=24362 tid=25437 comm=threaded-ml state=S cpus=0-3 vol=14170 nonvol=2914 sched=1983121447 1772057502 17058
TICK ts_ns=1777216115794759810 pid=24362 tid=25438 comm=Sound Engine state=S cpus=0-3 vol=15568 nonvol=1494 sched=2602002978 1865642177 17016
TICK ts_ns=1777216115794759810 pid=24362 tid=25445 comm=java:disk$0 state=S cpus=0-3 vol=1 nonvol=0 sched=198230 20923 1
TICK ts_ns=1777216115794759810 pid=24362 tid=25529 comm=Thread-7 state=S cpus=0-3 vol=7495 nonvol=3569 sched=959844333 1188015027 11049
TICK ts_ns=1777216115794759810 pid=24362 tid=25530 comm=Thread-8 state=S cpus=0-3 vol=882 nonvol=408 sched=134361833 217254164 1288
TICK ts_ns=1777216115794759810 pid=24362 tid=27348 comm=Thread-9 state=S cpus=0-3 vol=5768 nonvol=189 sched=272454598 600089323 5933
TICK ts_ns=1777216115794759810 pid=24362 tid=29469 comm=Thread-10 state=S cpus=0-3 vol=220 nonvol=38 sched=12801529 29076923 257
TICK ts_ns=1777216115794759810 pid=24362 tid=29471 comm=Thread-11 state=S cpus=0-3 vol=149 nonvol=122 sched=36178077 47462689 271
TICK ts_ns=1777216115794759810 pid=24362 tid=30154 comm=Map Loader state=S cpus=0-3 vol=38 nonvol=732 sched=1788449153 748510157 769
TICK ts_ns=1777216115794759810 pid=24139 tid=24139 comm=virgl_test_serv state=S cpus=0-3 vol=27 nonvol=23 sched=12235460 2971692 50
GPU_BUSY ts_ns=1777216115794759810 path=/sys/kernel/gpu/gpu_busy val=0 %
TICK ts_ns=1777216121893045041 pid=24362 tid=21335 comm=Okio Watchdog state=S cpus=0-3 vol=1 nonvol=2 sched=245615 118462 3
TICK ts_ns=1777216121893045041 pid=24362 tid=24362 comm=java state=S cpus=0-3 vol=3 nonvol=1 sched=11857539 190077 4
TICK ts_ns=1777216121893045041 pid=24362 tid=24365 comm=java state=S cpus=0-3 vol=2382 nonvol=440 sched=1991304921 58283012 2822
TICK ts_ns=1777216121893045041 pid=24362 tid=24369 comm=GC Thread#0 state=S cpus=0-3 vol=751 nonvol=177 sched=131895239 230672533 928
TICK ts_ns=1777216121893045041 pid=24362 tid=24370 comm=G1 Main Marker state=S cpus=0-3 vol=76 nonvol=2 sched=6643394 29545074 78
TICK ts_ns=1777216121893045041 pid=24362 tid=24371 comm=G1 Conc#0 state=S cpus=0-3 vol=63 nonvol=144 sched=666609689 268828300 207
TICK ts_ns=1777216121893045041 pid=24362 tid=24373 comm=G1 Refine#0 state=S cpus=0-3 vol=1796 nonvol=109 sched=189483947 273592616 1899
TICK ts_ns=1777216121893045041 pid=24362 tid=24374 comm=G1 Service state=S cpus=0-3 vol=235 nonvol=7 sched=14365220 40369459 242
TICK ts_ns=1777216121893045041 pid=24362 tid=24375 comm=VM Periodic Tas state=S cpus=0-3 vol=3289 nonvol=114 sched=159910831 339298908 3388
TICK ts_ns=1777216121893045041 pid=24362 tid=24379 comm=VM Thread state=S cpus=0-3 vol=650 nonvol=109 sched=129017100 46915598 759
TICK ts_ns=1777216121893045041 pid=24362 tid=24382 comm=Reference Handl state=S cpus=0-3 vol=45 nonvol=3 sched=7435537 9223074 48
TICK ts_ns=1777216121893045041 pid=24362 tid=24383 comm=Finalizer state=S cpus=0-3 vol=12 nonvol=0 sched=1325230 1040310 12
TICK ts_ns=1777216121893045041 pid=24362 tid=24384 comm=Signal Dispatch state=S cpus=0-3 vol=2 nonvol=0 sched=184845 0 2
TICK ts_ns=1777216121893045041 pid=24362 tid=24385 comm=Service Thread state=S cpus=0-3 vol=55 nonvol=3 sched=7349842 8938849 58
TICK ts_ns=1777216121893045041 pid=24362 tid=24386 comm=Monitor Deflati state=S cpus=0-3 vol=661 nonvol=12 sched=27089308 54447549 667
TICK ts_ns=1777216121893045041 pid=24362 tid=24387 comm=C2 CompilerThre state=S cpus=0-3 vol=5105 nonvol=4782 sched=31299818385 2827270013 9880
TICK ts_ns=1777216121893045041 pid=24362 tid=24389 comm=C1 CompilerThre state=S cpus=0-3 vol=6981 nonvol=2313 sched=7335943550 2653375406 9284
TICK ts_ns=1777216121893045041 pid=24362 tid=24395 comm=Notification Th state=S cpus=0-3 vol=2 nonvol=0 sched=199076 0 2
TICK ts_ns=1777216121893045041 pid=24362 tid=24398 comm=Common-Cleaner state=S cpus=0-3 vol=7 nonvol=0 sched=1053692 47769 7
TICK ts_ns=1777216121893045041 pid=24362 tid=24429 comm=GC Thread#1 state=S cpus=0-3 vol=780 nonvol=49 sched=114213099 194992448 828
TICK ts_ns=1777216121893045041 pid=24362 tid=24431 comm=GC Thread#2 state=S cpus=0-3 vol=744 nonvol=87 sched=111869373 197207603 831
TICK ts_ns=1777216121893045041 pid=24362 tid=24432 comm=GC Thread#3 state=S cpus=0-3 vol=760 nonvol=32 sched=113195023 215527000 791
TICK ts_ns=1777216121893045041 pid=24362 tid=24475 comm=GC Thread#4 state=S cpus=0-3 vol=721 nonvol=33 sched=131384188 191812935 753
TICK ts_ns=1777216121893045041 pid=24362 tid=24514 comm=GC Thread#5 state=S cpus=0-3 vol=744 nonvol=36 sched=132107542 173320768 780
TICK ts_ns=1777216121893045041 pid=24362 tid=24515 comm=GC Thread#6 state=S cpus=0-3 vol=724 nonvol=192 sched=132682683 170169243 916
TICK ts_ns=1777216121893045041 pid=24362 tid=24539 comm=GC Thread#7 state=S cpus=0-3 vol=754 nonvol=109 sched=120601531 176806773 862
TICK ts_ns=1777216121893045041 pid=24362 tid=24598 comm=java state=S cpus=0-3 vol=5 nonvol=1 sched=614229 717846 6
TICK ts_ns=1777216121893045041 pid=24362 tid=24605 comm=G1 Conc#1 state=S cpus=0-3 vol=57 nonvol=171 sched=691909689 232906697 228
TICK ts_ns=1777216121893045041 pid=24362 tid=24612 comm=AWT-XAWT state=S cpus=0-3 vol=17750 nonvol=1165 sched=1343698476 3549846677 18876
TICK ts_ns=1777216121893045041 pid=24362 tid=24616 comm=AWT-Shutdown state=S cpus=0-3 vol=9 nonvol=0 sched=659311 319614 9
TICK ts_ns=1777216121893045041 pid=24362 tid=24617 comm=AWT-EventQueue- state=S cpus=0-3 vol=2869 nonvol=1059 sched=2266574477 790699719 3922
TICK ts_ns=1777216121893045041 pid=24362 tid=24637 comm=Java2D Disposer state=S cpus=0-3 vol=22 nonvol=1 sched=6311230 2919077 23
TICK ts_ns=1777216121893045041 pid=24362 tid=24653 comm=TimerQueue state=S cpus=0-3 vol=222 nonvol=20 sched=28564532 38620307 241
TICK ts_ns=1777216121893045041 pid=24362 tid=24674 comm=logback-1 state=S cpus=0-3 vol=3 nonvol=1 sched=11873541 1385692 4
TICK ts_ns=1777216121893045041 pid=24362 tid=24749 comm=OkHttp static.r state=S cpus=0-3 vol=13 nonvol=5 sched=4660920 2826998 18
TICK ts_ns=1777216121893045041 pid=24362 tid=24750 comm=OkHttp static.r state=S cpus=0-3 vol=22 nonvol=19 sched=27716074 6762385 41
TICK ts_ns=1777216121893045041 pid=24362 tid=24751 comm=OkHttp Connecti state=S cpus=0-3 vol=12 nonvol=0 sched=887772 630769 12
TICK ts_ns=1777216121893045041 pid=24362 tid=24976 comm=pool-2-thread-1 state=S cpus=0-3 vol=950 nonvol=192 sched=258592323 118396625 1134
TICK ts_ns=1777216121893045041 pid=24362 tid=25028 comm=Thread-1 state=S cpus=0-3 vol=19 nonvol=5 sched=3691616 1254922 24
TICK ts_ns=1777216121893045041 pid=24362 tid=25029 comm=Client state=S cpus=0-3 vol=101841 nonvol=33771 sched=46749872323 13448141226 135609
TICK ts_ns=1777216121893045041 pid=24362 tid=25035 comm=Thread-3 state=S cpus=0-3 vol=16 nonvol=14 sched=16149386 18778694 29
TICK ts_ns=1777216121893045041 pid=24362 tid=25320 comm=cache io state=S cpus=0-3 vol=4001 nonvol=654 sched=1139529063 430004878 4648
TICK ts_ns=1777216121893045041 pid=24362 tid=25405 comm=pool-4-thread-1 state=S cpus=0-3 vol=150 nonvol=24 sched=22815534 10814228 172
TICK ts_ns=1777216121893045041 pid=24362 tid=25436 comm=Java Sound Even state=S cpus=0-3 vol=2 nonvol=0 sched=211230 0 2
TICK ts_ns=1777216121893045041 pid=24362 tid=25437 comm=threaded-ml state=S cpus=0-3 vol=14761 nonvol=3020 sched=2066908925 1834416974 17753
TICK ts_ns=1777216121893045041 pid=24362 tid=25438 comm=Sound Engine state=S cpus=0-3 vol=16204 nonvol=1530 sched=2694009680 1925118410 17687
TICK ts_ns=1777216121893045041 pid=24362 tid=25445 comm=java:disk$0 state=S cpus=0-3 vol=1 nonvol=0 sched=198230 20923 1
TICK ts_ns=1777216121893045041 pid=24362 tid=25529 comm=Thread-7 state=S cpus=0-3 vol=7734 nonvol=3714 sched=995657331 1234774405 11433
TICK ts_ns=1777216121893045041 pid=24362 tid=25530 comm=Thread-8 state=S cpus=0-3 vol=884 nonvol=410 sched=134890527 217706548 1292
TICK ts_ns=1777216121893045041 pid=24362 tid=27348 comm=Thread-9 state=S cpus=0-3 vol=6020 nonvol=196 sched=284685673 623770942 6189
TICK ts_ns=1777216121893045041 pid=24362 tid=29469 comm=Thread-10 state=S cpus=0-3 vol=231 nonvol=39 sched=13553684 30492846 269
TICK ts_ns=1777216121893045041 pid=24362 tid=29471 comm=Thread-11 state=S cpus=0-3 vol=156 nonvol=127 sched=38039233 48275688 283
TICK ts_ns=1777216121893045041 pid=24362 tid=30154 comm=Map Loader state=S cpus=0-3 vol=38 nonvol=732 sched=1788449153 748510157 769
TICK ts_ns=1777216121893045041 pid=24139 tid=24139 comm=virgl_test_serv state=S cpus=0-3 vol=27 nonvol=23 sched=12235460 2971692 50
GPU_BUSY ts_ns=1777216121893045041 path=/sys/kernel/gpu/gpu_busy val=50 %
TICK ts_ns=1777216128195277734 pid=24362 tid=21335 comm=Okio Watchdog state=S cpus=0-3 vol=1 nonvol=2 sched=245615 118462 3
TICK ts_ns=1777216128195277734 pid=24362 tid=24362 comm=java state=S cpus=0-3 vol=3 nonvol=1 sched=11857539 190077 4
TICK ts_ns=1777216128195277734 pid=24362 tid=24365 comm=java state=S cpus=0-3 vol=2382 nonvol=440 sched=1991304921 58283012 2822
TICK ts_ns=1777216128195277734 pid=24362 tid=24369 comm=GC Thread#0 state=S cpus=0-3 vol=751 nonvol=177 sched=131895239 230672533 928
TICK ts_ns=1777216128195277734 pid=24362 tid=24370 comm=G1 Main Marker state=S cpus=0-3 vol=76 nonvol=2 sched=6643394 29545074 78
TICK ts_ns=1777216128195277734 pid=24362 tid=24371 comm=G1 Conc#0 state=S cpus=0-3 vol=63 nonvol=144 sched=666609689 268828300 207
TICK ts_ns=1777216128195277734 pid=24362 tid=24373 comm=G1 Refine#0 state=S cpus=0-3 vol=1825 nonvol=109 sched=191708868 276049615 1928
TICK ts_ns=1777216128195277734 pid=24362 tid=24374 comm=G1 Service state=S cpus=0-3 vol=241 nonvol=8 sched=14807990 42381767 249
TICK ts_ns=1777216128195277734 pid=24362 tid=24375 comm=VM Periodic Tas state=S cpus=0-3 vol=3415 nonvol=119 sched=166311600 354895752 3517
TICK ts_ns=1777216128195277734 pid=24362 tid=24379 comm=VM Thread state=S cpus=0-3 vol=658 nonvol=109 sched=129660023 47154444 767
TICK ts_ns=1777216128195277734 pid=24362 tid=24382 comm=Reference Handl state=S cpus=0-3 vol=45 nonvol=3 sched=7435537 9223074 48
TICK ts_ns=1777216128195277734 pid=24362 tid=24383 comm=Finalizer state=S cpus=0-3 vol=12 nonvol=0 sched=1325230 1040310 12
TICK ts_ns=1777216128195277734 pid=24362 tid=24384 comm=Signal Dispatch state=S cpus=0-3 vol=2 nonvol=0 sched=184845 0 2
TICK ts_ns=1777216128195277734 pid=24362 tid=24385 comm=Service Thread state=S cpus=0-3 vol=55 nonvol=3 sched=7349842 8938849 58
TICK ts_ns=1777216128195277734 pid=24362 tid=24386 comm=Monitor Deflati state=S cpus=0-3 vol=686 nonvol=14 sched=28204917 55030396 694
TICK ts_ns=1777216128195277734 pid=24362 tid=24387 comm=C2 CompilerThre state=S cpus=0-3 vol=5134 nonvol=4833 sched=31878857240 2848017703 9963
TICK ts_ns=1777216128195277734 pid=24362 tid=24389 comm=C1 CompilerThre state=S cpus=0-3 vol=7018 nonvol=2323 sched=7387052326 2662418100 9331
TICK ts_ns=1777216128195277734 pid=24362 tid=24395 comm=Notification Th state=S cpus=0-3 vol=2 nonvol=0 sched=199076 0 2
TICK ts_ns=1777216128195277734 pid=24362 tid=24398 comm=Common-Cleaner state=S cpus=0-3 vol=7 nonvol=0 sched=1053692 47769 7
TICK ts_ns=1777216128195277734 pid=24362 tid=24429 comm=GC Thread#1 state=S cpus=0-3 vol=780 nonvol=49 sched=114213099 194992448 828
TICK ts_ns=1777216128195277734 pid=24362 tid=24431 comm=GC Thread#2 state=S cpus=0-3 vol=744 nonvol=87 sched=111869373 197207603 831
TICK ts_ns=1777216128195277734 pid=24362 tid=24432 comm=GC Thread#3 state=S cpus=0-3 vol=760 nonvol=32 sched=113195023 215527000 791
TICK ts_ns=1777216128195277734 pid=24362 tid=24475 comm=GC Thread#4 state=S cpus=0-3 vol=721 nonvol=33 sched=131384188 191812935 753
TICK ts_ns=1777216128195277734 pid=24362 tid=24514 comm=GC Thread#5 state=S cpus=0-3 vol=744 nonvol=36 sched=132107542 173320768 780
TICK ts_ns=1777216128195277734 pid=24362 tid=24515 comm=GC Thread#6 state=S cpus=0-3 vol=724 nonvol=192 sched=132682683 170169243 916
TICK ts_ns=1777216128195277734 pid=24362 tid=24539 comm=GC Thread#7 state=S cpus=0-3 vol=754 nonvol=109 sched=120601531 176806773 862
TICK ts_ns=1777216128195277734 pid=24362 tid=24598 comm=java state=S cpus=0-3 vol=5 nonvol=1 sched=614229 717846 6
TICK ts_ns=1777216128195277734 pid=24362 tid=24605 comm=G1 Conc#1 state=S cpus=0-3 vol=57 nonvol=171 sched=691909689 232906697 228
TICK ts_ns=1777216128195277734 pid=24362 tid=24612 comm=AWT-XAWT state=S cpus=0-3 vol=17938 nonvol=1171 sched=1359705086 3652219528 19069
TICK ts_ns=1777216128195277734 pid=24362 tid=24616 comm=AWT-Shutdown state=S cpus=0-3 vol=9 nonvol=0 sched=659311 319614 9
TICK ts_ns=1777216128195277734 pid=24362 tid=24617 comm=AWT-EventQueue- state=S cpus=0-3 vol=2874 nonvol=1059 sched=2269084551 791368565 3927
TICK ts_ns=1777216128195277734 pid=24362 tid=24637 comm=Java2D Disposer state=S cpus=0-3 vol=22 nonvol=1 sched=6311230 2919077 23
TICK ts_ns=1777216128195277734 pid=24362 tid=24653 comm=TimerQueue state=S cpus=0-3 vol=222 nonvol=20 sched=28564532 38620307 241
TICK ts_ns=1777216128195277734 pid=24362 tid=24674 comm=logback-1 state=S cpus=0-3 vol=3 nonvol=1 sched=11873541 1385692 4
TICK ts_ns=1777216128195277734 pid=24362 tid=24749 comm=OkHttp static.r state=S cpus=0-3 vol=13 nonvol=5 sched=4660920 2826998 18
TICK ts_ns=1777216128195277734 pid=24362 tid=24750 comm=OkHttp static.r state=S cpus=0-3 vol=22 nonvol=19 sched=27716074 6762385 41
TICK ts_ns=1777216128195277734 pid=24362 tid=24751 comm=OkHttp Connecti state=S cpus=0-3 vol=12 nonvol=0 sched=887772 630769 12
TICK ts_ns=1777216128195277734 pid=24362 tid=24976 comm=pool-2-thread-1 state=S cpus=0-3 vol=981 nonvol=193 sched=261418090 121576625 1166
TICK ts_ns=1777216128195277734 pid=24362 tid=25028 comm=Thread-1 state=S cpus=0-3 vol=19 nonvol=5 sched=3691616 1254922 24
TICK ts_ns=1777216128195277734 pid=24362 tid=25029 comm=Client state=R cpus=0-3 vol=105381 nonvol=34835 sched=48523918024 13856034636 140215
TICK ts_ns=1777216128195277734 pid=24362 tid=25035 comm=Thread-3 state=S cpus=0-3 vol=16 nonvol=14 sched=16149386 18778694 29
TICK ts_ns=1777216128195277734 pid=24362 tid=25320 comm=cache io state=S cpus=0-3 vol=4125 nonvol=658 sched=1147813524 447768953 4776
TICK ts_ns=1777216128195277734 pid=24362 tid=25405 comm=pool-4-thread-1 state=S cpus=0-3 vol=156 nonvol=24 sched=23366072 10986690 178
TICK ts_ns=1777216128195277734 pid=24362 tid=25436 comm=Java Sound Even state=S cpus=0-3 vol=2 nonvol=0 sched=211230 0 2
TICK ts_ns=1777216128195277734 pid=24362 tid=25437 comm=threaded-ml state=S cpus=0-3 vol=15349 nonvol=3144 sched=2149071534 1898534733 18463
TICK ts_ns=1777216128195277734 pid=24362 tid=25438 comm=Sound Engine state=S cpus=0-3 vol=16833 nonvol=1576 sched=2785218354 1980491411 18363
TICK ts_ns=1777216128195277734 pid=24362 tid=25445 comm=java:disk$0 state=S cpus=0-3 vol=1 nonvol=0 sched=198230 20923 1
TICK ts_ns=1777216128195277734 pid=24362 tid=25529 comm=Thread-7 state=S cpus=0-3 vol=7969 nonvol=3849 sched=1031114010 1275243862 11802
TICK ts_ns=1777216128195277734 pid=24362 tid=25530 comm=Thread-8 state=S cpus=0-3 vol=886 nonvol=413 sched=135248450 217986549 1296
TICK ts_ns=1777216128195277734 pid=24362 tid=27348 comm=Thread-9 state=S cpus=0-3 vol=6268 nonvol=201 sched=297053676 645512022 6443
TICK ts_ns=1777216128195277734 pid=24362 tid=29469 comm=Thread-10 state=S cpus=0-3 vol=241 nonvol=42 sched=14193375 31771694 282
TICK ts_ns=1777216128195277734 pid=24362 tid=29471 comm=Thread-11 state=S cpus=0-3 vol=163 nonvol=132 sched=40139001 51137456 295
TICK ts_ns=1777216128195277734 pid=24362 tid=30154 comm=Map Loader state=S cpus=0-3 vol=38 nonvol=732 sched=1788449153 748510157 769
TICK ts_ns=1777216128195277734 pid=24139 tid=24139 comm=virgl_test_serv state=S cpus=0-3 vol=27 nonvol=23 sched=12235460 2971692 50
GPU_BUSY ts_ns=1777216128195277734 path=/sys/kernel/gpu/gpu_busy val=24 %
TICK ts_ns=1777216134476274273 pid=24362 tid=21335 comm=Okio Watchdog state=S cpus=0-3 vol=2 nonvol=2 sched=319615 118462 4
TICK ts_ns=1777216134476274273 pid=24362 tid=24362 comm=java state=S cpus=0-3 vol=3 nonvol=1 sched=11857539 190077 4
TICK ts_ns=1777216134476274273 pid=24362 tid=24365 comm=java state=S cpus=0-3 vol=2382 nonvol=440 sched=1991304921 58283012 2822
TICK ts_ns=1777216134476274273 pid=24362 tid=24369 comm=GC Thread#0 state=S cpus=0-3 vol=751 nonvol=177 sched=131895239 230672533 928
TICK ts_ns=1777216134476274273 pid=24362 tid=24370 comm=G1 Main Marker state=S cpus=0-3 vol=76 nonvol=2 sched=6643394 29545074 78
TICK ts_ns=1777216134476274273 pid=24362 tid=24371 comm=G1 Conc#0 state=S cpus=0-3 vol=63 nonvol=144 sched=666609689 268828300 207
TICK ts_ns=1777216134476274273 pid=24362 tid=24373 comm=G1 Refine#0 state=S cpus=0-3 vol=1857 nonvol=109 sched=194004016 280264229 1960
TICK ts_ns=1777216134476274273 pid=24362 tid=24374 comm=G1 Service state=S cpus=0-3 vol=247 nonvol=9 sched=15093299 44086382 256
TICK ts_ns=1777216134476274273 pid=24362 tid=24375 comm=VM Periodic Tas state=S cpus=0-3 vol=3542 nonvol=125 sched=173097446 367714753 3649
TICK ts_ns=1777216134476274273 pid=24362 tid=24379 comm=VM Thread state=S cpus=0-3 vol=664 nonvol=110 sched=130111176 47402444 774
TICK ts_ns=1777216134476274273 pid=24362 tid=24382 comm=Reference Handl state=S cpus=0-3 vol=45 nonvol=3 sched=7435537 9223074 48
TICK ts_ns=1777216134476274273 pid=24362 tid=24383 comm=Finalizer state=S cpus=0-3 vol=12 nonvol=0 sched=1325230 1040310 12
TICK ts_ns=1777216134476274273 pid=24362 tid=24384 comm=Signal Dispatch state=S cpus=0-3 vol=2 nonvol=0 sched=184845 0 2
TICK ts_ns=1777216134476274273 pid=24362 tid=24385 comm=Service Thread state=S cpus=0-3 vol=55 nonvol=3 sched=7349842 8938849 58
TICK ts_ns=1777216134476274273 pid=24362 tid=24386 comm=Monitor Deflati state=S cpus=0-3 vol=711 nonvol=15 sched=29354377 57156934 720
TICK ts_ns=1777216134476274273 pid=24362 tid=24387 comm=C2 CompilerThre state=S cpus=0-3 vol=5154 nonvol=4879 sched=32491041254 2856388316 10026
TICK ts_ns=1777216134476274273 pid=24362 tid=24389 comm=C1 CompilerThre state=S cpus=0-3 vol=7037 nonvol=2325 sched=7390656476 2664471331 9352
TICK ts_ns=1777216134476274273 pid=24362 tid=24395 comm=Notification Th state=S cpus=0-3 vol=2 nonvol=0 sched=199076 0 2
TICK ts_ns=1777216134476274273 pid=24362 tid=24398 comm=Common-Cleaner state=S cpus=0-3 vol=7 nonvol=0 sched=1053692 47769 7
TICK ts_ns=1777216134476274273 pid=24362 tid=24429 comm=GC Thread#1 state=S cpus=0-3 vol=780 nonvol=49 sched=114213099 194992448 828
TICK ts_ns=1777216134476274273 pid=24362 tid=24431 comm=GC Thread#2 state=S cpus=0-3 vol=744 nonvol=87 sched=111869373 197207603 831
TICK ts_ns=1777216134476274273 pid=24362 tid=24432 comm=GC Thread#3 state=S cpus=0-3 vol=760 nonvol=32 sched=113195023 215527000 791
TICK ts_ns=1777216134476274273 pid=24362 tid=24475 comm=GC Thread#4 state=S cpus=0-3 vol=721 nonvol=33 sched=131384188 191812935 753
TICK ts_ns=1777216134476274273 pid=24362 tid=24514 comm=GC Thread#5 state=S cpus=0-3 vol=744 nonvol=36 sched=132107542 173320768 780
TICK ts_ns=1777216134476274273 pid=24362 tid=24515 comm=GC Thread#6 state=S cpus=0-3 vol=724 nonvol=192 sched=132682683 170169243 916
TICK ts_ns=1777216134476274273 pid=24362 tid=24539 comm=GC Thread#7 state=S cpus=0-3 vol=754 nonvol=109 sched=120601531 176806773 862
TICK ts_ns=1777216134476274273 pid=24362 tid=24598 comm=java state=S cpus=0-3 vol=5 nonvol=1 sched=614229 717846 6
TICK ts_ns=1777216134476274273 pid=24362 tid=24605 comm=G1 Conc#1 state=S cpus=0-3 vol=57 nonvol=171 sched=691909689 232906697 228
TICK ts_ns=1777216134476274273 pid=24362 tid=24612 comm=AWT-XAWT state=S cpus=0-3 vol=18124 nonvol=1178 sched=1375235925 3771386143 19264
TICK ts_ns=1777216134476274273 pid=24362 tid=24616 comm=AWT-Shutdown state=S cpus=0-3 vol=9 nonvol=0 sched=659311 319614 9
TICK ts_ns=1777216134476274273 pid=24362 tid=24617 comm=AWT-EventQueue- state=S cpus=0-3 vol=2879 nonvol=1063 sched=2271550319 795991949 3936
TICK ts_ns=1777216134476274273 pid=24362 tid=24637 comm=Java2D Disposer state=S cpus=0-3 vol=22 nonvol=1 sched=6311230 2919077 23
TICK ts_ns=1777216134476274273 pid=24362 tid=24653 comm=TimerQueue state=S cpus=0-3 vol=222 nonvol=20 sched=28564532 38620307 241
TICK ts_ns=1777216134476274273 pid=24362 tid=24674 comm=logback-1 state=S cpus=0-3 vol=3 nonvol=1 sched=11873541 1385692 4
TICK ts_ns=1777216134476274273 pid=24362 tid=24749 comm=OkHttp static.r state=S cpus=0-3 vol=13 nonvol=5 sched=4660920 2826998 18
TICK ts_ns=1777216134476274273 pid=24362 tid=24750 comm=OkHttp static.r state=S cpus=0-3 vol=22 nonvol=19 sched=27716074 6762385 41
TICK ts_ns=1777216134476274273 pid=24362 tid=24751 comm=OkHttp Connecti state=S cpus=0-3 vol=12 nonvol=0 sched=887772 630769 12
TICK ts_ns=1777216134476274273 pid=24362 tid=24976 comm=pool-2-thread-1 state=S cpus=0-3 vol=1014 nonvol=197 sched=265083316 123587550 1203
TICK ts_ns=1777216134476274273 pid=24362 tid=25028 comm=Thread-1 state=S cpus=0-3 vol=19 nonvol=5 sched=3691616 1254922 24
TICK ts_ns=1777216134476274273 pid=24362 tid=25029 comm=Client state=S cpus=0-3 vol=109295 nonvol=35755 sched=50197607947 14281258106 145066
TICK ts_ns=1777216134476274273 pid=24362 tid=25035 comm=Thread-3 state=S cpus=0-3 vol=16 nonvol=14 sched=16149386 18778694 29
TICK ts_ns=1777216134476274273 pid=24362 tid=25320 comm=cache io state=S cpus=0-3 vol=4247 nonvol=666 sched=1160315152 462223798 4904
TICK ts_ns=1777216134476274273 pid=24362 tid=25405 comm=pool-4-thread-1 state=S cpus=0-3 vol=162 nonvol=24 sched=24036839 11598690 184
TICK ts_ns=1777216134476274273 pid=24362 tid=25436 comm=Java Sound Even state=S cpus=0-3 vol=2 nonvol=0 sched=211230 0 2
TICK ts_ns=1777216134476274273 pid=24362 tid=25437 comm=threaded-ml state=S cpus=0-3 vol=15914 nonvol=3257 sched=2226208920 1961110190 19141
TICK ts_ns=1777216134476274273 pid=24362 tid=25438 comm=Sound Engine state=S cpus=0-3 vol=17443 nonvol=1636 sched=2872750948 2040319187 19030
TICK ts_ns=1777216134476274273 pid=24362 tid=25445 comm=java:disk$0 state=S cpus=0-3 vol=1 nonvol=0 sched=198230 20923 1
TICK ts_ns=1777216134476274273 pid=24362 tid=25529 comm=Thread-7 state=S cpus=0-3 vol=8188 nonvol=3984 sched=1063842794 1315549312 12157
TICK ts_ns=1777216134476274273 pid=24362 tid=25530 comm=Thread-8 state=S cpus=0-3 vol=887 nonvol=414 sched=135422834 218135471 1298
TICK ts_ns=1777216134476274273 pid=24362 tid=27348 comm=Thread-9 state=S cpus=0-3 vol=6510 nonvol=209 sched=308735517 676650324 6693
TICK ts_ns=1777216134476274273 pid=24362 tid=29469 comm=Thread-10 state=S cpus=0-3 vol=251 nonvol=43 sched=14963526 33136771 293
TICK ts_ns=1777216134476274273 pid=24362 tid=29471 comm=Thread-11 state=S cpus=0-3 vol=170 nonvol=139 sched=41994311 53028225 309
TICK ts_ns=1777216134476274273 pid=24362 tid=30154 comm=Map Loader state=S cpus=0-3 vol=38 nonvol=732 sched=1788449153 748510157 769
TICK ts_ns=1777216134476274273 pid=24139 tid=24139 comm=virgl_test_serv state=S cpus=0-3 vol=27 nonvol=23 sched=12235460 2971692 50
GPU_BUSY ts_ns=1777216134476274273 path=/sys/kernel/gpu/gpu_busy val=0 %
TICK ts_ns=1777216140587822658 pid=24362 tid=21335 comm=Okio Watchdog state=S cpus=0-3 vol=2 nonvol=2 sched=319615 118462 4
TICK ts_ns=1777216140587822658 pid=24362 tid=24362 comm=java state=S cpus=0-3 vol=3 nonvol=1 sched=11857539 190077 4
TICK ts_ns=1777216140587822658 pid=24362 tid=24365 comm=java state=S cpus=0-3 vol=2382 nonvol=440 sched=1991304921 58283012 2822
TICK ts_ns=1777216140587822658 pid=24362 tid=24369 comm=GC Thread#0 state=S cpus=0-3 vol=751 nonvol=177 sched=131895239 230672533 928
TICK ts_ns=1777216140587822658 pid=24362 tid=24370 comm=G1 Main Marker state=S cpus=0-3 vol=76 nonvol=2 sched=6643394 29545074 78
TICK ts_ns=1777216140587822658 pid=24362 tid=24371 comm=G1 Conc#0 state=S cpus=0-3 vol=63 nonvol=144 sched=666609689 268828300 207
TICK ts_ns=1777216140587822658 pid=24362 tid=24373 comm=G1 Refine#0 state=S cpus=0-3 vol=1891 nonvol=110 sched=196786328 283170461 1995
TICK ts_ns=1777216140587822658 pid=24362 tid=24374 comm=G1 Service state=S cpus=0-3 vol=253 nonvol=9 sched=15381759 44141151 262
TICK ts_ns=1777216140587822658 pid=24362 tid=24375 comm=VM Periodic Tas state=S cpus=0-3 vol=3664 nonvol=126 sched=179053367 379696606 3773
TICK ts_ns=1777216140587822658 pid=24362 tid=24379 comm=VM Thread state=S cpus=0-3 vol=672 nonvol=110 sched=130540792 47502059 782
TICK ts_ns=1777216140587822658 pid=24362 tid=24382 comm=Reference Handl state=S cpus=0-3 vol=45 nonvol=3 sched=7435537 9223074 48
TICK ts_ns=1777216140587822658 pid=24362 tid=24383 comm=Finalizer state=S cpus=0-3 vol=12 nonvol=0 sched=1325230 1040310 12
TICK ts_ns=1777216140587822658 pid=24362 tid=24384 comm=Signal Dispatch state=S cpus=0-3 vol=2 nonvol=0 sched=184845 0 2
TICK ts_ns=1777216140587822658 pid=24362 tid=24385 comm=Service Thread state=S cpus=0-3 vol=55 nonvol=3 sched=7349842 8938849 58
TICK ts_ns=1777216140587822658 pid=24362 tid=24386 comm=Monitor Deflati state=S cpus=0-3 vol=738 nonvol=17 sched=30398605 59997395 749
TICK ts_ns=1777216140587822658 pid=24362 tid=24387 comm=C2 CompilerThre state=S cpus=0-3 vol=5163 nonvol=4890 sched=32679098406 2860212162 10046
TICK ts_ns=1777216140587822658 pid=24362 tid=24389 comm=C1 CompilerThre state=S cpus=0-3 vol=7047 nonvol=2327 sched=7397722091 2673511715 9364
TICK ts_ns=1777216140587822658 pid=24362 tid=24395 comm=Notification Th state=S cpus=0-3 vol=2 nonvol=0 sched=199076 0 2
TICK ts_ns=1777216140587822658 pid=24362 tid=24398 comm=Common-Cleaner state=S cpus=0-3 vol=7 nonvol=0 sched=1053692 47769 7
TICK ts_ns=1777216140587822658 pid=24362 tid=24429 comm=GC Thread#1 state=S cpus=0-3 vol=780 nonvol=49 sched=114213099 194992448 828
TICK ts_ns=1777216140587822658 pid=24362 tid=24431 comm=GC Thread#2 state=S cpus=0-3 vol=744 nonvol=87 sched=111869373 197207603 831
TICK ts_ns=1777216140587822658 pid=24362 tid=24432 comm=GC Thread#3 state=S cpus=0-3 vol=760 nonvol=32 sched=113195023 215527000 791
TICK ts_ns=1777216140587822658 pid=24362 tid=24475 comm=GC Thread#4 state=S cpus=0-3 vol=721 nonvol=33 sched=131384188 191812935 753
TICK ts_ns=1777216140587822658 pid=24362 tid=24514 comm=GC Thread#5 state=S cpus=0-3 vol=744 nonvol=36 sched=132107542 173320768 780
TICK ts_ns=1777216140587822658 pid=24362 tid=24515 comm=GC Thread#6 state=S cpus=0-3 vol=724 nonvol=192 sched=132682683 170169243 916
TICK ts_ns=1777216140587822658 pid=24362 tid=24539 comm=GC Thread#7 state=S cpus=0-3 vol=754 nonvol=109 sched=120601531 176806773 862
TICK ts_ns=1777216140587822658 pid=24362 tid=24598 comm=java state=S cpus=0-3 vol=5 nonvol=1 sched=614229 717846 6
TICK ts_ns=1777216140587822658 pid=24362 tid=24605 comm=G1 Conc#1 state=S cpus=0-3 vol=57 nonvol=171 sched=691909689 232906697 228
TICK ts_ns=1777216140587822658 pid=24362 tid=24612 comm=AWT-XAWT state=S cpus=0-3 vol=18319 nonvol=1186 sched=1391245168 3871481607 19466
TICK ts_ns=1777216140587822658 pid=24362 tid=24616 comm=AWT-Shutdown state=S cpus=0-3 vol=9 nonvol=0 sched=659311 319614 9
TICK ts_ns=1777216140587822658 pid=24362 tid=24617 comm=AWT-EventQueue- state=S cpus=0-3 vol=2884 nonvol=1063 sched=2274382703 796890258 3941
TICK ts_ns=1777216140587822658 pid=24362 tid=24637 comm=Java2D Disposer state=S cpus=0-3 vol=22 nonvol=1 sched=6311230 2919077 23
TICK ts_ns=1777216140587822658 pid=24362 tid=24653 comm=TimerQueue state=S cpus=0-3 vol=222 nonvol=20 sched=28564532 38620307 241
TICK ts_ns=1777216140587822658 pid=24362 tid=24674 comm=logback-1 state=S cpus=0-3 vol=3 nonvol=1 sched=11873541 1385692 4
TICK ts_ns=1777216140587822658 pid=24362 tid=24749 comm=OkHttp static.r state=S cpus=0-3 vol=14 nonvol=6 sched=5207226 2947614 20
TICK ts_ns=1777216140587822658 pid=24362 tid=24750 comm=OkHttp static.r state=S cpus=0-3 vol=23 nonvol=21 sched=28205305 7616231 44
TICK ts_ns=1777216140587822658 pid=24362 tid=24751 comm=OkHttp Connecti state=S cpus=0-3 vol=12 nonvol=0 sched=887772 630769 12
TICK ts_ns=1777216140587822658 pid=24362 tid=24976 comm=pool-2-thread-1 state=S cpus=0-3 vol=1045 nonvol=197 sched=267884550 128228858 1234
TICK ts_ns=1777216140587822658 pid=24362 tid=25028 comm=Thread-1 state=S cpus=0-3 vol=19 nonvol=5 sched=3691616 1254922 24
TICK ts_ns=1777216140587822658 pid=24362 tid=25029 comm=Client state=S cpus=0-3 vol=113243 nonvol=36692 sched=51857789091 14658808554 149951
TICK ts_ns=1777216140587822658 pid=24362 tid=25035 comm=Thread-3 state=S cpus=0-3 vol=16 nonvol=14 sched=16149386 18778694 29
TICK ts_ns=1777216140587822658 pid=24362 tid=25320 comm=cache io state=S cpus=0-3 vol=4367 nonvol=675 sched=1174186311 472823491 5035
TICK ts_ns=1777216140587822658 pid=24362 tid=25405 comm=pool-4-thread-1 state=S cpus=0-3 vol=168 nonvol=24 sched=24567991 11927074 190
TICK ts_ns=1777216140587822658 pid=24362 tid=25436 comm=Java Sound Even state=S cpus=0-3 vol=2 nonvol=0 sched=211230 0 2
TICK ts_ns=1777216140587822658 pid=24362 tid=25437 comm=threaded-ml state=S cpus=0-3 vol=16483 nonvol=3380 sched=2304037545 2024352512 19829
TICK ts_ns=1777216140587822658 pid=24362 tid=25438 comm=Sound Engine state=S cpus=0-3 vol=18056 nonvol=1689 sched=2957276789 2096784883 19692
TICK ts_ns=1777216140587822658 pid=24362 tid=25445 comm=java:disk$0 state=S cpus=0-3 vol=1 nonvol=0 sched=198230 20923 1
TICK ts_ns=1777216140587822658 pid=24362 tid=25529 comm=Thread-7 state=S cpus=0-3 vol=8419 nonvol=4127 sched=1098208574 1351338386 12529
TICK ts_ns=1777216140587822658 pid=24362 tid=25530 comm=Thread-8 state=S cpus=0-3 vol=890 nonvol=416 sched=136153527 221677856 1303
TICK ts_ns=1777216140587822658 pid=24362 tid=27348 comm=Thread-9 state=S cpus=0-3 vol=6752 nonvol=215 sched=320777203 703238869 6939
TICK ts_ns=1777216140587822658 pid=24362 tid=29469 comm=Thread-10 state=S cpus=0-3 vol=262 nonvol=46 sched=15759909 36179309 307
TICK ts_ns=1777216140587822658 pid=24362 tid=29471 comm=Thread-11 state=S cpus=0-3 vol=176 nonvol=144 sched=43423620 56368070 319
TICK ts_ns=1777216140587822658 pid=24362 tid=30154 comm=Map Loader state=S cpus=0-3 vol=38 nonvol=732 sched=1788449153 748510157 769
TICK ts_ns=1777216140587822658 pid=24139 tid=24139 comm=virgl_test_serv state=S cpus=0-3 vol=27 nonvol=23 sched=12235460 2971692 50
GPU_BUSY ts_ns=1777216140587822658 path=/sys/kernel/gpu/gpu_busy val=0 %
TICK ts_ns=1777216146693632812 pid=24362 tid=21335 comm=Okio Watchdog state=S cpus=0-3 vol=2 nonvol=2 sched=319615 118462 4
TICK ts_ns=1777216146693632812 pid=24362 tid=24362 comm=java state=S cpus=0-3 vol=3 nonvol=1 sched=11857539 190077 4
TICK ts_ns=1777216146693632812 pid=24362 tid=24365 comm=java state=S cpus=0-3 vol=2382 nonvol=440 sched=1991304921 58283012 2822
TICK ts_ns=1777216146693632812 pid=24362 tid=24369 comm=GC Thread#0 state=S cpus=0-3 vol=751 nonvol=177 sched=131895239 230672533 928
TICK ts_ns=1777216146693632812 pid=24362 tid=24370 comm=G1 Main Marker state=S cpus=0-3 vol=76 nonvol=2 sched=6643394 29545074 78
TICK ts_ns=1777216146693632812 pid=24362 tid=24371 comm=G1 Conc#0 state=S cpus=0-3 vol=63 nonvol=144 sched=666609689 268828300 207
TICK ts_ns=1777216146693632812 pid=24362 tid=24373 comm=G1 Refine#0 state=S cpus=0-3 vol=1930 nonvol=112 sched=200352478 288072538 2036
TICK ts_ns=1777216146693632812 pid=24362 tid=24374 comm=G1 Service state=S cpus=0-3 vol=260 nonvol=9 sched=15724989 44223228 269
TICK ts_ns=1777216146693632812 pid=24362 tid=24375 comm=VM Periodic Tas state=S cpus=0-3 vol=3788 nonvol=129 sched=185147051 392008455 3898
TICK ts_ns=1777216146693632812 pid=24362 tid=24379 comm=VM Thread state=S cpus=0-3 vol=678 nonvol=110 sched=130916716 48066444 788
TICK ts_ns=1777216146693632812 pid=24362 tid=24382 comm=Reference Handl state=S cpus=0-3 vol=45 nonvol=3 sched=7435537 9223074 48
TICK ts_ns=1777216146693632812 pid=24362 tid=24383 comm=Finalizer state=S cpus=0-3 vol=12 nonvol=0 sched=1325230 1040310 12
TICK ts_ns=1777216146693632812 pid=24362 tid=24384 comm=Signal Dispatch state=S cpus=0-3 vol=2 nonvol=0 sched=184845 0 2
TICK ts_ns=1777216146693632812 pid=24362 tid=24385 comm=Service Thread state=S cpus=0-3 vol=55 nonvol=3 sched=7349842 8938849 58
TICK ts_ns=1777216146693632812 pid=24362 tid=24386 comm=Monitor Deflati state=S cpus=0-3 vol=762 nonvol=17 sched=31471144 61325854 773
TICK ts_ns=1777216146693632812 pid=24362 tid=24387 comm=C2 CompilerThre state=S cpus=0-3 vol=5178 nonvol=4898 sched=32799828092 2870676853 10069
TICK ts_ns=1777216146693632812 pid=24362 tid=24389 comm=C1 CompilerThre state=S cpus=0-3 vol=7066 nonvol=2329 sched=7414221250 2686954869 9386
TICK ts_ns=1777216146693632812 pid=24362 tid=24395 comm=Notification Th state=S cpus=0-3 vol=2 nonvol=0 sched=199076 0 2
TICK ts_ns=1777216146693632812 pid=24362 tid=24398 comm=Common-Cleaner state=S cpus=0-3 vol=8 nonvol=0 sched=1148768 47769 8
TICK ts_ns=1777216146693632812 pid=24362 tid=24429 comm=GC Thread#1 state=S cpus=0-3 vol=780 nonvol=49 sched=114213099 194992448 828
TICK ts_ns=1777216146693632812 pid=24362 tid=24431 comm=GC Thread#2 state=S cpus=0-3 vol=744 nonvol=87 sched=111869373 197207603 831
TICK ts_ns=1777216146693632812 pid=24362 tid=24432 comm=GC Thread#3 state=S cpus=0-3 vol=760 nonvol=32 sched=113195023 215527000 791
TICK ts_ns=1777216146693632812 pid=24362 tid=24475 comm=GC Thread#4 state=S cpus=0-3 vol=721 nonvol=33 sched=131384188 191812935 753
TICK ts_ns=1777216146693632812 pid=24362 tid=24514 comm=GC Thread#5 state=S cpus=0-3 vol=744 nonvol=36 sched=132107542 173320768 780
TICK ts_ns=1777216146693632812 pid=24362 tid=24515 comm=GC Thread#6 state=S cpus=0-3 vol=724 nonvol=192 sched=132682683 170169243 916
TICK ts_ns=1777216146693632812 pid=24362 tid=24539 comm=GC Thread#7 state=S cpus=0-3 vol=754 nonvol=109 sched=120601531 176806773 862
TICK ts_ns=1777216146693632812 pid=24362 tid=24598 comm=java state=S cpus=0-3 vol=5 nonvol=1 sched=614229 717846 6
TICK ts_ns=1777216146693632812 pid=24362 tid=24605 comm=G1 Conc#1 state=S cpus=0-3 vol=57 nonvol=171 sched=691909689 232906697 228
TICK ts_ns=1777216146693632812 pid=24362 tid=24612 comm=AWT-XAWT state=S cpus=0-3 vol=18508 nonvol=1190 sched=1406841004 3951307534 19658
TICK ts_ns=1777216146693632812 pid=24362 tid=24616 comm=AWT-Shutdown state=S cpus=0-3 vol=9 nonvol=0 sched=659311 319614 9
TICK ts_ns=1777216146693632812 pid=24362 tid=24617 comm=AWT-EventQueue- state=S cpus=0-3 vol=2889 nonvol=1063 sched=2276704012 801146796 3946
TICK ts_ns=1777216146693632812 pid=24362 tid=24637 comm=Java2D Disposer state=S cpus=0-3 vol=22 nonvol=1 sched=6311230 2919077 23
TICK ts_ns=1777216146693632812 pid=24362 tid=24653 comm=TimerQueue state=S cpus=0-3 vol=222 nonvol=20 sched=28564532 38620307 241
TICK ts_ns=1777216146693632812 pid=24362 tid=24674 comm=logback-1 state=S cpus=0-3 vol=3 nonvol=1 sched=11873541 1385692 4
TICK ts_ns=1777216146693632812 pid=24362 tid=24749 comm=OkHttp static.r state=S cpus=0-3 vol=14 nonvol=6 sched=5207226 2947614 20
TICK ts_ns=1777216146693632812 pid=24362 tid=24750 comm=OkHttp static.r state=S cpus=0-3 vol=23 nonvol=21 sched=28205305 7616231 44
TICK ts_ns=1777216146693632812 pid=24362 tid=24751 comm=OkHttp Connecti state=S cpus=0-3 vol=12 nonvol=0 sched=887772 630769 12
TICK ts_ns=1777216146693632812 pid=24362 tid=24976 comm=pool-2-thread-1 state=S cpus=0-3 vol=1078 nonvol=200 sched=271701775 129506782 1270
TICK ts_ns=1777216146693632812 pid=24362 tid=25028 comm=Thread-1 state=S cpus=0-3 vol=19 nonvol=5 sched=3691616 1254922 24
TICK ts_ns=1777216146693632812 pid=24362 tid=25029 comm=Client state=S cpus=0-3 vol=117195 nonvol=37612 sched=53659434092 15050717982 154806
TICK ts_ns=1777216146693632812 pid=24362 tid=25035 comm=Thread-3 state=S cpus=0-3 vol=16 nonvol=14 sched=16149386 18778694 29
TICK ts_ns=1777216146693632812 pid=24362 tid=25320 comm=cache io state=S cpus=0-3 vol=4493 nonvol=680 sched=1186641070 486298800 5166
TICK ts_ns=1777216146693632812 pid=24362 tid=25405 comm=pool-4-thread-1 state=S cpus=0-3 vol=175 nonvol=25 sched=25204299 12637996 198
TICK ts_ns=1777216146693632812 pid=24362 tid=25436 comm=Java Sound Even state=S cpus=0-3 vol=2 nonvol=0 sched=211230 0 2
TICK ts_ns=1777216146693632812 pid=24362 tid=25437 comm=threaded-ml state=S cpus=0-3 vol=17075 nonvol=3521 sched=2388515571 2095210972 20560
TICK ts_ns=1777216146693632812 pid=24362 tid=25438 comm=Sound Engine state=S cpus=0-3 vol=18691 nonvol=1738 sched=3051505097 2151474656 20372
TICK ts_ns=1777216146693632812 pid=24362 tid=25445 comm=java:disk$0 state=S cpus=0-3 vol=1 nonvol=0 sched=198230 20923 1
TICK ts_ns=1777216146693632812 pid=24362 tid=25529 comm=Thread-7 state=S cpus=0-3 vol=8634 nonvol=4262 sched=1129070276 1394758079 12879
TICK ts_ns=1777216146693632812 pid=24362 tid=25530 comm=Thread-8 state=S cpus=0-3 vol=894 nonvol=420 sched=137279603 223059164 1311
TICK ts_ns=1777216146693632812 pid=24362 tid=27348 comm=Thread-9 state=S cpus=0-3 vol=7004 nonvol=222 sched=332590211 723906479 7196
TICK ts_ns=1777216146693632812 pid=24362 tid=29469 comm=Thread-10 state=S cpus=0-3 vol=272 nonvol=48 sched=16469449 37001770 319
TICK ts_ns=1777216146693632812 pid=24362 tid=29471 comm=Thread-11 state=S cpus=0-3 vol=184 nonvol=152 sched=45275389 57728149 335
TICK ts_ns=1777216146693632812 pid=24362 tid=30154 comm=Map Loader state=S cpus=0-3 vol=38 nonvol=732 sched=1788449153 748510157 769
TICK ts_ns=1777216146693632812 pid=24139 tid=24139 comm=virgl_test_serv state=S cpus=0-3 vol=27 nonvol=23 sched=12235460 2971692 50
GPU_BUSY ts_ns=1777216146693632812 path=/sys/kernel/gpu/gpu_busy val=0 %
TICK ts_ns=1777216153053562351 pid=24362 tid=21335 comm=Okio Watchdog state=S cpus=0-3 vol=2 nonvol=2 sched=319615 118462 4
TICK ts_ns=1777216153053562351 pid=24362 tid=24362 comm=java state=S cpus=0-3 vol=3 nonvol=1 sched=11857539 190077 4
TICK ts_ns=1777216153053562351 pid=24362 tid=24365 comm=java state=S cpus=0-3 vol=2382 nonvol=440 sched=1991304921 58283012 2822
TICK ts_ns=1777216153053562351 pid=24362 tid=24369 comm=GC Thread#0 state=S cpus=0-3 vol=751 nonvol=177 sched=131895239 230672533 928
TICK ts_ns=1777216153053562351 pid=24362 tid=24370 comm=G1 Main Marker state=S cpus=0-3 vol=76 nonvol=2 sched=6643394 29545074 78
TICK ts_ns=1777216153053562351 pid=24362 tid=24371 comm=G1 Conc#0 state=S cpus=0-3 vol=63 nonvol=144 sched=666609689 268828300 207
TICK ts_ns=1777216153053562351 pid=24362 tid=24373 comm=G1 Refine#0 state=S cpus=0-3 vol=1978 nonvol=115 sched=204067321 290429540 2087
TICK ts_ns=1777216153053562351 pid=24362 tid=24374 comm=G1 Service state=S cpus=0-3 vol=266 nonvol=9 sched=16045144 45135612 275
TICK ts_ns=1777216153053562351 pid=24362 tid=24375 comm=VM Periodic Tas state=S cpus=0-3 vol=3915 nonvol=133 sched=191510974 407475146 4029
TICK ts_ns=1777216153053562351 pid=24362 tid=24379 comm=VM Thread state=S cpus=0-3 vol=684 nonvol=110 sched=131150562 48082675 794
TICK ts_ns=1777216153053562351 pid=24362 tid=24382 comm=Reference Handl state=S cpus=0-3 vol=45 nonvol=3 sched=7435537 9223074 48
TICK ts_ns=1777216153053562351 pid=24362 tid=24383 comm=Finalizer state=S cpus=0-3 vol=12 nonvol=0 sched=1325230 1040310 12
TICK ts_ns=1777216153053562351 pid=24362 tid=24384 comm=Signal Dispatch state=S cpus=0-3 vol=2 nonvol=0 sched=184845 0 2
TICK ts_ns=1777216153053562351 pid=24362 tid=24385 comm=Service Thread state=S cpus=0-3 vol=56 nonvol=3 sched=7398073 9492695 59
TICK ts_ns=1777216153053562351 pid=24362 tid=24386 comm=Monitor Deflati state=S cpus=0-3 vol=788 nonvol=18 sched=32627765 63083007 800
TICK ts_ns=1777216153053562351 pid=24362 tid=24387 comm=C2 CompilerThre state=S cpus=0-3 vol=5199 nonvol=4900 sched=32811548247 2874668778 10092
TICK ts_ns=1777216153053562351 pid=24362 tid=24389 comm=C1 CompilerThre state=S cpus=0-3 vol=7085 nonvol=2329 sched=7424011017 2695792791 9404
TICK ts_ns=1777216153053562351 pid=24362 tid=24395 comm=Notification Th state=S cpus=0-3 vol=2 nonvol=0 sched=199076 0 2
TICK ts_ns=1777216153053562351 pid=24362 tid=24398 comm=Common-Cleaner state=S cpus=0-3 vol=8 nonvol=0 sched=1148768 47769 8
TICK ts_ns=1777216153053562351 pid=24362 tid=24429 comm=GC Thread#1 state=S cpus=0-3 vol=780 nonvol=49 sched=114213099 194992448 828
TICK ts_ns=1777216153053562351 pid=24362 tid=24431 comm=GC Thread#2 state=S cpus=0-3 vol=744 nonvol=87 sched=111869373 197207603 831
TICK ts_ns=1777216153053562351 pid=24362 tid=24432 comm=GC Thread#3 state=S cpus=0-3 vol=760 nonvol=32 sched=113195023 215527000 791
TICK ts_ns=1777216153053562351 pid=24362 tid=24475 comm=GC Thread#4 state=S cpus=0-3 vol=721 nonvol=33 sched=131384188 191812935 753
TICK ts_ns=1777216153053562351 pid=24362 tid=24514 comm=GC Thread#5 state=S cpus=0-3 vol=744 nonvol=36 sched=132107542 173320768 780
TICK ts_ns=1777216153053562351 pid=24362 tid=24515 comm=GC Thread#6 state=S cpus=0-3 vol=724 nonvol=192 sched=132682683 170169243 916
TICK ts_ns=1777216153053562351 pid=24362 tid=24539 comm=GC Thread#7 state=S cpus=0-3 vol=754 nonvol=109 sched=120601531 176806773 862
TICK ts_ns=1777216153053562351 pid=24362 tid=24598 comm=java state=S cpus=0-3 vol=5 nonvol=1 sched=614229 717846 6
TICK ts_ns=1777216153053562351 pid=24362 tid=24605 comm=G1 Conc#1 state=S cpus=0-3 vol=57 nonvol=171 sched=691909689 232906697 228
TICK ts_ns=1777216153053562351 pid=24362 tid=24612 comm=AWT-XAWT state=S cpus=0-3 vol=18696 nonvol=1203 sched=1422676237 4020654456 19859
TICK ts_ns=1777216153053562351 pid=24362 tid=24616 comm=AWT-Shutdown state=S cpus=0-3 vol=9 nonvol=0 sched=659311 319614 9
TICK ts_ns=1777216153053562351 pid=24362 tid=24617 comm=AWT-EventQueue- state=S cpus=0-3 vol=2895 nonvol=1065 sched=2278886934 802483489 3954
TICK ts_ns=1777216153053562351 pid=24362 tid=24637 comm=Java2D Disposer state=S cpus=0-3 vol=22 nonvol=1 sched=6311230 2919077 23
TICK ts_ns=1777216153053562351 pid=24362 tid=24653 comm=TimerQueue state=S cpus=0-3 vol=222 nonvol=20 sched=28564532 38620307 241
TICK ts_ns=1777216153053562351 pid=24362 tid=24674 comm=logback-1 state=S cpus=0-3 vol=3 nonvol=1 sched=11873541 1385692 4
TICK ts_ns=1777216153053562351 pid=24362 tid=24749 comm=OkHttp static.r state=S cpus=0-3 vol=14 nonvol=6 sched=5207226 2947614 20
TICK ts_ns=1777216153053562351 pid=24362 tid=24750 comm=OkHttp static.r state=S cpus=0-3 vol=23 nonvol=21 sched=28205305 7616231 44
TICK ts_ns=1777216153053562351 pid=24362 tid=24751 comm=OkHttp Connecti state=S cpus=0-3 vol=12 nonvol=0 sched=887772 630769 12
TICK ts_ns=1777216153053562351 pid=24362 tid=24976 comm=pool-2-thread-1 state=S cpus=0-3 vol=1111 nonvol=201 sched=274976311 135287398 1304
TICK ts_ns=1777216153053562351 pid=24362 tid=25028 comm=Thread-1 state=S cpus=0-3 vol=19 nonvol=5 sched=3691616 1254922 24
TICK ts_ns=1777216153053562351 pid=24362 tid=25029 comm=Client state=R cpus=0-3 vol=121085 nonvol=38627 sched=55419722773 15430094026 159712
TICK ts_ns=1777216153053562351 pid=24362 tid=25035 comm=Thread-3 state=S cpus=0-3 vol=16 nonvol=14 sched=16149386 18778694 29
TICK ts_ns=1777216153053562351 pid=24362 tid=25320 comm=cache io state=S cpus=0-3 vol=4617 nonvol=683 sched=1195906453 496687647 5291
TICK ts_ns=1777216153053562351 pid=24362 tid=25405 comm=pool-4-thread-1 state=S cpus=0-3 vol=181 nonvol=25 sched=25654838 14490304 204
TICK ts_ns=1777216153053562351 pid=24362 tid=25436 comm=Java Sound Even state=S cpus=0-3 vol=2 nonvol=0 sched=211230 0 2
TICK ts_ns=1777216153053562351 pid=24362 tid=25437 comm=threaded-ml state=S cpus=0-3 vol=17654 nonvol=3654 sched=2468575540 2165039062 21270
TICK ts_ns=1777216153053562351 pid=24362 tid=25438 comm=Sound Engine state=S cpus=0-3 vol=19313 nonvol=1798 sched=3139075802 2213344115 21051
TICK ts_ns=1777216153053562351 pid=24362 tid=25445 comm=java:disk$0 state=S cpus=0-3 vol=1 nonvol=0 sched=198230 20923 1
TICK ts_ns=1777216153053562351 pid=24362 tid=25529 comm=Thread-7 state=S cpus=0-3 vol=8821 nonvol=4380 sched=1155922979 1436593389 13184
TICK ts_ns=1777216153053562351 pid=24362 tid=25530 comm=Thread-8 state=S cpus=0-3 vol=896 nonvol=424 sched=137883681 225854317 1317
TICK ts_ns=1777216153053562351 pid=24362 tid=27348 comm=Thread-9 state=S cpus=0-3 vol=7250 nonvol=225 sched=343908303 745815786 7445
TICK ts_ns=1777216153053562351 pid=24362 tid=29469 comm=Thread-10 state=S cpus=0-3 vol=282 nonvol=51 sched=17217062 38836387 332
TICK ts_ns=1777216153053562351 pid=24362 tid=29471 comm=Thread-11 state=S cpus=0-3 vol=191 nonvol=156 sched=47175235 59622686 346
TICK ts_ns=1777216153053562351 pid=24362 tid=30154 comm=Map Loader state=S cpus=0-3 vol=38 nonvol=732 sched=1788449153 748510157 769
TICK ts_ns=1777216153053562351 pid=24139 tid=24139 comm=virgl_test_serv state=S cpus=0-3 vol=27 nonvol=23 sched=12235460 2971692 50
GPU_BUSY ts_ns=1777216153053562351 path=/sys/kernel/gpu/gpu_busy val=0 %
TICK ts_ns=1777216159249641736 pid=24362 tid=21335 comm=Okio Watchdog state=S cpus=0-3 vol=2 nonvol=2 sched=319615 118462 4
TICK ts_ns=1777216159249641736 pid=24362 tid=24362 comm=java state=S cpus=0-3 vol=3 nonvol=1 sched=11857539 190077 4
TICK ts_ns=1777216159249641736 pid=24362 tid=24365 comm=java state=S cpus=0-3 vol=2382 nonvol=440 sched=1991304921 58283012 2822
TICK ts_ns=1777216159249641736 pid=24362 tid=24369 comm=GC Thread#0 state=S cpus=0-3 vol=751 nonvol=177 sched=131895239 230672533 928
TICK ts_ns=1777216159249641736 pid=24362 tid=24370 comm=G1 Main Marker state=S cpus=0-3 vol=76 nonvol=2 sched=6643394 29545074 78
TICK ts_ns=1777216159249641736 pid=24362 tid=24371 comm=G1 Conc#0 state=S cpus=0-3 vol=63 nonvol=144 sched=666609689 268828300 207
TICK ts_ns=1777216159249641736 pid=24362 tid=24373 comm=G1 Refine#0 state=S cpus=0-3 vol=2040 nonvol=115 sched=209220396 294832618 2149
TICK ts_ns=1777216159249641736 pid=24362 tid=24374 comm=G1 Service state=S cpus=0-3 vol=272 nonvol=9 sched=16383067 45567612 281
TICK ts_ns=1777216159249641736 pid=24362 tid=24375 comm=VM Periodic Tas state=S cpus=0-3 vol=4039 nonvol=136 sched=197445740 420768223 4155
TICK ts_ns=1777216159249641736 pid=24362 tid=24379 comm=VM Thread state=S cpus=0-3 vol=690 nonvol=111 sched=131512870 48267136 801
TICK ts_ns=1777216159249641736 pid=24362 tid=24382 comm=Reference Handl state=S cpus=0-3 vol=45 nonvol=3 sched=7435537 9223074 48
TICK ts_ns=1777216159249641736 pid=24362 tid=24383 comm=Finalizer state=S cpus=0-3 vol=12 nonvol=0 sched=1325230 1040310 12
TICK ts_ns=1777216159249641736 pid=24362 tid=24384 comm=Signal Dispatch state=S cpus=0-3 vol=2 nonvol=0 sched=184845 0 2
TICK ts_ns=1777216159249641736 pid=24362 tid=24385 comm=Service Thread state=S cpus=0-3 vol=56 nonvol=3 sched=7398073 9492695 59
TICK ts_ns=1777216159249641736 pid=24362 tid=24386 comm=Monitor Deflati state=S cpus=0-3 vol=812 nonvol=19 sched=33666073 66671007 825
TICK ts_ns=1777216159249641736 pid=24362 tid=24387 comm=C2 CompilerThre state=S cpus=0-3 vol=5221 nonvol=4992 sched=34317974795 2891607387 10206
TICK ts_ns=1777216159249641736 pid=24362 tid=24389 comm=C1 CompilerThre state=S cpus=0-3 vol=7105 nonvol=2334 sched=7432162398 2705615713 9429
TICK ts_ns=1777216159249641736 pid=24362 tid=24395 comm=Notification Th state=S cpus=0-3 vol=2 nonvol=0 sched=199076 0 2
TICK ts_ns=1777216159249641736 pid=24362 tid=24398 comm=Common-Cleaner state=S cpus=0-3 vol=8 nonvol=0 sched=1148768 47769 8
TICK ts_ns=1777216159249641736 pid=24362 tid=24429 comm=GC Thread#1 state=S cpus=0-3 vol=780 nonvol=49 sched=114213099 194992448 828
TICK ts_ns=1777216159249641736 pid=24362 tid=24431 comm=GC Thread#2 state=S cpus=0-3 vol=744 nonvol=87 sched=111869373 197207603 831
TICK ts_ns=1777216159249641736 pid=24362 tid=24432 comm=GC Thread#3 state=S cpus=0-3 vol=760 nonvol=32 sched=113195023 215527000 791
TICK ts_ns=1777216159249641736 pid=24362 tid=24475 comm=GC Thread#4 state=S cpus=0-3 vol=721 nonvol=33 sched=131384188 191812935 753
TICK ts_ns=1777216159249641736 pid=24362 tid=24514 comm=GC Thread#5 state=S cpus=0-3 vol=744 nonvol=36 sched=132107542 173320768 780
TICK ts_ns=1777216159249641736 pid=24362 tid=24515 comm=GC Thread#6 state=S cpus=0-3 vol=724 nonvol=192 sched=132682683 170169243 916
TICK ts_ns=1777216159249641736 pid=24362 tid=24539 comm=GC Thread#7 state=S cpus=0-3 vol=754 nonvol=109 sched=120601531 176806773 862
TICK ts_ns=1777216159249641736 pid=24362 tid=24598 comm=java state=S cpus=0-3 vol=5 nonvol=1 sched=614229 717846 6
TICK ts_ns=1777216159249641736 pid=24362 tid=24605 comm=G1 Conc#1 state=S cpus=0-3 vol=57 nonvol=171 sched=691909689 232906697 228
TICK ts_ns=1777216159249641736 pid=24362 tid=24612 comm=AWT-XAWT state=S cpus=0-3 vol=18885 nonvol=1216 sched=1438232866 4110081370 20061
TICK ts_ns=1777216159249641736 pid=24362 tid=24616 comm=AWT-Shutdown state=S cpus=0-3 vol=9 nonvol=0 sched=659311 319614 9
TICK ts_ns=1777216159249641736 pid=24362 tid=24617 comm=AWT-EventQueue- state=S cpus=0-3 vol=2900 nonvol=1067 sched=2281252242 807029798 3961
TICK ts_ns=1777216159249641736 pid=24362 tid=24637 comm=Java2D Disposer state=S cpus=0-3 vol=22 nonvol=1 sched=6311230 2919077 23
TICK ts_ns=1777216159249641736 pid=24362 tid=24653 comm=TimerQueue state=S cpus=0-3 vol=222 nonvol=20 sched=28564532 38620307 241
TICK ts_ns=1777216159249641736 pid=24362 tid=24674 comm=logback-1 state=S cpus=0-3 vol=3 nonvol=1 sched=11873541 1385692 4
TICK ts_ns=1777216159249641736 pid=24362 tid=24749 comm=OkHttp static.r state=S cpus=0-3 vol=14 nonvol=6 sched=5207226 2947614 20
TICK ts_ns=1777216159249641736 pid=24362 tid=24750 comm=OkHttp static.r state=S cpus=0-3 vol=23 nonvol=21 sched=28205305 7616231 44
TICK ts_ns=1777216159249641736 pid=24362 tid=24751 comm=OkHttp Connecti state=S cpus=0-3 vol=12 nonvol=0 sched=887772 630769 12
TICK ts_ns=1777216159249641736 pid=24362 tid=24976 comm=pool-2-thread-1 state=S cpus=0-3 vol=1142 nonvol=203 sched=278240626 138528243 1336
TICK ts_ns=1777216159249641736 pid=24362 tid=25028 comm=Thread-1 state=S cpus=0-3 vol=19 nonvol=5 sched=3691616 1254922 24
TICK ts_ns=1777216159249641736 pid=24362 tid=25029 comm=Client state=R cpus=0-3 vol=125048 nonvol=39717 sched=57150758669 15867243823 164770
TICK ts_ns=1777216159249641736 pid=24362 tid=25035 comm=Thread-3 state=S cpus=0-3 vol=16 nonvol=14 sched=16149386 18778694 29
TICK ts_ns=1777216159249641736 pid=24362 tid=25320 comm=cache io state=S cpus=0-3 vol=4739 nonvol=692 sched=1210018988 512647265 5424
TICK ts_ns=1777216159249641736 pid=24362 tid=25405 comm=pool-4-thread-1 state=S cpus=0-3 vol=187 nonvol=25 sched=26262147 14564996 210
TICK ts_ns=1777216159249641736 pid=24362 tid=25436 comm=Java Sound Even state=S cpus=0-3 vol=2 nonvol=0 sched=211230 0 2
TICK ts_ns=1777216159249641736 pid=24362 tid=25437 comm=threaded-ml state=S cpus=0-3 vol=18228 nonvol=3766 sched=2548163146 2234674144 21952
TICK ts_ns=1777216159249641736 pid=24362 tid=25438 comm=Sound Engine state=S cpus=0-3 vol=19930 nonvol=1850 sched=3228172957 2288748655 21722
TICK ts_ns=1777216159249641736 pid=24362 tid=25445 comm=java:disk$0 state=S cpus=0-3 vol=1 nonvol=0 sched=198230 20923 1
TICK ts_ns=1777216159249641736 pid=24362 tid=25529 comm=Thread-7 state=S cpus=0-3 vol=9053 nonvol=4526 sched=1190871507 1476692394 13560
TICK ts_ns=1777216159249641736 pid=24362 tid=25530 comm=Thread-8 state=S cpus=0-3 vol=899 nonvol=427 sched=138574375 226353855 1323
TICK ts_ns=1777216159249641736 pid=24362 tid=27348 comm=Thread-9 state=S cpus=0-3 vol=7494 nonvol=231 sched=355387705 767643402 7695
TICK ts_ns=1777216159249641736 pid=24362 tid=29469 comm=Thread-10 state=S cpus=0-3 vol=293 nonvol=52 sched=17839292 41766235 344
TICK ts_ns=1777216159249641736 pid=24362 tid=29471 comm=Thread-11 state=S cpus=0-3 vol=198 nonvol=161 sched=48900698 61472841 358
TICK ts_ns=1777216159249641736 pid=24362 tid=30154 comm=Map Loader state=S cpus=0-3 vol=38 nonvol=732 sched=1788449153 748510157 769
TICK ts_ns=1777216159249641736 pid=24139 tid=24139 comm=virgl_test_serv state=S cpus=0-3 vol=27 nonvol=23 sched=12235460 2971692 50
GPU_BUSY ts_ns=1777216159249641736 path=/sys/kernel/gpu/gpu_busy val=0 %
TICK ts_ns=1777216165398925121 pid=24362 tid=21335 comm=Okio Watchdog state=S cpus=0-3 vol=2 nonvol=2 sched=319615 118462 4
TICK ts_ns=1777216165398925121 pid=24362 tid=24362 comm=java state=S cpus=0-3 vol=3 nonvol=1 sched=11857539 190077 4
TICK ts_ns=1777216165398925121 pid=24362 tid=24365 comm=java state=S cpus=0-3 vol=2382 nonvol=440 sched=1991304921 58283012 2822
TICK ts_ns=1777216165398925121 pid=24362 tid=24369 comm=GC Thread#0 state=S cpus=0-3 vol=751 nonvol=177 sched=131895239 230672533 928
TICK ts_ns=1777216165398925121 pid=24362 tid=24370 comm=G1 Main Marker state=S cpus=0-3 vol=76 nonvol=2 sched=6643394 29545074 78
TICK ts_ns=1777216165398925121 pid=24362 tid=24371 comm=G1 Conc#0 state=S cpus=0-3 vol=63 nonvol=144 sched=666609689 268828300 207
TICK ts_ns=1777216165398925121 pid=24362 tid=24373 comm=G1 Refine#0 state=S cpus=0-3 vol=2143 nonvol=116 sched=218219169 307634389 2257
TICK ts_ns=1777216165398925121 pid=24362 tid=24374 comm=G1 Service state=S cpus=0-3 vol=280 nonvol=9 sched=17253992 45914766 289
TICK ts_ns=1777216165398925121 pid=24362 tid=24375 comm=VM Periodic Tas state=S cpus=0-3 vol=4164 nonvol=143 sched=203888187 432072151 4286
TICK ts_ns=1777216165398925121 pid=24362 tid=24379 comm=VM Thread state=S cpus=0-3 vol=705 nonvol=112 sched=132995717 49137828 817
TICK ts_ns=1777216165398925121 pid=24362 tid=24382 comm=Reference Handl state=S cpus=0-3 vol=46 nonvol=3 sched=7523922 9700536 49
TICK ts_ns=1777216165398925121 pid=24362 tid=24383 comm=Finalizer state=S cpus=0-3 vol=12 nonvol=0 sched=1325230 1040310 12
TICK ts_ns=1777216165398925121 pid=24362 tid=24384 comm=Signal Dispatch state=S cpus=0-3 vol=2 nonvol=0 sched=184845 0 2
TICK ts_ns=1777216165398925121 pid=24362 tid=24385 comm=Service Thread state=S cpus=0-3 vol=56 nonvol=3 sched=7398073 9492695 59
TICK ts_ns=1777216165398925121 pid=24362 tid=24386 comm=Monitor Deflati state=S cpus=0-3 vol=837 nonvol=20 sched=34875150 68875855 851
TICK ts_ns=1777216165398925121 pid=24362 tid=24387 comm=C2 CompilerThre state=S cpus=0-3 vol=5226 nonvol=4994 sched=34325244411 2892743464 10213
TICK ts_ns=1777216165398925121 pid=24362 tid=24389 comm=C1 CompilerThre state=S cpus=0-3 vol=7111 nonvol=2334 sched=7434512399 2706166636 9435
TICK ts_ns=1777216165398925121 pid=24362 tid=24395 comm=Notification Th state=S cpus=0-3 vol=2 nonvol=0 sched=199076 0 2
TICK ts_ns=1777216165398925121 pid=24362 tid=24398 comm=Common-Cleaner state=S cpus=0-3 vol=8 nonvol=0 sched=1148768 47769 8
TICK ts_ns=1777216165398925121 pid=24362 tid=24429 comm=GC Thread#1 state=S cpus=0-3 vol=794 nonvol=49 sched=114997179 201222834 842
TICK ts_ns=1777216165398925121 pid=24362 tid=24431 comm=GC Thread#2 state=S cpus=0-3 vol=755 nonvol=89 sched=116430834 199419527 844
TICK ts_ns=1777216165398925121 pid=24362 tid=24432 comm=GC Thread#3 state=S cpus=0-3 vol=773 nonvol=32 sched=113557023 221974154 804
TICK ts_ns=1777216165398925121 pid=24362 tid=24475 comm=GC Thread#4 state=S cpus=0-3 vol=731 nonvol=33 sched=133006573 197030704 763
TICK ts_ns=1777216165398925121 pid=24362 tid=24514 comm=GC Thread#5 state=S cpus=0-3 vol=752 nonvol=38 sched=136707236 175721535 790
TICK ts_ns=1777216165398925121 pid=24362 tid=24515 comm=GC Thread#6 state=S cpus=0-3 vol=738 nonvol=192 sched=133131915 176437551 930
TICK ts_ns=1777216165398925121 pid=24362 tid=24539 comm=GC Thread#7 state=S cpus=0-3 vol=762 nonvol=110 sched=125099223 178939235 871
TICK ts_ns=1777216165398925121 pid=24362 tid=24598 comm=java state=S cpus=0-3 vol=5 nonvol=1 sched=614229 717846 6
TICK ts_ns=1777216165398925121 pid=24362 tid=24605 comm=G1 Conc#1 state=S cpus=0-3 vol=57 nonvol=171 sched=691909689 232906697 228
TICK ts_ns=1777216165398925121 pid=24362 tid=24612 comm=AWT-XAWT state=R cpus=0-3 vol=19070 nonvol=1223 sched=1453145258 4192072834 20252
TICK ts_ns=1777216165398925121 pid=24362 tid=24616 comm=AWT-Shutdown state=S cpus=0-3 vol=9 nonvol=0 sched=659311 319614 9
TICK ts_ns=1777216165398925121 pid=24362 tid=24617 comm=AWT-EventQueue- state=S cpus=0-3 vol=2919 nonvol=1067 sched=2283994551 807029798 3980
TICK ts_ns=1777216165398925121 pid=24362 tid=24637 comm=Java2D Disposer state=S cpus=0-3 vol=22 nonvol=1 sched=6311230 2919077 23
TICK ts_ns=1777216165398925121 pid=24362 tid=24653 comm=TimerQueue state=S cpus=0-3 vol=222 nonvol=20 sched=28564532 38620307 241
TICK ts_ns=1777216165398925121 pid=24362 tid=24674 comm=logback-1 state=S cpus=0-3 vol=3 nonvol=1 sched=11873541 1385692 4
TICK ts_ns=1777216165398925121 pid=24362 tid=24749 comm=OkHttp static.r state=S cpus=0-3 vol=14 nonvol=6 sched=5207226 2947614 20
TICK ts_ns=1777216165398925121 pid=24362 tid=24750 comm=OkHttp static.r state=S cpus=0-3 vol=23 nonvol=21 sched=28205305 7616231 44
TICK ts_ns=1777216165398925121 pid=24362 tid=24751 comm=OkHttp Connecti state=S cpus=0-3 vol=12 nonvol=0 sched=887772 630769 12
TICK ts_ns=1777216165398925121 pid=24362 tid=24976 comm=pool-2-thread-1 state=S cpus=0-3 vol=1175 nonvol=204 sched=281909321 142018857 1370
TICK ts_ns=1777216165398925121 pid=24362 tid=25028 comm=Thread-1 state=S cpus=0-3 vol=19 nonvol=5 sched=3691616 1254922 24
TICK ts_ns=1777216165398925121 pid=24362 tid=25029 comm=Client state=R cpus=0-3 vol=128796 nonvol=40536 sched=58934883955 16231731851 169321
TICK ts_ns=1777216165398925121 pid=24362 tid=25035 comm=Thread-3 state=S cpus=0-3 vol=16 nonvol=14 sched=16149386 18778694 29
TICK ts_ns=1777216165398925121 pid=24362 tid=25320 comm=cache io state=S cpus=0-3 vol=4865 nonvol=699 sched=1222627915 520918418 5555
TICK ts_ns=1777216165398925121 pid=24362 tid=25405 comm=pool-4-thread-1 state=S cpus=0-3 vol=193 nonvol=25 sched=26899147 15498996 216
TICK ts_ns=1777216165398925121 pid=24362 tid=25436 comm=Java Sound Even state=S cpus=0-3 vol=2 nonvol=0 sched=211230 0 2
TICK ts_ns=1777216165398925121 pid=24362 tid=25437 comm=threaded-ml state=S cpus=0-3 vol=18810 nonvol=3896 sched=2631974612 2302884600 22664
TICK ts_ns=1777216165398925121 pid=24362 tid=25438 comm=Sound Engine state=S cpus=0-3 vol=20562 nonvol=1888 sched=3319382188 2353896278 22388
TICK ts_ns=1777216165398925121 pid=24362 tid=25445 comm=java:disk$0 state=S cpus=0-3 vol=1 nonvol=0 sched=198230 20923 1
TICK ts_ns=1777216165398925121 pid=24362 tid=25529 comm=Thread-7 state=S cpus=0-3 vol=9246 nonvol=4648 sched=1220365734 1513983553 13878
TICK ts_ns=1777216165398925121 pid=24362 tid=25530 comm=Thread-8 state=S cpus=0-3 vol=901 nonvol=428 sched=138991529 226457547 1326
TICK ts_ns=1777216165398925121 pid=24362 tid=27348 comm=Thread-9 state=S cpus=0-3 vol=7742 nonvol=236 sched=367268156 795915869 7949
TICK ts_ns=1777216165398925121 pid=24362 tid=29469 comm=Thread-10 state=S cpus=0-3 vol=303 nonvol=53 sched=18719138 42383619 355
TICK ts_ns=1777216165398925121 pid=24362 tid=29471 comm=Thread-11 state=S cpus=0-3 vol=207 nonvol=169 sched=50955775 62614610 375
TICK ts_ns=1777216165398925121 pid=24362 tid=30154 comm=Map Loader state=S cpus=0-3 vol=38 nonvol=732 sched=1788449153 748510157 769
TICK ts_ns=1777216165398925121 pid=24139 tid=24139 comm=virgl_test_serv state=S cpus=0-3 vol=27 nonvol=23 sched=12235460 2971692 50
GPU_BUSY ts_ns=1777216165398925121 path=/sys/kernel/gpu/gpu_busy val=21 %
TICK ts_ns=1777216171667710275 pid=24362 tid=21335 comm=Okio Watchdog state=S cpus=0-3 vol=2 nonvol=2 sched=319615 118462 4
TICK ts_ns=1777216171667710275 pid=24362 tid=24362 comm=java state=S cpus=0-3 vol=3 nonvol=1 sched=11857539 190077 4
TICK ts_ns=1777216171667710275 pid=24362 tid=24365 comm=java state=S cpus=0-3 vol=2382 nonvol=440 sched=1991304921 58283012 2822
TICK ts_ns=1777216171667710275 pid=24362 tid=24369 comm=GC Thread#0 state=S cpus=0-3 vol=760 nonvol=181 sched=136502389 233462919 941
TICK ts_ns=1777216171667710275 pid=24362 tid=24370 comm=G1 Main Marker state=S cpus=0-3 vol=76 nonvol=2 sched=6643394 29545074 78
TICK ts_ns=1777216171667710275 pid=24362 tid=24371 comm=G1 Conc#0 state=S cpus=0-3 vol=63 nonvol=144 sched=666609689 268828300 207
TICK ts_ns=1777216171667710275 pid=24362 tid=24373 comm=G1 Refine#0 state=S cpus=0-3 vol=2168 nonvol=117 sched=219571243 311932695 2279
TICK ts_ns=1777216171667710275 pid=24362 tid=24374 comm=G1 Service state=S cpus=0-3 vol=286 nonvol=10 sched=17681530 46726921 296
TICK ts_ns=1777216171667710275 pid=24362 tid=24375 comm=VM Periodic Tas state=S cpus=0-3 vol=4287 nonvol=149 sched=211940488 447087771 4415
TICK ts_ns=1777216171667710275 pid=24362 tid=24379 comm=VM Thread state=S cpus=0-3 vol=711 nonvol=112 sched=133372565 49967059 823
TICK ts_ns=1777216171667710275 pid=24362 tid=24382 comm=Reference Handl state=S cpus=0-3 vol=46 nonvol=3 sched=7523922 9700536 49
TICK ts_ns=1777216171667710275 pid=24362 tid=24383 comm=Finalizer state=S cpus=0-3 vol=12 nonvol=0 sched=1325230 1040310 12
TICK ts_ns=1777216171667710275 pid=24362 tid=24384 comm=Signal Dispatch state=S cpus=0-3 vol=2 nonvol=0 sched=184845 0 2
TICK ts_ns=1777216171667710275 pid=24362 tid=24385 comm=Service Thread state=S cpus=0-3 vol=57 nonvol=3 sched=7425689 9789233 60
TICK ts_ns=1777216171667710275 pid=24362 tid=24386 comm=Monitor Deflati state=S cpus=0-3 vol=861 nonvol=20 sched=35964457 69197624 875
TICK ts_ns=1777216171667710275 pid=24362 tid=24387 comm=C2 CompilerThre state=S cpus=0-3 vol=5236 nonvol=4994 sched=34332550640 2897369387 10223
TICK ts_ns=1777216171667710275 pid=24362 tid=24389 comm=C1 CompilerThre state=S cpus=0-3 vol=7130 nonvol=2335 sched=7438341015 2709628637 9455
TICK ts_ns=1777216171667710275 pid=24362 tid=24395 comm=Notification Th state=S cpus=0-3 vol=2 nonvol=0 sched=199076 0 2
TICK ts_ns=1777216171667710275 pid=24362 tid=24398 comm=Common-Cleaner state=S cpus=0-3 vol=8 nonvol=0 sched=1148768 47769 8
TICK ts_ns=1777216171667710275 pid=24362 tid=24429 comm=GC Thread#1 state=S cpus=0-3 vol=794 nonvol=49 sched=114997179 201222834 842
TICK ts_ns=1777216171667710275 pid=24362 tid=24431 comm=GC Thread#2 state=S cpus=0-3 vol=755 nonvol=89 sched=116430834 199419527 844
TICK ts_ns=1777216171667710275 pid=24362 tid=24432 comm=GC Thread#3 state=S cpus=0-3 vol=773 nonvol=32 sched=113557023 221974154 804
TICK ts_ns=1777216171667710275 pid=24362 tid=24475 comm=GC Thread#4 state=S cpus=0-3 vol=731 nonvol=33 sched=133006573 197030704 763
TICK ts_ns=1777216171667710275 pid=24362 tid=24514 comm=GC Thread#5 state=S cpus=0-3 vol=752 nonvol=38 sched=136707236 175721535 790
TICK ts_ns=1777216171667710275 pid=24362 tid=24515 comm=GC Thread#6 state=S cpus=0-3 vol=738 nonvol=192 sched=133131915 176437551 930
TICK ts_ns=1777216171667710275 pid=24362 tid=24539 comm=GC Thread#7 state=S cpus=0-3 vol=762 nonvol=110 sched=125099223 178939235 871
TICK ts_ns=1777216171667710275 pid=24362 tid=24598 comm=java state=S cpus=0-3 vol=5 nonvol=1 sched=614229 717846 6
TICK ts_ns=1777216171667710275 pid=24362 tid=24605 comm=G1 Conc#1 state=S cpus=0-3 vol=57 nonvol=171 sched=691909689 232906697 228
TICK ts_ns=1777216171667710275 pid=24362 tid=24612 comm=AWT-XAWT state=S cpus=0-3 vol=19260 nonvol=1239 sched=1467335866 4263351684 20458
TICK ts_ns=1777216171667710275 pid=24362 tid=24616 comm=AWT-Shutdown state=S cpus=0-3 vol=9 nonvol=0 sched=659311 319614 9
TICK ts_ns=1777216171667710275 pid=24362 tid=24617 comm=AWT-EventQueue- state=S cpus=0-3 vol=2924 nonvol=1067 sched=2286267242 807055414 3985
TICK ts_ns=1777216171667710275 pid=24362 tid=24637 comm=Java2D Disposer state=S cpus=0-3 vol=22 nonvol=1 sched=6311230 2919077 23
TICK ts_ns=1777216171667710275 pid=24362 tid=24653 comm=TimerQueue state=S cpus=0-3 vol=222 nonvol=20 sched=28564532 38620307 241
TICK ts_ns=1777216171667710275 pid=24362 tid=24674 comm=logback-1 state=S cpus=0-3 vol=3 nonvol=1 sched=11873541 1385692 4
TICK ts_ns=1777216171667710275 pid=24362 tid=24749 comm=OkHttp static.r state=S cpus=0-3 vol=15 nonvol=6 sched=5672611 2947614 21
TICK ts_ns=1777216171667710275 pid=24362 tid=24750 comm=OkHttp static.r state=S cpus=0-3 vol=24 nonvol=21 sched=28591535 7616231 45
TICK ts_ns=1777216171667710275 pid=24362 tid=24751 comm=OkHttp Connecti state=S cpus=0-3 vol=12 nonvol=0 sched=887772 630769 12
TICK ts_ns=1777216171667710275 pid=24362 tid=24976 comm=pool-2-thread-1 state=S cpus=0-3 vol=1206 nonvol=206 sched=284959394 147400472 1403
TICK ts_ns=1777216171667710275 pid=24362 tid=25028 comm=Thread-1 state=S cpus=0-3 vol=19 nonvol=5 sched=3691616 1254922 24
TICK ts_ns=1777216171667710275 pid=24362 tid=25029 comm=Client state=R cpus=0-3 vol=132754 nonvol=41493 sched=60583010257 16571128257 174250
TICK ts_ns=1777216171667710275 pid=24362 tid=25035 comm=Thread-3 state=S cpus=0-3 vol=16 nonvol=14 sched=16149386 18778694 29
TICK ts_ns=1777216171667710275 pid=24362 tid=25320 comm=cache io state=S cpus=0-3 vol=4983 nonvol=705 sched=1234092990 532308495 5678
TICK ts_ns=1777216171667710275 pid=24362 tid=25405 comm=pool-4-thread-1 state=S cpus=0-3 vol=199 nonvol=25 sched=27480073 15513150 222
TICK ts_ns=1777216171667710275 pid=24362 tid=25436 comm=Java Sound Even state=S cpus=0-3 vol=2 nonvol=0 sched=211230 0 2
TICK ts_ns=1777216171667710275 pid=24362 tid=25437 comm=threaded-ml state=S cpus=0-3 vol=19364 nonvol=3984 sched=2702032847 2351498055 23306
TICK ts_ns=1777216171667710275 pid=24362 tid=25438 comm=Sound Engine state=S cpus=0-3 vol=21160 nonvol=1935 sched=3398979186 2423229212 23034
TICK ts_ns=1777216171667710275 pid=24362 tid=25445 comm=java:disk$0 state=S cpus=0-3 vol=1 nonvol=0 sched=198230 20923 1
TICK ts_ns=1777216171667710275 pid=24362 tid=25529 comm=Thread-7 state=S cpus=0-3 vol=9471 nonvol=4783 sched=1249730275 1552458015 14237
TICK ts_ns=1777216171667710275 pid=24362 tid=25530 comm=Thread-8 state=S cpus=0-3 vol=906 nonvol=431 sched=140015453 227377162 1334
TICK ts_ns=1777216171667710275 pid=24362 tid=27348 comm=Thread-9 state=S cpus=0-3 vol=7980 nonvol=246 sched=378008548 818564329 8193
TICK ts_ns=1777216171667710275 pid=24362 tid=29469 comm=Thread-10 state=S cpus=0-3 vol=313 nonvol=55 sched=19364292 43330158 366
TICK ts_ns=1777216171667710275 pid=24362 tid=29471 comm=Thread-11 state=S cpus=0-3 vol=213 nonvol=175 sched=52581544 66115534 388
TICK ts_ns=1777216171667710275 pid=24362 tid=30154 comm=Map Loader state=S cpus=0-3 vol=38 nonvol=732 sched=1788449153 748510157 769
TICK ts_ns=1777216171667710275 pid=24139 tid=24139 comm=virgl_test_serv state=S cpus=0-3 vol=27 nonvol=23 sched=12235460 2971692 50
GPU_BUSY ts_ns=1777216171667710275 path=/sys/kernel/gpu/gpu_busy val=57 %
TICK ts_ns=1777216177646003506 pid=24362 tid=21335 comm=Okio Watchdog state=S cpus=0-3 vol=2 nonvol=2 sched=319615 118462 4
TICK ts_ns=1777216177646003506 pid=24362 tid=24362 comm=java state=S cpus=0-3 vol=3 nonvol=1 sched=11857539 190077 4
TICK ts_ns=1777216177646003506 pid=24362 tid=24365 comm=java state=S cpus=0-3 vol=2382 nonvol=440 sched=1991304921 58283012 2822
TICK ts_ns=1777216177646003506 pid=24362 tid=24369 comm=GC Thread#0 state=S cpus=0-3 vol=760 nonvol=181 sched=136502389 233462919 941
TICK ts_ns=1777216177646003506 pid=24362 tid=24370 comm=G1 Main Marker state=S cpus=0-3 vol=76 nonvol=2 sched=6643394 29545074 78
TICK ts_ns=1777216177646003506 pid=24362 tid=24371 comm=G1 Conc#0 state=S cpus=0-3 vol=63 nonvol=144 sched=666609689 268828300 207
TICK ts_ns=1777216177646003506 pid=24362 tid=24373 comm=G1 Refine#0 state=S cpus=0-3 vol=2190 nonvol=117 sched=221217164 312804233 2301
TICK ts_ns=1777216177646003506 pid=24362 tid=24374 comm=G1 Service state=S cpus=0-3 vol=293 nonvol=10 sched=17960993 46840152 303
TICK ts_ns=1777216177646003506 pid=24362 tid=24375 comm=VM Periodic Tas state=S cpus=0-3 vol=4409 nonvol=154 sched=218427181 458930927 4541
TICK ts_ns=1777216177646003506 pid=24362 tid=24379 comm=VM Thread state=S cpus=0-3 vol=717 nonvol=112 sched=133684643 50719829 829
TICK ts_ns=1777216177646003506 pid=24362 tid=24382 comm=Reference Handl state=S cpus=0-3 vol=46 nonvol=3 sched=7523922 9700536 49
TICK ts_ns=1777216177646003506 pid=24362 tid=24383 comm=Finalizer state=S cpus=0-3 vol=12 nonvol=0 sched=1325230 1040310 12
TICK ts_ns=1777216177646003506 pid=24362 tid=24384 comm=Signal Dispatch state=S cpus=0-3 vol=2 nonvol=0 sched=184845 0 2
TICK ts_ns=1777216177646003506 pid=24362 tid=24385 comm=Service Thread state=S cpus=0-3 vol=57 nonvol=3 sched=7425689 9789233 60
TICK ts_ns=1777216177646003506 pid=24362 tid=24386 comm=Monitor Deflati state=S cpus=0-3 vol=886 nonvol=20 sched=37112529 70915162 900
TICK ts_ns=1777216177646003506 pid=24362 tid=24387 comm=C2 CompilerThre state=S cpus=0-3 vol=5241 nonvol=5002 sched=34345048098 2900164465 10236
TICK ts_ns=1777216177646003506 pid=24362 tid=24389 comm=C1 CompilerThre state=S cpus=0-3 vol=7135 nonvol=2337 sched=7440548706 2711477177 9462
TICK ts_ns=1777216177646003506 pid=24362 tid=24395 comm=Notification Th state=S cpus=0-3 vol=2 nonvol=0 sched=199076 0 2
TICK ts_ns=1777216177646003506 pid=24362 tid=24398 comm=Common-Cleaner state=S cpus=0-3 vol=8 nonvol=0 sched=1148768 47769 8
TICK ts_ns=1777216177646003506 pid=24362 tid=24429 comm=GC Thread#1 state=S cpus=0-3 vol=794 nonvol=49 sched=114997179 201222834 842
TICK ts_ns=1777216177646003506 pid=24362 tid=24431 comm=GC Thread#2 state=S cpus=0-3 vol=755 nonvol=89 sched=116430834 199419527 844
TICK ts_ns=1777216177646003506 pid=24362 tid=24432 comm=GC Thread#3 state=S cpus=0-3 vol=773 nonvol=32 sched=113557023 221974154 804
TICK ts_ns=1777216177646003506 pid=24362 tid=24475 comm=GC Thread#4 state=S cpus=0-3 vol=731 nonvol=33 sched=133006573 197030704 763
TICK ts_ns=1777216177646003506 pid=24362 tid=24514 comm=GC Thread#5 state=S cpus=0-3 vol=752 nonvol=38 sched=136707236 175721535 790
TICK ts_ns=1777216177646003506 pid=24362 tid=24515 comm=GC Thread#6 state=S cpus=0-3 vol=738 nonvol=192 sched=133131915 176437551 930
TICK ts_ns=1777216177646003506 pid=24362 tid=24539 comm=GC Thread#7 state=S cpus=0-3 vol=762 nonvol=110 sched=125099223 178939235 871
TICK ts_ns=1777216177646003506 pid=24362 tid=24598 comm=java state=S cpus=0-3 vol=5 nonvol=1 sched=614229 717846 6
TICK ts_ns=1777216177646003506 pid=24362 tid=24605 comm=G1 Conc#1 state=S cpus=0-3 vol=57 nonvol=171 sched=691909689 232906697 228
TICK ts_ns=1777216177646003506 pid=24362 tid=24612 comm=AWT-XAWT state=S cpus=0-3 vol=19447 nonvol=1241 sched=1483168630 4351280765 20647
TICK ts_ns=1777216177646003506 pid=24362 tid=24616 comm=AWT-Shutdown state=S cpus=0-3 vol=9 nonvol=0 sched=659311 319614 9
TICK ts_ns=1777216177646003506 pid=24362 tid=24617 comm=AWT-EventQueue- state=S cpus=0-3 vol=2929 nonvol=1067 sched=2288199318 807797722 3990
TICK ts_ns=1777216177646003506 pid=24362 tid=24637 comm=Java2D Disposer state=S cpus=0-3 vol=22 nonvol=1 sched=6311230 2919077 23
TICK ts_ns=1777216177646003506 pid=24362 tid=24653 comm=TimerQueue state=S cpus=0-3 vol=222 nonvol=20 sched=28564532 38620307 241
TICK ts_ns=1777216177646003506 pid=24362 tid=24674 comm=logback-1 state=S cpus=0-3 vol=3 nonvol=1 sched=11873541 1385692 4
TICK ts_ns=1777216177646003506 pid=24362 tid=24749 comm=OkHttp static.r state=S cpus=0-3 vol=15 nonvol=6 sched=5672611 2947614 21
TICK ts_ns=1777216177646003506 pid=24362 tid=24750 comm=OkHttp static.r state=S cpus=0-3 vol=24 nonvol=21 sched=28591535 7616231 45
TICK ts_ns=1777216177646003506 pid=24362 tid=24751 comm=OkHttp Connecti state=S cpus=0-3 vol=12 nonvol=0 sched=887772 630769 12
TICK ts_ns=1777216177646003506 pid=24362 tid=24976 comm=pool-2-thread-1 state=S cpus=0-3 vol=1238 nonvol=213 sched=288394929 153058242 1441
TICK ts_ns=1777216177646003506 pid=24362 tid=25028 comm=Thread-1 state=S cpus=0-3 vol=19 nonvol=5 sched=3691616 1254922 24
TICK ts_ns=1777216177646003506 pid=24362 tid=25029 comm=Client state=S cpus=0-3 vol=136700 nonvol=42207 sched=62346827993 16911328887 178915
TICK ts_ns=1777216177646003506 pid=24362 tid=25035 comm=Thread-3 state=S cpus=0-3 vol=16 nonvol=14 sched=16149386 18778694 29
TICK ts_ns=1777216177646003506 pid=24362 tid=25320 comm=cache io state=S cpus=0-3 vol=5107 nonvol=708 sched=1245011760 538678105 5802
TICK ts_ns=1777216177646003506 pid=24362 tid=25405 comm=pool-4-thread-1 state=S cpus=0-3 vol=205 nonvol=27 sched=28061997 15652303 231
TICK ts_ns=1777216177646003506 pid=24362 tid=25436 comm=Java Sound Even state=S cpus=0-3 vol=2 nonvol=0 sched=211230 0 2
TICK ts_ns=1777216177646003506 pid=24362 tid=25437 comm=threaded-ml state=S cpus=0-3 vol=19938 nonvol=4102 sched=2783244920 2424590819 23997
TICK ts_ns=1777216177646003506 pid=24362 tid=25438 comm=Sound Engine state=S cpus=0-3 vol=21783 nonvol=1982 sched=3489231476 2480401230 23701
TICK ts_ns=1777216177646003506 pid=24362 tid=25445 comm=java:disk$0 state=S cpus=0-3 vol=1 nonvol=0 sched=198230 20923 1
TICK ts_ns=1777216177646003506 pid=24362 tid=25529 comm=Thread-7 state=S cpus=0-3 vol=9697 nonvol=4934 sched=1285908134 1592178712 14611
TICK ts_ns=1777216177646003506 pid=24362 tid=25530 comm=Thread-8 state=S cpus=0-3 vol=909 nonvol=434 sched=140790222 227767931 1340
TICK ts_ns=1777216177646003506 pid=24362 tid=27348 comm=Thread-9 state=S cpus=0-3 vol=8224 nonvol=252 sched=389769713 838362557 8444
TICK ts_ns=1777216177646003506 pid=24362 tid=29469 comm=Thread-10 state=S cpus=0-3 vol=323 nonvol=58 sched=20033909 44619159 379
TICK ts_ns=1777216177646003506 pid=24362 tid=29471 comm=Thread-11 state=S cpus=0-3 vol=222 nonvol=180 sched=54638696 66815920 401
TICK ts_ns=1777216177646003506 pid=24362 tid=30154 comm=Map Loader state=S cpus=0-3 vol=38 nonvol=732 sched=1788449153 748510157 769
TICK ts_ns=1777216177646003506 pid=24139 tid=24139 comm=virgl_test_serv state=S cpus=0-3 vol=27 nonvol=23 sched=12235460 2971692 50
GPU_BUSY ts_ns=1777216177646003506 path=/sys/kernel/gpu/gpu_busy val=0 %
TICK ts_ns=1777216183845325045 pid=24362 tid=21335 comm=Okio Watchdog state=S cpus=0-3 vol=2 nonvol=2 sched=319615 118462 4
TICK ts_ns=1777216183845325045 pid=24362 tid=24362 comm=java state=S cpus=0-3 vol=3 nonvol=1 sched=11857539 190077 4
TICK ts_ns=1777216183845325045 pid=24362 tid=24365 comm=java state=S cpus=0-3 vol=2382 nonvol=440 sched=1991304921 58283012 2822
TICK ts_ns=1777216183845325045 pid=24362 tid=24369 comm=GC Thread#0 state=S cpus=0-3 vol=760 nonvol=181 sched=136502389 233462919 941
TICK ts_ns=1777216183845325045 pid=24362 tid=24370 comm=G1 Main Marker state=S cpus=0-3 vol=76 nonvol=2 sched=6643394 29545074 78
TICK ts_ns=1777216183845325045 pid=24362 tid=24371 comm=G1 Conc#0 state=S cpus=0-3 vol=63 nonvol=144 sched=666609689 268828300 207
TICK ts_ns=1777216183845325045 pid=24362 tid=24373 comm=G1 Refine#0 state=S cpus=0-3 vol=2213 nonvol=117 sched=223214013 315361538 2325
TICK ts_ns=1777216183845325045 pid=24362 tid=24374 comm=G1 Service state=S cpus=0-3 vol=299 nonvol=10 sched=18320377 47017768 309
TICK ts_ns=1777216183845325045 pid=24362 tid=24375 comm=VM Periodic Tas state=S cpus=0-3 vol=4534 nonvol=158 sched=225036784 468624389 4670
TICK ts_ns=1777216183845325045 pid=24362 tid=24379 comm=VM Thread state=S cpus=0-3 vol=723 nonvol=112 sched=133997797 52006904 835
TICK ts_ns=1777216183845325045 pid=24362 tid=24382 comm=Reference Handl state=S cpus=0-3 vol=46 nonvol=3 sched=7523922 9700536 49
TICK ts_ns=1777216183845325045 pid=24362 tid=24383 comm=Finalizer state=S cpus=0-3 vol=12 nonvol=0 sched=1325230 1040310 12
TICK ts_ns=1777216183845325045 pid=24362 tid=24384 comm=Signal Dispatch state=S cpus=0-3 vol=2 nonvol=0 sched=184845 0 2
TICK ts_ns=1777216183845325045 pid=24362 tid=24385 comm=Service Thread state=S cpus=0-3 vol=57 nonvol=3 sched=7425689 9789233 60
TICK ts_ns=1777216183845325045 pid=24362 tid=24386 comm=Monitor Deflati state=S cpus=0-3 vol=911 nonvol=21 sched=38229995 71884930 926
TICK ts_ns=1777216183845325045 pid=24362 tid=24387 comm=C2 CompilerThre state=S cpus=0-3 vol=5251 nonvol=5010 sched=34376454790 2901495772 10255
TICK ts_ns=1777216183845325045 pid=24362 tid=24389 comm=C1 CompilerThre state=S cpus=0-3 vol=7146 nonvol=2340 sched=7448061092 2715365714 9476
TICK ts_ns=1777216183845325045 pid=24362 tid=24395 comm=Notification Th state=S cpus=0-3 vol=2 nonvol=0 sched=199076 0 2
TICK ts_ns=1777216183845325045 pid=24362 tid=24398 comm=Common-Cleaner state=S cpus=0-3 vol=8 nonvol=0 sched=1148768 47769 8
TICK ts_ns=1777216183845325045 pid=24362 tid=24429 comm=GC Thread#1 state=S cpus=0-3 vol=794 nonvol=49 sched=114997179 201222834 842
TICK ts_ns=1777216183845325045 pid=24362 tid=24431 comm=GC Thread#2 state=S cpus=0-3 vol=755 nonvol=89 sched=116430834 199419527 844
TICK ts_ns=1777216183845325045 pid=24362 tid=24432 comm=GC Thread#3 state=S cpus=0-3 vol=773 nonvol=32 sched=113557023 221974154 804
TICK ts_ns=1777216183845325045 pid=24362 tid=24475 comm=GC Thread#4 state=S cpus=0-3 vol=731 nonvol=33 sched=133006573 197030704 763
TICK ts_ns=1777216183845325045 pid=24362 tid=24514 comm=GC Thread#5 state=S cpus=0-3 vol=752 nonvol=38 sched=136707236 175721535 790
TICK ts_ns=1777216183845325045 pid=24362 tid=24515 comm=GC Thread#6 state=S cpus=0-3 vol=738 nonvol=192 sched=133131915 176437551 930
TICK ts_ns=1777216183845325045 pid=24362 tid=24539 comm=GC Thread#7 state=S cpus=0-3 vol=762 nonvol=110 sched=125099223 178939235 871
TICK ts_ns=1777216183845325045 pid=24362 tid=24598 comm=java state=S cpus=0-3 vol=5 nonvol=1 sched=614229 717846 6
TICK ts_ns=1777216183845325045 pid=24362 tid=24605 comm=G1 Conc#1 state=S cpus=0-3 vol=57 nonvol=171 sched=691909689 232906697 228
TICK ts_ns=1777216183845325045 pid=24362 tid=24612 comm=AWT-XAWT state=S cpus=0-3 vol=19642 nonvol=1249 sched=1499670714 4436110996 20850
TICK ts_ns=1777216183845325045 pid=24362 tid=24616 comm=AWT-Shutdown state=S cpus=0-3 vol=9 nonvol=0 sched=659311 319614 9
TICK ts_ns=1777216183845325045 pid=24362 tid=24617 comm=AWT-EventQueue- state=S cpus=0-3 vol=2935 nonvol=1069 sched=2290723471 811499106 3998
TICK ts_ns=1777216183845325045 pid=24362 tid=24637 comm=Java2D Disposer state=S cpus=0-3 vol=22 nonvol=1 sched=6311230 2919077 23
TICK ts_ns=1777216183845325045 pid=24362 tid=24653 comm=TimerQueue state=S cpus=0-3 vol=222 nonvol=20 sched=28564532 38620307 241
TICK ts_ns=1777216183845325045 pid=24362 tid=24674 comm=logback-1 state=S cpus=0-3 vol=3 nonvol=1 sched=11873541 1385692 4
TICK ts_ns=1777216183845325045 pid=24362 tid=24749 comm=OkHttp static.r state=S cpus=0-3 vol=15 nonvol=6 sched=5672611 2947614 21
TICK ts_ns=1777216183845325045 pid=24362 tid=24750 comm=OkHttp static.r state=S cpus=0-3 vol=24 nonvol=21 sched=28591535 7616231 45
TICK ts_ns=1777216183845325045 pid=24362 tid=24751 comm=OkHttp Connecti state=S cpus=0-3 vol=12 nonvol=0 sched=887772 630769 12
TICK ts_ns=1777216183845325045 pid=24362 tid=24976 comm=pool-2-thread-1 state=S cpus=0-3 vol=1269 nonvol=217 sched=292195313 155497011 1476
TICK ts_ns=1777216183845325045 pid=24362 tid=25028 comm=Thread-1 state=S cpus=0-3 vol=19 nonvol=5 sched=3691616 1254922 24
TICK ts_ns=1777216183845325045 pid=24362 tid=25029 comm=Client state=R cpus=0-3 vol=140388 nonvol=43262 sched=64093854689 17286016114 183679
TICK ts_ns=1777216183845325045 pid=24362 tid=25035 comm=Thread-3 state=S cpus=0-3 vol=16 nonvol=14 sched=16149386 18778694 29
TICK ts_ns=1777216183845325045 pid=24362 tid=25320 comm=cache io state=S cpus=0-3 vol=5229 nonvol=711 sched=1256956918 552105176 5929
TICK ts_ns=1777216183845325045 pid=24362 tid=25405 comm=pool-4-thread-1 state=S cpus=0-3 vol=212 nonvol=27 sched=28642765 15779610 237
TICK ts_ns=1777216183845325045 pid=24362 tid=25436 comm=Java Sound Even state=S cpus=0-3 vol=2 nonvol=0 sched=211230 0 2
TICK ts_ns=1777216183845325045 pid=24362 tid=25437 comm=threaded-ml state=S cpus=0-3 vol=20520 nonvol=4247 sched=2867444302 2492926273 24722
TICK ts_ns=1777216183845325045 pid=24362 tid=25438 comm=Sound Engine state=S cpus=0-3 vol=22399 nonvol=2036 sched=3579720335 2554065611 24372
TICK ts_ns=1777216183845325045 pid=24362 tid=25445 comm=java:disk$0 state=S cpus=0-3 vol=1 nonvol=0 sched=198230 20923 1
TICK ts_ns=1777216183845325045 pid=24362 tid=25529 comm=Thread-7 state=S cpus=0-3 vol=9922 nonvol=5077 sched=1320725814 1634120179 14978
TICK ts_ns=1777216183845325045 pid=24362 tid=25530 comm=Thread-8 state=S cpus=0-3 vol=911 nonvol=436 sched=141283376 230054162 1344
TICK ts_ns=1777216183845325045 pid=24362 tid=27348 comm=Thread-9 state=S cpus=0-3 vol=8468 nonvol=261 sched=401843708 862296029 8697
TICK ts_ns=1777216183845325045 pid=24362 tid=29469 comm=Thread-10 state=S cpus=0-3 vol=334 nonvol=63 sched=20606602 46220697 395
TICK ts_ns=1777216183845325045 pid=24362 tid=29471 comm=Thread-11 state=S cpus=0-3 vol=228 nonvol=184 sched=56040541 68390766 411
TICK ts_ns=1777216183845325045 pid=24362 tid=30154 comm=Map Loader state=S cpus=0-3 vol=38 nonvol=732 sched=1788449153 748510157 769
TICK ts_ns=1777216183845325045 pid=24139 tid=24139 comm=virgl_test_serv state=S cpus=0-3 vol=27 nonvol=23 sched=12235460 2971692 50
GPU_BUSY ts_ns=1777216183845325045 path=/sys/kernel/gpu/gpu_busy val=51 %
TICK ts_ns=1777216189955789738 pid=24362 tid=21335 comm=Okio Watchdog state=S cpus=0-3 vol=2 nonvol=2 sched=? ? ?
TICK ts_ns=1777216189955789738 pid=24362 tid=24362 comm=java state=S cpus=0-3 vol=3 nonvol=1 sched=11857539 190077 4
TICK ts_ns=1777216189955789738 pid=24362 tid=24365 comm=java state=S cpus=0-3 vol=2382 nonvol=440 sched=1991304921 58283012 2822
TICK ts_ns=1777216189955789738 pid=24362 tid=24369 comm=GC Thread#0 state=S cpus=0-3 vol=760 nonvol=181 sched=136502389 233462919 941
TICK ts_ns=1777216189955789738 pid=24362 tid=24370 comm=G1 Main Marker state=S cpus=0-3 vol=76 nonvol=2 sched=6643394 29545074 78
TICK ts_ns=1777216189955789738 pid=24362 tid=24371 comm=G1 Conc#0 state=S cpus=0-3 vol=63 nonvol=144 sched=666609689 268828300 207
TICK ts_ns=1777216189955789738 pid=24362 tid=24373 comm=G1 Refine#0 state=S cpus=0-3 vol=2239 nonvol=117 sched=225072858 319639461 2350
TICK ts_ns=1777216189955789738 pid=24362 tid=24374 comm=G1 Service state=S cpus=0-3 vol=305 nonvol=10 sched=18656530 47604999 315
TICK ts_ns=1777216189955789738 pid=24362 tid=24375 comm=VM Periodic Tas state=S cpus=0-3 vol=4657 nonvol=165 sched=230933484 479886001 4800
TICK ts_ns=1777216189955789738 pid=24362 tid=24379 comm=VM Thread state=S cpus=0-3 vol=729 nonvol=112 sched=134252030 53115596 841
TICK ts_ns=1777216189955789738 pid=24362 tid=24382 comm=Reference Handl state=S cpus=0-3 vol=46 nonvol=3 sched=7523922 9700536 49
TICK ts_ns=1777216189955789738 pid=24362 tid=24383 comm=Finalizer state=S cpus=0-3 vol=12 nonvol=0 sched=1325230 1040310 12
TICK ts_ns=1777216189955789738 pid=24362 tid=24384 comm=Signal Dispatch state=S cpus=0-3 vol=2 nonvol=0 sched=184845 0 2
TICK ts_ns=1777216189955789738 pid=24362 tid=24385 comm=Service Thread state=S cpus=0-3 vol=58 nonvol=3 sched=7482996 9946156 61
TICK ts_ns=1777216189955789738 pid=24362 tid=24386 comm=Monitor Deflati state=S cpus=0-3 vol=935 nonvol=23 sched=39453683 77193468 951
TICK ts_ns=1777216189955789738 pid=24362 tid=24387 comm=C2 CompilerThre state=S cpus=0-3 vol=5259 nonvol=5020 sched=34486210633 2904251235 10272
TICK ts_ns=1777216189955789738 pid=24362 tid=24389 comm=C1 CompilerThre state=S cpus=0-3 vol=7154 nonvol=2340 sched=7449392860 2718069868 9484
TICK ts_ns=1777216189955789738 pid=24362 tid=24395 comm=Notification Th state=S cpus=0-3 vol=2 nonvol=0 sched=199076 0 2
TICK ts_ns=1777216189955789738 pid=24362 tid=24398 comm=Common-Cleaner state=S cpus=0-3 vol=8 nonvol=0 sched=1148768 47769 8
TICK ts_ns=1777216189955789738 pid=24362 tid=24429 comm=GC Thread#1 state=S cpus=0-3 vol=794 nonvol=49 sched=114997179 201222834 842
TICK ts_ns=1777216189955789738 pid=24362 tid=24431 comm=GC Thread#2 state=S cpus=0-3 vol=755 nonvol=89 sched=116430834 199419527 844
TICK ts_ns=1777216189955789738 pid=24362 tid=24432 comm=GC Thread#3 state=S cpus=0-3 vol=773 nonvol=32 sched=113557023 221974154 804
TICK ts_ns=1777216189955789738 pid=24362 tid=24475 comm=GC Thread#4 state=S cpus=0-3 vol=731 nonvol=33 sched=133006573 197030704 763
TICK ts_ns=1777216189955789738 pid=24362 tid=24514 comm=GC Thread#5 state=S cpus=0-3 vol=752 nonvol=38 sched=136707236 175721535 790
TICK ts_ns=1777216189955789738 pid=24362 tid=24515 comm=GC Thread#6 state=S cpus=0-3 vol=738 nonvol=192 sched=133131915 176437551 930
TICK ts_ns=1777216189955789738 pid=24362 tid=24539 comm=GC Thread#7 state=S cpus=0-3 vol=762 nonvol=110 sched=125099223 178939235 871
TICK ts_ns=1777216189955789738 pid=24362 tid=24598 comm=java state=S cpus=0-3 vol=5 nonvol=1 sched=614229 717846 6
TICK ts_ns=1777216189955789738 pid=24362 tid=24605 comm=G1 Conc#1 state=S cpus=0-3 vol=57 nonvol=171 sched=691909689 232906697 228
TICK ts_ns=1777216189955789738 pid=24362 tid=24612 comm=AWT-XAWT state=S cpus=0-3 vol=19818 nonvol=1258 sched=1513920958 4512313234 21035
TICK ts_ns=1777216189955789738 pid=24362 tid=24616 comm=AWT-Shutdown state=S cpus=0-3 vol=9 nonvol=0 sched=659311 319614 9
TICK ts_ns=1777216189955789738 pid=24362 tid=24617 comm=AWT-EventQueue- state=S cpus=0-3 vol=2940 nonvol=1071 sched=2292741624 813529491 4005
TICK ts_ns=1777216189955789738 pid=24362 tid=24637 comm=Java2D Disposer state=S cpus=0-3 vol=22 nonvol=1 sched=6311230 2919077 23
TICK ts_ns=1777216189955789738 pid=24362 tid=24653 comm=TimerQueue state=S cpus=0-3 vol=222 nonvol=20 sched=28564532 38620307 241
TICK ts_ns=1777216189955789738 pid=24362 tid=24674 comm=logback-1 state=S cpus=0-3 vol=3 nonvol=1 sched=11873541 1385692 4
TICK ts_ns=1777216189955789738 pid=24362 tid=24749 comm=OkHttp static.r state=S cpus=0-3 vol=15 nonvol=6 sched=5672611 2947614 21
TICK ts_ns=1777216189955789738 pid=24362 tid=24750 comm=OkHttp static.r state=S cpus=0-3 vol=24 nonvol=21 sched=28591535 7616231 45
TICK ts_ns=1777216189955789738 pid=24362 tid=24751 comm=OkHttp Connecti state=S cpus=0-3 vol=12 nonvol=0 sched=887772 630769 12
TICK ts_ns=1777216189955789738 pid=24362 tid=24976 comm=pool-2-thread-1 state=S cpus=0-3 vol=1300 nonvol=219 sched=295483001 158182012 1509
TICK ts_ns=1777216189955789738 pid=24362 tid=25028 comm=Thread-1 state=S cpus=0-3 vol=19 nonvol=5 sched=3691616 1254922 24
TICK ts_ns=1777216189955789738 pid=24362 tid=25029 comm=Client state=S cpus=0-3 vol=144520 nonvol=44165 sched=65748666034 17678990104 188673
TICK ts_ns=1777216189955789738 pid=24362 tid=25035 comm=Thread-3 state=S cpus=0-3 vol=16 nonvol=14 sched=16149386 18778694 29
TICK ts_ns=1777216189955789738 pid=24362 tid=25320 comm=cache io state=S cpus=0-3 vol=5349 nonvol=715 sched=1268556374 567058713 6053
TICK ts_ns=1777216189955789738 pid=24362 tid=25405 comm=pool-4-thread-1 state=S cpus=0-3 vol=218 nonvol=27 sched=29095148 16000456 243
TICK ts_ns=1777216189955789738 pid=24362 tid=25436 comm=Java Sound Even state=S cpus=0-3 vol=2 nonvol=0 sched=211230 0 2
TICK ts_ns=1777216189955789738 pid=24362 tid=25437 comm=threaded-ml state=S cpus=0-3 vol=21088 nonvol=4364 sched=2942339249 2554048660 25404
TICK ts_ns=1777216189955789738 pid=24362 tid=25438 comm=Sound Engine state=S cpus=0-3 vol=23007 nonvol=2088 sched=3663961338 2614340619 25028
TICK ts_ns=1777216189955789738 pid=24362 tid=25445 comm=java:disk$0 state=S cpus=0-3 vol=1 nonvol=0 sched=198230 20923 1
TICK ts_ns=1777216189955789738 pid=24362 tid=25529 comm=Thread-7 state=S cpus=0-3 vol=10133 nonvol=5231 sched=1355732650 1678272249 15346
TICK ts_ns=1777216189955789738 pid=24362 tid=25530 comm=Thread-8 state=S cpus=0-3 vol=913 nonvol=437 sched=141775530 230170470 1347
TICK ts_ns=1777216189955789738 pid=24362 tid=27348 comm=Thread-9 state=S cpus=0-3 vol=8708 nonvol=268 sched=413831954 886548876 8944
TICK ts_ns=1777216189955789738 pid=24362 tid=29469 comm=Thread-10 state=S cpus=0-3 vol=344 nonvol=65 sched=21580755 51501697 407
TICK ts_ns=1777216189955789738 pid=24362 tid=29471 comm=Thread-11 state=S cpus=0-3 vol=235 nonvol=190 sched=57639539 70872765 424
TICK ts_ns=1777216189955789738 pid=24362 tid=30154 comm=Map Loader state=S cpus=0-3 vol=38 nonvol=732 sched=1788449153 748510157 769
TICK ts_ns=1777216189955789738 pid=24139 tid=24139 comm=virgl_test_serv state=S cpus=0-3 vol=27 nonvol=23 sched=12235460 2971692 50
GPU_BUSY ts_ns=1777216189955789738 path=/sys/kernel/gpu/gpu_busy val=0 %
TICK ts_ns=1777216196007704430 pid=24362 tid=24362 comm=java state=S cpus=0-3 vol=3 nonvol=1 sched=11857539 190077 4
TICK ts_ns=1777216196007704430 pid=24362 tid=24365 comm=java state=S cpus=0-3 vol=2382 nonvol=440 sched=1991304921 58283012 2822
TICK ts_ns=1777216196007704430 pid=24362 tid=24369 comm=GC Thread#0 state=S cpus=0-3 vol=760 nonvol=181 sched=136502389 233462919 941
TICK ts_ns=1777216196007704430 pid=24362 tid=24370 comm=G1 Main Marker state=S cpus=0-3 vol=76 nonvol=2 sched=6643394 29545074 78
TICK ts_ns=1777216196007704430 pid=24362 tid=24371 comm=G1 Conc#0 state=S cpus=0-3 vol=63 nonvol=144 sched=666609689 268828300 207
TICK ts_ns=1777216196007704430 pid=24362 tid=24373 comm=G1 Refine#0 state=S cpus=0-3 vol=2265 nonvol=120 sched=227199088 325228692 2379
TICK ts_ns=1777216196007704430 pid=24362 tid=24374 comm=G1 Service state=S cpus=0-3 vol=311 nonvol=10 sched=18925838 48503230 321
TICK ts_ns=1777216196007704430 pid=24362 tid=24375 comm=VM Periodic Tas state=S cpus=0-3 vol=4776 nonvol=170 sched=236662650 493432151 4924
TICK ts_ns=1777216196007704430 pid=24362 tid=24379 comm=VM Thread state=S cpus=0-3 vol=735 nonvol=112 sched=134501417 55845443 847
TICK ts_ns=1777216196007704430 pid=24362 tid=24382 comm=Reference Handl state=S cpus=0-3 vol=46 nonvol=3 sched=7523922 9700536 49
TICK ts_ns=1777216196007704430 pid=24362 tid=24383 comm=Finalizer state=S cpus=0-3 vol=12 nonvol=0 sched=1325230 1040310 12
TICK ts_ns=1777216196007704430 pid=24362 tid=24384 comm=Signal Dispatch state=S cpus=0-3 vol=2 nonvol=0 sched=184845 0 2
TICK ts_ns=1777216196007704430 pid=24362 tid=24385 comm=Service Thread state=S cpus=0-3 vol=58 nonvol=3 sched=7482996 9946156 61
TICK ts_ns=1777216196007704430 pid=24362 tid=24386 comm=Monitor Deflati state=S cpus=0-3 vol=959 nonvol=23 sched=40371684 79148698 975
TICK ts_ns=1777216196007704430 pid=24362 tid=24387 comm=C2 CompilerThre state=S cpus=0-3 vol=5261 nonvol=5026 sched=34525674244 2907296159 10280
TICK ts_ns=1777216196007704430 pid=24362 tid=24389 comm=C1 CompilerThre state=S cpus=0-3 vol=7156 nonvol=2340 sched=7449454475 2718732098 9486
TICK ts_ns=1777216196007704430 pid=24362 tid=24395 comm=Notification Th state=S cpus=0-3 vol=2 nonvol=0 sched=199076 0 2
TICK ts_ns=1777216196007704430 pid=24362 tid=24398 comm=Common-Cleaner state=S cpus=0-3 vol=8 nonvol=0 sched=1148768 47769 8
TICK ts_ns=1777216196007704430 pid=24362 tid=24429 comm=GC Thread#1 state=S cpus=0-3 vol=794 nonvol=49 sched=114997179 201222834 842
TICK ts_ns=1777216196007704430 pid=24362 tid=24431 comm=GC Thread#2 state=S cpus=0-3 vol=755 nonvol=89 sched=116430834 199419527 844
TICK ts_ns=1777216196007704430 pid=24362 tid=24432 comm=GC Thread#3 state=S cpus=0-3 vol=773 nonvol=32 sched=113557023 221974154 804
TICK ts_ns=1777216196007704430 pid=24362 tid=24475 comm=GC Thread#4 state=S cpus=0-3 vol=731 nonvol=33 sched=133006573 197030704 763
TICK ts_ns=1777216196007704430 pid=24362 tid=24514 comm=GC Thread#5 state=S cpus=0-3 vol=752 nonvol=38 sched=136707236 175721535 790
TICK ts_ns=1777216196007704430 pid=24362 tid=24515 comm=GC Thread#6 state=S cpus=0-3 vol=738 nonvol=192 sched=133131915 176437551 930
TICK ts_ns=1777216196007704430 pid=24362 tid=24539 comm=GC Thread#7 state=S cpus=0-3 vol=762 nonvol=110 sched=125099223 178939235 871
TICK ts_ns=1777216196007704430 pid=24362 tid=24598 comm=java state=S cpus=0-3 vol=5 nonvol=1 sched=614229 717846 6
TICK ts_ns=1777216196007704430 pid=24362 tid=24605 comm=G1 Conc#1 state=S cpus=0-3 vol=57 nonvol=171 sched=691909689 232906697 228
TICK ts_ns=1777216196007704430 pid=24362 tid=24612 comm=AWT-XAWT state=S cpus=0-3 vol=19993 nonvol=1261 sched=1528677575 4595782082 21212
TICK ts_ns=1777216196007704430 pid=24362 tid=24616 comm=AWT-Shutdown state=S cpus=0-3 vol=9 nonvol=0 sched=659311 319614 9
TICK ts_ns=1777216196007704430 pid=24362 tid=24617 comm=AWT-EventQueue- state=S cpus=0-3 vol=2945 nonvol=1073 sched=2294901317 819548877 4012
TICK ts_ns=1777216196007704430 pid=24362 tid=24637 comm=Java2D Disposer state=S cpus=0-3 vol=22 nonvol=1 sched=6311230 2919077 23
TICK ts_ns=1777216196007704430 pid=24362 tid=24653 comm=TimerQueue state=S cpus=0-3 vol=222 nonvol=20 sched=28564532 38620307 241
TICK ts_ns=1777216196007704430 pid=24362 tid=24674 comm=logback-1 state=S cpus=0-3 vol=3 nonvol=1 sched=11873541 1385692 4
TICK ts_ns=1777216196007704430 pid=24362 tid=24749 comm=OkHttp static.r state=S cpus=0-3 vol=15 nonvol=6 sched=5672611 2947614 21
TICK ts_ns=1777216196007704430 pid=24362 tid=24750 comm=OkHttp static.r state=S cpus=0-3 vol=24 nonvol=21 sched=28591535 7616231 45
TICK ts_ns=1777216196007704430 pid=24362 tid=24751 comm=OkHttp Connecti state=S cpus=0-3 vol=12 nonvol=0 sched=887772 630769 12
TICK ts_ns=1777216196007704430 pid=24362 tid=24976 comm=pool-2-thread-1 state=S cpus=0-3 vol=1332 nonvol=220 sched=299232694 160928473 1542
TICK ts_ns=1777216196007704430 pid=24362 tid=25028 comm=Thread-1 state=S cpus=0-3 vol=19 nonvol=5 sched=3691616 1254922 24
TICK ts_ns=1777216196007704430 pid=24362 tid=25029 comm=Client state=R cpus=0-3 vol=148223 nonvol=45187 sched=67403251301 18044376220 193419
TICK ts_ns=1777216196007704430 pid=24362 tid=25035 comm=Thread-3 state=S cpus=0-3 vol=16 nonvol=14 sched=16149386 18778694 29
TICK ts_ns=1777216196007704430 pid=24362 tid=25320 comm=cache io state=S cpus=0-3 vol=5469 nonvol=719 sched=1279247455 577403789 6176
TICK ts_ns=1777216196007704430 pid=24362 tid=25405 comm=pool-4-thread-1 state=S cpus=0-3 vol=224 nonvol=27 sched=29669070 16485379 249
TICK ts_ns=1777216196007704430 pid=24362 tid=25436 comm=Java Sound Even state=S cpus=0-3 vol=2 nonvol=0 sched=211230 0 2
TICK ts_ns=1777216196007704430 pid=24362 tid=25437 comm=threaded-ml state=S cpus=0-3 vol=21650 nonvol=4496 sched=3019569653 2625282132 26093
TICK ts_ns=1777216196007704430 pid=24362 tid=25438 comm=Sound Engine state=S cpus=0-3 vol=23610 nonvol=2160 sched=3750065337 2682375777 25698
TICK ts_ns=1777216196007704430 pid=24362 tid=25445 comm=java:disk$0 state=S cpus=0-3 vol=1 nonvol=0 sched=198230 20923 1
TICK ts_ns=1777216196007704430 pid=24362 tid=25529 comm=Thread-7 state=S cpus=0-3 vol=10349 nonvol=5386 sched=1388784418 1724064860 15714
TICK ts_ns=1777216196007704430 pid=24362 tid=25530 comm=Thread-8 state=S cpus=0-3 vol=916 nonvol=440 sched=142656069 235141239 1353
TICK ts_ns=1777216196007704430 pid=24362 tid=27348 comm=Thread-9 state=S cpus=0-3 vol=8948 nonvol=274 sched=425336400 917329789 9188
TICK ts_ns=1777216196007704430 pid=24362 tid=29469 comm=Thread-10 state=S cpus=0-3 vol=354 nonvol=67 sched=22202911 53302851 419
TICK ts_ns=1777216196007704430 pid=24362 tid=29471 comm=Thread-11 state=S cpus=0-3 vol=242 nonvol=195 sched=59389768 72310996 436
TICK ts_ns=1777216196007704430 pid=24362 tid=30154 comm=Map Loader state=S cpus=0-3 vol=38 nonvol=732 sched=1788449153 748510157 769
TICK ts_ns=1777216196007704430 pid=24139 tid=24139 comm=virgl_test_serv state=S cpus=0-3 vol=27 nonvol=23 sched=12235460 2971692 50
GPU_BUSY ts_ns=1777216196007704430 path=/sys/kernel/gpu/gpu_busy val=0 %
TICK ts_ns=1777216202039888123 pid=24362 tid=24362 comm=java state=S cpus=0-3 vol=3 nonvol=1 sched=11857539 190077 4
TICK ts_ns=1777216202039888123 pid=24362 tid=24365 comm=java state=S cpus=0-3 vol=2382 nonvol=440 sched=1991304921 58283012 2822
TICK ts_ns=1777216202039888123 pid=24362 tid=24369 comm=GC Thread#0 state=S cpus=0-3 vol=760 nonvol=181 sched=136502389 233462919 941
TICK ts_ns=1777216202039888123 pid=24362 tid=24370 comm=G1 Main Marker state=S cpus=0-3 vol=76 nonvol=2 sched=6643394 29545074 78
TICK ts_ns=1777216202039888123 pid=24362 tid=24371 comm=G1 Conc#0 state=S cpus=0-3 vol=63 nonvol=144 sched=666609689 268828300 207
TICK ts_ns=1777216202039888123 pid=24362 tid=24373 comm=G1 Refine#0 state=S cpus=0-3 vol=2295 nonvol=121 sched=230016239 327023231 2410
TICK ts_ns=1777216202039888123 pid=24362 tid=24374 comm=G1 Service state=S cpus=0-3 vol=317 nonvol=10 sched=19151684 49382693 327
TICK ts_ns=1777216202039888123 pid=24362 tid=24375 comm=VM Periodic Tas state=S cpus=0-3 vol=4899 nonvol=175 sched=242567499 509358767 5052
TICK ts_ns=1777216202039888123 pid=24362 tid=24379 comm=VM Thread state=S cpus=0-3 vol=743 nonvol=112 sched=135014493 56481982 855
TICK ts_ns=1777216202039888123 pid=24362 tid=24382 comm=Reference Handl state=S cpus=0-3 vol=46 nonvol=3 sched=7523922 9700536 49
TICK ts_ns=1777216202039888123 pid=24362 tid=24383 comm=Finalizer state=S cpus=0-3 vol=12 nonvol=0 sched=1325230 1040310 12
TICK ts_ns=1777216202039888123 pid=24362 tid=24384 comm=Signal Dispatch state=S cpus=0-3 vol=2 nonvol=0 sched=184845 0 2
TICK ts_ns=1777216202039888123 pid=24362 tid=24385 comm=Service Thread state=S cpus=0-3 vol=58 nonvol=3 sched=7482996 9946156 61
TICK ts_ns=1777216202039888123 pid=24362 tid=24386 comm=Monitor Deflati state=S cpus=0-3 vol=985 nonvol=23 sched=41461759 81533006 1001
TICK ts_ns=1777216202039888123 pid=24362 tid=24387 comm=C2 CompilerThre state=S cpus=0-3 vol=5277 nonvol=5052 sched=34686086635 2913564465 10322
TICK ts_ns=1777216202039888123 pid=24362 tid=24389 comm=C1 CompilerThre state=S cpus=0-3 vol=7176 nonvol=2341 sched=7455259019 2726796714 9507
TICK ts_ns=1777216202039888123 pid=24362 tid=24395 comm=Notification Th state=S cpus=0-3 vol=2 nonvol=0 sched=199076 0 2
TICK ts_ns=1777216202039888123 pid=24362 tid=24398 comm=Common-Cleaner state=S cpus=0-3 vol=8 nonvol=0 sched=1148768 47769 8
TICK ts_ns=1777216202039888123 pid=24362 tid=24429 comm=GC Thread#1 state=S cpus=0-3 vol=794 nonvol=49 sched=114997179 201222834 842
TICK ts_ns=1777216202039888123 pid=24362 tid=24431 comm=GC Thread#2 state=S cpus=0-3 vol=755 nonvol=89 sched=116430834 199419527 844
TICK ts_ns=1777216202039888123 pid=24362 tid=24432 comm=GC Thread#3 state=S cpus=0-3 vol=773 nonvol=32 sched=113557023 221974154 804
TICK ts_ns=1777216202039888123 pid=24362 tid=24475 comm=GC Thread#4 state=S cpus=0-3 vol=731 nonvol=33 sched=133006573 197030704 763
TICK ts_ns=1777216202039888123 pid=24362 tid=24514 comm=GC Thread#5 state=S cpus=0-3 vol=752 nonvol=38 sched=136707236 175721535 790
TICK ts_ns=1777216202039888123 pid=24362 tid=24515 comm=GC Thread#6 state=S cpus=0-3 vol=738 nonvol=192 sched=133131915 176437551 930
TICK ts_ns=1777216202039888123 pid=24362 tid=24539 comm=GC Thread#7 state=S cpus=0-3 vol=762 nonvol=110 sched=125099223 178939235 871
TICK ts_ns=1777216202039888123 pid=24362 tid=24598 comm=java state=S cpus=0-3 vol=5 nonvol=1 sched=614229 717846 6
TICK ts_ns=1777216202039888123 pid=24362 tid=24605 comm=G1 Conc#1 state=S cpus=0-3 vol=57 nonvol=171 sched=691909689 232906697 228
TICK ts_ns=1777216202039888123 pid=24362 tid=24612 comm=AWT-XAWT state=S cpus=0-3 vol=20181 nonvol=1268 sched=1544206279 4662375768 21407
TICK ts_ns=1777216202039888123 pid=24362 tid=24616 comm=AWT-Shutdown state=S cpus=0-3 vol=9 nonvol=0 sched=659311 319614 9
TICK ts_ns=1777216202039888123 pid=24362 tid=24617 comm=AWT-EventQueue- state=S cpus=0-3 vol=2950 nonvol=1073 sched=2296947625 820027339 4017
TICK ts_ns=1777216202039888123 pid=24362 tid=24637 comm=Java2D Disposer state=S cpus=0-3 vol=22 nonvol=1 sched=6311230 2919077 23
TICK ts_ns=1777216202039888123 pid=24362 tid=24653 comm=TimerQueue state=S cpus=0-3 vol=222 nonvol=20 sched=28564532 38620307 241
TICK ts_ns=1777216202039888123 pid=24362 tid=24674 comm=logback-1 state=S cpus=0-3 vol=3 nonvol=1 sched=11873541 1385692 4
TICK ts_ns=1777216202039888123 pid=24362 tid=24749 comm=OkHttp static.r state=S cpus=0-3 vol=16 nonvol=7 sched=6138765 3068229 23
TICK ts_ns=1777216202039888123 pid=24362 tid=24750 comm=OkHttp static.r state=S cpus=0-3 vol=25 nonvol=21 sched=28884998 7654384 46
TICK ts_ns=1777216202039888123 pid=24362 tid=24751 comm=OkHttp Connecti state=S cpus=0-3 vol=12 nonvol=0 sched=887772 630769 12
TICK ts_ns=1777216202039888123 pid=24362 tid=24976 comm=pool-2-thread-1 state=S cpus=0-3 vol=1364 nonvol=220 sched=302759305 165052396 1574
TICK ts_ns=1777216202039888123 pid=24362 tid=25028 comm=Thread-1 state=S cpus=0-3 vol=19 nonvol=5 sched=3691616 1254922 24
TICK ts_ns=1777216202039888123 pid=24362 tid=25029 comm=Client state=R cpus=0-3 vol=151909 nonvol=46035 sched=69159746914 18399729387 197948
TICK ts_ns=1777216202039888123 pid=24362 tid=25035 comm=Thread-3 state=S cpus=0-3 vol=16 nonvol=14 sched=16149386 18778694 29
TICK ts_ns=1777216202039888123 pid=24362 tid=25320 comm=cache io state=S cpus=0-3 vol=5591 nonvol=720 sched=1289629681 588526939 6299
TICK ts_ns=1777216202039888123 pid=24362 tid=25405 comm=pool-4-thread-1 state=S cpus=0-3 vol=230 nonvol=28 sched=30239761 16688302 256
TICK ts_ns=1777216202039888123 pid=24362 tid=25436 comm=Java Sound Even state=S cpus=0-3 vol=2 nonvol=0 sched=211230 0 2
TICK ts_ns=1777216202039888123 pid=24362 tid=25437 comm=threaded-ml state=S cpus=0-3 vol=22225 nonvol=4591 sched=3098678606 2678880135 26768
TICK ts_ns=1777216202039888123 pid=24362 tid=25438 comm=Sound Engine state=S cpus=0-3 vol=24227 nonvol=2193 sched=3839041405 2743179550 26349
TICK ts_ns=1777216202039888123 pid=24362 tid=25445 comm=java:disk$0 state=S cpus=0-3 vol=1 nonvol=0 sched=198230 20923 1
TICK ts_ns=1777216202039888123 pid=24362 tid=25529 comm=Thread-7 state=S cpus=0-3 vol=10579 nonvol=5519 sched=1421862800 1765697239 16074
TICK ts_ns=1777216202039888123 pid=24362 tid=25530 comm=Thread-8 state=S cpus=0-3 vol=918 nonvol=441 sched=143141068 235736009 1356
TICK ts_ns=1777216202039888123 pid=24362 tid=27348 comm=Thread-9 state=S cpus=0-3 vol=9190 nonvol=281 sched=437621708 942945793 9438
TICK ts_ns=1777216202039888123 pid=24362 tid=29469 comm=Thread-10 state=S cpus=0-3 vol=364 nonvol=68 sched=22669913 55389081 430
TICK ts_ns=1777216202039888123 pid=24362 tid=29471 comm=Thread-11 state=S cpus=0-3 vol=248 nonvol=199 sched=61056305 73214689 446
TICK ts_ns=1777216202039888123 pid=24362 tid=30154 comm=Map Loader state=S cpus=0-3 vol=38 nonvol=732 sched=1788449153 748510157 769
TICK ts_ns=1777216202039888123 pid=24139 tid=24139 comm=virgl_test_serv state=S cpus=0-3 vol=27 nonvol=23 sched=12235460 2971692 50
GPU_BUSY ts_ns=1777216202039888123 path=/sys/kernel/gpu/gpu_busy val=0 %
TICK ts_ns=1777216208200378893 pid=24362 tid=24362 comm=java state=S cpus=0-3 vol=3 nonvol=1 sched=11857539 190077 4
TICK ts_ns=1777216208200378893 pid=24362 tid=24365 comm=java state=S cpus=0-3 vol=2382 nonvol=440 sched=1991304921 58283012 2822
TICK ts_ns=1777216208200378893 pid=24362 tid=24369 comm=GC Thread#0 state=S cpus=0-3 vol=760 nonvol=181 sched=136502389 233462919 941
TICK ts_ns=1777216208200378893 pid=24362 tid=24370 comm=G1 Main Marker state=S cpus=0-3 vol=76 nonvol=2 sched=6643394 29545074 78
TICK ts_ns=1777216208200378893 pid=24362 tid=24371 comm=G1 Conc#0 state=S cpus=0-3 vol=63 nonvol=144 sched=666609689 268828300 207
TICK ts_ns=1777216208200378893 pid=24362 tid=24373 comm=G1 Refine#0 state=S cpus=0-3 vol=2329 nonvol=121 sched=232635087 328479767 2444
TICK ts_ns=1777216208200378893 pid=24362 tid=24374 comm=G1 Service state=S cpus=0-3 vol=323 nonvol=10 sched=19393916 52322846 333
TICK ts_ns=1777216208200378893 pid=24362 tid=24375 comm=VM Periodic Tas state=S cpus=0-3 vol=5023 nonvol=175 sched=249559727 520554997 5176
TICK ts_ns=1777216208200378893 pid=24362 tid=24379 comm=VM Thread state=S cpus=0-3 vol=749 nonvol=112 sched=135300723 57971520 861
TICK ts_ns=1777216208200378893 pid=24362 tid=24382 comm=Reference Handl state=S cpus=0-3 vol=46 nonvol=3 sched=7523922 9700536 49
TICK ts_ns=1777216208200378893 pid=24362 tid=24383 comm=Finalizer state=S cpus=0-3 vol=12 nonvol=0 sched=1325230 1040310 12
TICK ts_ns=1777216208200378893 pid=24362 tid=24384 comm=Signal Dispatch state=S cpus=0-3 vol=2 nonvol=0 sched=184845 0 2
TICK ts_ns=1777216208200378893 pid=24362 tid=24385 comm=Service Thread state=S cpus=0-3 vol=58 nonvol=3 sched=7482996 9946156 61
TICK ts_ns=1777216208200378893 pid=24362 tid=24386 comm=Monitor Deflati state=S cpus=0-3 vol=1010 nonvol=23 sched=42615298 82593159 1026
TICK ts_ns=1777216208200378893 pid=24362 tid=24387 comm=C2 CompilerThre state=S cpus=0-3 vol=5298 nonvol=5073 sched=34798482257 2923172619 10364
TICK ts_ns=1777216208200378893 pid=24362 tid=24389 comm=C1 CompilerThre state=S cpus=0-3 vol=7203 nonvol=2346 sched=7460896712 2732206791 9539
TICK ts_ns=1777216208200378893 pid=24362 tid=24395 comm=Notification Th state=S cpus=0-3 vol=2 nonvol=0 sched=199076 0 2
TICK ts_ns=1777216208200378893 pid=24362 tid=24398 comm=Common-Cleaner state=S cpus=0-3 vol=9 nonvol=0 sched=1235537 47769 9
TICK ts_ns=1777216208200378893 pid=24362 tid=24429 comm=GC Thread#1 state=S cpus=0-3 vol=794 nonvol=49 sched=114997179 201222834 842
TICK ts_ns=1777216208200378893 pid=24362 tid=24431 comm=GC Thread#2 state=S cpus=0-3 vol=755 nonvol=89 sched=116430834 199419527 844
TICK ts_ns=1777216208200378893 pid=24362 tid=24432 comm=GC Thread#3 state=S cpus=0-3 vol=773 nonvol=32 sched=113557023 221974154 804
TICK ts_ns=1777216208200378893 pid=24362 tid=24475 comm=GC Thread#4 state=S cpus=0-3 vol=731 nonvol=33 sched=133006573 197030704 763
TICK ts_ns=1777216208200378893 pid=24362 tid=24514 comm=GC Thread#5 state=S cpus=0-3 vol=752 nonvol=38 sched=136707236 175721535 790
TICK ts_ns=1777216208200378893 pid=24362 tid=24515 comm=GC Thread#6 state=S cpus=0-3 vol=738 nonvol=192 sched=133131915 176437551 930
TICK ts_ns=1777216208200378893 pid=24362 tid=24539 comm=GC Thread#7 state=S cpus=0-3 vol=762 nonvol=110 sched=125099223 178939235 871
TICK ts_ns=1777216208200378893 pid=24362 tid=24598 comm=java state=S cpus=0-3 vol=5 nonvol=1 sched=614229 717846 6
TICK ts_ns=1777216208200378893 pid=24362 tid=24605 comm=G1 Conc#1 state=S cpus=0-3 vol=57 nonvol=171 sched=691909689 232906697 228
TICK ts_ns=1777216208200378893 pid=24362 tid=24612 comm=AWT-XAWT state=S cpus=0-3 vol=20369 nonvol=1274 sched=1560274665 4729989920 21601
TICK ts_ns=1777216208200378893 pid=24362 tid=24616 comm=AWT-Shutdown state=S cpus=0-3 vol=9 nonvol=0 sched=659311 319614 9
TICK ts_ns=1777216208200378893 pid=24362 tid=24617 comm=AWT-EventQueue- state=S cpus=0-3 vol=2955 nonvol=1073 sched=2298935549 821683570 4022
TICK ts_ns=1777216208200378893 pid=24362 tid=24637 comm=Java2D Disposer state=S cpus=0-3 vol=22 nonvol=1 sched=6311230 2919077 23
TICK ts_ns=1777216208200378893 pid=24362 tid=24653 comm=TimerQueue state=S cpus=0-3 vol=222 nonvol=20 sched=28564532 38620307 241
TICK ts_ns=1777216208200378893 pid=24362 tid=24674 comm=logback-1 state=S cpus=0-3 vol=3 nonvol=1 sched=11873541 1385692 4
TICK ts_ns=1777216208200378893 pid=24362 tid=24749 comm=OkHttp static.r state=S cpus=0-3 vol=16 nonvol=7 sched=6138765 3068229 23
TICK ts_ns=1777216208200378893 pid=24362 tid=24750 comm=OkHttp static.r state=S cpus=0-3 vol=25 nonvol=21 sched=28884998 7654384 46
TICK ts_ns=1777216208200378893 pid=24362 tid=24751 comm=OkHttp Connecti state=S cpus=0-3 vol=12 nonvol=0 sched=887772 630769 12
TICK ts_ns=1777216208200378893 pid=24362 tid=24976 comm=pool-2-thread-1 state=S cpus=0-3 vol=1397 nonvol=222 sched=306665305 167478705 1609
TICK ts_ns=1777216208200378893 pid=24362 tid=25028 comm=Thread-1 state=S cpus=0-3 vol=19 nonvol=5 sched=3691616 1254922 24
TICK ts_ns=1777216208200378893 pid=24362 tid=25029 comm=Client state=R cpus=0-3 vol=155701 nonvol=47023 sched=70914208229 18778669515 202745
TICK ts_ns=1777216208200378893 pid=24362 tid=25035 comm=Thread-3 state=S cpus=0-3 vol=16 nonvol=14 sched=16149386 18778694 29
TICK ts_ns=1777216208200378893 pid=24362 tid=25320 comm=cache io state=S cpus=0-3 vol=5715 nonvol=725 sched=1300220070 598747473 6425
TICK ts_ns=1777216208200378893 pid=24362 tid=25405 comm=pool-4-thread-1 state=S cpus=0-3 vol=236 nonvol=28 sched=30788529 17059072 262
TICK ts_ns=1777216208200378893 pid=24362 tid=25436 comm=Java Sound Even state=S cpus=0-3 vol=2 nonvol=0 sched=211230 0 2
TICK ts_ns=1777216208200378893 pid=24362 tid=25437 comm=threaded-ml state=S cpus=0-3 vol=22803 nonvol=4711 sched=3179877670 2739690618 27460
TICK ts_ns=1777216208200378893 pid=24362 tid=25438 comm=Sound Engine state=S cpus=0-3 vol=24851 nonvol=2237 sched=3928635326 2794596466 27015
TICK ts_ns=1777216208200378893 pid=24362 tid=25445 comm=java:disk$0 state=S cpus=0-3 vol=1 nonvol=0 sched=198230 20923 1
TICK ts_ns=1777216208200378893 pid=24362 tid=25529 comm=Thread-7 state=S cpus=0-3 vol=10797 nonvol=5657 sched=1456776107 1814285942 16432
TICK ts_ns=1777216208200378893 pid=24362 tid=25530 comm=Thread-8 state=S cpus=0-3 vol=921 nonvol=442 sched=143958531 236130316 1360
TICK ts_ns=1777216208200378893 pid=24362 tid=27348 comm=Thread-9 state=S cpus=0-3 vol=9436 nonvol=288 sched=448974859 963304408 9691
TICK ts_ns=1777216208200378893 pid=24362 tid=29469 comm=Thread-10 state=S cpus=0-3 vol=374 nonvol=70 sched=23239145 57100388 442
TICK ts_ns=1777216208200378893 pid=24362 tid=29471 comm=Thread-11 state=S cpus=0-3 vol=255 nonvol=204 sched=62870767 76685689 460
TICK ts_ns=1777216208200378893 pid=24362 tid=30154 comm=Map Loader state=S cpus=0-3 vol=38 nonvol=732 sched=1788449153 748510157 769
TICK ts_ns=1777216208200378893 pid=24139 tid=24139 comm=virgl_test_serv state=S cpus=0-3 vol=27 nonvol=23 sched=12235460 2971692 50
GPU_BUSY ts_ns=1777216208200378893 path=/sys/kernel/gpu/gpu_busy val=12 %
TICK ts_ns=1777216214420294585 pid=24362 tid=24362 comm=java state=S cpus=0-3 vol=3 nonvol=1 sched=11857539 190077 4
TICK ts_ns=1777216214420294585 pid=24362 tid=24365 comm=java state=S cpus=0-3 vol=2382 nonvol=440 sched=1991304921 58283012 2822
TICK ts_ns=1777216214420294585 pid=24362 tid=24369 comm=GC Thread#0 state=S cpus=0-3 vol=760 nonvol=181 sched=136502389 233462919 941
TICK ts_ns=1777216214420294585 pid=24362 tid=24370 comm=G1 Main Marker state=S cpus=0-3 vol=76 nonvol=2 sched=6643394 29545074 78
TICK ts_ns=1777216214420294585 pid=24362 tid=24371 comm=G1 Conc#0 state=S cpus=0-3 vol=63 nonvol=144 sched=666609689 268828300 207
TICK ts_ns=1777216214420294585 pid=24362 tid=24373 comm=G1 Refine#0 state=S cpus=0-3 vol=2368 nonvol=124 sched=235738016 331977614 2486
TICK ts_ns=1777216214420294585 pid=24362 tid=24374 comm=G1 Service state=S cpus=0-3 vol=329 nonvol=12 sched=19899686 52711539 341
TICK ts_ns=1777216214420294585 pid=24362 tid=24375 comm=VM Periodic Tas state=S cpus=0-3 vol=5147 nonvol=179 sched=255972192 527785771 5304
TICK ts_ns=1777216214420294585 pid=24362 tid=24379 comm=VM Thread state=S cpus=0-3 vol=755 nonvol=114 sched=135812417 60319136 869
TICK ts_ns=1777216214420294585 pid=24362 tid=24382 comm=Reference Handl state=S cpus=0-3 vol=46 nonvol=3 sched=7523922 9700536 49
TICK ts_ns=1777216214420294585 pid=24362 tid=24383 comm=Finalizer state=S cpus=0-3 vol=12 nonvol=0 sched=1325230 1040310 12
TICK ts_ns=1777216214420294585 pid=24362 tid=24384 comm=Signal Dispatch state=S cpus=0-3 vol=2 nonvol=0 sched=184845 0 2
TICK ts_ns=1777216214420294585 pid=24362 tid=24385 comm=Service Thread state=S cpus=0-3 vol=58 nonvol=3 sched=7482996 9946156 61
TICK ts_ns=1777216214420294585 pid=24362 tid=24386 comm=Monitor Deflati state=S cpus=0-3 vol=1034 nonvol=24 sched=43622142 84446390 1051
TICK ts_ns=1777216214420294585 pid=24362 tid=24387 comm=C2 CompilerThre state=S cpus=0-3 vol=5320 nonvol=5096 sched=35371798559 2929530542 10409
TICK ts_ns=1777216214420294585 pid=24362 tid=24389 comm=C1 CompilerThre state=S cpus=0-3 vol=7227 nonvol=2363 sched=7501507782 2746998257 9580
TICK ts_ns=1777216214420294585 pid=24362 tid=24395 comm=Notification Th state=S cpus=0-3 vol=2 nonvol=0 sched=199076 0 2
TICK ts_ns=1777216214420294585 pid=24362 tid=24398 comm=Common-Cleaner state=S cpus=0-3 vol=9 nonvol=0 sched=1235537 47769 9
TICK ts_ns=1777216214420294585 pid=24362 tid=24429 comm=GC Thread#1 state=S cpus=0-3 vol=794 nonvol=49 sched=114997179 201222834 842
TICK ts_ns=1777216214420294585 pid=24362 tid=24431 comm=GC Thread#2 state=S cpus=0-3 vol=755 nonvol=89 sched=116430834 199419527 844
TICK ts_ns=1777216214420294585 pid=24362 tid=24432 comm=GC Thread#3 state=S cpus=0-3 vol=773 nonvol=32 sched=113557023 221974154 804
TICK ts_ns=1777216214420294585 pid=24362 tid=24475 comm=GC Thread#4 state=S cpus=0-3 vol=731 nonvol=33 sched=133006573 197030704 763
TICK ts_ns=1777216214420294585 pid=24362 tid=24514 comm=GC Thread#5 state=S cpus=0-3 vol=752 nonvol=38 sched=136707236 175721535 790
TICK ts_ns=1777216214420294585 pid=24362 tid=24515 comm=GC Thread#6 state=S cpus=0-3 vol=738 nonvol=192 sched=133131915 176437551 930
TICK ts_ns=1777216214420294585 pid=24362 tid=24539 comm=GC Thread#7 state=S cpus=0-3 vol=762 nonvol=110 sched=125099223 178939235 871
TICK ts_ns=1777216214420294585 pid=24362 tid=24598 comm=java state=S cpus=0-3 vol=5 nonvol=1 sched=614229 717846 6
TICK ts_ns=1777216214420294585 pid=24362 tid=24605 comm=G1 Conc#1 state=S cpus=0-3 vol=57 nonvol=171 sched=691909689 232906697 228
TICK ts_ns=1777216214420294585 pid=24362 tid=24612 comm=AWT-XAWT state=S cpus=0-3 vol=20552 nonvol=1283 sched=1574498972 4818330069 21795
TICK ts_ns=1777216214420294585 pid=24362 tid=24616 comm=AWT-Shutdown state=S cpus=0-3 vol=9 nonvol=0 sched=659311 319614 9
TICK ts_ns=1777216214420294585 pid=24362 tid=24617 comm=AWT-EventQueue- state=S cpus=0-3 vol=2960 nonvol=1073 sched=2301142933 821683570 4027
TICK ts_ns=1777216214420294585 pid=24362 tid=24637 comm=Java2D Disposer state=S cpus=0-3 vol=22 nonvol=1 sched=6311230 2919077 23
TICK ts_ns=1777216214420294585 pid=24362 tid=24653 comm=TimerQueue state=S cpus=0-3 vol=222 nonvol=20 sched=28564532 38620307 241
TICK ts_ns=1777216214420294585 pid=24362 tid=24674 comm=logback-1 state=S cpus=0-3 vol=3 nonvol=1 sched=11873541 1385692 4
TICK ts_ns=1777216214420294585 pid=24362 tid=24749 comm=OkHttp static.r state=S cpus=0-3 vol=16 nonvol=7 sched=6138765 3068229 23
TICK ts_ns=1777216214420294585 pid=24362 tid=24750 comm=OkHttp static.r state=S cpus=0-3 vol=25 nonvol=21 sched=28884998 7654384 46
TICK ts_ns=1777216214420294585 pid=24362 tid=24751 comm=OkHttp Connecti state=S cpus=0-3 vol=12 nonvol=0 sched=887772 630769 12
TICK ts_ns=1777216214420294585 pid=24362 tid=24976 comm=pool-2-thread-1 state=S cpus=0-3 vol=1431 nonvol=226 sched=315240539 168680244 1648
TICK ts_ns=1777216214420294585 pid=24362 tid=25028 comm=Thread-1 state=S cpus=0-3 vol=19 nonvol=5 sched=3691616 1254922 24
TICK ts_ns=1777216214420294585 pid=24362 tid=25029 comm=Client state=R cpus=0-3 vol=159603 nonvol=48069 sched=72647091678 19189757171 207669
TICK ts_ns=1777216214420294585 pid=24362 tid=25035 comm=Thread-3 state=S cpus=0-3 vol=16 nonvol=14 sched=16149386 18778694 29
TICK ts_ns=1777216214420294585 pid=24362 tid=25320 comm=cache io state=S cpus=0-3 vol=5837 nonvol=728 sched=1312808381 610310011 6549
TICK ts_ns=1777216214420294585 pid=24362 tid=25405 comm=pool-4-thread-1 state=S cpus=0-3 vol=242 nonvol=28 sched=31210916 17278457 268
TICK ts_ns=1777216214420294585 pid=24362 tid=25436 comm=Java Sound Even state=S cpus=0-3 vol=2 nonvol=0 sched=211230 0 2
TICK ts_ns=1777216214420294585 pid=24362 tid=25437 comm=threaded-ml state=S cpus=0-3 vol=23374 nonvol=4828 sched=3259701133 2806341471 28148
TICK ts_ns=1777216214420294585 pid=24362 tid=25438 comm=Sound Engine state=S cpus=0-3 vol=25464 nonvol=2281 sched=4015707720 2855912085 27673
TICK ts_ns=1777216214420294585 pid=24362 tid=25445 comm=java:disk$0 state=S cpus=0-3 vol=1 nonvol=0 sched=198230 20923 1
TICK ts_ns=1777216214420294585 pid=24362 tid=25529 comm=Thread-7 state=S cpus=0-3 vol=10993 nonvol=5790 sched=1486546193 1857034243 16760
TICK ts_ns=1777216214420294585 pid=24362 tid=25530 comm=Thread-8 state=S cpus=0-3 vol=923 nonvol=443 sched=144482839 236189623 1363
TICK ts_ns=1777216214420294585 pid=24362 tid=27348 comm=Thread-9 state=S cpus=0-3 vol=9680 nonvol=297 sched=461793236 987933409 9941
TICK ts_ns=1777216214420294585 pid=24362 tid=29469 comm=Thread-10 state=S cpus=0-3 vol=385 nonvol=73 sched=24127839 59434770 456
TICK ts_ns=1777216214420294585 pid=24362 tid=29471 comm=Thread-11 state=S cpus=0-3 vol=262 nonvol=212 sched=64386384 78158150 473
TICK ts_ns=1777216214420294585 pid=24362 tid=30154 comm=Map Loader state=S cpus=0-3 vol=38 nonvol=732 sched=1788449153 748510157 769
TICK ts_ns=1777216214420294585 pid=24139 tid=24139 comm=virgl_test_serv state=S cpus=0-3 vol=27 nonvol=23 sched=12235460 2971692 50
GPU_BUSY ts_ns=1777216214420294585 path=/sys/kernel/gpu/gpu_busy val=0 %
TICK ts_ns=1777216220565710970 pid=24362 tid=24362 comm=java state=S cpus=0-3 vol=3 nonvol=1 sched=11857539 190077 4
TICK ts_ns=1777216220565710970 pid=24362 tid=24365 comm=java state=S cpus=0-3 vol=2382 nonvol=440 sched=1991304921 58283012 2822
TICK ts_ns=1777216220565710970 pid=24362 tid=24369 comm=GC Thread#0 state=S cpus=0-3 vol=760 nonvol=181 sched=136502389 233462919 941
TICK ts_ns=1777216220565710970 pid=24362 tid=24370 comm=G1 Main Marker state=S cpus=0-3 vol=76 nonvol=2 sched=6643394 29545074 78
TICK ts_ns=1777216220565710970 pid=24362 tid=24371 comm=G1 Conc#0 state=S cpus=0-3 vol=63 nonvol=144 sched=666609689 268828300 207
TICK ts_ns=1777216220565710970 pid=24362 tid=24373 comm=G1 Refine#0 state=S cpus=0-3 vol=2419 nonvol=126 sched=239548169 336596463 2538
TICK ts_ns=1777216220565710970 pid=24362 tid=24374 comm=G1 Service state=S cpus=0-3 vol=335 nonvol=12 sched=20155686 54367540 347
TICK ts_ns=1777216220565710970 pid=24362 tid=24375 comm=VM Periodic Tas state=S cpus=0-3 vol=5271 nonvol=186 sched=262076655 539588231 5434
TICK ts_ns=1777216220565710970 pid=24362 tid=24379 comm=VM Thread state=S cpus=0-3 vol=761 nonvol=114 sched=136019957 61480290 875
TICK ts_ns=1777216220565710970 pid=24362 tid=24382 comm=Reference Handl state=S cpus=0-3 vol=46 nonvol=3 sched=7523922 9700536 49
TICK ts_ns=1777216220565710970 pid=24362 tid=24383 comm=Finalizer state=S cpus=0-3 vol=12 nonvol=0 sched=1325230 1040310 12
TICK ts_ns=1777216220565710970 pid=24362 tid=24384 comm=Signal Dispatch state=S cpus=0-3 vol=2 nonvol=0 sched=184845 0 2
TICK ts_ns=1777216220565710970 pid=24362 tid=24385 comm=Service Thread state=S cpus=0-3 vol=58 nonvol=3 sched=7482996 9946156 61
TICK ts_ns=1777216220565710970 pid=24362 tid=24386 comm=Monitor Deflati state=S cpus=0-3 vol=1059 nonvol=24 sched=44762375 88297084 1076
TICK ts_ns=1777216220565710970 pid=24362 tid=24387 comm=C2 CompilerThre state=S cpus=0-3 vol=5338 nonvol=5116 sched=35482587863 2941272771 10447
TICK ts_ns=1777216220565710970 pid=24362 tid=24389 comm=C1 CompilerThre state=S cpus=0-3 vol=7254 nonvol=2369 sched=7522098547 2749578947 9613
TICK ts_ns=1777216220565710970 pid=24362 tid=24395 comm=Notification Th state=S cpus=0-3 vol=2 nonvol=0 sched=199076 0 2
TICK ts_ns=1777216220565710970 pid=24362 tid=24398 comm=Common-Cleaner state=S cpus=0-3 vol=9 nonvol=0 sched=1235537 47769 9
TICK ts_ns=1777216220565710970 pid=24362 tid=24429 comm=GC Thread#1 state=S cpus=0-3 vol=794 nonvol=49 sched=114997179 201222834 842
TICK ts_ns=1777216220565710970 pid=24362 tid=24431 comm=GC Thread#2 state=S cpus=0-3 vol=755 nonvol=89 sched=116430834 199419527 844
TICK ts_ns=1777216220565710970 pid=24362 tid=24432 comm=GC Thread#3 state=S cpus=0-3 vol=773 nonvol=32 sched=113557023 221974154 804
TICK ts_ns=1777216220565710970 pid=24362 tid=24475 comm=GC Thread#4 state=S cpus=0-3 vol=731 nonvol=33 sched=133006573 197030704 763
TICK ts_ns=1777216220565710970 pid=24362 tid=24514 comm=GC Thread#5 state=S cpus=0-3 vol=752 nonvol=38 sched=136707236 175721535 790
TICK ts_ns=1777216220565710970 pid=24362 tid=24515 comm=GC Thread#6 state=S cpus=0-3 vol=738 nonvol=192 sched=133131915 176437551 930
TICK ts_ns=1777216220565710970 pid=24362 tid=24539 comm=GC Thread#7 state=S cpus=0-3 vol=762 nonvol=110 sched=125099223 178939235 871
TICK ts_ns=1777216220565710970 pid=24362 tid=24598 comm=java state=S cpus=0-3 vol=5 nonvol=1 sched=614229 717846 6
TICK ts_ns=1777216220565710970 pid=24362 tid=24605 comm=G1 Conc#1 state=S cpus=0-3 vol=57 nonvol=171 sched=691909689 232906697 228
TICK ts_ns=1777216220565710970 pid=24362 tid=24612 comm=AWT-XAWT state=S cpus=0-3 vol=20732 nonvol=1293 sched=1589248139 4908886144 21984
TICK ts_ns=1777216220565710970 pid=24362 tid=24616 comm=AWT-Shutdown state=S cpus=0-3 vol=9 nonvol=0 sched=659311 319614 9
TICK ts_ns=1777216220565710970 pid=24362 tid=24617 comm=AWT-EventQueue- state=S cpus=0-3 vol=2966 nonvol=1074 sched=2303344471 822081494 4034
TICK ts_ns=1777216220565710970 pid=24362 tid=24637 comm=Java2D Disposer state=S cpus=0-3 vol=22 nonvol=1 sched=6311230 2919077 23
TICK ts_ns=1777216220565710970 pid=24362 tid=24653 comm=TimerQueue state=S cpus=0-3 vol=222 nonvol=20 sched=28564532 38620307 241
TICK ts_ns=1777216220565710970 pid=24362 tid=24674 comm=logback-1 state=S cpus=0-3 vol=3 nonvol=1 sched=11873541 1385692 4
TICK ts_ns=1777216220565710970 pid=24362 tid=24749 comm=OkHttp static.r state=S cpus=0-3 vol=16 nonvol=7 sched=6138765 3068229 23
TICK ts_ns=1777216220565710970 pid=24362 tid=24750 comm=OkHttp static.r state=S cpus=0-3 vol=25 nonvol=21 sched=28884998 7654384 46
TICK ts_ns=1777216220565710970 pid=24362 tid=24751 comm=OkHttp Connecti state=S cpus=0-3 vol=12 nonvol=0 sched=887772 630769 12
TICK ts_ns=1777216220565710970 pid=24362 tid=24976 comm=pool-2-thread-1 state=S cpus=0-3 vol=1463 nonvol=227 sched=318498851 170417706 1680
TICK ts_ns=1777216220565710970 pid=24362 tid=25028 comm=Thread-1 state=S cpus=0-3 vol=19 nonvol=5 sched=3691616 1254922 24
TICK ts_ns=1777216220565710970 pid=24362 tid=25029 comm=Client state=S cpus=0-3 vol=163433 nonvol=48916 sched=74322080619 19562651428 212344
TICK ts_ns=1777216220565710970 pid=24362 tid=25035 comm=Thread-3 state=S cpus=0-3 vol=16 nonvol=14 sched=16149386 18778694 29
TICK ts_ns=1777216220565710970 pid=24362 tid=25320 comm=cache io state=S cpus=0-3 vol=5957 nonvol=731 sched=1321772072 625478010 6672
TICK ts_ns=1777216220565710970 pid=24362 tid=25405 comm=pool-4-thread-1 state=S cpus=0-3 vol=248 nonvol=29 sched=31874992 17576304 275
TICK ts_ns=1777216220565710970 pid=24362 tid=25436 comm=Java Sound Even state=S cpus=0-3 vol=2 nonvol=0 sched=211230 0 2
TICK ts_ns=1777216220565710970 pid=24362 tid=25437 comm=threaded-ml state=S cpus=0-3 vol=23937 nonvol=4935 sched=3337017679 2862627159 28816
TICK ts_ns=1777216220565710970 pid=24362 tid=25438 comm=Sound Engine state=S cpus=0-3 vol=26073 nonvol=2342 sched=4101398397 2907016475 28340
TICK ts_ns=1777216220565710970 pid=24362 tid=25445 comm=java:disk$0 state=S cpus=0-3 vol=1 nonvol=0 sched=198230 20923 1
TICK ts_ns=1777216220565710970 pid=24362 tid=25529 comm=Thread-7 state=S cpus=0-3 vol=11199 nonvol=5928 sched=1518828582 1889615013 17104
TICK ts_ns=1777216220565710970 pid=24362 tid=25530 comm=Thread-8 state=S cpus=0-3 vol=925 nonvol=446 sched=144988069 237011702 1368
TICK ts_ns=1777216220565710970 pid=24362 tid=27348 comm=Thread-9 state=S cpus=0-3 vol=9920 nonvol=300 sched=472819459 1001528183 10182
TICK ts_ns=1777216220565710970 pid=24362 tid=29469 comm=Thread-10 state=S cpus=0-3 vol=395 nonvol=76 sched=24722536 59696539 468
TICK ts_ns=1777216220565710970 pid=24362 tid=29471 comm=Thread-11 state=S cpus=0-3 vol=269 nonvol=218 sched=66131769 82257688 486
TICK ts_ns=1777216220565710970 pid=24362 tid=30154 comm=Map Loader state=S cpus=0-3 vol=38 nonvol=732 sched=1788449153 748510157 769
TICK ts_ns=1777216220565710970 pid=24139 tid=24139 comm=virgl_test_serv state=S cpus=0-3 vol=27 nonvol=23 sched=12235460 2971692 50
GPU_BUSY ts_ns=1777216220565710970 path=/sys/kernel/gpu/gpu_busy val=25 %
TICK ts_ns=1777216226575487202 pid=24362 tid=24362 comm=java state=S cpus=0-3 vol=3 nonvol=1 sched=11857539 190077 4
TICK ts_ns=1777216226575487202 pid=24362 tid=24365 comm=java state=S cpus=0-3 vol=2382 nonvol=440 sched=1991304921 58283012 2822
TICK ts_ns=1777216226575487202 pid=24362 tid=24369 comm=GC Thread#0 state=S cpus=0-3 vol=760 nonvol=181 sched=136502389 233462919 941
TICK ts_ns=1777216226575487202 pid=24362 tid=24370 comm=G1 Main Marker state=S cpus=0-3 vol=76 nonvol=2 sched=6643394 29545074 78
TICK ts_ns=1777216226575487202 pid=24362 tid=24371 comm=G1 Conc#0 state=S cpus=0-3 vol=63 nonvol=144 sched=666609689 268828300 207
TICK ts_ns=1777216226575487202 pid=24362 tid=24373 comm=G1 Refine#0 state=S cpus=0-3 vol=2500 nonvol=130 sched=245969941 339409310 2623
TICK ts_ns=1777216226575487202 pid=24362 tid=24374 comm=G1 Service state=S cpus=0-3 vol=341 nonvol=12 sched=20394068 54657848 353
TICK ts_ns=1777216226575487202 pid=24362 tid=24375 comm=VM Periodic Tas state=S cpus=0-3 vol=5393 nonvol=189 sched=268223884 550056003 5557
TICK ts_ns=1777216226575487202 pid=24362 tid=24379 comm=VM Thread state=S cpus=0-3 vol=767 nonvol=114 sched=136213804 62186829 881
TICK ts_ns=1777216226575487202 pid=24362 tid=24382 comm=Reference Handl state=S cpus=0-3 vol=46 nonvol=3 sched=7523922 9700536 49
TICK ts_ns=1777216226575487202 pid=24362 tid=24383 comm=Finalizer state=S cpus=0-3 vol=12 nonvol=0 sched=1325230 1040310 12
TICK ts_ns=1777216226575487202 pid=24362 tid=24384 comm=Signal Dispatch state=S cpus=0-3 vol=2 nonvol=0 sched=184845 0 2
TICK ts_ns=1777216226575487202 pid=24362 tid=24385 comm=Service Thread state=S cpus=0-3 vol=58 nonvol=3 sched=7482996 9946156 61
TICK ts_ns=1777216226575487202 pid=24362 tid=24386 comm=Monitor Deflati state=S cpus=0-3 vol=1083 nonvol=24 sched=45774916 91038853 1100
TICK ts_ns=1777216226575487202 pid=24362 tid=24387 comm=C2 CompilerThre state=S cpus=0-3 vol=5351 nonvol=5138 sched=35569332397 2949654002 10482
TICK ts_ns=1777216226575487202 pid=24362 tid=24389 comm=C1 CompilerThre state=S cpus=0-3 vol=7264 nonvol=2373 sched=7531727930 2751410178 9628
TICK ts_ns=1777216226575487202 pid=24362 tid=24395 comm=Notification Th state=S cpus=0-3 vol=2 nonvol=0 sched=199076 0 2
TICK ts_ns=1777216226575487202 pid=24362 tid=24398 comm=Common-Cleaner state=S cpus=0-3 vol=9 nonvol=0 sched=1235537 47769 9
TICK ts_ns=1777216226575487202 pid=24362 tid=24429 comm=GC Thread#1 state=S cpus=0-3 vol=794 nonvol=49 sched=114997179 201222834 842
TICK ts_ns=1777216226575487202 pid=24362 tid=24431 comm=GC Thread#2 state=S cpus=0-3 vol=755 nonvol=89 sched=116430834 199419527 844
TICK ts_ns=1777216226575487202 pid=24362 tid=24432 comm=GC Thread#3 state=S cpus=0-3 vol=773 nonvol=32 sched=113557023 221974154 804
TICK ts_ns=1777216226575487202 pid=24362 tid=24475 comm=GC Thread#4 state=S cpus=0-3 vol=734 nonvol=35 sched=136245575 206271858 780
TICK ts_ns=1777216226575487202 pid=24362 tid=24514 comm=GC Thread#5 state=S cpus=0-3 vol=763 nonvol=54 sched=147751849 185439691 817
TICK ts_ns=1777216226575487202 pid=24362 tid=24515 comm=GC Thread#6 state=S cpus=0-3 vol=754 nonvol=194 sched=134722683 187718168 948
TICK ts_ns=1777216226575487202 pid=24362 tid=24539 comm=GC Thread#7 state=S cpus=0-3 vol=780 nonvol=110 sched=128607611 187865003 889
TICK ts_ns=1777216226575487202 pid=24362 tid=24598 comm=java state=S cpus=0-3 vol=5 nonvol=1 sched=614229 717846 6
TICK ts_ns=1777216226575487202 pid=24362 tid=24605 comm=G1 Conc#1 state=S cpus=0-3 vol=57 nonvol=171 sched=691909689 232906697 228
TICK ts_ns=1777216226575487202 pid=24362 tid=24612 comm=AWT-XAWT state=R cpus=0-3 vol=20911 nonvol=1300 sched=1604203830 4996118298 22171
TICK ts_ns=1777216226575487202 pid=24362 tid=24616 comm=AWT-Shutdown state=S cpus=0-3 vol=9 nonvol=0 sched=659311 319614 9
TICK ts_ns=1777216226575487202 pid=24362 tid=24617 comm=AWT-EventQueue- state=S cpus=0-3 vol=2971 nonvol=1074 sched=2305424395 826125418 4039
TICK ts_ns=1777216226575487202 pid=24362 tid=24637 comm=Java2D Disposer state=S cpus=0-3 vol=22 nonvol=1 sched=6311230 2919077 23
TICK ts_ns=1777216226575487202 pid=24362 tid=24653 comm=TimerQueue state=S cpus=0-3 vol=222 nonvol=20 sched=28564532 38620307 241
TICK ts_ns=1777216226575487202 pid=24362 tid=24674 comm=logback-1 state=S cpus=0-3 vol=3 nonvol=1 sched=11873541 1385692 4
TICK ts_ns=1777216226575487202 pid=24362 tid=24749 comm=OkHttp static.r state=S cpus=0-3 vol=16 nonvol=7 sched=6138765 3068229 23
TICK ts_ns=1777216226575487202 pid=24362 tid=24750 comm=OkHttp static.r state=S cpus=0-3 vol=25 nonvol=21 sched=28884998 7654384 46
TICK ts_ns=1777216226575487202 pid=24362 tid=24751 comm=OkHttp Connecti state=S cpus=0-3 vol=12 nonvol=0 sched=887772 630769 12
TICK ts_ns=1777216226575487202 pid=24362 tid=24976 comm=pool-2-thread-1 state=S cpus=0-3 vol=1493 nonvol=227 sched=322016849 173779325 1710
TICK ts_ns=1777216226575487202 pid=24362 tid=25028 comm=Thread-1 state=S cpus=0-3 vol=19 nonvol=5 sched=3691616 1254922 24
TICK ts_ns=1777216226575487202 pid=24362 tid=25029 comm=Client state=S cpus=0-3 vol=167402 nonvol=49740 sched=75964445013 19945588686 217144
TICK ts_ns=1777216226575487202 pid=24362 tid=25035 comm=Thread-3 state=S cpus=0-3 vol=16 nonvol=14 sched=16149386 18778694 29
TICK ts_ns=1777216226575487202 pid=24362 tid=25320 comm=cache io state=S cpus=0-3 vol=6078 nonvol=736 sched=1332548920 636980704 6797
TICK ts_ns=1777216226575487202 pid=24362 tid=25405 comm=pool-4-thread-1 state=S cpus=0-3 vol=254 nonvol=29 sched=32398685 17778689 281
TICK ts_ns=1777216226575487202 pid=24362 tid=25436 comm=Java Sound Even state=S cpus=0-3 vol=2 nonvol=0 sched=211230 0 2
TICK ts_ns=1777216226575487202 pid=24362 tid=25437 comm=threaded-ml state=S cpus=0-3 vol=24494 nonvol=5048 sched=3412944671 2928970613 29483
TICK ts_ns=1777216226575487202 pid=24362 tid=25438 comm=Sound Engine state=S cpus=0-3 vol=26674 nonvol=2397 sched=4187418152 2971931788 28996
TICK ts_ns=1777216226575487202 pid=24362 tid=25445 comm=java:disk$0 state=S cpus=0-3 vol=1 nonvol=0 sched=198230 20923 1
TICK ts_ns=1777216226575487202 pid=24362 tid=25529 comm=Thread-7 state=S cpus=0-3 vol=11402 nonvol=6075 sched=1553830126 1937257086 17455
TICK ts_ns=1777216226575487202 pid=24362 tid=25530 comm=Thread-8 state=S cpus=0-3 vol=927 nonvol=447 sched=145404531 237097471 1371
TICK ts_ns=1777216226575487202 pid=24362 tid=27348 comm=Thread-9 state=S cpus=0-3 vol=10158 nonvol=310 sched=483885285 1035865797 10427
TICK ts_ns=1777216226575487202 pid=24362 tid=29469 comm=Thread-10 state=S cpus=0-3 vol=405 nonvol=78 sched=25315686 60764076 480
TICK ts_ns=1777216226575487202 pid=24362 tid=29471 comm=Thread-11 state=S cpus=0-3 vol=276 nonvol=224 sched=67924077 84425611 499
TICK ts_ns=1777216226575487202 pid=24362 tid=30154 comm=Map Loader state=S cpus=0-3 vol=38 nonvol=732 sched=1788449153 748510157 769
TICK ts_ns=1777216226575487202 pid=24139 tid=24139 comm=virgl_test_serv state=S cpus=0-3 vol=27 nonvol=23 sched=12235460 2971692 50
GPU_BUSY ts_ns=1777216226575487202 path=/sys/kernel/gpu/gpu_busy val=0 %
TICK ts_ns=1777216232612943817 pid=24362 tid=24362 comm=java state=S cpus=0-3 vol=3 nonvol=1 sched=11857539 190077 4
TICK ts_ns=1777216232612943817 pid=24362 tid=24365 comm=java state=S cpus=0-3 vol=2382 nonvol=440 sched=1991304921 58283012 2822
TICK ts_ns=1777216232612943817 pid=24362 tid=24369 comm=GC Thread#0 state=S cpus=0-3 vol=775 nonvol=181 sched=140869619 241525538 956
TICK ts_ns=1777216232612943817 pid=24362 tid=24370 comm=G1 Main Marker state=S cpus=0-3 vol=76 nonvol=2 sched=6643394 29545074 78
TICK ts_ns=1777216232612943817 pid=24362 tid=24371 comm=G1 Conc#0 state=S cpus=0-3 vol=63 nonvol=144 sched=666609689 268828300 207
TICK ts_ns=1777216232612943817 pid=24362 tid=24373 comm=G1 Refine#0 state=S cpus=0-3 vol=2545 nonvol=131 sched=250135861 348146155 2669
TICK ts_ns=1777216232612943817 pid=24362 tid=24374 comm=G1 Service state=S cpus=0-3 vol=348 nonvol=12 sched=20791761 54933156 360
TICK ts_ns=1777216232612943817 pid=24362 tid=24375 comm=VM Periodic Tas state=S cpus=0-3 vol=5514 nonvol=193 sched=274803113 558432537 5682
TICK ts_ns=1777216232612943817 pid=24362 tid=24379 comm=VM Thread state=S cpus=0-3 vol=782 nonvol=114 sched=137645573 62590290 896
TICK ts_ns=1777216232612943817 pid=24362 tid=24382 comm=Reference Handl state=S cpus=0-3 vol=47 nonvol=3 sched=7553999 10167690 50
TICK ts_ns=1777216232612943817 pid=24362 tid=24383 comm=Finalizer state=S cpus=0-3 vol=12 nonvol=0 sched=1325230 1040310 12
TICK ts_ns=1777216232612943817 pid=24362 tid=24384 comm=Signal Dispatch state=S cpus=0-3 vol=2 nonvol=0 sched=184845 0 2
TICK ts_ns=1777216232612943817 pid=24362 tid=24385 comm=Service Thread state=S cpus=0-3 vol=58 nonvol=3 sched=7482996 9946156 61
TICK ts_ns=1777216232612943817 pid=24362 tid=24386 comm=Monitor Deflati state=S cpus=0-3 vol=1107 nonvol=25 sched=46777989 93099471 1125
TICK ts_ns=1777216232612943817 pid=24362 tid=24387 comm=C2 CompilerThre state=S cpus=0-3 vol=5364 nonvol=5146 sched=35631087859 2958205619 10503
TICK ts_ns=1777216232612943817 pid=24362 tid=24389 comm=C1 CompilerThre state=S cpus=0-3 vol=7275 nonvol=2374 sched=7545653316 2752737407 9639
TICK ts_ns=1777216232612943817 pid=24362 tid=24395 comm=Notification Th state=S cpus=0-3 vol=2 nonvol=0 sched=199076 0 2
TICK ts_ns=1777216232612943817 pid=24362 tid=24398 comm=Common-Cleaner state=S cpus=0-3 vol=9 nonvol=0 sched=1235537 47769 9
TICK ts_ns=1777216232612943817 pid=24362 tid=24429 comm=GC Thread#1 state=S cpus=0-3 vol=810 nonvol=50 sched=117863023 210969451 859
TICK ts_ns=1777216232612943817 pid=24362 tid=24431 comm=GC Thread#2 state=S cpus=0-3 vol=762 nonvol=93 sched=125784834 208730527 855
TICK ts_ns=1777216232612943817 pid=24362 tid=24432 comm=GC Thread#3 state=S cpus=0-3 vol=789 nonvol=33 sched=119873408 229050153 821
TICK ts_ns=1777216232612943817 pid=24362 tid=24475 comm=GC Thread#4 state=S cpus=0-3 vol=746 nonvol=35 sched=136245575 206271858 780
TICK ts_ns=1777216232612943817 pid=24362 tid=24514 comm=GC Thread#5 state=S cpus=0-3 vol=763 nonvol=54 sched=147751849 185439691 817
TICK ts_ns=1777216232612943817 pid=24362 tid=24515 comm=GC Thread#6 state=S cpus=0-3 vol=754 nonvol=194 sched=134722683 187718168 948
TICK ts_ns=1777216232612943817 pid=24362 tid=24539 comm=GC Thread#7 state=S cpus=0-3 vol=780 nonvol=110 sched=128607611 187865003 889
TICK ts_ns=1777216232612943817 pid=24362 tid=24598 comm=java state=S cpus=0-3 vol=5 nonvol=1 sched=614229 717846 6
TICK ts_ns=1777216232612943817 pid=24362 tid=24605 comm=G1 Conc#1 state=S cpus=0-3 vol=57 nonvol=171 sched=691909689 232906697 228
TICK ts_ns=1777216232612943817 pid=24362 tid=24612 comm=AWT-XAWT state=S cpus=0-3 vol=21099 nonvol=1310 sched=1619859055 5075710377 22366
TICK ts_ns=1777216232612943817 pid=24362 tid=24616 comm=AWT-Shutdown state=S cpus=0-3 vol=9 nonvol=0 sched=659311 319614 9
TICK ts_ns=1777216232612943817 pid=24362 tid=24617 comm=AWT-EventQueue- state=S cpus=0-3 vol=2977 nonvol=1079 sched=2307774089 830933879 4050
TICK ts_ns=1777216232612943817 pid=24362 tid=24637 comm=Java2D Disposer state=S cpus=0-3 vol=22 nonvol=1 sched=6311230 2919077 23
TICK ts_ns=1777216232612943817 pid=24362 tid=24653 comm=TimerQueue state=S cpus=0-3 vol=222 nonvol=20 sched=28564532 38620307 241
TICK ts_ns=1777216232612943817 pid=24362 tid=24674 comm=logback-1 state=S cpus=0-3 vol=3 nonvol=1 sched=11873541 1385692 4
TICK ts_ns=1777216232612943817 pid=24362 tid=24749 comm=OkHttp static.r state=S cpus=0-3 vol=17 nonvol=7 sched=6679380 3068229 24
TICK ts_ns=1777216232612943817 pid=24362 tid=24750 comm=OkHttp static.r state=S cpus=0-3 vol=26 nonvol=22 sched=29290767 9016307 48
TICK ts_ns=1777216232612943817 pid=24362 tid=24751 comm=OkHttp Connecti state=S cpus=0-3 vol=12 nonvol=0 sched=887772 630769 12
TICK ts_ns=1777216232612943817 pid=24362 tid=24976 comm=pool-2-thread-1 state=S cpus=0-3 vol=1526 nonvol=229 sched=325533079 177207094 1744
TICK ts_ns=1777216232612943817 pid=24362 tid=25028 comm=Thread-1 state=S cpus=0-3 vol=19 nonvol=5 sched=3691616 1254922 24
TICK ts_ns=1777216232612943817 pid=24362 tid=25029 comm=Client state=S cpus=0-3 vol=171038 nonvol=50687 sched=77726797936 20341021058 221727
TICK ts_ns=1777216232612943817 pid=24362 tid=25035 comm=Thread-3 state=S cpus=0-3 vol=16 nonvol=14 sched=16149386 18778694 29
TICK ts_ns=1777216232612943817 pid=24362 tid=25320 comm=cache io state=S cpus=0-3 vol=6200 nonvol=743 sched=1342509531 645155397 6927
TICK ts_ns=1777216232612943817 pid=24362 tid=25405 comm=pool-4-thread-1 state=S cpus=0-3 vol=260 nonvol=29 sched=33202302 18912765 287
TICK ts_ns=1777216232612943817 pid=24362 tid=25436 comm=Java Sound Even state=S cpus=0-3 vol=2 nonvol=0 sched=211230 0 2
TICK ts_ns=1777216232612943817 pid=24362 tid=25437 comm=threaded-ml state=S cpus=0-3 vol=25067 nonvol=5146 sched=3493465895 2984150070 30154
TICK ts_ns=1777216232612943817 pid=24362 tid=25438 comm=Sound Engine state=S cpus=0-3 vol=27294 nonvol=2434 sched=4277707003 3024647953 29651
TICK ts_ns=1777216232612943817 pid=24362 tid=25445 comm=java:disk$0 state=S cpus=0-3 vol=1 nonvol=0 sched=198230 20923 1
TICK ts_ns=1777216232612943817 pid=24362 tid=25529 comm=Thread-7 state=S cpus=0-3 vol=11632 nonvol=6240 sched=1591175285 1982358779 17847
TICK ts_ns=1777216232612943817 pid=24362 tid=25530 comm=Thread-8 state=S cpus=0-3 vol=928 nonvol=448 sched=145649377 237526086 1373
TICK ts_ns=1777216232612943817 pid=24362 tid=27348 comm=Thread-9 state=S cpus=0-3 vol=10402 nonvol=313 sched=495750668 1048743179 10676
TICK ts_ns=1777216232612943817 pid=24362 tid=29469 comm=Thread-10 state=S cpus=0-3 vol=415 nonvol=79 sched=25795685 63871537 491
TICK ts_ns=1777216232612943817 pid=24362 tid=29471 comm=Thread-11 state=S cpus=0-3 vol=282 nonvol=228 sched=69237769 88094610 509
TICK ts_ns=1777216232612943817 pid=24362 tid=30154 comm=Map Loader state=S cpus=0-3 vol=38 nonvol=732 sched=1788449153 748510157 769
TICK ts_ns=1777216232612943817 pid=24139 tid=24139 comm=virgl_test_serv state=S cpus=0-3 vol=27 nonvol=23 sched=12235460 2971692 50
GPU_BUSY ts_ns=1777216232612943817 path=/sys/kernel/gpu/gpu_busy val=0 %
TICK ts_ns=1777216238740868433 pid=24362 tid=24362 comm=java state=S cpus=0-3 vol=3 nonvol=1 sched=11857539 190077 4
TICK ts_ns=1777216238740868433 pid=24362 tid=24365 comm=java state=S cpus=0-3 vol=2382 nonvol=440 sched=1991304921 58283012 2822
TICK ts_ns=1777216238740868433 pid=24362 tid=24369 comm=GC Thread#0 state=S cpus=0-3 vol=775 nonvol=181 sched=140869619 241525538 956
TICK ts_ns=1777216238740868433 pid=24362 tid=24370 comm=G1 Main Marker state=S cpus=0-3 vol=76 nonvol=2 sched=6643394 29545074 78
TICK ts_ns=1777216238740868433 pid=24362 tid=24371 comm=G1 Conc#0 state=S cpus=0-3 vol=63 nonvol=144 sched=666609689 268828300 207
TICK ts_ns=1777216238740868433 pid=24362 tid=24373 comm=G1 Refine#0 state=S cpus=0-3 vol=2564 nonvol=131 sched=251359632 349656846 2688
TICK ts_ns=1777216238740868433 pid=24362 tid=24374 comm=G1 Service state=S cpus=0-3 vol=354 nonvol=12 sched=21110532 55126618 367
TICK ts_ns=1777216238740868433 pid=24362 tid=24375 comm=VM Periodic Tas state=S cpus=0-3 vol=5637 nonvol=198 sched=280887110 568357542 5809
TICK ts_ns=1777216238740868433 pid=24362 tid=24379 comm=VM Thread state=S cpus=0-3 vol=788 nonvol=114 sched=137869343 63451674 902
TICK ts_ns=1777216238740868433 pid=24362 tid=24382 comm=Reference Handl state=S cpus=0-3 vol=47 nonvol=3 sched=7553999 10167690 50
TICK ts_ns=1777216238740868433 pid=24362 tid=24383 comm=Finalizer state=S cpus=0-3 vol=12 nonvol=0 sched=1325230 1040310 12
TICK ts_ns=1777216238740868433 pid=24362 tid=24384 comm=Signal Dispatch state=S cpus=0-3 vol=2 nonvol=0 sched=184845 0 2
TICK ts_ns=1777216238740868433 pid=24362 tid=24385 comm=Service Thread state=S cpus=0-3 vol=58 nonvol=3 sched=7482996 9946156 61
TICK ts_ns=1777216238740868433 pid=24362 tid=24386 comm=Monitor Deflati state=S cpus=0-3 vol=1131 nonvol=27 sched=47856453 94387780 1150
TICK ts_ns=1777216238740868433 pid=24362 tid=24387 comm=C2 CompilerThre state=S cpus=0-3 vol=5370 nonvol=5147 sched=35636506091 2958325233 10512
TICK ts_ns=1777216238740868433 pid=24362 tid=24389 comm=C1 CompilerThre state=S cpus=0-3 vol=7283 nonvol=2374 sched=7552558390 2753557946 9647
TICK ts_ns=1777216238740868433 pid=24362 tid=24395 comm=Notification Th state=S cpus=0-3 vol=2 nonvol=0 sched=199076 0 2
TICK ts_ns=1777216238740868433 pid=24362 tid=24398 comm=Common-Cleaner state=S cpus=0-3 vol=9 nonvol=0 sched=1235537 47769 9
TICK ts_ns=1777216238740868433 pid=24362 tid=24429 comm=GC Thread#1 state=S cpus=0-3 vol=810 nonvol=50 sched=117863023 210969451 859
TICK ts_ns=1777216238740868433 pid=24362 tid=24431 comm=GC Thread#2 state=S cpus=0-3 vol=762 nonvol=93 sched=125784834 208730527 855
TICK ts_ns=1777216238740868433 pid=24362 tid=24432 comm=GC Thread#3 state=S cpus=0-3 vol=789 nonvol=33 sched=119873408 229050153 821
TICK ts_ns=1777216238740868433 pid=24362 tid=24475 comm=GC Thread#4 state=S cpus=0-3 vol=746 nonvol=35 sched=136245575 206271858 780
TICK ts_ns=1777216238740868433 pid=24362 tid=24514 comm=GC Thread#5 state=S cpus=0-3 vol=763 nonvol=54 sched=147751849 185439691 817
TICK ts_ns=1777216238740868433 pid=24362 tid=24515 comm=GC Thread#6 state=S cpus=0-3 vol=754 nonvol=194 sched=134722683 187718168 948
TICK ts_ns=1777216238740868433 pid=24362 tid=24539 comm=GC Thread#7 state=S cpus=0-3 vol=780 nonvol=110 sched=128607611 187865003 889
TICK ts_ns=1777216238740868433 pid=24362 tid=24598 comm=java state=S cpus=0-3 vol=5 nonvol=1 sched=614229 717846 6
TICK ts_ns=1777216238740868433 pid=24362 tid=24605 comm=G1 Conc#1 state=S cpus=0-3 vol=57 nonvol=171 sched=691909689 232906697 228
TICK ts_ns=1777216238740868433 pid=24362 tid=24612 comm=AWT-XAWT state=S cpus=0-3 vol=21274 nonvol=1333 sched=1634342370 5151743700 22563
TICK ts_ns=1777216238740868433 pid=24362 tid=24616 comm=AWT-Shutdown state=S cpus=0-3 vol=9 nonvol=0 sched=659311 319614 9
TICK ts_ns=1777216238740868433 pid=24362 tid=24617 comm=AWT-EventQueue- state=S cpus=0-3 vol=2981 nonvol=1079 sched=2309249089 830971418 4054
TICK ts_ns=1777216238740868433 pid=24362 tid=24637 comm=Java2D Disposer state=S cpus=0-3 vol=22 nonvol=1 sched=6311230 2919077 23
TICK ts_ns=1777216238740868433 pid=24362 tid=24653 comm=TimerQueue state=S cpus=0-3 vol=222 nonvol=20 sched=28564532 38620307 241
TICK ts_ns=1777216238740868433 pid=24362 tid=24674 comm=logback-1 state=S cpus=0-3 vol=3 nonvol=1 sched=11873541 1385692 4
TICK ts_ns=1777216238740868433 pid=24362 tid=24749 comm=OkHttp static.r state=S cpus=0-3 vol=17 nonvol=7 sched=6679380 3068229 24
TICK ts_ns=1777216238740868433 pid=24362 tid=24750 comm=OkHttp static.r state=S cpus=0-3 vol=26 nonvol=22 sched=29290767 9016307 48
TICK ts_ns=1777216238740868433 pid=24362 tid=24751 comm=OkHttp Connecti state=S cpus=0-3 vol=12 nonvol=0 sched=887772 630769 12
TICK ts_ns=1777216238740868433 pid=24362 tid=24976 comm=pool-2-thread-1 state=S cpus=0-3 vol=1555 nonvol=230 sched=328270930 178390555 1775
TICK ts_ns=1777216238740868433 pid=24362 tid=25028 comm=Thread-1 state=S cpus=0-3 vol=19 nonvol=5 sched=3691616 1254922 24
TICK ts_ns=1777216238740868433 pid=24362 tid=25029 comm=Client state=S cpus=0-3 vol=174790 nonvol=51710 sched=79346453659 20732956203 226512
TICK ts_ns=1777216238740868433 pid=24362 tid=25035 comm=Thread-3 state=S cpus=0-3 vol=16 nonvol=14 sched=16149386 18778694 29
TICK ts_ns=1777216238740868433 pid=24362 tid=25320 comm=cache io state=S cpus=0-3 vol=6319 nonvol=749 sched=1353676992 657215242 7050
TICK ts_ns=1777216238740868433 pid=24362 tid=25405 comm=pool-4-thread-1 state=S cpus=0-3 vol=266 nonvol=29 sched=33698684 18944842 293
TICK ts_ns=1777216238740868433 pid=24362 tid=25436 comm=Java Sound Even state=S cpus=0-3 vol=2 nonvol=0 sched=211230 0 2
TICK ts_ns=1777216238740868433 pid=24362 tid=25437 comm=threaded-ml state=S cpus=0-3 vol=25622 nonvol=5282 sched=3570011187 3050735608 30842
TICK ts_ns=1777216238740868433 pid=24362 tid=25438 comm=Sound Engine state=S cpus=0-3 vol=27888 nonvol=2486 sched=4362726545 3089594802 30293
TICK ts_ns=1777216238740868433 pid=24362 tid=25445 comm=java:disk$0 state=S cpus=0-3 vol=1 nonvol=0 sched=198230 20923 1
TICK ts_ns=1777216238740868433 pid=24362 tid=25529 comm=Thread-7 state=S cpus=0-3 vol=11853 nonvol=6363 sched=1623762984 2014107084 18192
TICK ts_ns=1777216238740868433 pid=24362 tid=25530 comm=Thread-8 state=S cpus=0-3 vol=931 nonvol=451 sched=146301991 239033549 1379
TICK ts_ns=1777216238740868433 pid=24362 tid=27348 comm=Thread-9 state=S cpus=0-3 vol=10638 nonvol=318 sched=506834669 1075332872 10915
TICK ts_ns=1777216238740868433 pid=24362 tid=29469 comm=Thread-10 state=S cpus=0-3 vol=425 nonvol=79 sched=26327610 65099999 501
TICK ts_ns=1777216238740868433 pid=24362 tid=29471 comm=Thread-11 state=S cpus=0-3 vol=290 nonvol=234 sched=70801306 90016149 523
TICK ts_ns=1777216238740868433 pid=24362 tid=30154 comm=Map Loader state=S cpus=0-3 vol=38 nonvol=732 sched=1788449153 748510157 769
TICK ts_ns=1777216238740868433 pid=24139 tid=24139 comm=virgl_test_serv state=S cpus=0-3 vol=27 nonvol=23 sched=12235460 2971692 50
GPU_BUSY ts_ns=1777216238740868433 path=/sys/kernel/gpu/gpu_busy val=22 %
TICK ts_ns=1777216244668893126 pid=24362 tid=24362 comm=java state=S cpus=0-3 vol=3 nonvol=1 sched=11857539 190077 4
TICK ts_ns=1777216244668893126 pid=24362 tid=24365 comm=java state=S cpus=0-3 vol=2382 nonvol=440 sched=1991304921 58283012 2822
TICK ts_ns=1777216244668893126 pid=24362 tid=24369 comm=GC Thread#0 state=S cpus=0-3 vol=775 nonvol=181 sched=140869619 241525538 956
TICK ts_ns=1777216244668893126 pid=24362 tid=24370 comm=G1 Main Marker state=S cpus=0-3 vol=76 nonvol=2 sched=6643394 29545074 78
TICK ts_ns=1777216244668893126 pid=24362 tid=24371 comm=G1 Conc#0 state=S cpus=0-3 vol=63 nonvol=144 sched=666609689 268828300 207
TICK ts_ns=1777216244668893126 pid=24362 tid=24373 comm=G1 Refine#0 state=S cpus=0-3 vol=2583 nonvol=131 sched=252515785 351454384 2707
TICK ts_ns=1777216244668893126 pid=24362 tid=24374 comm=G1 Service state=S cpus=0-3 vol=360 nonvol=12 sched=21434994 56893233 372
TICK ts_ns=1777216244668893126 pid=24362 tid=24375 comm=VM Periodic Tas state=S cpus=0-3 vol=5755 nonvol=203 sched=286997489 575838693 5934
TICK ts_ns=1777216244668893126 pid=24362 tid=24379 comm=VM Thread state=S cpus=0-3 vol=794 nonvol=114 sched=138175265 64009059 908
TICK ts_ns=1777216244668893126 pid=24362 tid=24382 comm=Reference Handl state=S cpus=0-3 vol=47 nonvol=3 sched=7553999 10167690 50
TICK ts_ns=1777216244668893126 pid=24362 tid=24383 comm=Finalizer state=S cpus=0-3 vol=12 nonvol=0 sched=1325230 1040310 12
TICK ts_ns=1777216244668893126 pid=24362 tid=24384 comm=Signal Dispatch state=S cpus=0-3 vol=2 nonvol=0 sched=184845 0 2
TICK ts_ns=1777216244668893126 pid=24362 tid=24385 comm=Service Thread state=S cpus=0-3 vol=58 nonvol=3 sched=7482996 9946156 61
TICK ts_ns=1777216244668893126 pid=24362 tid=24386 comm=Monitor Deflati state=S cpus=0-3 vol=1155 nonvol=28 sched=48702993 98572395 1174
TICK ts_ns=1777216244668893126 pid=24362 tid=24387 comm=C2 CompilerThre state=S cpus=0-3 vol=5377 nonvol=5162 sched=35697332478 2962678537 10532
TICK ts_ns=1777216244668893126 pid=24362 tid=24389 comm=C1 CompilerThre state=S cpus=0-3 vol=7290 nonvol=2374 sched=7553136236 2756604022 9654
TICK ts_ns=1777216244668893126 pid=24362 tid=24395 comm=Notification Th state=S cpus=0-3 vol=2 nonvol=0 sched=199076 0 2
TICK ts_ns=1777216244668893126 pid=24362 tid=24398 comm=Common-Cleaner state=S cpus=0-3 vol=9 nonvol=0 sched=1235537 47769 9
TICK ts_ns=1777216244668893126 pid=24362 tid=24429 comm=GC Thread#1 state=S cpus=0-3 vol=810 nonvol=50 sched=117863023 210969451 859
TICK ts_ns=1777216244668893126 pid=24362 tid=24431 comm=GC Thread#2 state=S cpus=0-3 vol=762 nonvol=93 sched=125784834 208730527 855
TICK ts_ns=1777216244668893126 pid=24362 tid=24432 comm=GC Thread#3 state=S cpus=0-3 vol=789 nonvol=33 sched=119873408 229050153 821
TICK ts_ns=1777216244668893126 pid=24362 tid=24475 comm=GC Thread#4 state=S cpus=0-3 vol=746 nonvol=35 sched=136245575 206271858 780
TICK ts_ns=1777216244668893126 pid=24362 tid=24514 comm=GC Thread#5 state=S cpus=0-3 vol=763 nonvol=54 sched=147751849 185439691 817
TICK ts_ns=1777216244668893126 pid=24362 tid=24515 comm=GC Thread#6 state=S cpus=0-3 vol=754 nonvol=194 sched=134722683 187718168 948
TICK ts_ns=1777216244668893126 pid=24362 tid=24539 comm=GC Thread#7 state=S cpus=0-3 vol=780 nonvol=110 sched=128607611 187865003 889
TICK ts_ns=1777216244668893126 pid=24362 tid=24598 comm=java state=S cpus=0-3 vol=5 nonvol=1 sched=614229 717846 6
TICK ts_ns=1777216244668893126 pid=24362 tid=24605 comm=G1 Conc#1 state=S cpus=0-3 vol=57 nonvol=171 sched=691909689 232906697 228
TICK ts_ns=1777216244668893126 pid=24362 tid=24612 comm=AWT-XAWT state=S cpus=0-3 vol=21458 nonvol=1339 sched=1649728054 5254211011 22752
TICK ts_ns=1777216244668893126 pid=24362 tid=24616 comm=AWT-Shutdown state=S cpus=0-3 vol=9 nonvol=0 sched=659311 319614 9
TICK ts_ns=1777216244668893126 pid=24362 tid=24617 comm=AWT-EventQueue- state=S cpus=0-3 vol=2986 nonvol=1080 sched=2311312245 831100034 4060
TICK ts_ns=1777216244668893126 pid=24362 tid=24637 comm=Java2D Disposer state=S cpus=0-3 vol=22 nonvol=1 sched=6311230 2919077 23
TICK ts_ns=1777216244668893126 pid=24362 tid=24653 comm=TimerQueue state=S cpus=0-3 vol=222 nonvol=20 sched=28564532 38620307 241
TICK ts_ns=1777216244668893126 pid=24362 tid=24674 comm=logback-1 state=S cpus=0-3 vol=3 nonvol=1 sched=11873541 1385692 4
TICK ts_ns=1777216244668893126 pid=24362 tid=24749 comm=OkHttp static.r state=S cpus=0-3 vol=17 nonvol=7 sched=6679380 3068229 24
TICK ts_ns=1777216244668893126 pid=24362 tid=24750 comm=OkHttp static.r state=S cpus=0-3 vol=26 nonvol=22 sched=29290767 9016307 48
TICK ts_ns=1777216244668893126 pid=24362 tid=24751 comm=OkHttp Connecti state=S cpus=0-3 vol=12 nonvol=0 sched=887772 630769 12
TICK ts_ns=1777216244668893126 pid=24362 tid=24976 comm=pool-2-thread-1 state=S cpus=0-3 vol=1588 nonvol=235 sched=331783774 179587248 1811
TICK ts_ns=1777216244668893126 pid=24362 tid=25028 comm=Thread-1 state=S cpus=0-3 vol=19 nonvol=5 sched=3691616 1254922 24
TICK ts_ns=1777216244668893126 pid=24362 tid=25029 comm=Client state=S cpus=0-3 vol=178640 nonvol=52455 sched=81065572706 21093651485 231099
TICK ts_ns=1777216244668893126 pid=24362 tid=25035 comm=Thread-3 state=S cpus=0-3 vol=16 nonvol=14 sched=16149386 18778694 29
TICK ts_ns=1777216244668893126 pid=24362 tid=25320 comm=cache io state=S cpus=0-3 vol=6440 nonvol=755 sched=1366170771 670919776 7178
TICK ts_ns=1777216244668893126 pid=24362 tid=25405 comm=pool-4-thread-1 state=S cpus=0-3 vol=273 nonvol=29 sched=34337068 20647458 300
TICK ts_ns=1777216244668893126 pid=24362 tid=25436 comm=Java Sound Even state=S cpus=0-3 vol=2 nonvol=0 sched=211230 0 2
TICK ts_ns=1777216244668893126 pid=24362 tid=25437 comm=threaded-ml state=S cpus=0-3 vol=26195 nonvol=5409 sched=3648459715 3114684913 31543
TICK ts_ns=1777216244668893126 pid=24362 tid=25438 comm=Sound Engine state=S cpus=0-3 vol=28504 nonvol=2526 sched=4449252192 3142491659 30946
TICK ts_ns=1777216244668893126 pid=24362 tid=25445 comm=java:disk$0 state=S cpus=0-3 vol=1 nonvol=0 sched=198230 20923 1
TICK ts_ns=1777216244668893126 pid=24362 tid=25529 comm=Thread-7 state=S cpus=0-3 vol=12070 nonvol=6530 sched=1657267676 2058908782 18578
TICK ts_ns=1777216244668893126 pid=24362 tid=25530 comm=Thread-8 state=S cpus=0-3 vol=932 nonvol=452 sched=146542836 239147088 1381
TICK ts_ns=1777216244668893126 pid=24362 tid=27348 comm=Thread-9 state=S cpus=0-3 vol=10882 nonvol=326 sched=518491669 1100762567 11167
TICK ts_ns=1777216244668893126 pid=24362 tid=29469 comm=Thread-10 state=S cpus=0-3 vol=435 nonvol=79 sched=26924225 66082460 511
TICK ts_ns=1777216244668893126 pid=24362 tid=29471 comm=Thread-11 state=S cpus=0-3 vol=297 nonvol=242 sched=72299998 91190687 538
TICK ts_ns=1777216244668893126 pid=24362 tid=30154 comm=Map Loader state=S cpus=0-3 vol=38 nonvol=732 sched=1788449153 748510157 769
TICK ts_ns=1777216244668893126 pid=24139 tid=24139 comm=virgl_test_serv state=S cpus=0-3 vol=27 nonvol=23 sched=12235460 2971692 50
GPU_BUSY ts_ns=1777216244668893126 path=/sys/kernel/gpu/gpu_busy val=15 %
TICK ts_ns=1777216250885600818 pid=24362 tid=24362 comm=java state=S cpus=0-3 vol=3 nonvol=1 sched=11857539 190077 4
TICK ts_ns=1777216250885600818 pid=24362 tid=24365 comm=java state=S cpus=0-3 vol=2382 nonvol=440 sched=1991304921 58283012 2822
TICK ts_ns=1777216250885600818 pid=24362 tid=24369 comm=GC Thread#0 state=S cpus=0-3 vol=775 nonvol=181 sched=140869619 241525538 956
TICK ts_ns=1777216250885600818 pid=24362 tid=24370 comm=G1 Main Marker state=S cpus=0-3 vol=76 nonvol=2 sched=6643394 29545074 78
TICK ts_ns=1777216250885600818 pid=24362 tid=24371 comm=G1 Conc#0 state=S cpus=0-3 vol=63 nonvol=144 sched=666609689 268828300 207
TICK ts_ns=1777216250885600818 pid=24362 tid=24373 comm=G1 Refine#0 state=S cpus=0-3 vol=2604 nonvol=132 sched=254189098 353152537 2730
TICK ts_ns=1777216250885600818 pid=24362 tid=24374 comm=G1 Service state=S cpus=0-3 vol=367 nonvol=12 sched=21719763 57205003 379
TICK ts_ns=1777216250885600818 pid=24362 tid=24375 comm=VM Periodic Tas state=S cpus=0-3 vol=5881 nonvol=210 sched=293359726 586667230 6065
TICK ts_ns=1777216250885600818 pid=24362 tid=24379 comm=VM Thread state=S cpus=0-3 vol=801 nonvol=115 sched=138381264 64958290 915
TICK ts_ns=1777216250885600818 pid=24362 tid=24382 comm=Reference Handl state=S cpus=0-3 vol=47 nonvol=3 sched=7553999 10167690 50
