# rlawt per-frame CSV, CLOCK_MONOTONIC ns / microseconds
# mkcur_cumulative is the per-window makeCurrent counter — diff rows for per-frame
frame,t_post_swap_ns,swap_us,gap_us,finish_us,xsync_us,gpu_us,mkcur_cumulative
1,233462309638144,151804,0,0,0,0,0
2,233462833002144,67615,455748,0,0,0,0
3,233462980907451,48508,99396,0,0,0,0
4,233463043706451,24684,38115,0,0,0,0
5,233463090836913,26102,21027,0,0,0,0
6,233463259682452,21677,147168,0,0,0,0
7,233463309323144,27118,22521,0,0,0,0
8,233463355118452,18231,27564,0,0,0,0
9,233463394510144,19697,19693,0,0,0,0
10,233463430584605,19132,16941,0,0,0,0
11,233463475913528,22090,23238,0,0,0,0
12,233463523768298,21813,26041,0,0,0,0
13,233463564079759,21500,18811,0,0,0,0
14,233463603052067,18561,20410,0,0,0,0
15,233463639150452,21024,15074,0,0,0,0
16,233463664286452,18097,7038,0,0,0,0
17,233463692352375,18018,10047,0,0,0,0
18,233463720351375,22638,5360,0,0,0,0
19,233463746023375,19299,6373,0,0,0,0
20,233463768046759,16765,5257,0,0,0,0
21,233463791664298,18208,5408,0,0,0,0
22,233463820725836,16779,12281,0,0,0,0
23,233463848546836,15077,12743,0,0,0,0
24,233463876088375,20183,7358,0,0,0,0
25,233463911303759,18504,16711,0,0,0,0
26,233463939834452,16588,11942,0,0,0,0
27,233463965453298,18401,7217,0,0,0,0
28,233463989931990,19447,5031,0,0,0,0
29,233464011932375,17296,4704,0,0,0,0
30,233464033944682,17469,4543,0,0,0,0
31,233464057540682,18530,5065,0,0,0,0
32,233464080217605,16701,5975,0,0,0,0
33,233464101415759,16832,4365,0,0,0,0
34,233464122937913,16756,4765,0,0,0,0
35,233464146188913,18472,4778,0,0,0,0
36,233464169100990,16959,5952,0,0,0,0
37,233464188702144,15337,4263,0,0,0,0
38,233464214126221,20421,5002,0,0,0,0
39,233464238279067,18892,5260,0,0,0,0
40,233464261209528,18721,4208,0,0,0,0
41,233464283209528,15923,6076,0,0,0,0
42,233464306083759,17293,5581,0,0,0,0
43,233464331932298,18824,7024,0,0,0,0
44,233464358607682,19463,7212,0,0,0,0
45,233464379516682,15055,5853,0,0,0,0
46,233464404664067,20005,5141,0,0,0,0
47,233464428475375,18220,5591,0,0,0,0
48,233464450708605,16486,5747,0,0,0,0
49,233464472948990,17428,4811,0,0,0,0
50,233464497007990,18769,5289,0,0,0,0
51,233464522180990,16183,8989,0,0,0,0
52,233464543128913,16535,4412,0,0,0,0
53,233464564358836,14613,6616,0,0,0,0
54,233464584793529,15630,4804,0,0,0,0
55,233464605780913,16035,4951,0,0,0,0
56,233464630108990,19817,4511,0,0,0,0
57,233464653703990,18169,5425,0,0,0,0
58,233464677530529,17689,6136,0,0,0,0
59,233464700520375,17332,5657,0,0,0,0
60,233464721412605,15615,5276,0,0,0,0
61,233464741847375,15741,4692,0,0,0,0
62,233464762975144,16164,4963,0,0,0,0
63,233464784491375,16175,5341,0,0,0,0
64,233464809580298,18134,6954,0,0,0,0
65,233464833298836,16600,7117,0,0,0,0
66,233464855842452,17196,5347,0,0,0,0
67,233464882052375,19653,6556,0,0,0,0
68,233464907175682,19292,5830,0,0,0,0
69,233464933196067,18712,7308,0,0,0,0
70,233464955997913,17309,5492,0,0,0,0
71,233464981002759,19468,5536,0,0,0,0
72,233465002950759,17303,4645,0,0,0,0
73,233465025229529,17267,5011,0,0,0,0
74,233465065647990,18566,21852,0,0,0,0
75,233465138599759,18939,54012,0,0,0,0
76,233465176468990,22321,15547,0,0,0,0
77,233465207944605,23814,7661,0,0,0,0
78,233465251207682,34744,8518,0,0,0,0
79,233465297028375,33981,11838,0,0,0,0
80,233465318996913,16700,5267,0,0,0,0
81,233465346218529,20543,6678,0,0,0,0
82,233465370785836,18365,6202,0,0,0,0
83,233465394052298,16977,6289,0,0,0,0
84,233465416198221,16468,5677,0,0,0,0
85,233465441124913,18268,6658,0,0,0,0
86,233465468456913,20232,7099,0,0,0,0
87,233465493623067,18512,6653,0,0,0,0
88,233465516899759,16654,6621,0,0,0,0
89,233465540857836,18665,5292,0,0,0,0
90,233465569520913,16839,11824,0,0,0,0
91,233465588919759,14788,4610,0,0,0,0
92,233465619933836,24880,6133,0,0,0,0
93,233465644296067,17967,6394,0,0,0,0
94,233465674839990,17803,12740,0,0,0,0
95,233465699774759,18988,5946,0,0,0,0
96,233465726304298,17921,8608,0,0,0,0
97,233465751188913,18575,6308,0,0,0,0
98,233465774855375,17216,6450,0,0,0,0
99,233465800102836,18841,6405,0,0,0,0
100,233465823992375,18456,5433,0,0,0,0
101,233465850592375,22164,4435,0,0,0,0
102,233465874572375,17843,6136,0,0,0,0
103,233465901243144,20406,6264,0,0,0,0
104,233465925779452,16806,7729,0,0,0,0
105,233465950169298,19505,4884,0,0,0,0
106,233465977085836,20964,5951,0,0,0,0
107,233465998918759,16714,5118,0,0,0,0
108,233466025804298,22706,4180,0,0,0,0
109,233466048795144,18341,4648,0,0,0,0
110,233466073336067,20196,4344,0,0,0,0
111,233466099501913,21209,4955,0,0,0,0
112,233466123529913,18404,5623,0,0,0,0
113,233466148079144,20490,4058,0,0,0,0
114,233466174251375,18823,7348,0,0,0,0
115,233466198959682,18348,6359,0,0,0,0
116,233466228302529,22186,7156,0,0,0,0
117,233466252978221,17061,7614,0,0,0,0
118,233466275019682,16452,5588,0,0,0,0
119,233466297605913,17063,5522,0,0,0,0
120,233466319534836,17012,4916,0,0,0,0
121,233466347698221,24120,4042,0,0,0,0
122,233466371023067,17732,5592,0,0,0,0
123,233466394156606,17704,5429,0,0,0,0
124,233466415195990,16579,4459,0,0,0,0
125,233466439346221,19189,4960,0,0,0,0
126,233466466382144,22781,4254,0,0,0,0
127,233466488221836,16612,5227,0,0,0,0
128,233466515248298,22084,4941,0,0,0,0
129,233466536463682,16630,4585,0,0,0,0
130,233466556245221,14732,5048,0,0,0,0
131,233466580812298,20875,3691,0,0,0,0
132,233466603347682,18101,4433,0,0,0,0
133,233466625269836,17481,4440,0,0,0,0
134,233466649537836,18904,5363,0,0,0,0
135,233466673029529,17952,5539,0,0,0,0
136,233466698410529,20362,5018,0,0,0,0
137,233466723076067,19529,5136,0,0,0,0
138,233466752322452,25001,4244,0,0,0,0
139,233466774949913,16084,6543,0,0,0,0
140,233466802610221,20889,6771,0,0,0,0
141,233466826133221,18330,5192,0,0,0,0
142,233466849762144,18961,4667,0,0,0,0
143,233466873169606,18140,5266,0,0,0,0
144,233466899525221,21689,4666,0,0,0,0
145,233466926900913,18968,8407,0,0,0,0
146,233466948657913,17773,3983,0,0,0,0
147,233466976046759,20701,6687,0,0,0,0
148,233467000272606,18005,6221,0,0,0,0
149,233467028428298,22704,5451,0,0,0,0
150,233467049262836,16026,4807,0,0,0,0
151,233467075479759,20951,5265,0,0,0,0
152,233467097785913,17237,5068,0,0,0,0
153,233467123612606,21383,4443,0,0,0,0
154,233467147951759,19756,4582,0,0,0,0
155,233467171915683,18767,5196,0,0,0,0
156,233467193080606,16915,4249,0,0,0,0
157,233467218174452,18663,6430,0,0,0,0
158,233467239055759,15596,5284,0,0,0,0
159,233467263694221,20460,4177,0,0,0,0
160,233467285200913,16710,4796,0,0,0,0
161,233467308459990,17215,6043,0,0,0,0
162,233467332879067,18673,5745,0,0,0,0
163,233467357823375,18466,6478,0,0,0,0
164,233467379997606,18046,4127,0,0,0,0
165,233467400829836,16054,4777,0,0,0,0
166,233467424892913,19578,4484,0,0,0,0
167,233467449964067,19114,5956,0,0,0,0
168,233467475055375,18514,6576,0,0,0,0
169,233467504115683,21611,7449,0,0,0,0
170,233467525735759,16871,4749,0,0,0,0
171,233467550796990,19119,5942,0,0,0,0
172,233467585807144,28681,6328,0,0,0,0
173,233467627593221,22094,19691,0,0,0,0
174,233467649294221,16866,4834,0,0,0,0
175,233467672928375,19624,4010,0,0,0,0
176,233467697919683,20446,4544,0,0,0,0
177,233467719451990,16488,5044,0,0,0,0
178,233467742098221,16725,5920,0,0,0,0
179,233467765477606,17752,5627,0,0,0,0
180,233467789884990,19402,5004,0,0,0,0
181,233467813155990,17516,5754,0,0,0,0
182,233467833105529,15354,4595,0,0,0,0
183,233467857314221,17843,6365,0,0,0,0
184,233467885509836,21259,6936,0,0,0,0
185,233467915901529,22966,7425,0,0,0,0
186,233467940458529,17645,6911,0,0,0,0
187,233467965579683,20355,4765,0,0,0,0
188,233467988663375,19106,3977,0,0,0,0
189,233468013966759,20634,4670,0,0,0,0
190,233468037280990,18343,4971,0,0,0,0
191,233468059464913,16086,6097,0,0,0,0
192,233468082977606,17103,6409,0,0,0,0
193,233468107969298,18596,6395,0,0,0,0
194,233468132504067,19869,4665,0,0,0,0
195,233468156449529,19818,4126,0,0,0,0
196,233468182566144,21281,4835,0,0,0,0
197,233468206949913,20327,4056,0,0,0,0
198,233468233278221,21424,4903,0,0,0,0
199,233468261507375,16187,12041,0,0,0,0
200,233468281441529,14881,5053,0,0,0,0
201,233468307274144,20587,5244,0,0,0,0
202,233468332654221,20959,4421,0,0,0,0
203,233468358432067,21167,4610,0,0,0,0
204,233468382849913,19007,5410,0,0,0,0
205,233468413653913,26619,4184,0,0,0,0
206,233468436270760,17736,4880,0,0,0,0
207,233468456391067,15213,4907,0,0,0,0
208,233468481502760,20395,4716,0,0,0,0
209,233468508101836,22350,4248,0,0,0,0
210,233468534596683,19900,6594,0,0,0,0
211,233468556714836,17384,4734,0,0,0,0
212,233468580919375,20294,3910,0,0,0,0
213,233468609510221,19768,8822,0,0,0,0
214,233468638238452,22245,6482,0,0,0,0
215,233468663951452,19787,5925,0,0,0,0
216,233468691133529,23008,4173,0,0,0,0
217,233468720079760,19648,9297,0,0,0,0
218,233468743656990,18984,4593,0,0,0,0
219,233468764751990,16923,4171,0,0,0,0
220,233468791446452,22463,4230,0,0,0,0
221,233468815355144,18176,5732,0,0,0,0
222,233468841174529,18918,6901,0,0,0,0
223,233468865416067,18059,6181,0,0,0,0
224,233468892870221,20452,7002,0,0,0,0
225,233468918169606,20136,5163,0,0,0,0
226,233468943741298,18489,7082,0,0,0,0
227,233468974959067,23587,7630,0,0,0,0
228,233468999362452,18358,6045,0,0,0,0
229,233469029484683,26122,4001,0,0,0,0
230,233469052832375,17730,5617,0,0,0,0
231,233469077282760,20648,3801,0,0,0,0
232,233469101541298,18518,5740,0,0,0,0
233,233469126999760,18059,7398,0,0,0,0
234,233469146738529,16147,3591,0,0,0,0
235,233469168671452,17670,4262,0,0,0,0
236,233469192607683,18393,5542,0,0,0,0
237,233469219583452,21158,5816,0,0,0,0
238,233469244697298,19361,5752,0,0,0,0
239,233469265136375,16490,3948,0,0,0,0
240,233469289948683,20310,4501,0,0,0,0
241,233469316777298,22106,4721,0,0,0,0
242,233469343738221,19864,7096,0,0,0,0
243,233469365125529,16572,4815,0,0,0,0
244,233469392830452,23223,4481,0,0,0,0
245,233469418607990,19795,5982,0,0,0,0
246,233469442587067,18360,5618,0,0,0,0
247,233469468741221,19374,6780,0,0,0,0
248,233469493678221,19522,5414,0,0,0,0
249,233469516087067,17752,4656,0,0,0,0
250,233469539672298,16344,7240,0,0,0,0
251,233469564193606,19649,4871,0,0,0,0
252,233469590433913,22125,4115,0,0,0,0
253,233469615974221,18987,6552,0,0,0,0
254,233469639967452,17574,6418,0,0,0,0
255,233469664623683,20216,4439,0,0,0,0
256,233469686332990,15837,5872,0,0,0,0
257,233469708855452,17474,5048,0,0,0,0
258,233469734648683,16601,9191,0,0,0,0
259,233469755421606,16355,4417,0,0,0,0
260,233469778243144,19076,3745,0,0,0,0
261,233469798328298,14594,5491,0,0,0,0
262,233469823522837,21147,4047,0,0,0,0
263,233469901117913,19273,58321,0,0,0,0
264,233470010479990,20619,88743,0,0,0,0
265,233470039642760,25164,3998,0,0,0,0
266,233470061632990,20012,1977,0,0,0,0
267,233470086513221,21016,3863,0,0,0,0
268,233470112442221,23676,2252,0,0,0,0
269,233470144254144,28143,3668,0,0,0,0
270,233470183321837,28221,10846,0,0,0,0
271,233470225621298,32873,9425,0,0,0,0
272,233470301487760,18205,57661,0,0,0,0
273,233470333172606,30017,1667,0,0,0,0
274,233470364282760,29346,1763,0,0,0,0
275,233470414381529,36427,13671,0,0,0,0
276,233470433832683,17223,2228,0,0,0,0
277,233470458167375,22365,1968,0,0,0,0
278,233470481345913,21054,2124,0,0,0,0
279,233470535473837,26717,27410,0,0,0,0
280,233470577807452,40499,1833,0,0,0,0
281,233470606407990,24241,4359,0,0,0,0
282,233470657295375,34504,16383,0,0,0,0
283,233470678580990,19343,1942,0,0,0,0
284,233470704233298,17966,7685,0,0,0,0
285,233470726195452,18001,3960,0,0,0,0
286,233470764301913,34106,3999,0,0,0,0
287,233470798635067,20580,13753,0,0,0,0
288,233470843242452,19616,24991,0,0,0,0
289,233470869070144,20499,5328,0,0,0,0
290,233470906021529,24867,12084,0,0,0,0
291,233470940658529,32579,2057,0,0,0,0
292,233470965019067,16495,7865,0,0,0,0
293,233470991992375,18358,8615,0,0,0,0
294,233471033190221,17385,23813,0,0,0,0
295,233471064816067,24290,7335,0,0,0,0
296,233471095309298,16855,13637,0,0,0,0
297,233471133089837,32418,5362,0,0,0,0
298,233471181201221,46260,1850,0,0,0,0
299,233471201029298,17329,2498,0,0,0,0
300,233471233997529,30347,2621,0,0,0,0
301,233471271558760,35184,2376,0,0,0,0
302,233471314563760,37884,5120,0,0,0,0
303,233471346794144,29875,2355,0,0,0,0
304,233471374548067,23696,4057,0,0,0,0
305,233471419369837,35236,9584,0,0,0,0
306,233471447605298,24593,3642,0,0,0,0
307,233471501173606,27726,25842,0,0,0,0
308,233471526350452,22600,2576,0,0,0,0
309,233471550329221,21875,2103,0,0,0,0
310,233471571184375,19075,1779,0,0,0,0
311,233471593168375,18223,3760,0,0,0,0
312,233471626405837,31404,1832,0,0,0,0
313,233471653093529,24193,2494,0,0,0,0
314,233471673394529,16778,3522,0,0,0,0
315,233471700394452,24751,2248,0,0,0,0
316,233471733958221,30999,2564,0,0,0,0
317,233471756985606,20851,2175,0,0,0,0
318,233471784112990,20535,6591,0,0,0,0
319,233471815763144,29079,2571,0,0,0,0
320,233471839135144,21451,1920,0,0,0,0
321,233471862621298,21551,1934,0,0,0,0
322,233471892611760,26637,3352,0,0,0,0
323,233471915551760,19949,2990,0,0,0,0
324,233472175749914,20896,239303,0,0,0,0
325,233472197913914,18876,3287,0,0,0,0
326,233472220408990,19962,2532,0,0,0,0
327,233472240651760,18453,1788,0,0,0,0
328,233472264129914,21178,2300,0,0,0,0
329,233472285423375,19421,1871,0,0,0,0
330,233472310627991,23126,2078,0,0,0,0
331,233472330043067,16291,3124,0,0,0,0
332,233472351697606,19982,1672,0,0,0,0
333,233472372715067,17449,3568,0,0,0,0
334,233472393048606,18631,1701,0,0,0,0
335,233472415568914,20755,1764,0,0,0,0
336,233472444871375,27294,2008,0,0,0,0
337,233472467986452,18335,4779,0,0,0,0
338,233472490709914,20891,1832,0,0,0,0
339,233472514986760,21900,2376,0,0,0,0
340,233472548320683,24659,8674,0,0,0,0
341,233472569097298,18501,2274,0,0,0,0
342,233472601784375,28536,4151,0,0,0,0
343,233472623224375,19557,1882,0,0,0,0
344,233472650941606,25711,2005,0,0,0,0
345,233472674914837,22038,1934,0,0,0,0
346,233472699375067,22668,1791,0,0,0,0
347,233472729426221,28134,1917,0,0,0,0
348,233472751781529,18285,4070,0,0,0,0
349,233472772664914,17258,3624,0,0,0,0
350,233472795309606,20681,1963,0,0,0,0
351,233472814675144,15775,3590,0,0,0,0
352,233473042924991,22181,206069,0,0,0,0
353,233474581496606,27313,1511258,0,0,0,0
354,233474949894145,20286,348111,0,0,0,0
355,233475007550837,17686,39971,0,0,0,0
356,233475063147375,18346,37250,0,0,0,0
357,233475106001529,20172,22681,0,0,0,0
358,233475142944683,19728,17214,0,0,0,0
359,233475180945914,15670,22330,0,0,0,0
360,233475225450145,17501,27002,0,0,0,0
361,233475274918837,19344,30124,0,0,0,0
362,233475331527068,23774,32834,0,0,0,0
363,233475390276298,22308,36440,0,0,0,0
364,233475438886221,19679,28930,0,0,0,0
365,233475482691452,18400,25404,0,0,0,0
366,233475530765298,20173,27900,0,0,0,0
367,233475643998529,18908,94324,0,0,0,0
368,233475689222760,21176,24047,0,0,0,0
369,233475727282837,17459,20600,0,0,0,0
370,233475763547452,18893,17371,0,0,0,0
371,233475803487452,21006,18933,0,0,0,0
372,233475841438837,16309,21642,0,0,0,0
373,233475915754529,28522,45793,0,0,0,0
374,233475964350837,19300,29296,0,0,0,0
375,233476005942529,20410,21182,0,0,0,0
376,233476044524606,23344,15237,0,0,0,0
377,233476082445298,18728,19192,0,0,0,0
378,233476123042221,15381,25215,0,0,0,0
379,233476153183145,16619,13521,0,0,0,0
380,233476184773606,16611,14978,0,0,0,0
381,233476225847145,17510,23563,0,0,0,0
382,233476257569606,19136,12586,0,0,0,0
383,233476290308375,18820,13918,0,0,0,0
384,233476335085222,18934,25842,0,0,0,0
385,233476365804683,16212,14507,0,0,0,0
386,233476391231375,16567,8858,0,0,0,0
387,233476425156991,16662,17263,0,0,0,0
388,233476456857529,20507,11193,0,0,0,0
389,233476489532914,17255,15419,0,0,0,0
390,233476523579452,19463,14583,0,0,0,0
391,233476568643068,22900,22163,0,0,0,0
392,233476593946529,16604,8699,0,0,0,0
393,233476622841298,17390,11504,0,0,0,0
394,233476648063760,17598,7624,0,0,0,0
395,233476681454452,18444,14946,0,0,0,0
396,233476710860914,17951,11454,0,0,0,0
397,233476737710837,16689,10160,0,0,0,0
398,233476763624683,17079,8834,0,0,0,0
399,233476790069837,18096,8348,0,0,0,0
400,233476823394222,21019,12305,0,0,0,0
401,233476849275145,18180,7700,0,0,0,0
402,233476874464991,18626,6563,0,0,0,0
403,233476901989837,18021,9503,0,0,0,0
404,233476928409837,19202,7217,0,0,0,0
405,233476953594529,16920,8264,0,0,0,0
406,233476985457837,20561,11302,0,0,0,0
407,233477023142529,21626,16058,0,0,0,0
408,233477472477914,96677,352657,0,0,0,0
409,233477580961914,32210,76273,0,0,0,0
410,233477648601299,23946,43692,0,0,0,0
411,233477726795991,25465,52729,0,0,0,0
412,233477805753606,23603,55354,0,0,0,0
413,233477878117914,24526,47837,0,0,0,0
414,233477948802222,23275,47408,0,0,0,0
415,233478008052375,24289,34961,0,0,0,0
416,233478073863145,24151,41659,0,0,0,0
417,233478131059145,24613,32583,0,0,0,0
418,233478196903452,27757,38087,0,0,0,0
419,233478247842145,25316,25622,0,0,0,0
420,233478297220914,22504,26874,0,0,0,0
421,233478344424068,21193,26009,0,0,0,0
422,233478392868068,24026,24417,0,0,0,0
423,233478443295991,26639,23788,0,0,0,0
424,233478494493606,24752,26445,0,0,0,0
425,233478543404375,23948,24962,0,0,0,0
426,233478589348299,23977,21966,0,0,0,0
427,233478629811068,23277,17184,0,0,0,0
428,233478670555991,22777,17967,0,0,0,0
429,233478717516299,24847,22112,0,0,0,0
430,233478767433529,24861,25055,0,0,0,0
431,233478813346837,24187,21725,0,0,0,0
432,233478859204606,23420,22437,0,0,0,0
433,233478900988991,23265,18518,0,0,0,0
434,233478939090222,22121,15979,0,0,0,0
435,233478976294760,21725,15479,0,0,0,0
436,233479017497837,23545,17658,0,0,0,0
437,233479056802529,22063,17241,0,0,0,0
438,233479097671145,23056,17812,0,0,0,0
439,233479133829222,21271,14887,0,0,0,0
440,233479173760683,22300,17630,0,0,0,0
441,233479214399145,23332,17306,0,0,0,0
442,233479265285914,24591,26295,0,0,0,0
443,233479307540991,22664,19590,0,0,0,0
444,233479355333914,25146,22646,0,0,0,0
445,233479414304376,33958,25011,0,0,0,0
446,233479464536914,26783,23449,0,0,0,0
447,233479510612606,24241,21834,0,0,0,0
448,233479560252914,25218,24421,0,0,0,0
449,233479608050222,28525,19271,0,0,0,0
450,233479650058529,25126,16881,0,0,0,0
451,233479692632376,24294,18279,0,0,0,0
452,233479740610222,25285,22692,0,0,0,0
453,233479779893222,23821,15461,0,0,0,0
454,233479833187991,26650,26644,0,0,0,0
455,233479875236068,23660,18388,0,0,0,0
456,233479914132683,25078,13818,0,0,0,0
457,233479950735452,23112,13490,0,0,0,0
458,233479989317299,23412,15169,0,0,0,0
459,233480039493914,24486,25690,0,0,0,0
460,233480082729299,24902,18333,0,0,0,0
461,233480119561529,22823,14008,0,0,0,0
462,233480158382453,23491,15329,0,0,0,0
463,233480196644068,24377,13884,0,0,0,0
464,233480235446453,24652,14150,0,0,0,0
465,233480279223760,23112,20665,0,0,0,0
466,233480322952914,28053,15675,0,0,0,0
467,233480363679376,26750,13975,0,0,0,0
468,233480402260914,24582,13999,0,0,0,0
469,233480441100991,25384,13455,0,0,0,0
470,233480482945222,25092,16751,0,0,0,0
471,233480525235376,26722,15567,0,0,0,0
472,233480564664914,26363,13066,0,0,0,0
473,233480602933914,25661,12607,0,0,0,0
474,233480648501914,26490,19077,0,0,0,0
475,233480690671453,25175,16993,0,0,0,0
476,233480733012991,27402,14939,0,0,0,0
477,233480780729606,25468,22248,0,0,0,0
478,233480824599683,26913,16956,0,0,0,0
479,233480873404068,28771,20032,0,0,0,0
480,233480923464299,28960,21099,0,0,0,0
481,233480969940376,26811,19664,0,0,0,0
482,233481013836376,28037,15859,0,0,0,0
483,233481057474760,26932,16705,0,0,0,0
484,233481102874453,29079,16320,0,0,0,0
485,233481154823453,29441,22507,0,0,0,0
486,233481197416299,26951,15641,0,0,0,0
487,233481239171068,24577,17177,0,0,0,0
488,233481277820299,26302,12347,0,0,0,0
489,233481323097914,26803,18474,0,0,0,0
490,233481373480683,28431,21951,0,0,0,0
491,233481416439068,27247,15711,0,0,0,0
492,233481457817837,28263,13115,0,0,0,0
493,233481498649222,25529,15301,0,0,0,0
494,233481543280068,27667,16963,0,0,0,0
495,233481585005606,27275,14450,0,0,0,0
496,233481624944683,26667,13271,0,0,0,0
497,233481664786453,25242,14599,0,0,0,0
498,233481703412376,26212,12413,0,0,0,0
499,233481746928991,28755,14761,0,0,0,0
500,233481788479453,26329,15220,0,0,0,0
501,233481830724683,28899,13345,0,0,0,0
502,233481874227376,28045,15456,0,0,0,0
503,233481917778760,27450,16101,0,0,0,0
504,233481964186837,26904,19503,0,0,0,0
505,233482004602530,26918,13497,0,0,0,0
506,233482048922222,32005,12314,0,0,0,0
507,233482089625914,26760,13943,0,0,0,0
508,233482127381530,25745,12009,0,0,0,0
509,233482174596991,26366,20848,0,0,0,0
510,233482219606760,29893,15116,0,0,0,0
511,233482259989837,26130,14252,0,0,0,0
512,233482305040914,26450,18600,0,0,0,0
513,233482343467376,25404,13021,0,0,0,0
514,233482386192914,27418,15307,0,0,0,0
515,233482426658145,27676,12789,0,0,0,0
516,233482472083683,32487,12937,0,0,0,0
517,233482512307068,27587,12635,0,0,0,0
518,233482556313914,26542,17464,0,0,0,0
519,233482599239145,26638,16286,0,0,0,0
520,233482637978453,26424,12314,0,0,0,0
521,233482679131453,26722,14430,0,0,0,0
522,233482719121299,26008,13981,0,0,0,0
523,233482760993530,27069,14802,0,0,0,0
524,233482800968683,27749,12225,0,0,0,0
525,233482840614145,26416,13229,0,0,0,0
526,233482883776299,29497,13665,0,0,0,0
527,233482927096068,28916,14403,0,0,0,0
528,233482971825607,30419,14309,0,0,0,0
529,233483010271145,27479,10967,0,0,0,0
530,233483054173530,29170,14731,0,0,0,0
531,233483095444068,28167,13102,0,0,0,0
532,233483139657530,30101,14112,0,0,0,0
533,233483182845530,29966,13221,0,0,0,0
534,233483230750222,37086,10818,0,0,0,0
535,233483283524991,31370,21404,0,0,0,0
536,233483326584683,29132,13927,0,0,0,0
537,233483369803453,28834,14384,0,0,0,0
538,233483415933914,30189,15940,0,0,0,0
539,233483459280068,29507,13838,0,0,0,0
540,233483505960914,32100,14580,0,0,0,0
541,233483544076683,26154,11961,0,0,0,0
542,233483584799683,28301,12421,0,0,0,0
543,233483627456376,27835,14821,0,0,0,0
544,233483668363376,27089,13817,0,0,0,0
545,233483711119145,29332,13423,0,0,0,0
546,233483752960991,29859,11982,0,0,0,0
547,233483794909914,28036,13912,0,0,0,0
548,233483840067760,31416,13741,0,0,0,0
549,233483881743991,27735,13940,0,0,0,0
550,233483922059760,28998,11317,0,0,0,0
551,233483962901837,28123,12719,0,0,0,0
552,233484004862760,29023,12938,0,0,0,0
553,233484047154145,29595,12696,0,0,0,0
554,233484086708914,26720,12834,0,0,0,0
555,233484131052684,30899,13444,0,0,0,0
556,233484173558222,30494,12011,0,0,0,0
557,233484215267991,29264,12445,0,0,0,0
558,233484260155376,28691,16195,0,0,0,0
559,233484302482837,28388,13938,0,0,0,0
560,233484343523453,26443,14596,0,0,0,0
561,233484384327760,28020,12783,0,0,0,0
562,233484425036607,28930,11778,0,0,0,0
563,233484465244991,27001,13206,0,0,0,0
564,233484506241914,29502,11494,0,0,0,0
565,233484547794760,30448,11104,0,0,0,0
566,233484590931684,31260,11876,0,0,0,0
567,233484632551376,27493,14125,0,0,0,0
568,233484676624376,29842,14230,0,0,0,0
569,233484718491453,28232,13635,0,0,0,0
570,233484763027760,32399,12137,0,0,0,0
571,233484805468607,27527,14913,0,0,0,0
572,233484848485299,27944,15072,0,0,0,0
573,233484888176299,27228,12462,0,0,0,0
574,233484927840991,27505,12159,0,0,0,0
575,233484967820991,28868,11111,0,0,0,0
576,233485008896068,29230,11845,0,0,0,0
577,233485050719453,28334,13488,0,0,0,0
578,233485096100299,29334,16046,0,0,0,0
579,233485137512684,27801,13610,0,0,0,0
580,233485178891684,28580,12798,0,0,0,0
581,233485219890453,28862,12136,0,0,0,0
582,233485272300991,37350,15060,0,0,0,0
583,233485323530530,35604,15624,0,0,0,0
584,233485364967376,27953,13483,0,0,0,0
585,233485403677222,27169,11540,0,0,0,0
586,233485443766837,28045,12044,0,0,0,0
587,233485481171761,26302,11102,0,0,0,0
588,233485519334530,26578,11584,0,0,0,0
589,233485561945914,29777,12834,0,0,0,0
590,233485606271453,31626,12698,0,0,0,0
591,233485648265914,28910,13083,0,0,0,0
592,233485701278530,33929,19082,0,0,0,0
593,233485743858145,31048,11531,0,0,0,0
594,233485783368914,28092,11418,0,0,0,0
595,233485825230145,28899,12961,0,0,0,0
596,233485864987068,27313,12443,0,0,0,0
597,233485903762837,27338,11437,0,0,0,0
598,233485943384068,27778,11842,0,0,0,0
599,233485982133299,27779,10969,0,0,0,0
600,233486021941607,27693,12115,0,0,0,0
601,233486065037607,30519,12576,0,0,0,0
602,233486102742453,26071,11633,0,0,0,0
603,233486149963376,34885,12335,0,0,0,0
604,233486191663684,26314,15385,0,0,0,0
605,233486232478837,28909,11905,0,0,0,0
606,233486273123761,27498,13146,0,0,0,0
607,233486317116068,27121,16871,0,0,0,0
608,233486364438222,29710,17611,0,0,0,0
609,233486406562453,28046,14078,0,0,0,0
610,233486453352991,31509,15280,0,0,0,0
611,233486495569914,27749,14467,0,0,0,0
612,233486538360991,30743,12047,0,0,0,0
613,233486582179068,30332,13486,0,0,0,0
614,233486629680607,34002,13499,0,0,0,0
615,233486673319068,28974,14664,0,0,0,0
616,233486715759453,29317,13122,0,0,0,0
617,233486757335991,28162,13413,0,0,0,0
618,233486799353530,29142,12875,0,0,0,0
619,233486840466838,28298,12814,0,0,0,0
620,233486882221838,30555,11199,0,0,0,0
621,233486924789914,27051,15516,0,0,0,0
622,233486965380376,27937,12653,0,0,0,0
623,233487005383453,28580,11423,0,0,0,0
624,233487043604914,26882,11339,0,0,0,0
625,233487084072914,26775,13692,0,0,0,0
626,233487130600607,30182,16345,0,0,0,0
627,233487169965914,27263,12102,0,0,0,0
628,233487214191761,30129,14096,0,0,0,0
629,233487255639761,27815,13632,0,0,0,0
630,233487297504684,28195,13669,0,0,0,0
631,233487339308376,28130,13673,0,0,0,0
632,233487380895068,30575,11011,0,0,0,0
633,233487422483068,27908,13679,0,0,0,0
634,233487465401530,29233,13684,0,0,0,0
635,233487510268684,31125,13741,0,0,0,0
636,233487553651068,29552,13830,0,0,0,0
637,233487594981607,27911,13418,0,0,0,0
638,233487634268991,27510,11776,0,0,0,0
639,233487673633607,28564,10799,0,0,0,0
640,233487714505222,27826,13045,0,0,0,0
641,233487756504991,28313,13685,0,0,0,0
642,233487795600068,26702,12392,0,0,0,0
643,233487835809222,27039,13169,0,0,0,0
644,233487879592607,27966,15816,0,0,0,0
645,233487919673915,27757,12324,0,0,0,0
646,233487959532068,27371,12486,0,0,0,0
647,233487999713838,26325,13856,0,0,0,0
648,233488041970761,29616,12641,0,0,0,0
649,233488081460376,27099,12390,0,0,0,0
650,233488127863068,35926,10476,0,0,0,0
651,233488169471453,28792,12815,0,0,0,0
652,233488210575761,27837,13267,0,0,0,0
653,233488251668684,28967,12125,0,0,0,0
654,233488297919145,30186,16064,0,0,0,0
655,233488341393299,27659,15814,0,0,0,0
656,233488384276915,27714,15168,0,0,0,0
657,233488427184299,28073,14834,0,0,0,0
658,233488474291684,30014,17092,0,0,0,0
659,233488515842145,29167,12382,0,0,0,0
660,233488565603761,32170,17590,0,0,0,0
661,233488609951068,27428,16919,0,0,0,0
662,233488658181222,31648,16581,0,0,0,0
663,233488704612684,26765,19665,0,0,0,0
664,233488748575453,30268,13694,0,0,0,0
665,233488799991068,28266,23149,0,0,0,0
666,233488843805299,30052,13762,0,0,0,0
667,233488884117222,27697,12614,0,0,0,0
668,233488924850530,29035,11697,0,0,0,0
669,233488964585222,27598,12136,0,0,0,0
670,233489005445607,28498,12362,0,0,0,0
671,233489048482453,30067,12969,0,0,0,0
672,233489089425607,27933,13009,0,0,0,0
673,233489127925299,26751,11748,0,0,0,0
674,233489175225222,31273,16026,0,0,0,0
675,233489214947761,27233,12489,0,0,0,0
676,233489255882838,30273,10661,0,0,0,0
677,233489294890530,27652,11355,0,0,0,0
678,233489334580684,27005,12684,0,0,0,0
679,233489375584915,27823,13181,0,0,0,0
680,233489420178453,31581,13012,0,0,0,0
681,233489464520684,30892,13449,0,0,0,0
682,233489506444299,30844,11079,0,0,0,0
683,233489547834761,28670,12719,0,0,0,0
684,233489588924068,29460,11629,0,0,0,0
685,233489630690530,29065,12700,0,0,0,0
686,233489671992607,29214,12087,0,0,0,0
687,233489715193607,29123,14077,0,0,0,0
688,233489759084992,28862,15029,0,0,0,0
689,233489797077299,26846,11145,0,0,0,0
690,233489837030145,26143,13809,0,0,0,0
691,233489876578761,27404,12144,0,0,0,0
692,233489921704607,29646,15479,0,0,0,0
693,233489961258530,28540,11013,0,0,0,0
694,233490006452068,34825,10368,0,0,0,0
695,233490049318761,29975,12891,0,0,0,0
696,233490088491068,27032,12140,0,0,0,0
697,233490127835453,27113,12230,0,0,0,0
698,233490169041607,27531,13675,0,0,0,0
699,233490210906761,29012,12852,0,0,0,0
700,233490252449222,29078,12463,0,0,0,0
701,233490294575684,28623,13503,0,0,0,0
702,233490337342530,29577,13189,0,0,0,0
703,233490378835145,30112,11379,0,0,0,0
704,233490425487453,33083,13568,0,0,0,0
705,233490469510838,30028,13994,0,0,0,0
706,233490514142838,29253,15378,0,0,0,0
707,233490555815684,28857,12815,0,0,0,0
708,233490597679453,31537,10326,0,0,0,0
709,233490635761222,27153,10928,0,0,0,0
710,233490677481530,29618,12101,0,0,0,0
711,233490721925299,28566,15877,0,0,0,0
712,233490761916607,28513,11477,0,0,0,0
713,233490800831145,27679,11235,0,0,0,0
714,233490840402453,28064,11507,0,0,0,0
715,233490884388684,28706,15279,0,0,0,0
716,233490924383761,27993,12002,0,0,0,0
717,233490968986530,29784,14818,0,0,0,0
718,233491012225607,29684,13555,0,0,0,0
719,233491054264684,29701,12338,0,0,0,0
720,233491099057222,27451,17341,0,0,0,0
721,233491142476069,29273,14145,0,0,0,0
722,233491181457299,26509,12471,0,0,0,0
723,233491217772376,26047,10267,0,0,0,0
724,233491259115145,28174,13168,0,0,0,0
725,233491302691069,29596,13979,0,0,0,0
726,233491340909299,27416,10802,0,0,0,0
727,233491386135145,27526,17699,0,0,0,0
728,233491426372299,28802,11434,0,0,0,0
729,233491468153222,29305,12475,0,0,0,0
730,233491509046222,28354,12538,0,0,0,0
731,233491550782761,28871,12864,0,0,0,0
732,233491593296992,27540,14974,0,0,0,0
733,233491635980607,29989,12694,0,0,0,0
734,233491674524299,27435,11108,0,0,0,0
735,233491713918146,27850,11543,0,0,0,0
736,233491752959761,28732,10309,0,0,0,0
737,233491799916607,31813,15143,0,0,0,0
738,233491844654530,27874,16863,0,0,0,0
739,233491888180376,31441,12084,0,0,0,0
740,233491931583684,28491,14912,0,0,0,0
741,233491980356376,36648,12124,0,0,0,0
742,233492035494838,36076,19063,0,0,0,0
743,233492080698761,28377,16826,0,0,0,0
744,233492118879376,26737,11443,0,0,0,0
745,233492160620915,29365,12375,0,0,0,0
746,233492201792376,28441,12730,0,0,0,0
747,233492239923684,26295,11835,0,0,0,0
748,233492282849222,30251,12674,0,0,0,0
749,233492324933915,29415,12669,0,0,0,0
750,233492369816992,30227,14655,0,0,0,0
751,233492407857915,26774,11266,0,0,0,0
752,233492444343453,26129,10356,0,0,0,0
753,233492485127069,28926,11857,0,0,0,0
754,233492526220915,30143,10950,0,0,0,0
755,233492572801299,34249,12331,0,0,0,0
756,233492623270761,34123,16346,0,0,0,0
757,233492664107069,27503,13332,0,0,0,0
758,233492702373222,27911,10354,0,0,0,0
759,233492742529530,28011,12144,0,0,0,0
760,233492785760376,27313,15917,0,0,0,0
761,233492823782453,27879,10142,0,0,0,0
762,233492863984607,28622,11580,0,0,0,0
763,233492904755684,29781,10989,0,0,0,0
764,233492943788684,28538,10494,0,0,0,0
765,233492981477607,27081,10607,0,0,0,0
766,233493021816299,28105,12233,0,0,0,0
767,233493060366223,27173,11376,0,0,0,0
768,233493102296992,29410,12520,0,0,0,0
769,233493141388299,27412,11678,0,0,0,0
770,233493182792376,29197,12206,0,0,0,0
771,233493224461838,29671,11998,0,0,0,0
772,233493266533915,28896,13176,0,0,0,0
773,233493306525607,28022,11969,0,0,0,0
774,233493345444915,27784,11135,0,0,0,0
775,233493390718838,28093,17180,0,0,0,0
776,233493431926146,28230,12976,0,0,0,0
777,233493471052992,26013,13113,0,0,0,0
778,233493515025530,31544,12427,0,0,0,0
779,233493554665838,27658,11981,0,0,0,0
780,233493594940376,28450,11823,0,0,0,0
781,233493636156376,30282,10933,0,0,0,0
782,233493676184299,27220,12807,0,0,0,0
783,233493718204915,30279,11740,0,0,0,0
784,233493757988376,28480,11303,0,0,0,0
785,233493803333223,30477,14867,0,0,0,0
786,233493843475376,27843,12298,0,0,0,0
787,233493882487453,28182,10829,0,0,0,0
788,233493922425838,28548,11389,0,0,0,0
789,233493961843069,27277,12139,0,0,0,0
790,233494001591761,28528,11221,0,0,0,0
791,233494047549838,28303,17655,0,0,0,0
792,233494089985530,29840,12595,0,0,0,0
793,233494132458838,27910,14563,0,0,0,0
794,233494173439992,29323,11657,0,0,0,0
795,233494218963146,28544,16979,0,0,0,0
796,233494260613530,29258,12392,0,0,0,0
797,233494301997838,28312,13072,0,0,0,0
798,233494344334838,29359,12977,0,0,0,0
799,233494385433915,27309,13789,0,0,0,0
800,233494425864915,29546,10884,0,0,0,0
801,233494465761838,27599,12297,0,0,0,0
802,233494503388376,27259,10366,0,0,0,0
803,233494541983453,27341,11253,0,0,0,0
804,233494585052607,30671,12397,0,0,0,0
805,233494623363992,27847,10464,0,0,0,0
806,233494661831992,27582,10885,0,0,0,0
807,233494702964915,26040,15092,0,0,0,0
808,233494744468607,28994,12509,0,0,0,0
809,233494783163376,28555,10139,0,0,0,0
810,233494827572376,30592,13816,0,0,0,0
811,233494867972069,29911,10488,0,0,0,0
812,233494908670146,29160,11537,0,0,0,0
813,233494948855761,29023,11162,0,0,0,0
814,233494986440300,26730,10853,0,0,0,0
815,233495025452069,27842,11170,0,0,0,0
816,233495065447453,29114,10880,0,0,0,0
817,233495113855146,31630,16777,0,0,0,0
818,233495157241607,31491,11894,0,0,0,0
819,233495194545915,27120,10184,0,0,0,0
820,233495234072684,27978,11548,0,0,0,0
821,233495274042761,28678,11291,0,0,0,0
822,233495315202761,27607,13552,0,0,0,0
823,233495355939992,28255,12482,0,0,0,0
824,233495393113530,26736,10437,0,0,0,0
825,233495432920992,29338,10468,0,0,0,0
826,233495474373223,29703,11748,0,0,0,0
827,233495512879377,27947,10558,0,0,0,0
828,233495551903684,26640,12384,0,0,0,0
829,233495592969223,29388,11677,0,0,0,0
830,233495634562838,29724,11869,0,0,0,0
831,233495675565838,28539,12463,0,0,0,0
832,233495714079377,28108,10405,0,0,0,0
833,233495750224915,25896,10248,0,0,0,0
834,233495788586223,28054,10307,0,0,0,0
835,233495829623761,27416,13621,0,0,0,0
836,233495869275761,28979,10672,0,0,0,0
837,233495910283069,27988,13019,0,0,0,0
838,233495949564377,27802,11479,0,0,0,0
839,233495993590530,30016,14009,0,0,0,0
840,233496035453223,28184,13678,0,0,0,0
841,233496074154223,27256,11444,0,0,0,0
842,233496117286453,30886,12246,0,0,0,0
843,233496160156377,29607,13262,0,0,0,0
844,233496201438761,29737,11544,0,0,0,0
845,233496243393915,29497,12457,0,0,0,0
846,233496285497838,29798,12305,0,0,0,0
847,233496324881300,28472,10911,0,0,0,0
848,233496365430530,28723,11825,0,0,0,0
849,233496407098530,28871,12796,0,0,0,0
850,233496447585530,29560,10926,0,0,0,0
851,233496486568684,27906,11076,0,0,0,0
852,233496526918453,28916,11432,0,0,0,0
853,233496567904069,27020,13964,0,0,0,0
854,233496606799453,27824,11070,0,0,0,0
855,233496648414761,28790,12824,0,0,0,0
856,233496689152377,29040,11697,0,0,0,0
857,233496729041530,28783,11105,0,0,0,0
858,233496772795377,30485,13268,0,0,0,0
859,233496818838146,28329,17713,0,0,0,0
860,233496863975377,31709,13427,0,0,0,0
861,233496904178454,28022,12181,0,0,0,0
862,233496944870761,29964,10728,0,0,0,0
863,233496990425915,28618,16936,0,0,0,0
864,233497030003992,28920,10658,0,0,0,0
865,233497077951069,29548,18399,0,0,0,0
866,233497117752607,26820,12981,0,0,0,0
867,233497158697530,29020,11924,0,0,0,0
868,233497198622146,28620,11304,0,0,0,0
869,233497239455684,28805,12028,0,0,0,0
870,233497277914146,27939,10519,0,0,0,0
871,233497318526838,27655,12957,0,0,0,0
872,233497356237915,27596,10115,0,0,0,0
873,233497395413838,27977,11198,0,0,0,0
874,233497433422838,28079,9929,0,0,0,0
875,233497474408992,27492,13493,0,0,0,0
876,233497517130454,31068,11652,0,0,0,0
877,233497557375684,28181,12063,0,0,0,0
878,233497600785838,27738,15672,0,0,0,0
879,233497643528684,29355,13387,0,0,0,0
880,233497685206761,29303,12375,0,0,0,0
881,233497723744684,27448,11089,0,0,0,0
882,233497766425838,29391,13289,0,0,0,0
883,233497808247377,28860,12961,0,0,0,0
884,233497850652992,29355,13050,0,0,0,0
885,233497892813607,29748,12412,0,0,0,0
886,233497933542454,27971,12757,0,0,0,0
887,233497975764607,29916,12305,0,0,0,0
888,233498016339684,27413,13162,0,0,0,0
889,233498058688377,29616,12732,0,0,0,0
890,233498098950454,27474,12787,0,0,0,0
891,233498139578531,29916,10711,0,0,0,0
892,233498178730223,26734,12417,0,0,0,0
893,233498220436300,29073,12632,0,0,0,0
894,233498257500915,27058,10006,0,0,0,0
895,233498297517531,29185,10830,0,0,0,0
896,233498338483684,27890,13076,0,0,0,0
897,233498377507069,27163,11860,0,0,0,0
898,233498415105607,26377,11221,0,0,0,0
899,233498450046146,24553,10387,0,0,0,0
900,233498484974531,26708,8219,0,0,0,0
901,233498521935992,26387,10574,0,0,0,0
902,233498560927377,27889,11101,0,0,0,0
903,233498598846761,27080,10839,0,0,0,0
904,233498640832069,30856,11129,0,0,0,0
905,233498682352684,27998,13522,0,0,0,0
906,233498722850531,28134,12363,0,0,0,0
907,233498760774531,27765,10158,0,0,0,0
908,233498800232377,28969,10488,0,0,0,0
909,233498840806531,28550,12023,0,0,0,0
910,233498882034454,30588,10639,0,0,0,0
911,233498923425531,30241,11149,0,0,0,0
912,233498964131146,28153,12551,0,0,0,0
913,233499003557300,27206,12220,0,0,0,0
914,233499044955992,29314,12084,0,0,0,0
915,233499081834838,26397,10481,0,0,0,0
916,233499122207454,30126,10246,0,0,0,0
917,233499161191377,28729,10254,0,0,0,0
918,233499201952915,30675,10085,0,0,0,0
919,233499245193607,27508,15732,0,0,0,0
920,233499285686531,28646,11846,0,0,0,0
921,233499326448607,28449,12312,0,0,0,0
922,233499368914761,30200,12265,0,0,0,0
923,233499412236300,28927,14393,0,0,0,0
924,233499456207069,32500,11469,0,0,0,0
925,233499500490761,29497,14785,0,0,0,0
926,233499548414531,28445,19478,0,0,0,0
927,233499590878223,28900,13563,0,0,0,0
928,233499634033531,29561,13593,0,0,0,0
929,233499680570838,29188,17349,0,0,0,0
930,233499720241838,28672,10998,0,0,0,0
931,233499761233915,29360,11631,0,0,0,0
932,233499805983454,32243,12505,0,0,0,0
933,233499848687761,30061,12642,0,0,0,0
934,233499891861300,31482,11690,0,0,0,0
935,233499933660069,29448,12350,0,0,0,0
936,233499974040684,27521,12858,0,0,0,0
937,233500015736069,30693,11002,0,0,0,0
938,233500054932684,27960,11235,0,0,0,0
939,233500094613608,26770,12910,0,0,0,0
940,233500135553915,28468,12471,0,0,0,0
941,233500173334531,27286,10494,0,0,0,0
942,233500212872992,27333,12205,0,0,0,0
943,233500253258531,29089,11296,0,0,0,0
944,233500294972684,30130,11583,0,0,0,0
945,233500336461915,28809,12680,0,0,0,0
946,233500377094531,28250,12381,0,0,0,0
947,233500416780377,28485,11200,0,0,0,0
948,233500456140915,27889,11471,0,0,0,0
949,233500496686531,26077,14467,0,0,0,0
950,233500539554454,29866,13001,0,0,0,0
951,233500578120608,27699,10866,0,0,0,0
952,233500619553915,29199,12234,0,0,0,0
953,233500660328685,29486,11288,0,0,0,0
954,233500697738761,26784,10625,0,0,0,0
955,233500739278223,29337,12201,0,0,0,0
956,233500776352069,25771,11302,0,0,0,0
957,233500816426454,27540,12533,0,0,0,0
958,233500857343454,28168,12749,0,0,0,0
959,233500896951146,29848,9759,0,0,0,0
960,233500937195069,29207,11036,0,0,0,0
961,233500974980608,26521,11264,0,0,0,0
962,233501015949531,28961,12008,0,0,0,0
963,233501058490531,27629,14911,0,0,0,0
964,233501097680685,27546,11643,0,0,0,0
965,233501140624069,29700,13243,0,0,0,0
966,233501180098531,28406,11068,0,0,0,0
967,233501217011069,27171,9741,0,0,0,0
968,233501257771069,28389,12370,0,0,0,0
969,233501306911069,35989,13150,0,0,0,0
970,233501344220992,27022,10287,0,0,0,0
971,233501383451761,28449,10781,0,0,0,0
972,233501423829838,28467,11910,0,0,0,0
973,233501469278223,31597,13851,0,0,0,0
974,233501508669531,29502,9889,0,0,0,0
975,233501551100377,30603,11827,0,0,0,0
976,233501590398838,27525,11772,0,0,0,0
977,233501631623685,27235,13989,0,0,0,0
978,233501674412685,27480,15308,0,0,0,0
979,233501718090761,29410,14267,0,0,0,0
980,233501758292069,28124,12076,0,0,0,0
981,233501804780992,29136,17352,0,0,0,0
982,233501847311454,28920,13610,0,0,0,0
983,233501891453608,32939,11202,0,0,0,0
984,233501930726223,27341,11930,0,0,0,0
985,233501975732992,28365,16641,0,0,0,0
986,233502018140992,30459,11949,0,0,0,0
987,233502057795146,28071,11583,0,0,0,0
988,233502098878146,28967,12115,0,0,0,0
989,233502139748992,29913,10957,0,0,0,0
990,233502178302146,28203,10349,0,0,0,0
991,233502220601300,27967,14331,0,0,0,0
992,233502263345915,29217,13526,0,0,0,0
993,233502308621300,29544,15731,0,0,0,0
994,233502350849608,29386,12842,0,0,0,0
995,233502390542223,27609,12083,0,0,0,0
996,233502431922762,29907,11473,0,0,0,0
997,233502474721915,29060,13738,0,0,0,0
998,233502517508377,29834,12951,0,0,0,0
999,233502560736915,29778,13450,0,0,0,0
1000,233502602298146,28062,13498,0,0,0,0
1001,233502645084915,28359,14426,0,0,0,0
1002,233502688867454,29081,14701,0,0,0,0
1003,233502732759146,30147,13744,0,0,0,0
1004,233502775359377,29212,13387,0,0,0,0
1005,233502820735377,31634,13741,0,0,0,0
1006,233502861943685,28336,12872,0,0,0,0
1007,233502901483685,29337,10202,0,0,0,0
1008,233502941824992,28746,11594,0,0,0,0
1009,233502984411992,29958,12628,0,0,0,0
1010,233503024311069,27597,12302,0,0,0,0
1011,233503065996069,30396,11288,0,0,0,0
1012,233503107347377,28663,12688,0,0,0,0
1013,233503147430531,28557,11525,0,0,0,0
1014,233503189170762,30448,11292,0,0,0,0
1015,233503232667992,32055,11442,0,0,0,0
1016,233503277669839,28382,16619,0,0,0,0
1017,233503317081223,28308,11102,0,0,0,0
1018,233503358192300,28326,12784,0,0,0,0
1019,233503399731992,28801,12738,0,0,0,0
1020,233503441487762,28722,13033,0,0,0,0
1021,233503483743146,28970,13284,0,0,0,0
1022,233503524335992,29016,11575,0,0,0,0
1023,233503569301839,30949,14016,0,0,0,0
1024,233503608675454,28966,10407,0,0,0,0
1025,233503650615762,28626,13313,0,0,0,0
1026,233503693945223,31112,12216,0,0,0,0
1027,233503734849300,26340,14563,0,0,0,0
1028,233503775073223,29589,10634,0,0,0,0
1029,233503816985608,30171,11740,0,0,0,0
1030,233503857730454,28015,12729,0,0,0,0
1031,233503901672915,31102,12840,0,0,0,0
1032,233503948172685,35626,10873,0,0,0,0
1033,233503994638531,32446,14019,0,0,0,0
1034,233504043732992,31169,17925,0,0,0,0
1035,233504089360069,29677,15949,0,0,0,0
1036,233504142219377,32184,20675,0,0,0,0
1037,233504181500685,27938,11342,0,0,0,0
1038,233504221158839,27364,12293,0,0,0,0
1039,233504260909839,26594,13156,0,0,0,0
1040,233504303336300,28977,13448,0,0,0,0
1041,233504347208915,32024,11848,0,0,0,0
1042,233504391794223,32311,12273,0,0,0,0
1043,233504434877531,28448,14635,0,0,0,0
1044,233504478182531,28830,14474,0,0,0,0
1045,233504519234223,28691,12359,0,0,0,0
1046,233504560757608,29828,11695,0,0,0,0
1047,233504601140069,26931,13451,0,0,0,0
1048,233504645071146,29916,14014,0,0,0,0
1049,233504685531685,29101,11359,0,0,0,0
1050,233504728185531,27958,14695,0,0,0,0
1051,233504770256608,28654,13416,0,0,0,0
1052,233504809959685,29721,9981,0,0,0,0
1053,233504848998146,28581,10456,0,0,0,0
1054,233504895049839,30938,15113,0,0,0,0
1055,233504944747992,33590,16107,0,0,0,0
1056,233504984579685,28622,11209,0,0,0,0
1057,233505024884069,27631,12673,0,0,0,0
1058,233505066619146,28677,13058,0,0,0,0
1059,233505106741839,26813,13308,0,0,0,0
1060,233505143462762,26843,9877,0,0,0,0
1061,233505183741223,27212,13066,0,0,0,0
1062,233505224890531,28990,12158,0,0,0,0
1063,233505264791069,26826,13074,0,0,0,0
1064,233505301108377,25878,10439,0,0,0,0
1065,233505339873300,27987,10777,0,0,0,0
1066,233505377557223,26156,11527,0,0,0,0
1067,233505416628992,26951,12120,0,0,0,0
1068,233505457667685,28503,12534,0,0,0,0
1069,233505494956685,26024,11264,0,0,0,0
1070,233505535648608,29182,11509,0,0,0,0
1071,233505574675377,27534,11492,0,0,0,0
1072,233505613982531,27724,11582,0,0,0,0
1073,233505653115992,26855,12277,0,0,0,0
1074,233505694642454,27031,14494,0,0,0,0
1075,233505730870839,26969,9259,0,0,0,0
1076,233505768168916,27810,9487,0,0,0,0
1077,233505807723454,27351,12203,0,0,0,0
1078,233505843642454,25796,10122,0,0,0,0
1079,233505885074454,28605,12826,0,0,0,0
1080,233505925318531,27867,12376,0,0,0,0
1081,233505967624377,29135,13170,0,0,0,0
1082,233506007626839,28469,11533,0,0,0,0
1083,233506047272300,27030,12615,0,0,0,0
1084,233506086355685,27664,11418,0,0,0,0
1085,233506128980685,28004,14620,0,0,0,0
1086,233506169787146,28999,11807,0,0,0,0
1087,233506211162223,29372,12002,0,0,0,0
1088,233506253191685,30758,11270,0,0,0,0
1089,233506292940685,28280,11469,0,0,0,0
1090,233506332473608,28302,11230,0,0,0,0
1091,233506370831377,27996,10360,0,0,0,0
1092,233506414255069,32382,11041,0,0,0,0
1093,233506454027993,27182,12590,0,0,0,0
1094,233506494999146,30470,10500,0,0,0,0
1095,233506534696993,28231,11466,0,0,0,0
1096,233506573766146,28468,10600,0,0,0,0
1097,233506616239685,29385,13088,0,0,0,0
1098,233506656150146,29010,10900,0,0,0,0
1099,233506693005916,26851,10004,0,0,0,0
1100,233506738764608,35226,10532,0,0,0,0
1101,233506778201300,28429,11007,0,0,0,0
1102,233506824420377,28678,17540,0,0,0,0
1103,233506860656300,26256,9979,0,0,0,0
1104,233506899815993,28230,10929,0,0,0,0
1105,233506939997531,28295,11886,0,0,0,0
1106,233506981454223,29256,12200,0,0,0,0
1107,233507022190531,29948,10788,0,0,0,0
1108,233507065013223,29014,13808,0,0,0,0
1109,233507103015762,26761,11240,0,0,0,0
1110,233507141997531,27742,11239,0,0,0,0
1111,233507182453608,28852,11603,0,0,0,0
1112,233507221401300,28253,10694,0,0,0,0
1113,233507263620300,30026,12192,0,0,0,0
1114,233507303596993,29076,10900,0,0,0,0
1115,233507344944070,29086,12260,0,0,0,0
1116,233507385108608,28966,11198,0,0,0,0
1117,233507425043454,29334,10600,0,0,0,0
1118,233507468178454,30150,12984,0,0,0,0
1119,233507508428070,28430,11819,0,0,0,0
1120,233507550393300,30084,11880,0,0,0,0
1121,233507589946531,27417,12135,0,0,0,0
1122,233507632259377,30416,11895,0,0,0,0
1123,233507673242762,27384,13598,0,0,0,0
1124,233507716937916,28782,14912,0,0,0,0
1125,233507765020608,33366,14716,0,0,0,0
1126,233507804825839,27859,11946,0,0,0,0
1127,233507846670762,29912,11932,0,0,0,0
1128,233507886144377,27286,12186,0,0,0,0
1129,233507925285839,27511,11630,0,0,0,0
1130,233507967776685,28263,14227,0,0,0,0
1131,233508008838223,27777,13285,0,0,0,0
1132,233508052453839,31018,12597,0,0,0,0
1133,233508092633839,28764,11415,0,0,0,0
1134,233508135390762,29049,13707,0,0,0,0
1135,233508177716993,29255,13070,0,0,0,0
1136,233508218972300,28186,13068,0,0,0,0
1137,233508260957223,29399,12585,0,0,0,0
1138,233508307119993,31549,14613,0,0,0,0
1139,233508348318839,29423,11775,0,0,0,0
1140,233508385781300,27157,10305,0,0,0,0
1141,233508426446147,28528,12136,0,0,0,0
1142,233508467511377,29288,11776,0,0,0,0
1143,233508510160608,29093,13555,0,0,0,0
1144,233508549935070,28769,11005,0,0,0,0
1145,233508593208300,30741,12531,0,0,0,0
1146,233508633776300,27963,12604,0,0,0,0
1147,233508675343070,28863,12702,0,0,0,0
1148,233508716439070,29709,11386,0,0,0,0
1149,233508758225916,29169,12617,0,0,0,0
1150,233508799720377,28812,12681,0,0,0,0
1151,233508842465223,29309,13435,0,0,0,0
1152,233508885969531,29686,13818,0,0,0,0
1153,233508927170762,29172,12028,0,0,0,0
1154,233508967264300,27271,12821,0,0,0,0
1155,233509011357839,30460,13634,0,0,0,0
1156,233509055619377,27185,17075,0,0,0,0
1157,233509096849223,25874,15355,0,0,0,0
1158,233509139045223,28953,13242,0,0,0,0
1159,233509179742147,27984,12712,0,0,0,0
1160,233509222076685,29773,12560,0,0,0,0
1161,233509262025223,28156,11791,0,0,0,0
1162,233509307020377,29378,15616,0,0,0,0
1163,233509347831454,29573,11237,0,0,0,0
1164,233509388916070,29309,11775,0,0,0,0
1165,233509428135377,27559,11659,0,0,0,0
1166,233509469945608,27488,14321,0,0,0,0
1167,233509511512300,28547,13019,0,0,0,0
1168,233509553210839,28523,13175,0,0,0,0
1169,233509595464070,27587,14665,0,0,0,0
1170,233509640789531,31371,13953,0,0,0,0
1171,233509681565608,28306,12469,0,0,0,0
1172,233509723362839,28632,13164,0,0,0,0
1173,233509765974531,30560,12050,0,0,0,0
1174,233509807456070,27840,13641,0,0,0,0
1175,233509857553839,29926,20171,0,0,0,0
1176,233509900577300,27677,15345,0,0,0,0
1177,233509943605916,29257,13771,0,0,0,0
1178,233509984241916,27047,13588,0,0,0,0
1179,233510026352300,29800,12311,0,0,0,0
1180,233510068301608,29649,12299,0,0,0,0
1181,233510108288916,29104,10882,0,0,0,0
1182,233510149967685,28529,13148,0,0,0,0
1183,233510189828993,27294,12566,0,0,0,0
1184,233510234263762,31479,12955,0,0,0,0
1185,233510277234839,28569,14401,0,0,0,0
1186,233510317102454,28103,11764,0,0,0,0
1187,233510359895070,30864,11927,0,0,0,0
1188,233510401190224,29372,11923,0,0,0,0
1189,233510441176300,29216,10769,0,0,0,0
1190,233510483080300,28644,13259,0,0,0,0
1191,233510525137531,28417,13639,0,0,0,0
1192,233510565286147,27836,12311,0,0,0,0
1193,233510605784608,28695,11803,0,0,0,0
1194,233510647501916,27819,13897,0,0,0,0
1195,233510688121839,29365,11254,0,0,0,0
1196,233510738382839,27553,22707,0,0,0,0
1197,233510780112993,27827,13903,0,0,0,0
1198,233510822484685,29336,13035,0,0,0,0
1199,233510861453300,28064,10904,0,0,0,0
1200,233510900593916,27940,11200,0,0,0,0
1201,233510941584608,29443,11547,0,0,0,0
1202,233510982124608,27741,12798,0,0,0,0
1203,233511021365531,27918,11323,0,0,0,0
1204,233511061516377,27370,12780,0,0,0,0
1205,233511103341839,29350,12475,0,0,0,0
1206,233511144705531,28924,12439,0,0,0,0
1207,233511184395454,28599,11090,0,0,0,0
1208,233511227971147,28402,15173,0,0,0,0
1209,233511271302839,29824,13507,0,0,0,0
1210,233511310623147,27690,11629,0,0,0,0
1211,233511351448301,29871,10953,0,0,0,0
1212,233511390245224,27363,11433,0,0,0,0
1213,233511426017301,26119,9652,0,0,0,0
1214,233511468267685,28679,13571,0,0,0,0
1215,233511507159762,29325,9566,0,0,0,0
1216,233511545042762,27449,10433,0,0,0,0
1217,233511583014762,27574,10397,0,0,0,0
1218,233511627596377,30381,14200,0,0,0,0
1219,233511672947454,32390,12960,0,0,0,0
1220,233511713702839,29314,11440,0,0,0,0
1221,233511757902839,29049,15150,0,0,0,0
1222,233511801995070,30804,13287,0,0,0,0
1223,233511843024993,29037,11992,0,0,0,0
1224,233511886889301,30014,13850,0,0,0,0
1225,233511927219147,29812,10517,0,0,0,0
1226,233511969545224,29151,13174,0,0,0,0
1227,233512013859685,30913,13401,0,0,0,0
1228,233512060890531,30169,16861,0,0,0,0
1229,233512100944608,28023,12030,0,0,0,0
1230,233512148146454,33404,13797,0,0,0,0
1231,233512203396993,35024,20225,0,0,0,0
1232,233512245702762,28273,14031,0,0,0,0
1233,233512282608993,26671,10234,0,0,0,0
1234,233512320653608,25900,12144,0,0,0,0
1235,233512364117608,30678,12785,0,0,0,0
1236,233512406512608,30035,12359,0,0,0,0
1237,233512446884301,28002,12369,0,0,0,0
1238,233512489598762,29371,13342,0,0,0,0
1239,233512531820685,29557,12664,0,0,0,0
1240,233512572519147,27203,13495,0,0,0,0
1241,233512614544070,30185,11839,0,0,0,0
1242,233512656150454,29203,12402,0,0,0,0
1243,233512695240378,27397,11692,0,0,0,0
1244,233512735120685,27576,12303,0,0,0,0
1245,233512780957224,33980,11855,0,0,0,0
1246,233512824452685,29275,14219,0,0,0,0
1247,233512866041608,27983,13605,0,0,0,0
1248,233512906829916,29778,11010,0,0,0,0
1249,233512947461301,29020,11611,0,0,0,0
1250,233512991653916,32005,12186,0,0,0,0
1251,233513031778762,28452,11673,0,0,0,0
1252,233513076905839,28149,16977,0,0,0,0
1253,233513117960608,27341,13713,0,0,0,0
1254,233513159568378,27805,13802,0,0,0,0
1255,233513203990224,30535,13886,0,0,0,0
1256,233513246424301,29680,12753,0,0,0,0
1257,233513287891378,27919,13547,0,0,0,0
1258,233513335553608,32543,15118,0,0,0,0
1259,233513378653531,29139,13960,0,0,0,0
1260,233513420474454,29668,12152,0,0,0,0
1261,233513461231147,27885,12871,0,0,0,0
1262,233513502851070,29073,12546,0,0,0,0
1263,233513549272608,29062,17358,0,0,0,0
1264,233513590511993,27727,13512,0,0,0,0
1265,233513631484685,28321,12651,0,0,0,0
1266,233513673075070,27451,14138,0,0,0,0
1267,233513716637608,27384,16178,0,0,0,0
1268,233513756878762,27950,12290,0,0,0,0
1269,233513801892070,30997,14016,0,0,0,0
1270,233513842993839,27602,13499,0,0,0,0
1271,233513884862531,29851,12017,0,0,0,0
1272,233513929091070,29161,15066,0,0,0,0
1273,233513969243378,27386,12766,0,0,0,0
1274,233514014655070,28035,17377,0,0,0,0
1275,233514059495993,29450,15390,0,0,0,0
1276,233514100951070,29331,12123,0,0,0,0
1277,233514148172378,29174,18047,0,0,0,0
1278,233514193155993,28890,16092,0,0,0,0
1279,233514237545301,31606,12783,0,0,0,0
1280,233514278575378,27532,13498,0,0,0,0
1281,233514322752993,29554,14623,0,0,0,0
1282,233514368071070,30007,15310,0,0,0,0
1283,233514410333839,28825,13437,0,0,0,0
1284,233514454913608,29561,15018,0,0,0,0
1285,233514498622531,30872,12836,0,0,0,0
1286,233514541700608,30241,12836,0,0,0,0
1287,233514584886839,28662,14523,0,0,0,0
1288,233514625991070,30765,10338,0,0,0,0
1289,233514667879993,29132,12756,0,0,0,0
1290,233514709216378,29952,11383,0,0,0,0
1291,233514751525224,29758,12550,0,0,0,0
1292,233514792921839,29846,11549,0,0,0,0
1293,233514834599993,27940,13737,0,0,0,0
1294,233514876340301,27145,14594,0,0,0,0
1295,233514919030532,29397,13293,0,0,0,0
1296,233514964097839,31053,14013,0,0,0,0
1297,233515006544378,27990,14457,0,0,0,0
1298,233515051436916,31210,13682,0,0,0,0
1299,233515093364378,28996,12930,0,0,0,0
1300,233515138357224,29561,15431,0,0,0,0
1301,233515178786532,27220,13209,0,0,0,0
1302,233515223374839,30314,14274,0,0,0,0
1303,233515267281532,30665,13241,0,0,0,0
1304,233515308649532,27907,13460,0,0,0,0
1305,233515349143147,27977,12515,0,0,0,0
1306,233515400104378,38925,12035,0,0,0,0
1307,233515440600070,27657,12838,0,0,0,0
1308,233515480962147,27230,13131,0,0,0,0
1309,233515522743070,31084,10696,0,0,0,0
1310,233515564447455,29395,12309,0,0,0,0
1311,233515606351762,28217,13687,0,0,0,0
1312,233515653337608,33792,13193,0,0,0,0
1313,233515694450762,28294,12818,0,0,0,0
1314,233515735429916,28673,12305,0,0,0,0
1315,233515778185532,27144,15611,0,0,0,0
1316,233515818388916,27815,12387,0,0,0,0
1317,233515858804378,27435,12980,0,0,0,0
1318,233515898412916,28023,11584,0,0,0,0
1319,233515941347993,28191,14743,0,0,0,0
1320,233515984508608,29984,13176,0,0,0,0
1321,233516027461839,29369,13584,0,0,0,0
1322,233516068057532,28757,11838,0,0,0,0
1323,233516108979455,28192,12729,0,0,0,0
1324,233516149418839,28146,12293,0,0,0,0
1325,233516189922455,27629,12874,0,0,0,0
1326,233516232414839,29404,13087,0,0,0,0
1327,233516273367147,29378,11573,0,0,0,0
1328,233516318657224,30391,14898,0,0,0,0
1329,233516358707147,25997,14052,0,0,0,0
1330,233516403319147,30541,14070,0,0,0,0
1331,233516445329916,28660,13350,0,0,0,0
1332,233516484910762,28839,10741,0,0,0,0
1333,233516525254839,28039,12304,0,0,0,0
1334,233516568796685,32123,11418,0,0,0,0
1335,233516611761532,28991,13973,0,0,0,0
1336,233516653797916,29644,12391,0,0,0,0
1337,233516696817916,27673,15347,0,0,0,0
1338,233516737649301,29707,11124,0,0,0,0
1339,233516780828916,28650,14529,0,0,0,0
1340,233516821972070,28905,12237,0,0,0,0
1341,233516861488993,28558,10958,0,0,0,0
1342,233516900617532,28435,10693,0,0,0,0
1343,233516943669532,29439,13612,0,0,0,0
1344,233516983543070,28351,11522,0,0,0,0
1345,233517024465839,28230,12693,0,0,0,0
1346,233517065656993,28920,12270,0,0,0,0
1347,233517109512609,29273,14582,0,0,0,0
1348,233517151903147,30664,11726,0,0,0,0
1349,233517192996609,27731,13361,0,0,0,0
1350,233517234215685,28417,12801,0,0,0,0
1351,233517275389301,28867,12306,0,0,0,0
1352,233517318643070,30498,12755,0,0,0,0
1353,233517357873224,27744,11486,0,0,0,0
1354,233517398935378,29062,11999,0,0,0,0
1355,233517442642532,28236,15470,0,0,0,0
1356,233517489163147,35172,11348,0,0,0,0
1357,233517531139147,30094,11881,0,0,0,0
1358,233517569864993,27936,10789,0,0,0,0
1359,233517617221839,30903,16453,0,0,0,0
1360,233517665353532,31416,16715,0,0,0,0
1361,233517706176993,28612,12211,0,0,0,0
1362,233517745395762,27951,11267,0,0,0,0
1363,233517784599070,27542,11661,0,0,0,0
1364,233517825568993,29644,11325,0,0,0,0
1365,233517865015993,27772,11674,0,0,0,0
1366,233517910330147,32070,13244,0,0,0,0
1367,233517949006147,27795,10881,0,0,0,0
1368,233517988412378,28297,11108,0,0,0,0
1369,233518027677839,27833,11433,0,0,0,0
1370,233518071023455,29943,13402,0,0,0,0
1371,233518113333301,28420,13888,0,0,0,0
1372,233518156760686,29888,13539,0,0,0,0
1373,233518193497301,26922,9813,0,0,0,0
1374,233518233298147,28318,11482,0,0,0,0
1375,233518272168686,26946,11924,0,0,0,0
1376,233518308685224,26885,9630,0,0,0,0
1377,233518349503762,27241,13577,0,0,0,0
1378,233518390000378,29290,11206,0,0,0,0
1379,233518432508686,29797,12711,0,0,0,0
1380,233518479263993,30708,16046,0,0,0,0
1381,233518519713224,28438,12010,0,0,0,0
1382,233518557437224,26744,10979,0,0,0,0
1383,233518596666839,27441,11787,0,0,0,0
1384,233518636578455,28878,11033,0,0,0,0
1385,233518677544301,27209,13756,0,0,0,0
1386,233518717018455,28265,11208,0,0,0,0
1387,233518755820301,27112,11689,0,0,0,0
1388,233518795083763,27838,11425,0,0,0,0
1389,233518834653839,27987,11582,0,0,0,0
1390,233518875712993,27369,13689,0,0,0,0
1391,233518914641916,27823,11105,0,0,0,0
1392,233518956816686,29509,12665,0,0,0,0
1393,233518999475147,28444,14213,0,0,0,0
1394,233519042724070,29278,13971,0,0,0,0
1395,233519085432916,27898,14810,0,0,0,0
1396,233519128478147,30124,12920,0,0,0,0
1397,233519170537839,29944,12115,0,0,0,0
1398,233519208455763,27680,10237,0,0,0,0
1399,233519250769224,30127,12185,0,0,0,0
1400,233519293425532,28779,13877,0,0,0,0
1401,233519334239763,28498,12316,0,0,0,0
1402,233519374172301,27594,12338,0,0,0,0
1403,233519415366532,29536,11657,0,0,0,0
1404,233519456532609,29084,12081,0,0,0,0
1405,233519497918224,28221,13164,0,0,0,0
1406,233519537872070,28937,11016,0,0,0,0
1407,233519577142839,28224,11045,0,0,0,0
1408,233519616731455,28188,11400,0,0,0,0
1409,233519660446224,29437,14277,0,0,0,0
1410,233519700283993,28213,11624,0,0,0,0
1411,233519748268686,28437,19547,0,0,0,0
1412,233519792521609,29430,14822,0,0,0,0
1413,233519839494839,30563,16409,0,0,0,0
1414,233519881639147,31504,10639,0,0,0,0
1415,233519929752301,32192,15920,0,0,0,0
1416,233519969183147,26791,12639,0,0,0,0
1417,233520010559147,28112,13264,0,0,0,0
1418,233520049202532,27190,11453,0,0,0,0
1419,233520091030840,31287,10541,0,0,0,0
1420,233520131804686,28737,12036,0,0,0,0
1421,233520174162840,32277,10080,0,0,0,0
1422,233520215955147,29458,12334,0,0,0,0
1423,233520256291378,28062,12274,0,0,0,0
1424,233520297667378,28445,12930,0,0,0,0
1425,233520335059378,27432,9960,0,0,0,0
1426,233520375393840,29722,10611,0,0,0,0
1427,233520415332916,29087,10851,0,0,0,0
1428,233520452660070,26943,10383,0,0,0,0
1429,233520491745840,28227,10858,0,0,0,0
1430,233520531795070,30030,10018,0,0,0,0
1431,233520574766763,26770,16201,0,0,0,0
1432,233520618718763,28241,15710,0,0,0,0
1433,233520663848916,32573,12556,0,0,0,0
1434,233520705370840,29678,11843,0,0,0,0
1435,233520742868070,27516,9981,0,0,0,0
1436,233520783857224,29145,11843,0,0,0,0
1437,233520825251070,27762,13631,0,0,0,0
1438,233520866382532,28281,12849,0,0,0,0
1439,233520908051455,27898,13770,0,0,0,0
1440,233520952579686,29178,15349,0,0,0,0
1441,233520998641224,30307,15753,0,0,0,0
1442,233521041022147,28595,13786,0,0,0,0
1443,233521085469609,30646,13800,0,0,0,0
1444,233521125280916,28980,10831,0,0,0,0
1445,233521164907993,27678,11948,0,0,0,0
1446,233521208801840,30773,13120,0,0,0,0
1447,233521252639763,31494,12343,0,0,0,0
1448,233521294413609,28386,13387,0,0,0,0
1449,233521333851455,29133,10304,0,0,0,0
1450,233521375344993,28947,12545,0,0,0,0
1451,233521417662763,30681,11636,0,0,0,0
1452,233521457699378,28291,11745,0,0,0,0
1453,233521501819070,28780,15338,0,0,0,0
1454,233521542742455,29348,11575,0,0,0,0
1455,233521583146763,29051,11353,0,0,0,0
1456,233521625359070,30466,11745,0,0,0,0
1457,233521670239147,30291,14588,0,0,0,0
1458,233521711134763,30101,10794,0,0,0,0
1459,233521749463070,27064,11263,0,0,0,0
1460,233521793929917,28701,15765,0,0,0,0
1461,233521836667147,28221,14515,0,0,0,0
1462,233521881737609,33956,11113,0,0,0,0
1463,233521921584917,28402,11444,0,0,0,0
1464,233521958841532,27419,9837,0,0,0,0
1465,233521998903763,28605,11456,0,0,0,0
1466,233522034614840,26138,9573,0,0,0,0
1467,233522078016070,31630,11770,0,0,0,0
1468,233522117352917,29128,10208,0,0,0,0
1469,233522158158840,30026,10779,0,0,0,0
1470,233522197305917,27628,11518,0,0,0,0
1471,233522236365609,27315,11744,0,0,0,0
1472,233522273270532,26092,10812,0,0,0,0
1473,233522310991763,26905,10816,0,0,0,0
1474,233522347855763,27537,9326,0,0,0,0
1475,233522384798455,25793,11149,0,0,0,0
1476,233522424363686,28907,10657,0,0,0,0
1477,233522465990763,27153,14473,0,0,0,0
1478,233522508071378,29755,12325,0,0,0,0
1479,233522544442840,26022,10349,0,0,0,0
1480,233522583468917,26830,12195,0,0,0,0
1481,233522622961917,27989,11504,0,0,0,0
1482,233522661030147,27307,10760,0,0,0,0
1483,233522698695686,26973,10691,0,0,0,0
1484,233522739136301,29796,10643,0,0,0,0
1485,233522776741609,27657,9948,0,0,0,0
1486,233522815999147,27894,11363,0,0,0,0
1487,233522855913301,28281,11632,0,0,0,0
1488,233522893123994,27597,9613,0,0,0,0
1489,233522933117301,29860,10133,0,0,0,0
1490,233522973892378,29084,11690,0,0,0,0
1491,233523012780378,27787,11101,0,0,0,0
1492,233523052627070,28995,10851,0,0,0,0
1493,233523091113301,27359,11126,0,0,0,0
1494,233523131519455,30117,10288,0,0,0,0
1495,233523173019455,29772,11727,0,0,0,0
1496,233523215674147,30630,12024,0,0,0,0
1497,233523258459994,28532,14253,0,0,0,0
1498,233523299288378,28468,12359,0,0,0,0
1499,233523344215686,28574,16352,0,0,0,0
1500,233523385087378,29717,11153,0,0,0,0
1501,233523426874455,30398,11389,0,0,0,0
1502,233523466538224,29012,10651,0,0,0,0
1503,233523509419994,30049,12831,0,0,0,0
1504,233523550439378,29977,11041,0,0,0,0
1505,233523591812378,29370,12002,0,0,0,0
1506,233523634692378,30348,12531,0,0,0,0
1507,233523679522763,31565,13265,0,0,0,0
1508,233523722127763,30838,11766,0,0,0,0
1509,233523762330224,29178,11023,0,0,0,0
1510,233523803510532,28723,12457,0,0,0,0
1511,233523843334455,28644,11179,0,0,0,0
1512,233523889099071,28331,17433,0,0,0,0
1513,233523930532301,29115,12317,0,0,0,0
1514,233523973012994,29742,12738,0,0,0,0
1515,233524018345609,28781,16551,0,0,0,0
1516,233524064894224,29580,16968,0,0,0,0
1517,233524107254224,27440,14919,0,0,0,0
1518,233524149500609,29433,12812,0,0,0,0
1519,233524194527763,30312,14715,0,0,0,0
1520,233524237233301,28067,14638,0,0,0,0
1521,233524276768686,28652,10882,0,0,0,0
1522,233524314384378,27108,10507,0,0,0,0
1523,233524352964071,27634,10945,0,0,0,0
1524,233524393023455,28896,11163,0,0,0,0
1525,233524432554455,28618,10912,0,0,0,0
1526,233524480194224,33030,14609,0,0,0,0
1527,233524523407763,31513,11699,0,0,0,0
1528,233524572857532,34325,15124,0,0,0,0
1529,233524614064609,30094,11112,0,0,0,0
1530,233524653000071,28892,10042,0,0,0,0
1531,233524689830763,26556,10274,0,0,0,0
1532,233524732505840,33985,8689,0,0,0,0
1533,233524785605609,41949,11150,0,0,0,0
1534,233524843931763,41343,16983,0,0,0,0
1535,233524887812609,28662,15218,0,0,0,0
1536,233524926717532,29266,9638,0,0,0,0
1537,233524964932917,28859,9355,0,0,0,0
1538,233525003383071,27115,11335,0,0,0,0
1539,233525045963455,33085,9495,0,0,0,0
1540,233525096648378,38335,12349,0,0,0,0
1541,233525158448301,43301,18498,0,0,0,0
1542,233525203766532,27836,17481,0,0,0,0
1543,233525244951455,31322,9862,0,0,0,0
1544,233525286837917,28770,13116,0,0,0,0
1545,233525324729917,27219,10672,0,0,0,0
1546,233525365915071,29276,11908,0,0,0,0
1547,233525409568686,30851,12802,0,0,0,0
1548,233525448074840,26857,11649,0,0,0,0
1549,233525486717609,28608,10034,0,0,0,0
1550,233525524631763,27232,10682,0,0,0,0
1551,233525563056609,28274,10150,0,0,0,0
1552,233525601468917,28623,9788,0,0,0,0
1553,233525638767148,26822,10475,0,0,0,0
1554,233525681578455,30462,12348,0,0,0,0
1555,233525718454763,27135,9741,0,0,0,0
1556,233525759814532,26672,14687,0,0,0,0
1557,233525801025840,29986,11224,0,0,0,0
1558,233525842651378,29541,12083,0,0,0,0
1559,233525882598840,27532,12415,0,0,0,0
1560,233525923770224,30066,11104,0,0,0,0
1561,233525966447763,32384,10293,0,0,0,0
1562,233526008530148,27892,14190,0,0,0,0
1563,233526049880071,29939,11410,0,0,0,0
1564,233526090789840,27795,13114,0,0,0,0
1565,233526131720917,28358,12572,0,0,0,0
1566,233526170248609,27701,10826,0,0,0,0
1567,233526211956378,29172,12535,0,0,0,0
1568,233526257428378,32621,12851,0,0,0,0
1569,233526299131378,29491,12211,0,0,0,0
1570,233526337628071,27320,11176,0,0,0,0
1571,233526377900378,28340,11931,0,0,0,0
1572,233526416988378,28155,10932,0,0,0,0
1573,233526457134532,28435,11710,0,0,0,0
1574,233526499785301,31479,11171,0,0,0,0
1575,233526540268994,29181,11302,0,0,0,0
1576,233526582084686,30087,11728,0,0,0,0
1577,233526621364301,27841,11437,0,0,0,0
1578,233526659178225,26668,11145,0,0,0,0
1579,233526702078455,31166,11733,0,0,0,0
1580,233526739567994,26313,11176,0,0,0,0
1581,233526780439378,29100,11771,0,0,0,0
1582,233526825546840,30498,14608,0,0,0,0
1583,233526867345225,27453,14345,0,0,0,0
1584,233526910055071,30147,12562,0,0,0,0
1585,233526952072609,28828,13189,0,0,0,0
1586,233526991799455,27515,12211,0,0,0,0
1587,233527034087071,29589,12698,0,0,0,0
1588,233527078567378,29608,14872,0,0,0,0
1589,233527117361532,27872,10921,0,0,0,0
1590,233527157269532,28538,11369,0,0,0,0
1591,233527198811071,30360,11181,0,0,0,0
1592,233527237355148,27750,10793,0,0,0,0
1593,233527275686148,28127,10203,0,0,0,0
1594,233527316987148,28923,12377,0,0,0,0
1595,233527358421609,28865,12569,0,0,0,0
1596,233527401254225,30955,11877,0,0,0,0
1597,233527439034148,27370,10409,0,0,0,0
1598,233527483601840,32228,12339,0,0,0,0
1599,233527525198840,29295,12301,0,0,0,0
1600,233527567272071,30504,11569,0,0,0,0
1601,233527608779994,29064,12443,0,0,0,0
1602,233527649464917,28078,12606,0,0,0,0
1603,233527690870225,30471,10933,0,0,0,0
1604,233527735073609,29456,14747,0,0,0,0
1605,233527774316378,27041,12201,0,0,0,0
1606,233527816117532,28394,13407,0,0,0,0
1607,233527856400609,28996,11287,0,0,0,0
1608,233527898649302,30794,11453,0,0,0,0
1609,233527939100071,26250,14200,0,0,0,0
1610,233527980615686,30580,10935,0,0,0,0
1611,233528019552994,26964,11973,0,0,0,0
1612,233528059562148,28574,11435,0,0,0,0
1613,233528098769302,28597,10609,0,0,0,0
1614,233528136976994,27222,10984,0,0,0,0
1615,233528176617225,27315,12324,0,0,0,0
1616,233528216886148,26928,13340,0,0,0,0
1617,233528256896994,28577,11433,0,0,0,0
1618,233528297941532,28253,12791,0,0,0,0
1619,233528340187763,29864,12381,0,0,0,0
1620,233528381708071,30079,11440,0,0,0,0
1621,233528420343994,27996,10639,0,0,0,0
1622,233528462479378,30249,11885,0,0,0,0
1623,233528503221840,26890,13851,0,0,0,0
1624,233528542254763,27806,11226,0,0,0,0
1625,233528581679994,27665,11760,0,0,0,0
1626,233528622956302,29936,11339,0,0,0,0
1627,233528679280302,31127,25196,0,0,0,0
1628,233528722361532,28236,14844,0,0,0,0
1629,233528761063455,26968,11733,0,0,0,0
1630,233528799577225,27251,11262,0,0,0,0
1631,233528838823763,27461,11785,0,0,0,0
1632,233528877953840,27144,11985,0,0,0,0
1633,233528923018455,32050,13014,0,0,0,0
1634,233528962331071,27850,11461,0,0,0,0
1635,233528999537225,26435,10770,0,0,0,0
1636,233529039793302,29343,10913,0,0,0,0
1637,233529080613917,28202,12617,0,0,0,0
1638,233529119762763,27109,12039,0,0,0,0
1639,233529159380071,26443,13174,0,0,0,0
1640,233529201420302,29442,12598,0,0,0,0
1641,233529242967455,28458,13088,0,0,0,0
1642,233529288307455,30842,14497,0,0,0,0
1643,233529328077225,27239,12530,0,0,0,0
1644,233529369663071,27780,13804,0,0,0,0
1645,233529411097225,28521,12912,0,0,0,0
1646,233529452342225,29731,11513,0,0,0,0
1647,233529493089840,27322,13424,0,0,0,0
1648,233529536690455,28878,14722,0,0,0,0
1649,233529576585840,27996,11899,0,0,0,0
1650,233529616970455,27912,12471,0,0,0,0
1651,233529656987686,27887,12129,0,0,0,0
1652,233529697391071,29077,11326,0,0,0,0
1653,233529735561302,26247,11922,0,0,0,0
1654,233529775051455,29465,10024,0,0,0,0
1655,233529817410148,28632,13726,0,0,0,0
1656,233529858715763,28825,12479,0,0,0,0
1657,233529899435994,29098,11621,0,0,0,0
1658,233529940044609,29324,11284,0,0,0,0
1659,233529981084302,29459,11580,0,0,0,0
1660,233530019456917,27507,10865,0,0,0,0
1661,233530059228994,28679,11092,0,0,0,0
1662,233530098472071,27981,11261,0,0,0,0
1663,233530139680917,30251,10957,0,0,0,0
1664,233530180110763,28114,12315,0,0,0,0
1665,233530217505302,27017,10377,0,0,0,0
1666,233530258695763,29372,11817,0,0,0,0
1667,233530297367071,27165,11505,0,0,0,0
1668,233530336724609,28115,11241,0,0,0,0
1669,233530374393609,27549,10119,0,0,0,0
1670,233530420379763,30229,15756,0,0,0,0
1671,233530460746148,27444,12922,0,0,0,0
1672,233530502000609,29409,11845,0,0,0,0
1673,233530543916379,30193,11721,0,0,0,0
1674,233530584286148,29537,10831,0,0,0,0
1675,233530626932917,29791,12855,0,0,0,0
1676,233530665525532,28005,10587,0,0,0,0
1677,233530706925840,29609,11791,0,0,0,0
1678,233530745676994,28014,10736,0,0,0,0
1679,233530784560302,28328,10554,0,0,0,0
1680,233530826043686,29249,12233,0,0,0,0
1681,233530865005840,28169,10792,0,0,0,0
1682,233530912604609,33963,13635,0,0,0,0
1683,233530956626225,29191,14829,0,0,0,0
1684,233530994584071,26939,11018,0,0,0,0
1685,233531033343994,27409,11351,0,0,0,0
1686,233531072598763,27464,11790,0,0,0,0
1687,233531110553302,26711,11243,0,0,0,0
1688,233531148143763,27993,9596,0,0,0,0
1689,233531187681532,27931,11606,0,0,0,0
1690,233531227162840,26893,12587,0,0,0,0
1691,233531264265532,26318,10784,0,0,0,0
1692,233531300930532,26121,10543,0,0,0,0
1693,233531341261917,29165,11165,0,0,0,0
1694,233531380156917,27911,10983,0,0,0,0
1695,233531423905302,30960,12788,0,0,0,0
1696,233531467557609,32118,11533,0,0,0,0
1697,233531509755994,30066,12131,0,0,0,0
1698,233531546480302,26210,10513,0,0,0,0
1699,233531585293225,27445,11367,0,0,0,0
1700,233531625823456,28710,11819,0,0,0,0
1701,233531664975071,27079,12072,0,0,0,0
1702,233531703344302,28140,10229,0,0,0,0
1703,233531741979071,27685,10948,0,0,0,0
1704,233531780258533,27376,10902,0,0,0,0
1705,233531826631379,34211,12161,0,0,0,0
1706,233531869344609,26819,15893,0,0,0,0
1707,233531910398225,29275,11777,0,0,0,0
1708,233531950324071,27374,12551,0,0,0,0
1709,233531991000379,28557,12119,0,0,0,0
1710,233532033507456,31369,11139,0,0,0,0
1711,233532074855456,28385,12962,0,0,0,0
1712,233532118469609,32397,11216,0,0,0,0
1713,233532157662533,27374,11818,0,0,0,0
1714,233532202884071,29065,16155,0,0,0,0
1715,233532240490456,26823,10782,0,0,0,0
1716,233532281689302,28566,12632,0,0,0,0
1717,233532323371148,29281,12400,0,0,0,0
1718,233532363472302,28729,11371,0,0,0,0
1719,233532402046533,27422,11152,0,0,0,0
1720,233532442116917,28440,11629,0,0,0,0
1721,233532481755379,27598,12040,0,0,0,0
1722,233532521425917,27887,11783,0,0,0,0
1723,233532564781840,31327,12028,0,0,0,0
1724,233532607149609,28740,13627,0,0,0,0
1725,233532650540686,28996,14394,0,0,0,0
1726,233532694063379,27749,15773,0,0,0,0
1727,233532734217225,28009,12144,0,0,0,0
1728,233532774435379,28807,11410,0,0,0,0
1729,233532813955763,28446,11074,0,0,0,0
1730,233532852979071,26625,12397,0,0,0,0
1731,233532893831456,28144,12708,0,0,0,0
1732,233532932110148,28296,9982,0,0,0,0
1733,233532968506840,27462,8934,0,0,0,0
1734,233533007864610,29087,10271,0,0,0,0
1735,233533050862840,29043,13954,0,0,0,0
1736,233533089308686,27467,10978,0,0,0,0
1737,233533129257610,29298,10650,0,0,0,0
1738,233533167059763,25782,12019,0,0,0,0
1739,233533204853840,26614,11179,0,0,0,0
1740,233533239291071,23722,10714,0,0,0,0
1741,233533276178840,27617,9270,0,0,0,0
1742,233533314032071,27470,10382,0,0,0,0
1743,233533352240917,27221,10987,0,0,0,0
1744,233533390168071,28819,9107,0,0,0,0
1745,233533427077302,27233,9675,0,0,0,0
1746,233533468368610,28421,12870,0,0,0,0
1747,233533507411763,28610,10432,0,0,0,0
1748,233533548839763,29589,11838,0,0,0,0
1749,233533585934763,27044,10051,0,0,0,0
1750,233533623430763,28119,9376,0,0,0,0
1751,233533662840379,28713,10696,0,0,0,0
1752,233533702762840,30625,9296,0,0,0,0
1753,233533740367763,28189,9415,0,0,0,0
1754,233533781802225,29604,11830,0,0,0,0
1755,233533820468686,28126,10540,0,0,0,0
1756,233533859951148,28692,10789,0,0,0,0
1757,233533897578456,27659,9968,0,0,0,0
1758,233533935957610,27469,10909,0,0,0,0
1759,233533972991763,27287,9746,0,0,0,0
1760,233534010240686,27610,9639,0,0,0,0
1761,233534053427686,27241,15945,0,0,0,0
1762,233534093700302,27259,13013,0,0,0,0
1763,233534132736610,28095,10941,0,0,0,0
1764,233534174009302,28613,12658,0,0,0,0
1765,233534213640687,27932,11698,0,0,0,0
1766,233534252397302,27894,10861,0,0,0,0
1767,233534290101610,28441,9262,0,0,0,0
1768,233534330511687,28833,11576,0,0,0,0
1769,233534366694456,25834,10348,0,0,0,0
1770,233534407572302,29000,11877,0,0,0,0
1771,233534444862763,26881,10408,0,0,0,0
1772,233534482406840,27194,10349,0,0,0,0
1773,233534521585610,27612,11566,0,0,0,0
1774,233534561946456,26995,13365,0,0,0,0
1775,233534600764687,27618,11199,0,0,0,0
1776,233534640617225,27976,11875,0,0,0,0
1777,233534681310533,27011,13681,0,0,0,0
1778,233534718950456,26122,11517,0,0,0,0
1779,233534760483687,27297,14235,0,0,0,0
1780,233534800680917,27879,12318,0,0,0,0
1781,233534839457302,28055,10721,0,0,0,0
1782,233534880575994,31736,9382,0,0,0,0
1783,233534918412917,28488,9348,0,0,0,0
1784,233534955745225,26690,10641,0,0,0,0
1785,233534993128994,25952,11431,0,0,0,0
1786,233535031143763,28361,9654,0,0,0,0
1787,233535065925302,25725,9056,0,0,0,0
1788,233535100774763,24415,10433,0,0,0,0
1789,233535141025225,30145,10104,0,0,0,0
1790,233535177439994,26350,10064,0,0,0,0
1791,233535216453302,28931,10082,0,0,0,0
1792,233535261976610,29008,16514,0,0,0,0
1793,233535302681533,27081,13623,0,0,0,0
1794,233535339719379,26734,10303,0,0,0,0
1795,233535382948379,30735,12493,0,0,0,0
1796,233535422636302,27658,12029,0,0,0,0
1797,233535465708071,30191,12880,0,0,0,0
1798,233535503251379,25620,11923,0,0,0,0
1799,233535543699379,29741,10706,0,0,0,0
1800,233535581874840,26401,11773,0,0,0,0
1801,233535619745225,27920,9950,0,0,0,0
1802,233535658740610,27333,11661,0,0,0,0
1803,233535698731687,28485,11505,0,0,0,0
1804,233535739549302,29073,11744,0,0,0,0
1805,233535776692379,26404,10738,0,0,0,0
1806,233535818455764,28212,13550,0,0,0,0
1807,233535860899456,28308,14135,0,0,0,0
1808,233535899067456,25870,12297,0,0,0,0
1809,233535938973302,28349,11556,0,0,0,0
1810,233535977889533,27883,11032,0,0,0,0
1811,233536016272994,27858,10526,0,0,0,0
1812,233536056337610,27636,12428,0,0,0,0
1813,233536095369225,27206,11825,0,0,0,0
1814,233536135259994,28732,11158,0,0,0,0
1815,233536173531379,26799,11472,0,0,0,0
1816,233536214242533,28864,11846,0,0,0,0
1817,233536253807379,28322,11242,0,0,0,0
1818,233536297432302,30268,13356,0,0,0,0
1819,233536337101533,28547,11121,0,0,0,0
1820,233536375871994,28411,10359,0,0,0,0
1821,233536416459148,28105,12481,0,0,0,0
1822,233536457722764,28633,12629,0,0,0,0
1823,233536494956687,26125,11108,0,0,0,0
1824,233536533500610,27970,10573,0,0,0,0
1825,233536575550456,29811,12238,0,0,0,0
1826,233536614865302,27928,11386,0,0,0,0
1827,233536656050456,28930,12254,0,0,0,0
1828,233536697419456,29298,12070,0,0,0,0
1829,233536736446456,28190,10836,0,0,0,0
1830,233536778012994,29712,11854,0,0,0,0
1831,233536819030533,27248,13769,0,0,0,0
1832,233536858285225,28165,11088,0,0,0,0
1833,233536898701533,27822,12593,0,0,0,0
1834,233536940932610,30824,11406,0,0,0,0
1835,233536981019994,28421,11666,0,0,0,0
1836,233537028233917,34773,12441,0,0,0,0
1837,233537071662533,28846,14581,0,0,0,0
1838,233537113351071,26735,14952,0,0,0,0
1839,233537160583148,31733,15498,0,0,0,0
1840,233537199972917,26278,13111,0,0,0,0
1841,233537243087764,27723,15391,0,0,0,0
1842,233537280140610,26192,10860,0,0,0,0
1843,233537319879994,28944,10794,0,0,0,0
1844,233537366351379,31692,14779,0,0,0,0
1845,233537411874225,30888,14634,0,0,0,0
1846,233537450912687,28036,11001,0,0,0,0
1847,233537491356379,27593,12850,0,0,0,0
1848,233537541564379,34234,15973,0,0,0,0
1849,233537590334533,32623,16147,0,0,0,0
1850,233537630895148,30441,10118,0,0,0,0
1851,233537682203379,36076,15231,0,0,0,0
1852,233537728771071,29294,17273,0,0,0,0
1853,233537774744071,34022,11950,0,0,0,0
1854,233537818131148,27343,16043,0,0,0,0
1855,233537855965225,26345,11488,0,0,0,0
1856,233537893546456,25590,11990,0,0,0,0
1857,233537931288071,26624,11116,0,0,0,0
1858,233537969342841,26567,11487,0,0,0,0
1859,233538011384994,29808,12235,0,0,0,0
1860,233538050765841,27832,11548,0,0,0,0
1861,233538090586225,28432,11388,0,0,0,0
1862,233538129370225,26783,12000,0,0,0,0
1863,233538168708379,27986,11351,0,0,0,0
1864,233538207756379,28544,10504,0,0,0,0
1865,233538245540071,26920,10863,0,0,0,0
1866,233538286916687,28866,12510,0,0,0,0
1867,233538327087456,27731,12439,0,0,0,0
1868,233538366262148,28855,10319,0,0,0,0
1869,233538406701302,28654,11784,0,0,0,0
1870,233538448259456,29868,11689,0,0,0,0
1871,233538486521225,27937,10323,0,0,0,0
1872,233538525115994,27407,11187,0,0,0,0
1873,233538567697302,29336,13245,0,0,0,0
1874,233538606975148,27956,11320,0,0,0,0
1875,233538644783071,26087,11720,0,0,0,0
1876,233538685873533,28566,12523,0,0,0,0
1877,233538724558533,27596,11088,0,0,0,0
1878,233538767909225,30216,13134,0,0,0,0
1879,233538807228379,28733,10585,0,0,0,0
1880,233538848930533,30289,11412,0,0,0,0
1881,233538887665302,26832,11902,0,0,0,0
1882,233538926683148,27856,11161,0,0,0,0
1883,233538966717841,28176,11858,0,0,0,0
1884,233539008165225,28639,12808,0,0,0,0
1885,233539046071687,26231,11675,0,0,0,0
1886,233539087125302,29780,11273,0,0,0,0
1887,233539131825841,30612,14087,0,0,0,0
1888,233539170030533,26429,11775,0,0,0,0
1889,233539210177918,29826,10320,0,0,0,0
1890,233539250040994,27997,11865,0,0,0,0
1891,233539290673841,28216,12416,0,0,0,0
1892,233539327385533,25553,11158,0,0,0,0
1893,233539365773918,26722,11665,0,0,0,0
1894,233539407250225,29131,12345,0,0,0,0
1895,233539448494764,26923,14320,0,0,0,0
1896,233539490286225,29469,12322,0,0,0,0
1897,233539527420610,26723,10411,0,0,0,0
1898,233539567976995,28178,12378,0,0,0,0
1899,233539608427764,26177,14272,0,0,0,0
1900,233539648563764,27524,12612,0,0,0,0
1901,233539688130533,28189,11377,0,0,0,0
1902,233539728289302,28019,12139,0,0,0,0
1903,233539769095148,28669,12136,0,0,0,0
1904,233539808880995,28963,10822,0,0,0,0
1905,233539848480379,28265,11333,0,0,0,0
1906,233539887078225,28239,10358,0,0,0,0
1907,233539928078764,27716,13284,0,0,0,0
1908,233539968353918,29521,10753,0,0,0,0
1909,233540010128995,28676,13099,0,0,0,0
1910,233540054360302,30705,13525,0,0,0,0
1911,233540097960071,28675,14924,0,0,0,0
1912,233540138457533,29684,10812,0,0,0,0
1913,233540176839456,27894,10487,0,0,0,0
1914,233540217038533,27800,12399,0,0,0,0
1915,233540257509302,27526,12944,0,0,0,0
1916,233540297287456,27480,12297,0,0,0,0
1917,233540336317225,26888,12140,0,0,0,0
1918,233540375847764,26858,12672,0,0,0,0
1919,233540417225533,28944,12432,0,0,0,0
1920,233540458653533,29553,11874,0,0,0,0
1921,233540498749610,27497,12599,0,0,0,0
1922,233540542937610,29390,14797,0,0,0,0
1923,233540583121610,29472,10711,0,0,0,0
1924,233540624117610,28643,12352,0,0,0,0
1925,233540664444995,27992,12335,0,0,0,0
1926,233540707519148,31386,11688,0,0,0,0
1927,233540751246225,30735,12991,0,0,0,0
1928,233540789831379,28883,9701,0,0,0,0
1929,233540831503379,30018,11653,0,0,0,0
1930,233540872041225,28494,12043,0,0,0,0
1931,233540914783379,30675,12067,0,0,0,0
1932,233540956255995,28979,12493,0,0,0,0
1933,233540996688995,29048,11384,0,0,0,0
1934,233541039462841,27720,15054,0,0,0,0
1935,233541080111456,28364,12283,0,0,0,0
1936,233541122549610,29086,13351,0,0,0,0
1937,233541165770764,30560,12660,0,0,0,0
1938,233541214214841,33083,15360,0,0,0,0
1939,233541257411995,28271,14925,0,0,0,0
1940,233541298280072,28460,12407,0,0,0,0
1941,233541337062533,27560,11222,0,0,0,0
1942,233541375963379,27411,11489,0,0,0,0
1943,233541415523995,27681,11878,0,0,0,0
1944,233541456228302,28347,12356,0,0,0,0
1945,233541499062533,30489,12344,0,0,0,0
1946,233541540900610,28542,13295,0,0,0,0
1947,233541582727148,30209,11617,0,0,0,0
1948,233541623576610,29381,11467,0,0,0,0
1949,233541661716995,27620,10520,0,0,0,0
1950,233541699405841,26231,11457,0,0,0,0
1951,233541739694225,28137,12150,0,0,0,0
1952,233541780112918,28639,11779,0,0,0,0
1953,233541819475379,28083,11278,0,0,0,0
1954,233541864644995,30172,14997,0,0,0,0
1955,233541903165841,27227,11293,0,0,0,0
1956,233541942443687,27277,12000,0,0,0,0
1957,233541984910841,29381,13086,0,0,0,0
1958,233542023820610,26917,11993,0,0,0,0
1959,233542062741610,27982,10938,0,0,0,0
1960,233542100412918,27253,10417,0,0,0,0
1961,233542146716610,33748,12555,0,0,0,0
1962,233542184961610,28823,9421,0,0,0,0
1963,233542226056610,31419,9675,0,0,0,0
1964,233542273154841,32463,14635,0,0,0,0
1965,233542312190456,26890,12145,0,0,0,0
1966,233542348934533,28806,7937,0,0,0,0
1967,233542385204610,27070,9199,0,0,0,0
1968,233542427303379,31538,10560,0,0,0,0
1969,233542470155072,29629,13222,0,0,0,0
1970,233542507978764,28085,9738,0,0,0,0
1971,233542544420687,26693,9748,0,0,0,0
1972,233542584394225,28420,11553,0,0,0,0
1973,233542625016918,28878,11744,0,0,0,0
1974,233542663918149,29532,9368,0,0,0,0
1975,233542702333610,28793,9621,0,0,0,0
1976,233542740392918,27333,10725,0,0,0,0
1977,233542780891072,29299,11198,0,0,0,0
1978,233542819124687,28587,9646,0,0,0,0
1979,233542856628995,26628,10875,0,0,0,0
1980,233542895229533,26745,11855,0,0,0,0
1981,233542933007995,27936,9841,0,0,0,0
1982,233542972238764,27258,11972,0,0,0,0
1983,233543008824379,28451,8134,0,0,0,0
1984,233543051528995,30306,12397,0,0,0,0
1985,233543092896610,29970,11396,0,0,0,0
1986,233543131614841,27229,11488,0,0,0,0
1987,233543168743379,29190,7937,0,0,0,0
1988,233543209782456,28184,12854,0,0,0,0
1989,233543247867456,28416,9668,0,0,0,0
1990,233543285023072,26814,10341,0,0,0,0
1991,233543325165533,29685,10457,0,0,0,0
1992,233543365516302,29113,11237,0,0,0,0
1993,233543401710226,25538,10655,0,0,0,0
1994,233543440946456,29207,10028,0,0,0,0
1995,233543481571687,29961,10663,0,0,0,0
1996,233543523295764,31456,10267,0,0,0,0
1997,233543558195379,25019,9880,0,0,0,0
1998,233543599747072,29017,12534,0,0,0,0
1999,233543643204072,31953,11503,0,0,0,0
2000,233543683645918,29285,11156,0,0,0,0
2001,233543727499995,28622,15231,0,0,0,0
2002,233543771000379,30737,12762,0,0,0,0
2003,233543809757226,28653,10103,0,0,0,0
2004,233543846540610,26463,10320,0,0,0,0
2005,233543883887072,26590,10756,0,0,0,0
2006,233543925219456,30652,10679,0,0,0,0
2007,233543966142149,27525,13397,0,0,0,0
2008,233544000457918,24664,9652,0,0,0,0
2009,233544040112610,29118,10536,0,0,0,0
2010,233544080440687,29317,11010,0,0,0,0
2011,233544117300918,27540,9319,0,0,0,0
2012,233544162447379,30041,15105,0,0,0,0
2013,233544199272918,26938,9886,0,0,0,0
2014,233544239211456,28286,11652,0,0,0,0
2015,233544278624610,28467,10945,0,0,0,0
2016,233544315337610,26748,9964,0,0,0,0
2017,233544353878764,27575,10966,0,0,0,0
2018,233544389707687,27192,8636,0,0,0,0
2019,233544426485533,28252,8525,0,0,0,0
2020,233544466445918,28744,11216,0,0,0,0
2021,233544503359456,27149,9764,0,0,0,0
2022,233544541873841,26780,11733,0,0,0,0
2023,233544581212687,27942,11396,0,0,0,0
2024,233544618660072,27157,10289,0,0,0,0
2025,233544658286533,28492,11134,0,0,0,0
2026,233544697200610,27893,11020,0,0,0,0
2027,233544734976303,27975,9800,0,0,0,0
2028,233544773535995,28287,10272,0,0,0,0
2029,233544809736379,25758,10441,0,0,0,0
2030,233544851583995,30116,11730,0,0,0,0
2031,233544895850149,29565,14700,0,0,0,0
2032,233544934572379,26714,12007,0,0,0,0
2033,233544973856610,28779,10504,0,0,0,0
2034,233545010663687,26695,10112,0,0,0,0
2035,233545047942226,28408,8869,0,0,0,0
2036,233545088636687,27959,12734,0,0,0,0
2037,233545126737918,28666,9435,0,0,0,0
2038,233545165108379,28052,10318,0,0,0,0
2039,233545201325303,26519,9697,0,0,0,0
2040,233545238969610,27934,9709,0,0,0,0
2041,233545279482456,30537,9975,0,0,0,0
2042,233545316445533,26207,10755,0,0,0,0
2043,233545352256303,25483,10327,0,0,0,0
2044,233545390299149,29058,8984,0,0,0,0
2045,233545429085533,27648,11138,0,0,0,0
2046,233545469854226,30176,10592,0,0,0,0
2047,233545508747379,27941,10951,0,0,0,0
2048,233545547101841,27529,10825,0,0,0,0
2049,233545585670149,28606,9961,0,0,0,0
2050,233545625523995,28695,11158,0,0,0,0
2051,233545665971456,28598,11848,0,0,0,0
2052,233545703645226,26747,10926,0,0,0,0
2053,233545742221303,29362,9213,0,0,0,0
2054,233545784365610,30796,11348,0,0,0,0
2055,233545822417610,27478,10573,0,0,0,0
2056,233545863085610,30161,10507,0,0,0,0
2057,233545903214533,29264,10864,0,0,0,0
2058,233545942515380,27409,11891,0,0,0,0
2059,233545983986533,28341,13129,0,0,0,0
2060,233546023816687,28653,11178,0,0,0,0
2061,233546074618764,29847,20955,0,0,0,0
2062,233546117359687,30600,12140,0,0,0,0
2063,233546158622533,29548,11714,0,0,0,0
2064,233546206965533,29030,19312,0,0,0,0
2065,233546246563687,29383,10214,0,0,0,0
2066,233546283484918,27252,9668,0,0,0,0
2067,233546324464610,30068,10911,0,0,0,0
2068,233546363836380,27521,11850,0,0,0,0
2069,233546402866149,27593,11436,0,0,0,0
2070,233546444567149,30256,11444,0,0,0,0
2071,233546482948918,27715,10665,0,0,0,0
2072,233546523459456,28354,12155,0,0,0,0
2073,233546561437610,27909,10068,0,0,0,0
2074,233546598668380,26690,10540,0,0,0,0
2075,233546633153533,25340,9144,0,0,0,0
2076,233546673114149,26454,13505,0,0,0,0
2077,233546712292918,27297,11880,0,0,0,0
2078,233546750483687,28168,10021,0,0,0,0
2079,233546786760610,27641,8635,0,0,0,0
2080,233546825143456,28812,9570,0,0,0,0
2081,233546863227995,26816,11268,0,0,0,0
2082,233546901065841,26196,11641,0,0,0,0
2083,233546939674226,28392,10216,0,0,0,0
2084,233546973615149,24600,9340,0,0,0,0
2085,233547010681918,26946,10121,0,0,0,0
2086,233547047731456,28268,8781,0,0,0,0
2087,233547084600072,27355,9513,0,0,0,0
2088,233547123313533,27814,10899,0,0,0,0
2089,233547167396303,32289,11793,0,0,0,0
2090,233547209962149,28751,13814,0,0,0,0
2091,233547250698533,29704,11032,0,0,0,0
2092,233547291443764,28369,12375,0,0,0,0
2093,233547330231764,28726,10061,0,0,0,0
2094,233547367221303,26792,10196,0,0,0,0
2095,233547406727457,28938,10567,0,0,0,0
2096,233547448128687,29405,11996,0,0,0,0
2097,233547491998457,28653,15216,0,0,0,0
2098,233547530789841,28277,10513,0,0,0,0
2099,233547568934457,28587,9557,0,0,0,0
2100,233547606827995,27284,10608,0,0,0,0
2101,233547644493841,26962,10703,0,0,0,0
2102,233547681505303,27822,9188,0,0,0,0
2103,233547721971764,29808,10658,0,0,0,0
2104,233547758727380,26805,9950,0,0,0,0
2105,233547799579380,29194,11657,0,0,0,0
2106,233547837587995,26904,11103,0,0,0,0
2107,233547876508610,28088,10832,0,0,0,0
2108,233547914288995,27563,10216,0,0,0,0
2109,233547952213303,28840,9083,0,0,0,0
2110,233547993894764,28272,13408,0,0,0,0
2111,233548033723995,29197,10632,0,0,0,0
2112,233548071402764,27701,9976,0,0,0,0
2113,233548108488687,27881,9204,0,0,0,0
2114,233548149607764,29249,11869,0,0,0,0
2115,233548190193610,29268,11317,0,0,0,0
2116,233548231948610,29564,12190,0,0,0,0
2117,233548271704303,29964,9791,0,0,0,0
2118,233548310492995,27161,11627,0,0,0,0
2119,233548348790764,28320,9977,0,0,0,0
2120,233548385033303,26742,9499,0,0,0,0
2121,233548423095149,28037,10024,0,0,0,0
2122,233548462928072,28292,11540,0,0,0,0
2123,233548502188995,27101,12159,0,0,0,0
2124,233548540267687,27095,10983,0,0,0,0
2125,233548580219764,29680,10271,0,0,0,0
2126,233548623803149,32069,11513,0,0,0,0
2127,233548662302457,27719,10779,0,0,0,0
2128,233548701005534,28730,9973,0,0,0,0
2129,233548739808610,28254,10548,0,0,0,0
2130,233548777075457,27399,9867,0,0,0,0
2131,233548818049226,29625,11348,0,0,0,0
2132,233548857847149,28444,11353,0,0,0,0
2133,233548900193534,29296,13049,0,0,0,0
2134,233548939353226,28231,10928,0,0,0,0
2135,233548979077918,26715,13009,0,0,0,0
2136,233549016389303,27615,9697,0,0,0,0
2137,233549056528995,29137,11002,0,0,0,0
2138,233549093660303,26703,10428,0,0,0,0
2139,233549132139687,29228,9251,0,0,0,0
2140,233549169487149,27687,9660,0,0,0,0
2141,233549206914841,27051,10376,0,0,0,0
2142,233549243673610,26725,10033,0,0,0,0
2143,233549282230149,27572,10983,0,0,0,0
2144,233549319559457,27381,9948,0,0,0,0
2145,233549357268687,27819,9890,0,0,0,0
2146,233549394263687,27348,9646,0,0,0,0
2147,233549433020995,27786,10970,0,0,0,0
2148,233549473120687,30642,9457,0,0,0,0
2149,233549512253918,29841,9291,0,0,0,0
2150,233549553953610,33277,8422,0,0,0,0
2151,233549597943687,33032,10957,0,0,0,0
2152,233549651821303,40468,13409,0,0,0,0
2153,233549698175457,29779,16574,0,0,0,0
2154,233549739683457,29388,12119,0,0,0,0
2155,233549776315687,26573,10058,0,0,0,0
2156,233549813571764,27814,9441,0,0,0,0
2157,233549855531072,27957,14002,0,0,0,0
2158,233549893438764,28151,9756,0,0,0,0
2159,233549948562534,37689,17434,0,0,0,0
2160,233549993501611,32889,12049,0,0,0,0
2161,233550031755072,26384,11870,0,0,0,0
2162,233550067409226,27681,7972,0,0,0,0
2163,233550106091457,27770,10912,0,0,0,0
2164,233550142788072,26905,9791,0,0,0,0
2165,233550181626457,28525,10312,0,0,0,0
2166,233550217995687,26628,9741,0,0,0,0
2167,233550256159687,27524,10639,0,0,0,0
2168,233550299332687,33281,9891,0,0,0,0
2169,233550348053918,33189,15531,0,0,0,0
2170,233550385221918,25550,11617,0,0,0,0
2171,233550423265303,27766,10277,0,0,0,0
2172,233550464993226,29359,12368,0,0,0,0
2173,233550502335687,28104,9237,0,0,0,0
2174,233550542810457,27812,12662,0,0,0,0
2175,233550585266149,27917,14538,0,0,0,0
2176,233550622741226,27168,10306,0,0,0,0
2177,233550658622841,25558,10323,0,0,0,0
2178,233550697809226,28719,10467,0,0,0,0
2179,233550736681611,27766,11106,0,0,0,0
2180,233550775947687,28653,10612,0,0,0,0
2181,233550814033303,26572,11513,0,0,0,0
2182,233550850543072,27364,9145,0,0,0,0
2183,233550890605841,28551,11511,0,0,0,0
2184,233550927160995,26134,10420,0,0,0,0
2185,233550964666534,27346,10159,0,0,0,0
2186,233551003723380,27253,11804,0,0,0,0
2187,233551042440072,28209,10507,0,0,0,0
2188,233551081644380,28742,10461,0,0,0,0
2189,233551118456072,26512,10299,0,0,0,0
2190,233551157178226,26848,11874,0,0,0,0
2191,233551198743688,30233,11331,0,0,0,0
2192,233551238648688,29733,10171,0,0,0,0
2193,233551276388688,27317,10422,0,0,0,0
2194,233551315041918,28639,10013,0,0,0,0
2195,233551350608380,24796,10769,0,0,0,0
2196,233551391409918,31730,9070,0,0,0,0
2197,233551431778149,29202,11165,0,0,0,0
2198,233551470991457,28046,11166,0,0,0,0
2199,233551512853534,30065,11796,0,0,0,0
2200,233551556413918,30607,12953,0,0,0,0
2201,233551594792303,28032,10345,0,0,0,0
2202,233551636861841,31348,10721,0,0,0,0
2203,233551681835457,29262,15711,0,0,0,0
2204,233551719613611,28824,8953,0,0,0,0
2205,233551758973226,27625,11733,0,0,0,0
2206,233551801393611,30607,11812,0,0,0,0
2207,233551839848303,27313,11140,0,0,0,0
2208,233551879593226,27476,12268,0,0,0,0
2209,233551921599688,29752,12253,0,0,0,0
2210,233551957850764,26467,9784,0,0,0,0
2211,233551995539072,27171,10516,0,0,0,0
2212,233552034873303,28183,11151,0,0,0,0
2213,233552080482764,31880,13728,0,0,0,0
2214,233552118175072,26916,10775,0,0,0,0
2215,233552156683688,28868,9640,0,0,0,0
2216,233552198256072,29043,12529,0,0,0,0
2217,233552238625534,28550,11819,0,0,0,0
2218,233552277413918,27160,11628,0,0,0,0
2219,233552315092995,28152,9526,0,0,0,0
2220,233552351592380,27320,9179,0,0,0,0
2221,233552393096918,30418,11085,0,0,0,0
2222,233552433635457,28251,12287,0,0,0,0
2223,233552473091072,27090,12364,0,0,0,0
2224,233552511156072,26876,11188,0,0,0,0
2225,233552548984072,29595,8232,0,0,0,0
2226,233552588792688,28105,11702,0,0,0,0
2227,233552626559995,26948,10818,0,0,0,0
2228,233552667135380,28918,11656,0,0,0,0
2229,233552704819072,26535,11148,0,0,0,0
2230,233552741016611,26561,9635,0,0,0,0
2231,233552782337918,30848,10473,0,0,0,0
2232,233552822229918,28511,11380,0,0,0,0
2233,233552860472303,26957,11284,0,0,0,0
2234,233552900794765,29814,10507,0,0,0,0
2235,233552938978534,27184,10998,0,0,0,0
2236,233552977248303,28427,9842,0,0,0,0
2237,233553014093303,27925,8920,0,0,0,0
2238,233553056493303,29910,12489,0,0,0,0
2239,233553096272611,29314,10464,0,0,0,0
2240,233553133356995,26421,10662,0,0,0,0
2241,233553172182765,28047,10778,0,0,0,0
2242,233553209546534,27677,9686,0,0,0,0
2243,233553251501226,31002,10951,0,0,0,0
2244,233553291985303,29243,11240,0,0,0,0
2245,233553332664688,28693,11986,0,0,0,0
2246,233553374437534,29343,12429,0,0,0,0
2247,233553411685611,26637,10611,0,0,0,0
2248,233553448327457,27055,9586,0,0,0,0
2249,233553488424611,28290,11806,0,0,0,0
2250,233553523798457,26524,8849,0,0,0,0
2251,233553562960918,29331,9830,0,0,0,0
2252,233553606244380,31267,12016,0,0,0,0
2253,233553643189534,26958,9986,0,0,0,0
2254,233553681432918,28052,10191,0,0,0,0
2255,233553718518226,27039,10046,0,0,0,0
2256,233553756460918,28329,9612,0,0,0,0
2257,233553794488303,27141,10885,0,0,0,0
2258,233553832151149,27334,10328,0,0,0,0
2259,233553871351995,29419,9780,0,0,0,0
2260,233553908778765,27133,10293,0,0,0,0
2261,233553949338149,30147,10412,0,0,0,0
2262,233553986568303,26942,10287,0,0,0,0
2263,233554030568072,32181,11819,0,0,0,0
2264,233554069063149,27603,10891,0,0,0,0
2265,233554114353918,31387,13903,0,0,0,0
2266,233554153469611,26848,12267,0,0,0,0
2267,233554190239995,27635,9135,0,0,0,0
2268,233554226537611,28007,8290,0,0,0,0
2269,233554268802457,27852,14412,0,0,0,0
2270,233554310010842,30326,10882,0,0,0,0
2271,233554346968072,27455,9501,0,0,0,0
2272,233554385196611,27693,10535,0,0,0,0
2273,233554424708688,27693,11818,0,0,0,0
2274,233554464330226,27989,11632,0,0,0,0
2275,233554507656995,32774,10552,0,0,0,0
2276,233554544445611,26381,10406,0,0,0,0
2277,233554584180918,28849,10886,0,0,0,0
2278,233554622149842,27132,10836,0,0,0,0
2279,233554659529611,26923,10456,0,0,0,0
2280,233554698974226,28115,11329,0,0,0,0
2281,233554743305611,31182,13148,0,0,0,0
2282,233554782787072,28148,11332,0,0,0,0
2283,233554824496918,29320,12389,0,0,0,0
2284,233554866568611,29622,12449,0,0,0,0
2285,233554909931457,30070,13292,0,0,0,0
2286,233554951096072,28286,12877,0,0,0,0
2287,233554989997611,27760,11141,0,0,0,0
2288,233555026992303,27178,9817,0,0,0,0
2289,233555065285226,27287,11005,0,0,0,0
2290,233555107758149,31859,10613,0,0,0,0
2291,233555147263072,28320,11184,0,0,0,0
2292,233555184774534,28553,8957,0,0,0,0
2293,233555222240072,26328,11137,0,0,0,0
2294,233555259058765,27179,9639,0,0,0,0
2295,233555301187765,30005,12123,0,0,0,0
2296,233555342095380,28532,12375,0,0,0,0
2297,233555380965534,26663,12207,0,0,0,0
2298,233555416460995,25732,9762,0,0,0,0
2299,233555459217303,31875,10880,0,0,0,0
2300,233555504279072,32816,12245,0,0,0,0
2301,233555543869534,28722,10868,0,0,0,0
2302,233555582816303,29862,9084,0,0,0,0
2303,233555622051149,29347,9887,0,0,0,0
2304,233555661799688,28985,10763,0,0,0,0
2305,233555700743072,27868,11075,0,0,0,0
2306,233555738634149,27701,10189,0,0,0,0
2307,233555779818765,29967,11217,0,0,0,0
2308,233555821438842,31097,10522,0,0,0,0
2309,233555871234765,35930,13865,0,0,0,0
2310,233555925840072,39421,15184,0,0,0,0
2311,233555975179765,38289,11049,0,0,0,0
2312,233556024187072,32651,16356,0,0,0,0
2313,233556063157534,27619,11351,0,0,0,0
2314,233556100929919,28373,9398,0,0,0,0
2315,233556140106226,27584,11591,0,0,0,0
2316,233556176788919,27388,9294,0,0,0,0
2317,233556217587996,28758,12040,0,0,0,0
2318,233556261882765,29582,14712,0,0,0,0
2319,233556302982226,30711,10388,0,0,0,0
2320,233556341006765,28384,9640,0,0,0,0
2321,233556378988380,27736,10245,0,0,0,0
2322,233556418088919,28522,10577,0,0,0,0
2323,233556455809611,26777,10942,0,0,0,0
2324,233556494316996,28208,10299,0,0,0,0
2325,233556534050842,28683,11050,0,0,0,0
2326,233556572173919,27468,10655,0,0,0,0
2327,233556607493534,26337,8981,0,0,0,0
2328,233556647482149,28804,11184,0,0,0,0
2329,233556688166765,28234,12449,0,0,0,0
2330,233556726375072,29028,9179,0,0,0,0
2331,233556766057303,28976,10705,0,0,0,0
2332,233556807123457,31159,9906,0,0,0,0
2333,233556844352919,26706,10522,0,0,0,0
2334,233556886804996,30140,12311,0,0,0,0
2335,233556928863380,27951,14107,0,0,0,0
2336,233556968433919,29357,10213,0,0,0,0
2337,233557006885534,28558,9894,0,0,0,0
2338,233557048054226,30009,11159,0,0,0,0
2339,233557086125534,27390,10680,0,0,0,0
2340,233557123320996,27360,9834,0,0,0,0
2341,233557162694534,27602,11771,0,0,0,0
2342,233557200664996,28405,9565,0,0,0,0
2343,233557239059380,27217,11176,0,0,0,0
2344,233557278078765,28845,10173,0,0,0,0
2345,233557320409842,30771,11559,0,0,0,0
2346,233557360746842,29733,10603,0,0,0,0
2347,233557402591996,30260,11585,0,0,0,0
2348,233557442391149,29430,10369,0,0,0,0
2349,233557481609842,27974,11243,0,0,0,0
2350,233557522926534,31631,9685,0,0,0,0
2351,233557560720996,25903,11891,0,0,0,0
2352,233557596975073,26843,9410,0,0,0,0
2353,233557634798534,27937,9886,0,0,0,0
2354,233557671415765,27287,9329,0,0,0,0
2355,233557709291688,28032,9843,0,0,0,0
2356,233557748981226,27527,12162,0,0,0,0
2357,233557791156996,31188,10987,0,0,0,0
2358,233557833239149,29423,12658,0,0,0,0
2359,233557873668303,28759,11669,0,0,0,0
2360,233557910914226,28052,9193,0,0,0,0
2361,233557947273303,28276,8082,0,0,0,0
2362,233557986371688,29440,9658,0,0,0,0
2363,233558026536380,28960,11205,0,0,0,0
2364,233558064310534,26027,11746,0,0,0,0
2365,233558099937611,25360,10266,0,0,0,0
2366,233558137421919,26686,10797,0,0,0,0
2367,233558174622534,26939,10261,0,0,0,0
2368,233558216249303,31016,10609,0,0,0,0
2369,233558256275149,29970,10055,0,0,0,0
2370,233558293580380,28513,8791,0,0,0,0
2371,233558331610842,28920,9110,0,0,0,0
2372,233558367951457,28556,7784,0,0,0,0
2373,233558407945226,28074,11919,0,0,0,0
2374,233558445291149,27905,9440,0,0,0,0
2375,233558482397842,28050,9056,0,0,0,0
2376,233558524254226,31387,10469,0,0,0,0
2377,233558564100919,29259,10587,0,0,0,0
2378,233558602262534,28272,9889,0,0,0,0
2379,233558642259765,28471,11525,0,0,0,0
2380,233558678688073,26468,9959,0,0,0,0
2381,233558718667073,29810,10168,0,0,0,0
2382,233558756136996,27634,9835,0,0,0,0
2383,233558792996688,27325,9534,0,0,0,0
2384,233558833314150,30252,10065,0,0,0,0
2385,233558873510150,28250,11945,0,0,0,0
2386,233558911430765,27443,10477,0,0,0,0
2387,233558948259073,28112,8715,0,0,0,0
2388,233558986566150,28811,9496,0,0,0,0
2389,233559026420919,27823,12032,0,0,0,0
2390,233559064817534,28427,9968,0,0,0,0
2391,233559101931457,27410,9703,0,0,0,0
2392,233559141848303,29486,10430,0,0,0,0
2393,233559183829919,30302,11679,0,0,0,0
2394,233559223860380,29479,10551,0,0,0,0
2395,233559264121303,27594,12666,0,0,0,0
2396,233559308325226,34367,9836,0,0,0,0
2397,233559349814457,29620,11868,0,0,0,0
2398,233559389921226,29086,11020,0,0,0,0
2399,233559433254457,31246,12086,0,0,0,0
2400,233559474395996,29063,12077,0,0,0,0
2401,233559518180688,30213,13571,0,0,0,0
2402,233559560807688,31182,11444,0,0,0,0
2403,233559600328073,29441,10078,0,0,0,0
2404,233559641681919,29114,12239,0,0,0,0
2405,233559683154534,29617,11855,0,0,0,0
2406,233559728059457,34085,10819,0,0,0,0
2407,233559766423765,27695,10669,0,0,0,0
2408,233559808266226,30060,11782,0,0,0,0
2409,233559851450534,27807,15376,0,0,0,0
2410,233559893558226,30564,11543,0,0,0,0
2411,233559935958765,29705,12695,0,0,0,0
2412,233559977388303,30780,10649,0,0,0,0
2413,233560017889919,27554,12948,0,0,0,0
2414,233560061848919,31133,12825,0,0,0,0
2415,233560099478765,26691,10938,0,0,0,0
2416,233560142770842,31608,11683,0,0,0,0
2417,233560182688073,29543,10373,0,0,0,0
2418,233560223973611,29560,11725,0,0,0,0
2419,233560265546150,29320,12252,0,0,0,0
2420,233560311129303,33113,12469,0,0,0,0
2421,233560351312919,29851,10332,0,0,0,0
2422,233560393472688,32706,9453,0,0,0,0
2423,233560434670227,27817,13380,0,0,0,0
2424,233560478209919,30246,13292,0,0,0,0
2425,233560517420303,27969,11240,0,0,0,0
2426,233560559126842,29496,12210,0,0,0,0
2427,233560599237227,27850,12259,0,0,0,0
2428,233560640559765,29500,11822,0,0,0,0
2429,233560681255073,30056,10639,0,0,0,0
2430,233560719339688,26685,11399,0,0,0,0
2431,233560759575150,30247,9988,0,0,0,0
2432,233560798251380,28012,10663,0,0,0,0
2433,233560840223996,27639,14332,0,0,0,0
2434,233560882178765,29903,12051,0,0,0,0
2435,233560922646150,29177,11289,0,0,0,0
2436,233560959963457,26608,10709,0,0,0,0
2437,233560997731073,26832,10935,0,0,0,0
2438,233561039900303,29870,12299,0,0,0,0
2439,233561081947073,28730,13316,0,0,0,0
2440,233561121403380,28677,10778,0,0,0,0
2441,233561160298227,28024,10870,0,0,0,0
2442,233561198289919,27345,10645,0,0,0,0
2443,233561235240919,27320,9631,0,0,0,0
2444,233561273669534,28525,9903,0,0,0,0
2445,233561310357919,26115,10572,0,0,0,0
2446,233561346371150,26977,9035,0,0,0,0
2447,233561385172996,29360,9440,0,0,0,0
2448,233561420828919,26256,9399,0,0,0,0
2449,233561460753919,29947,9977,0,0,0,0
2450,233561499653227,27284,11614,0,0,0,0
2451,233561539596688,28918,11025,0,0,0,0
2452,233561577939073,27578,10764,0,0,0,0
2453,233561615947765,29123,8885,0,0,0,0
2454,233561657966457,27536,14482,0,0,0,0
2455,233561696358534,26546,11845,0,0,0,0
2456,233561732185842,26578,9249,0,0,0,0
2457,233561768458457,26275,9996,0,0,0,0
2458,233561809823150,29420,11944,0,0,0,0
2459,233561848694227,29048,9823,0,0,0,0
2460,233561886381919,27396,10291,0,0,0,0
2461,233561932090227,32963,12745,0,0,0,0
2462,233561969754457,27439,10224,0,0,0,0
2463,233562007071996,27872,9445,0,0,0,0
2464,233562042760996,26207,9481,0,0,0,0
2465,233562080530842,26896,10873,0,0,0,0
2466,233562127437534,35289,11617,0,0,0,0
2467,233562174304380,34178,12688,0,0,0,0
2468,233562221352919,31312,15735,0,0,0,0
2469,233562261404380,30013,10038,0,0,0,0
2470,233562307342765,33044,12893,0,0,0,0
2471,233562348450534,29267,11840,0,0,0,0
2472,233562391575765,33087,10038,0,0,0,0
2473,233562439495380,33989,13930,0,0,0,0
2474,233562483846765,30351,13999,0,0,0,0
2475,233562520651150,26328,10476,0,0,0,0
2476,233562561898842,31376,9870,0,0,0,0
2477,233562598703765,27338,9466,0,0,0,0
2478,233562639902534,28141,13057,0,0,0,0
2479,233562693366457,36163,17300,0,0,0,0
2480,233562734206150,29345,11494,0,0,0,0
2481,233562774042842,29512,10324,0,0,0,0
2482,233562812642765,28692,9907,0,0,0,0
2483,233562854088996,31406,10039,0,0,0,0
2484,233562892066765,27118,10859,0,0,0,0
2485,233562932557534,32807,7682,0,0,0,0
2486,233562977568919,29074,15937,0,0,0,0
2487,233563016747073,29272,9906,0,0,0,0
2488,233563058548073,28408,13392,0,0,0,0
2489,233563096042227,26333,11160,0,0,0,0
2490,233563131786842,26977,8766,0,0,0,0
2491,233563168740611,28743,8210,0,0,0,0
2492,233563207217919,27355,11121,0,0,0,0
2493,233563247805304,28970,11616,0,0,0,0
2494,233563285940381,26469,11665,0,0,0,0
2495,233563322212304,27566,8705,0,0,0,0
2496,233563360411688,27866,10332,0,0,0,0
2497,233563400372073,28993,10967,0,0,0,0
2498,233563436299073,25214,10712,0,0,0,0
2499,233563472105304,24870,10935,0,0,0,0
2500,233563508097304,27790,8201,0,0,0,0
2501,233563543649919,26450,9102,0,0,0,0
2502,233563578449919,25308,9491,0,0,0,0
2503,233563614799073,26051,10297,0,0,0,0
2504,233563649782765,25931,9051,0,0,0,0
2505,233563684977304,27514,7680,0,0,0,0
2506,233563720786534,26799,9009,0,0,0,0
2507,233563756577842,26417,9373,0,0,0,0
2508,233563793963688,26736,10649,0,0,0,0
2509,233563831340919,28345,9032,0,0,0,0
2510,233563867815150,26292,10181,0,0,0,0
2511,233563906830458,28391,10623,0,0,0,0
2512,233563948567150,27807,13929,0,0,0,0
2513,233563985521304,26867,10086,0,0,0,0
2514,233564022704073,27188,9995,0,0,0,0
2515,233564060783073,27665,10413,0,0,0,0
2516,233564099117534,29155,9179,0,0,0,0
2517,233564135304919,27240,8947,0,0,0,0
2518,233564173573611,27556,10712,0,0,0,0
2519,233564210300919,27326,9400,0,0,0,0
2520,233564250793227,28392,12099,0,0,0,0
2521,233564292090534,30373,10924,0,0,0,0
2522,233564333145304,29787,11267,0,0,0,0
2523,233564375059688,29228,12686,0,0,0,0
2524,233564414886458,28255,11570,0,0,0,0
2525,233564452676688,27186,10603,0,0,0,0
2526,233564492870534,28307,11886,0,0,0,0
2527,233564532589227,28942,10776,0,0,0,0
2528,233564572643073,27759,12294,0,0,0,0
2529,233564614877227,30610,11623,0,0,0,0
2530,233564653063458,27885,10300,0,0,0,0
2531,233564691573919,27796,10714,0,0,0,0
2532,233564729543073,28663,9305,0,0,0,0
2533,233564767798227,28015,10240,0,0,0,0
2534,233564806825304,28310,10716,0,0,0,0
2535,233564844284073,27333,10125,0,0,0,0
2536,233564888635458,30660,13691,0,0,0,0
2537,233564927082534,27524,10922,0,0,0,0
2538,233564965609919,27804,10723,0,0,0,0
2539,233565006210765,28219,12381,0,0,0,0
2540,233565042324611,26349,9764,0,0,0,0
2541,233565082116611,28058,11733,0,0,0,0
2542,233565123736688,29191,12428,0,0,0,0
2543,233565165304073,28488,13078,0,0,0,0
2544,233565202666765,27255,10107,0,0,0,0
2545,233565240816304,27067,11081,0,0,0,0
2546,233565281931150,27267,13847,0,0,0,0
2547,233565323439150,28988,12519,0,0,0,0
2548,233565362839688,28165,11235,0,0,0,0
2549,233565402866227,27214,12812,0,0,0,0
2550,233565443075458,29434,10775,0,0,0,0
2551,233565482915458,29301,10538,0,0,0,0
2552,233565523807150,28899,11991,0,0,0,0
2553,233565564097535,28777,11512,0,0,0,0
2554,233565610001919,33909,11995,0,0,0,0
2555,233565651628073,27732,13893,0,0,0,0
2556,233565691601535,28931,11042,0,0,0,0
2557,233565731210842,26906,12703,0,0,0,0
2558,233565769557842,28208,10138,0,0,0,0
2559,233565807854150,27889,10406,0,0,0,0
2560,233565847137227,29422,9861,0,0,0,0
2561,233565886460996,27917,11405,0,0,0,0
2562,233565923998535,26261,11276,0,0,0,0
2563,233565961890458,27310,10581,0,0,0,0
2564,233566003039073,28898,12251,0,0,0,0
2565,233566042775458,27446,12289,0,0,0,0
2566,233566083016073,30112,10127,0,0,0,0
2567,233566122929611,28073,11840,0,0,0,0
2568,233566159365611,26301,10134,0,0,0,0
2569,233566201866842,27324,15177,0,0,0,0
2570,233566241490150,29417,10206,0,0,0,0
2571,233566288740688,34755,12495,0,0,0,0
2572,233566327614765,27968,10905,0,0,0,0
2573,233566369037304,28690,12732,0,0,0,0
2574,233566406469611,26717,10715,0,0,0,0
2575,233566448149535,30228,11451,0,0,0,0
2576,233566490645227,29184,13311,0,0,0,0
2577,233566534432612,30725,13062,0,0,0,0
2578,233566577520996,28387,14700,0,0,0,0
2579,233566619330765,27169,14640,0,0,0,0
2580,233566657534150,27623,10580,0,0,0,0
2581,233566699040304,28996,12509,0,0,0,0
2582,233566738878765,28603,11234,0,0,0,0
2583,233566778884073,29371,10633,0,0,0,0
2584,233566818742458,28619,11238,0,0,0,0
2585,233566858218765,29099,10376,0,0,0,0
2586,233566899335458,27820,13296,0,0,0,0
2587,233566941385304,28181,13868,0,0,0,0
2588,233566981251996,28911,10955,0,0,0,0
2589,233567019982227,28198,10532,0,0,0,0
2590,233567061229612,29918,11328,0,0,0,0
2591,233567101506150,27731,12545,0,0,0,0
2592,233567140923150,28496,10920,0,0,0,0
2593,233567182237304,29249,12064,0,0,0,0
2594,233567222492381,28503,11751,0,0,0,0
2595,233567259793304,26301,10999,0,0,0,0
2596,233567298934765,28873,10268,0,0,0,0
2597,233567337791688,28368,10488,0,0,0,0
2598,233567376530765,28271,10467,0,0,0,0
2599,233567416498458,29305,10661,0,0,0,0
2600,233567460367996,28022,15846,0,0,0,0
2601,233567498931073,28515,10047,0,0,0,0
2602,233567539071381,29155,10984,0,0,0,0
2603,233567578656688,28273,11311,0,0,0,0
2604,233567617640073,27702,11281,0,0,0,0
2605,233567662962535,31557,13764,0,0,0,0
2606,233567702760996,28169,11629,0,0,0,0
2607,233567742788996,29453,10574,0,0,0,0
2608,233567782633919,29110,10734,0,0,0,0
2609,233567823733919,27631,13468,0,0,0,0
2610,233567863619689,28287,11598,0,0,0,0
2611,233567906032612,29851,12561,0,0,0,0
2612,233567944805919,27891,10882,0,0,0,0
2613,233567982444689,27054,10584,0,0,0,0
2614,233568023372304,28950,11978,0,0,0,0
2615,233568066663765,27216,16074,0,0,0,0
2616,233568106648304,28567,11417,0,0,0,0
2617,233568146732919,28656,11428,0,0,0,0
2618,233568186920304,27821,12366,0,0,0,0
2619,233568232213612,31121,14172,0,0,0,0
2620,233568274663458,28288,14161,0,0,0,0
2621,233568320728073,31897,14167,0,0,0,0
2622,233568360348073,29933,9687,0,0,0,0
2623,233568405944612,32022,13574,0,0,0,0
2624,233568447247381,28431,12871,0,0,0,0
2625,233568489873919,32951,9675,0,0,0,0
2626,233568526582458,26455,10253,0,0,0,0
2627,233568564767765,28147,10038,0,0,0,0
2628,233568608202150,29880,13554,0,0,0,0
2629,233568648580689,28154,12223,0,0,0,0
2630,233568689994535,28453,12960,0,0,0,0
2631,233568728510227,27720,10795,0,0,0,0
2632,233568766983381,28247,10225,0,0,0,0
2633,233568811392996,29314,15095,0,0,0,0
2634,233568849614842,27398,10823,0,0,0,0
2635,233568892447458,30071,12761,0,0,0,0
2636,233568935411765,28270,14693,0,0,0,0
2637,233568975408689,28546,11450,0,0,0,0
2638,233569014865842,28362,11095,0,0,0,0
2639,233569058986458,34060,10060,0,0,0,0
2640,233569107471381,34067,14417,0,0,0,0
2641,233569154121304,33202,13447,0,0,0,0
2642,233569190403381,25551,10731,0,0,0,0
2643,233569222293842,23872,8018,0,0,0,0
2644,233569261977304,26489,13194,0,0,0,0
2645,233569298552073,27617,8956,0,0,0,0
2646,233569340873919,31619,10702,0,0,0,0
2647,233569383002458,30657,11471,0,0,0,0
2648,233569421837304,28809,10025,0,0,0,0
2649,233569464438766,30342,12259,0,0,0,0
2650,233569502830458,27193,11198,0,0,0,0
2651,233569541137919,28814,9492,0,0,0,0
2652,233569577043996,26233,9672,0,0,0,0
2653,233569614165535,28144,8977,0,0,0,0
2654,233569652232304,28830,9236,0,0,0,0
2655,233569689824996,27930,9662,0,0,0,0
2656,233569731691381,28911,12955,0,0,0,0
2657,233569772556381,29906,10958,0,0,0,0
2658,233569813539150,30175,10807,0,0,0,0
2659,233569851491150,26936,11016,0,0,0,0
2660,233569888628381,27789,9347,0,0,0,0
2661,233569928618227,29468,10521,0,0,0,0
2662,233569969395073,30846,9930,0,0,0,0
2663,233570008656304,28690,10571,0,0,0,0
2664,233570049799766,29387,11756,0,0,0,0
2665,233570091890842,30064,12026,0,0,0,0
2666,233570132434535,28728,11814,0,0,0,0
2667,233570172817227,28508,11873,0,0,0,0
2668,233570211318535,27829,10671,0,0,0,0
2669,233570247746842,27479,8949,0,0,0,0
2670,233570282934766,26228,8959,0,0,0,0
2671,233570323845227,29398,11511,0,0,0,0
2672,233570362620304,27829,10945,0,0,0,0
2673,233570402042227,29684,9737,0,0,0,0
2674,233570440524073,28366,10115,0,0,0,0
2675,233570479548381,28165,10858,0,0,0,0
2676,233570519561304,29057,10955,0,0,0,0
2677,233570558846535,28046,11238,0,0,0,0
2678,233570599376612,29678,10851,0,0,0,0
2679,233570636670535,26828,10465,0,0,0,0
2680,233570674553843,26892,10990,0,0,0,0
2681,233570710582843,25973,10055,0,0,0,0
2682,233570748203073,29743,7876,0,0,0,0
2683,233570788924073,27844,12876,0,0,0,0
2684,233570824714227,26330,9459,0,0,0,0
2685,233570861453304,26574,10164,0,0,0,0
2686,233570901160689,30031,9675,0,0,0,0
2687,233570940903381,28327,11415,0,0,0,0
2688,233570983061304,29059,13098,0,0,0,0
2689,233571023754535,30841,9852,0,0,0,0
2690,233571063247996,29558,9934,0,0,0,0
2691,233571108254458,34150,10856,0,0,0,0
2692,233571158098458,35813,14030,0,0,0,0
2693,233571199341919,28513,12729,0,0,0,0
2694,233571239291996,27651,12299,0,0,0,0
2695,233571280581843,27389,13900,0,0,0,0
2696,233571319212996,27658,10973,0,0,0,0
2697,233571359373919,28479,11681,0,0,0,0
2698,233571398771381,27217,12180,0,0,0,0
2699,233571438887073,28153,11962,0,0,0,0
2700,233571475667689,27316,9464,0,0,0,0
2701,233571515070766,28097,11305,0,0,0,0
2702,233571555998150,31290,9637,0,0,0,0
2703,233571598440612,31613,10829,0,0,0,0
2704,233571635397843,27645,9311,0,0,0,0
2705,233571677640381,29668,12574,0,0,0,0
2706,233571716176612,27573,10962,0,0,0,0
2707,233571755321920,27719,11426,0,0,0,0
2708,233571793061920,27769,9970,0,0,0,0
2709,233571833078150,30336,9679,0,0,0,0
2710,233571876541227,30858,12604,0,0,0,0
2711,233571915114150,29079,9493,0,0,0,0
2712,233571953954535,27630,11210,0,0,0,0
2713,233571991924073,27399,10570,0,0,0,0
2714,233572028552689,28165,8464,0,0,0,0
2715,233572066339150,26556,11230,0,0,0,0
2716,233572108392612,31219,10834,0,0,0,0
2717,233572145267766,27220,9654,0,0,0,0
2718,233572184185843,28955,9962,0,0,0,0
2719,233572224477227,28790,11501,0,0,0,0
2720,233572259526843,25308,9741,0,0,0,0
2721,233572297647996,27228,10893,0,0,0,0
2722,233572334775766,27073,10054,0,0,0,0
2723,233572374958766,27880,12302,0,0,0,0
2724,233572415522150,29085,11477,0,0,0,0
2725,233572456219766,30377,10319,0,0,0,0
2726,233572499091689,29092,13779,0,0,0,0
2727,233572536103766,27092,9920,0,0,0,0
2728,233572573593843,26971,10518,0,0,0,0
2729,233572610074150,26658,9821,0,0,0,0
2730,233572650882150,30224,10583,0,0,0,0
2731,233572690436073,28246,11307,0,0,0,0
2732,233572726965843,27531,8998,0,0,0,0
2733,233572765151766,28298,9887,0,0,0,0
2734,233572804951150,25791,14008,0,0,0,0
2735,233572845163150,28892,11319,0,0,0,0
2736,233572884298150,28337,10797,0,0,0,0
2737,233572923313535,28117,10897,0,0,0,0
2738,233572966166535,33115,9737,0,0,0,0
2739,233573006663689,28755,11742,0,0,0,0
2740,233573047276997,29662,10951,0,0,0,0
2741,233573085474535,26277,11920,0,0,0,0
2742,233573123606535,26917,11214,0,0,0,0
2743,233573164143150,30505,10030,0,0,0,0
2744,233573200600920,27356,9101,0,0,0,0
2745,233573239816073,28784,10430,0,0,0,0
2746,233573284594843,34395,10383,0,0,0,0
2747,233573323582458,27265,11722,0,0,0,0
2748,233573358873920,25525,9766,0,0,0,0
2749,233573397812073,28559,10378,0,0,0,0
2750,233573438604612,30269,10523,0,0,0,0
2751,233573482388381,30191,13592,0,0,0,0
2752,233573522815689,29624,10802,0,0,0,0
2753,233573558704689,26781,9108,0,0,0,0
2754,233573600910150,30647,11557,0,0,0,0
2755,233573642538227,29304,12323,0,0,0,0
2756,233573684378458,29471,12368,0,0,0,0
2757,233573726170766,29832,11959,0,0,0,0
2758,233573765587073,28333,11083,0,0,0,0
2759,233573806696381,29472,11637,0,0,0,0
2760,233573844875381,27643,10535,0,0,0,0
2761,233573886975766,30834,11266,0,0,0,0
2762,233573927716381,29569,11171,0,0,0,0
2763,233573965756689,27492,10548,0,0,0,0
2764,233574007418458,29349,12313,0,0,0,0
2765,233574047719689,29795,10506,0,0,0,0
2766,233574089149612,27187,14242,0,0,0,0
2767,233574132767997,29511,14107,0,0,0,0
2768,233574174277612,30401,11108,0,0,0,0
2769,233574218305535,27848,16179,0,0,0,0
2770,233574262101920,30563,13233,0,0,0,0
2771,233574299706843,27019,10585,0,0,0,0
2772,233574340905612,29160,12038,0,0,0,0
2773,233574380548997,27458,12185,0,0,0,0
2774,233574418247381,27172,10525,0,0,0,0
2775,233574456971458,27842,10881,0,0,0,0
2776,233574498943997,28257,13714,0,0,0,0
2777,233574539194535,27768,12481,0,0,0,0
2778,233574576500381,26691,10614,0,0,0,0
2779,233574614653843,27067,11085,0,0,0,0
2780,233574659792920,32278,12860,0,0,0,0
2781,233574696120920,25412,10915,0,0,0,0
2782,233574731315150,25858,9335,0,0,0,0
2783,233574767160304,26033,9811,0,0,0,0
2784,233574805049612,26880,11009,0,0,0,0
2785,233574845811766,28870,11891,0,0,0,0
2786,233574892489304,32145,14532,0,0,0,0
2787,233574935379766,28157,14732,0,0,0,0
2788,233574972111689,26823,9908,0,0,0,0
2789,233575011150843,30492,8548,0,0,0,0
2790,233575049854766,28122,10581,0,0,0,0
2791,233575097779997,33635,14289,0,0,0,0
2792,233575158490150,43451,17258,0,0,0,0
2793,233575200889535,29563,12836,0,0,0,0
2794,233575238860381,27390,10580,0,0,0,0
2795,233575277439150,25056,13521,0,0,0,0
2796,233575315419689,27907,10073,0,0,0,0
2797,233575350457535,24897,10140,0,0,0,0
2798,233575390644689,29844,10343,0,0,0,0
2799,233575428955381,28047,10263,0,0,0,0
2800,233575470463074,28163,13344,0,0,0,0
2801,233575508952997,27927,10562,0,0,0,0
2802,233575549299074,28205,12140,0,0,0,0
2803,233575586726535,26638,10789,0,0,0,0
2804,233575625974458,26608,12639,0,0,0,0
2805,233575662764612,26343,10446,0,0,0,0
2806,233575700447151,27013,10669,0,0,0,0
2807,233575740363997,27808,12107,0,0,0,0
2808,233575781413304,27417,13631,0,0,0,0
2809,233575823452689,30276,11763,0,0,0,0
2810,233575861029920,27253,10324,0,0,0,0
2811,233575898691151,27447,10214,0,0,0,0
2812,233575939474843,28539,12244,0,0,0,0
2813,233575975846151,26086,10284,0,0,0,0
2814,233576015297535,28289,11163,0,0,0,0
2815,233576058392997,32236,10858,0,0,0,0
2816,233576100589612,29131,13065,0,0,0,0
2817,233576140119689,29719,9811,0,0,0,0
2818,233576181357612,29667,11570,0,0,0,0
2819,233576219473227,26120,11994,0,0,0,0
2820,233576257106766,26940,10693,0,0,0,0
2821,233576299440304,29422,12910,0,0,0,0
2822,233576336753535,26913,10399,0,0,0,0
2823,233576376324381,29180,10390,0,0,0,0
2824,233576414977920,27562,11091,0,0,0,0
2825,233576453995997,28975,10043,0,0,0,0
2826,233576492538843,28092,10450,0,0,0,0
2827,233576527407766,26086,8782,0,0,0,0
2828,233576565138843,27312,10419,0,0,0,0
2829,233576601194458,26744,9311,0,0,0,0
2830,233576641091458,27702,12194,0,0,0,0
2831,233576681679458,29240,11347,0,0,0,0
2832,233576718634151,27083,9871,0,0,0,0
2833,233576758133843,29231,10268,0,0,0,0
2834,233576799387689,28631,12622,0,0,0,0
2835,233576836540304,27124,10027,0,0,0,0
2836,233576875508612,28667,10300,0,0,0,0
2837,233576915199689,28829,10861,0,0,0,0
2838,233576952311458,26489,10621,0,0,0,0
2839,233576988254151,27277,8665,0,0,0,0
2840,233577024667689,26611,9803,0,0,0,0
2841,233577065595766,29608,11319,0,0,0,0
2842,233577103546151,27595,10355,0,0,0,0
2843,233577141415689,27480,10388,0,0,0,0
2844,233577182075074,28031,12627,0,0,0,0
2845,233577223330458,29679,11576,0,0,0,0
2846,233577263976997,28745,11901,0,0,0,0
2847,233577302438535,28291,10169,0,0,0,0
2848,233577344128612,27997,13692,0,0,0,0
2849,233577383560074,27168,12263,0,0,0,0
2850,233577422636612,27715,11360,0,0,0,0
2851,233577461210151,28559,10013,0,0,0,0
2852,233577498643766,26577,10856,0,0,0,0
2853,233577539340997,30321,10376,0,0,0,0
2854,233577578518151,26740,12436,0,0,0,0
2855,233577617137535,27349,11269,0,0,0,0
2856,233577656504612,28535,10831,0,0,0,0
2857,233577692307151,25953,9848,0,0,0,0
2858,233577728622228,26503,9812,0,0,0,0
2859,233577774945843,33532,12791,0,0,0,0
2860,233577816368997,27099,14323,0,0,0,0
2861,233577857379381,27438,13571,0,0,0,0
2862,233577896970228,26575,13015,0,0,0,0
2863,233577934459458,26958,10531,0,0,0,0
2864,233577974890843,28586,11845,0,0,0,0
2865,233578019774151,33329,11554,0,0,0,0
2866,233578060072612,27804,12493,0,0,0,0
2867,233578099818843,27015,12731,0,0,0,0
2868,233578140322228,27784,12719,0,0,0,0
2869,233578181878843,29912,11643,0,0,0,0
2870,233578221941920,28518,11544,0,0,0,0
2871,233578261843151,28974,10927,0,0,0,0
2872,233578301877612,27924,12109,0,0,0,0
2873,233578340259458,29257,9124,0,0,0,0
2874,233578380128997,29465,10404,0,0,0,0
2875,233578417291381,27070,10092,0,0,0,0
2876,233578456634228,28185,11157,0,0,0,0
2877,233578499882151,29426,13821,0,0,0,0
2878,233578539318228,28700,10735,0,0,0,0
2879,233578579093920,30094,9681,0,0,0,0
2880,233578614754843,26561,9099,0,0,0,0
2881,233578652545228,29035,8755,0,0,0,0
2882,233578693721612,30085,11091,0,0,0,0
2883,233578734365228,28985,11657,0,0,0,0
2884,233578773457535,28765,10327,0,0,0,0
2885,233578816819689,31775,11586,0,0,0,0
2886,233578856936689,27866,12250,0,0,0,0
2887,233578895113228,28852,9324,0,0,0,0
2888,233578935505612,29769,10623,0,0,0,0
2889,233578976146151,27968,12671,0,0,0,0
2890,233579015601920,28317,11139,0,0,0,0
2891,233579056230843,29037,11591,0,0,0,0
2892,233579100994151,29324,15439,0,0,0,0
2893,233579141612305,29010,11607,0,0,0,0
2894,233579183151151,29478,12060,0,0,0,0
2895,233579221134228,28677,9306,0,0,0,0
2896,233579264453305,31535,11783,0,0,0,0
2897,233579302158766,27060,10644,0,0,0,0
2898,233579342225920,29144,10923,0,0,0,0
2899,233579385374151,32964,10184,0,0,0,0
2900,233579423417920,25675,12368,0,0,0,0
2901,233579460960074,27480,10061,0,0,0,0
2902,233579502043689,28185,12898,0,0,0,0
2903,233579539612689,27938,9630,0,0,0,0
2904,233579573879151,25277,8989,0,0,0,0
2905,233579612231151,29196,9155,0,0,0,0
2906,233579648449305,27601,8617,0,0,0,0
2907,233579688936920,29692,10794,0,0,0,0
2908,233579728273843,28914,10422,0,0,0,0
2909,233579767533535,28304,10954,0,0,0,0
2910,233579805170228,26298,11337,0,0,0,0
2911,233579846354843,28225,12959,0,0,0,0
2912,233579883444382,26730,10359,0,0,0,0
2913,233579926554766,31123,11986,0,0,0,0
2914,233579967428074,29245,11627,0,0,0,0
2915,233580005805920,27719,10659,0,0,0,0
2916,233580045817535,27656,12355,0,0,0,0
2917,233580086279997,30064,10397,0,0,0,0
2918,233580127600382,26689,14630,0,0,0,0
2919,233580168221843,30525,10095,0,0,0,0
2920,233580208560074,28285,12052,0,0,0,0
2921,233580249693843,28305,12828,0,0,0,0
2922,233580289358766,28067,11597,0,0,0,0
2923,233580325740997,26567,9814,0,0,0,0
2924,233580365865612,29681,10442,0,0,0,0
2925,233580403217612,26616,10735,0,0,0,0
2926,233580447728689,29563,14947,0,0,0,0
2927,233580491576382,31297,12549,0,0,0,0
2928,233580531584997,28224,11784,0,0,0,0
2929,233580569218151,26744,10888,0,0,0,0
2930,233580610187997,28858,12111,0,0,0,0
2931,233580644658458,25455,9014,0,0,0,0
2932,233580681530459,26821,10050,0,0,0,0
2933,233580718687766,27966,9190,0,0,0,0
2934,233580764275766,33823,11764,0,0,0,0
2935,233580810964920,33428,13260,0,0,0,0
2936,233580851098459,27449,12684,0,0,0,0
2937,233580899980689,37265,11616,0,0,0,0
2938,233580948564305,34418,14165,0,0,0,0
2939,233580991331766,32805,9962,0,0,0,0
2940,233581043447766,35842,16274,0,0,0,0
2941,233581095901305,36757,15695,0,0,0,0
2942,233581138002459,29859,12241,0,0,0,0
2943,233581176288074,27644,10641,0,0,0,0
2944,233581232171151,41349,14533,0,0,0,0
2945,233581276128997,29250,14707,0,0,0,0
2946,233581314101535,27019,10953,0,0,0,0
2947,233581352457843,29135,9220,0,0,0,0
2948,233581392689920,29268,10963,0,0,0,0
2949,233581435204920,27478,15036,0,0,0,0
2950,233581475144689,28427,11512,0,0,0,0
2951,233581524182228,34284,14753,0,0,0,0
2952,233581562799689,28975,9642,0,0,0,0
2953,233581601752920,29388,9565,0,0,0,0
2954,233581639620920,27696,10172,0,0,0,0
2955,233581682800612,30505,12674,0,0,0,0
2956,233581717494535,25417,9276,0,0,0,0
2957,233581754233305,27411,9327,0,0,0,0
2958,233581792241843,28053,9955,0,0,0,0
2959,233581828696612,27591,8863,0,0,0,0
2960,233581869473843,31306,9470,0,0,0,0
2961,233581907737920,27883,10380,0,0,0,0
2962,233581949654228,28317,13599,0,0,0,0
2963,233581989273305,29179,10439,0,0,0,0
2964,233582031806536,26641,15892,0,0,0,0
2965,233582070534151,27471,11256,0,0,0,0
2966,233582112067766,27872,13661,0,0,0,0
2967,233582149921843,26932,10921,0,0,0,0
2968,233582192411382,29571,12917,0,0,0,0
2969,233582233510843,27359,13740,0,0,0,0
2970,233582276536382,26494,16531,0,0,0,0
2971,233582313560997,26956,10068,0,0,0,0
2972,233582352184305,27475,11147,0,0,0,0
2973,233582390730843,29214,9332,0,0,0,0
2974,233582427727997,26620,10376,0,0,0,0
2975,233582465838536,28142,9967,0,0,0,0
2976,233582507858766,28586,13434,0,0,0,0
2977,233582550347074,28307,14180,0,0,0,0
2978,233582592139766,28740,13052,0,0,0,0
2979,233582631542228,29160,10241,0,0,0,0
2980,233582673972612,28434,13996,0,0,0,0
2981,233582715929305,29222,12734,0,0,0,0
2982,233582755820689,29136,10755,0,0,0,0
2983,233582799157228,30171,13165,0,0,0,0
2984,233582838074459,28526,10390,0,0,0,0
2985,233582876737920,27928,10734,0,0,0,0
2986,233582916699074,26948,13012,0,0,0,0
2987,233582956937228,28864,11373,0,0,0,0
2988,233582994288920,26751,10600,0,0,0,0
2989,233583036595997,27840,14468,0,0,0,0
2990,233583074463382,28013,9853,0,0,0,0
2991,233583115361612,27704,13193,0,0,0,0
2992,233583153220612,26968,10890,0,0,0,0
2993,233583191792074,26980,11591,0,0,0,0
2994,233583230451997,28268,10391,0,0,0,0
2995,233583269520613,27362,11706,0,0,0,0
2996,233583308548613,28179,10848,0,0,0,0
2997,233583349536613,28993,11994,0,0,0,0
2998,233583386951151,26248,11166,0,0,0,0
2999,233583424500305,26071,11477,0,0,0,0
3000,233583468753305,30660,13592,0,0,0,0
3001,233583507475459,28530,10192,0,0,0,0
3002,233583547049843,27384,12190,0,0,0,0
3003,233583588168305,29673,11444,0,0,0,0
3004,233583627110228,27590,11351,0,0,0,0
3005,233583665037228,27121,10805,0,0,0,0
3006,233583704880074,27447,12395,0,0,0,0
3007,233583742634151,27033,10720,0,0,0,0
3008,233583783334151,28560,12139,0,0,0,0
3009,233583823971997,29286,11351,0,0,0,0
3010,233583865210151,28757,12480,0,0,0,0
3011,233583902450536,26829,10411,0,0,0,0
3012,233583939989613,26408,11130,0,0,0,0
3013,233583982053920,28726,13337,0,0,0,0
3014,233584025498536,31924,11520,0,0,0,0
3015,233584064454536,26878,12077,0,0,0,0
3016,233584103409228,27506,11447,0,0,0,0
3017,233584141312613,27352,10551,0,0,0,0
3018,233584177668613,26573,9782,0,0,0,0
3019,233584212829536,26340,8820,0,0,0,0
3020,233584250892689,28404,9658,0,0,0,0
3021,233584287300613,27960,8447,0,0,0,0
3022,233584324956382,27170,10485,0,0,0,0
3023,233584367908305,30090,12861,0,0,0,0
3024,233584403617305,26115,9593,0,0,0,0
3025,233584443333613,29719,9996,0,0,0,0
3026,233584482887151,27609,11944,0,0,0,0
3027,233584518422228,25892,9642,0,0,0,0
3028,233584556964997,27980,10562,0,0,0,0
3029,233584610025305,29904,23155,0,0,0,0
3030,233584649049305,27050,11973,0,0,0,0
3031,233584689711074,26937,13724,0,0,0,0
3032,233584758132690,28961,39459,0,0,0,0
3033,233584796872690,27933,10806,0,0,0,0
3034,233584833694459,26738,10083,0,0,0,0
3035,233584873348074,29529,10124,0,0,0,0
3036,233584907603382,24625,9629,0,0,0,0
3037,233584941994843,25606,8784,0,0,0,0
3038,233584982014766,29572,10447,0,0,0,0
3039,233585024064074,29672,12377,0,0,0,0
3040,233585066446536,29730,12652,0,0,0,0
3041,233585106350843,28739,11164,0,0,0,0
3042,233585143710536,27891,9467,0,0,0,0
3043,233585182845536,29382,9752,0,0,0,0
3044,233585226221613,29447,13928,0,0,0,0
3045,233585265348613,29025,10101,0,0,0,0
3046,233585304198843,28311,10538,0,0,0,0
3047,233585342910766,28192,10519,0,0,0,0
3048,233585381832920,27441,11480,0,0,0,0
3049,233585420689536,28981,9875,0,0,0,0
3050,233585460673613,29141,10842,0,0,0,0
3051,233585498857228,28051,10132,0,0,0,0
3052,233585539705843,29770,11078,0,0,0,0
3053,233585575727382,26071,9950,0,0,0,0
3054,233585614215766,28065,10422,0,0,0,0
3055,233585651167382,26481,10469,0,0,0,0
3056,233585690149536,28356,10625,0,0,0,0
3057,233585726638459,26064,10424,0,0,0,0
3058,233585764732997,28939,9154,0,0,0,0
3059,233585803050536,28617,9700,0,0,0,0
3060,233585840812613,27410,10352,0,0,0,0
3061,233585881482228,30503,10166,0,0,0,0
3062,233585918958459,28095,9380,0,0,0,0
3063,233585956922536,26372,11592,0,0,0,0
3064,233585994556920,28427,9206,0,0,0,0
3065,233586032964613,26944,11464,0,0,0,0
3066,233586072659151,29718,9976,0,0,0,0
3067,233586115780920,33528,9592,0,0,0,0
3068,233586152374767,27377,9216,0,0,0,0
3069,233586188626536,26932,9319,0,0,0,0
3070,233586225345613,26979,9739,0,0,0,0
3071,233586265413305,28165,11902,0,0,0,0
3072,233586306632305,28728,12490,0,0,0,0
3073,233586345262767,29531,9098,0,0,0,0
3074,233586384852305,27994,11595,0,0,0,0
3075,233586425966151,29487,11626,0,0,0,0
3076,233586463943690,27532,10444,0,0,0,0
3077,233586504297613,29530,10823,0,0,0,0
3078,233586541649613,27846,9505,0,0,0,0
3079,233586580798536,27632,11516,0,0,0,0
3080,233586618765228,28113,9853,0,0,0,0
3081,233586665693613,30212,16716,0,0,0,0
3082,233586706949613,27384,13871,0,0,0,0
3083,233586745105305,26919,11236,0,0,0,0
3084,233586785568690,30587,9875,0,0,0,0
3085,233586827631690,28299,13764,0,0,0,0
3086,233586866730228,27420,11677,0,0,0,0
3087,233586907428613,28912,11785,0,0,0,0
3088,233586948558536,29002,12127,0,0,0,0
3089,233586990394459,28749,13086,0,0,0,0
3090,233587025378459,25570,9414,0,0,0,0
3091,233587063186459,27091,10716,0,0,0,0
3092,233587101298459,27160,10951,0,0,0,0
3093,233587137604613,25553,10752,0,0,0,0
3094,233587176263459,26791,11867,0,0,0,0
3095,233587217822767,31771,9787,0,0,0,0
3096,233587258054536,28420,11811,0,0,0,0
3097,233587296122228,28249,9818,0,0,0,0
3098,233587333346459,27499,9724,0,0,0,0
3099,233587372880920,27688,11845,0,0,0,0
3100,233587417618459,32515,12222,0,0,0,0
3101,233587459127767,28837,12672,0,0,0,0
3102,233587499901920,29121,11652,0,0,0,0
3103,233587542700613,28340,14457,0,0,0,0
3104,233587582432997,29846,9885,0,0,0,0
3105,233587621903074,28390,11079,0,0,0,0
3106,233587670962767,35182,13877,0,0,0,0
3107,233587710016690,27500,11553,0,0,0,0
3108,233587748456613,27392,11047,0,0,0,0
3109,233587784808305,26695,9656,0,0,0,0
3110,233587825229228,27360,13060,0,0,0,0
3111,233587865732690,28553,11949,0,0,0,0
3112,233587904663997,28261,10670,0,0,0,0
3113,233587943844690,27634,11546,0,0,0,0
3114,233587983632613,29722,10065,0,0,0,0
3115,233588025601613,28117,13852,0,0,0,0
3116,233588066540074,29647,11291,0,0,0,0
3117,233588104223074,26823,10860,0,0,0,0
3118,233588143746459,29136,10387,0,0,0,0
3119,233588181770459,28401,9622,0,0,0,0
3120,233588223480920,30680,11030,0,0,0,0
3121,233588261740074,27849,10409,0,0,0,0
3122,233588305146767,32065,11341,0,0,0,0
3123,233588343150767,27341,10662,0,0,0,0
3124,233588381014536,27061,10801,0,0,0,0
3125,233588416715074,26521,9178,0,0,0,0
3126,233588457357921,28995,11647,0,0,0,0
3127,233588499241921,27798,14085,0,0,0,0
3128,233588536171459,26528,10401,0,0,0,0
3129,233588574913536,27803,10938,0,0,0,0
3130,233588615739074,28045,12779,0,0,0,0
3131,233588657161921,28958,12464,0,0,0,0
3132,233588698138536,28813,12162,0,0,0,0
3133,233588735215074,25988,11088,0,0,0,0
3134,233588772966536,26582,11168,0,0,0,0
3135,233588811381228,27881,10533,0,0,0,0
3136,233588848200921,28376,8443,0,0,0,0
3137,233588885954536,27391,10362,0,0,0,0
3138,233588925640997,28320,11365,0,0,0,0
3139,233588965579382,29051,10886,0,0,0,0
3140,233589008220613,32080,10561,0,0,0,0
3141,233589048833305,27470,13142,0,0,0,0
3142,233589092402844,29915,13654,0,0,0,0
3143,233589132567690,27899,12265,0,0,0,0
3144,233589173257921,28814,11875,0,0,0,0
3145,233589214652613,29864,11530,0,0,0,0
3146,233589253223690,27482,11089,0,0,0,0
3147,233589293656074,27904,12527,0,0,0,0
3148,233589334344382,29131,11557,0,0,0,0
3149,233589374218536,28621,11252,0,0,0,0
3150,233589414279767,28059,12002,0,0,0,0
3151,233589454722228,29918,10523,0,0,0,0
3152,233589493377536,28457,10197,0,0,0,0
3153,233589532421613,28723,10320,0,0,0,0
3154,233589571363151,28740,10201,0,0,0,0
3155,233589609625536,29796,8465,0,0,0,0
3156,233589648315151,29403,9286,0,0,0,0
3157,233589687061228,29054,9691,0,0,0,0
3158,233589728264382,28012,13190,0,0,0,0
3159,233589766273844,26617,11392,0,0,0,0
3160,233589806521305,29294,10953,0,0,0,0
3161,233589843765921,26836,10407,0,0,0,0
3162,233589885791151,28323,13701,0,0,0,0
3163,233589924541536,27465,11285,0,0,0,0
3164,233589966447074,29588,12317,0,0,0,0
3165,233590012369228,35039,10883,0,0,0,0
3166,233590053098536,29484,11245,0,0,0,0
3167,233590095358228,28546,13713,0,0,0,0
3168,233590135982228,30837,9786,0,0,0,0
3169,233590173355459,27720,9652,0,0,0,0
3170,233590211199998,29053,8790,0,0,0,0
3171,233590248531998,28984,8347,0,0,0,0
3172,233590289622844,31513,9577,0,0,0,0
3173,233590329265613,29437,10205,0,0,0,0
3174,233590364578228,25687,9625,0,0,0,0
3175,233590400858228,26560,9719,0,0,0,0
3176,233590442778536,31159,10760,0,0,0,0
3177,233590483029844,28180,12071,0,0,0,0
3178,233590524866844,28270,13566,0,0,0,0
3179,233590565699767,28036,12796,0,0,0,0
3180,233590606104382,30443,9961,0,0,0,0
3181,233590645421921,28810,10506,0,0,0,0
3182,233590689337305,32858,11056,0,0,0,0
3183,233590726152613,27444,9370,0,0,0,0
3184,233590765071074,28008,10909,0,0,0,0
3185,233590803801305,27615,11115,0,0,0,0
3186,233590841083459,28589,8692,0,0,0,0
3187,233590883206459,29628,12494,0,0,0,0
3188,233590923161613,29393,10561,0,0,0,0
3189,233590964315998,30502,10652,0,0,0,0
3190,233591002315998,27977,10023,0,0,0,0
3191,233591042038844,28441,11281,0,0,0,0
3192,233591080909536,27796,11073,0,0,0,0
3193,233591117692305,27502,9280,0,0,0,0
3194,233591156740382,28747,10301,0,0,0,0
3195,233591198020690,27685,13595,0,0,0,0
3196,233591236413921,28828,9564,0,0,0,0
3197,233591273342767,26673,10255,0,0,0,0
3198,233591311330536,28940,9047,0,0,0,0
3199,233591349915382,27911,10673,0,0,0,0
3200,233591390464690,30748,9801,0,0,0,0
3201,233591429550151,26753,12332,0,0,0,0
3202,233591468200921,29231,9419,0,0,0,0
3203,233591505538151,26638,10699,0,0,0,0
3204,233591543295151,28418,9338,0,0,0,0
3205,233591585004921,32500,9208,0,0,0,0
3206,233591625686767,28912,11769,0,0,0,0
3207,233591663176690,26926,10563,0,0,0,0
3208,233591700788075,27665,9946,0,0,0,0
3209,233591742224690,30697,10738,0,0,0,0
3210,233591782658844,29543,10891,0,0,0,0
3211,233591825103075,30550,11893,0,0,0,0
3212,233591866573921,30163,11307,0,0,0,0
3213,233591905796998,28169,11053,0,0,0,0
3214,233591944921228,27365,11758,0,0,0,0
3215,233591982967382,27755,10290,0,0,0,0
3216,233592023097613,28934,11196,0,0,0,0
3217,233592063921921,29969,10854,0,0,0,0
3218,233592105743998,29752,12069,0,0,0,0
3219,233592146760382,29512,11503,0,0,0,0
3220,233592186200613,29266,10174,0,0,0,0
3221,233592224208305,28429,9578,0,0,0,0
3222,233592265763690,29606,11949,0,0,0,0
3223,233592306518459,28679,12075,0,0,0,0
3224,233592344950844,26812,11620,0,0,0,0
3225,233592382672690,27622,10099,0,0,0,0
3226,233592419186228,27349,9164,0,0,0,0
3227,233592458543152,27077,12279,0,0,0,0
3228,233592497657305,27947,11166,0,0,0,0
3229,233592539771459,28265,13848,0,0,0,0
3230,233592576466459,27255,9440,0,0,0,0
3231,233592616650536,28452,11731,0,0,0,0
3232,233592657679767,28883,12145,0,0,0,0
3233,233592694587382,26488,10419,0,0,0,0
3234,233592733303152,28357,10358,0,0,0,0
3235,233592776839998,29449,14087,0,0,0,0
3236,233592812933228,27309,8783,0,0,0,0
3237,233592851877921,27165,11779,0,0,0,0
3238,233592890275767,28849,9548,0,0,0,0
3239,233592926250152,26102,9871,0,0,0,0
3240,233592969294767,29002,14042,0,0,0,0
3241,233593008473536,30370,8809,0,0,0,0
3242,233593052123767,32784,10865,0,0,0,0
3243,233593088909228,27442,9342,0,0,0,0
3244,233593126652613,28062,9680,0,0,0,0
3245,233593168471075,28913,12905,0,0,0,0
3246,233593207256921,29549,9236,0,0,0,0
3247,233593249988305,31705,11026,0,0,0,0
3248,233593299176998,36569,12618,0,0,0,0
3249,233593348864613,31232,18455,0,0,0,0
3250,233593398629613,35501,14263,0,0,0,0
3251,233593450830767,33623,18578,0,0,0,0
3252,233593494623690,29503,14289,0,0,0,0
3253,233593539870459,33440,11805,0,0,0,0
3254,233593588142152,34492,13778,0,0,0,0
3255,233593636625613,32638,15844,0,0,0,0
3256,233593684818536,32375,15817,0,0,0,0
3257,233593731304690,32271,14214,0,0,0,0
3258,233593774114767,28165,14644,0,0,0,0
3259,233593814668613,27194,13359,0,0,0,0
3260,233593852459690,29031,8759,0,0,0,0
3261,233593891665844,25741,13464,0,0,0,0
3262,233593932178459,30262,10250,0,0,0,0
3263,233593969256305,26962,10115,0,0,0,0
3264,233594013742459,33923,10563,0,0,0,0
3265,233594056758229,29688,13327,0,0,0,0
3266,233594093981305,27152,10070,0,0,0,0
3267,233594131632690,28420,9231,0,0,0,0
3268,233594167873613,26936,9304,0,0,0,0
3269,233594206558459,28245,10439,0,0,0,0
3270,233594242532075,27145,8828,0,0,0,0
3271,233594282279382,28468,11279,0,0,0,0
3272,233594318237613,26718,9239,0,0,0,0
3273,233594356736690,26450,12048,0,0,0,0
3274,233594394734536,26785,11212,0,0,0,0
3275,233594433479075,27849,10895,0,0,0,0
3276,233594473333613,29044,10810,0,0,0,0
3277,233594509241613,25985,9922,0,0,0,0
3278,233594547186844,29368,8576,0,0,0,0
3279,233594585712305,28286,10239,0,0,0,0
3280,233594624205921,27756,10737,0,0,0,0
3281,233594665291152,28135,12949,0,0,0,0
3282,233594702465613,27597,9576,0,0,0,0
3283,233594741654536,29874,9314,0,0,0,0
3284,233594780913613,28319,10939,0,0,0,0
3285,233594821884305,29496,11474,0,0,0,0
3286,233594859625229,27035,10705,0,0,0,0
3287,233594898164613,28885,9654,0,0,0,0
3288,233594935498152,28074,9258,0,0,0,0
3289,233594973047998,28116,9433,0,0,0,0
3290,233595012507767,27845,11614,0,0,0,0
3291,233595048147382,28018,7621,0,0,0,0
3292,233595087743382,30085,9510,0,0,0,0
3293,233595131879152,29277,14857,0,0,0,0
3294,233595166734844,25640,9215,0,0,0,0
3295,233595207977229,29269,11972,0,0,0,0
3296,233595249287998,28869,12441,0,0,0,0
3297,233595290317921,29104,11925,0,0,0,0
3298,233595334034844,33184,10532,0,0,0,0
3299,233595375076306,28571,12469,0,0,0,0
3300,233595415274844,29384,10814,0,0,0,0
3301,233595454735459,28474,10985,0,0,0,0
3302,233595491594152,26995,9862,0,0,0,0
3303,233595529226844,28874,8757,0,0,0,0
3304,233595569396998,30716,9453,0,0,0,0
3305,233595612251382,27484,15369,0,0,0,0
3306,233595650435152,27520,10662,0,0,0,0
3307,233595689658152,27773,11449,0,0,0,0
3308,233595726392690,27156,9578,0,0,0,0
3309,233595764953613,27106,11454,0,0,0,0
3310,233595806290229,30125,11210,0,0,0,0
3311,233595843726844,26402,11033,0,0,0,0
3312,233595883814767,28768,11319,0,0,0,0
3313,233595924765229,28812,12138,0,0,0,0
3314,233595965064382,29972,10326,0,0,0,0
3315,233596002798844,27144,10591,0,0,0,0
3316,233596039742844,27527,9416,0,0,0,0
3317,233596079616998,28640,11233,0,0,0,0
3318,233596120090536,29232,11240,0,0,0,0
3319,233596159892613,28697,11104,0,0,0,0
3320,233596201129306,30534,10702,0,0,0,0
3321,233596240766459,28779,10857,0,0,0,0
3322,233596279051998,28546,9738,0,0,0,0
3323,233596316560306,26295,11212,0,0,0,0
3324,233596356658767,27558,12539,0,0,0,0
3325,233596391703767,24959,10085,0,0,0,0
3326,233596431014767,29201,10109,0,0,0,0
3327,233596473272075,30510,11746,0,0,0,0
3328,233596511662844,26595,11795,0,0,0,0
3329,233596548307459,27860,8783,0,0,0,0
3330,233596585712998,27317,10088,0,0,0,0
3331,233596627857536,30665,11479,0,0,0,0
3332,233596665164075,26928,10378,0,0,0,0
3333,233596704631767,28271,11196,0,0,0,0
3334,233596744993921,28838,11523,0,0,0,0
3335,233596783124921,26832,11299,0,0,0,0
3336,233596824408921,29148,12136,0,0,0,0
3337,233596874144383,34674,15060,0,0,0,0
3338,233596916512306,28621,13746,0,0,0,0
3339,233596957384921,28381,12491,0,0,0,0
3340,233596998807690,29853,11569,0,0,0,0
3341,233597039772998,29606,11359,0,0,0,0
3342,233597079522229,27750,11999,0,0,0,0
3343,233597119200383,28724,10954,0,0,0,0
3344,233597159171767,27624,12346,0,0,0,0
3345,233597200911998,30542,11198,0,0,0,0
3346,233597239401613,27839,10650,0,0,0,0
3347,233597278359767,27347,11610,0,0,0,0
3348,233597317397229,27720,11316,0,0,0,0
3349,233597357228921,28760,11071,0,0,0,0
3350,233597395140383,27273,10637,0,0,0,0
3351,233597432439767,26805,10494,0,0,0,0
3352,233597472247383,30305,9502,0,0,0,0
3353,233597512432306,29342,10842,0,0,0,0
3354,233597550849229,27668,10748,0,0,0,0
3355,233597591266767,29595,10821,0,0,0,0
3356,233597633051767,29961,11823,0,0,0,0
3357,233597676481844,27791,15638,0,0,0,0
3358,233597716938536,29648,10808,0,0,0,0
3359,233597757649844,28743,11967,0,0,0,0
3360,233597797513536,29597,10266,0,0,0,0
3361,233597839352383,30984,10854,0,0,0,0
3362,233597878731383,28557,10821,0,0,0,0
3363,233597917081844,28369,9981,0,0,0,0
3364,233597956589536,26705,12801,0,0,0,0
3365,233597994826536,28436,9800,0,0,0,0
3366,233598038335998,29277,14232,0,0,0,0
3367,233598077517306,27857,11324,0,0,0,0
3368,233598116786767,28010,11259,0,0,0,0
3369,233598158147075,29480,11880,0,0,0,0
3370,233598198274536,28072,12055,0,0,0,0
3371,233598242635767,31124,13236,0,0,0,0
3372,233598290721536,28950,19135,0,0,0,0
3373,233598331511767,28112,12677,0,0,0,0
3374,233598373024690,28319,13193,0,0,0,0
3375,233598413249613,27286,12938,0,0,0,0
3376,233598454873306,29267,12356,0,0,0,0
3377,233598494440998,28243,11324,0,0,0,0
3378,233598535072921,29326,11305,0,0,0,0
3379,233598576551998,27079,14400,0,0,0,0
3380,233598619551690,30826,12173,0,0,0,0
3381,233598661947152,28742,13652,0,0,0,0
3382,233598702678844,28762,11968,0,0,0,0
3383,233598742298229,28414,11205,0,0,0,0
3384,233598781787383,27401,12088,0,0,0,0
3385,233598823763767,30176,11800,0,0,0,0
3386,233598864896998,27846,13287,0,0,0,0
3387,233598906500306,30312,11291,0,0,0,0
3388,233598944422229,26590,11331,0,0,0,0
3389,233598983013613,29317,9273,0,0,0,0
3390,233599025860998,29352,13496,0,0,0,0
3391,233599066033844,29120,11052,0,0,0,0
3392,233599106750537,30195,10521,0,0,0,0
3393,233599145004075,27704,10549,0,0,0,0
3394,233599183624075,28502,10117,0,0,0,0
3395,233599231019383,29866,17529,0,0,0,0
3396,233599278552921,31132,16400,0,0,0,0
3397,233599324187383,31871,13763,0,0,0,0
3398,233599373755998,33230,16337,0,0,0,0
3399,233599422074152,33533,14784,0,0,0,0
3400,233599469781921,30719,16988,0,0,0,0
3401,233599507200613,27483,9935,0,0,0,0
3402,233599544989844,27367,10422,0,0,0,0
3403,233599583814229,27543,11281,0,0,0,0
3404,233599625555690,31453,10288,0,0,0,0
3405,233599668247075,28135,14556,0,0,0,0
3406,233599709446460,29217,11981,0,0,0,0
3407,233599750139767,28797,11895,0,0,0,0
3408,233599789727460,27776,11811,0,0,0,0
3409,233599830856383,28028,13100,0,0,0,0
3410,233599876756613,30406,15494,0,0,0,0
3411,233599922193229,33915,11521,0,0,0,0
3412,233599969100690,32004,14902,0,0,0,0
3413,233600013300613,28707,15492,0,0,0,0
3414,233600057307767,29803,14203,0,0,0,0
3415,233600098227460,29152,11767,0,0,0,0
3416,233600138484690,29140,11116,0,0,0,0
3417,233600179335767,29251,11599,0,0,0,0
3418,233600215130537,25967,9827,0,0,0,0
3419,233600255918152,30253,10533,0,0,0,0
3420,233600293348306,26859,10571,0,0,0,0
3421,233600336882229,30781,12752,0,0,0,0
3422,233600381572306,30797,13892,0,0,0,0
3423,233600426463383,30100,14790,0,0,0,0
3424,233600465811690,28162,11185,0,0,0,0
3425,233600507979460,30509,11658,0,0,0,0
3426,233600548337229,29583,10774,0,0,0,0
3427,233600586470537,27944,10188,0,0,0,0
3428,233600628447152,30854,11122,0,0,0,0
3429,233600676381921,32388,15546,0,0,0,0
3430,233600715384690,26831,12171,0,0,0,0
3431,233600751952383,26694,9872,0,0,0,0
3432,233600790383460,28286,10144,0,0,0,0
3433,233600828270460,26835,11052,0,0,0,0
3434,233600864769614,25883,10615,0,0,0,0
3435,233600901766537,26159,10837,0,0,0,0
3436,233600938432921,26947,9718,0,0,0,0
3437,233600977089844,26318,12338,0,0,0,0
3438,233601015080998,28352,9639,0,0,0,0
3439,233601052784921,27309,10394,0,0,0,0
3440,233601090435998,27312,10338,0,0,0,0
3441,233601126636614,27390,8809,0,0,0,0
3442,233601165273537,27426,11210,0,0,0,0
3443,233601205904921,30199,10431,0,0,0,0
3444,233601245498460,27867,11726,0,0,0,0
3445,233601289206537,29575,14132,0,0,0,0
3446,233601326970537,26127,11636,0,0,0,0
3447,233601369267383,28212,14083,0,0,0,0
3448,233601406830844,27225,10338,0,0,0,0
3449,233601448842460,30008,12003,0,0,0,0
3450,233601490565537,29831,11891,0,0,0,0
3451,233601529916075,27227,12123,0,0,0,0
3452,233601569421306,27868,11636,0,0,0,0
3453,233601606482460,27075,9985,0,0,0,0
3454,233601643957306,27729,9745,0,0,0,0
3455,233601683738767,28895,10886,0,0,0,0
3456,233601723881306,27987,12155,0,0,0,0
3457,233601762886844,28463,10542,0,0,0,0
3458,233601801764075,27993,10883,0,0,0,0
3459,233601840756383,28057,10935,0,0,0,0
3460,233601881564614,27696,13111,0,0,0,0
3461,233601923486767,29119,12803,0,0,0,0
3462,233601964775075,30463,10824,0,0,0,0
3463,233602003551460,28571,10205,0,0,0,0
3464,233602043040075,29084,10403,0,0,0,0
3465,233602081439383,28799,9600,0,0,0,0
3466,233602123084075,30733,10911,0,0,0,0
3467,233602163711460,29508,11118,0,0,0,0
3468,233602202471998,28105,10654,0,0,0,0
3469,233602241412998,27375,11565,0,0,0,0
3470,233602280298460,27434,11451,0,0,0,0
3471,233602319744614,28408,11037,0,0,0,0
3472,233602362122460,29354,13023,0,0,0,0
3473,233602406150767,32064,11963,0,0,0,0
3474,233602443772383,27258,10363,0,0,0,0
3475,233602483063383,28473,10817,0,0,0,0
3476,233602522944921,28339,11542,0,0,0,0
3477,233602561168075,28031,10191,0,0,0,0
3478,233602599914152,28219,10527,0,0,0,0
3479,233602639507998,28144,11449,0,0,0,0
3480,233602689745537,36908,13328,0,0,0,0
3481,233602730728691,29628,11354,0,0,0,0
3482,233602769636614,28781,10126,0,0,0,0
3483,233602809038152,26704,12696,0,0,0,0
3484,233602847981921,28378,10565,0,0,0,0
3485,233602884374537,26463,9929,0,0,0,0
3486,233602924572614,27841,12356,0,0,0,0
3487,233602965208998,26894,13741,0,0,0,0
3488,233603009399152,30661,13529,0,0,0,0
3489,233603050742844,29164,12179,0,0,0,0
3490,233603093759152,27936,15080,0,0,0,0
3491,233603135658537,29445,12454,0,0,0,0
3492,233603173345844,27365,10322,0,0,0,0
3493,233603214408691,29819,11243,0,0,0,0
3494,233603259371460,32263,12699,0,0,0,0
3495,233603305261614,30012,15878,0,0,0,0
3496,233603345424921,28474,11688,0,0,0,0
3497,233603385346537,26639,13282,0,0,0,0
3498,233603428577844,29961,13269,0,0,0,0
3499,233603467476998,27955,10943,0,0,0,0
3500,233603508966768,29352,12136,0,0,0,0
3501,233603553468614,28288,16213,0,0,0,0
3502,233603595809921,29626,12715,0,0,0,0
3503,233603635303998,29127,10366,0,0,0,0
3504,233603673421844,27320,10797,0,0,0,0
3505,233603715151152,31657,10072,0,0,0,0
3506,233603754702229,28795,10756,0,0,0,0
3507,233603799797614,28337,16758,0,0,0,0
3508,233603842431460,31104,11529,0,0,0,0
3509,233603881311998,28207,10672,0,0,0,0
3510,233603920296306,28917,10066,0,0,0,0
3511,233603958112691,28198,9618,0,0,0,0
3512,233603998238845,28638,11488,0,0,0,0
3513,233604039891152,30108,11544,0,0,0,0
3514,233604077696614,27076,10729,0,0,0,0
3515,233604114987460,27901,9389,0,0,0,0
3516,233604155588921,29025,11575,0,0,0,0
3517,233604196289306,30509,10190,0,0,0,0
3518,233604237472306,28993,12189,0,0,0,0
3519,233604278389306,28479,12437,0,0,0,0
3520,233604322997845,29289,15319,0,0,0,0
3521,233604362987383,28744,11245,0,0,0,0
3522,233604402530768,28368,11175,0,0,0,0
3523,233604442505614,30284,9690,0,0,0,0
3524,233604484723152,28539,13678,0,0,0,0
3525,233604525907998,30312,10871,0,0,0,0
3526,233604565584383,29091,10585,0,0,0,0
3527,233604602841537,28227,9029,0,0,0,0
3528,233604641351768,28188,10322,0,0,0,0
3529,233604676489845,25848,9289,0,0,0,0
3530,233604717300383,29341,11468,0,0,0,0
3531,233604757758537,30141,10316,0,0,0,0
3532,233604795920691,26870,11291,0,0,0,0
3533,233604832694229,27190,9582,0,0,0,0
3534,233604875519152,27890,14934,0,0,0,0
3535,233604917626229,30591,11515,0,0,0,0
3536,233604958403075,28930,11846,0,0,0,0
3537,233604998467152,28641,11422,0,0,0,0
3538,233605039650229,29254,11929,0,0,0,0
3539,233605084143383,32938,11554,0,0,0,0
3540,233605122335998,26816,11375,0,0,0,0
3541,233605162295152,29795,10163,0,0,0,0
3542,233605205543075,33102,10145,0,0,0,0
3543,233605254001229,38147,10310,0,0,0,0
3544,233605298715691,29378,15336,0,0,0,0
3545,233605335395998,26884,9795,0,0,0,0
3546,233605372759075,27603,9759,0,0,0,0
3547,233605411538460,27540,11238,0,0,0,0
3548,233605448319075,28833,7946,0,0,0,0
3549,233605485840383,26909,10611,0,0,0,0
3550,233605524376306,28039,10496,0,0,0,0
3551,233605566028075,29291,12360,0,0,0,0
3552,233605600527075,25410,9088,0,0,0,0
3553,233605640161537,29756,9878,0,0,0,0
3554,233605678747460,27222,11363,0,0,0,0
3555,233605721542768,32368,10426,0,0,0,0
3556,233605763964691,28538,13883,0,0,0,0
3557,233605800291383,27807,8519,0,0,0,0
3558,233605848169614,36325,11552,0,0,0,0
3559,233605888792998,27991,12631,0,0,0,0
3560,233605929234229,29724,10716,0,0,0,0
3561,233605973100306,30731,13134,0,0,0,0
3562,233606026227383,38857,14270,0,0,0,0
3563,233606063757537,28172,9357,0,0,0,0
3564,233606106156691,32327,10071,0,0,0,0
3565,233606158313614,35880,16276,0,0,0,0
3566,233606208109537,34834,14961,0,0,0,0
3567,233606253208306,30303,14795,0,0,0,0
3568,233606294431383,29847,11375,0,0,0,0
3569,233606331771691,27871,9468,0,0,0,0
3570,233606369527768,29371,8384,0,0,0,0
3571,233606409678152,30135,10014,0,0,0,0
3572,233606450235152,30099,10457,0,0,0,0
3573,233606489984306,27273,12475,0,0,0,0
3574,233606527619152,26572,11062,0,0,0,0
3575,233606565853845,27770,10464,0,0,0,0
3576,233606606013229,27450,12709,0,0,0,0
3577,233606644454152,27736,10704,0,0,0,0
3578,233606691978152,28892,18632,0,0,0,0
3579,233606731893306,27589,12326,0,0,0,0
3580,233606770011075,27287,10830,0,0,0,0
3581,233606807130845,26462,10657,0,0,0,0
3582,233606846457845,28175,11151,0,0,0,0
3583,233606885402229,28400,10543,0,0,0,0
3584,233606926963152,30302,11258,0,0,0,0
3585,233606965406537,28206,10237,0,0,0,0
3586,233607005850229,29775,10669,0,0,0,0
3587,233607044723999,27823,11049,0,0,0,0
3588,233607083309922,28064,10521,0,0,0,0
3589,233607122164306,27629,11224,0,0,0,0
3590,233607160707383,27843,10699,0,0,0,0
3591,233607199067152,27660,10699,0,0,0,0
3592,233607239316922,29057,11192,0,0,0,0
3593,233607281428999,30522,11589,0,0,0,0
3594,233607319991152,27618,10943,0,0,0,0
3595,233607360656614,28320,12344,0,0,0,0
3596,233607398828922,27767,10404,0,0,0,0
3597,233607438869306,29231,10809,0,0,0,0
3598,233607478119383,28050,11199,0,0,0,0
3599,233607518740999,28670,11950,0,0,0,0
3600,233607558078537,28681,10656,0,0,0,0
3601,233607597660691,27147,12434,0,0,0,0
3602,233607639136922,30225,11250,0,0,0,0
3603,233607691451152,41212,11101,0,0,0,0
3604,233607733702460,27916,14334,0,0,0,0
3605,233607777539460,30163,13673,0,0,0,0
3606,233607815632076,28437,9655,0,0,0,0
3607,233607857338229,28383,13322,0,0,0,0
3608,233607899561922,29364,12859,0,0,0,0
3609,233607938961922,27643,11756,0,0,0,0
3610,233607978009537,27316,11731,0,0,0,0
3611,233608017713614,28163,11541,0,0,0,0
3612,233608056863460,27492,11657,0,0,0,0
3613,233608094920922,27216,10840,0,0,0,0
3614,233608133698537,27862,10915,0,0,0,0
3615,233608172433306,27615,11119,0,0,0,0
3616,233608212121922,30144,9544,0,0,0,0
3617,233608252085229,29460,10502,0,0,0,0
3618,233608289175383,27462,9628,0,0,0,0
3619,233608326961537,27737,10048,0,0,0,0
3620,233608367388614,28427,11999,0,0,0,0
3621,233608407294460,28515,11390,0,0,0,0
3622,233608449578229,30308,11975,0,0,0,0
3623,233608493023152,28589,14855,0,0,0,0
3624,233608533756922,28575,12158,0,0,0,0
3625,233608574879460,28249,12872,0,0,0,0
3626,233608615644999,28562,12202,0,0,0,0
3627,233608654028383,27993,10389,0,0,0,0
3628,233608693015691,29374,9613,0,0,0,0
3629,233608733803460,29220,11567,0,0,0,0
3630,233608774461922,29477,11181,0,0,0,0
3631,233608815235460,30203,10569,0,0,0,0
3632,233608853992383,27312,11444,0,0,0,0
3633,233608892457229,26938,11526,0,0,0,0
3634,233608928398537,27124,8817,0,0,0,0
3635,233608966519691,27462,10659,0,0,0,0
3636,233609008658152,30009,12129,0,0,0,0
3637,233609050064614,29327,12079,0,0,0,0
3638,233609093900076,31227,12608,0,0,0,0
3639,233609142917537,30144,18872,0,0,0,0
3640,233609179636306,26861,9857,0,0,0,0
3641,233609219282153,27383,12261,0,0,0,0
3642,233609257879383,28315,10281,0,0,0,0
3643,233609299741614,32425,9436,0,0,0,0
3644,233609349274537,31927,17605,0,0,0,0
3645,233609392413922,30428,12711,0,0,0,0
3646,233609431999153,28547,11037,0,0,0,0
3647,233609469628691,26344,11285,0,0,0,0
3648,233609511399691,29674,12096,0,0,0,0
3649,233609552388691,29820,11168,0,0,0,0
3650,233609593852999,28378,13085,0,0,0,0
3651,233609637783460,29628,14302,0,0,0,0
3652,233609680190537,27352,15055,0,0,0,0
3653,233609718769306,28529,10048,0,0,0,0
3654,233609760283153,29563,11950,0,0,0,0
3655,233609800651768,28853,11515,0,0,0,0
3656,233609842543691,29024,12867,0,0,0,0
3657,233609883659999,29776,11340,0,0,0,0
3658,233609923932922,28790,11482,0,0,0,0
3659,233609965508076,28625,12949,0,0,0,0
3660,233610006400922,29755,11138,0,0,0,0
3661,233610048242845,30496,11345,0,0,0,0
3662,233610096509614,31646,16620,0,0,0,0
3663,233610135897845,26842,12545,0,0,0,0
3664,233610172711460,26343,10469,0,0,0,0
3665,233610211200306,28564,9924,0,0,0,0
3666,233610249216383,29229,8786,0,0,0,0
3667,233610289486768,28110,12159,0,0,0,0
3668,233610329706845,28135,12084,0,0,0,0
3669,233610369951999,28220,12024,0,0,0,0
3670,233610408228614,27797,10478,0,0,0,0
3671,233610449948691,29490,12229,0,0,0,0
3672,233610491304922,27823,13532,0,0,0,0
3673,233610533081306,29664,12111,0,0,0,0
3674,233610575316999,28172,14063,0,0,0,0
3675,233610618024922,30918,11789,0,0,0,0
3676,233610659485922,29458,12002,0,0,0,0
3677,233610701974537,29398,13090,0,0,0,0
3678,233610742134537,29063,11096,0,0,0,0
3679,233610783646153,26865,14646,0,0,0,0
3680,233610825048999,28358,13044,0,0,0,0
3681,233610866881306,27561,14270,0,0,0,0
3682,233610907425845,29391,11152,0,0,0,0
3683,233610945088691,26404,11258,0,0,0,0
3684,233610984145614,28695,10361,0,0,0,0
3685,233611024052922,29458,10450,0,0,0,0
3686,233611066803999,30132,12619,0,0,0,0
3687,233611107728306,29212,11712,0,0,0,0
3688,233611148985537,30016,11240,0,0,0,0
3689,233611189364999,28580,11798,0,0,0,0
3690,233611226892999,27556,9971,0,0,0,0
3691,233611266278460,26591,12794,0,0,0,0
3692,233611306466537,29490,10697,0,0,0,0
3693,233611347166768,30134,10565,0,0,0,0
3694,233611390620999,29189,14264,0,0,0,0
3695,233611431794153,30626,10546,0,0,0,0
3696,233611467895691,26086,10015,0,0,0,0
3697,233611506905306,29013,9996,0,0,0,0
3698,233611544676306,26565,11205,0,0,0,0
3699,233611585225614,29991,10557,0,0,0,0
3700,233611622717845,27214,10277,0,0,0,0
3701,233611659527076,27768,9040,0,0,0,0
3702,233611695199460,26337,9334,0,0,0,0
3703,233611728508614,24394,8914,0,0,0,0
3704,233611764900076,29013,7378,0,0,0,0
3705,233611800532691,26079,9552,0,0,0,0
3706,233611842867153,29385,12948,0,0,0,0
3707,233611879617307,28051,8699,0,0,0,0
3708,233611917363691,27730,10016,0,0,0,0
3709,233611954747691,27071,10312,0,0,0,0
3710,233611995068922,29985,10336,0,0,0,0
3711,233612040709614,34915,10726,0,0,0,0
3712,233612091198768,36686,13802,0,0,0,0
3713,233612141589307,35435,14954,0,0,0,0
3714,233612195373537,36805,16979,0,0,0,0
3715,233612240093614,33446,11273,0,0,0,0
3716,233612276895153,27550,9251,0,0,0,0
3717,233612320748076,34003,9849,0,0,0,0
3718,233612374085614,40242,13094,0,0,0,0
3719,233612415401230,30737,10578,0,0,0,0
3720,233612451836691,26563,9872,0,0,0,0
3721,233612487285845,26774,8675,0,0,0,0
3722,233612525578845,28781,9512,0,0,0,0
3723,233612566655153,29743,11333,0,0,0,0
3724,233612602005614,25563,9787,0,0,0,0
3725,233612644580999,33088,9487,0,0,0,0
3726,233612685082537,29601,10899,0,0,0,0
3727,233612723936307,28553,10300,0,0,0,0
3728,233612761627153,27094,10596,0,0,0,0
3729,233612797692691,26527,9538,0,0,0,0
3730,233612836284383,29287,9303,0,0,0,0
3731,233612880867153,31731,12851,0,0,0,0
3732,233612916754845,25186,10701,0,0,0,0
3733,233612953733614,27031,9947,0,0,0,0
3734,233612991371076,28492,9145,0,0,0,0
3735,233613025337614,26072,7895,0,0,0,0
3736,233613067604384,30839,11427,0,0,0,0
3737,233613104783999,27099,10079,0,0,0,0
3738,233613142553230,27306,10463,0,0,0,0
3739,233613181919384,27592,11774,0,0,0,0
3740,233613223424384,30259,11245,0,0,0,0
3741,233613263301230,27902,11974,0,0,0,0
3742,233613300683768,28524,8857,0,0,0,0
3743,233613342647999,30464,11500,0,0,0,0
3744,233613382117537,27026,12443,0,0,0,0
3745,233613422090460,30838,9134,0,0,0,0
3746,233613463852691,29855,11907,0,0,0,0
3747,233613500974537,27379,9742,0,0,0,0
3748,233613540723460,29323,10425,0,0,0,0
3749,233613576238845,25617,9897,0,0,0,0
3750,233613615311384,29325,9746,0,0,0,0
3751,233613656293307,29476,11505,0,0,0,0
3752,233613699304307,32762,10248,0,0,0,0
3753,233613734956076,25984,9666,0,0,0,0
3754,233613776267460,29410,11900,0,0,0,0
3755,233613814742153,28464,10010,0,0,0,0
3756,233613852242537,25876,11623,0,0,0,0
3757,233613893961230,30819,10899,0,0,0,0
3758,233613939846845,31663,14222,0,0,0,0
3759,233613978229307,29262,9120,0,0,0,0
3760,233614017780691,28321,11230,0,0,0,0
3761,233614057139153,28960,10398,0,0,0,0
3762,233614092448384,24566,10742,0,0,0,0
3763,233614133436922,28770,12218,0,0,0,0
3764,233614173670153,29158,11074,0,0,0,0
3765,233614210053537,27329,9053,0,0,0,0
3766,233614249147768,29322,9772,0,0,0,0
3767,233614291093230,28984,12961,0,0,0,0
3768,233614333866230,31336,11437,0,0,0,0
3769,233614375014768,27919,13229,0,0,0,0
3770,233614413085922,28320,9750,0,0,0,0
3771,233614455987691,30174,12727,0,0,0,0
3772,233614494911691,28159,10764,0,0,0,0
3773,233614537537845,31278,11347,0,0,0,0
3774,233614576367384,27624,11204,0,0,0,0
3775,233614616107691,29314,10426,0,0,0,0
3776,233614654484076,27954,10421,0,0,0,0
3777,233614694979384,29451,11044,0,0,0,0
3778,233614732082230,28013,9089,0,0,0,0
3779,233614773292384,32078,9131,0,0,0,0
3780,233614814476999,28407,12776,0,0,0,0
3781,233614855283461,32062,8744,0,0,0,0
3782,233614893547461,26818,11445,0,0,0,0
3783,233614932644307,29465,9631,0,0,0,0
3784,233614972319076,30605,9069,0,0,0,0
3785,233615005905922,26050,7537,0,0,0,0
3786,233615047511691,29517,12087,0,0,0,0
3787,233615086522768,28001,11009,0,0,0,0
3788,233615123608922,27717,9368,0,0,0,0
3789,233615164217614,30570,10037,0,0,0,0
3790,233615203847461,30196,9433,0,0,0,0
3791,233615243574153,29306,10420,0,0,0,0
3792,233615284249230,29103,11571,0,0,0,0
3793,233615322077845,27095,10733,0,0,0,0
3794,233615360835768,27981,10776,0,0,0,0
3795,233615401905922,30231,10838,0,0,0,0
3796,233615440642461,28384,10351,0,0,0,0
3797,233615481535768,28532,12361,0,0,0,0
3798,233615518300691,26113,10651,0,0,0,0
3799,233615555991768,28629,9061,0,0,0,0
3800,233615593271076,27734,9544,0,0,0,0
3801,233615631352076,27736,10345,0,0,0,0
3802,233615666926153,26760,8813,0,0,0,0
3803,233615707433614,29949,10558,0,0,0,0
3804,233615749691691,29437,12820,0,0,0,0
3805,233615792472384,28221,14558,0,0,0,0
3806,233615832552307,28160,11919,0,0,0,0
3807,233615875587153,29514,13520,0,0,0,0
3808,233615916181614,27202,13391,0,0,0,0
3809,233615959155384,29271,13702,0,0,0,0
3810,233615998254230,28609,10489,0,0,0,0
3811,233616035278461,26517,10508,0,0,0,0
3812,233616073913307,29378,9256,0,0,0,0
3813,233616111430845,28023,9494,0,0,0,0
3814,233616150975768,29604,9940,0,0,0,0
3815,233616189616922,27880,10760,0,0,0,0
3816,233616230049922,28687,11745,0,0,0,0
3817,233616269348691,28118,11179,0,0,0,0
3818,233616307975461,27104,11522,0,0,0,0
3819,233616348103691,27966,12161,0,0,0,0
3820,233616388177230,30335,9738,0,0,0,0
3821,233616426579461,27437,10964,0,0,0,0
3822,233616465322768,27544,11198,0,0,0,0
3823,233616503870768,28099,10448,0,0,0,0
3824,233616541431691,28074,9486,0,0,0,0
3825,233616584853307,31438,11983,0,0,0,0
3826,233616627355999,29371,13131,0,0,0,0
3827,233616666360999,28872,10133,0,0,0,0
3828,233616703452691,27517,9573,0,0,0,0
3829,233616741325230,27977,9895,0,0,0,0
3830,233616782483691,30174,10984,0,0,0,0
3831,233616822373615,27342,12547,0,0,0,0
3832,233616861816076,27945,11497,0,0,0,0
3833,233616900289307,28877,9595,0,0,0,0
3834,233616939296999,28184,10823,0,0,0,0
3835,233616975416076,26437,9682,0,0,0,0
3836,233617014020999,28278,10327,0,0,0,0
3837,233617051834153,27573,10239,0,0,0,0
3838,233617089664922,28521,9309,0,0,0,0
3839,233617126281538,25626,10990,0,0,0,0
3840,233617165324076,27439,11602,0,0,0,0
3841,233617201349845,25792,10233,0,0,0,0
3842,233617240768384,27628,11790,0,0,0,0
3843,233617282197307,29384,12044,0,0,0,0
3844,233617323803384,30536,11070,0,0,0,0
3845,233617361891384,27236,10851,0,0,0,0
3846,233617402810768,29439,11479,0,0,0,0
3847,233617441925845,27046,12068,0,0,0,0
3848,233617484849845,30970,11953,0,0,0,0
3849,233617523839768,29557,9432,0,0,0,0
3850,233617561768922,27989,9940,0,0,0,0
3851,233617599804615,28210,9825,0,0,0,0
3852,233617639611999,28028,11778,0,0,0,0
3853,233617680306153,28915,11778,0,0,0,0
3854,233617718564922,28396,9862,0,0,0,0
3855,233617756093538,28844,8684,0,0,0,0
3856,233617797564691,30561,10910,0,0,0,0
3857,233617839851768,32441,9845,0,0,0,0
3858,233617877534461,27498,10184,0,0,0,0
3859,233617914365307,27100,9730,0,0,0,0
3860,233617950991461,26878,9747,0,0,0,0
3861,233617984859384,26984,6883,0,0,0,0
3862,233618025114230,28827,11428,0,0,0,0
3863,233618066559076,29702,11742,0,0,0,0
3864,233618109384384,29978,12846,0,0,0,0
3865,233618155990230,33900,12705,0,0,0,0
3866,233618214876615,44518,14368,0,0,0,0
3867,233618264141845,34918,14346,0,0,0,0
3868,233618309262153,34826,10294,0,0,0,0
3869,233618347735461,28698,9774,0,0,0,0
3870,233618391041538,31055,12250,0,0,0,0
3871,233618424861307,25265,8554,0,0,0,0
3872,233618464602845,28700,11041,0,0,0,0
3873,233618500147384,27174,8370,0,0,0,0
3874,233618541025230,28135,12742,0,0,0,0
3875,233618585460615,35236,9198,0,0,0,0
3876,233618626348692,26773,14115,0,0,0,0
3877,233618661611153,25429,9833,0,0,0,0
3878,233618697430153,26786,9032,0,0,0,0
3879,233618740572922,32704,10437,0,0,0,0
3880,233618781689538,27563,13552,0,0,0,0
3881,233618816776922,25522,9564,0,0,0,0
3882,233618857504615,27958,12769,0,0,0,0
3883,233618898818461,29227,12086,0,0,0,0
3884,233618936626153,27358,10449,0,0,0,0
3885,233618976118845,28518,10974,0,0,0,0
3886,233619015353615,28476,10759,0,0,0,0
3887,233619053435999,27934,10148,0,0,0,0
3888,233619096189922,27394,15359,0,0,0,0
3889,233619133724307,28145,9389,0,0,0,0
3890,233619172927692,27731,11471,0,0,0,0
3891,233619215263076,30599,11736,0,0,0,0
3892,233619264913615,32510,17140,0,0,0,0
3893,233619301484076,27250,9319,0,0,0,0
3894,233619340899768,29998,9416,0,0,0,0
3895,233619378904384,28118,9886,0,0,0,0
3896,233619416796384,28801,9090,0,0,0,0
3897,233619455503153,27330,11376,0,0,0,0
3898,233619493719153,27584,10632,0,0,0,0
3899,233619531528384,27548,10260,0,0,0,0
3900,233619568767076,28506,8732,0,0,0,0
3901,233619607451461,27801,10882,0,0,0,0
3902,233619644907692,27179,10276,0,0,0,0
3903,233619682146230,28290,8947,0,0,0,0
3904,233619719930153,27003,10780,0,0,0,0
3905,233619757452922,27553,9969,0,0,0,0
3906,233619798112692,29095,11564,0,0,0,0
3907,233619835187076,26833,10241,0,0,0,0
3908,233619876207461,28843,12177,0,0,0,0
3909,233619921334769,29478,15648,0,0,0,0
3910,233619958828076,28046,9446,0,0,0,0
3911,233620001592692,31320,11445,0,0,0,0
3912,233620040306845,29281,9432,0,0,0,0
3913,233620081691769,31860,9524,0,0,0,0
3914,233620119709845,27276,10742,0,0,0,0
3915,233620165179384,30838,14631,0,0,0,0
3916,233620205604076,30112,10311,0,0,0,0
3917,233620244267076,27801,10861,0,0,0,0
3918,233620283313230,28803,10242,0,0,0,0
3919,233620322562230,27442,11806,0,0,0,0
3920,233620359911384,27998,9350,0,0,0,0
3921,233620399216615,28674,10630,0,0,0,0
3922,233620440780615,29724,11839,0,0,0,0
3923,233620489708692,33387,15540,0,0,0,0
3924,233620527743769,28346,9688,0,0,0,0
3925,233620569273230,29691,11837,0,0,0,0
3926,233620605109922,27114,8722,0,0,0,0
3927,233620645674845,31136,9428,0,0,0,0
3928,233620685808999,29661,10472,0,0,0,0
3929,233620725848076,29391,10647,0,0,0,0
3930,233620764645615,27663,11134,0,0,0,0
3931,233620801569307,26912,10011,0,0,0,0
3932,233620840264384,28279,10415,0,0,0,0
3933,233620876165615,26641,9259,0,0,0,0
3934,233620914726153,27795,10764,0,0,0,0
3935,233620952111153,27476,9908,0,0,0,0
3936,233620989113846,27995,9007,0,0,0,0
3937,233621028714538,30450,9151,0,0,0,0
3938,233621065687999,27792,9180,0,0,0,0
3939,233621105831076,28103,12039,0,0,0,0
3940,233621145712384,28161,11720,0,0,0,0
3941,233621182282230,26836,9733,0,0,0,0
3942,233621224523461,31695,10546,0,0,0,0
3943,233621266555384,30055,11976,0,0,0,0
3944,233621305942846,28916,10471,0,0,0,0
3945,233621343107153,27932,9231,0,0,0,0
3946,233621382793230,26872,12813,0,0,0,0
3947,233621424987384,30773,11420,0,0,0,0
3948,233621464775692,29486,10301,0,0,0,0
3949,233621502223999,27796,9652,0,0,0,0
3950,233621542923153,28492,12206,0,0,0,0
3951,233621583786461,28758,12104,0,0,0,0
3952,233621623967461,29159,11021,0,0,0,0
3953,233621662691384,27405,11318,0,0,0,0
3954,233621698892692,26489,9711,0,0,0,0
3955,233621736727076,26500,11333,0,0,0,0
3956,233621777531769,29145,11658,0,0,0,0
3957,233621816832076,27774,11526,0,0,0,0
3958,233621856867384,29873,10161,0,0,0,0
3959,233621897987076,28750,12369,0,0,0,0
3960,233621937262538,26875,12399,0,0,0,0
3961,233621975288384,28501,9524,0,0,0,0
3962,233622015192999,28133,11772,0,0,0,0
3963,233622052049923,27694,9162,0,0,0,0
3964,233622088903461,28025,8828,0,0,0,0
3965,233622128513846,28170,11439,0,0,0,0
3966,233622165675153,27330,9830,0,0,0,0
3967,233622207219461,29559,11985,0,0,0,0
3968,233622243920923,27260,9440,0,0,0,0
3969,233622284654230,30748,9984,0,0,0,0
3970,233622322779384,27624,10500,0,0,0,0
3971,233622360719461,27792,10147,0,0,0,0
3972,233622400920384,31294,8906,0,0,0,0
3973,233622439987769,29015,10052,0,0,0,0
3974,233622477141846,28217,8936,0,0,0,0
3975,233622518309846,30473,10694,0,0,0,0
3976,233622559919461,29624,11984,0,0,0,0
3977,233622601378230,31157,10301,0,0,0,0
3978,233622638222538,27672,9171,0,0,0,0
3979,233622677976615,28886,10867,0,0,0,0
3980,233622717090769,28185,10928,0,0,0,0
3981,233622756393923,28140,11162,0,0,0,0
3982,233622792935153,26505,10035,0,0,0,0
3983,233622831946846,27369,11642,0,0,0,0
3984,233622870356692,26546,11863,0,0,0,0
3985,233622909020692,27985,10678,0,0,0,0
3986,233622949976615,30437,10518,0,0,0,0
3987,233622992774846,30747,12050,0,0,0,0
3988,233623034152307,28949,12429,0,0,0,0
3989,233623072515076,28071,10291,0,0,0,0
3990,233623107929230,26438,8976,0,0,0,0
3991,233623148339076,28948,11461,0,0,0,0
3992,233623188242538,27762,12140,0,0,0,0
3993,233623226509846,26680,11587,0,0,0,0
3994,233623265143384,27139,11494,0,0,0,0
3995,233623305145615,29170,10831,0,0,0,0
3996,233623346149923,28458,12546,0,0,0,0
3997,233623384990538,28469,10371,0,0,0,0
3998,233623422366153,27424,9951,0,0,0,0
3999,233623461005307,27404,11234,0,0,0,0
4000,233623502042538,28918,12118,0,0,0,0
4001,233623540285923,28141,10101,0,0,0,0
4002,233623582063153,30768,11008,0,0,0,0
4003,233623619358846,26893,10402,0,0,0,0
4004,233623658287692,28212,10716,0,0,0,0
4005,233623700107461,29012,12807,0,0,0,0
4006,233623741494461,29723,11663,0,0,0,0
4007,233623783419076,28037,13887,0,0,0,0
4008,233623824828076,29782,11626,0,0,0,0
4009,233623866513230,28190,13494,0,0,0,0
4010,233623905316076,27018,11784,0,0,0,0
4011,233623946241923,27842,13083,0,0,0,0
4012,233623983973615,28041,9690,0,0,0,0
4013,233624026621923,30983,11665,0,0,0,0
4014,233624074663692,33603,14438,0,0,0,0
4015,233624117334461,30351,12319,0,0,0,0
4016,233624159186846,30071,11780,0,0,0,0
4017,233624197279076,27464,10627,0,0,0,0
4018,233624241626846,32956,11391,0,0,0,0
4019,233624285584307,30363,13593,0,0,0,0
4020,233624323561538,27793,10183,0,0,0,0
4021,233624370106769,35926,10618,0,0,0,0
4022,233624417900076,34825,12968,0,0,0,0
4023,233624462095692,29031,15164,0,0,0,0
4024,233624500081230,28315,9670,0,0,0,0
4025,233624540765307,29576,11108,0,0,0,0
4026,233624591999461,36160,15073,0,0,0,0
4027,233624649496615,40864,16632,0,0,0,0
4028,233624690652384,27834,13320,0,0,0,0
4029,233624732109000,29007,12449,0,0,0,0
4030,233624774550538,31565,10876,0,0,0,0
4031,233624817673000,28422,14699,0,0,0,0
4032,233624859651692,30358,11620,0,0,0,0
4033,233624902669923,28389,14629,0,0,0,0
4034,233624940774846,27680,10424,0,0,0,0
4035,233624976761615,26736,9249,0,0,0,0
4036,233625015092077,27709,10621,0,0,0,0
4037,233625056161846,27978,13091,0,0,0,0
4038,233625094591769,27993,10436,0,0,0,0
4039,233625132253846,27784,9877,0,0,0,0
4040,233625168980307,28154,8572,0,0,0,0
4041,233625210057846,28532,12544,0,0,0,0
4042,233625251020384,28397,12565,0,0,0,0
4043,233625293574230,28445,14107,0,0,0,0
4044,233625340114538,30108,16431,0,0,0,0
4045,233625383567461,28366,15086,0,0,0,0
4046,233625423375461,28962,10845,0,0,0,0
4047,233625465738538,28848,13514,0,0,0,0
4048,233625502689615,26908,10042,0,0,0,0
4049,233625539425615,27184,9551,0,0,0,0
4050,233625575876923,26015,10435,0,0,0,0
4051,233625613124923,27279,9968,0,0,0,0
4052,233625652398538,28270,11002,0,0,0,0
4053,233625689997538,27988,9610,0,0,0,0
4054,233625728910230,26723,12189,0,0,0,0
4055,233625769861230,28732,12218,0,0,0,0
4056,233625808522461,27318,11342,0,0,0,0
4057,233625848066846,27323,12221,0,0,0,0
4058,233625886642461,26998,11577,0,0,0,0
4059,233625923073615,26485,9945,0,0,0,0
4060,233625961246154,27712,10459,0,0,0,0
4061,233625999875769,28013,10615,0,0,0,0
4062,233626037709538,27361,10473,0,0,0,0
4063,233626074921230,26379,10831,0,0,0,0
4064,233626115157538,28351,11884,0,0,0,0
4065,233626150822461,24322,11342,0,0,0,0
4066,233626189294461,29013,9458,0,0,0,0
4067,233626227488692,26810,11383,0,0,0,0
4068,233626267382846,29184,10709,0,0,0,0
4069,233626307905846,27503,13019,0,0,0,0
4070,233626347001307,26555,12540,0,0,0,0
4071,233626385626154,27178,11446,0,0,0,0
4072,233626423797615,28011,10159,0,0,0,0
4073,233626464920615,27631,13491,0,0,0,0
4074,233626502275461,27216,10138,0,0,0,0
4075,233626540440307,28954,9210,0,0,0,0
4076,233626579527461,28099,10987,0,0,0,0
4077,233626618723461,28446,10749,0,0,0,0
4078,233626656826154,27504,10597,0,0,0,0
4079,233626700308077,31558,11923,0,0,0,0
4080,233626740069307,26804,12956,0,0,0,0
4081,233626776744077,27446,9228,0,0,0,0
4082,233626817970461,29403,11822,0,0,0,0
4083,233626855805538,26615,11219,0,0,0,0
4084,233626892525307,27116,9603,0,0,0,0
4085,233626930684077,27427,10731,0,0,0,0
4086,233626968810461,28318,9807,0,0,0,0
4087,233627006300077,27260,10230,0,0,0,0
4088,233627044326461,27141,10885,0,0,0,0
4089,233627085156692,29052,11777,0,0,0,0
4090,233627124877615,28252,11468,0,0,0,0
4091,233627165417846,28935,11604,0,0,0,0
4092,233627203134231,26880,10836,0,0,0,0
4093,233627243193615,28317,11742,0,0,0,0
4094,233627281266461,27281,10791,0,0,0,0
4095,233627322669923,28562,12840,0,0,0,0
4096,233627362131769,28338,11123,0,0,0,0
4097,233627398559692,26820,9607,0,0,0,0
4098,233627436613231,26317,11736,0,0,0,0
4099,233627475060000,27801,10644,0,0,0,0
4100,233627516117000,29042,12014,0,0,0,0
4101,233627553489000,27298,10073,0,0,0,0
4102,233627593861846,26590,13782,0,0,0,0
4103,233627633148384,28453,10832,0,0,0,0
4104,233627674507692,27482,13876,0,0,0,0
4105,233627715924615,30328,11088,0,0,0,0
4106,233627756221307,30009,10287,0,0,0,0
4107,233627794767384,26691,11855,0,0,0,0
4108,233627834982461,29698,10516,0,0,0,0
4109,233627873558538,27461,11114,0,0,0,0
4110,233627915812000,29600,12653,0,0,0,0
4111,233627957075769,29713,11550,0,0,0,0
4112,233627995759154,27880,10803,0,0,0,0
4113,233628035196615,27514,11923,0,0,0,0
4114,233628071686461,25739,10750,0,0,0,0
4115,233628109065615,28096,9283,0,0,0,0
4116,233628147859692,28492,10301,0,0,0,0
4117,233628185804000,26896,11047,0,0,0,0
4118,233628229192000,29568,13820,0,0,0,0
4119,233628269256077,28244,11819,0,0,0,0
4120,233628306961615,27642,10063,0,0,0,0
4121,233628347607461,27977,12668,0,0,0,0
4122,233628385219154,27207,10404,0,0,0,0
4123,233628424883769,28521,11142,0,0,0,0
4124,233628466710461,29510,12316,0,0,0,0
4125,233628506615077,27872,12032,0,0,0,0
4126,233628545651461,27478,11557,0,0,0,0
4127,233628586360692,28247,12461,0,0,0,0
4128,233628623564077,27403,9800,0,0,0,0
4129,233628658947154,24778,10604,0,0,0,0
4130,233628699156923,27999,12210,0,0,0,0
4131,233628739916615,28709,12050,0,0,0,0
4132,233628776057000,26120,10020,0,0,0,0
4133,233628815963077,27783,12122,0,0,0,0
4134,233628858763461,28980,13819,0,0,0,0
4135,233628898832923,27504,12564,0,0,0,0
4136,233628940536077,31097,10605,0,0,0,0
4137,233628981512615,27201,13775,0,0,0,0
4138,233629018242538,26385,10345,0,0,0,0
4139,233629055832000,26631,10958,0,0,0,0
4140,233629092918154,26551,10535,0,0,0,0
4141,233629131097846,27767,10412,0,0,0,0
4142,233629165647077,25830,8718,0,0,0,0
4143,233629203005308,26839,10519,0,0,0,0
4144,233629245021923,31271,10745,0,0,0,0
4145,233629285236308,27239,12975,0,0,0,0
4146,233629322133308,27085,9811,0,0,0,0
4147,233629363450846,30453,10864,0,0,0,0
4148,233629403997231,28222,12323,0,0,0,0
4149,233629442700384,28660,10043,0,0,0,0
4150,233629482868000,26973,13194,0,0,0,0
4151,233629524109538,29441,11800,0,0,0,0
4152,233629563143692,27412,11621,0,0,0,0
4153,233629602563692,27707,11713,0,0,0,0
4154,233629642754846,30375,9816,0,0,0,0
4155,233629683393308,29480,11158,0,0,0,0
4156,233629723637308,28518,11725,0,0,0,0
4157,233629763174231,27971,11565,0,0,0,0
4158,233629800848308,27076,10597,0,0,0,0
4159,233629842124385,29017,12258,0,0,0,0
4160,233629883401308,29218,12058,0,0,0,0
4161,233629923872077,28208,12261,0,0,0,0
4162,233629964982154,30360,10749,0,0,0,0
4163,233630007801846,30499,12320,0,0,0,0
4164,233630050890769,29890,13198,0,0,0,0
4165,233630093504308,28946,13666,0,0,0,0
4166,233630135340692,28237,13599,0,0,0,0
4167,233630173853000,27894,10617,0,0,0,0
4168,233630212323692,27061,11409,0,0,0,0
4169,233630254589846,27457,14808,0,0,0,0
4170,233630290787154,26535,9662,0,0,0,0
4171,233630323543461,24507,8249,0,0,0,0
4172,233630361184077,27094,10545,0,0,0,0
4173,233630402761615,31433,10143,0,0,0,0
4174,233630445608615,30227,12619,0,0,0,0
4175,233630483780385,28780,9391,0,0,0,0
4176,233630528341000,30375,14185,0,0,0,0
4177,233630564753846,27484,8928,0,0,0,0
4178,233630602895154,27622,10518,0,0,0,0
4179,233630641551385,28390,10265,0,0,0,0
4180,233630683273000,30053,11668,0,0,0,0
4181,233630720517000,27164,10079,0,0,0,0
4182,233630761035692,29634,10884,0,0,0,0
4183,233630801499461,30764,9699,0,0,0,0
4184,233630846211461,31646,13065,0,0,0,0
4185,233630882950461,27331,9407,0,0,0,0
4186,233630925746154,30861,11934,0,0,0,0
4187,233630971453308,33139,12567,0,0,0,0
4188,233631015410154,31965,11992,0,0,0,0
4189,233631057827154,27654,14762,0,0,0,0
4190,233631106358462,33538,14993,0,0,0,0
4191,233631153154538,31525,15270,0,0,0,0
4192,233631203550154,33338,17057,0,0,0,0
4193,233631244297000,30541,10205,0,0,0,0
4194,233631286976308,28168,14511,0,0,0,0
4195,233631325544692,27931,10636,0,0,0,0
4196,233631365503154,27900,12058,0,0,0,0
4197,233631406509308,29873,11132,0,0,0,0
4198,233631448893615,29966,12418,0,0,0,0
4199,233631486064308,27824,9346,0,0,0,0
4200,233631524900308,27475,11360,0,0,0,0
4201,233631565307385,28597,11809,0,0,0,0
4202,233631602404000,26773,10322,0,0,0,0
4203,233631642879462,30156,10319,0,0,0,0
4204,233631682822462,29464,10478,0,0,0,0
4205,233631722931769,29392,10717,0,0,0,0
4206,233631761889308,28497,10460,0,0,0,0
4207,233631801616000,30434,9292,0,0,0,0
4208,233631840090154,26807,11666,0,0,0,0
4209,233631883005231,28443,14471,0,0,0,0
4210,233631928065923,30762,14298,0,0,0,0
4211,233631965741615,27652,10023,0,0,0,0
4212,233632003962769,27480,10741,0,0,0,0
4213,233632043706231,28526,11216,0,0,0,0
4214,233632080858154,27199,9952,0,0,0,0
4215,233632119135077,27682,10594,0,0,0,0
4216,233632158052308,28074,10842,0,0,0,0
4217,233632199661308,27870,13738,0,0,0,0
4218,233632240382538,28516,12204,0,0,0,0
4219,233632278022462,27368,10271,0,0,0,0
4220,233632319572000,27660,13888,0,0,0,0
4221,233632357959077,26748,11638,0,0,0,0
4222,233632395700308,26188,11552,0,0,0,0
4223,233632430534462,24955,9879,0,0,0,0
4224,233632465753000,26815,8402,0,0,0,0
4225,233632503170154,27004,10412,0,0,0,0
4226,233632540583692,27104,10308,0,0,0,0
4227,233632577145846,26487,10074,0,0,0,0
4228,233632619234154,29867,12220,0,0,0,0
4229,233632660710231,29717,11758,0,0,0,0
4230,233632700364308,27240,12413,0,0,0,0
4231,233632739450539,28078,11008,0,0,0,0
4232,233632776166231,26250,10465,0,0,0,0
4233,233632815463385,27845,11451,0,0,0,0
4234,233632852909615,25658,11787,0,0,0,0
4235,233632889965308,27957,9098,0,0,0,0
4236,233632924076308,25947,8163,0,0,0,0
4237,233632963635077,30495,9063,0,0,0,0
4238,233633002209000,28116,10458,0,0,0,0
4239,233633039161308,27397,9555,0,0,0,0
4240,233633079590539,27133,13295,0,0,0,0
4241,233633121165539,28484,13090,0,0,0,0
4242,233633161422846,29304,10952,0,0,0,0
4243,233633199702231,28177,10101,0,0,0,0
4244,233633238956000,29071,10182,0,0,0,0
4245,233633276688385,28074,9657,0,0,0,0
4246,233633315891769,29137,10065,0,0,0,0
4247,233633355982231,29704,10385,0,0,0,0
4248,233633397702539,30168,11552,0,0,0,0
4249,233633438396077,29087,11605,0,0,0,0
4250,233633491811769,40525,12890,0,0,0,0
4251,233633532327077,29048,11466,0,0,0,0
4252,233633571881539,27333,12220,0,0,0,0
4253,233633609421846,27916,9623,0,0,0,0
4254,233633647040000,27591,10026,0,0,0,0
4255,233633693304616,29755,16508,0,0,0,0
4256,233633732780923,27079,12397,0,0,0,0
4257,233633769627385,26774,10071,0,0,0,0
4258,233633805705923,28146,7932,0,0,0,0
4259,233633845167692,29864,9597,0,0,0,0
4260,233633883844077,26813,11863,0,0,0,0
4261,233633923147385,27857,11445,0,0,0,0
4262,233633961324616,28085,10091,0,0,0,0
4263,233633998225923,27104,9797,0,0,0,0
4264,233634034938846,25589,11124,0,0,0,0
4265,233634073713539,29087,9687,0,0,0,0
4266,233634110157539,27358,9085,0,0,0,0
4267,233634146259692,27142,8959,0,0,0,0
4268,233634187624308,26482,14882,0,0,0,0
4269,233634225609308,26558,11426,0,0,0,0
4270,233634264739077,26689,12440,0,0,0,0
4271,233634306173846,28931,12503,0,0,0,0
4272,233634349765000,30614,12976,0,0,0,0
4273,233634390099077,29543,10790,0,0,0,0
4274,233634425286846,25673,9514,0,0,0,0
4275,233634464786846,28048,11452,0,0,0,0
4276,233634501281539,26821,9673,0,0,0,0
4277,233634536595077,25090,10223,0,0,0,0
4278,233634572166231,25868,9702,0,0,0,0
4279,233634610996616,29844,8985,0,0,0,0
4280,233634648709616,27554,10158,0,0,0,0
4281,233634685378154,24879,11788,0,0,0,0
4282,233634725919077,29444,11096,0,0,0,0
4283,233634763400385,27134,10346,0,0,0,0
4284,233634802284385,27423,11460,0,0,0,0
4285,233634842981616,30083,10613,0,0,0,0
4286,233634885333846,30961,11390,0,0,0,0
4287,233634924264000,29175,9754,0,0,0,0
4288,233634963161231,28726,10170,0,0,0,0
4289,233635001966462,28025,10780,0,0,0,0
4290,233635040497846,29213,9317,0,0,0,0
4291,233635080520308,29805,10217,0,0,0,0
4292,233635116437616,27000,8916,0,0,0,0
4293,233635154796000,28686,9671,0,0,0,0
4294,233635193650769,29472,9382,0,0,0,0
4295,233635235061616,29642,11768,0,0,0,0
4296,233635273499693,27830,10608,0,0,0,0
4297,233635314529000,29284,11744,0,0,0,0
4298,233635356051385,31014,10508,0,0,0,0
4299,233635395474231,28807,10615,0,0,0,0
4300,233635440360077,29641,15243,0,0,0,0
4301,233635482311385,27561,14389,0,0,0,0
4302,233635524515385,28755,13448,0,0,0,0
4303,233635565638154,30062,11060,0,0,0,0
4304,233635606735462,28524,12572,0,0,0,0
4305,233635648316616,30701,10879,0,0,0,0
4306,233635693913846,31693,13904,0,0,0,0
4307,233635734236693,26975,13347,0,0,0,0
4308,233635774179154,28990,10952,0,0,0,0
4309,233635814398231,28865,11353,0,0,0,0
4310,233635853172077,27285,11488,0,0,0,0
4311,233635889909846,26733,10004,0,0,0,0
4312,233635936631769,36897,9824,0,0,0,0
4313,233635979316616,27208,15476,0,0,0,0
4314,233636018365539,27511,11538,0,0,0,0
4315,233636056782231,27855,10561,0,0,0,0
4316,233636102765308,30465,15517,0,0,0,0
4317,233636141260385,28124,10370,0,0,0,0
4318,233636181157231,28186,11710,0,0,0,0
4319,233636219464693,28092,10215,0,0,0,0
4320,233636257709231,27333,10911,0,0,0,0
4321,233636306458154,33902,14846,0,0,0,0
4322,233636344878231,26680,11739,0,0,0,0
4323,233636383690846,28335,10477,0,0,0,0
4324,233636422611077,27744,11175,0,0,0,0
4325,233636464135077,29411,12113,0,0,0,0
4326,233636502538154,28352,10050,0,0,0,0
4327,233636541888308,28735,10615,0,0,0,0
4328,233636585007770,30374,12744,0,0,0,0
4329,233636623602462,27512,11082,0,0,0,0
4330,233636665581616,28722,13256,0,0,0,0
4331,233636706792693,28410,12800,0,0,0,0
4332,233636752649539,31991,13865,0,0,0,0
4333,233636794086231,29025,12410,0,0,0,0
4334,233636831968385,27213,10668,0,0,0,0
4335,233636866256385,25556,8731,0,0,0,0
4336,233636903851077,26163,11431,0,0,0,0
4337,233636940794846,26428,10515,0,0,0,0
4338,233636977920923,27022,10103,0,0,0,0
4339,233637014764385,26989,9855,0,0,0,0
4340,233637050265846,24785,10716,0,0,0,0
4341,233637086462770,27666,8530,0,0,0,0
4342,233637124838462,28042,10333,0,0,0,0
4343,233637164144000,27544,11761,0,0,0,0
4344,233637210177923,35552,10481,0,0,0,0
4345,233637252438846,26995,15265,0,0,0,0
4346,233637291375154,27641,11294,0,0,0,0
4347,233637340256923,33387,15493,0,0,0,0
4348,233637383616923,27435,15924,0,0,0,0
4349,233637430178539,32539,14022,0,0,0,0
4350,233637468209539,26119,11912,0,0,0,0
4351,233637509610231,26783,14617,0,0,0,0
4352,233637545684308,27587,8486,0,0,0,0
4353,233637582938539,25908,11346,0,0,0,0
4354,233637619184693,26421,9824,0,0,0,0
4355,233637659831154,30573,10073,0,0,0,0
4356,233637698748616,27620,11297,0,0,0,0
4357,233637741081000,30689,11642,0,0,0,0
4358,233637779375770,27403,10891,0,0,0,0
4359,233637816750847,27378,9996,0,0,0,0
4360,233637856554462,28658,11144,0,0,0,0
4361,233637898032923,28530,12948,0,0,0,0
4362,233637935278539,26966,10279,0,0,0,0
4363,233637975867154,29385,11203,0,0,0,0
4364,233638016992693,28163,12963,0,0,0,0
4365,233638055845231,28381,10471,0,0,0,0
4366,233638094755077,27869,11040,0,0,0,0
4367,233638132999462,26963,11281,0,0,0,0
4368,233638169823770,26999,9824,0,0,0,0
4369,233638207999385,28638,9537,0,0,0,0
4370,233638247293616,27788,11505,0,0,0,0
4371,233638285027462,27644,10089,0,0,0,0
4372,233638324959154,28380,11551,0,0,0,0
4373,233638361396693,26583,9854,0,0,0,0
4374,233638401609923,27002,13210,0,0,0,0
4375,233638439271462,27953,9708,0,0,0,0
4376,233638479896077,27325,13299,0,0,0,0
4377,233638524193616,30420,13877,0,0,0,0
4378,233638564986770,30102,10690,0,0,0,0
4379,233638604604385,28540,11076,0,0,0,0
4380,233638647550231,31389,11556,0,0,0,0
4381,233638684147770,26657,9940,0,0,0,0
4382,233638725240385,27741,13350,0,0,0,0
4383,233638764078847,28136,10701,0,0,0,0
4384,233638806963693,32104,10780,0,0,0,0
4385,233638844050231,26814,10271,0,0,0,0
4386,233638884814154,29290,11473,0,0,0,0
4387,233638926208000,28292,13101,0,0,0,0
4388,233638966482231,30256,10017,0,0,0,0
4389,233639007018231,28876,11660,0,0,0,0
4390,233639048586770,28204,13364,0,0,0,0
4391,233639091526847,29344,13595,0,0,0,0
4392,233639132114539,28933,11654,0,0,0,0
4393,233639170804616,27655,11034,0,0,0,0
4394,233639207956385,27616,9535,0,0,0,0
4395,233639249809924,30853,11000,0,0,0,0
4396,233639291172693,28881,12481,0,0,0,0
4397,233639332452077,30343,10935,0,0,0,0
4398,233639374427462,28784,13191,0,0,0,0
4399,233639415861308,28542,12891,0,0,0,0
4400,233639458733616,32184,10688,0,0,0,0
4401,233639500127462,29313,12080,0,0,0,0
4402,233639541397308,29573,11696,0,0,0,0
4403,233639582758539,30785,10575,0,0,0,0
4404,233639620139154,27570,9810,0,0,0,0
4405,233639660787770,27992,12656,0,0,0,0
4406,233639699689539,28846,10055,0,0,0,0
4407,233639740855693,29858,11307,0,0,0,0
4408,233639784397308,31408,12132,0,0,0,0
4409,233639821767154,26412,10957,0,0,0,0
4410,233639860711693,27220,11724,0,0,0,0
4411,233639899181231,27408,11060,0,0,0,0
4412,233639941052308,28332,13539,0,0,0,0
4413,233639979124924,27787,10285,0,0,0,0
4414,233640016111077,27448,9538,0,0,0,0
4415,233640056925924,30357,10457,0,0,0,0
4416,233640095755693,28950,9879,0,0,0,0
4417,233640132913308,27034,10123,0,0,0,0
4418,233640171146847,27803,10430,0,0,0,0
4419,233640208177231,28064,8966,0,0,0,0
4420,233640246969616,27623,11168,0,0,0,0
4421,233640285206154,28625,9611,0,0,0,0
4422,233640324838462,27104,12527,0,0,0,0
4423,233640365294770,28270,12185,0,0,0,0
4424,233640403493539,27073,11124,0,0,0,0
4425,233640440143693,27581,9069,0,0,0,0
4426,233640481144308,31096,9904,0,0,0,0
4427,233640519003770,29268,8591,0,0,0,0
4428,233640562600924,31282,12315,0,0,0,0
4429,233640602735462,29050,11084,0,0,0,0
4430,233640641309616,29526,9047,0,0,0,0
4431,233640678011770,26790,9911,0,0,0,0
4432,233640715280308,27773,9495,0,0,0,0
4433,233640755817847,29348,11189,0,0,0,0
4434,233640793933001,26981,11133,0,0,0,0
4435,233640834752924,28135,12684,0,0,0,0
4436,233640886629924,33058,18818,0,0,0,0
4437,233640928450539,28188,13631,0,0,0,0
4438,233640963708001,25859,9398,0,0,0,0
4439,233641003887693,30468,9711,0,0,0,0
4440,233641040681231,27211,9582,0,0,0,0
4441,233641082390847,31828,9881,0,0,0,0
4442,233641123387462,30828,10168,0,0,0,0
4443,233641163447693,28504,11555,0,0,0,0
4444,233641201616693,27518,10650,0,0,0,0
4445,233641243042462,29287,12138,0,0,0,0
4446,233641289033308,32161,13829,0,0,0,0
4447,233641331729308,29669,13026,0,0,0,0
4448,233641371046847,28123,11193,0,0,0,0
4449,233641408104693,27693,9364,0,0,0,0
4450,233641448793001,28163,12524,0,0,0,0
4451,233641491615770,29275,13547,0,0,0,0
4452,233641533268924,28867,12785,0,0,0,0
4453,233641574872924,28853,12750,0,0,0,0
4454,233641615463462,28676,11914,0,0,0,0
4455,233641653854539,27884,10506,0,0,0,0
4456,233641691519154,27591,10073,0,0,0,0
4457,233641730454154,28991,9943,0,0,0,0
4458,233641768976385,28481,10040,0,0,0,0
4459,233641806160078,27076,10107,0,0,0,0
4460,233641846132078,29621,10350,0,0,0,0
4461,233641885863770,30060,9671,0,0,0,0
4462,233641924448078,29170,9413,0,0,0,0
4463,233641965177616,30205,10524,0,0,0,0
4464,233642004064001,28431,10456,0,0,0,0
4465,233642043447078,28570,10812,0,0,0,0
4466,233642084779154,29328,12003,0,0,0,0
4467,233642124397308,28240,11377,0,0,0,0
4468,233642162278770,27453,10428,0,0,0,0
4469,233642201574231,30303,8992,0,0,0,0
4470,233642242885616,30548,10762,0,0,0,0
4471,233642283573001,28404,12283,0,0,0,0
4472,233642322827154,27997,11256,0,0,0,0
4473,233642364081231,27700,13554,0,0,0,0
4474,233642401867154,27600,10185,0,0,0,0
4475,233642442207154,27446,12893,0,0,0,0
4476,233642481683770,27325,12151,0,0,0,0
4477,233642523305847,31569,10052,0,0,0,0
4478,233642563082770,28735,11041,0,0,0,0
4479,233642606786539,34658,9045,0,0,0,0
4480,233642642977924,26713,9477,0,0,0,0
4481,233642682154539,28462,10714,0,0,0,0
4482,233642725760924,33028,10578,0,0,0,0
4483,233642765664001,26925,12977,0,0,0,0
4484,233642808125924,27155,15306,0,0,0,0
4485,233642850242462,31427,10689,0,0,0,0
4486,233642900827462,35069,15515,0,0,0,0
4487,233642946391693,29682,15882,0,0,0,0
4488,233642987863693,28660,12811,0,0,0,0
4489,233643025189616,27653,9673,0,0,0,0
4490,233643066385308,29635,11560,0,0,0,0
4491,233643112961616,33848,12728,0,0,0,0
4492,233643155792308,27037,15793,0,0,0,0
4493,233643199191155,31292,12105,0,0,0,0
4494,233643240919078,30585,11142,0,0,0,0
4495,233643286062462,29030,16112,0,0,0,0
4496,233643329889539,29273,14553,0,0,0,0
4497,233643374232924,33177,11166,0,0,0,0
4498,233643414887770,26585,14068,0,0,0,0
4499,233643450946847,25557,10501,0,0,0,0
4500,233643484529001,25481,8100,0,0,0,0
4501,233643523059693,26873,11657,0,0,0,0
4502,233643565812308,33039,9713,0,0,0,0
4503,233643606801001,29276,11711,0,0,0,0
4504,233643643492001,26407,10283,0,0,0,0
4505,233643681633924,27477,10664,0,0,0,0
4506,233643718703693,25902,11167,0,0,0,0
4507,233643756524385,28102,9717,0,0,0,0
4508,233643793901231,26339,11036,0,0,0,0
4509,233643833767155,29027,10838,0,0,0,0
4510,233643874787693,28282,12737,0,0,0,0
4511,233643913907770,27772,11347,0,0,0,0
4512,233643953776078,27126,12742,0,0,0,0
4513,233643991442155,27511,10154,0,0,0,0
4514,233644025768693,26395,7932,0,0,0,0
4515,233644064184616,28017,10398,0,0,0,0
4516,233644104589539,29482,10922,0,0,0,0
4517,233644142002155,27344,10068,0,0,0,0
4518,233644192173308,29857,20313,0,0,0,0
4519,233644233778232,29422,12182,0,0,0,0
4520,233644274772001,28354,12639,0,0,0,0
4521,233644317603693,29313,13517,0,0,0,0
4522,233644358636001,28471,12561,0,0,0,0
4523,233644401499385,31510,11353,0,0,0,0
4524,233644442418462,27768,13150,0,0,0,0
4525,233644482923693,27515,12990,0,0,0,0
4526,233644520472001,27498,10049,0,0,0,0
4527,233644558066232,26724,10870,0,0,0,0
4528,233644597467770,29193,10208,0,0,0,0
4529,233644643512693,29212,16832,0,0,0,0
4530,233644682431155,28797,10121,0,0,0,0
4531,233644720966539,28013,10521,0,0,0,0
4532,233644758718539,26982,10769,0,0,0,0
4533,233644798079693,27825,11535,0,0,0,0
4534,233644840640385,29573,12987,0,0,0,0
4535,233644877301616,27049,9611,0,0,0,0
4536,233644915091462,25746,12043,0,0,0,0
4537,233644951114155,25846,10176,0,0,0,0
4538,233644990407770,28850,10443,0,0,0,0
4539,233645034134770,29134,14593,0,0,0,0
4540,233645072364385,27683,10546,0,0,0,0
4541,233645109628001,28034,9229,0,0,0,0
4542,233645148141924,27682,10831,0,0,0,0
4543,233645185281308,26660,10478,0,0,0,0
4544,233645224886847,27638,11966,0,0,0,0
4545,233645265263693,28850,11526,0,0,0,0
4546,233645302523385,26686,10573,0,0,0,0
4547,233645340771462,28417,9830,0,0,0,0
4548,233645378910155,27730,10407,0,0,0,0
4549,233645417998155,28447,10640,0,0,0,0
4550,233645456284309,28096,10189,0,0,0,0
4551,233645495051155,28512,10254,0,0,0,0
4552,233645534961616,27297,12612,0,0,0,0
4553,233645574387693,30085,9340,0,0,0,0
4554,233645611521924,27089,10044,0,0,0,0
4555,233645647948001,27758,8668,0,0,0,0
4556,233645693639155,28249,17441,0,0,0,0
4557,233645736584385,29488,13456,0,0,0,0
4558,233645775947385,28514,10848,0,0,0,0
4559,233645817448078,29813,11686,0,0,0,0
4560,233645859974155,30443,12082,0,0,0,0
4561,233645902001847,28106,13921,0,0,0,0
4562,233645939398539,26996,10400,0,0,0,0
4563,233645978154155,27648,11106,0,0,0,0
4564,233646015584616,27863,9568,0,0,0,0
4565,233646053168001,26782,10801,0,0,0,0
4566,233646091132693,27965,9998,0,0,0,0
4567,233646129431462,28912,9386,0,0,0,0
4568,233646175310847,32247,13631,0,0,0,0
4569,233646222301924,32921,14070,0,0,0,0
4570,233646263353924,27598,13453,0,0,0,0
4571,233646303243385,27949,11939,0,0,0,0
4572,233646341760078,28450,10066,0,0,0,0
4573,233646382880924,28520,12600,0,0,0,0
4574,233646423166539,28151,12134,0,0,0,0
4575,233646461413232,27108,11138,0,0,0,0
4576,233646499944001,27126,11404,0,0,0,0
4577,233646538990155,26458,12587,0,0,0,0
4578,233646581029232,30859,11180,0,0,0,0
4579,233646618341001,26984,10327,0,0,0,0
4580,233646655965847,27545,10079,0,0,0,0
4581,233646696105309,28346,11793,0,0,0,0
4582,233646734483770,27983,10394,0,0,0,0
4583,233646773638155,28559,10595,0,0,0,0
4584,233646814088386,28626,11824,0,0,0,0
4585,233646853619386,27380,12150,0,0,0,0
4586,233646891828693,27082,11126,0,0,0,0
4587,233646930873232,30076,8968,0,0,0,0
4588,233646969206232,27609,10723,0,0,0,0
4589,233647007269539,27578,10486,0,0,0,0
4590,233647044354539,26669,10415,0,0,0,0
4591,233647081873001,26378,11139,0,0,0,0
4592,233647119841309,27418,10549,0,0,0,0
4593,233647157670847,27438,10391,0,0,0,0
4594,233647199129616,28854,12604,0,0,0,0
4595,233647240862847,29307,12425,0,0,0,0
4596,233647281485924,29213,11409,0,0,0,0
4597,233647324604924,32123,10995,0,0,0,0
4598,233647365180309,28881,11694,0,0,0,0
4599,233647406403155,27314,13908,0,0,0,0
4600,233647444854770,27715,10735,0,0,0,0
4601,233647487135078,27635,14644,0,0,0,0
4602,233647530161309,31048,11977,0,0,0,0
4603,233647569361616,28083,11116,0,0,0,0
4604,233647609965232,30619,9984,0,0,0,0
4605,233647649363078,28601,10796,0,0,0,0
4606,233647689565309,29831,10370,0,0,0,0
4607,233647729728616,28536,11627,0,0,0,0
4608,233647767968386,28099,10140,0,0,0,0
4609,233647807075078,26565,12541,0,0,0,0
4610,233647846035770,28712,10247,0,0,0,0
4611,233647885405001,27311,12058,0,0,0,0
4612,233647923448924,27563,10480,0,0,0,0
4613,233647961843693,27680,10714,0,0,0,0
4614,233647999181232,26109,11228,0,0,0,0
4615,233648038371463,28119,11072,0,0,0,0
4616,233648079652309,29181,12099,0,0,0,0
4617,233648118133924,27148,11333,0,0,0,0
4618,233648157991463,28386,11471,0,0,0,0
4619,233648198252616,28958,11302,0,0,0,0
4620,233648238660693,27488,12919,0,0,0,0
4621,233648282496309,32379,11456,0,0,0,0
4622,233648323346232,29643,11206,0,0,0,0
4623,233648365364924,29222,12795,0,0,0,0
4624,233648406638539,29864,11409,0,0,0,0
4625,233648444625232,27566,10420,0,0,0,0
4626,233648482010847,27543,9842,0,0,0,0
4627,233648523017616,29183,11823,0,0,0,0
4628,233648560950770,27131,10802,0,0,0,0
4629,233648601410539,28963,11496,0,0,0,0
4630,233648642534539,28444,12680,0,0,0,0
4631,233648684654539,28416,13703,0,0,0,0
4632,233648726791770,28666,13470,0,0,0,0
4633,233648768835770,29803,12240,0,0,0,0
4634,233648805324078,26970,9517,0,0,0,0
4635,233648840263078,26125,8813,0,0,0,0
4636,233648873099155,24365,8470,0,0,0,0
4637,233648905805847,23012,9693,0,0,0,0
4638,233648940603078,27069,7727,0,0,0,0
4639,233648976792078,27254,8934,0,0,0,0
4640,233649011960924,26255,8914,0,0,0,0
4641,233649047274232,26393,8920,0,0,0,0
4642,233649083762770,28155,8333,0,0,0,0
4643,233649118737847,25364,9610,0,0,0,0
4644,233649155416309,27375,9303,0,0,0,0
4645,233649191217001,27519,8280,0,0,0,0
4646,233649222948386,24899,6832,0,0,0,0
4647,233649259380386,25958,10473,0,0,0,0
4648,233649294995386,26672,8942,0,0,0,0
4649,233649330285540,25611,9679,0,0,0,0
4650,233649365973540,27505,8182,0,0,0,0
4651,233649409904386,32086,11844,0,0,0,0
4652,233649444049616,25692,8452,0,0,0,0
4653,233649480968693,28493,8425,0,0,0,0
4654,233649523716924,34438,8310,0,0,0,0
4655,233649567373001,30508,13148,0,0,0,0
4656,233649602844001,26422,9048,0,0,0,0
4657,233649639169309,28007,8317,0,0,0,0
4658,233649672812924,25726,7916,0,0,0,0
4659,233649705757001,24517,8426,0,0,0,0
4660,233649741769540,28178,7833,0,0,0,0
4661,233649781312386,28871,10671,0,0,0,0
4662,233649817898770,28420,8165,0,0,0,0
4663,233649852723693,24811,10013,0,0,0,0
4664,233649891718463,26140,12854,0,0,0,0
4665,233649924947693,25271,7958,0,0,0,0
4666,233649959480001,25484,9048,0,0,0,0
4667,233649999248078,28123,11644,0,0,0,0
4668,233650034151463,25198,9706,0,0,0,0
4669,233650072664001,27477,11035,0,0,0,0
4670,233650108964616,27213,9086,0,0,0,0
4671,233650147529616,27390,11174,0,0,0,0
4672,233650186316386,28500,10286,0,0,0,0
4673,233650220393309,25391,8685,0,0,0,0
4674,233650255632693,26503,8735,0,0,0,0
4675,233650290536924,25449,9454,0,0,0,0
4676,233650323640309,26148,6954,0,0,0,0
4677,233650357798463,23648,10509,0,0,0,0
4678,233650393519463,26726,8994,0,0,0,0
4679,233650431500617,28510,9470,0,0,0,0
4680,233650466565540,27220,7844,0,0,0,0
4681,233650505582463,27279,11737,0,0,0,0
4682,233650541821232,27576,8661,0,0,0,0
4683,233650579098463,26610,10666,0,0,0,0
4684,233650615972693,27232,9641,0,0,0,0
4685,233650654621232,26344,12303,0,0,0,0
4686,233650691768078,26422,10724,0,0,0,0
4687,233650724400924,24208,8423,0,0,0,0
4688,233650758855463,25511,8942,0,0,0,0
4689,233650795479770,26189,10434,0,0,0,0
4690,233650832674540,26685,10509,0,0,0,0
4691,233650871460693,26673,12112,0,0,0,0
4692,233650907872078,26670,9740,0,0,0,0
4693,233650943461924,25150,10439,0,0,0,0
4694,233650979745924,27402,8881,0,0,0,0
4695,233651019463155,29912,9806,0,0,0,0
4696,233651056703693,27202,10037,0,0,0,0
4697,233651094647463,26846,11097,0,0,0,0
4698,233651132317540,26998,10671,0,0,0,0
4699,233651169157309,28510,8329,0,0,0,0
4700,233651208103155,29539,9406,0,0,0,0
4701,233651248284001,28642,11538,0,0,0,0
4702,233651289616617,29220,12112,0,0,0,0
4703,233651327654232,28520,9516,0,0,0,0
4704,233651367556078,27346,12555,0,0,0,0
4705,233651406482155,26748,12177,0,0,0,0
4706,233651445324924,26533,12309,0,0,0,0
4707,233651483149924,26595,11229,0,0,0,0
4708,233651522364309,27283,11931,0,0,0,0
4709,233651562173847,28177,11632,0,0,0,0
4710,233651599049001,27223,9651,0,0,0,0
4711,233651635933232,25899,10984,0,0,0,0
4712,233651675930155,26091,13905,0,0,0,0
4713,233651715275386,28927,10417,0,0,0,0
4714,233651755183463,29418,10489,0,0,0,0
4715,233651793488617,27496,10808,0,0,0,0
4716,233651833648309,29445,10714,0,0,0,0
4717,233651874028386,27689,12690,0,0,0,0
4718,233651912838232,27935,10874,0,0,0,0
4719,233651951848309,28615,10394,0,0,0,0
4720,233651988168309,27115,9205,0,0,0,0
4721,233652025141540,27291,9682,0,0,0,0
4722,233652064737232,27526,12069,0,0,0,0
4723,233652101686155,27291,9657,0,0,0,0
4724,233652142962770,30163,11112,0,0,0,0
4725,233652181506847,27579,10964,0,0,0,0
4726,233652219472078,26126,11838,0,0,0,0
4727,233652257441001,27692,10276,0,0,0,0
4728,233652295020924,26016,11563,0,0,0,0
4729,233652334601847,28040,11540,0,0,0,0
4730,233652371950463,26822,10526,0,0,0,0
4731,233652409456078,27576,9929,0,0,0,0
4732,233652446764924,27410,9898,0,0,0,0
4733,233652483490540,27961,8763,0,0,0,0
4734,233652521832001,28213,10127,0,0,0,0
4735,233652558044078,25484,10727,0,0,0,0
4736,233652599165924,31911,9210,0,0,0,0
4737,233652640443694,30117,11160,0,0,0,0
4738,233652682042770,31632,9966,0,0,0,0
4739,233652718863770,27714,9106,0,0,0,0
4740,233652759512386,29339,11309,0,0,0,0
4741,233652800647694,29896,11238,0,0,0,0
4742,233652840207694,28320,11240,0,0,0,0
4743,233652879874770,28195,11471,0,0,0,0
4744,233652918786847,28507,10404,0,0,0,0
4745,233652958895771,29355,10753,0,0,0,0
4746,233653004245847,29468,15882,0,0,0,0
4747,233653048080924,30910,12924,0,0,0,0
4748,233653090527463,31322,11124,0,0,0,0
4749,233653134981001,29063,15390,0,0,0,0
4750,233653177527155,29029,13516,0,0,0,0
4751,233653214888694,27678,9683,0,0,0,0
4752,233653258758847,30987,12882,0,0,0,0
4753,233653297718232,27790,11168,0,0,0,0
4754,233653339497540,30383,11395,0,0,0,0
4755,233653381617001,29311,12808,0,0,0,0
4756,233653420515771,27352,11546,0,0,0,0
4757,233653459273924,27771,10987,0,0,0,0
4758,233653499418540,28965,11179,0,0,0,0
4759,233653537980309,27894,10667,0,0,0,0
4760,233653577331694,28938,10413,0,0,0,0
4761,233653617491078,27747,12412,0,0,0,0
4762,233653657640617,27930,12218,0,0,0,0
4763,233653695767078,27639,10487,0,0,0,0
4764,233653733496001,27521,10207,0,0,0,0
4765,233653774372078,29259,11617,0,0,0,0
4766,233653816551155,28843,13335,0,0,0,0
4767,233653855935771,28308,11076,0,0,0,0
4768,233653894668924,28261,10471,0,0,0,0
4769,233653934312924,27968,11676,0,0,0,0
4770,233653973418463,28537,10567,0,0,0,0
4771,233654011340617,27433,10489,0,0,0,0
4772,233654049649540,28022,10286,0,0,0,0
4773,233654090713617,28065,12999,0,0,0,0
4774,233654131506540,30569,10223,0,0,0,0
4775,233654175604924,29039,15059,0,0,0,0
4776,233654218307155,28872,13829,0,0,0,0
4777,233654257795386,28224,11263,0,0,0,0
4778,233654295218232,26383,11039,0,0,0,0
4779,233654333220309,27091,10910,0,0,0,0
4780,233654372253001,28876,10156,0,0,0,0
4781,233654410407694,27542,10611,0,0,0,0
4782,233654450119771,28821,10890,0,0,0,0
4783,233654489108078,27211,11776,0,0,0,0
4784,233654528747386,28151,11488,0,0,0,0
4785,233654566903694,26708,11448,0,0,0,0
4786,233654606493232,26946,12642,0,0,0,0
4787,233654645446771,26724,12228,0,0,0,0
4788,233654682802155,26082,11272,0,0,0,0
4789,233654723009001,29359,10847,0,0,0,0
4790,233654760129309,26365,10755,0,0,0,0
4791,233654800395771,29489,10776,0,0,0,0
4792,233654842249924,29343,12510,0,0,0,0
4793,233654882227155,29379,10597,0,0,0,0
4794,233654920321001,27552,10541,0,0,0,0
4795,233654953554463,24974,8259,0,0,0,0
4796,233654992795386,30044,9196,0,0,0,0
4797,233655034553617,31910,9848,0,0,0,0
4798,233655075771771,29974,11243,0,0,0,0
4799,233655117054540,29797,11485,0,0,0,0
4800,233655166485309,35838,13592,0,0,0,0
4801,233655214252924,33417,14349,0,0,0,0
4802,233655255784694,27221,14310,0,0,0,0
4803,233655305500001,33949,15765,0,0,0,0
4804,233655355385617,34588,15296,0,0,0,0
4805,233655398413617,28637,14390,0,0,0,0
4806,233655440150463,30573,11163,0,0,0,0
4807,233655485368617,30859,14358,0,0,0,0
4808,233655526362463,29841,11152,0,0,0,0
4809,233655566100078,28723,11014,0,0,0,0
4810,233655607384694,30201,11083,0,0,0,0
4811,233655650607463,29321,13901,0,0,0,0
4812,233655690217309,27717,11892,0,0,0,0
4813,233655729593309,29069,10306,0,0,0,0
4814,233655770096925,27125,13377,0,0,0,0
4815,233655813209540,29655,13457,0,0,0,0
4816,233655858799155,31309,14280,0,0,0,0
4817,233655899795771,28548,12448,0,0,0,0
4818,233655940444925,28315,12333,0,0,0,0
4819,233655980160617,28932,10783,0,0,0,0
4820,233656019662540,27755,11747,0,0,0,0
4821,233656059173232,27908,11602,0,0,0,0
4822,233656100320001,29983,11162,0,0,0,0
4823,233656140450155,26563,13567,0,0,0,0
4824,233656179410232,28377,10582,0,0,0,0
4825,233656216622540,26783,10428,0,0,0,0
4826,233656255924925,28402,10899,0,0,0,0
4827,233656294526848,27788,10813,0,0,0,0
4828,233656335159078,28362,12269,0,0,0,0
4829,233656374363771,28332,10872,0,0,0,0
4830,233656414687078,29718,10604,0,0,0,0
4831,233656454487386,29428,10371,0,0,0,0
4832,233656494107771,26950,12669,0,0,0,0
4833,233656533032309,28576,10348,0,0,0,0
4834,233656573256309,28278,11945,0,0,0,0
4835,233656611641617,28071,10314,0,0,0,0
4836,233656648800694,27732,9427,0,0,0,0
4837,233656689347078,30056,10489,0,0,0,0
4838,233656726792309,26537,10908,0,0,0,0
4839,233656766230540,26669,12769,0,0,0,0
4840,233656806208925,28802,11175,0,0,0,0
4841,233656844925002,27765,10950,0,0,0,0
4842,233656883280002,26856,11498,0,0,0,0
4843,233656925071386,30268,11523,0,0,0,0
4844,233656970195386,30565,14558,0,0,0,0
4845,233657010905002,30942,9767,0,0,0,0
4846,233657049485617,29034,9545,0,0,0,0
4847,233657088236309,27681,11068,0,0,0,0
4848,233657130193848,30341,11616,0,0,0,0
4849,233657166780386,26795,9791,0,0,0,0
4850,233657207281002,28815,11685,0,0,0,0
4851,233657246289848,27640,11368,0,0,0,0
4852,233657285103155,29172,9640,0,0,0,0
4853,233657323992386,28811,10078,0,0,0,0
4854,233657363337617,29144,10200,0,0,0,0
4855,233657400716694,26971,10407,0,0,0,0
4856,233657439335694,28505,10113,0,0,0,0
4857,233657475481617,26553,9592,0,0,0,0
4858,233657514529232,28376,10670,0,0,0,0
4859,233657552993540,28195,10269,0,0,0,0
4860,233657593927694,29592,11341,0,0,0,0
4861,233657630712617,26588,10196,0,0,0,0
4862,233657666354848,27247,8395,0,0,0,0
4863,233657709164925,30750,12059,0,0,0,0
4864,233657746580078,27352,10062,0,0,0,0
4865,233657783943694,27181,10181,0,0,0,0
4866,233657824099694,29698,10457,0,0,0,0
4867,233657864577848,29364,11114,0,0,0,0
4868,233657905524386,29585,11361,0,0,0,0
4869,233657943838848,26623,11691,0,0,0,0
4870,233657982306848,28863,9604,0,0,0,0
4871,233658023641540,30288,11047,0,0,0,0
4872,233658063442771,28357,11444,0,0,0,0
4873,233658101117848,27611,10063,0,0,0,0
4874,233658140528002,28604,10805,0,0,0,0
4875,233658181253540,29650,11075,0,0,0,0
4876,233658219492309,27337,10901,0,0,0,0
4877,233658264637309,30339,14805,0,0,0,0
4878,233658303295079,26956,11701,0,0,0,0
4879,233658342653309,27891,11466,0,0,0,0
4880,233658383822463,29761,11407,0,0,0,0
4881,233658425607463,29383,12401,0,0,0,0
4882,233658464905925,28156,11142,0,0,0,0
4883,233658507558232,30096,12555,0,0,0,0
4884,233658546830155,27980,11291,0,0,0,0
4885,233658585403694,27944,10628,0,0,0,0
4886,233658626457540,28370,12683,0,0,0,0
4887,233658672852309,34631,11763,0,0,0,0
4888,233658715027463,27846,14328,0,0,0,0
4889,233658752296925,27191,10078,0,0,0,0
4890,233658790440002,28258,9884,0,0,0,0
4891,233658829219155,27750,11028,0,0,0,0
4892,233658870428079,28512,12696,0,0,0,0
4893,233658909954155,29290,10235,0,0,0,0
4894,233658949012002,28334,10723,0,0,0,0
4895,233658989992694,30420,10560,0,0,0,0
4896,233659029117925,27901,11224,0,0,0,0
4897,233659066895386,28319,9458,0,0,0,0
4898,233659107796925,27554,13346,0,0,0,0
4899,233659145902232,26806,11299,0,0,0,0
4900,233659188782463,31599,11281,0,0,0,0
4901,233659226080079,27363,9933,0,0,0,0
4902,233659265337002,27860,11396,0,0,0,0
4903,233659305181617,28630,11214,0,0,0,0
4904,233659345801925,30590,10030,0,0,0,0
4905,233659383552925,27628,10123,0,0,0,0
4906,233659423157309,28175,11429,0,0,0,0
4907,233659464147771,29046,11944,0,0,0,0
4908,233659503684309,28602,10933,0,0,0,0
4909,233659542171079,27994,10492,0,0,0,0
4910,233659583432386,29718,11543,0,0,0,0
4911,233659625365002,29671,12261,0,0,0,0
4912,233659668729232,30583,12780,0,0,0,0
4913,233659709527386,29590,11207,0,0,0,0
4914,233659750083771,29591,10965,0,0,0,0
4915,233659788805232,27940,10781,0,0,0,0
4916,233659828902848,27718,12378,0,0,0,0
4917,233659873631771,33014,11714,0,0,0,0
4918,233659917228617,29240,14356,0,0,0,0
4919,233659959482771,30160,12093,0,0,0,0
4920,233659998003386,27897,10622,0,0,0,0
4921,233660036083156,27174,10906,0,0,0,0
4922,233660075523694,28250,11190,0,0,0,0
4923,233660116732617,28272,12936,0,0,0,0
4924,233660156761002,27807,12220,0,0,0,0
4925,233660194049848,27067,10221,0,0,0,0
4926,233660233973617,28876,11047,0,0,0,0
4927,233660274630232,27759,12897,0,0,0,0
4928,233660315348079,27178,13539,0,0,0,0
4929,233660351398848,26355,9695,0,0,0,0
4930,233660390365232,27853,11113,0,0,0,0
4931,233660431283079,28759,12157,0,0,0,0
4932,233660470374463,27449,11641,0,0,0,0
4933,233660509299463,28263,10661,0,0,0,0
4934,233660549295771,28780,11216,0,0,0,0
4935,233660588406232,28450,10660,0,0,0,0
4936,233660635215771,34190,12618,0,0,0,0
4937,233660680716694,29671,15829,0,0,0,0
4938,233660719355463,28236,10402,0,0,0,0
4939,233660757729540,27794,10580,0,0,0,0
4940,233660797538848,29029,10779,0,0,0,0
4941,233660838936386,30345,11052,0,0,0,0
4942,233660878748617,29351,10460,0,0,0,0
4943,233660918584309,28708,11127,0,0,0,0
4944,233660956631079,27703,10343,0,0,0,0
4945,233660996374463,28039,11704,0,0,0,0
4946,233661040244925,32504,11367,0,0,0,0
4947,233661085826771,30923,14658,0,0,0,0
4948,233661127059156,28101,13131,0,0,0,0
4949,233661164633617,26842,10731,0,0,0,0
4950,233661200633309,26300,9699,0,0,0,0
4951,233661240115156,28588,10893,0,0,0,0
4952,233661286315771,29748,16452,0,0,0,0
4953,233661328490848,32289,9885,0,0,0,0
4954,233661370163386,28545,13127,0,0,0,0
4955,233661408706771,27624,10919,0,0,0,0
4956,233661451809617,30972,12130,0,0,0,0
4957,233661495409233,30709,12889,0,0,0,0
4958,233661540188925,30435,14344,0,0,0,0
4959,233661583776694,31095,12492,0,0,0,0
4960,233661632245540,34340,14128,0,0,0,0
4961,233661674804309,29583,12975,0,0,0,0
4962,233661714389002,28080,11504,0,0,0,0
4963,233661761025848,35281,11355,0,0,0,0
4964,233661804505617,29112,14367,0,0,0,0
4965,233661848897233,30455,13936,0,0,0,0
4966,233661895203079,32547,13758,0,0,0,0
4967,233661944937617,32843,16890,0,0,0,0
4968,233661987688079,28315,14435,0,0,0,0
4969,233662027267694,27571,12008,0,0,0,0
4970,233662066118848,27362,11488,0,0,0,0
4971,233662104657540,27346,11191,0,0,0,0
4972,233662147789848,31154,11978,0,0,0,0
4973,233662184756079,26608,10357,0,0,0,0
4974,233662224456310,28631,11068,0,0,0,0
4975,233662266585848,29760,12368,0,0,0,0
4976,233662306567386,29387,10593,0,0,0,0
4977,233662345282156,25451,13262,0,0,0,0
4978,233662386012386,29335,11394,0,0,0,0
4979,233662427797310,28363,13421,0,0,0,0
4980,233662466280617,28089,10393,0,0,0,0
4981,233662507331079,27747,13302,0,0,0,0
4982,233662549241002,28432,13477,0,0,0,0
4983,233662587990156,27513,11236,0,0,0,0
4984,233662629953925,27828,14135,0,0,0,0
4985,233662670448310,29339,11154,0,0,0,0
4986,233662710378463,29216,10713,0,0,0,0
4987,233662752830848,30166,12286,0,0,0,0
4988,233662793375771,28615,11929,0,0,0,0
4989,233662832101310,28400,10325,0,0,0,0
4990,233662873246540,32181,8963,0,0,0,0
4991,233662916497925,29062,14189,0,0,0,0
4992,233662955972694,27870,11604,0,0,0,0
4993,233662995777848,29194,10610,0,0,0,0
4994,233663033466540,27376,10313,0,0,0,0
4995,233663074535463,29150,11918,0,0,0,0
4996,233663116209002,28798,12875,0,0,0,0
4997,233663156683156,29340,11133,0,0,0,0
4998,233663197146540,29524,10938,0,0,0,0
4999,233663235470156,27291,11031,0,0,0,0
5000,233663276423694,29523,11430,0,0,0,0
5001,233663315391156,28502,10465,0,0,0,0
5002,233663353228694,27410,10427,0,0,0,0
5003,233663392295694,27205,11861,0,0,0,0
5004,233663433534771,30391,10847,0,0,0,0
5005,233663471905848,26994,11377,0,0,0,0
5006,233663509612617,27935,9771,0,0,0,0
5007,233663547444617,27528,10303,0,0,0,0
5008,233663584854233,27988,9421,0,0,0,0
5009,233663627016310,29806,12355,0,0,0,0
5010,233663666071079,28535,10519,0,0,0,0
5011,233663708150848,29942,12137,0,0,0,0
5012,233663745791463,27882,9757,0,0,0,0
5013,233663786410233,29973,10645,0,0,0,0
5014,233663827832617,30038,11384,0,0,0,0
5015,233663867254848,27697,11724,0,0,0,0
5016,233663905874463,28139,10480,0,0,0,0
5017,233663951096002,29292,15928,0,0,0,0
5018,233663987904694,27240,9568,0,0,0,0
5019,233664027103156,28485,10714,0,0,0,0
5020,233664064583771,27458,10022,0,0,0,0
5021,233664101801233,27379,9837,0,0,0,0
5022,233664142293233,28472,12019,0,0,0,0
5023,233664183393540,30076,11024,0,0,0,0
5024,233664226145848,28967,13784,0,0,0,0
5025,233664264623079,26660,11816,0,0,0,0
5026,233664309078233,32540,11914,0,0,0,0
5027,233664350153848,28324,12751,0,0,0,0
5028,233664389537540,28911,10472,0,0,0,0
5029,233664427138156,26333,11267,0,0,0,0
5030,233664469007387,31389,10479,0,0,0,0
5031,233664512315771,33508,9800,0,0,0,0
5032,233664549414233,27574,9523,0,0,0,0
5033,233664591459156,29972,12072,0,0,0,0
5034,233664631260694,29064,10737,0,0,0,0
5035,233664669347079,26844,11241,0,0,0,0
5036,233664707773233,27713,10712,0,0,0,0
5037,233664746421848,28568,10079,0,0,0,0
5038,233664783186771,27824,8940,0,0,0,0
5039,233664821275464,28362,9726,0,0,0,0
5040,233664860820617,29854,9690,0,0,0,0
5041,233664899982156,28326,10834,0,0,0,0
5042,233664939190156,29075,10133,0,0,0,0
5043,233664989864310,33948,16725,0,0,0,0
5044,233665028766848,28966,9937,0,0,0,0
5045,233665066925233,28327,9831,0,0,0,0
5046,233665102860925,26008,9927,0,0,0,0
5047,233665140826771,29021,8944,0,0,0,0
5048,233665175019387,24973,9218,0,0,0,0
5049,233665212860617,27220,10621,0,0,0,0
5050,233665251685540,28929,9895,0,0,0,0
5051,233665293942156,29378,12877,0,0,0,0
5052,233665337084387,28411,14730,0,0,0,0
5053,233665375485002,28481,9919,0,0,0,0
5054,233665419190464,29997,13708,0,0,0,0
5055,233665461936617,30583,12162,0,0,0,0
5056,233665499921540,27238,10746,0,0,0,0
5057,233665539787387,29903,9961,0,0,0,0
5058,233665580571464,29472,11311,0,0,0,0
5059,233665617701925,26991,10139,0,0,0,0
5060,233665657772002,28800,11269,0,0,0,0
5061,233665696249848,27381,11096,0,0,0,0
5062,233665742748925,31689,14809,0,0,0,0
5063,233665780873925,28112,10012,0,0,0,0
5064,233665819927156,27365,11688,0,0,0,0
5065,233665859136694,28346,10863,0,0,0,0
5066,233665898867694,29451,10280,0,0,0,0
5067,233665939732079,29634,11229,0,0,0,0
5068,233665977994771,28931,9331,0,0,0,0
5069,233666016177617,27536,10647,0,0,0,0
5070,233666053422233,26880,10363,0,0,0,0
5071,233666091578156,28027,10128,0,0,0,0
5072,233666131710233,30122,10009,0,0,0,0
5073,233666169241002,27576,9954,0,0,0,0
5074,233666207999387,28651,10106,0,0,0,0
5075,233666245238464,26927,10311,0,0,0,0
5076,233666284460925,28953,10268,0,0,0,0
5077,233666322487156,28328,9697,0,0,0,0
5078,233666367589002,34885,10216,0,0,0,0
5079,233666408987387,29623,11774,0,0,0,0
5080,233666449799464,29157,11654,0,0,0,0
5081,233666490940925,29082,12058,0,0,0,0
5082,233666534594771,28876,14777,0,0,0,0
5083,233666574645848,27171,12879,0,0,0,0
5084,233666611038233,27186,9206,0,0,0,0
5085,233666647973233,26731,10203,0,0,0,0
5086,233666686432002,27653,10805,0,0,0,0
5087,233666723553848,26811,10310,0,0,0,0
5088,233666761072310,27648,9870,0,0,0,0
5089,233666802656079,29963,11620,0,0,0,0
5090,233666839239079,26196,10386,0,0,0,0
5091,233666876179771,26395,10545,0,0,0,0
5092,233666914250233,28522,9548,0,0,0,0
5093,233666952368387,27015,11102,0,0,0,0
5094,233666991181233,31636,7176,0,0,0,0
5095,233667033406771,29285,12941,0,0,0,0
5096,233667074233233,29768,11057,0,0,0,0
5097,233667113493233,27361,11898,0,0,0,0
5098,233667160653002,36820,10339,0,0,0,0
5099,233667203036694,30806,11576,0,0,0,0
5100,233667239278771,26846,9395,0,0,0,0
5101,233667283149002,28583,15287,0,0,0,0
5102,233667318490156,27128,8212,0,0,0,0
5103,233667357316387,28622,10203,0,0,0,0
5104,233667394504387,28128,9059,0,0,0,0
5105,233667431661310,26912,10244,0,0,0,0
5106,233667467073848,26755,8656,0,0,0,0
5107,233667507237541,29317,10846,0,0,0,0
5108,233667539480079,23752,8490,0,0,0,0
5109,233667572701233,25389,7831,0,0,0,0
5110,233667604857541,23659,8497,0,0,0,0
5111,233667639701541,26224,8619,0,0,0,0
5112,233667677836925,29483,8651,0,0,0,0
5113,233667723899464,33215,12847,0,0,0,0
5114,233667770704925,30733,16071,0,0,0,0
5115,233667813733925,31724,11304,0,0,0,0
5116,233667857692618,28840,15117,0,0,0,0
5117,233667903378541,33285,12400,0,0,0,0
5118,233667939929925,27332,9218,0,0,0,0
5119,233667977790464,27915,9944,0,0,0,0
5120,233668018814464,30188,10836,0,0,0,0
5121,233668055942771,27234,9893,0,0,0,0
5122,233668094079771,27264,10872,0,0,0,0
5123,233668135331771,29508,11743,0,0,0,0
5124,233668177748618,27931,14485,0,0,0,0
5125,233668219460387,26819,14892,0,0,0,0
5126,233668258640694,28284,10895,0,0,0,0
5127,233668296419156,27491,10286,0,0,0,0
5128,233668333589541,26935,10235,0,0,0,0
5129,233668374734233,28856,12288,0,0,0,0
5130,233668410574464,25611,10229,0,0,0,0
5131,233668450877848,28609,11693,0,0,0,0
5132,233668488282771,27515,9889,0,0,0,0
5133,233668524975156,27125,9566,0,0,0,0
5134,233668567430156,31333,11121,0,0,0,0
5135,233668611742233,33358,10953,0,0,0,0
5136,233668653874848,30409,11722,0,0,0,0
5137,233668691434848,26468,11091,0,0,0,0
5138,233668730704695,31651,7618,0,0,0,0
5139,233668768743464,27376,10662,0,0,0,0
5140,233668811262233,32991,9527,0,0,0,0
5141,233668851834464,28200,12372,0,0,0,0
5142,233668890768002,28844,10088,0,0,0,0
5143,233668932644002,30366,11509,0,0,0,0
5144,233668972040925,27518,11878,0,0,0,0
5145,233669008617925,28152,8425,0,0,0,0
5146,233669048122848,29057,10447,0,0,0,0
5147,233669086034848,26777,11134,0,0,0,0
5148,233669124723079,29066,9621,0,0,0,0
5149,233669165556310,29026,11806,0,0,0,0
5150,233669204109541,28484,10069,0,0,0,0
5151,233669242691771,28011,10570,0,0,0,0
5152,233669281361002,28843,9826,0,0,0,0
5153,233669317795387,25589,10845,0,0,0,0
5154,233669358671387,31082,9793,0,0,0,0
5155,233669398318464,28523,11123,0,0,0,0
5156,233669433979387,26682,8978,0,0,0,0
5157,233669472275695,27567,10729,0,0,0,0
5158,233669509160387,26853,10031,0,0,0,0
5159,233669549100925,26807,13132,0,0,0,0
5160,233669590020310,31146,9773,0,0,0,0
5161,233669625891387,25907,9963,0,0,0,0
5162,233669663220079,27409,9918,0,0,0,0
5163,233669698944079,25962,9761,0,0,0,0
5164,233669739295464,28169,12181,0,0,0,0
5165,233669777711464,28163,10252,0,0,0,0
5166,233669818033848,29783,10539,0,0,0,0
5167,233669864754233,30561,16158,0,0,0,0
5168,233669903210541,26782,11673,0,0,0,0
5169,233669940702848,28072,9420,0,0,0,0
5170,233669977041233,27510,8827,0,0,0,0
5171,233670015397618,27771,10585,0,0,0,0
5172,233670052462156,26752,10312,0,0,0,0
5173,233670089031464,27933,8636,0,0,0,0
5174,233670127378541,29407,8939,0,0,0,0
5175,233670165464618,27663,10422,0,0,0,0
5176,233670205144695,28882,10797,0,0,0,0
5177,233670242273618,27707,9421,0,0,0,0
5178,233670280329233,27274,10781,0,0,0,0
5179,233670319658848,29282,10047,0,0,0,0
5180,233670357527772,27536,10332,0,0,0,0
5181,233670397880079,29584,10768,0,0,0,0
5182,233670436478464,28251,10347,0,0,0,0
5183,233670472204002,26925,8800,0,0,0,0
5184,233670510735695,30171,8359,0,0,0,0
5185,233670549905002,27972,11197,0,0,0,0
5186,233670590909310,29768,11236,0,0,0,0
5187,233670628324310,26659,10756,0,0,0,0
5188,233670666548079,28398,9825,0,0,0,0
5189,233670703645541,27044,10052,0,0,0,0
5190,233670742673541,29695,9332,0,0,0,0
5191,233670781577002,28476,10427,0,0,0,0
5192,233670820118541,28929,9611,0,0,0,0
5193,233670861172310,30268,10785,0,0,0,0
5194,233670902222233,29403,11646,0,0,0,0
5195,233670942497002,28602,11672,0,0,0,0
5196,233670981802156,28643,10661,0,0,0,0
5197,233671021246464,28370,11074,0,0,0,0
5198,233671061597541,30386,9964,0,0,0,0
5199,233671098672310,27251,9823,0,0,0,0
5200,233671135304002,27073,9558,0,0,0,0
5201,233671173800925,28670,9826,0,0,0,0
5202,233671212816387,29162,9852,0,0,0,0
5203,233671249850772,27057,9977,0,0,0,0
5204,233671286080002,28270,7959,0,0,0,0
5205,233671323781849,27998,9703,0,0,0,0
5206,233671360259156,26444,10033,0,0,0,0
5207,233671398237849,28199,9779,0,0,0,0
5208,233671436768310,28111,10418,0,0,0,0
5209,233671476564079,28651,11144,0,0,0,0
5210,233671516286464,29667,10054,0,0,0,0
5211,233671556348387,28553,11508,0,0,0,0
5212,233671592487387,26901,9237,0,0,0,0
5213,233671631355772,29442,9425,0,0,0,0
5214,233671670009002,28771,9881,0,0,0,0
5215,233671709318233,30163,9146,0,0,0,0
5216,233671750910541,30501,11091,0,0,0,0
5217,233671788868695,27390,10568,0,0,0,0
5218,233671828132079,26532,12731,0,0,0,0
5219,233671863312310,26236,8943,0,0,0,0
5220,233671905601541,33133,9155,0,0,0,0
5221,233671943248002,28405,9240,0,0,0,0
5222,233671981116002,27429,10438,0,0,0,0
5223,233672019956925,28083,10757,0,0,0,0
5224,233672058505849,27929,10619,0,0,0,0
5225,233672099937618,30187,11244,0,0,0,0
5226,233672146402541,29412,17052,0,0,0,0
5227,233672183030772,26705,9922,0,0,0,0
5228,233672218932695,26489,9412,0,0,0,0
5229,233672257074849,28797,9344,0,0,0,0
5230,233672294366233,26897,10394,0,0,0,0
5231,233672331131156,26449,10315,0,0,0,0
5232,233672366662772,27415,8116,0,0,0,0
5233,233672405724079,28516,10545,0,0,0,0
5234,233672441979464,27476,8779,0,0,0,0
5235,233672478271156,27323,8968,0,0,0,0
5236,233672515391079,26288,10831,0,0,0,0
5237,233672549850233,25406,9052,0,0,0,0
5238,233672585717849,26538,9329,0,0,0,0
5239,233672631126772,34247,11161,0,0,0,0
5240,233672672553310,29595,11830,0,0,0,0
5241,233672711008310,28785,9669,0,0,0,0
5242,233672749315387,28907,9400,0,0,0,0
5243,233672788139772,28306,10518,0,0,0,0
5244,233672826816079,28196,10479,0,0,0,0
5245,233672865163156,27812,10535,0,0,0,0
5246,233672903509002,28347,9998,0,0,0,0
5247,233672940268695,27134,9624,0,0,0,0
5248,233672979463464,29740,9454,0,0,0,0
5249,233673016867387,27454,9950,0,0,0,0
5250,233673054980926,27555,10558,0,0,0,0
5251,233673093434541,27645,10808,0,0,0,0
5252,233673132049002,28068,10546,0,0,0,0
5253,233673165314156,24855,8409,0,0,0,0
5254,233673201109618,26420,9375,0,0,0,0
5255,233673239520618,28747,9663,0,0,0,0
5256,233673284639387,30831,14287,0,0,0,0
5257,233673325283387,28752,11891,0,0,0,0
5258,233673365837618,29857,10696,0,0,0,0
5259,233673403173541,27777,9558,0,0,0,0
5260,233673442317849,28519,10625,0,0,0,0
5261,233673484711695,30316,12077,0,0,0,0
5262,233673525848387,27959,13177,0,0,0,0
5263,233673563439772,27348,10243,0,0,0,0
5264,233673599119772,25726,9953,0,0,0,0
5265,233673640213541,29641,11452,0,0,0,0
5266,233673675832310,26237,9381,0,0,0,0
5267,233673713041233,27241,9967,0,0,0,0
5268,233673751785310,28729,10014,0,0,0,0
5269,233673797972926,36917,9270,0,0,0,0
5270,233673844907464,32089,14845,0,0,0,0
5271,233673894602772,33348,16346,0,0,0,0
5272,233673938501003,29612,14285,0,0,0,0
5273,233673977176003,30157,8517,0,0,0,0
5274,233674016677618,29322,10179,0,0,0,0
5275,233674067025618,34266,16081,0,0,0,0
5276,233674114606464,32205,15375,0,0,0,0
5277,233674151701849,25949,11145,0,0,0,0
5278,233674186606772,26452,8452,0,0,0,0
5279,233674224308079,26739,10961,0,0,0,0
5280,233674265569310,30505,10755,0,0,0,0
5281,233674305052695,28905,10578,0,0,0,0
5282,233674343610849,30370,8187,0,0,0,0
5283,233674387196079,29158,14426,0,0,0,0
5284,233674423927772,27432,9298,0,0,0,0
5285,233674461438464,26711,10799,0,0,0,0
5286,233674500417926,28308,10670,0,0,0,0
5287,233674541174464,28305,12451,0,0,0,0
5288,233674583245926,30533,11537,0,0,0,0
5289,233674623726233,27996,12483,0,0,0,0
5290,233674664226772,28838,11661,0,0,0,0
5291,233674707332310,32330,10775,0,0,0,0
5292,233674746403156,28461,10609,0,0,0,0
5293,233674784818849,28713,9702,0,0,0,0
5294,233674825774464,30291,10664,0,0,0,0
5295,233674864086772,27068,11244,0,0,0,0
5296,233674899791387,25860,9844,0,0,0,0
5297,233674939556926,28944,10821,0,0,0,0
5298,233674978232080,28228,10447,0,0,0,0
5299,233675015580618,27414,9935,0,0,0,0
5300,233675051237541,26659,8997,0,0,0,0
5301,233675092460310,29733,11488,0,0,0,0
5302,233675131606541,29016,10129,0,0,0,0
5303,233675169738772,27499,10632,0,0,0,0
5304,233675207143387,28259,9145,0,0,0,0
5305,233675243423772,27441,8838,0,0,0,0
5306,233675283169541,29070,10675,0,0,0,0
5307,233675319012003,26481,9361,0,0,0,0
5308,233675357623387,27320,11290,0,0,0,0
5309,233675395036003,28312,9099,0,0,0,0
5310,233675435855080,28571,12247,0,0,0,0
5311,233675473841618,28342,9644,0,0,0,0
5312,233675519554156,36185,9526,0,0,0,0
5313,233675556421310,25800,11066,0,0,0,0
5314,233675594100618,28408,9271,0,0,0,0
5315,233675639689310,35412,10176,0,0,0,0
5316,233675679117233,28660,10767,0,0,0,0
5317,233675715511772,27246,9147,0,0,0,0
5318,233675752783387,26722,10549,0,0,0,0
5319,233675790188003,28756,8648,0,0,0,0
5320,233675825334849,27361,7784,0,0,0,0
5321,233675865954233,29174,11444,0,0,0,0
5322,233675905199695,28267,10978,0,0,0,0
5323,233675942011156,27789,9022,0,0,0,0
5324,233675981558156,28394,11152,0,0,0,0
5325,233676017862772,26619,9685,0,0,0,0
5326,233676057187080,27879,11444,0,0,0,0
5327,233676097412310,29091,11134,0,0,0,0
5328,233676134492310,28022,9057,0,0,0,0
5329,233676170564387,26822,9249,0,0,0,0
5330,233676211032003,29134,11332,0,0,0,0
5331,233676247646233,27733,8880,0,0,0,0
5332,233676286245003,28792,9806,0,0,0,0
5333,233676325752618,27690,11817,0,0,0,0
5334,233676372508080,30752,16003,0,0,0,0
5335,233676410689926,28135,10046,0,0,0,0
5336,233676448871464,28141,10039,0,0,0,0
5337,233676492640695,29097,14672,0,0,0,0
5338,233676533939464,29529,11769,0,0,0,0
5339,233676573446464,28021,11485,0,0,0,0
5340,233676613598157,28408,11742,0,0,0,0
5341,233676651997003,26573,11825,0,0,0,0
5342,233676687118233,27524,7597,0,0,0,0
5343,233676725791464,27329,11344,0,0,0,0
5344,233676768298233,31779,10727,0,0,0,0
5345,233676806343464,26231,11813,0,0,0,0
5346,233676844104003,28051,9709,0,0,0,0
5347,233676882837233,27809,10924,0,0,0,0
5348,233676923916310,30229,10849,0,0,0,0
5349,233676963908926,29584,10408,0,0,0,0
5350,233677009706849,31149,14649,0,0,0,0
5351,233677049272618,28283,11281,0,0,0,0
5352,233677092160926,30124,12764,0,0,0,0
5353,233677131205849,27373,11671,0,0,0,0
5354,233677169543387,27734,10603,0,0,0,0
5355,233677207682541,27268,10870,0,0,0,0
5356,233677247855157,27640,12531,0,0,0,0
5357,233677287028695,27487,11685,0,0,0,0
5358,233677326318849,27374,11915,0,0,0,0
5359,233677365288695,29388,9581,0,0,0,0
5360,233677403939695,28195,10455,0,0,0,0
5361,233677442104618,27388,10776,0,0,0,0
5362,233677483329618,29669,11555,0,0,0,0
5363,233677523381618,27968,12083,0,0,0,0
5364,233677563727387,28481,11864,0,0,0,0
5365,233677602375695,27092,11555,0,0,0,0
5366,233677644981234,28580,14025,0,0,0,0
5367,233677682292080,26532,10778,0,0,0,0
5368,233677724924310,29216,13415,0,0,0,0
5369,233677766431157,29079,12427,0,0,0,0
5370,233677807582464,29472,11678,0,0,0,0
5371,233677850947157,29539,13825,0,0,0,0
5372,233677890776080,29245,10583,0,0,0,0
5373,233677932541234,27882,13882,0,0,0,0
5374,233677973777926,29675,11561,0,0,0,0
5375,233678015036618,28166,13093,0,0,0,0
5376,233678058942464,31697,12208,0,0,0,0
5377,233678100827772,28537,13348,0,0,0,0
5378,233678141586772,28405,12353,0,0,0,0
5379,233678181906464,28504,11814,0,0,0,0
5380,233678219980003,28019,10054,0,0,0,0
5381,233678263856003,29423,14452,0,0,0,0
5382,233678301123080,27960,9307,0,0,0,0
5383,233678340511772,28281,11106,0,0,0,0
5384,233678375865310,25915,9437,0,0,0,0
5385,233678416761234,30097,10798,0,0,0,0
5386,233678455858464,29278,9819,0,0,0,0
5387,233678494581618,27342,11380,0,0,0,0
5388,233678537790157,29229,13978,0,0,0,0
5389,233678574403157,26555,10057,0,0,0,0
5390,233678614191080,27980,11807,0,0,0,0
5391,233678650618464,26811,9615,0,0,0,0
5392,233678685986464,26391,8976,0,0,0,0
5393,233678726254772,28464,11804,0,0,0,0
5394,233678764100387,27954,9891,0,0,0,0
5395,233678806493234,31866,10526,0,0,0,0
5396,233678843372926,27873,9006,0,0,0,0
5397,233678881917618,28337,10207,0,0,0,0
5398,233678919120080,27376,9825,0,0,0,0
5399,233678957520387,27351,11049,0,0,0,0
5400,233678996306464,27915,10870,0,0,0,0
5401,233679034701541,27833,10562,0,0,0,0
5402,233679075899157,29719,11478,0,0,0,0
5403,233679115137003,28677,10560,0,0,0,0
5404,233679152931695,27001,10793,0,0,0,0
5405,233679194901311,30777,11192,0,0,0,0
5406,233679231650464,26443,10305,0,0,0,0
5407,233679266733926,26273,8809,0,0,0,0
5408,233679306029926,28469,10826,0,0,0,0
5409,233679342901234,25619,11252,0,0,0,0
5410,233679384625003,30289,11434,0,0,0,0
5411,233679426310464,29340,12345,0,0,0,0
5412,233679466666464,25297,15058,0,0,0,0
5413,233679508797618,30334,11796,0,0,0,0
5414,233679555475464,32197,14480,0,0,0,0
5415,233679601807080,33664,12666,0,0,0,0
5416,233679652154157,37324,13022,0,0,0,0
5417,233679699809311,33110,14544,0,0,0,0
5418,233679743468926,29949,13710,0,0,0,0
5419,233679786506157,30350,12686,0,0,0,0
5420,233679824447464,27757,10183,0,0,0,0
5421,233679860314464,25829,10037,0,0,0,0
5422,233679899447464,28294,10838,0,0,0,0
5423,233679937920618,27741,10731,0,0,0,0
5424,233679982590157,32384,12284,0,0,0,0
5425,233680027122772,29917,14616,0,0,0,0
5426,233680070264926,27036,16105,0,0,0,0
5427,233680107695157,27106,10323,0,0,0,0
5428,233680142259772,24924,9640,0,0,0,0
5429,233680179463695,26787,10416,0,0,0,0
5430,233680216991388,27001,10525,0,0,0,0
5431,233680257128695,27974,12163,0,0,0,0
5432,233680298004926,29776,11099,0,0,0,0
5433,233680336822157,28623,10193,0,0,0,0
5434,233680376309234,29950,9536,0,0,0,0
5435,233680416529234,28997,11222,0,0,0,0
5436,233680457929926,29253,12146,0,0,0,0
5437,233680498536695,27784,12822,0,0,0,0
5438,233680543120003,32231,12352,0,0,0,0
5439,233680584998772,29668,12209,0,0,0,0
5440,233680627511388,29880,12632,0,0,0,0
5441,233680671986541,27763,16712,0,0,0,0
5442,233680709401618,27326,10088,0,0,0,0
5443,233680748785541,29710,9673,0,0,0,0
5444,233680789720003,30106,10827,0,0,0,0
5445,233680832263772,30498,12045,0,0,0,0
5446,233680873748080,28300,13184,0,0,0,0
5447,233680915012311,27952,13311,0,0,0,0
5448,233680954938234,28919,11006,0,0,0,0
5449,233680997501541,30363,12199,0,0,0,0
5450,233681042201926,32107,12594,0,0,0,0
5451,233681082413003,27945,12265,0,0,0,0
5452,233681128793234,29262,17117,0,0,0,0
5453,233681168440695,29363,10283,0,0,0,0
5454,233681207856388,27956,11459,0,0,0,0
5455,233681250545926,29817,12871,0,0,0,0
5456,233681290183464,28302,11335,0,0,0,0
5457,233681330348080,29098,11065,0,0,0,0
5458,233681369667388,27444,11875,0,0,0,0
5459,233681408645311,27553,11424,0,0,0,0
5460,233681447978772,27144,12189,0,0,0,0
5461,233681489266157,29735,11551,0,0,0,0
5462,233681531818234,31033,11518,0,0,0,0
5463,233681569791388,27219,10753,0,0,0,0
5464,233681617424003,31882,15750,0,0,0,0
5465,233681656950157,27173,12352,0,0,0,0
5466,233681698381849,29643,11788,0,0,0,0
5467,233681735814849,26110,11322,0,0,0,0
5468,233681775110157,29484,9811,0,0,0,0
5469,233681819869234,29252,15507,0,0,0,0
5470,233681860371772,28614,11888,0,0,0,0
5471,233681903327465,27906,15049,0,0,0,0
5472,233681941046849,27652,10067,0,0,0,0
5473,233681978056926,27117,9892,0,0,0,0
5474,233682019241618,30048,11137,0,0,0,0
5475,233682059573926,28306,12025,0,0,0,0
5476,233682099190772,28143,11473,0,0,0,0
5477,233682137762157,28559,10012,0,0,0,0
5478,233682176636695,28833,10040,0,0,0,0
5479,233682216162772,30115,9410,0,0,0,0
5480,233682256549849,29974,10412,0,0,0,0
5481,233682298357541,28103,13704,0,0,0,0
5482,233682337785618,27975,11453,0,0,0,0
5483,233682385877541,32302,15789,0,0,0,0
5484,233682424552311,28238,10436,0,0,0,0
5485,233682464124080,27937,11633,0,0,0,0
5486,233682506012618,30360,11527,0,0,0,0
5487,233682542296926,25258,11025,0,0,0,0
5488,233682583932003,28863,12771,0,0,0,0
5489,233682623301234,28205,11163,0,0,0,0
5490,233682665519772,28306,13911,0,0,0,0
5491,233682706387465,29916,10951,0,0,0,0
5492,233682744088926,27541,10160,0,0,0,0
5493,233682781823388,27160,10573,0,0,0,0
5494,233682821369926,28673,10873,0,0,0,0
5495,233682859376388,26908,11098,0,0,0,0
5496,233682901050157,28678,12995,0,0,0,0
5497,233682939862772,28091,10721,0,0,0,0
5498,233682984809849,28427,16519,0,0,0,0
5499,233683028678772,28712,15157,0,0,0,0
5500,233683065878157,27275,9924,0,0,0,0
5501,233683104909003,29112,9918,0,0,0,0
5502,233683141940618,27592,9439,0,0,0,0
5503,233683184897542,31702,11254,0,0,0,0
5504,233683225384388,27720,12766,0,0,0,0
5505,233683265760618,28344,12031,0,0,0,0
5506,233683308904388,28593,14550,0,0,0,0
5507,233683348134157,27617,11612,0,0,0,0
5508,233683389254849,30924,10196,0,0,0,0
5509,233683427088388,27031,10801,0,0,0,0
5510,233683466611465,27076,12446,0,0,0,0
5511,233683507353311,27854,12887,0,0,0,0
5512,233683545957234,28129,10474,0,0,0,0
5513,233683586287157,28319,12010,0,0,0,0
5514,233683626214234,29162,10764,0,0,0,0
5515,233683670952926,28609,16129,0,0,0,0
5516,233683710694157,27203,12537,0,0,0,0
5517,233683749148618,27696,10758,0,0,0,0
5518,233683786026234,26624,10253,0,0,0,0
5519,233683832955388,32067,14862,0,0,0,0
5520,233683875011465,29384,12671,0,0,0,0
5521,233683915311772,27690,12610,0,0,0,0
5522,233683951629234,25041,11275,0,0,0,0
5523,233683989382157,28022,9730,0,0,0,0
5524,233684027456311,26924,11150,0,0,0,0
5525,233684069991772,30207,12327,0,0,0,0
5526,233684109081619,28054,11035,0,0,0,0
5527,233684148165619,28060,11023,0,0,0,0
5528,233684186628388,26912,11550,0,0,0,0
5529,233684231890849,29750,15511,0,0,0,0
5530,233684272162465,29259,11012,0,0,0,0
5531,233684312900619,30003,10734,0,0,0,0
5532,233684353349234,27550,12898,0,0,0,0
5533,233684391109619,27885,9874,0,0,0,0
5534,233684435562772,33003,11449,0,0,0,0
5535,233684477409311,29202,12643,0,0,0,0
5536,233684517039465,29946,9683,0,0,0,0
5537,233684556147388,27903,11204,0,0,0,0
5538,233684591792080,26756,8888,0,0,0,0
5539,233684627285926,26674,8819,0,0,0,0
5540,233684664860003,27172,10401,0,0,0,0
5541,233684706657311,28818,12979,0,0,0,0
5542,233684743779080,25936,11185,0,0,0,0
5543,233684784507772,30314,10414,0,0,0,0
5544,233684823437619,28959,9970,0,0,0,0
5545,233684862342772,28639,10265,0,0,0,0
5546,233684898517926,25908,10266,0,0,0,0
5547,233684936097619,27896,9683,0,0,0,0
5548,233684974142234,27881,10163,0,0,0,0
5549,233685013423388,29909,9372,0,0,0,0
5550,233685050219772,26728,10068,0,0,0,0
5551,233685087038234,28265,8553,0,0,0,0
5552,233685125214542,27818,10357,0,0,0,0
5553,233685164119157,27821,11083,0,0,0,0
5554,233685202267157,27788,10359,0,0,0,0
5555,233685240657619,27716,10673,0,0,0,0
5556,233685281016080,28076,12282,0,0,0,0
5557,233685321370157,28937,11416,0,0,0,0
5558,233685361160311,28538,11251,0,0,0,0
5559,233685399863696,28092,10610,0,0,0,0
5560,233685439990542,27476,12649,0,0,0,0
5561,233685483634542,28776,14867,0,0,0,0
5562,233685526060388,30761,11664,0,0,0,0
5563,233685569537234,28144,15332,0,0,0,0
5564,233685609951465,29627,10786,0,0,0,0
5565,233685659719696,35383,14384,0,0,0,0
5566,233685702974772,30136,13118,0,0,0,0
5567,233685745349003,28499,13874,0,0,0,0
5568,233685785174465,28462,11363,0,0,0,0
5569,233685826787388,29391,12221,0,0,0,0
5570,233685866782157,28854,11140,0,0,0,0
5571,233685912130157,32043,13304,0,0,0,0
5572,233685951686157,28450,11105,0,0,0,0
5573,233685994508311,32191,10631,0,0,0,0
5574,233686041823080,32217,15097,0,0,0,0
5575,233686089642542,30214,17604,0,0,0,0
5576,233686131008696,31326,10039,0,0,0,0
5577,233686178223465,34412,12802,0,0,0,0
5578,233686218193926,27813,12157,0,0,0,0
5579,233686257828926,28588,11046,0,0,0,0
5580,233686295233926,28017,9387,0,0,0,0
5581,233686334812080,28565,11012,0,0,0,0
5582,233686375454772,29820,10822,0,0,0,0
5583,233686415994234,28194,12345,0,0,0,0
5584,233686455652080,27879,11778,0,0,0,0
5585,233686493611157,26747,11211,0,0,0,0
5586,233686534205926,27970,12624,0,0,0,0
5587,233686575280080,29849,11224,0,0,0,0
5588,233686618265542,30923,12062,0,0,0,0
5589,233686661755388,34127,9361,0,0,0,0
5590,233686700857926,28137,10965,0,0,0,0
5591,233686741901003,30213,10829,0,0,0,0
5592,233686786561849,28263,16397,0,0,0,0
5593,233686826034465,28260,11211,0,0,0,0
5594,233686867137003,30028,11074,0,0,0,0
5595,233686905867773,27579,11151,0,0,0,0
5596,233686945682157,28864,10950,0,0,0,0
5597,233686986896619,30122,11092,0,0,0,0
5598,233687027919388,29112,11911,0,0,0,0
5599,233687066507080,27563,11024,0,0,0,0
5600,233687109335773,30857,11971,0,0,0,0
5601,233687149705003,27943,12425,0,0,0,0
5602,233687194627388,31413,13508,0,0,0,0
5603,233687233117003,26159,12330,0,0,0,0
5604,233687275111696,29820,12173,0,0,0,0
5605,233687317093619,29278,12703,0,0,0,0
5606,233687356264080,28165,11005,0,0,0,0
5607,233687395472003,28196,11011,0,0,0,0
5608,233687434321542,27368,11481,0,0,0,0
5609,233687474650465,28683,11645,0,0,0,0
5610,233687517986465,30418,12917,0,0,0,0
5611,233687556342157,27564,10791,0,0,0,0
5612,233687598334234,29872,12120,0,0,0,0
5613,233687635665849,26270,11060,0,0,0,0
5614,233687673499696,27907,9926,0,0,0,0
5615,233687713105542,26832,12773,0,0,0,0
5616,233687756655465,31632,11917,0,0,0,0
5617,233687801130234,30036,14438,0,0,0,0
5618,233687838378234,27370,9877,0,0,0,0
5619,233687876317542,28193,9745,0,0,0,0
5620,233687914634542,27787,10529,0,0,0,0
5621,233687953338157,27482,11220,0,0,0,0
5622,233687994083388,27971,12773,0,0,0,0
5623,233688036297234,29240,12974,0,0,0,0
5624,233688075689619,28183,11209,0,0,0,0
5625,233688113925619,26475,11760,0,0,0,0
5626,233688150370157,26298,10146,0,0,0,0
5627,233688190580003,30847,9362,0,0,0,0
5628,233688232320388,30073,11666,0,0,0,0
5629,233688273504003,28312,12871,0,0,0,0
5630,233688316145619,29067,13574,0,0,0,0
5631,233688355986773,29362,10478,0,0,0,0
5632,233688399654542,31940,11727,0,0,0,0
5633,233688446474234,33511,13307,0,0,0,0
5634,233688487600080,28325,12800,0,0,0,0
5635,233688526665850,28783,10282,0,0,0,0
5636,233688567699773,30979,10054,0,0,0,0
5637,233688608225234,29167,11357,0,0,0,0
5638,233688648389003,30057,10106,0,0,0,0
5639,233688686429619,26291,11748,0,0,0,0
5640,233688728339773,30147,11763,0,0,0,0
5641,233688766542234,28129,10073,0,0,0,0
5642,233688811264003,28270,16451,0,0,0,0
5643,233688849299080,27919,10116,0,0,0,0
5644,233688892934850,30047,13588,0,0,0,0
5645,233688932349926,27350,12064,0,0,0,0
5646,233688970812003,29264,9197,0,0,0,0
5647,233689009782157,28595,10375,0,0,0,0
5648,233689051015388,28941,12291,0,0,0,0
5649,233689090623696,29283,10325,0,0,0,0
5650,233689132080388,29446,12010,0,0,0,0
5651,233689171973234,28784,11108,0,0,0,0
5652,233689215182542,31770,11439,0,0,0,0
5653,233689256161234,27872,13106,0,0,0,0
5654,233689292921850,27055,9705,0,0,0,0
5655,233689330912080,26544,11445,0,0,0,0
5656,233689369487696,29390,9184,0,0,0,0
5657,233689409679157,29366,10824,0,0,0,0
5658,233689450503388,27499,13325,0,0,0,0
5659,233689490653850,28561,11589,0,0,0,0
5660,233689531374542,29861,10858,0,0,0,0
5661,233689573129927,31002,10752,0,0,0,0
5662,233689615009311,28243,13636,0,0,0,0
5663,233689656113619,30204,10900,0,0,0,0
5664,233689695242465,28605,10523,0,0,0,0
5665,233689733575773,28295,10037,0,0,0,0
5666,233689773827388,28525,11726,0,0,0,0
5667,233689813985927,28893,11265,0,0,0,0
5668,233689852931157,27892,11053,0,0,0,0
5669,233689893732619,29035,11765,0,0,0,0
5670,233689934573850,29410,11431,0,0,0,0
5671,233689974713311,27672,12467,0,0,0,0
5672,233690013922465,27969,11240,0,0,0,0
5673,233690053320696,29024,10373,0,0,0,0
5674,233690092201850,27968,10912,0,0,0,0
5675,233690131421927,30469,8750,0,0,0,0
5676,233690171112927,27324,12367,0,0,0,0
5677,233690208780696,26899,10768,0,0,0,0
5678,233690250400388,30752,10866,0,0,0,0
5679,233690290296080,28974,10920,0,0,0,0
5680,233690326785234,26023,10465,0,0,0,0
5681,233690368237234,30631,10821,0,0,0,0
5682,233690406492927,28117,10137,0,0,0,0
5683,233690444762773,27233,11036,0,0,0,0
5684,233690485030234,27977,12290,0,0,0,0
5685,233690522556311,26404,11121,0,0,0,0
5686,233690560152311,27528,10067,0,0,0,0
5687,233690597153850,27062,9939,0,0,0,0
5688,233690635555465,27576,10825,0,0,0,0
5689,233690675120927,27193,12371,0,0,0,0
5690,233690720453004,27529,17802,0,0,0,0
5691,233690758765311,26461,11850,0,0,0,0
5692,233690799088696,28772,11550,0,0,0,0
5693,233690840976696,28505,13382,0,0,0,0
5694,233690883574157,28176,14421,0,0,0,0
5695,233690923127696,28089,11464,0,0,0,0
5696,233690960352388,26781,10443,0,0,0,0
5697,233690998844080,27866,10625,0,0,0,0
5698,233691036298157,26878,10576,0,0,0,0
5699,233691077656311,28161,13196,0,0,0,0
5700,233691117684927,29379,10649,0,0,0,0
5701,233691159444311,29774,11984,0,0,0,0
5702,233691201524619,28353,13727,0,0,0,0
5703,233691240561850,28097,10939,0,0,0,0
5704,233691282201850,29755,11884,0,0,0,0
5705,233691326655773,31143,13310,0,0,0,0
5706,233691368953850,30088,12209,0,0,0,0
5707,233691409042542,28019,12069,0,0,0,0
5708,233691449316311,28268,12005,0,0,0,0
5709,233691491566157,30203,12046,0,0,0,0
5710,233691532416927,27718,13132,0,0,0,0
5711,233691573349542,30424,10508,0,0,0,0
5712,233691615477311,28488,13639,0,0,0,0
5713,233691656116388,29309,11330,0,0,0,0
5714,233691695308388,27692,11499,0,0,0,0
5715,233691732611773,26661,10642,0,0,0,0
5716,233691772139773,29427,10100,0,0,0,0
5717,233691809433619,28329,8964,0,0,0,0
5718,233691846772081,27224,10113,0,0,0,0
5719,233691890244388,30013,13459,0,0,0,0
5720,233691931494465,31215,10035,0,0,0,0
5721,233691973753850,28454,13805,0,0,0,0
5722,233692018545004,31413,13378,0,0,0,0
5723,233692061282234,28682,14055,0,0,0,0
5724,233692105656311,35269,9104,0,0,0,0
5725,233692144998157,28942,10399,0,0,0,0
5726,233692183441927,28953,9490,0,0,0,0
5727,233692220273311,26166,10664,0,0,0,0
5728,233692257700081,27799,9627,0,0,0,0
5729,233692291466773,24962,8804,0,0,0,0
5730,233692325624388,27022,7135,0,0,0,0
5731,233692366404388,29808,10972,0,0,0,0
5732,233692414048311,31022,16621,0,0,0,0
5733,233692456385850,31261,11076,0,0,0,0
5734,233692499806157,32136,11283,0,0,0,0
5735,233692545870850,31786,14278,0,0,0,0
5736,233692590193619,33544,10778,0,0,0,0
5737,233692640500696,34025,16281,0,0,0,0
5738,233692683138465,29436,13200,0,0,0,0
5739,233692719108388,26373,9596,0,0,0,0
5740,233692755638773,26310,10219,0,0,0,0
5741,233692793853542,29063,9151,0,0,0,0
5742,233692831205004,27026,10324,0,0,0,0
5743,233692866358234,26709,8443,0,0,0,0
5744,233692902949234,27026,9564,0,0,0,0
5745,233692940673311,27954,9769,0,0,0,0
5746,233692981303465,29226,11404,0,0,0,0
5747,233693020558158,28789,10465,0,0,0,0
5748,233693059293234,29125,9609,0,0,0,0
5749,233693100956004,28218,13444,0,0,0,0
5750,233693145990234,29262,15772,0,0,0,0
5751,233693192189542,29247,16951,0,0,0,0
5752,233693233311696,27751,13370,0,0,0,0
5753,233693273169234,26796,13060,0,0,0,0
5754,233693310157542,25510,11477,0,0,0,0
5755,233693348488081,26425,11904,0,0,0,0
5756,233693393669927,30756,14425,0,0,0,0
5757,233693433078465,27507,11900,0,0,0,0
5758,233693474081927,30025,10977,0,0,0,0
5759,233693511271158,27696,9492,0,0,0,0
5760,233693548825234,29741,7812,0,0,0,0
5761,233693589384619,29936,10622,0,0,0,0
5762,233693629056004,30938,8732,0,0,0,0
5763,233693671896619,28503,14337,0,0,0,0
5764,233693712777619,27604,13276,0,0,0,0
5765,233693751995158,26740,12477,0,0,0,0
5766,233693791798465,29912,9890,0,0,0,0
5767,233693833551388,30070,11682,0,0,0,0
5768,233693874293850,28782,11960,0,0,0,0
5769,233693915133619,28686,12153,0,0,0,0
5770,233693953657311,28351,10172,0,0,0,0
5771,233693991735388,27260,10817,0,0,0,0
5772,233694031359158,29817,9806,0,0,0,0
5773,233694072934850,27836,13738,0,0,0,0
5774,233694115665850,28746,13984,0,0,0,0
5775,233694153456004,27228,10561,0,0,0,0
5776,233694190863158,27927,9479,0,0,0,0
5777,233694225119696,24976,9280,0,0,0,0
5778,233694267725542,31939,10666,0,0,0,0
5779,233694306794542,27056,12012,0,0,0,0
5780,233694349896696,29276,13825,0,0,0,0
5781,233694392433235,28216,14320,0,0,0,0
5782,233694431764081,28446,10884,0,0,0,0
5783,233694474856927,30453,12639,0,0,0,0
5784,233694515593311,28373,12363,0,0,0,0
5785,233694556349311,29995,10760,0,0,0,0
5786,233694593635696,27090,10196,0,0,0,0
5787,233694632230850,27768,10826,0,0,0,0
5788,233694668066465,27797,8037,0,0,0,0
5789,233694706629927,27749,10813,0,0,0,0
5790,233694747945004,28929,12385,0,0,0,0
5791,233694786319465,27623,10750,0,0,0,0
5792,233694826021311,28886,10815,0,0,0,0
5793,233694868701004,31533,11146,0,0,0,0
5794,233694910308696,26987,14620,0,0,0,0
5795,233694948974850,28253,10412,0,0,0,0
5796,233694990261311,27973,13312,0,0,0,0
5797,233695031842850,30239,11343,0,0,0,0
5798,233695069628311,27116,10669,0,0,0,0
5799,233695107942542,28109,10204,0,0,0,0
5800,233695148378542,28055,12380,0,0,0,0
5801,233695188593619,28507,11707,0,0,0,0
5802,233695228757004,28961,11202,0,0,0,0
5803,233695267066542,27211,11098,0,0,0,0
5804,233695311513004,29238,15208,0,0,0,0
5805,233695350300927,28198,10589,0,0,0,0
5806,233695390080619,28943,10836,0,0,0,0
5807,233695428335696,27452,10802,0,0,0,0
5808,233695467256619,28630,10290,0,0,0,0
5809,233695512562773,27265,18040,0,0,0,0
5810,233695553784696,29218,12003,0,0,0,0
5811,233695594041927,26911,13345,0,0,0,0
5812,233695632953004,28701,10209,0,0,0,0
5813,233695670504081,26641,10909,0,0,0,0
5814,233695709255696,29264,9487,0,0,0,0
5815,233695753471773,27956,16260,0,0,0,0
5816,233695792536696,29336,9728,0,0,0,0
5817,233695831689850,29644,9508,0,0,0,0
5818,233695869361619,26275,11396,0,0,0,0
5819,233695908518773,28058,11098,0,0,0,0
5820,233695947797619,28205,11073,0,0,0,0
5821,233695986585927,27423,11364,0,0,0,0
5822,233696028991388,28677,13728,0,0,0,0
5823,233696066456927,27181,10284,0,0,0,0
5824,233696107024004,26709,13857,0,0,0,0
5825,233696151152081,31844,12283,0,0,0,0
5826,233696190750850,27627,11971,0,0,0,0
5827,233696231437927,29623,11063,0,0,0,0
5828,233696272104388,29916,10750,0,0,0,0
5829,233696310419696,27615,10700,0,0,0,0
5830,233696349167158,28150,10597,0,0,0,0
5831,233696394644388,33088,12388,0,0,0,0
5832,233696437700696,27341,15715,0,0,0,0
5833,233696476861619,28686,10474,0,0,0,0
5834,233696515613312,27251,11499,0,0,0,0
5835,233696556645927,29806,11226,0,0,0,0
5836,233696594837850,26918,11273,0,0,0,0
5837,233696632830465,27028,10964,0,0,0,0
5838,233696674187388,28182,13174,0,0,0,0
5839,233696714848081,28748,11911,0,0,0,0
5840,233696756639081,29063,12727,0,0,0,0
5841,233696794696696,27627,10430,0,0,0,0
5842,233696832556081,26623,11236,0,0,0,0
5843,233696871504927,27241,11707,0,0,0,0
5844,233696911292389,29538,10249,0,0,0,0
5845,233696950759465,29009,10457,0,0,0,0
5846,233696993619081,27923,14936,0,0,0,0
5847,233697033474542,28817,11039,0,0,0,0
5848,233697075102773,29702,11926,0,0,0,0
5849,233697115292312,29022,11166,0,0,0,0
5850,233697156143465,29646,11204,0,0,0,0
5851,233697198971158,28764,14063,0,0,0,0
5852,233697238294158,28121,11201,0,0,0,0
5853,233697281954465,30663,12996,0,0,0,0
5854,233697323207465,29308,11944,0,0,0,0
5855,233697364820619,30493,11119,0,0,0,0
5856,233697402880619,28093,9966,0,0,0,0
5857,233697441881004,28119,10880,0,0,0,0
5858,233697480444389,27709,10854,0,0,0,0
5859,233697518290158,26866,10979,0,0,0,0
5860,233697559849619,29892,11666,0,0,0,0
5861,233697598475389,27906,10719,0,0,0,0
5862,233697639976312,28447,13053,0,0,0,0
5863,233697682141850,30017,12148,0,0,0,0
5864,233697724709004,31099,11467,0,0,0,0
5865,233697762823081,28336,9777,0,0,0,0
5866,233697805817619,32407,10586,0,0,0,0
5867,233697843597235,28007,9771,0,0,0,0
5868,233697883222158,28811,10813,0,0,0,0
5869,233697922500389,27624,11653,0,0,0,0
5870,233697964589619,30685,11404,0,0,0,0
5871,233698004320081,29277,10453,0,0,0,0
5872,233698045778850,30592,10865,0,0,0,0
5873,233698083168389,26590,10799,0,0,0,0
5874,233698124166466,28406,12592,0,0,0,0
5875,233698170873927,33340,13366,0,0,0,0
5876,233698208743158,28478,9390,0,0,0,0
5877,233698248606466,28856,11006,0,0,0,0
5878,233698284929542,26228,10094,0,0,0,0
5879,233698324924389,30071,9923,0,0,0,0
5880,233698366071158,31054,10092,0,0,0,0
5881,233698407851466,30668,11112,0,0,0,0
5882,233698454928927,34145,12931,0,0,0,0
5883,233698498089542,30539,12620,0,0,0,0
5884,233698535575773,27001,10484,0,0,0,0
5885,233698572789312,28104,9108,0,0,0,0
5886,233698610628389,28102,9736,0,0,0,0
5887,233698650671696,31104,8938,0,0,0,0
5888,233698693362542,27043,15647,0,0,0,0
5889,233698733663773,29288,11012,0,0,0,0
5890,233698773937850,27910,12363,0,0,0,0
5891,233698813336081,29865,9532,0,0,0,0
5892,233698851414158,27686,10391,0,0,0,0
5893,233698890520927,28156,10950,0,0,0,0
5894,233698926197927,26201,9475,0,0,0,0
5895,233698965058466,26981,11879,0,0,0,0
5896,233698999382773,25352,8971,0,0,0,0
5897,233699037456389,28630,9444,0,0,0,0
5898,233699077594235,26891,13246,0,0,0,0
5899,233699116835696,27908,11332,0,0,0,0
5900,233699156118773,28288,10994,0,0,0,0
5901,233699198940927,31381,11440,0,0,0,0
5902,233699240079773,31069,10069,0,0,0,0
5903,233699278479466,29248,9151,0,0,0,0
5904,233699319634158,27460,13694,0,0,0,0
5905,233699358025542,28586,9804,0,0,0,0
5906,233699400450543,30674,11750,0,0,0,0
5907,233699442496389,29720,12325,0,0,0,0
5908,233699486068696,32177,11395,0,0,0,0
5909,233699527688927,28722,12897,0,0,0,0
5910,233699569331081,28530,13111,0,0,0,0
5911,233699607384312,28809,9244,0,0,0,0
5912,233699643678466,26638,9655,0,0,0,0
5913,233699682157619,27857,10622,0,0,0,0
5914,233699719879389,26934,10787,0,0,0,0
5915,233699760512081,28702,11930,0,0,0,0
5916,233699798497850,27186,10799,0,0,0,0
5917,233699836311389,27969,9843,0,0,0,0
5918,233699876219389,27262,12645,0,0,0,0
5919,233699915515389,29293,10002,0,0,0,0
5920,233699957773619,30196,12061,0,0,0,0
5921,233699999516927,28306,13437,0,0,0,0
5922,233700038720927,27898,11306,0,0,0,0
5923,233700076357543,27476,10160,0,0,0,0
5924,233700114384389,27464,10562,0,0,0,0
5925,233700154091773,28331,11375,0,0,0,0
5926,233700192075389,28853,9129,0,0,0,0
5927,233700230490543,28067,10348,0,0,0,0
5928,233700269896619,27820,11585,0,0,0,0
5929,233700311284927,26495,14892,0,0,0,0
5930,233700349768312,27436,11047,0,0,0,0
5931,233700388689619,27372,11548,0,0,0,0
5932,233700427484696,27712,11082,0,0,0,0
5933,233700466779696,27792,11502,0,0,0,0
5934,233700506429312,28024,11624,0,0,0,0
5935,233700544100696,26833,10838,0,0,0,0
5936,233700581726543,27510,10115,0,0,0,0
5937,233700621355081,27841,11786,0,0,0,0
5938,233700662520927,30071,11094,0,0,0,0
5939,233700701415158,28243,10650,0,0,0,0
5940,233700740496696,28973,10107,0,0,0,0
5941,233700778311081,27104,10710,0,0,0,0
5942,233700816878850,28553,10014,0,0,0,0
5943,233700858691081,29716,12095,0,0,0,0
5944,233700897328081,27743,10893,0,0,0,0
5945,233700938847696,30732,10787,0,0,0,0
5946,233700979239773,29628,10764,0,0,0,0
5947,233701018425620,29985,9201,0,0,0,0
5948,233701058940389,30409,10105,0,0,0,0
5949,233701098186850,28197,11048,0,0,0,0
5950,233701139476620,31829,9460,0,0,0,0
5951,233701181834850,33103,9255,0,0,0,0
5952,233701224423158,32320,10267,0,0,0,0
5953,233701264040696,27759,11857,0,0,0,0
5954,233701305808004,30615,11152,0,0,0,0
5955,233701343544004,27085,10650,0,0,0,0
5956,233701382808389,28959,10305,0,0,0,0
5957,233701419180696,26591,9780,0,0,0,0
5958,233701456922466,27399,10342,0,0,0,0
5959,233701498860081,28975,12962,0,0,0,0
5960,233701535952927,27903,9189,0,0,0,0
5961,233701575168927,28008,11207,0,0,0,0
5962,233701611840696,26626,10045,0,0,0,0
5963,233701648949927,28115,8994,0,0,0,0
5964,233701686293850,28113,9230,0,0,0,0
5965,233701723010773,26936,9780,0,0,0,0
5966,233701758583696,26992,8580,0,0,0,0
5967,233701798277543,28019,11674,0,0,0,0
5968,233701838243081,30718,9246,0,0,0,0
5969,233701880161850,31585,10333,0,0,0,0
5970,233701919207158,27973,11072,0,0,0,0
5971,233701956308927,26613,10488,0,0,0,0
5972,233701996691466,29103,11278,0,0,0,0
5973,233702035958543,29156,10111,0,0,0,0
5974,233702077079773,29372,11748,0,0,0,0
5975,233702115221620,27481,10660,0,0,0,0
5976,233702158198235,29138,13837,0,0,0,0
5977,233702202178466,29048,14931,0,0,0,0
5978,233702244704389,30825,11700,0,0,0,0
5979,233702283028389,26859,11464,0,0,0,0
5980,233702326116389,30550,12537,0,0,0,0
5981,233702365695697,28657,10921,0,0,0,0
5982,233702405829543,28762,11371,0,0,0,0
5983,233702445246235,28335,11081,0,0,0,0
5984,233702488724081,29208,14269,0,0,0,0
5985,233702529037004,28955,11357,0,0,0,0
5986,233702569148620,29259,10851,0,0,0,0
5987,233702607321004,28469,9702,0,0,0,0
5988,233702644106850,27172,9613,0,0,0,0
5989,233702685861543,28557,13197,0,0,0,0
5990,233702722977312,27822,9293,0,0,0,0
5991,233702759598543,27734,8887,0,0,0,0
5992,233702799068081,29832,9637,0,0,0,0
5993,233702838815773,27551,12196,0,0,0,0
5994,233702878953235,28719,11418,0,0,0,0
5995,233702915625543,27228,9444,0,0,0,0
5996,233702953764081,27550,10587,0,0,0,0
5997,233702992164697,28852,9548,0,0,0,0
5998,233703027299158,26648,8487,0,0,0,0
5999,233703064180312,27455,9425,0,0,0,0
6000,233703101085312,27560,9344,0,0,0,0
6001,233703141175466,28801,11288,0,0,0,0
6002,233703182551158,28939,12436,0,0,0,0
6003,233703220393543,28635,9207,0,0,0,0
6004,233703257834235,28478,8962,0,0,0,0
6005,233703298270235,27872,12563,0,0,0,0
6006,233703336847389,29072,9504,0,0,0,0
6007,233703374997235,27741,10408,0,0,0,0
6008,233703415280389,29471,10811,0,0,0,0
6009,233703452700312,28269,9150,0,0,0,0
6010,233703493052081,29276,11074,0,0,0,0
6011,233703529662774,27344,9266,0,0,0,0
6012,233703566725004,28316,8745,0,0,0,0
6013,233703607798466,30017,11056,0,0,0,0
6014,233703658472697,37377,13296,0,0,0,0
6015,233703697425235,27327,11624,0,0,0,0
6016,233703734420927,27786,9208,0,0,0,0
6017,233703770437312,25421,10595,0,0,0,0
6018,233703809490850,30571,8481,0,0,0,0
6019,233703850618543,30755,10372,0,0,0,0
6020,233703897804389,31251,15934,0,0,0,0
6021,233703946118543,33810,14504,0,0,0,0
6022,233703991667774,31958,13590,0,0,0,0
6023,233704038271389,28152,18452,0,0,0,0
6024,233704096620312,42460,15888,0,0,0,0
6025,233704141821927,32534,12667,0,0,0,0
6026,233704181619697,30192,9605,0,0,0,0
6027,233704217428312,26724,9083,0,0,0,0
6028,233704255635158,27863,10343,0,0,0,0
6029,233704307906543,39111,13159,0,0,0,0
6030,233704356862158,31696,17259,0,0,0,0
6031,233704406141004,32064,17214,0,0,0,0
6032,233704447450235,28444,12864,0,0,0,0
6033,233704490514543,29568,13495,0,0,0,0
6034,233704534356081,31269,12572,0,0,0,0
6035,233704576923081,29157,13409,0,0,0,0
6036,233704619305312,33205,9176,0,0,0,0
6037,233704660256620,29214,11737,0,0,0,0
6038,233704703477851,31219,12001,0,0,0,0
6039,233704748917235,29398,16041,0,0,0,0
6040,233704787695081,27213,11564,0,0,0,0
6041,233704824281620,26774,9812,0,0,0,0
6042,233704860354543,27327,8745,0,0,0,0
6043,233704900179774,27526,12298,0,0,0,0
6044,233704936347158,27034,9132,0,0,0,0
6045,233704977028312,28497,12183,0,0,0,0
6046,233705019585927,32868,9689,0,0,0,0
6047,233705064875081,29964,15324,0,0,0,0
6048,233705103872620,28463,10534,0,0,0,0
6049,233705141642774,27435,10334,0,0,0,0
6050,233705183294466,26813,14838,0,0,0,0
6051,233705223984620,28576,12113,0,0,0,0
6052,233705261945927,28906,9054,0,0,0,0
6053,233705299505235,28002,9556,0,0,0,0
6054,233705340689620,31592,9592,0,0,0,0
6055,233705384565927,28673,15203,0,0,0,0
6056,233705424262543,29261,10435,0,0,0,0
6057,233705467788004,29889,13636,0,0,0,0
6058,233705505986543,27358,10840,0,0,0,0
6059,233705540993851,25828,9178,0,0,0,0
6060,233705579403158,28724,9684,0,0,0,0
6061,233705618111466,28336,10372,0,0,0,0
6062,233705657483697,27988,11383,0,0,0,0
6063,233705697801004,28329,11987,0,0,0,0
6064,233705737517543,30196,9520,0,0,0,0
6065,233705777914543,30045,10351,0,0,0,0
6066,233705817858774,30532,9411,0,0,0,0
6067,233705859451466,28761,12831,0,0,0,0
6068,233705898525235,29496,9577,0,0,0,0
6069,233705938352620,29632,10195,0,0,0,0
6070,233705976989543,29683,8953,0,0,0,0
6071,233706015100697,27377,10734,0,0,0,0
6072,233706051895697,28096,8698,0,0,0,0
6073,233706092283697,28750,11637,0,0,0,0
6074,233706131577543,28974,10319,0,0,0,0
6075,233706170500081,29159,9763,0,0,0,0
6076,233706207949312,28010,9438,0,0,0,0
6077,233706248096081,28501,11644,0,0,0,0
6078,233706285631081,27598,9936,0,0,0,0
6079,233706323184004,27827,9725,0,0,0,0
6080,233706365222851,32653,9384,0,0,0,0
6081,233706402863389,28792,8847,0,0,0,0
6082,233706447631697,31170,13598,0,0,0,0
6083,233706485090235,27793,9665,0,0,0,0
6084,233706523295081,28886,9318,0,0,0,0
6085,233706564317543,28323,12698,0,0,0,0
6086,233706605948697,31772,9859,0,0,0,0
6087,233706648632620,30683,12000,0,0,0,0
6088,233706686735774,28083,10019,0,0,0,0
6089,233706724075081,27255,10083,0,0,0,0
6090,233706786640081,30128,32436,0,0,0,0
6091,233706824271774,27353,10278,0,0,0,0
6092,233706861842235,26561,11008,0,0,0,0
6093,233706898897235,26473,10581,0,0,0,0
6094,233706934644697,25401,10346,0,0,0,0
6095,233706971376697,26869,9863,0,0,0,0
6096,233707012144389,31067,9701,0,0,0,0
6097,233707050542466,29315,9082,0,0,0,0
6098,233707089640928,29184,9913,0,0,0,0
6099,233707130783158,30685,10456,0,0,0,0
6100,233707167618774,26971,9864,0,0,0,0
6101,233707205627774,27517,10491,0,0,0,0
6102,233707245299466,29452,10219,0,0,0,0
6103,233707285402235,29041,11061,0,0,0,0
6104,233707331207158,29283,16521,0,0,0,0
6105,233707368809543,27558,10044,0,0,0,0
6106,233707407929851,29063,10056,0,0,0,0
6107,233707442783081,25227,9626,0,0,0,0
6108,233707484492005,30231,11477,0,0,0,0
6109,233707523941543,28109,11339,0,0,0,0
6110,233707561792312,27960,9890,0,0,0,0
6111,233707600677235,30473,8411,0,0,0,0
6112,233707643581312,32090,10813,0,0,0,0
6113,233707681736005,28447,9707,0,0,0,0
6114,233707719028620,27559,9733,0,0,0,0
6115,233707757609312,27738,10842,0,0,0,0
6116,233707794875158,27007,10258,0,0,0,0
6117,233707829988389,25595,9517,0,0,0,0
6118,233707866440005,28068,8382,0,0,0,0
6119,233707905118235,27731,10946,0,0,0,0
6120,233707941708312,26707,9883,0,0,0,0
6121,233707980816389,28323,10785,0,0,0,0
6122,233708016590466,25888,9886,0,0,0,0
6123,233708056185543,28640,10954,0,0,0,0
6124,233708094703466,27393,11124,0,0,0,0
6125,233708130577928,27254,8619,0,0,0,0
6126,233708168382466,29103,8700,0,0,0,0
6127,233708208834774,29535,10917,0,0,0,0
6128,233708252644005,30050,13758,0,0,0,0
6129,233708293761543,27118,13998,0,0,0,0
6130,233708335611697,29783,12066,0,0,0,0
6131,233708374020389,27729,10679,0,0,0,0
6132,233708414294774,31036,9237,0,0,0,0
6133,233708456135389,30790,11050,0,0,0,0
6134,233708494640005,27973,10531,0,0,0,0
6135,233708532619082,28253,9725,0,0,0,0
6136,233708573478158,27503,13355,0,0,0,0
6137,233708610527774,27843,9206,0,0,0,0
6138,233708647664389,28118,9018,0,0,0,0
6139,233708692205620,29684,14856,0,0,0,0
6140,233708733975389,30261,11507,0,0,0,0
6141,233708775708389,28630,13102,0,0,0,0
6142,233708817441312,31414,10318,0,0,0,0
6143,233708861301312,27872,15987,0,0,0,0
6144,233708901046235,29612,10132,0,0,0,0
6145,233708943660082,30220,12393,0,0,0,0
6146,233708984913312,27865,13387,0,0,0,0
6147,233709025415389,29583,10919,0,0,0,0
6148,233709066278851,28432,12430,0,0,0,0
6149,233709110549851,32403,11867,0,0,0,0
6150,233709152736082,28460,13726,0,0,0,0
6151,233709193475774,27688,13051,0,0,0,0
6152,233709231995158,27262,11256,0,0,0,0
6153,233709268129543,27440,8694,0,0,0,0
6154,233709307962774,27702,12130,0,0,0,0
6155,233709346640389,27609,11068,0,0,0,0
6156,233709385200928,27261,11299,0,0,0,0
6157,233709425163082,27981,11980,0,0,0,0
6158,233709465551158,27402,12985,0,0,0,0
6159,233709504637620,27525,11561,0,0,0,0
6160,233709542914543,27574,10702,0,0,0,0
6161,233709581327158,27755,10656,0,0,0,0
6162,233709619447697,27362,10758,0,0,0,0
6163,233709656193543,26479,10265,0,0,0,0
6164,233709698167697,29890,12083,0,0,0,0
6165,233709739620005,30687,10764,0,0,0,0
6166,233709781719466,30730,11368,0,0,0,0
6167,233709818617005,26422,10475,0,0,0,0
6168,233709856927774,27811,10499,0,0,0,0
6169,233709910179159,36693,16558,0,0,0,0
6170,233709956492928,31083,15229,0,0,0,0
6171,233710006917543,32528,17897,0,0,0,0
6172,233710061675159,36018,18738,0,0,0,0
6173,233710110732005,31344,17712,0,0,0,0
6174,233710150277851,28078,11467,0,0,0,0
6175,233710198871466,35932,12660,0,0,0,0
6176,233710248636312,34334,15430,0,0,0,0
6177,233710299084082,33659,16788,0,0,0,0
6178,233710341223774,28581,13558,0,0,0,0
6179,233710377534159,25730,10579,0,0,0,0
6180,233710420753005,32589,10629,0,0,0,0
6181,233710461306774,26788,13765,0,0,0,0
6182,233710503439159,30590,11541,0,0,0,0
6183,233710540971466,26937,10595,0,0,0,0
6184,233710582672005,27654,14046,0,0,0,0
6185,233710619667466,27124,9871,0,0,0,0
6186,233710658248082,26647,11932,0,0,0,0
6187,233710696174774,26525,11401,0,0,0,0
6188,233710735893620,29275,10443,0,0,0,0
6189,233710781813851,29501,16418,0,0,0,0
6190,233710820854159,28191,10849,0,0,0,0
6191,233710859758466,27797,11106,0,0,0,0
6192,233710900586774,29538,11290,0,0,0,0
6193,233710945204928,28739,15878,0,0,0,0
6194,233710987753005,30327,12220,0,0,0,0
6195,233711027549620,26592,13205,0,0,0,0
6196,233711069153005,29040,12563,0,0,0,0
6197,233711111885851,29383,13349,0,0,0,0
6198,233711155536312,32052,11597,0,0,0,0
6199,233711200695774,31829,13330,0,0,0,0
6200,233711239912082,28648,10567,0,0,0,0
6201,233711279158774,28200,11046,0,0,0,0
6202,233711318139466,28728,10252,0,0,0,0
6203,233711357306466,28051,11116,0,0,0,0
6204,233711402605005,29704,15594,0,0,0,0
6205,233711441907389,28199,11102,0,0,0,0
6206,233711483306159,29654,11744,0,0,0,0
6207,233711527041928,29924,13811,0,0,0,0
6208,233711565851082,28680,10128,0,0,0,0
6209,233711606755082,29633,11270,0,0,0,0
6210,233711646230159,27938,11536,0,0,0,0
6211,233711685002774,27323,11449,0,0,0,0
6212,233711724068389,28524,10541,0,0,0,0
6213,233711763417312,28841,10507,0,0,0,0
6214,233711802028389,28235,10376,0,0,0,0
6215,233711839917312,27712,10176,0,0,0,0
6216,233711877900082,28114,9868,0,0,0,0
6217,233711917127466,28905,10322,0,0,0,0
6218,233711957448312,29020,11300,0,0,0,0
6219,233711994952312,27384,10119,0,0,0,0
6220,233712036323466,30089,11283,0,0,0,0
6221,233712079584312,32684,10576,0,0,0,0
6222,233712117645543,27481,10580,0,0,0,0
6223,233712157630543,28653,11331,0,0,0,0
6224,233712199314774,26563,15120,0,0,0,0
6225,233712238891082,28480,11096,0,0,0,0
6226,233712278992005,28565,11535,0,0,0,0
6227,233712318904313,27330,12582,0,0,0,0
6228,233712358026543,28135,10986,0,0,0,0
6229,233712398509620,28876,11607,0,0,0,0
6230,233712436833928,27740,10583,0,0,0,0
6231,233712475244082,28517,9892,0,0,0,0
6232,233712516580620,28769,12566,0,0,0,0
6233,233712559790543,30326,12883,0,0,0,0
6234,233712601113005,30511,10810,0,0,0,0
6235,233712641039697,27807,12119,0,0,0,0
6236,233712684653620,29927,13686,0,0,0,0
6237,233712724124313,28849,10621,0,0,0,0
6238,233712767617851,30287,13206,0,0,0,0
6239,233712807061313,28439,11003,0,0,0,0
6240,233712849585005,28518,14005,0,0,0,0
6241,233712891276697,29087,12604,0,0,0,0
6242,233712930085928,27616,11193,0,0,0,0
6243,233712969225620,28699,10439,0,0,0,0
6244,233713009057928,28648,11185,0,0,0,0
6245,233713049080697,28472,11550,0,0,0,0
6246,233713086892389,27343,10467,0,0,0,0
6247,233713127570774,27992,12686,0,0,0,0
6248,233713167037543,29157,10308,0,0,0,0
6249,233713208933543,28352,13543,0,0,0,0
6250,233713248940928,28771,11235,0,0,0,0
6251,233713289049236,30736,9372,0,0,0,0
6252,233713330497236,31343,10105,0,0,0,0
6253,233713372634159,30196,11940,0,0,0,0
6254,233713414226851,28087,13505,0,0,0,0
6255,233713456327159,30447,11653,0,0,0,0
6256,233713497507082,27832,13347,0,0,0,0
6257,233713535120082,28020,9592,0,0,0,0
6258,233713574464389,28156,11188,0,0,0,0
6259,233713613549313,28841,10243,0,0,0,0
6260,233713653622543,27946,12127,0,0,0,0
6261,233713694269851,31392,9255,0,0,0,0
6262,233713733772390,28306,11195,0,0,0,0
6263,233713777045620,31983,11289,0,0,0,0
6264,233713817624697,27711,12867,0,0,0,0
6265,233713857840082,28045,12170,0,0,0,0
6266,233713896748313,27530,11377,0,0,0,0
6267,233713936387390,27616,12022,0,0,0,0
6268,233713975922236,28393,11141,0,0,0,0
6269,233714016208697,28934,11352,0,0,0,0
6270,233714057805851,30609,10987,0,0,0,0
6271,233714099428697,30339,11283,0,0,0,0
6272,233714141571082,28712,13429,0,0,0,0
6273,233714183329851,29417,12340,0,0,0,0
6274,233714222314159,28357,10626,0,0,0,0
6275,233714264328082,30367,11646,0,0,0,0
6276,233714304967390,29109,11529,0,0,0,0
6277,233714344632082,29901,9762,0,0,0,0
6278,233714381102543,26478,9991,0,0,0,0
6279,233714422942543,30252,11588,0,0,0,0
6280,233714459422236,27564,8914,0,0,0,0
6281,233714498086851,29027,9637,0,0,0,0
6282,233714538496620,29706,10703,0,0,0,0
6283,233714576857620,28205,10156,0,0,0,0
6284,233714617952313,29665,11428,0,0,0,0
6285,233714665841236,31715,16173,0,0,0,0
6286,233714703896620,27101,10954,0,0,0,0
6287,233714745372928,30513,10962,0,0,0,0
6288,233714784695697,27518,11804,0,0,0,0
6289,233714823528313,29008,9824,0,0,0,0
6290,233714864080697,28995,11557,0,0,0,0
6291,233714901501236,28364,9056,0,0,0,0
6292,233714938899159,27453,9944,0,0,0,0
6293,233714977980390,29061,10019,0,0,0,0
6294,233715017601543,29007,10614,0,0,0,0
6295,233715056772928,28668,10502,0,0,0,0
6296,233715092363390,25548,10041,0,0,0,0
6297,233715130423159,25783,12276,0,0,0,0
6298,233715172833236,27800,14609,0,0,0,0
6299,233715216579390,32262,11483,0,0,0,0
6300,233715258965928,29023,13362,0,0,0,0
6301,233715297444005,28064,10413,0,0,0,0
6302,233715337522236,29935,10142,0,0,0,0
6303,233715375012313,27917,9572,0,0,0,0
6304,233715413476390,28937,9526,0,0,0,0
6305,233715451148697,27913,9759,0,0,0,0
6306,233715485884313,26531,8204,0,0,0,0
6307,233715526774543,29399,11490,0,0,0,0
6308,233715569956082,29080,14101,0,0,0,0
6309,233715607072390,28618,8497,0,0,0,0
6310,233715644047467,27149,9825,0,0,0,0
6311,233715682165236,28210,9907,0,0,0,0
6312,233715723175467,28980,12029,0,0,0,0
6313,233715760886467,26233,11477,0,0,0,0
6314,233715797227697,27256,9084,0,0,0,0
6315,233715835917851,28002,10687,0,0,0,0
6316,233715874985543,29078,9989,0,0,0,0
6317,233715915036620,29348,10702,0,0,0,0
6318,233715963113851,32597,15479,0,0,0,0
6319,233716003971159,30540,10318,0,0,0,0
6320,233716044891697,30946,9974,0,0,0,0
6321,233716086494851,29772,11830,0,0,0,0
6322,233716126677236,29047,11135,0,0,0,0
6323,233716167350851,30980,9693,0,0,0,0
6324,233716212542851,31092,14099,0,0,0,0
6325,233716258244620,33118,12583,0,0,0,0
6326,233716305138544,33584,13309,0,0,0,0
6327,233716346996620,29849,12008,0,0,0,0
6328,233716388124928,32231,8896,0,0,0,0
6329,233716432138774,33316,10697,0,0,0,0
6330,233716473444082,31954,9350,0,0,0,0
6331,233716515387390,29770,12173,0,0,0,0
6332,233716555712697,30757,9568,0,0,0,0
6333,233716600155159,33641,10801,0,0,0,0
6334,233716644802851,31539,13108,0,0,0,0
6335,233716680987774,26867,9317,0,0,0,0
6336,233716719472390,27912,10572,0,0,0,0
6337,233716768245851,35727,13046,0,0,0,0
6338,233716816137005,34275,13615,0,0,0,0
6339,233716865585928,31355,18093,0,0,0,0
6340,233716902160390,26422,10152,0,0,0,0
6341,233716941258467,28946,10151,0,0,0,0
6342,233716978911082,28195,9457,0,0,0,0
6343,233717017453544,25942,12601,0,0,0,0
6344,233717055713928,27726,10534,0,0,0,0
6345,233717096698159,30268,10715,0,0,0,0
6346,233717134142236,27427,10016,0,0,0,0
6347,233717173386774,28466,10777,0,0,0,0
6348,233717209112697,26674,9051,0,0,0,0
6349,233717247258159,28648,9496,0,0,0,0
6350,233717284171467,27821,9092,0,0,0,0
6351,233717324296928,28370,11755,0,0,0,0
6352,233717365637544,28006,13334,0,0,0,0
6353,233717403943697,27132,11173,0,0,0,0
6354,233717441980390,27732,10304,0,0,0,0
6355,233717481614544,27530,12104,0,0,0,0
6356,233717519387774,28391,9381,0,0,0,0
6357,233717558156313,28004,10764,0,0,0,0
6358,233717596251467,27868,10226,0,0,0,0
6359,233717635610236,28602,10756,0,0,0,0
6360,233717673444082,27725,10108,0,0,0,0
6361,233717708886159,26338,9103,0,0,0,0
6362,233717743434544,26201,8346,0,0,0,0
6363,233717779665544,26324,9906,0,0,0,0
6364,233717819323467,30776,8881,0,0,0,0
6365,233717860306159,28022,12960,0,0,0,0
6366,233717898378236,28104,9967,0,0,0,0
6367,233717933380082,24926,10075,0,0,0,0
6368,233717972109928,27588,11141,0,0,0,0
6369,233718007568082,27342,8116,0,0,0,0
6370,233718044187390,26503,10116,0,0,0,0
6371,233718083291467,28167,10936,0,0,0,0
6372,233718123163774,27457,12415,0,0,0,0
6373,233718161551467,27181,11205,0,0,0,0
6374,233718198236621,27848,8836,0,0,0,0
6375,233718235208005,26919,10051,0,0,0,0
6376,233718282377621,31591,15577,0,0,0,0
6377,233718318992390,27344,9270,0,0,0,0
6378,233718355996390,27401,9602,0,0,0,0
6379,233718396890544,28503,12391,0,0,0,0
6380,233718437621313,28709,12021,0,0,0,0
6381,233718473974851,26742,9610,0,0,0,0
6382,233718514936390,29381,11579,0,0,0,0
6383,233718553152621,28284,9931,0,0,0,0
6384,233718591228697,27280,10795,0,0,0,0
6385,233718624853851,25697,7928,0,0,0,0
6386,233718664100621,28345,10900,0,0,0,0
6387,233718703162851,28872,10190,0,0,0,0
6388,233718741030774,27332,10535,0,0,0,0
6389,233718778517544,27838,9648,0,0,0,0
6390,233718817517005,28956,10043,0,0,0,0
6391,233718857270159,28135,11618,0,0,0,0
6392,233718898784928,29908,11606,0,0,0,0
6393,233718940427774,31173,10469,0,0,0,0
6394,233718980093544,29096,10569,0,0,0,0
6395,233719022967774,30877,11997,0,0,0,0
6396,233719062058467,28758,10332,0,0,0,0
6397,233719099943159,28188,9696,0,0,0,0
6398,233719140736005,29425,11367,0,0,0,0
6399,233719179880313,28028,11116,0,0,0,0
6400,233719217467774,27457,10129,0,0,0,0
6401,233719258020928,28523,12029,0,0,0,0
6402,233719295864390,27926,9917,0,0,0,0
6403,233719334184698,28546,9773,0,0,0,0
6404,233719372717851,28727,9805,0,0,0,0
6405,233719411297544,27706,10872,0,0,0,0
6406,233719448803774,27693,9812,0,0,0,0
6407,233719488645928,28816,11026,0,0,0,0
6408,233719527069313,28944,9479,0,0,0,0
6409,233719568185621,30339,10776,0,0,0,0
6410,233719606995159,28534,10275,0,0,0,0
6411,233719651824313,31139,13690,0,0,0,0
6412,233719689993851,28373,9796,0,0,0,0
6413,233719728575698,28578,10003,0,0,0,0
6414,233719766509313,28353,9580,0,0,0,0
6415,233719807119082,29945,10663,0,0,0,0
6416,233719848247774,29578,11550,0,0,0,0
6417,233719885708390,27730,9729,0,0,0,0
6418,233719926137621,27945,12484,0,0,0,0
6419,233719969113928,31397,11578,0,0,0,0
6420,233720008406159,27720,11572,0,0,0,0
6421,233720051930544,32023,11501,0,0,0,0
6422,233720090624082,28210,10482,0,0,0,0
6423,233720130468928,28716,11128,0,0,0,0
6424,233720169868390,29583,9816,0,0,0,0
6425,233720209711467,28962,10880,0,0,0,0
6426,233720247725236,28195,9817,0,0,0,0
6427,233720286403775,27501,11176,0,0,0,0
6428,233720324674236,28750,9519,0,0,0,0
6429,233720364626467,28926,11025,0,0,0,0
6430,233720401466467,27736,9103,0,0,0,0
6431,233720440151390,28456,10228,0,0,0,0
6432,233720478332390,26786,11394,0,0,0,0
6433,233720517649236,27451,11865,0,0,0,0
6434,233720557499467,28062,11788,0,0,0,0
6435,233720599391467,31178,10713,0,0,0,0
6436,233720638012928,28452,10168,0,0,0,0
6437,233720674823698,27290,9520,0,0,0,0
6438,233720714077928,28458,10796,0,0,0,0
6439,233720750737005,27683,8975,0,0,0,0
6440,233720785790544,26720,8333,0,0,0,0
6441,233720824289621,26984,11514,0,0,0,0
6442,233720864633928,28423,11920,0,0,0,0
6443,233720901045544,27049,9362,0,0,0,0
6444,233720940158544,27771,11341,0,0,0,0
6445,233720979628082,29733,9736,0,0,0,0
6446,233721018679775,29224,9827,0,0,0,0
6447,233721057221313,28410,10131,0,0,0,0
6448,233721095800313,27154,11424,0,0,0,0
6449,233721135629236,29447,10381,0,0,0,0
6450,233721175739698,29938,10172,0,0,0,0
6451,233721215519390,28597,11182,0,0,0,0
6452,233721252099082,27325,9254,0,0,0,0
6453,233721289453544,28347,9006,0,0,0,0
6454,233721325297851,26266,9577,0,0,0,0
6455,233721361959467,26811,9849,0,0,0,0
6456,233721399549852,28532,9058,0,0,0,0
6457,233721437196313,27184,10461,0,0,0,0
6458,233721476843698,29817,9829,0,0,0,0
6459,233721513937928,27325,9768,0,0,0,0
6460,233721552166159,28778,9450,0,0,0,0
6461,233721591156621,29748,9241,0,0,0,0
6462,233721631875775,29801,10917,0,0,0,0
6463,233721669165928,27512,9777,0,0,0,0
6464,233721707793852,29009,9618,0,0,0,0
6465,233721746942159,28035,11112,0,0,0,0
6466,233721783921852,27550,9429,0,0,0,0
6467,233721822172005,27236,11013,0,0,0,0
6468,233721870519698,34604,13742,0,0,0,0
6469,233721910186775,28023,11643,0,0,0,0
6470,233721947875390,28420,9268,0,0,0,0
6471,233721984889313,27486,9527,0,0,0,0
6472,233722027628005,32783,9955,0,0,0,0
6473,233722075938544,34428,13882,0,0,0,0
6474,233722127025928,37096,13990,0,0,0,0
6475,233722168911159,31500,10385,0,0,0,0
6476,233722207930236,30174,8844,0,0,0,0
6477,233722243355775,25950,9475,0,0,0,0
6478,233722283054159,30102,9595,0,0,0,0
6479,233722324826775,29175,12597,0,0,0,0
6480,233722364136082,29537,9772,0,0,0,0
6481,233722402805313,27908,10760,0,0,0,0
6482,233722441523467,29253,9465,0,0,0,0
6483,233722480090775,26620,11946,0,0,0,0
6484,233722518805236,28279,10435,0,0,0,0
6485,233722558677852,29279,10592,0,0,0,0
6486,233722601380390,30429,12273,0,0,0,0
6487,233722644064005,30460,12223,0,0,0,0
6488,233722682230544,28085,10081,0,0,0,0
6489,233722721900313,28715,10954,0,0,0,0
6490,233722765187390,28612,14674,0,0,0,0
6491,233722802816929,25090,12539,0,0,0,0
6492,233722841704005,28011,10875,0,0,0,0
6493,233722881637621,28008,11925,0,0,0,0
6494,233722920354775,28154,10562,0,0,0,0
6495,233722960309852,28515,11440,0,0,0,0
6496,233722999617313,28098,11208,0,0,0,0
6497,233723037183082,27580,9986,0,0,0,0
6498,233723076675159,28479,11012,0,0,0,0
6499,233723113868313,27291,9901,0,0,0,0
6500,233723151582159,26786,10927,0,0,0,0
6501,233723189455698,27653,10220,0,0,0,0
6502,233723228089005,28207,10426,0,0,0,0
6503,233723272148082,31161,12897,0,0,0,0
6504,233723310608929,27810,10650,0,0,0,0
6505,233723348553852,28164,9780,0,0,0,0
6506,233723391428313,30891,11983,0,0,0,0
6507,233723432831390,30399,11003,0,0,0,0
6508,233723473593313,28328,12433,0,0,0,0
6509,233723513871775,28907,11371,0,0,0,0
6510,233723551429005,26772,10784,0,0,0,0
6511,233723591105929,28934,10742,0,0,0,0
6512,233723630290852,27971,11213,0,0,0,0
6513,233723670040621,28849,10900,0,0,0,0
6514,233723709411698,27619,11751,0,0,0,0
6515,233723750057929,30143,10502,0,0,0,0
6516,233723788168929,26816,11295,0,0,0,0
6517,233723827196929,27439,11588,0,0,0,0
6518,233723864333929,27528,9609,0,0,0,0
6519,233723907003159,29261,13407,0,0,0,0
6520,233723948664313,28490,13170,0,0,0,0
6521,233723989147159,27806,12676,0,0,0,0
6522,233724027312390,27980,10185,0,0,0,0
6523,233724066465236,28312,10840,0,0,0,0
6524,233724109507775,28033,15009,0,0,0,0
6525,233724148172390,28056,10608,0,0,0,0
6526,233724186596313,27310,11113,0,0,0,0
6527,233724226138852,28468,11073,0,0,0,0
6528,233724266691390,27718,12834,0,0,0,0
6529,233724308918236,29412,12814,0,0,0,0
6530,233724348596390,28187,11490,0,0,0,0
6531,233724389099698,29263,11239,0,0,0,0
6532,233724433173929,31678,12396,0,0,0,0
6533,233724472729313,27010,12544,0,0,0,0
6534,233724514270467,30547,10994,0,0,0,0
6535,233724554198775,27754,12173,0,0,0,0
6536,233724591937544,27232,10506,0,0,0,0
6537,233724627971159,27088,8944,0,0,0,0
6538,233724665938236,27597,10369,0,0,0,0
6539,233724710307159,30708,13660,0,0,0,0
6540,233724749647082,26902,12437,0,0,0,0
6541,233724790721544,28484,12590,0,0,0,0
6542,233724832565236,31847,9996,0,0,0,0
6543,233724881349852,32620,16164,0,0,0,0
6544,233724920472313,28704,10418,0,0,0,0
6545,233724961174159,29514,11187,0,0,0,0
6546,233724999822775,28605,10042,0,0,0,0
6547,233725040341544,28055,12464,0,0,0,0
6548,233725079070775,27697,11031,0,0,0,0
6549,233725119540621,27730,12739,0,0,0,0
6550,233725159173929,28433,11199,0,0,0,0
6551,233725199181236,28728,11279,0,0,0,0
6552,233725238642775,28808,10653,0,0,0,0
6553,233725281884698,30170,13071,0,0,0,0
6554,233725320341544,27525,10931,0,0,0,0
6555,233725358030852,27410,10278,0,0,0,0
6556,233725405660698,30413,17215,0,0,0,0
6557,233725445486775,28348,11477,0,0,0,0
6558,233725487408929,27828,14093,0,0,0,0
6559,233725527019159,28541,11068,0,0,0,0
6560,233725566375698,27862,11494,0,0,0,0
6561,233725608793621,29196,13221,0,0,0,0
6562,233725646878852,27415,10669,0,0,0,0
6563,233725688859698,27964,14015,0,0,0,0
6564,233725727294852,26594,11840,0,0,0,0
6565,233725765182159,27717,10169,0,0,0,0
6566,233725805840621,30460,10197,0,0,0,0
6567,233725845676006,28904,10931,0,0,0,0
6568,233725884495083,28033,10785,0,0,0,0
6569,233725926881544,31006,11379,0,0,0,0
6570,233725968953006,31054,11017,0,0,0,0
6571,233726008645544,28323,11369,0,0,0,0
6572,233726049809313,29197,11966,0,0,0,0
6573,233726091884390,29295,12779,0,0,0,0
6574,233726130605621,27727,10993,0,0,0,0
6575,233726168629236,28158,9865,0,0,0,0
6576,233726205638236,27471,9537,0,0,0,0
6577,233726244104698,27730,10736,0,0,0,0
6578,233726285852390,29725,12022,0,0,0,0
6579,233726324533852,28799,9881,0,0,0,0
6580,233726363728390,29649,9544,0,0,0,0
6581,233726405028390,30028,11271,0,0,0,0
6582,233726445292390,29418,10845,0,0,0,0
6583,233726486085313,29101,11691,0,0,0,0
6584,233726526272083,28788,11397,0,0,0,0
6585,233726570037852,30784,12980,0,0,0,0
6586,233726608784698,28164,10582,0,0,0,0
6587,233726650655390,28289,13581,0,0,0,0
6588,233726693025852,28200,14169,0,0,0,0
6589,233726733410775,28654,11730,0,0,0,0
6590,233726774558852,28969,12178,0,0,0,0
6591,233726811979698,27026,10394,0,0,0,0
6592,233726849408929,28553,8876,0,0,0,0
6593,233726886677852,26511,10757,0,0,0,0
6594,233726926047160,28421,10948,0,0,0,0
6595,233726968593929,30964,11582,0,0,0,0
6596,233727006190775,27289,10308,0,0,0,0
6597,233727047945852,29760,11994,0,0,0,0
6598,233727088123083,29223,10953,0,0,0,0
6599,233727131413313,30661,12628,0,0,0,0
6600,233727169620006,27989,10217,0,0,0,0
6601,233727208052083,27890,10541,0,0,0,0
6602,233727248853544,29244,11556,0,0,0,0
6603,233727291987775,29430,13703,0,0,0,0
6604,233727332760083,28415,12356,0,0,0,0
6605,233727378370236,32203,13407,0,0,0,0
6606,233727418531775,28284,11877,0,0,0,0
6607,233727459518852,29340,11646,0,0,0,0
6608,233727499489621,28515,11455,0,0,0,0
6609,233727541814852,29951,12373,0,0,0,0
6610,233727581338160,28094,11428,0,0,0,0
6611,233727620401852,27105,11957,0,0,0,0
6612,233727661734467,27383,13949,0,0,0,0
6613,233727701682160,28588,11359,0,0,0,0
6614,233727740400929,28195,10523,0,0,0,0
6615,233727784703775,31339,12963,0,0,0,0
6616,233727822261006,27459,10097,0,0,0,0
6617,233727861669237,27542,11865,0,0,0,0
6618,233727902624929,26979,13976,0,0,0,0
6619,233727941819467,28130,11063,0,0,0,0
6620,233727981343775,28290,11233,0,0,0,0
6621,233728021336390,29998,9995,0,0,0,0
6622,233728061742544,29174,11231,0,0,0,0
6623,233728102578237,30324,10511,0,0,0,0
6624,233728149648390,35715,11354,0,0,0,0
6625,233728192559390,29470,13440,0,0,0,0
6626,233728239935698,33530,13846,0,0,0,0
6627,233728280669929,29372,11361,0,0,0,0
6628,233728317121621,26295,10156,0,0,0,0
6629,233728356144929,28497,10525,0,0,0,0
6630,233728398067698,28588,13334,0,0,0,0
6631,233728435993929,27589,10336,0,0,0,0
6632,233728473446467,26874,10578,0,0,0,0
6633,233728515186775,26966,14774,0,0,0,0
6634,233728556172083,29591,11393,0,0,0,0
6635,233728596145929,28857,11116,0,0,0,0
6636,233728632317929,26092,10079,0,0,0,0
6637,233728668412621,27662,8432,0,0,0,0
6638,233728709196006,31533,9249,0,0,0,0
6639,233728748327390,28158,10973,0,0,0,0
6640,233728784546544,26111,10108,0,0,0,0
6641,233728821783698,27007,10229,0,0,0,0
6642,233728864973544,30735,12454,0,0,0,0
6643,233728908640006,33762,9903,0,0,0,0
6644,233728951692313,27450,15602,0,0,0,0
6645,233728995050467,31736,11621,0,0,0,0
6646,233729036793621,28323,13420,0,0,0,0
6647,233729079501929,28926,13781,0,0,0,0
6648,233729119986775,28406,12078,0,0,0,0
6649,233729162185544,27135,15063,0,0,0,0
6650,233729201111083,28330,10594,0,0,0,0
6651,233729238338160,26659,10567,0,0,0,0
6652,233729277838852,27486,12014,0,0,0,0
6653,233729318193929,29361,10993,0,0,0,0
6654,233729359110544,28686,12230,0,0,0,0
6655,233729400297006,28135,13051,0,0,0,0
6656,233729443390775,31078,12015,0,0,0,0
6657,233729485573852,30961,11221,0,0,0,0
6658,233729524149314,28667,9907,0,0,0,0
6659,233729564857852,29400,11307,0,0,0,0
6660,233729604379390,29203,10318,0,0,0,0
6661,233729645608083,28366,12862,0,0,0,0
6662,233729685654775,28375,11671,0,0,0,0
6663,233729727204314,28909,12640,0,0,0,0
6664,233729765921544,27232,11485,0,0,0,0
6665,233729806818775,28891,12006,0,0,0,0
6666,233729849705852,30071,12815,0,0,0,0
6667,233729894715390,31508,13500,0,0,0,0
6668,233729939591467,28606,16269,0,0,0,0
6669,233729979877852,27472,12814,0,0,0,0
6670,233730017774467,26810,11086,0,0,0,0
6671,233730057745544,28691,11279,0,0,0,0
