=== Native RuneLite launch Sun Apr 26 12:16:38 EDT 2026 ===
Sourcing credentials from env file...
  JX_SESSION_ID=***
  JX_CHARACTER_ID=***
  JX_DISPLAY_NAME=***
CPUSET native-launch-entry pid=14885 cpuset=/moderate
Cleaning up previous native-launch state...
Preflight OK:
  java=/data/data/com.termux/files/usr/lib/jvm/java-21-openjdk/bin/java
  rlawt-bionic-jar=/data/data/com.termux/files/home/.rlt/rlawt-1.8-bionic.jar (271437 bytes)
  rl-repo=/data/data/com.termux/files/usr/var/lib/proot-distro/installed-rootfs/ubuntu/root/.runelite/repository2 (32 jars)
Running LWJGL Bionic patch...
[patch-lwjgl] compiling /data/data/com.termux/files/home/scripts/libbionic-compat.c -> /data/data/com.termux/files/usr/lib/libbionic-compat.so
[patch-lwjgl]   built 5848 bytes
[patch-lwjgl] extracting jar to /data/data/com.termux/files/usr/tmp/lwjgl-patch.BzItIj
[patch-lwjgl] current DT_NEEDED: libbionic-compat.so libc.so libc.so libc.so libdl.so 
[patch-lwjgl] patching NEEDEDs + VERNEED
[patch-lwjgl]   cleared glibc version on 83 imported symbols
[patch-lwjgl] post-patch DT_NEEDED: libbionic-compat.so libc.so libc.so libc.so libdl.so 
[patch-lwjgl] new .so sha1=da47931ae6d837a81ab8bc0a16db3590ef87b359
[patch-lwjgl] repacking jar via /data/data/com.termux/files/usr/lib/jvm/java-21-openjdk/bin/jar
[patch-lwjgl] replaced /data/data/com.termux/files/usr/var/lib/proot-distro/installed-rootfs/ubuntu/root/.runelite/repository2/lwjgl-3.3.2-natives-linux-arm64.jar (94443 bytes)
[patch-lwjgl] done
X11 launch pid=15239
X11 socket ready
VirGL server forked PID=15289 log=/data/data/com.termux/files/home/virgl-server.log
VirGL socket ready
=== DIAG preflight @12:17:06.064 ===
[DIAG] device physical size (Android wm): unreadable from run-as com.termux
[DIAG] Termux:X11 resolution prefs:
  (prefs file not readable from com.termux uid)
[DIAG] Termux:X11 server process(es):
  pid=15239 cmdline=/system/bin/app_process -Xnoimage-dex2oat / com.termux.x11.Loader :0 
[DIAG] VirGL server:
  socket OK 1777220225 /data/data/com.termux/files/usr/tmp/.virgl_test
  pid: 15289 virgl_test_server_android
  virgl-server.log (last 5):
[DIAG] Mali/GPU busy counter probe:
  not readable: /sys/class/misc/mali0/device/utilization
  readable: /sys/kernel/gpu/gpu_busy = 0 %
  not readable: /sys/class/kgsl/kgsl-3d0/gpubusy
  not readable: /sys/class/devfreq/gpufreq/load
  not readable: /sys/devices/platform/mali/utilization
  selected GPU busy path: /sys/kernel/gpu/gpu_busy
[DIAG] Mesa env that rlawt/GL will see:
  GALLIUM_DRIVER=virpipe
  VTEST_SOCKET_NAME=/data/data/com.termux/files/usr/tmp/.virgl_test
  MESA_GL_VERSION_OVERRIDE=4.3COMPAT
  MESA_GLSL_VERSION_OVERRIDE=430
  MESA_EXTENSION_OVERRIDE=-GL_ARB_depth_clamp,-GL_EXT_depth_clamp
  MESA_NO_ERROR=1
  LD_LIBRARY_PATH=/data/data/com.termux/files/usr/lib/jvm/java-21-openjdk/lib:/data/data/com.termux/files/usr/lib
  DISPLAY=:0
[DIAG] glxinfo (OpenGL renderer + FBConfigs):
  *** MESA_GLSL_CACHE_DISABLE is deprecated; use MESA_SHADER_CACHE_DISABLE instead ***
  name of display: :0
  display: :0  screen: 0
  direct rendering: Yes
  Extended renderer info (GLX_MESA_query_renderer):
      Vendor: Mesa (0x1af4)
      Device: virgl (Mali-G720-Immortalis MC12) (0x1010)
      Version: 25.2.8
      Accelerated: yes
      Video memory: 0MB
      Unified memory: no
      Preferred profile: core (0x1)
      Max core profile version: 4.3
      Max compat profile version: 4.3
      Max GLES1 profile version: 1.1
      Max GLES[23] profile version: 3.1
  OpenGL vendor string: Mesa
  OpenGL renderer string: virgl (Mali-G720-Immortalis MC12)
  OpenGL core profile version string: 4.3 (Compatibility Profile) Mesa 25.2.8
  OpenGL core profile shading language version string: 4.30
  OpenGL core profile context flags: no-error
  OpenGL core profile profile mask: compatibility profile
  
  OpenGL version string: 4.3 (Compatibility Profile) Mesa 25.2.8
  OpenGL shading language version string: 4.30
  OpenGL context flags: no-error
  OpenGL profile mask: compatibility profile
  
  OpenGL ES profile version string: OpenGL ES 3.1 Mesa 25.2.8
  OpenGL ES profile shading language version string: OpenGL ES GLSL ES 3.10
[DIAG] glxinfo FBConfig summary (first 10 visuals):
      GLX_EXT_get_drawable_type, GLX_EXT_libglvnd, GLX_EXT_no_config_context, 
      GL_AMD_conservative_depth, GL_AMD_draw_buffers_blend, 
      GL_ARB_compressed_texture_pixel_storage, GL_ARB_conservative_depth, 
      GL_ARB_depth_buffer_float, GL_ARB_depth_texture, 
      GL_ARB_stencil_texturing, GL_ARB_sync, GL_ARB_tessellation_shader, 
      GL_ARB_texture_stencil8, GL_ARB_texture_storage, 
      GL_ATI_fragment_shader, GL_ATI_separate_stencil, 
      GL_EXT_gpu_shader4, GL_EXT_multi_draw_arrays, GL_EXT_packed_depth_stencil, 
      GL_EXT_shadow_funcs, GL_EXT_stencil_two_side, GL_EXT_stencil_wrap, 
      GL_NV_ES1_1_compatibility, GL_NV_blend_square, GL_NV_copy_depth_to_color, 
      GL_NV_light_max_exponent, GL_NV_packed_depth_stencil, 
      GL_AMD_conservative_depth, GL_AMD_draw_buffers_blend, 
      GL_ARB_compressed_texture_pixel_storage, GL_ARB_conservative_depth, 
      GL_ARB_depth_buffer_float, GL_ARB_depth_texture, 
      GL_ARB_stencil_texturing, GL_ARB_sync, GL_ARB_tessellation_shader, 
      GL_ARB_texture_stencil8, GL_ARB_texture_storage, 
      GL_ATI_fragment_shader, GL_ATI_separate_stencil, 
      GL_EXT_gpu_shader4, GL_EXT_multi_draw_arrays, GL_EXT_packed_depth_stencil, 
      GL_EXT_shadow_funcs, GL_EXT_stencil_two_side, GL_EXT_stencil_wrap, 
      GL_NV_ES1_1_compatibility, GL_NV_blend_square, GL_NV_copy_depth_to_color, 
      GL_NV_light_max_exponent, GL_NV_packed_depth_stencil, 
      GL_EXT_conservative_depth, GL_EXT_copy_image, GL_EXT_debug_label, 
      GL_EXT_draw_instanced, GL_EXT_float_blend, GL_EXT_frag_depth, 
      GL_NV_read_buffer, GL_NV_read_depth, GL_NV_read_depth_stencil, 
      GL_NV_read_stencil, GL_NV_shader_noperspective_interpolation, 
      GL_OES_compressed_ETC1_RGB8_texture, GL_OES_copy_image, GL_OES_depth24, 
      GL_OES_depth_texture, GL_OES_depth_texture_cube_map, 
      GL_OES_packed_depth_stencil, GL_OES_required_internalformat, 
      GL_OES_stencil8, GL_OES_surfaceless_context, 
      GL_OES_texture_npot, GL_OES_texture_stencil8, 
[DIAG] RL profile window/layout prefs:
  --- $rsprofile--1.properties ---
  --- default-170891852887488.properties ---
    runelite.automaticResizeType=KEEP_WINDOW_SIZE
    runelite.containInScreen2=RESIZING
    runelite.gameSize=1207x924
    runelite.lockWindowSize=false
    runelite.rememberScreenBounds=true
    stretchedmode.increasedPerformance=false
    stretchedmode.integerScaling=false
    stretchedmode.keepAspectRatio=true
    stretchedmode.scalingFactor=100
[DIAG] Bionic rlawt jar expected on classpath:
  -rw-------. 1 u0_a164 u0_a164 271437 Apr 26 12:16 /data/data/com.termux/files/home/.rlt/rlawt-1.8-bionic.jar
=== DIAG end ===
CPUSET virgl-ready pid=15289 cpuset=/moderate
RL-CONFIG native: patched default-170891852887488.properties gameSize=1207x924 resize=KEEP_WINDOW_SIZE stretched=100 keepAspect=true clientMaximized=true
VERIFY native: default-170891852887488.properties runelite.gameSize=1207x924 EXPECTED=1207x924 MATCH=Y
VERIFY native: default-170891852887488.properties runelite.automaticResizeType=KEEP_WINDOW_SIZE EXPECTED=KEEP_WINDOW_SIZE MATCH=Y
VERIFY native: default-170891852887488.properties stretchedmode.scalingFactor=100 EXPECTED=100 MATCH=Y
VERIFY native: default-170891852887488.properties stretchedmode.keepAspectRatio=true EXPECTED=true MATCH=Y
VERIFY native: default-170891852887488.properties runelite.clientMaximized=true EXPECTED=true MATCH=Y
Classpath assembled:
  bionic-rlawt-jar=/data/data/com.termux/files/home/.rlt/rlawt-1.8-bionic.jar
  skipped-stock-rlawt=/data/data/com.termux/files/usr/var/lib/proot-distro/installed-rootfs/ubuntu/root/.runelite/repository2/rlawt-1.8.jar
  repo-jar-count=32
  classpath=/data/data/com.termux/files/home/.rlt/rlawt-1.8-bionic.jar:/data/data/com.termux/files/usr/var/lib/proot-distro/installed-rootfs/ubuntu/root/.runelite/repository2/aopalliance-1.0.jar:/data/data/com.termux/files/usr/var/lib/proot-distro/installed-rootfs/ubuntu/root/.runelite/repository2/client-1.12.24.jar:/data/data/com.termux/files/usr/var/lib/proot-distro/installed-rootfs/ubuntu/root/.runelite/repository2/commons-lang3-3.7.jar:/data/data/com.termux/files/usr/var/lib/proot-distro/installed-rootfs/ubuntu/root/.runelite/repository2/commons-text-1.2.jar:/data/data/com.termux/files/usr/var/lib/proot-distro/installed-rootfs/ubuntu/root/.runelite/repository2/discord-1.4.jar:/data/data/com.termux/files/usr/var/lib/proot-distro/installed-rootfs/ubuntu/root/.runelite/repository2/flatlaf-3.2.5-rl4.jar:/data/data/com.termux/files/usr/var/lib/proot-distro/installed-rootfs/ubuntu/root/.runelite/repository2/gson-2.8.5.jar:/data/data/com.termux/files/usr/var/lib/proot-distro/installed-rootfs/ubuntu/root/.runelite/repository2/guava-23.2-jre.jar:/data/data/com.termux/files/usr/var/lib/proot-distro/installed-rootfs/ubuntu/root/.runelite/repository2/guice-4.1.0-no_aop.jar:/data/data/com.termux/files/usr/var/lib/proot-distro/installed-rootfs/ubuntu/root/.runelite/repository2/http-api-1.2.22.jar:/data/data/com.termux/files/usr/var/lib/proot-distro/installed-rootfs/ubuntu/root/.runelite/repository2/injected-client-1.12.24.jar:/data/data/com.termux/files/usr/var/lib/proot-distro/installed-rootfs/ubuntu/root/.runelite/repository2/javax.inject-1.jar:/data/data/com.termux/files/usr/var/lib/proot-distro/installed-rootfs/ubuntu/root/.runelite/repository2/jna-5.9.0.jar:/data/data/com.termux/files/usr/var/lib/proot-distro/installed-rootfs/ubuntu/root/.runelite/repository2/jna-platform-5.9.0.jar:/data/data/com.termux/files/usr/var/lib/proot-distro/installed-rootfs/ubuntu/root/.runelite/repository2/jopt-simple-5.0.1.jar:/data/data/com.termux/files/usr/var/lib/proot-distro/installed-rootfs/ubuntu/root/.runelite/repository2/json-20090211.jar:/data/data/com.termux/files/usr/var/lib/proot-distro/installed-rootfs/ubuntu/root/.runelite/repository2/jsr305-3.0.2.jar:/data/data/com.termux/files/usr/var/lib/proot-distro/installed-rootfs/ubuntu/root/.runelite/repository2/logback-classic-1.2.9.jar:/data/data/com.termux/files/usr/var/lib/proot-distro/installed-rootfs/ubuntu/root/.runelite/repository2/logback-core-1.2.9.jar:/data/data/com.termux/files/usr/var/lib/proot-distro/installed-rootfs/ubuntu/root/.runelite/repository2/lwjgl-3.3.2-natives-linux-arm64.jar:/data/data/com.termux/files/usr/var/lib/proot-distro/installed-rootfs/ubuntu/root/.runelite/repository2/lwjgl-3.3.2-natives-linux.jar:/data/data/com.termux/files/usr/var/lib/proot-distro/installed-rootfs/ubuntu/root/.runelite/repository2/lwjgl-3.3.2.jar:/data/data/com.termux/files/usr/var/lib/proot-distro/installed-rootfs/ubuntu/root/.runelite/repository2/lwjgl-opencl-3.3.2.jar:/data/data/com.termux/files/usr/var/lib/proot-distro/installed-rootfs/ubuntu/root/.runelite/repository2/lwjgl-opengl-3.3.2-natives-linux-arm64.jar:/data/data/com.termux/files/usr/var/lib/proot-distro/installed-rootfs/ubuntu/root/.runelite/repository2/lwjgl-opengl-3.3.2-natives-linux.jar:/data/data/com.termux/files/usr/var/lib/proot-distro/installed-rootfs/ubuntu/root/.runelite/repository2/lwjgl-opengl-3.3.2.jar:/data/data/com.termux/files/usr/var/lib/proot-distro/installed-rootfs/ubuntu/root/.runelite/repository2/okhttp-3.14.9.jar:/data/data/com.termux/files/usr/var/lib/proot-distro/installed-rootfs/ubuntu/root/.runelite/repository2/okio-1.17.2.jar:/data/data/com.termux/files/usr/var/lib/proot-distro/installed-rootfs/ubuntu/root/.runelite/repository2/protobuf-javalite-3.21.12.jar:/data/data/com.termux/files/usr/var/lib/proot-distro/installed-rootfs/ubuntu/root/.runelite/repository2/runelite-api-1.12.24-runtime.jar:/data/data/com.termux/files/usr/var/lib/proot-distro/installed-rootfs/ubuntu/root/.runelite/repository2/slf4j-api-1.7.25.jar
LD_LIBRARY_PATH=/data/data/com.termux/files/usr/lib/jvm/java-21-openjdk/lib:/data/data/com.termux/files/usr/lib
JAVA_HOME=/data/data/com.termux/files/usr/lib/jvm/java-21-openjdk
UI scale: 2 (source=Kotlin-computed)
=== Invoking JVM ===
  cmd: /data/data/com.termux/files/usr/lib/jvm/java-21-openjdk/bin/java -Xss2m -Xmx2g -XX:+UseG1GC -XX:MaxGCPauseMillis=50 -Duser.home=/data/data/com.termux/files/usr/var/lib/proot-distro/installed-rootfs/ubuntu/root -Dsun.java2d.uiScale=2 -Xlog:class+load=info:file=/data/data/com.termux/files/home/native-launch-classload.log:time,uptime,level,tags:filecount=2,filesize=5M -DJX_SESSION_ID=6xHvonJR9LMwiEZq3MVIJq -DJX_CHARACTER_ID=322582190 -DJX_DISPLAY_NAME=Robey Wan -cp <classpath> net.runelite.client.RuneLite --insecure-write-credentials --debug
CPUSET java-started pid=15599 cpuset=/moderate
JVM PID=15599 (log /data/data/com.termux/files/home/runelite-native.log, classload /data/data/com.termux/files/home/native-launch-classload.log)
SESSION-SENTINEL: created /data/data/com.termux/files/usr/tmp/.rlt-session-alive (session-alive ack for SessionHealthMonitor)
AFFINITY-FAIL: JVM (PID=15599) requested=0xF0 effective_Cpus_allowed_list=0-3 taskset=taskset: failed to set pid 15599's affinity: Invalid argument
pid 15599's current affinity mask: f
<taskset returned 1>
AFFINITY-FAIL:   /proc/15599/cpuset=/moderate cpus_allowed_in_cpuset=unreadable cgroup=5:freezer:/;4:cpuset:/moderate;3:cpuacct:/;2:cpu:/background;1:blkio:/background;0::/apps/uid_10164/pid_5052;
AFFINITY-FAIL: VIRGL (PID=15289) requested=0xF0 effective_Cpus_allowed_list=0-3 taskset=taskset: failed to set pid 15289's affinity: Invalid argument
pid 15289's current affinity mask: f
<taskset returned 1>
AFFINITY-FAIL:   /proc/15289/cpuset=/moderate cpus_allowed_in_cpuset=unreadable cgroup=5:freezer:/;4:cpuset:/moderate;3:cpuacct:/;2:cpu:/background;1:blkio:/background;0::/apps/uid_10164/pid_5052;
TELEMETRY: affinity-timeline sampler PID=15663 csv=/data/data/com.termux/files/home/affinity-timeline.csv
TELEMETRY: thread-cpu sampler PID=15727 has_proc_top=0 csv=/data/data/com.termux/files/home/thread-cpu.csv raw=/data/data/com.termux/files/home/thread-cpu-raw.log
TELEMETRY: x11-window probe PID=15733 log=/data/data/com.termux/files/home/x11-window-state.log (fires at T+10s)
PERF: RLT_PERF_SAMPLE=1 — spawning perf-sampler
PERF: sampler PID=15745 log=/data/data/com.termux/files/home/runelite-native-perf.log
2026-04-26 16:17:10 GMT [main] INFO  net.runelite.client.RuneLite - RuneLite 1.12.24 (launcher version unknown) starting up, args: --insecure-write-credentials --debug
2026-04-26 16:17:10 GMT [main] INFO  net.runelite.client.RuneLite - Java VM arguments: -Xss2m -Xmx2g -XX:+UseG1GC -XX:MaxGCPauseMillis=50 -Duser.home=/data/data/com.termux/files/usr/var/lib/proot-distro/installed-rootfs/ubuntu/root -Dsun.java2d.uiScale=2 -Xlog:class+load=info:file=/data/data/com.termux/files/home/native-launch-classload.log:time,uptime,level,tags:filecount=2,filesize=5M -DJX_SESSION_ID=6xHvonJR9LMwiEZq3MVIJq -DJX_CHARACTER_ID=322582190 -DJX_DISPLAY_NAME=Robey Wan
2026-04-26 16:17:11 GMT [main] DEBUG n.runelite.client.eventbus.EventBus - Registering class net.runelite.api.events.GameStateChanged - EventBus.Subscriber(object=net.runelite.client.RuntimeConfigRefresher@1922e6d, method=public void net.runelite.client.RuntimeConfigRefresher.onGameStateChanged(net.runelite.api.events.GameStateChanged), priority=0.0, lambda=net.runelite.client.RuntimeConfigRefresher$$Lambda/0x00000001003c4408@76a82f33)
2026-04-26 16:17:13 GMT [Preloader] INFO  net.runelite.client.rs.ClientLoader - injected-client 24445762228.105
2026-04-26 16:17:13 GMT [main] WARN  n.r.client.discord.DiscordService - Failed to load Discord library, Discord support will be disabled.
2026-04-26 16:17:13 GMT [main] DEBUG n.runelite.client.eventbus.EventBus - Registering class net.runelite.api.events.FocusChanged - EventBus.Subscriber(object=net.runelite.client.input.KeyManager@40f33492, method=private void net.runelite.client.input.KeyManager.onFocusChanged(net.runelite.api.events.FocusChanged), priority=0.0, lambda=net.runelite.client.input.KeyManager$$Lambda/0x000000010042d7f8@4fbdc0f0)
2026-04-26 16:17:13 GMT [main] DEBUG n.runelite.client.eventbus.EventBus - Registering class net.runelite.client.events.ConfigChanged - EventBus.Subscriber(object=net.runelite.client.chat.ChatMessageManager@3d4d3fe7, method=public void net.runelite.client.chat.ChatMessageManager.onConfigChanged(net.runelite.client.events.ConfigChanged), priority=0.0, lambda=net.runelite.client.chat.ChatMessageManager$$Lambda/0x000000010042ded0@65f87a2c)
2026-04-26 16:17:13 GMT [main] DEBUG n.runelite.client.eventbus.EventBus - Registering class net.runelite.api.events.ScriptCallbackEvent - EventBus.Subscriber(object=net.runelite.client.chat.ChatMessageManager@3d4d3fe7, method=public void net.runelite.client.chat.ChatMessageManager.onScriptCallbackEvent(net.runelite.api.events.ScriptCallbackEvent), priority=0.0, lambda=net.runelite.client.chat.ChatMessageManager$$Lambda/0x000000010042e108@38875e7d)
2026-04-26 16:17:13 GMT [main] DEBUG n.runelite.client.eventbus.EventBus - Registering class net.runelite.client.events.ProfileChanged - EventBus.Subscriber(object=net.runelite.client.chat.ChatMessageManager@3d4d3fe7, method=public void net.runelite.client.chat.ChatMessageManager.onProfileChanged(net.runelite.client.events.ProfileChanged), priority=0.0, lambda=net.runelite.client.chat.ChatMessageManager$$Lambda/0x000000010042e340@6e33c391)
2026-04-26 16:17:13 GMT [main] DEBUG net.runelite.client.input.KeyManager - Registering key listener: net.runelite.client.ui.overlay.OverlayRenderer$1@1edb61b1
2026-04-26 16:17:13 GMT [main] DEBUG n.runelite.client.eventbus.EventBus - Registering class net.runelite.api.events.BeforeRender - EventBus.Subscriber(object=net.runelite.client.ui.overlay.OverlayRenderer@6cc0bcf6, method=public void net.runelite.client.ui.overlay.OverlayRenderer.onBeforeRender(net.runelite.api.events.BeforeRender), priority=0.0, lambda=net.runelite.client.ui.overlay.OverlayRenderer$$Lambda/0x000000010042f3e0@29539e36)
2026-04-26 16:17:13 GMT [main] DEBUG n.runelite.client.eventbus.EventBus - Registering class net.runelite.api.events.FocusChanged - EventBus.Subscriber(object=net.runelite.client.ui.overlay.OverlayRenderer@6cc0bcf6, method=public void net.runelite.client.ui.overlay.OverlayRenderer.onFocusChanged(net.runelite.api.events.FocusChanged), priority=0.0, lambda=net.runelite.client.ui.overlay.OverlayRenderer$$Lambda/0x000000010042f618@f5c79a6)
2026-04-26 16:17:13 GMT [main] DEBUG n.runelite.client.eventbus.EventBus - Registering class net.runelite.api.events.ClientTick - EventBus.Subscriber(object=net.runelite.client.ui.overlay.OverlayRenderer@6cc0bcf6, method=protected void net.runelite.client.ui.overlay.OverlayRenderer.onClientTick(net.runelite.api.events.ClientTick), priority=0.0, lambda=net.runelite.client.ui.overlay.OverlayRenderer$$Lambda/0x000000010042fcf0@51a06cbe)
2026-04-26 16:17:13 GMT [main] DEBUG n.runelite.client.eventbus.EventBus - Registering class net.runelite.client.events.ConfigChanged - EventBus.Subscriber(object=net.runelite.client.ui.overlay.infobox.InfoBoxManager@324dcd31, method=public void net.runelite.client.ui.overlay.infobox.InfoBoxManager.onConfigChanged(net.runelite.client.events.ConfigChanged), priority=0.0, lambda=net.runelite.client.ui.overlay.infobox.InfoBoxManager$$Lambda/0x00000001004341f8@503d56b5)
2026-04-26 16:17:13 GMT [main] DEBUG n.runelite.client.eventbus.EventBus - Registering class net.runelite.client.events.ProfileChanged - EventBus.Subscriber(object=net.runelite.client.ui.overlay.infobox.InfoBoxManager@324dcd31, method=public synchronized void net.runelite.client.ui.overlay.infobox.InfoBoxManager.onProfileChanged(net.runelite.client.events.ProfileChanged), priority=0.0, lambda=net.runelite.client.ui.overlay.infobox.InfoBoxManager$$Lambda/0x0000000100434430@433ffad1)
2026-04-26 16:17:13 GMT [main] DEBUG n.runelite.client.eventbus.EventBus - Registering class net.runelite.client.events.InfoBoxMenuClicked - EventBus.Subscriber(object=net.runelite.client.ui.overlay.infobox.InfoBoxManager@324dcd31, method=public void net.runelite.client.ui.overlay.infobox.InfoBoxManager.onInfoBoxMenuClicked(net.runelite.client.events.InfoBoxMenuClicked), priority=0.0, lambda=net.runelite.client.ui.overlay.infobox.InfoBoxManager$$Lambda/0x0000000100434ad0@329a1243)
2026-04-26 16:17:13 GMT [main] DEBUG n.runelite.client.eventbus.EventBus - Registering class net.runelite.api.events.ScriptCallbackEvent - EventBus.Subscriber(object=net.runelite.client.callback.Hooks@6f0628de, method=public void net.runelite.client.callback.Hooks.onScriptCallbackEvent(net.runelite.api.events.ScriptCallbackEvent), priority=0.0, lambda=net.runelite.client.callback.Hooks$$Lambda/0x0000000100436728@3fabf088)
2026-04-26 16:17:13 GMT [main] INFO  injected-client - writing 3 credentials to disk
2026-04-26 16:17:13 GMT [main] INFO  n.r.client.account.SessionManager - No session file exists
2026-04-26 16:17:13 GMT [main] DEBUG n.r.client.config.ConfigManager - Profile '$rsprofile' (sync: true, active: -1, id: false, internal)
2026-04-26 16:17:13 GMT [main] INFO  n.r.client.config.ConfigManager - Profile 'default' (sync: false, active: true, id: 170891852887488)
2026-04-26 16:17:13 GMT [main] INFO  n.r.client.config.ConfigManager - Using profile: default (170891852887488)
2026-04-26 16:17:13 GMT [main] DEBUG net.runelite.client.Updater - Unsupported OS: Linux
2026-04-26 16:17:14 GMT [main] DEBUG n.r.client.plugins.PluginManager - Loaded plugin AccountPlugin
2026-04-26 16:17:14 GMT [main] DEBUG n.r.client.plugins.PluginManager - Loaded plugin WorldMapPlugin
2026-04-26 16:17:14 GMT [main] DEBUG n.r.client.plugins.PluginManager - Loaded plugin InfoPlugin
2026-04-26 16:17:14 GMT [main] DEBUG n.runelite.client.eventbus.EventBus - Registering class net.runelite.api.events.GameStateChanged - EventBus.Subscriber(object=net.runelite.client.game.chatbox.ChatboxPanelManager@a7ad6e5, method=private void net.runelite.client.game.chatbox.ChatboxPanelManager.onGameStateChanged(net.runelite.api.events.GameStateChanged), priority=0.0, lambda=net.runelite.client.game.chatbox.ChatboxPanelManager$$Lambda/0x00000001005d1b80@3b1ed14b)
2026-04-26 16:17:14 GMT [main] DEBUG n.runelite.client.eventbus.EventBus - Registering class net.runelite.api.events.ScriptPreFired - EventBus.Subscriber(object=net.runelite.client.game.chatbox.ChatboxPanelManager@a7ad6e5, method=public void net.runelite.client.game.chatbox.ChatboxPanelManager.onScriptPreFired(net.runelite.api.events.ScriptPreFired), priority=0.0, lambda=net.runelite.client.game.chatbox.ChatboxPanelManager$$Lambda/0x00000001005d1db8@475646d4)
2026-04-26 16:17:14 GMT [main] DEBUG n.r.client.plugins.PluginManager - Loaded plugin MusicPlugin
2026-04-26 16:17:14 GMT [main] DEBUG n.r.client.plugins.PluginManager - Loaded plugin InteractHighlightPlugin
2026-04-26 16:17:14 GMT [main] DEBUG n.runelite.client.eventbus.EventBus - Registering class net.runelite.api.events.GameStateChanged - EventBus.Subscriber(object=net.runelite.client.game.ItemManager@51841ac6, method=private void net.runelite.client.game.ItemManager.onGameStateChanged(net.runelite.api.events.GameStateChanged), priority=0.0, lambda=net.runelite.client.game.ItemManager$$Lambda/0x00000001005dbc30@5ba26eb0)
2026-04-26 16:17:14 GMT [pool-2-thread-1] DEBUG net.runelite.client.game.ItemClient - Built URI: https://api.runelite.net/runelite-1.12.24/item/prices.js
2026-04-26 16:17:14 GMT [pool-2-thread-1] DEBUG net.runelite.client.game.ItemManager - Loaded 4544 prices
2026-04-26 16:17:14 GMT [pool-2-thread-1] DEBUG net.runelite.client.game.ItemClient - Built URI: https://static.runelite.net/item/stats.ids.min.json
2026-04-26 16:17:14 GMT [main] DEBUG n.r.client.plugins.PluginManager - Loaded plugin BankTagsPlugin
2026-04-26 16:17:14 GMT [main] DEBUG n.r.client.plugins.PluginManager - Loaded plugin HerbiboarPlugin
2026-04-26 16:17:14 GMT [main] DEBUG n.r.client.plugins.PluginManager - Loaded plugin AntiDragPlugin
2026-04-26 16:17:14 GMT [main] DEBUG n.r.client.plugins.PluginManager - Loaded plugin RandomEventPlugin
2026-04-26 16:17:14 GMT [main] DEBUG n.r.client.plugins.PluginManager - Loaded plugin InventoryTagsPlugin
2026-04-26 16:17:14 GMT [main] DEBUG n.r.client.plugins.PluginManager - Loaded plugin TwitchPlugin
2026-04-26 16:17:15 GMT [main] DEBUG n.runelite.client.eventbus.EventBus - Registering class net.runelite.client.party.events.UserJoin - EventBus.Subscriber(object=net.runelite.client.party.PartyService@767a014e, method=public void net.runelite.client.party.PartyService.onUserJoin(net.runelite.client.party.events.UserJoin), priority=1.0, lambda=net.runelite.client.party.PartyService$$Lambda/0x00000001005f36f0@d109c4f)
2026-04-26 16:17:15 GMT [main] DEBUG n.runelite.client.eventbus.EventBus - Registering class net.runelite.client.party.events.UserPart - EventBus.Subscriber(object=net.runelite.client.party.PartyService@767a014e, method=public void net.runelite.client.party.PartyService.onUserPart(net.runelite.client.party.events.UserPart), priority=1.0, lambda=net.runelite.client.party.PartyService$$Lambda/0x00000001005f3928@9596ce8)
2026-04-26 16:17:15 GMT [main] DEBUG n.runelite.client.eventbus.EventBus - Registering class net.runelite.client.party.messages.PartyChatMessage - EventBus.Subscriber(object=net.runelite.client.party.PartyService@767a014e, method=public void net.runelite.client.party.PartyService.onPartyChatMessage(net.runelite.client.party.messages.PartyChatMessage), priority=0.0, lambda=net.runelite.client.party.PartyService$$Lambda/0x00000001005f3b60@26c47874)
2026-04-26 16:17:15 GMT [main] DEBUG n.runelite.client.eventbus.EventBus - Registering class net.runelite.api.events.GameStateChanged - EventBus.Subscriber(object=net.runelite.client.game.ChatIconManager@65b97f47, method=private void net.runelite.client.game.ChatIconManager.onGameStateChanged(net.runelite.api.events.GameStateChanged), priority=0.0, lambda=net.runelite.client.game.ChatIconManager$$Lambda/0x00000001005f3d98@255eaa6b)
2026-04-26 16:17:15 GMT [main] DEBUG n.r.client.plugins.PluginManager - Loaded plugin PlayerIndicatorsPlugin
2026-04-26 16:17:15 GMT [main] DEBUG n.r.client.plugins.PluginManager - Loaded plugin ScreenshotPlugin
2026-04-26 16:17:15 GMT [main] DEBUG n.r.client.plugins.PluginManager - Loaded plugin ReportButtonPlugin
2026-04-26 16:17:15 GMT [main] DEBUG n.r.client.plugins.PluginManager - Loaded plugin FriendNotesPlugin
2026-04-26 16:17:15 GMT [main] DEBUG n.r.client.plugins.PluginManager - Loaded plugin HunterPlugin
2026-04-26 16:17:15 GMT [main] DEBUG n.r.client.plugins.PluginManager - Loaded plugin ChatFilterPlugin
2026-04-26 16:17:15 GMT [main] DEBUG n.r.client.plugins.PluginManager - Loaded plugin BarbarianAssaultPlugin
2026-04-26 16:17:15 GMT [main] DEBUG n.r.client.plugins.PluginManager - Loaded plugin CannonPlugin
2026-04-26 16:17:15 GMT [pool-2-thread-1] DEBUG net.runelite.client.game.ItemManager - Loaded 13417 stats
2026-04-26 16:17:15 GMT [main] DEBUG n.r.client.plugins.PluginManager - Loaded plugin EmojiPlugin
2026-04-26 16:17:15 GMT [main] DEBUG n.r.client.plugins.PluginManager - Loaded plugin InterfaceStylesPlugin
2026-04-26 16:17:15 GMT [main] DEBUG n.r.client.plugins.PluginManager - Loaded plugin PohPlugin
2026-04-26 16:17:15 GMT [main] DEBUG n.r.client.plugins.PluginManager - Loaded plugin BankPlugin
2026-04-26 16:17:15 GMT [main] DEBUG n.r.client.plugins.PluginManager - Loaded plugin RegenMeterPlugin
2026-04-26 16:17:15 GMT [main] DEBUG n.r.client.plugins.PluginManager - Loaded plugin XpTrackerPlugin
2026-04-26 16:17:15 GMT [main] DEBUG n.r.client.plugins.PluginManager - Loaded plugin XpGlobesPlugin
2026-04-26 16:17:15 GMT [main] DEBUG n.r.client.plugins.PluginManager - Loaded plugin ScreenMarkerPlugin
2026-04-26 16:17:15 GMT [main] DEBUG n.r.client.plugins.PluginManager - Loaded plugin VirtualLevelsPlugin
2026-04-26 16:17:15 GMT [main] DEBUG n.r.client.plugins.PluginManager - Loaded plugin ConfigPlugin
2026-04-26 16:17:15 GMT [main] DEBUG n.r.client.plugins.PluginManager - Loaded plugin BlastFurnacePlugin
2026-04-26 16:17:15 GMT [main] DEBUG n.r.client.plugins.PluginManager - Loaded plugin ZalcanoPlugin
2026-04-26 16:17:15 GMT [main] DEBUG n.r.client.plugins.PluginManager - Loaded plugin SpecialCounterPlugin
2026-04-26 16:17:15 GMT [main] DEBUG n.r.client.game.SkillIconManager - Loading skill icon from /skill_icons/mining.png
2026-04-26 16:17:15 GMT [main] DEBUG n.r.client.plugins.PluginManager - Loaded plugin MotherlodePlugin
2026-04-26 16:17:15 GMT [main] DEBUG n.r.client.plugins.PluginManager - Loaded plugin CameraPlugin
2026-04-26 16:17:15 GMT [main] DEBUG n.r.client.plugins.PluginManager - Loaded plugin TeamPlugin
2026-04-26 16:17:15 GMT [main] DEBUG n.r.client.plugins.PluginManager - Loaded plugin InventoryGridPlugin
2026-04-26 16:17:15 GMT [main] DEBUG n.r.client.plugins.PluginManager - Loaded plugin BoostsPlugin
2026-04-26 16:17:15 GMT [main] DEBUG n.r.client.plugins.PluginManager - Loaded plugin KingdomPlugin
2026-04-26 16:17:15 GMT [main] DEBUG n.r.client.plugins.PluginManager - Loaded plugin WoodcuttingPlugin
2026-04-26 16:17:15 GMT [main] DEBUG n.r.client.plugins.PluginManager - Loaded plugin DriftNetPlugin
2026-04-26 16:17:15 GMT [main] DEBUG n.r.client.plugins.PluginManager - Loaded plugin ObjectIndicatorsPlugin
2026-04-26 16:17:15 GMT [main] DEBUG n.r.client.plugins.PluginManager - Loaded plugin HiscorePlugin
2026-04-26 16:17:15 GMT [main] DEBUG n.r.client.plugins.PluginManager - Loaded plugin RunepouchPlugin
2026-04-26 16:17:15 GMT [main] DEBUG n.r.client.plugins.PluginManager - Loaded plugin TimeTrackingPlugin
2026-04-26 16:17:15 GMT [main] DEBUG n.r.client.plugins.PluginManager - Loaded plugin AnimationSmoothingPlugin
2026-04-26 16:17:15 GMT [main] INFO  n.r.c.plugins.kourendlibrary.Library - Library is now reset
2026-04-26 16:17:15 GMT [main] DEBUG n.r.client.plugins.PluginManager - Loaded plugin KourendLibraryPlugin
2026-04-26 16:17:15 GMT [main] DEBUG n.runelite.client.eventbus.EventBus - Registering class net.runelite.api.events.MenuEntryAdded - EventBus.Subscriber(object=net.runelite.client.menus.MenuManager@3902bd2c, method=public void net.runelite.client.menus.MenuManager.onMenuEntryAdded(net.runelite.api.events.MenuEntryAdded), priority=0.0, lambda=net.runelite.client.menus.MenuManager$$Lambda/0x000000010063e308@7d32e714)
2026-04-26 16:17:15 GMT [main] DEBUG n.runelite.client.eventbus.EventBus - Registering class net.runelite.api.events.PlayerMenuOptionsChanged - EventBus.Subscriber(object=net.runelite.client.menus.MenuManager@3902bd2c, method=public void net.runelite.client.menus.MenuManager.onPlayerMenuOptionsChanged(net.runelite.api.events.PlayerMenuOptionsChanged), priority=0.0, lambda=net.runelite.client.menus.MenuManager$$Lambda/0x000000010063e540@18137eab)
2026-04-26 16:17:15 GMT [main] DEBUG n.r.client.plugins.PluginManager - Loaded plugin GroundMarkerPlugin
2026-04-26 16:17:15 GMT [main] DEBUG n.r.client.plugins.PluginManager - Loaded plugin InventoryViewerPlugin
2026-04-26 16:17:15 GMT [main] DEBUG n.r.client.plugins.PluginManager - Loaded plugin DiaryRequirementsPlugin
2026-04-26 16:17:15 GMT [main] DEBUG n.r.client.plugins.PluginManager - Loaded plugin ChatHistoryPlugin
2026-04-26 16:17:15 GMT [main] DEBUG n.r.c.p.itemstats.ItemStatChanges - 814 items; 241 behaviours loaded
2026-04-26 16:17:15 GMT [main] DEBUG n.r.client.plugins.PluginManager - Loaded plugin ItemStatPlugin
2026-04-26 16:17:15 GMT [pool-2-thread-1] DEBUG n.runelite.client.game.WorldService - Fetching worlds
2026-04-26 16:17:15 GMT [pool-2-thread-1] DEBUG net.runelite.client.game.WorldClient - Built URI: https://api.runelite.net/runelite-1.12.24/worlds.js
2026-04-26 16:17:15 GMT [main] DEBUG n.runelite.client.eventbus.EventBus - Registering class net.runelite.api.events.ScriptCallbackEvent - EventBus.Subscriber(object=net.runelite.client.chat.ChatInputManager@2cd4e16a, method=private void net.runelite.client.chat.ChatInputManager.onScriptCallbackEvent(net.runelite.api.events.ScriptCallbackEvent), priority=0.0, lambda=net.runelite.client.chat.ChatInputManager$$Lambda/0x0000000100643668@42505474)
2026-04-26 16:17:15 GMT [main] DEBUG n.runelite.client.eventbus.EventBus - Registering class net.runelite.api.events.ChatMessage - EventBus.Subscriber(object=net.runelite.client.chat.ChatCommandManager@784223e9, method=public void net.runelite.client.chat.ChatCommandManager.onChatMessage(net.runelite.api.events.ChatMessage), priority=0.0, lambda=net.runelite.client.chat.ChatCommandManager$$Lambda/0x00000001006438a0@7316523a)
2026-04-26 16:17:15 GMT [main] DEBUG n.runelite.client.eventbus.EventBus - Registering class net.runelite.client.events.ChatboxInput - EventBus.Subscriber(object=net.runelite.client.chat.ChatCommandManager@784223e9, method=public void net.runelite.client.chat.ChatCommandManager.onChatboxInput(net.runelite.client.events.ChatboxInput), priority=0.0, lambda=net.runelite.client.chat.ChatCommandManager$$Lambda/0x0000000100643ad8@5b5ac798)
2026-04-26 16:17:15 GMT [main] DEBUG n.runelite.client.eventbus.EventBus - Registering class net.runelite.client.events.PrivateMessageInput - EventBus.Subscriber(object=net.runelite.client.chat.ChatCommandManager@784223e9, method=public void net.runelite.client.chat.ChatCommandManager.onPrivateMessageInput(net.runelite.client.events.PrivateMessageInput), priority=0.0, lambda=net.runelite.client.chat.ChatCommandManager$$Lambda/0x0000000100643d10@a83495d)
2026-04-26 16:17:15 GMT [main] DEBUG n.r.client.plugins.PluginManager - Loaded plugin RaidsPlugin
2026-04-26 16:17:15 GMT [main] DEBUG n.r.client.plugins.PluginManager - Loaded plugin LoginScreenPlugin
2026-04-26 16:17:15 GMT [main] DEBUG n.r.client.plugins.PluginManager - Loaded plugin DailyTasksPlugin
2026-04-26 16:17:15 GMT [main] DEBUG n.r.client.plugins.PluginManager - Loaded plugin SkillCalculatorPlugin
2026-04-26 16:17:16 GMT [main] DEBUG n.r.client.plugins.PluginManager - Loaded plugin StatusBarsPlugin
2026-04-26 16:17:16 GMT [main] DEBUG n.r.client.plugins.PluginManager - Loaded plugin LowMemoryPlugin
2026-04-26 16:17:16 GMT [main] DEBUG n.r.client.plugins.PluginManager - Loaded plugin PestControlPlugin
2026-04-26 16:17:16 GMT [main] DEBUG n.r.client.plugins.PluginManager - Loaded plugin KeyRemappingPlugin
2026-04-26 16:17:16 GMT [main] DEBUG n.r.client.plugins.PluginManager - Loaded plugin PuzzleSolverPlugin
2026-04-26 16:17:16 GMT [main] DEBUG n.r.client.plugins.PluginManager - Loaded plugin ItemIdentificationPlugin
2026-04-26 16:17:16 GMT [main] DEBUG n.r.client.plugins.PluginManager - Loaded plugin PoisonPlugin
2026-04-26 16:17:16 GMT [main] DEBUG n.r.client.plugins.PluginManager - Loaded plugin SpellbookPlugin
2026-04-26 16:17:16 GMT [pool-2-thread-1] DEBUG n.runelite.client.game.NpcInfoClient - Built URI: https://static.runelite.net/npcs/npcs.min.json
2026-04-26 16:17:16 GMT [main] DEBUG n.runelite.client.eventbus.EventBus - Registering class net.runelite.api.events.NpcSpawned - EventBus.Subscriber(object=net.runelite.client.game.npcoverlay.NpcOverlayService@60e06f7d, method=private void net.runelite.client.game.npcoverlay.NpcOverlayService.onNpcSpawned(net.runelite.api.events.NpcSpawned), priority=-1.0, lambda=net.runelite.client.game.npcoverlay.NpcOverlayService$$Lambda/0x00000001006573f8@66a5755)
2026-04-26 16:17:16 GMT [main] DEBUG n.runelite.client.eventbus.EventBus - Registering class net.runelite.api.events.NpcDespawned - EventBus.Subscriber(object=net.runelite.client.game.npcoverlay.NpcOverlayService@60e06f7d, method=private void net.runelite.client.game.npcoverlay.NpcOverlayService.onNpcDespawned(net.runelite.api.events.NpcDespawned), priority=-1.0, lambda=net.runelite.client.game.npcoverlay.NpcOverlayService$$Lambda/0x0000000100657630@6d6d480c)
2026-04-26 16:17:16 GMT [main] DEBUG n.runelite.client.eventbus.EventBus - Registering class net.runelite.api.events.NpcChanged - EventBus.Subscriber(object=net.runelite.client.game.npcoverlay.NpcOverlayService@60e06f7d, method=private void net.runelite.client.game.npcoverlay.NpcOverlayService.onNpcChanged(net.runelite.api.events.NpcChanged), priority=-1.0, lambda=net.runelite.client.game.npcoverlay.NpcOverlayService$$Lambda/0x0000000100657868@5a917723)
2026-04-26 16:17:16 GMT [main] DEBUG n.runelite.client.eventbus.EventBus - Registering class net.runelite.api.events.GameStateChanged - EventBus.Subscriber(object=net.runelite.client.game.npcoverlay.NpcOverlayService@60e06f7d, method=private void net.runelite.client.game.npcoverlay.NpcOverlayService.onGameStateChanged(net.runelite.api.events.GameStateChanged), priority=0.0, lambda=net.runelite.client.game.npcoverlay.NpcOverlayService$$Lambda/0x0000000100657aa0@796f632b)
2026-04-26 16:17:16 GMT [main] DEBUG n.r.client.plugins.PluginManager - Loaded plugin SlayerPlugin
2026-04-26 16:17:16 GMT [main] DEBUG n.r.client.plugins.PluginManager - Loaded plugin NpcAggroAreaPlugin
2026-04-26 16:17:16 GMT [main] DEBUG n.r.client.plugins.PluginManager - Loaded plugin RunecraftPlugin
2026-04-26 16:17:16 GMT [main] DEBUG n.r.client.plugins.PluginManager - Loaded plugin XteaPlugin
2026-04-26 16:17:16 GMT [main] DEBUG n.r.client.plugins.PluginManager - Loaded plugin AgilityPlugin
2026-04-26 16:17:16 GMT [main] DEBUG n.r.client.plugins.PluginManager - Loaded plugin ItemChargePlugin
2026-04-26 16:17:16 GMT [main] DEBUG n.r.client.plugins.PluginManager - Loaded plugin WikiPlugin
2026-04-26 16:17:16 GMT [main] DEBUG n.r.client.plugins.PluginManager - Loaded plugin XpDropPlugin
2026-04-26 16:17:16 GMT [main] DEBUG n.r.client.plugins.PluginManager - Loaded plugin TileIndicatorsPlugin
2026-04-26 16:17:16 GMT [main] DEBUG n.r.client.plugins.PluginManager - Loaded plugin OpponentInfoPlugin
2026-04-26 16:17:16 GMT [main] DEBUG n.r.client.plugins.PluginManager - Loaded plugin CookingPlugin
2026-04-26 16:17:16 GMT [main] DEBUG n.r.client.plugins.PluginManager - Loaded plugin RoofRemovalPlugin
2026-04-26 16:17:16 GMT [main] DEBUG n.r.client.plugins.PluginManager - Loaded plugin FpsPlugin
2026-04-26 16:17:16 GMT [main] DEBUG n.r.client.plugins.PluginManager - Loaded plugin PrayerPlugin
2026-04-26 16:17:16 GMT [main] DEBUG n.r.client.plugins.PluginManager - Loaded plugin MiningPlugin
2026-04-26 16:17:16 GMT [main] DEBUG n.runelite.client.eventbus.EventBus - Registering class net.runelite.api.events.NpcChanged - EventBus.Subscriber(object=net.runelite.client.game.NpcUtil@557b6a37, method=void net.runelite.client.game.NpcUtil.onNpcChanged(net.runelite.api.events.NpcChanged), priority=0.0, lambda=net.runelite.client.game.NpcUtil$$Lambda/0x00000001006708c8@11b32a14)
2026-04-26 16:17:16 GMT [main] DEBUG n.runelite.client.eventbus.EventBus - Registering class net.runelite.api.events.AnimationChanged - EventBus.Subscriber(object=net.runelite.client.game.NpcUtil@557b6a37, method=public void net.runelite.client.game.NpcUtil.onAnimationChanged(net.runelite.api.events.AnimationChanged), priority=0.0, lambda=net.runelite.client.game.NpcUtil$$Lambda/0x0000000100670d08@5df63359)
2026-04-26 16:17:16 GMT [main] DEBUG n.runelite.client.eventbus.EventBus - Registering class net.runelite.api.events.ItemSpawned - EventBus.Subscriber(object=net.runelite.client.game.LootManager@5b39a3e6, method=public void net.runelite.client.game.LootManager.onItemSpawned(net.runelite.api.events.ItemSpawned), priority=0.0, lambda=net.runelite.client.game.LootManager$$Lambda/0x0000000100671b48@5820070c)
2026-04-26 16:17:16 GMT [main] DEBUG n.runelite.client.eventbus.EventBus - Registering class net.runelite.api.events.NpcDespawned - EventBus.Subscriber(object=net.runelite.client.game.LootManager@5b39a3e6, method=public void net.runelite.client.game.LootManager.onNpcDespawned(net.runelite.api.events.NpcDespawned), priority=0.0, lambda=net.runelite.client.game.LootManager$$Lambda/0x0000000100671d80@71370fec)
2026-04-26 16:17:16 GMT [main] DEBUG n.runelite.client.eventbus.EventBus - Registering class net.runelite.api.events.GameTick - EventBus.Subscriber(object=net.runelite.client.game.LootManager@5b39a3e6, method=public void net.runelite.client.game.LootManager.onGameTick(net.runelite.api.events.GameTick), priority=0.0, lambda=net.runelite.client.game.LootManager$$Lambda/0x0000000100671fb8@3fc7c734)
2026-04-26 16:17:16 GMT [main] DEBUG n.runelite.client.eventbus.EventBus - Registering class net.runelite.api.events.NpcChanged - EventBus.Subscriber(object=net.runelite.client.game.LootManager@5b39a3e6, method=public void net.runelite.client.game.LootManager.onNpcChanged(net.runelite.api.events.NpcChanged), priority=0.0, lambda=net.runelite.client.game.LootManager$$Lambda/0x00000001006721f0@460b50df)
2026-04-26 16:17:16 GMT [main] DEBUG n.runelite.client.eventbus.EventBus - Registering class net.runelite.api.events.ItemDespawned - EventBus.Subscriber(object=net.runelite.client.game.LootManager@5b39a3e6, method=public void net.runelite.client.game.LootManager.onItemDespawned(net.runelite.api.events.ItemDespawned), priority=0.0, lambda=net.runelite.client.game.LootManager$$Lambda/0x0000000100672428@1d0cac30)
2026-04-26 16:17:16 GMT [main] DEBUG n.runelite.client.eventbus.EventBus - Registering class net.runelite.api.events.ScriptPreFired - EventBus.Subscriber(object=net.runelite.client.game.LootManager@5b39a3e6, method=private void net.runelite.client.game.LootManager.onScriptPreFired(net.runelite.api.events.ScriptPreFired), priority=0.0, lambda=net.runelite.client.game.LootManager$$Lambda/0x00000001006728a0@5dfe23e8)
2026-04-26 16:17:16 GMT [main] DEBUG n.runelite.client.eventbus.EventBus - Registering class net.runelite.api.events.AnimationChanged - EventBus.Subscriber(object=net.runelite.client.game.LootManager@5b39a3e6, method=public void net.runelite.client.game.LootManager.onAnimationChanged(net.runelite.api.events.AnimationChanged), priority=0.0, lambda=net.runelite.client.game.LootManager$$Lambda/0x0000000100672df0@202ae86f)
2026-04-26 16:17:16 GMT [main] DEBUG n.runelite.client.eventbus.EventBus - Registering class net.runelite.api.events.PlayerDespawned - EventBus.Subscriber(object=net.runelite.client.game.LootManager@5b39a3e6, method=public void net.runelite.client.game.LootManager.onPlayerDespawned(net.runelite.api.events.PlayerDespawned), priority=0.0, lambda=net.runelite.client.game.LootManager$$Lambda/0x0000000100673650@35c4697c)
2026-04-26 16:17:16 GMT [main] DEBUG n.r.client.plugins.PluginManager - Loaded plugin LootTrackerPlugin
2026-04-26 16:17:16 GMT [main] DEBUG n.r.client.plugins.PluginManager - Loaded plugin FishingPlugin
2026-04-26 16:17:16 GMT [main] DEBUG n.r.client.plugins.PluginManager - Loaded plugin ItemPricesPlugin
2026-04-26 16:17:16 GMT [main] DEBUG n.r.client.plugins.PluginManager - Loaded plugin TitheFarmPlugin
2026-04-26 16:17:16 GMT [main] DEBUG n.r.client.plugins.PluginManager - Loaded plugin PyramidPlunderPlugin
2026-04-26 16:17:16 GMT [main] DEBUG n.r.client.plugins.PluginManager - Loaded plugin TimersAndBuffsPlugin
2026-04-26 16:17:16 GMT [main] DEBUG n.r.client.plugins.PluginManager - Loaded plugin DiscordPlugin
2026-04-26 16:17:16 GMT [main] DEBUG n.r.client.plugins.PluginManager - Loaded plugin ImplingsPlugin
2026-04-26 16:17:16 GMT [main] DEBUG n.r.client.plugins.PluginManager - Loaded plugin ChatChannelPlugin
2026-04-26 16:17:16 GMT [main] DEBUG n.r.client.plugins.PluginManager - Loaded plugin CorpPlugin
2026-04-26 16:17:16 GMT [main] DEBUG n.r.client.plugins.PluginManager - Loaded plugin MTAPlugin
2026-04-26 16:17:16 GMT [main] DEBUG n.r.client.plugins.PluginManager - Loaded plugin BarrowsPlugin
2026-04-26 16:17:16 GMT [main] DEBUG n.r.client.plugins.PluginManager - Loaded plugin NightmareZonePlugin
2026-04-26 16:17:16 GMT [main] DEBUG n.r.client.plugins.PluginManager - Loaded plugin NotesPlugin
2026-04-26 16:17:16 GMT [main] DEBUG n.r.client.plugins.PluginManager - Loaded plugin ChatCommandsPlugin
2026-04-26 16:17:16 GMT [main] DEBUG n.r.client.plugins.PluginManager - Loaded plugin ClueScrollPlugin
2026-04-26 16:17:16 GMT [main] DEBUG n.r.client.plugins.PluginManager - Loaded plugin ChatNotificationsPlugin
2026-04-26 16:17:16 GMT [main] DEBUG n.r.client.plugins.PluginManager - Loaded plugin FriendListPlugin
2026-04-26 16:17:16 GMT [main] DEBUG n.r.client.plugins.PluginManager - Loaded plugin GpuPlugin
2026-04-26 16:17:16 GMT [main] DEBUG n.r.client.plugins.PluginManager - Loaded plugin CrowdsourcingPlugin
2026-04-26 16:17:16 GMT [main] DEBUG n.r.client.plugins.PluginManager - Loaded plugin MenuEntrySwapperPlugin
2026-04-26 16:17:16 GMT [main] DEBUG n.r.client.plugins.PluginManager - Loaded plugin GroundItemsPlugin
2026-04-26 16:17:16 GMT [main] DEBUG n.r.client.plugins.PluginManager - Loaded plugin AmmoPlugin
2026-04-26 16:17:16 GMT [main] DEBUG n.r.client.plugins.PluginManager - Loaded plugin DefaultWorldPlugin
2026-04-26 16:17:16 GMT [main] DEBUG n.r.client.plugins.PluginManager - Loaded plugin BlastMinePlugin
2026-04-26 16:17:16 GMT [main] DEBUG n.r.client.plugins.PluginManager - Loaded plugin StretchedModePlugin
2026-04-26 16:17:16 GMT [main] DEBUG n.r.client.plugins.PluginManager - Loaded plugin EntityHiderPlugin
2026-04-26 16:17:16 GMT [main] DEBUG n.r.client.plugins.PluginManager - Loaded plugin GrandExchangePlugin
2026-04-26 16:17:16 GMT [main] DEBUG n.r.client.plugins.PluginManager - Loaded plugin NpcIndicatorsPlugin
2026-04-26 16:17:16 GMT [main] DEBUG n.r.client.plugins.PluginManager - Loaded plugin MinimapPlugin
2026-04-26 16:17:16 GMT [main] DEBUG n.r.client.plugins.PluginManager - Loaded plugin TearsOfGuthixPlugin
2026-04-26 16:17:16 GMT [main] DEBUG n.r.client.plugins.PluginManager - Loaded plugin AttackStylesPlugin
2026-04-26 16:17:16 GMT [main] DEBUG n.r.client.plugins.PluginManager - Loaded plugin RunEnergyPlugin
2026-04-26 16:17:16 GMT [main] DEBUG n.r.client.plugins.PluginManager - Loaded plugin ExaminePlugin
2026-04-26 16:17:16 GMT [main] DEBUG n.r.client.plugins.PluginManager - Loaded plugin XpUpdaterPlugin
2026-04-26 16:17:16 GMT [main] DEBUG n.r.client.plugins.PluginManager - Loaded plugin MetronomePlugin
2026-04-26 16:17:16 GMT [main] DEBUG n.r.client.plugins.PluginManager - Loaded plugin DpsCounterPlugin
2026-04-26 16:17:16 GMT [main] DEBUG n.r.client.plugins.PluginManager - Loaded plugin IdleNotifierPlugin
2026-04-26 16:17:17 GMT [main] DEBUG n.r.client.plugins.PluginManager - Loaded plugin WintertodtPlugin
2026-04-26 16:17:17 GMT [main] DEBUG n.r.client.plugins.PluginManager - Loaded plugin PartyPlugin
2026-04-26 16:17:17 GMT [main] DEBUG n.r.client.plugins.PluginManager - Loaded plugin CustomCursorPlugin
2026-04-26 16:17:17 GMT [main] DEBUG n.r.client.plugins.PluginManager - Loaded plugin InstanceMapPlugin
2026-04-26 16:17:17 GMT [main] DEBUG n.r.client.plugins.PluginManager - Loaded plugin WorldHopperPlugin
2026-04-26 16:17:17 GMT [main] DEBUG n.r.client.plugins.PluginManager - Loaded plugin QuestListPlugin
2026-04-26 16:17:17 GMT [main] DEBUG n.r.client.plugins.PluginManager - Loaded plugin SmeltingPlugin
2026-04-26 16:17:17 GMT [main] DEBUG n.r.client.plugins.PluginManager - Loaded plugin MouseHighlightPlugin
2026-04-26 16:17:17 GMT [main] DEBUG n.r.client.plugins.PluginManager - Loaded plugin TimestampPlugin
2026-04-26 16:17:17 GMT [main] DEBUG n.r.client.plugins.PluginManager - Loaded plugin LogoutTimerPlugin
2026-04-26 16:17:17 GMT [main] DEBUG n.r.client.plugins.PluginManager - Loaded plugin SkyboxPlugin
2026-04-26 16:17:17 GMT [main] DEBUG n.r.client.plugins.PluginManager - Loaded plugin CombatLevelPlugin
2026-04-26 16:17:17 GMT [main] DEBUG n.r.client.plugins.PluginManager - Loaded plugin BossTimersPlugin
2026-04-26 16:17:17 GMT [main] DEBUG n.r.client.plugins.PluginManager - Loaded plugin FairyRingPlugin
2026-04-26 16:17:17 GMT [Client] DEBUG injected-client - Game state changed: LOGIN_SCREEN (state: 10, 2 step: false)
2026-04-26 16:17:17 GMT [Client] DEBUG injected-client - Cache is ready
2026-04-26 16:17:17 GMT [Client] DEBUG n.r.client.RuntimeConfigRefresher - Skipping runtimeConfig refresh, next refresh at 2026-04-26T16:27:11.952584748Z
2026-04-26 16:17:17 GMT [main] DEBUG n.runelite.client.eventbus.EventBus - Registering class net.runelite.client.events.ClientShutdown - EventBus.Subscriber(object=net.runelite.client.ClientSessionManager@6b37df8e, method=private void net.runelite.client.ClientSessionManager.onClientShutdown(net.runelite.client.events.ClientShutdown), priority=0.0, lambda=net.runelite.client.ClientSessionManager$$Lambda/0x00000001006ac8a8@6b63abdc)
2026-04-26 16:17:17 GMT [main] DEBUG n.runelite.client.eventbus.EventBus - Registering class net.runelite.api.events.GameStateChanged - EventBus.Subscriber(object=net.runelite.client.ui.ClientUI@a1691c0, method=private void net.runelite.client.ui.ClientUI.onGameStateChanged(net.runelite.api.events.GameStateChanged), priority=0.0, lambda=net.runelite.client.ui.ClientUI$$Lambda/0x0000000100709190@7c5df615)
2026-04-26 16:17:17 GMT [main] DEBUG n.runelite.client.eventbus.EventBus - Registering class net.runelite.client.events.ConfigChanged - EventBus.Subscriber(object=net.runelite.client.ui.ClientUI@a1691c0, method=private void net.runelite.client.ui.ClientUI.onConfigChanged(net.runelite.client.events.ConfigChanged), priority=0.0, lambda=net.runelite.client.ui.ClientUI$$Lambda/0x00000001007093c8@377949f1)
2026-04-26 16:17:17 GMT [main] DEBUG n.runelite.client.eventbus.EventBus - Registering class net.runelite.client.events.ProfileChanged - EventBus.Subscriber(object=net.runelite.client.plugins.PluginManager@1a21f43f, method=public void net.runelite.client.plugins.PluginManager.onProfileChanged(net.runelite.client.events.ProfileChanged), priority=0.0, lambda=net.runelite.client.plugins.PluginManager$$Lambda/0x0000000100709600@7f0a133d)
2026-04-26 16:17:17 GMT [main] DEBUG n.runelite.client.eventbus.EventBus - Registering class net.runelite.client.events.ProfileChanged - EventBus.Subscriber(object=net.runelite.client.externalplugins.ExternalPluginManager@715fa8c5, method=public void net.runelite.client.externalplugins.ExternalPluginManager.onProfileChanged(net.runelite.client.events.ProfileChanged), priority=0.0, lambda=net.runelite.client.externalplugins.ExternalPluginManager$$Lambda/0x0000000100709838@644a3add)
2026-04-26 16:17:17 GMT [main] DEBUG n.runelite.client.eventbus.EventBus - Registering class net.runelite.client.events.ConfigChanged - EventBus.Subscriber(object=net.runelite.client.ui.overlay.OverlayManager@4665428b, method=public void net.runelite.client.ui.overlay.OverlayManager.onConfigChanged(net.runelite.client.events.ConfigChanged), priority=0.0, lambda=net.runelite.client.ui.overlay.OverlayManager$$Lambda/0x0000000100709a70@4a70d302)
2026-04-26 16:17:17 GMT [main] DEBUG n.runelite.client.eventbus.EventBus - Registering class net.runelite.client.events.ProfileChanged - EventBus.Subscriber(object=net.runelite.client.ui.overlay.OverlayManager@4665428b, method=public void net.runelite.client.ui.overlay.OverlayManager.onProfileChanged(net.runelite.client.events.ProfileChanged), priority=0.0, lambda=net.runelite.client.ui.overlay.OverlayManager$$Lambda/0x0000000100709ca8@622d7e4)
2026-04-26 16:17:17 GMT [main] DEBUG n.runelite.client.eventbus.EventBus - Registering class net.runelite.api.events.WorldChanged - EventBus.Subscriber(object=net.runelite.client.config.ConfigManager@261b9a37, method=private void net.runelite.client.config.ConfigManager.onWorldChanged(net.runelite.api.events.WorldChanged), priority=0.0, lambda=net.runelite.client.config.ConfigManager$$Lambda/0x000000010070a560@15d3793b)
2026-04-26 16:17:17 GMT [main] DEBUG n.runelite.client.eventbus.EventBus - Registering class net.runelite.client.events.SessionOpen - EventBus.Subscriber(object=net.runelite.client.config.ConfigManager@261b9a37, method=public void net.runelite.client.config.ConfigManager.onSessionOpen(net.runelite.client.events.SessionOpen), priority=0.0, lambda=net.runelite.client.config.ConfigManager$$Lambda/0x000000010070a798@1213ffbc)
2026-04-26 16:17:17 GMT [main] DEBUG n.runelite.client.eventbus.EventBus - Registering class net.runelite.client.events.SessionClose - EventBus.Subscriber(object=net.runelite.client.config.ConfigManager@261b9a37, method=public void net.runelite.client.config.ConfigManager.onSessionClose(net.runelite.client.events.SessionClose), priority=0.0, lambda=net.runelite.client.config.ConfigManager$$Lambda/0x000000010070a9d0@6637a365)
2026-04-26 16:17:17 GMT [main] DEBUG n.runelite.client.eventbus.EventBus - Registering class net.runelite.api.events.PlayerChanged - EventBus.Subscriber(object=net.runelite.client.config.ConfigManager@261b9a37, method=private void net.runelite.client.config.ConfigManager.onPlayerChanged(net.runelite.api.events.PlayerChanged), priority=0.0, lambda=net.runelite.client.config.ConfigManager$$Lambda/0x000000010070ac08@1ef31f71)
2026-04-26 16:17:17 GMT [main] DEBUG n.runelite.client.eventbus.EventBus - Registering class net.runelite.api.events.AccountHashChanged - EventBus.Subscriber(object=net.runelite.client.config.ConfigManager@261b9a37, method=private void net.runelite.client.config.ConfigManager.onAccountHashChanged(net.runelite.api.events.AccountHashChanged), priority=0.0, lambda=net.runelite.client.config.ConfigManager$$Lambda/0x000000010070ae40@2199e845)
2026-04-26 16:17:17 GMT [main] DEBUG n.runelite.client.eventbus.EventBus - Registering class net.runelite.client.events.ClientShutdown - EventBus.Subscriber(object=net.runelite.client.config.ConfigManager@261b9a37, method=private void net.runelite.client.config.ConfigManager.onClientShutdown(net.runelite.client.events.ClientShutdown), priority=-100.0, lambda=net.runelite.client.config.ConfigManager$$Lambda/0x000000010070b078@37e0056e)
2026-04-26 16:17:17 GMT [main] DEBUG n.runelite.client.eventbus.EventBus - Registering class net.runelite.client.events.RuneScapeProfileChanged - EventBus.Subscriber(object=net.runelite.client.config.ConfigManager@261b9a37, method=private void net.runelite.client.config.ConfigManager.onRuneScapeProfileChanged(net.runelite.client.events.RuneScapeProfileChanged), priority=0.0, lambda=net.runelite.client.config.ConfigManager$$Lambda/0x000000010070b2b0@2fe2965c)
2026-04-26 16:17:17 GMT [AWT-EventQueue-0] DEBUG n.r.client.plugins.PluginManager - Plugin AccountPlugin is now running
2026-04-26 16:17:17 GMT [AWT-EventQueue-0] DEBUG n.runelite.client.eventbus.EventBus - Registering class net.runelite.client.events.SessionOpen - EventBus.Subscriber(object=net.runelite.client.plugins.account.AccountPlugin@6a9b9909, method=public void net.runelite.client.plugins.account.AccountPlugin.onSessionOpen(net.runelite.client.events.SessionOpen), priority=0.0, lambda=net.runelite.client.plugins.account.AccountPlugin$$Lambda/0x0000000100714210@1afc5cb1)
2026-04-26 16:17:17 GMT [AWT-EventQueue-0] DEBUG n.runelite.client.eventbus.EventBus - Registering class net.runelite.client.events.SessionClose - EventBus.Subscriber(object=net.runelite.client.plugins.account.AccountPlugin@6a9b9909, method=public void net.runelite.client.plugins.account.AccountPlugin.onSessionClose(net.runelite.client.events.SessionClose), priority=0.0, lambda=net.runelite.client.plugins.account.AccountPlugin$$Lambda/0x0000000100714850@4dfeeb2e)
2026-04-26 16:17:17 GMT [AWT-EventQueue-0] DEBUG n.r.c.p.worldmap.WorldMapPlugin - Reset quest start positions
2026-04-26 16:17:17 GMT [AWT-EventQueue-0] DEBUG n.r.client.plugins.PluginManager - Plugin WorldMapPlugin is now running
2026-04-26 16:17:17 GMT [AWT-EventQueue-0] DEBUG n.runelite.client.eventbus.EventBus - Registering class net.runelite.api.events.ClientTick - EventBus.Subscriber(object=net.runelite.client.plugins.worldmap.WorldMapPlugin@692e028d, method=public void net.runelite.client.plugins.worldmap.WorldMapPlugin.onClientTick(net.runelite.api.events.ClientTick), priority=0.0, lambda=net.runelite.client.plugins.worldmap.WorldMapPlugin$$Lambda/0x0000000100722678@7bde65bd)
2026-04-26 16:17:17 GMT [AWT-EventQueue-0] DEBUG n.runelite.client.eventbus.EventBus - Registering class net.runelite.api.events.StatChanged - EventBus.Subscriber(object=net.runelite.client.plugins.worldmap.WorldMapPlugin@692e028d, method=public void net.runelite.client.plugins.worldmap.WorldMapPlugin.onStatChanged(net.runelite.api.events.StatChanged), priority=0.0, lambda=net.runelite.client.plugins.worldmap.WorldMapPlugin$$Lambda/0x00000001007228b0@43f84b0f)
2026-04-26 16:17:17 GMT [AWT-EventQueue-0] DEBUG n.runelite.client.eventbus.EventBus - Registering class net.runelite.client.events.ConfigChanged - EventBus.Subscriber(object=net.runelite.client.plugins.worldmap.WorldMapPlugin@692e028d, method=public void net.runelite.client.plugins.worldmap.WorldMapPlugin.onConfigChanged(net.runelite.client.events.ConfigChanged), priority=0.0, lambda=net.runelite.client.plugins.worldmap.WorldMapPlugin$$Lambda/0x0000000100722ae8@3860399)
2026-04-26 16:17:17 GMT [AWT-EventQueue-0] DEBUG n.runelite.client.eventbus.EventBus - Registering class net.runelite.api.events.ScriptPostFired - EventBus.Subscriber(object=net.runelite.client.plugins.worldmap.WorldMapPlugin@692e028d, method=public void net.runelite.client.plugins.worldmap.WorldMapPlugin.onScriptPostFired(net.runelite.api.events.ScriptPostFired), priority=0.0, lambda=net.runelite.client.plugins.worldmap.WorldMapPlugin$$Lambda/0x0000000100722d20@7cbdd48f)
2026-04-26 16:17:18 GMT [AWT-EventQueue-0] DEBUG n.runelite.client.eventbus.EventBus - Registering class net.runelite.client.events.SessionOpen - EventBus.Subscriber(object=net.runelite.client.plugins.info.InfoPanel[,0,0,0x0,invalid,layout=java.awt.BorderLayout,alignmentX=0.0,alignmentY=0.0,border=javax.swing.border.EmptyBorder@39d48311,flags=9,maximumSize=,minimumSize=,preferredSize=], method=public void net.runelite.client.plugins.info.InfoPanel.onSessionOpen(net.runelite.client.events.SessionOpen), priority=0.0, lambda=net.runelite.client.plugins.info.InfoPanel$$Lambda/0x00000001007304e8@165ad7a4)
2026-04-26 16:17:18 GMT [AWT-EventQueue-0] DEBUG n.runelite.client.eventbus.EventBus - Registering class net.runelite.client.events.SessionClose - EventBus.Subscriber(object=net.runelite.client.plugins.info.InfoPanel[,0,0,0x0,invalid,layout=java.awt.BorderLayout,alignmentX=0.0,alignmentY=0.0,border=javax.swing.border.EmptyBorder@39d48311,flags=9,maximumSize=,minimumSize=,preferredSize=], method=public void net.runelite.client.plugins.info.InfoPanel.onSessionClose(net.runelite.client.events.SessionClose), priority=0.0, lambda=net.runelite.client.plugins.info.InfoPanel$$Lambda/0x0000000100730720@7da374f4)
2026-04-26 16:17:18 GMT [AWT-EventQueue-0] DEBUG n.r.client.plugins.PluginManager - Plugin InfoPlugin is now running
2026-04-26 16:17:18 GMT [AWT-EventQueue-0] DEBUG n.r.client.plugins.PluginManager - Plugin MusicPlugin is now running
2026-04-26 16:17:18 GMT [AWT-EventQueue-0] DEBUG n.runelite.client.eventbus.EventBus - Registering class net.runelite.api.events.WidgetLoaded - EventBus.Subscriber(object=net.runelite.client.plugins.music.MusicPlugin@2b289ac9, method=public void net.runelite.client.plugins.music.MusicPlugin.onWidgetLoaded(net.runelite.api.events.WidgetLoaded), priority=0.0, lambda=net.runelite.client.plugins.music.MusicPlugin$$Lambda/0x0000000100730da8@66b74d70)
2026-04-26 16:17:18 GMT [AWT-EventQueue-0] DEBUG n.runelite.client.eventbus.EventBus - Registering class net.runelite.api.events.GameStateChanged - EventBus.Subscriber(object=net.runelite.client.plugins.music.MusicPlugin@2b289ac9, method=public void net.runelite.client.plugins.music.MusicPlugin.onGameStateChanged(net.runelite.api.events.GameStateChanged), priority=0.0, lambda=net.runelite.client.plugins.music.MusicPlugin$$Lambda/0x0000000100730fe0@213349ed)
2026-04-26 16:17:18 GMT [AWT-EventQueue-0] DEBUG n.runelite.client.eventbus.EventBus - Registering class net.runelite.client.events.ConfigChanged - EventBus.Subscriber(object=net.runelite.client.plugins.music.MusicPlugin@2b289ac9, method=public void net.runelite.client.plugins.music.MusicPlugin.onConfigChanged(net.runelite.client.events.ConfigChanged), priority=0.0, lambda=net.runelite.client.plugins.music.MusicPlugin$$Lambda/0x0000000100731218@424db7aa)
2026-04-26 16:17:18 GMT [AWT-EventQueue-0] DEBUG n.runelite.client.eventbus.EventBus - Registering class net.runelite.api.events.ScriptCallbackEvent - EventBus.Subscriber(object=net.runelite.client.plugins.music.MusicPlugin@2b289ac9, method=private void net.runelite.client.plugins.music.MusicPlugin.onScriptCallbackEvent(net.runelite.api.events.ScriptCallbackEvent), priority=0.0, lambda=net.runelite.client.plugins.music.MusicPlugin$$Lambda/0x0000000100731450@48a988d4)
2026-04-26 16:17:18 GMT [AWT-EventQueue-0] DEBUG n.runelite.client.eventbus.EventBus - Registering class net.runelite.api.events.VarbitChanged - EventBus.Subscriber(object=net.runelite.client.plugins.music.MusicPlugin@2b289ac9, method=private void net.runelite.client.plugins.music.MusicPlugin.onVarbitChanged(net.runelite.api.events.VarbitChanged), priority=0.0, lambda=net.runelite.client.plugins.music.MusicPlugin$$Lambda/0x0000000100731688@14e6a770)
2026-04-26 16:17:18 GMT [AWT-EventQueue-0] DEBUG n.runelite.client.eventbus.EventBus - Registering class net.runelite.api.events.SoundEffectPlayed - EventBus.Subscriber(object=net.runelite.client.plugins.music.MusicPlugin@2b289ac9, method=public void net.runelite.client.plugins.music.MusicPlugin.onSoundEffectPlayed(net.runelite.api.events.SoundEffectPlayed), priority=0.0, lambda=net.runelite.client.plugins.music.MusicPlugin$$Lambda/0x00000001007318c0@153da63c)
2026-04-26 16:17:18 GMT [AWT-EventQueue-0] DEBUG n.runelite.client.eventbus.EventBus - Registering class net.runelite.api.events.VarClientIntChanged - EventBus.Subscriber(object=net.runelite.client.plugins.music.MusicPlugin@2b289ac9, method=public void net.runelite.client.plugins.music.MusicPlugin.onVarClientIntChanged(net.runelite.api.events.VarClientIntChanged), priority=0.0, lambda=net.runelite.client.plugins.music.MusicPlugin$$Lambda/0x0000000100731af8@42342608)
2026-04-26 16:17:18 GMT [AWT-EventQueue-0] DEBUG n.runelite.client.eventbus.EventBus - Registering class net.runelite.api.events.AreaSoundEffectPlayed - EventBus.Subscriber(object=net.runelite.client.plugins.music.MusicPlugin@2b289ac9, method=public void net.runelite.client.plugins.music.MusicPlugin.onAreaSoundEffectPlayed(net.runelite.api.events.AreaSoundEffectPlayed), priority=0.0, lambda=net.runelite.client.plugins.music.MusicPlugin$$Lambda/0x0000000100731d30@18ab02f6)
2026-04-26 16:17:18 GMT [AWT-EventQueue-0] DEBUG n.runelite.client.eventbus.EventBus - Registering class net.runelite.api.events.AmbientSoundEffectCreated - EventBus.Subscriber(object=net.runelite.client.plugins.music.MusicPlugin@2b289ac9, method=public void net.runelite.client.plugins.music.MusicPlugin.onAmbientSoundEffectCreated(net.runelite.api.events.AmbientSoundEffectCreated), priority=0.0, lambda=net.runelite.client.plugins.music.MusicPlugin$$Lambda/0x0000000100731f68@5ea04de3)
2026-04-26 16:17:18 GMT [AWT-EventQueue-0] DEBUG n.runelite.client.eventbus.EventBus - Registering class net.runelite.api.events.WidgetClosed - EventBus.Subscriber(object=net.runelite.client.plugins.banktags.tabs.TabInterface@4babbf5d, method=public void net.runelite.client.plugins.banktags.tabs.TabInterface.onWidgetClosed(net.runelite.api.events.WidgetClosed), priority=0.0, lambda=net.runelite.client.plugins.banktags.tabs.TabInterface$$Lambda/0x0000000100732c88@2d9866a3)
2026-04-26 16:17:18 GMT [AWT-EventQueue-0] DEBUG n.runelite.client.eventbus.EventBus - Registering class net.runelite.api.events.WidgetDrag - EventBus.Subscriber(object=net.runelite.client.plugins.banktags.tabs.TabInterface@4babbf5d, method=public void net.runelite.client.plugins.banktags.tabs.TabInterface.onWidgetDrag(net.runelite.api.events.WidgetDrag), priority=0.0, lambda=net.runelite.client.plugins.banktags.tabs.TabInterface$$Lambda/0x0000000100732ec0@62aaf31e)
2026-04-26 16:17:18 GMT [AWT-EventQueue-0] DEBUG n.runelite.client.eventbus.EventBus - Registering class net.runelite.api.events.MenuEntryAdded - EventBus.Subscriber(object=net.runelite.client.plugins.banktags.tabs.TabInterface@4babbf5d, method=private void net.runelite.client.plugins.banktags.tabs.TabInterface.onMenuEntryAdded(net.runelite.api.events.MenuEntryAdded), priority=0.0, lambda=net.runelite.client.plugins.banktags.tabs.TabInterface$$Lambda/0x00000001007330f8@1aae2401)
2026-04-26 16:17:18 GMT [AWT-EventQueue-0] DEBUG n.runelite.client.eventbus.EventBus - Registering class net.runelite.api.events.MenuOptionClicked - EventBus.Subscriber(object=net.runelite.client.plugins.banktags.tabs.TabInterface@4babbf5d, method=public void net.runelite.client.plugins.banktags.tabs.TabInterface.onMenuOptionClicked(net.runelite.api.events.MenuOptionClicked), priority=-1.0, lambda=net.runelite.client.plugins.banktags.tabs.TabInterface$$Lambda/0x0000000100733330@5ef1f9d)
2026-04-26 16:17:18 GMT [AWT-EventQueue-0] DEBUG n.runelite.client.eventbus.EventBus - Registering class net.runelite.api.events.ScriptPostFired - EventBus.Subscriber(object=net.runelite.client.plugins.banktags.tabs.TabInterface@4babbf5d, method=private void net.runelite.client.plugins.banktags.tabs.TabInterface.onScriptPostFired(net.runelite.api.events.ScriptPostFired), priority=0.0, lambda=net.runelite.client.plugins.banktags.tabs.TabInterface$$Lambda/0x0000000100733568@7536e877)
2026-04-26 16:17:18 GMT [AWT-EventQueue-0] DEBUG n.runelite.client.eventbus.EventBus - Registering class net.runelite.api.events.ScriptPreFired - EventBus.Subscriber(object=net.runelite.client.plugins.banktags.tabs.TabInterface@4babbf5d, method=public void net.runelite.client.plugins.banktags.tabs.TabInterface.onScriptPreFired(net.runelite.api.events.ScriptPreFired), priority=0.0, lambda=net.runelite.client.plugins.banktags.tabs.TabInterface$$Lambda/0x00000001007337a0@79856efb)
2026-04-26 16:17:18 GMT [AWT-EventQueue-0] DEBUG n.runelite.client.eventbus.EventBus - Registering class net.runelite.api.events.ScriptPreFired - EventBus.Subscriber(object=net.runelite.client.plugins.banktags.tabs.LayoutManager@3f298d96, method=public void net.runelite.client.plugins.banktags.tabs.LayoutManager.onScriptPreFired(net.runelite.api.events.ScriptPreFired), priority=0.0, lambda=net.runelite.client.plugins.banktags.tabs.LayoutManager$$Lambda/0x00000001007339d8@674acb05)
2026-04-26 16:17:18 GMT [AWT-EventQueue-0] DEBUG n.runelite.client.eventbus.EventBus - Registering class net.runelite.api.events.ClientTick - EventBus.Subscriber(object=net.runelite.client.plugins.banktags.tabs.PotionStorage@3d4484b9, method=public void net.runelite.client.plugins.banktags.tabs.PotionStorage.onClientTick(net.runelite.api.events.ClientTick), priority=0.0, lambda=net.runelite.client.plugins.banktags.tabs.PotionStorage$$Lambda/0x0000000100733c10@4ef2ebba)
2026-04-26 16:17:18 GMT [AWT-EventQueue-0] DEBUG n.runelite.client.eventbus.EventBus - Registering class net.runelite.api.events.WidgetClosed - EventBus.Subscriber(object=net.runelite.client.plugins.banktags.tabs.PotionStorage@3d4484b9, method=public void net.runelite.client.plugins.banktags.tabs.PotionStorage.onWidgetClosed(net.runelite.api.events.WidgetClosed), priority=0.0, lambda=net.runelite.client.plugins.banktags.tabs.PotionStorage$$Lambda/0x000000010073e000@1ec76052)
2026-04-26 16:17:18 GMT [AWT-EventQueue-0] DEBUG n.runelite.client.eventbus.EventBus - Registering class net.runelite.api.events.VarbitChanged - EventBus.Subscriber(object=net.runelite.client.plugins.banktags.tabs.PotionStorage@3d4484b9, method=public void net.runelite.client.plugins.banktags.tabs.PotionStorage.onVarbitChanged(net.runelite.api.events.VarbitChanged), priority=0.0, lambda=net.runelite.client.plugins.banktags.tabs.PotionStorage$$Lambda/0x000000010073e238@5e49ca19)
2026-04-26 16:17:18 GMT [AWT-EventQueue-0] DEBUG n.r.client.plugins.PluginManager - Plugin BankTagsPlugin is now running
2026-04-26 16:17:18 GMT [AWT-EventQueue-0] DEBUG n.runelite.client.eventbus.EventBus - Registering class net.runelite.client.events.ConfigChanged - EventBus.Subscriber(object=net.runelite.client.plugins.banktags.BankTagsPlugin@3062f9f4, method=public void net.runelite.client.plugins.banktags.BankTagsPlugin.onConfigChanged(net.runelite.client.events.ConfigChanged), priority=0.0, lambda=net.runelite.client.plugins.banktags.BankTagsPlugin$$Lambda/0x000000010073e698@71a25486)
2026-04-26 16:17:18 GMT [AWT-EventQueue-0] DEBUG n.runelite.client.eventbus.EventBus - Registering class net.runelite.api.events.ScriptCallbackEvent - EventBus.Subscriber(object=net.runelite.client.plugins.banktags.BankTagsPlugin@3062f9f4, method=public void net.runelite.client.plugins.banktags.BankTagsPlugin.onScriptCallbackEvent(net.runelite.api.events.ScriptCallbackEvent), priority=0.0, lambda=net.runelite.client.plugins.banktags.BankTagsPlugin$$Lambda/0x000000010073e8d0@5013c34a)
2026-04-26 16:17:18 GMT [AWT-EventQueue-0] DEBUG n.runelite.client.eventbus.EventBus - Registering class net.runelite.api.events.MenuEntryAdded - EventBus.Subscriber(object=net.runelite.client.plugins.banktags.BankTagsPlugin@3062f9f4, method=public void net.runelite.client.plugins.banktags.BankTagsPlugin.onMenuEntryAdded(net.runelite.api.events.MenuEntryAdded), priority=0.0, lambda=net.runelite.client.plugins.banktags.BankTagsPlugin$$Lambda/0x000000010073eb08@260e898d)
2026-04-26 16:17:18 GMT [AWT-EventQueue-0] DEBUG n.runelite.client.eventbus.EventBus - Registering class net.runelite.api.events.GrandExchangeSearched - EventBus.Subscriber(object=net.runelite.client.plugins.banktags.BankTagsPlugin@3062f9f4, method=public void net.runelite.client.plugins.banktags.BankTagsPlugin.onGrandExchangeSearched(net.runelite.api.events.GrandExchangeSearched), priority=0.0, lambda=net.runelite.client.plugins.banktags.BankTagsPlugin$$Lambda/0x000000010073ed40@5354ab97)
2026-04-26 16:17:18 GMT [AWT-EventQueue-0] DEBUG n.r.client.plugins.PluginManager - Plugin HerbiboarPlugin is now running
2026-04-26 16:17:18 GMT [AWT-EventQueue-0] DEBUG n.runelite.client.eventbus.EventBus - Registering class net.runelite.api.events.GameStateChanged - EventBus.Subscriber(object=net.runelite.client.plugins.herbiboars.HerbiboarPlugin@4a67b4ec, method=public void net.runelite.client.plugins.herbiboars.HerbiboarPlugin.onGameStateChanged(net.runelite.api.events.GameStateChanged), priority=0.0, lambda=net.runelite.client.plugins.herbiboars.HerbiboarPlugin$$Lambda/0x000000010073ef78@71ec3b1b)
2026-04-26 16:17:18 GMT [AWT-EventQueue-0] DEBUG n.runelite.client.eventbus.EventBus - Registering class net.runelite.api.events.MenuOptionClicked - EventBus.Subscriber(object=net.runelite.client.plugins.herbiboars.HerbiboarPlugin@4a67b4ec, method=public void net.runelite.client.plugins.herbiboars.HerbiboarPlugin.onMenuOptionClicked(net.runelite.api.events.MenuOptionClicked), priority=0.0, lambda=net.runelite.client.plugins.herbiboars.HerbiboarPlugin$$Lambda/0x000000010073f1b0@f63e4af)
2026-04-26 16:17:18 GMT [AWT-EventQueue-0] DEBUG n.runelite.client.eventbus.EventBus - Registering class net.runelite.api.events.GameObjectSpawned - EventBus.Subscriber(object=net.runelite.client.plugins.herbiboars.HerbiboarPlugin@4a67b4ec, method=public void net.runelite.client.plugins.herbiboars.HerbiboarPlugin.onGameObjectSpawned(net.runelite.api.events.GameObjectSpawned), priority=0.0, lambda=net.runelite.client.plugins.herbiboars.HerbiboarPlugin$$Lambda/0x000000010073f3e8@2969e04e)
2026-04-26 16:17:18 GMT [AWT-EventQueue-0] DEBUG n.runelite.client.eventbus.EventBus - Registering class net.runelite.api.events.GameObjectDespawned - EventBus.Subscriber(object=net.runelite.client.plugins.herbiboars.HerbiboarPlugin@4a67b4ec, method=public void net.runelite.client.plugins.herbiboars.HerbiboarPlugin.onGameObjectDespawned(net.runelite.api.events.GameObjectDespawned), priority=0.0, lambda=net.runelite.client.plugins.herbiboars.HerbiboarPlugin$$Lambda/0x000000010073f620@3b19542f)
2026-04-26 16:17:18 GMT [AWT-EventQueue-0] DEBUG n.runelite.client.eventbus.EventBus - Registering class net.runelite.api.events.GroundObjectSpawned - EventBus.Subscriber(object=net.runelite.client.plugins.herbiboars.HerbiboarPlugin@4a67b4ec, method=public void net.runelite.client.plugins.herbiboars.HerbiboarPlugin.onGroundObjectSpawned(net.runelite.api.events.GroundObjectSpawned), priority=0.0, lambda=net.runelite.client.plugins.herbiboars.HerbiboarPlugin$$Lambda/0x000000010073f858@d0d24a5)
2026-04-26 16:17:18 GMT [AWT-EventQueue-0] DEBUG n.runelite.client.eventbus.EventBus - Registering class net.runelite.api.events.VarbitChanged - EventBus.Subscriber(object=net.runelite.client.plugins.herbiboars.HerbiboarPlugin@4a67b4ec, method=public void net.runelite.client.plugins.herbiboars.HerbiboarPlugin.onVarbitChanged(net.runelite.api.events.VarbitChanged), priority=0.0, lambda=net.runelite.client.plugins.herbiboars.HerbiboarPlugin$$Lambda/0x000000010073fa90@2b078d18)
2026-04-26 16:17:18 GMT [AWT-EventQueue-0] DEBUG n.runelite.client.eventbus.EventBus - Registering class net.runelite.api.events.GroundObjectDespawned - EventBus.Subscriber(object=net.runelite.client.plugins.herbiboars.HerbiboarPlugin@4a67b4ec, method=public void net.runelite.client.plugins.herbiboars.HerbiboarPlugin.onGroundObjectDespawned(net.runelite.api.events.GroundObjectDespawned), priority=0.0, lambda=net.runelite.client.plugins.herbiboars.HerbiboarPlugin$$Lambda/0x000000010073fcc8@2236be8f)
2026-04-26 16:17:18 GMT [AWT-EventQueue-0] DEBUG n.r.client.plugins.PluginManager - Plugin PlayerIndicatorsPlugin is now running
2026-04-26 16:17:18 GMT [AWT-EventQueue-0] DEBUG n.runelite.client.eventbus.EventBus - Registering class net.runelite.api.events.ClientTick - EventBus.Subscriber(object=net.runelite.client.plugins.playerindicators.PlayerIndicatorsPlugin@1e469dfd, method=public void net.runelite.client.plugins.playerindicators.PlayerIndicatorsPlugin.onClientTick(net.runelite.api.events.ClientTick), priority=0.0, lambda=net.runelite.client.plugins.playerindicators.PlayerIndicatorsPlugin$$Lambda/0x000000010073d000@3cce5bf)
2026-04-26 16:17:18 GMT [AWT-EventQueue-0] DEBUG n.runelite.client.eventbus.EventBus - Registering class net.runelite.client.events.ProfileChanged - EventBus.Subscriber(object=net.runelite.client.plugins.playerindicators.PlayerIndicatorsPlugin@1e469dfd, method=public void net.runelite.client.plugins.playerindicators.PlayerIndicatorsPlugin.onProfileChanged(net.runelite.client.events.ProfileChanged), priority=0.0, lambda=net.runelite.client.plugins.playerindicators.PlayerIndicatorsPlugin$$Lambda/0x000000010073d238@129939a3)
2026-04-26 16:17:18 GMT [AWT-EventQueue-0] DEBUG n.runelite.client.eventbus.EventBus - Registering class net.runelite.api.events.ScriptPostFired - EventBus.Subscriber(object=net.runelite.client.plugins.playerindicators.PlayerIndicatorsPlugin@1e469dfd, method=public void net.runelite.client.plugins.playerindicators.PlayerIndicatorsPlugin.onScriptPostFired(net.runelite.api.events.ScriptPostFired), priority=0.0, lambda=net.runelite.client.plugins.playerindicators.PlayerIndicatorsPlugin$$Lambda/0x000000010073d470@1f12a99c)
2026-04-26 16:17:18 GMT [AWT-EventQueue-0] DEBUG net.runelite.client.input.KeyManager - Registering key listener: net.runelite.client.plugins.screenshot.ScreenshotPlugin$1@74dda865
2026-04-26 16:17:18 GMT [AWT-EventQueue-0] DEBUG n.r.client.plugins.PluginManager - Plugin ScreenshotPlugin is now running
2026-04-26 16:17:18 GMT [AWT-EventQueue-0] DEBUG n.runelite.client.eventbus.EventBus - Registering class net.runelite.api.events.WidgetLoaded - EventBus.Subscriber(object=net.runelite.client.plugins.screenshot.ScreenshotPlugin@117525fe, method=public void net.runelite.client.plugins.screenshot.ScreenshotPlugin.onWidgetLoaded(net.runelite.api.events.WidgetLoaded), priority=0.0, lambda=net.runelite.client.plugins.screenshot.ScreenshotPlugin$$Lambda/0x000000010073daf0@2ab254)
2026-04-26 16:17:18 GMT [AWT-EventQueue-0] DEBUG n.runelite.client.eventbus.EventBus - Registering class net.runelite.api.events.GameTick - EventBus.Subscriber(object=net.runelite.client.plugins.screenshot.ScreenshotPlugin@117525fe, method=public void net.runelite.client.plugins.screenshot.ScreenshotPlugin.onGameTick(net.runelite.api.events.GameTick), priority=0.0, lambda=net.runelite.client.plugins.screenshot.ScreenshotPlugin$$Lambda/0x000000010073dd28@b90b217)
2026-04-26 16:17:18 GMT [AWT-EventQueue-0] DEBUG n.runelite.client.eventbus.EventBus - Registering class net.runelite.api.events.ChatMessage - EventBus.Subscriber(object=net.runelite.client.plugins.screenshot.ScreenshotPlugin@117525fe, method=public void net.runelite.client.plugins.screenshot.ScreenshotPlugin.onChatMessage(net.runelite.api.events.ChatMessage), priority=0.0, lambda=net.runelite.client.plugins.screenshot.ScreenshotPlugin$$Lambda/0x000000010073c800@49adc758)
2026-04-26 16:17:18 GMT [AWT-EventQueue-0] DEBUG n.runelite.client.eventbus.EventBus - Registering class net.runelite.api.events.ActorDeath - EventBus.Subscriber(object=net.runelite.client.plugins.screenshot.ScreenshotPlugin@117525fe, method=public void net.runelite.client.plugins.screenshot.ScreenshotPlugin.onActorDeath(net.runelite.api.events.ActorDeath), priority=0.0, lambda=net.runelite.client.plugins.screenshot.ScreenshotPlugin$$Lambda/0x000000010073ca38@4a0ed0bd)
2026-04-26 16:17:18 GMT [AWT-EventQueue-0] DEBUG n.runelite.client.eventbus.EventBus - Registering class net.runelite.api.events.ScriptCallbackEvent - EventBus.Subscriber(object=net.runelite.client.plugins.screenshot.ScreenshotPlugin@117525fe, method=public void net.runelite.client.plugins.screenshot.ScreenshotPlugin.onScriptCallbackEvent(net.runelite.api.events.ScriptCallbackEvent), priority=0.0, lambda=net.runelite.client.plugins.screenshot.ScreenshotPlugin$$Lambda/0x000000010073cc70@7295a9cf)
2026-04-26 16:17:18 GMT [AWT-EventQueue-0] DEBUG n.runelite.client.eventbus.EventBus - Registering class net.runelite.api.events.ScriptPostFired - EventBus.Subscriber(object=net.runelite.client.plugins.screenshot.ScreenshotPlugin@117525fe, method=public void net.runelite.client.plugins.screenshot.ScreenshotPlugin.onScriptPostFired(net.runelite.api.events.ScriptPostFired), priority=0.0, lambda=net.runelite.client.plugins.screenshot.ScreenshotPlugin$$Lambda/0x0000000100780000@c71d172)
2026-04-26 16:17:18 GMT [AWT-EventQueue-0] DEBUG n.runelite.client.eventbus.EventBus - Registering class net.runelite.api.events.ScriptPreFired - EventBus.Subscriber(object=net.runelite.client.plugins.screenshot.ScreenshotPlugin@117525fe, method=public void net.runelite.client.plugins.screenshot.ScreenshotPlugin.onScriptPreFired(net.runelite.api.events.ScriptPreFired), priority=0.0, lambda=net.runelite.client.plugins.screenshot.ScreenshotPlugin$$Lambda/0x0000000100780238@2fb5fbd3)
2026-04-26 16:17:18 GMT [AWT-EventQueue-0] DEBUG n.runelite.client.eventbus.EventBus - Registering class net.runelite.api.events.PostClientTick - EventBus.Subscriber(object=net.runelite.client.plugins.screenshot.ScreenshotPlugin@117525fe, method=private void net.runelite.client.plugins.screenshot.ScreenshotPlugin.onPostClientTick(net.runelite.api.events.PostClientTick), priority=0.0, lambda=net.runelite.client.plugins.screenshot.ScreenshotPlugin$$Lambda/0x0000000100780470@2e2fbd6f)
2026-04-26 16:17:18 GMT [AWT-EventQueue-0] DEBUG n.runelite.client.eventbus.EventBus - Registering class net.runelite.api.events.AnimationChanged - EventBus.Subscriber(object=net.runelite.client.plugins.screenshot.ScreenshotPlugin@117525fe, method=public void net.runelite.client.plugins.screenshot.ScreenshotPlugin.onAnimationChanged(net.runelite.api.events.AnimationChanged), priority=0.0, lambda=net.runelite.client.plugins.screenshot.ScreenshotPlugin$$Lambda/0x00000001007806a8@51f4c255)
2026-04-26 16:17:18 GMT [AWT-EventQueue-0] DEBUG n.runelite.client.eventbus.EventBus - Registering class net.runelite.client.events.PlayerLootReceived - EventBus.Subscriber(object=net.runelite.client.plugins.screenshot.ScreenshotPlugin@117525fe, method=public void net.runelite.client.plugins.screenshot.ScreenshotPlugin.onPlayerLootReceived(net.runelite.client.events.PlayerLootReceived), priority=0.0, lambda=net.runelite.client.plugins.screenshot.ScreenshotPlugin$$Lambda/0x00000001007808e0@163e2b01)
2026-04-26 16:17:18 GMT [AWT-EventQueue-0] DEBUG n.r.client.plugins.PluginManager - Plugin ReportButtonPlugin is now running
2026-04-26 16:17:18 GMT [AWT-EventQueue-0] DEBUG n.runelite.client.eventbus.EventBus - Registering class net.runelite.api.events.GameTick - EventBus.Subscriber(object=net.runelite.client.plugins.reportbutton.ReportButtonPlugin@49faf066, method=public void net.runelite.client.plugins.reportbutton.ReportButtonPlugin.onGameTick(net.runelite.api.events.GameTick), priority=0.0, lambda=net.runelite.client.plugins.reportbutton.ReportButtonPlugin$$Lambda/0x0000000100784600@7182b6)
2026-04-26 16:17:18 GMT [AWT-EventQueue-0] DEBUG n.runelite.client.eventbus.EventBus - Registering class net.runelite.api.events.GameStateChanged - EventBus.Subscriber(object=net.runelite.client.plugins.reportbutton.ReportButtonPlugin@49faf066, method=public void net.runelite.client.plugins.reportbutton.ReportButtonPlugin.onGameStateChanged(net.runelite.api.events.GameStateChanged), priority=0.0, lambda=net.runelite.client.plugins.reportbutton.ReportButtonPlugin$$Lambda/0x0000000100784838@18aeefca)
2026-04-26 16:17:18 GMT [AWT-EventQueue-0] DEBUG n.runelite.client.eventbus.EventBus - Registering class net.runelite.client.events.ConfigChanged - EventBus.Subscriber(object=net.runelite.client.plugins.reportbutton.ReportButtonPlugin@49faf066, method=public void net.runelite.client.plugins.reportbutton.ReportButtonPlugin.onConfigChanged(net.runelite.client.events.ConfigChanged), priority=0.0, lambda=net.runelite.client.plugins.reportbutton.ReportButtonPlugin$$Lambda/0x0000000100784a70@30dd9969)
2026-04-26 16:17:18 GMT [AWT-EventQueue-0] DEBUG n.r.client.plugins.PluginManager - Scheduled task ScheduledMethod(schedule=@net.runelite.client.task.Schedule(asynchronous=false, period=500L, unit=MILLIS), method=public void net.runelite.client.plugins.reportbutton.ReportButtonPlugin.updateSchedule(), object=net.runelite.client.plugins.reportbutton.ReportButtonPlugin@49faf066, lambda=net.runelite.client.plugins.reportbutton.ReportButtonPlugin$$Lambda/0x0000000100784ca8@769ae0fb, last=2026-04-26T16:17:18.472458518Z)
2026-04-26 16:17:18 GMT [AWT-EventQueue-0] DEBUG n.r.client.plugins.PluginManager - Plugin FriendNotesPlugin is now running
2026-04-26 16:17:18 GMT [AWT-EventQueue-0] DEBUG n.runelite.client.eventbus.EventBus - Registering class net.runelite.client.events.ConfigChanged - EventBus.Subscriber(object=net.runelite.client.plugins.friendnotes.FriendNotesPlugin@5b5e7036, method=public void net.runelite.client.plugins.friendnotes.FriendNotesPlugin.onConfigChanged(net.runelite.client.events.ConfigChanged), priority=0.0, lambda=net.runelite.client.plugins.friendnotes.FriendNotesPlugin$$Lambda/0x0000000100785308@7470a9ba)
2026-04-26 16:17:18 GMT [AWT-EventQueue-0] DEBUG n.runelite.client.eventbus.EventBus - Registering class net.runelite.api.events.ScriptCallbackEvent - EventBus.Subscriber(object=net.runelite.client.plugins.friendnotes.FriendNotesPlugin@5b5e7036, method=public void net.runelite.client.plugins.friendnotes.FriendNotesPlugin.onScriptCallbackEvent(net.runelite.api.events.ScriptCallbackEvent), priority=0.0, lambda=net.runelite.client.plugins.friendnotes.FriendNotesPlugin$$Lambda/0x0000000100785540@4e0ced2f)
2026-04-26 16:17:18 GMT [AWT-EventQueue-0] DEBUG n.runelite.client.eventbus.EventBus - Registering class net.runelite.api.events.MenuEntryAdded - EventBus.Subscriber(object=net.runelite.client.plugins.friendnotes.FriendNotesPlugin@5b5e7036, method=public void net.runelite.client.plugins.friendnotes.FriendNotesPlugin.onMenuEntryAdded(net.runelite.api.events.MenuEntryAdded), priority=0.0, lambda=net.runelite.client.plugins.friendnotes.FriendNotesPlugin$$Lambda/0x0000000100785778@629b9386)
2026-04-26 16:17:18 GMT [AWT-EventQueue-0] DEBUG n.runelite.client.eventbus.EventBus - Registering class net.runelite.api.events.NameableNameChanged - EventBus.Subscriber(object=net.runelite.client.plugins.friendnotes.FriendNotesPlugin@5b5e7036, method=public void net.runelite.client.plugins.friendnotes.FriendNotesPlugin.onNameableNameChanged(net.runelite.api.events.NameableNameChanged), priority=0.0, lambda=net.runelite.client.plugins.friendnotes.FriendNotesPlugin$$Lambda/0x00000001007859b0@422d1218)
2026-04-26 16:17:18 GMT [AWT-EventQueue-0] DEBUG n.runelite.client.eventbus.EventBus - Registering class net.runelite.api.events.RemovedFriend - EventBus.Subscriber(object=net.runelite.client.plugins.friendnotes.FriendNotesPlugin@5b5e7036, method=public void net.runelite.client.plugins.friendnotes.FriendNotesPlugin.onRemovedFriend(net.runelite.api.events.RemovedFriend), priority=0.0, lambda=net.runelite.client.plugins.friendnotes.FriendNotesPlugin$$Lambda/0x0000000100785be8@51c77085)
2026-04-26 16:17:18 GMT [AWT-EventQueue-0] DEBUG n.r.client.plugins.PluginManager - Plugin HunterPlugin is now running
2026-04-26 16:17:18 GMT [AWT-EventQueue-0] DEBUG n.runelite.client.eventbus.EventBus - Registering class net.runelite.api.events.GameTick - EventBus.Subscriber(object=net.runelite.client.plugins.hunter.HunterPlugin@5f0f9947, method=public void net.runelite.client.plugins.hunter.HunterPlugin.onGameTick(net.runelite.api.events.GameTick), priority=0.0, lambda=net.runelite.client.plugins.hunter.HunterPlugin$$Lambda/0x0000000100785e20@3e1662e4)
2026-04-26 16:17:18 GMT [AWT-EventQueue-0] DEBUG n.runelite.client.eventbus.EventBus - Registering class net.runelite.client.events.ConfigChanged - EventBus.Subscriber(object=net.runelite.client.plugins.hunter.HunterPlugin@5f0f9947, method=public void net.runelite.client.plugins.hunter.HunterPlugin.onConfigChanged(net.runelite.client.events.ConfigChanged), priority=0.0, lambda=net.runelite.client.plugins.hunter.HunterPlugin$$Lambda/0x0000000100786058@4ffebdcf)
2026-04-26 16:17:18 GMT [AWT-EventQueue-0] DEBUG n.runelite.client.eventbus.EventBus - Registering class net.runelite.api.events.GameObjectSpawned - EventBus.Subscriber(object=net.runelite.client.plugins.hunter.HunterPlugin@5f0f9947, method=public void net.runelite.client.plugins.hunter.HunterPlugin.onGameObjectSpawned(net.runelite.api.events.GameObjectSpawned), priority=0.0, lambda=net.runelite.client.plugins.hunter.HunterPlugin$$Lambda/0x0000000100786290@523d85d1)
2026-04-26 16:17:18 GMT [AWT-EventQueue-0] DEBUG n.r.client.plugins.PluginManager - Plugin BarbarianAssaultPlugin is now running
2026-04-26 16:17:18 GMT [AWT-EventQueue-0] DEBUG n.runelite.client.eventbus.EventBus - Registering class net.runelite.api.events.WidgetLoaded - EventBus.Subscriber(object=net.runelite.client.plugins.barbarianassault.BarbarianAssaultPlugin@7724704f, method=public void net.runelite.client.plugins.barbarianassault.BarbarianAssaultPlugin.onWidgetLoaded(net.runelite.api.events.WidgetLoaded), priority=0.0, lambda=net.runelite.client.plugins.barbarianassault.BarbarianAssaultPlugin$$Lambda/0x00000001007864c8@a518e8)
2026-04-26 16:17:18 GMT [AWT-EventQueue-0] DEBUG n.runelite.client.eventbus.EventBus - Registering class net.runelite.api.events.ChatMessage - EventBus.Subscriber(object=net.runelite.client.plugins.barbarianassault.BarbarianAssaultPlugin@7724704f, method=public void net.runelite.client.plugins.barbarianassault.BarbarianAssaultPlugin.onChatMessage(net.runelite.api.events.ChatMessage), priority=0.0, lambda=net.runelite.client.plugins.barbarianassault.BarbarianAssaultPlugin$$Lambda/0x0000000100786700@567aa85e)
2026-04-26 16:17:18 GMT [AWT-EventQueue-0] DEBUG n.runelite.client.eventbus.EventBus - Registering class net.runelite.api.events.VarbitChanged - EventBus.Subscriber(object=net.runelite.client.plugins.barbarianassault.BarbarianAssaultPlugin@7724704f, method=public void net.runelite.client.plugins.barbarianassault.BarbarianAssaultPlugin.onVarbitChanged(net.runelite.api.events.VarbitChanged), priority=0.0, lambda=net.runelite.client.plugins.barbarianassault.BarbarianAssaultPlugin$$Lambda/0x0000000100786938@74f82742)
2026-04-26 16:17:18 GMT [AWT-EventQueue-0] DEBUG n.r.client.plugins.PluginManager - Plugin CannonPlugin is now running
2026-04-26 16:17:18 GMT [AWT-EventQueue-0] DEBUG n.runelite.client.eventbus.EventBus - Registering class net.runelite.api.events.ChatMessage - EventBus.Subscriber(object=net.runelite.client.plugins.cannon.CannonPlugin@4c1bdcc2, method=public void net.runelite.client.plugins.cannon.CannonPlugin.onChatMessage(net.runelite.api.events.ChatMessage), priority=0.0, lambda=net.runelite.client.plugins.cannon.CannonPlugin$$Lambda/0x0000000100786b70@65599769)
2026-04-26 16:17:18 GMT [AWT-EventQueue-0] DEBUG n.runelite.client.eventbus.EventBus - Registering class net.runelite.api.events.GameStateChanged - EventBus.Subscriber(object=net.runelite.client.plugins.cannon.CannonPlugin@4c1bdcc2, method=public void net.runelite.client.plugins.cannon.CannonPlugin.onGameStateChanged(net.runelite.api.events.GameStateChanged), priority=0.0, lambda=net.runelite.client.plugins.cannon.CannonPlugin$$Lambda/0x0000000100786da8@d3d968)
2026-04-26 16:17:18 GMT [AWT-EventQueue-0] DEBUG n.runelite.client.eventbus.EventBus - Registering class net.runelite.client.events.ConfigChanged - EventBus.Subscriber(object=net.runelite.client.plugins.cannon.CannonPlugin@4c1bdcc2, method=public void net.runelite.client.plugins.cannon.CannonPlugin.onConfigChanged(net.runelite.client.events.ConfigChanged), priority=0.0, lambda=net.runelite.client.plugins.cannon.CannonPlugin$$Lambda/0x0000000100786fe0@21acb43c)
2026-04-26 16:17:18 GMT [AWT-EventQueue-0] DEBUG n.runelite.client.eventbus.EventBus - Registering class net.runelite.api.events.ItemContainerChanged - EventBus.Subscriber(object=net.runelite.client.plugins.cannon.CannonPlugin@4c1bdcc2, method=public void net.runelite.client.plugins.cannon.CannonPlugin.onItemContainerChanged(net.runelite.api.events.ItemContainerChanged), priority=0.0, lambda=net.runelite.client.plugins.cannon.CannonPlugin$$Lambda/0x0000000100787218@1c52bcc3)
2026-04-26 16:17:18 GMT [AWT-EventQueue-0] DEBUG n.runelite.client.eventbus.EventBus - Registering class net.runelite.api.events.VarbitChanged - EventBus.Subscriber(object=net.runelite.client.plugins.cannon.CannonPlugin@4c1bdcc2, method=public void net.runelite.client.plugins.cannon.CannonPlugin.onVarbitChanged(net.runelite.api.events.VarbitChanged), priority=0.0, lambda=net.runelite.client.plugins.cannon.CannonPlugin$$Lambda/0x0000000100787450@6c8cf807)
2026-04-26 16:17:18 GMT [AWT-EventQueue-0] DEBUG n.r.client.plugins.PluginManager - Plugin PohPlugin is now running
2026-04-26 16:17:18 GMT [AWT-EventQueue-0] DEBUG n.runelite.client.eventbus.EventBus - Registering class net.runelite.api.events.GameStateChanged - EventBus.Subscriber(object=net.runelite.client.plugins.poh.PohPlugin@1cc680e, method=public void net.runelite.client.plugins.poh.PohPlugin.onGameStateChanged(net.runelite.api.events.GameStateChanged), priority=0.0, lambda=net.runelite.client.plugins.poh.PohPlugin$$Lambda/0x0000000100787688@1e4c0117)
2026-04-26 16:17:18 GMT [AWT-EventQueue-0] DEBUG n.runelite.client.eventbus.EventBus - Registering class net.runelite.client.events.ConfigChanged - EventBus.Subscriber(object=net.runelite.client.plugins.poh.PohPlugin@1cc680e, method=public void net.runelite.client.plugins.poh.PohPlugin.onConfigChanged(net.runelite.client.events.ConfigChanged), priority=0.0, lambda=net.runelite.client.plugins.poh.PohPlugin$$Lambda/0x00000001007878c0@23b93d3d)
2026-04-26 16:17:18 GMT [AWT-EventQueue-0] DEBUG n.runelite.client.eventbus.EventBus - Registering class net.runelite.api.events.GameObjectSpawned - EventBus.Subscriber(object=net.runelite.client.plugins.poh.PohPlugin@1cc680e, method=public void net.runelite.client.plugins.poh.PohPlugin.onGameObjectSpawned(net.runelite.api.events.GameObjectSpawned), priority=0.0, lambda=net.runelite.client.plugins.poh.PohPlugin$$Lambda/0x0000000100787af8@7cbaa7b6)
2026-04-26 16:17:18 GMT [AWT-EventQueue-0] DEBUG n.runelite.client.eventbus.EventBus - Registering class net.runelite.api.events.GameObjectDespawned - EventBus.Subscriber(object=net.runelite.client.plugins.poh.PohPlugin@1cc680e, method=public void net.runelite.client.plugins.poh.PohPlugin.onGameObjectDespawned(net.runelite.api.events.GameObjectDespawned), priority=0.0, lambda=net.runelite.client.plugins.poh.PohPlugin$$Lambda/0x0000000100787d30@22cd43a2)
2026-04-26 16:17:18 GMT [AWT-EventQueue-0] DEBUG n.runelite.client.eventbus.EventBus - Registering class net.runelite.api.events.AnimationChanged - EventBus.Subscriber(object=net.runelite.client.plugins.poh.PohPlugin@1cc680e, method=public void net.runelite.client.plugins.poh.PohPlugin.onAnimationChanged(net.runelite.api.events.AnimationChanged), priority=0.0, lambda=net.runelite.client.plugins.poh.PohPlugin$$Lambda/0x0000000100788000@bb19bdb)
2026-04-26 16:17:18 GMT [AWT-EventQueue-0] DEBUG n.runelite.client.eventbus.EventBus - Registering class net.runelite.api.events.DecorativeObjectSpawned - EventBus.Subscriber(object=net.runelite.client.plugins.poh.PohPlugin@1cc680e, method=public void net.runelite.client.plugins.poh.PohPlugin.onDecorativeObjectSpawned(net.runelite.api.events.DecorativeObjectSpawned), priority=0.0, lambda=net.runelite.client.plugins.poh.PohPlugin$$Lambda/0x0000000100788238@35d2644e)
2026-04-26 16:17:18 GMT [AWT-EventQueue-0] DEBUG n.runelite.client.eventbus.EventBus - Registering class net.runelite.api.events.DecorativeObjectDespawned - EventBus.Subscriber(object=net.runelite.client.plugins.poh.PohPlugin@1cc680e, method=public void net.runelite.client.plugins.poh.PohPlugin.onDecorativeObjectDespawned(net.runelite.api.events.DecorativeObjectDespawned), priority=0.0, lambda=net.runelite.client.plugins.poh.PohPlugin$$Lambda/0x0000000100788470@6886f27f)
2026-04-26 16:17:18 GMT [AWT-EventQueue-0] DEBUG net.runelite.client.input.KeyManager - Registering key listener: net.runelite.client.plugins.bank.BankPlugin$1@7d1fb828
2026-04-26 16:17:18 GMT [AWT-EventQueue-0] DEBUG n.r.client.plugins.PluginManager - Plugin BankPlugin is now running
2026-04-26 16:17:18 GMT [AWT-EventQueue-0] DEBUG n.runelite.client.eventbus.EventBus - Registering class net.runelite.api.events.WidgetLoaded - EventBus.Subscriber(object=net.runelite.client.plugins.bank.BankPlugin@12eedfee, method=public void net.runelite.client.plugins.bank.BankPlugin.onWidgetLoaded(net.runelite.api.events.WidgetLoaded), priority=0.0, lambda=net.runelite.client.plugins.bank.BankPlugin$$Lambda/0x00000001007886a8@55edc630)
2026-04-26 16:17:18 GMT [AWT-EventQueue-0] DEBUG n.runelite.client.eventbus.EventBus - Registering class net.runelite.api.events.ScriptCallbackEvent - EventBus.Subscriber(object=net.runelite.client.plugins.bank.BankPlugin@12eedfee, method=public void net.runelite.client.plugins.bank.BankPlugin.onScriptCallbackEvent(net.runelite.api.events.ScriptCallbackEvent), priority=0.0, lambda=net.runelite.client.plugins.bank.BankPlugin$$Lambda/0x00000001007888e0@332c2c25)
2026-04-26 16:17:18 GMT [AWT-EventQueue-0] DEBUG n.runelite.client.eventbus.EventBus - Registering class net.runelite.api.events.MenuEntryAdded - EventBus.Subscriber(object=net.runelite.client.plugins.bank.BankPlugin@12eedfee, method=public void net.runelite.client.plugins.bank.BankPlugin.onMenuEntryAdded(net.runelite.api.events.MenuEntryAdded), priority=0.0, lambda=net.runelite.client.plugins.bank.BankPlugin$$Lambda/0x0000000100788b18@756ed06)
2026-04-26 16:17:18 GMT [AWT-EventQueue-0] DEBUG n.runelite.client.eventbus.EventBus - Registering class net.runelite.api.events.ScriptPostFired - EventBus.Subscriber(object=net.runelite.client.plugins.bank.BankPlugin@12eedfee, method=public void net.runelite.client.plugins.bank.BankPlugin.onScriptPostFired(net.runelite.api.events.ScriptPostFired), priority=0.0, lambda=net.runelite.client.plugins.bank.BankPlugin$$Lambda/0x0000000100788d50@767c721e)
2026-04-26 16:17:18 GMT [AWT-EventQueue-0] DEBUG n.runelite.client.eventbus.EventBus - Registering class net.runelite.api.events.ItemContainerChanged - EventBus.Subscriber(object=net.runelite.client.plugins.bank.BankPlugin@12eedfee, method=public void net.runelite.client.plugins.bank.BankPlugin.onItemContainerChanged(net.runelite.api.events.ItemContainerChanged), priority=0.0, lambda=net.runelite.client.plugins.bank.BankPlugin$$Lambda/0x0000000100788f88@7173f193)
2026-04-26 16:17:18 GMT [AWT-EventQueue-0] DEBUG n.runelite.client.eventbus.EventBus - Registering class net.runelite.api.events.MenuShouldLeftClick - EventBus.Subscriber(object=net.runelite.client.plugins.bank.BankPlugin@12eedfee, method=public void net.runelite.client.plugins.bank.BankPlugin.onMenuShouldLeftClick(net.runelite.api.events.MenuShouldLeftClick), priority=0.0, lambda=net.runelite.client.plugins.bank.BankPlugin$$Lambda/0x00000001007891c0@5929213f)
2026-04-26 16:17:18 GMT [AWT-EventQueue-0] DEBUG n.runelite.client.eventbus.EventBus - Registering class net.runelite.api.events.ScriptPreFired - EventBus.Subscriber(object=net.runelite.client.plugins.bank.BankPlugin@12eedfee, method=public void net.runelite.client.plugins.bank.BankPlugin.onScriptPreFired(net.runelite.api.events.ScriptPreFired), priority=1.0, lambda=net.runelite.client.plugins.bank.BankPlugin$$Lambda/0x00000001007893f8@1ebfae30)
2026-04-26 16:17:18 GMT [AWT-EventQueue-0] DEBUG n.r.client.plugins.PluginManager - Plugin RegenMeterPlugin is now running
2026-04-26 16:17:18 GMT [AWT-EventQueue-0] DEBUG n.runelite.client.eventbus.EventBus - Registering class net.runelite.api.events.GameTick - EventBus.Subscriber(object=net.runelite.client.plugins.regenmeter.RegenMeterPlugin@1c26273d, method=public void net.runelite.client.plugins.regenmeter.RegenMeterPlugin.onGameTick(net.runelite.api.events.GameTick), priority=0.0, lambda=net.runelite.client.plugins.regenmeter.RegenMeterPlugin$$Lambda/0x0000000100789630@41396f21)
2026-04-26 16:17:18 GMT [AWT-EventQueue-0] DEBUG n.runelite.client.eventbus.EventBus - Registering class net.runelite.api.events.GameStateChanged - EventBus.Subscriber(object=net.runelite.client.plugins.regenmeter.RegenMeterPlugin@1c26273d, method=private void net.runelite.client.plugins.regenmeter.RegenMeterPlugin.onGameStateChanged(net.runelite.api.events.GameStateChanged), priority=0.0, lambda=net.runelite.client.plugins.regenmeter.RegenMeterPlugin$$Lambda/0x0000000100789868@70c04758)
2026-04-26 16:17:18 GMT [AWT-EventQueue-0] DEBUG n.runelite.client.eventbus.EventBus - Registering class net.runelite.api.events.ItemContainerChanged - EventBus.Subscriber(object=net.runelite.client.plugins.regenmeter.RegenMeterPlugin@1c26273d, method=public void net.runelite.client.plugins.regenmeter.RegenMeterPlugin.onItemContainerChanged(net.runelite.api.events.ItemContainerChanged), priority=0.0, lambda=net.runelite.client.plugins.regenmeter.RegenMeterPlugin$$Lambda/0x0000000100789aa0@3f665096)
2026-04-26 16:17:18 GMT [AWT-EventQueue-0] DEBUG n.runelite.client.eventbus.EventBus - Registering class net.runelite.api.events.VarbitChanged - EventBus.Subscriber(object=net.runelite.client.plugins.regenmeter.RegenMeterPlugin@1c26273d, method=private void net.runelite.client.plugins.regenmeter.RegenMeterPlugin.onVarbitChanged(net.runelite.api.events.VarbitChanged), priority=0.0, lambda=net.runelite.client.plugins.regenmeter.RegenMeterPlugin$$Lambda/0x0000000100789cd8@4b4456c3)
2026-04-26 16:17:18 GMT [AWT-EventQueue-0] DEBUG n.r.client.game.SkillIconManager - Loading skill icon from /skill_icons/attack.png
2026-04-26 16:17:18 GMT [AWT-EventQueue-0] DEBUG n.r.client.game.SkillIconManager - Loading skill icon from /skill_icons_small/attack.png
2026-04-26 16:17:18 GMT [AWT-EventQueue-0] DEBUG n.r.client.game.SkillIconManager - Loading skill icon from /skill_icons/defence.png
2026-04-26 16:17:18 GMT [AWT-EventQueue-0] DEBUG n.r.client.game.SkillIconManager - Loading skill icon from /skill_icons_small/defence.png
2026-04-26 16:17:18 GMT [AWT-EventQueue-0] DEBUG n.r.client.game.SkillIconManager - Loading skill icon from /skill_icons/strength.png
2026-04-26 16:17:18 GMT [AWT-EventQueue-0] DEBUG n.r.client.game.SkillIconManager - Loading skill icon from /skill_icons_small/strength.png
2026-04-26 16:17:18 GMT [AWT-EventQueue-0] DEBUG n.r.client.game.SkillIconManager - Loading skill icon from /skill_icons/hitpoints.png
2026-04-26 16:17:18 GMT [AWT-EventQueue-0] DEBUG n.r.client.game.SkillIconManager - Loading skill icon from /skill_icons_small/hitpoints.png
2026-04-26 16:17:18 GMT [AWT-EventQueue-0] DEBUG n.r.client.game.SkillIconManager - Loading skill icon from /skill_icons/ranged.png
2026-04-26 16:17:18 GMT [AWT-EventQueue-0] DEBUG n.r.client.game.SkillIconManager - Loading skill icon from /skill_icons_small/ranged.png
2026-04-26 16:17:18 GMT [AWT-EventQueue-0] DEBUG n.r.client.game.SkillIconManager - Loading skill icon from /skill_icons/prayer.png
2026-04-26 16:17:18 GMT [AWT-EventQueue-0] DEBUG n.r.client.game.SkillIconManager - Loading skill icon from /skill_icons_small/prayer.png
2026-04-26 16:17:18 GMT [AWT-EventQueue-0] DEBUG n.r.client.game.SkillIconManager - Loading skill icon from /skill_icons/magic.png
2026-04-26 16:17:18 GMT [AWT-EventQueue-0] DEBUG n.r.client.game.SkillIconManager - Loading skill icon from /skill_icons_small/magic.png
2026-04-26 16:17:18 GMT [AWT-EventQueue-0] DEBUG n.r.client.game.SkillIconManager - Loading skill icon from /skill_icons/cooking.png
2026-04-26 16:17:18 GMT [AWT-EventQueue-0] DEBUG n.r.client.game.SkillIconManager - Loading skill icon from /skill_icons_small/cooking.png
2026-04-26 16:17:18 GMT [AWT-EventQueue-0] DEBUG n.r.client.game.SkillIconManager - Loading skill icon from /skill_icons/woodcutting.png
2026-04-26 16:17:18 GMT [AWT-EventQueue-0] DEBUG n.r.client.game.SkillIconManager - Loading skill icon from /skill_icons_small/woodcutting.png
2026-04-26 16:17:18 GMT [AWT-EventQueue-0] DEBUG n.r.client.game.SkillIconManager - Loading skill icon from /skill_icons/fletching.png
2026-04-26 16:17:18 GMT [AWT-EventQueue-0] DEBUG n.r.client.game.SkillIconManager - Loading skill icon from /skill_icons_small/fletching.png
2026-04-26 16:17:18 GMT [AWT-EventQueue-0] DEBUG n.r.client.game.SkillIconManager - Loading skill icon from /skill_icons/fishing.png
2026-04-26 16:17:18 GMT [AWT-EventQueue-0] DEBUG n.r.client.game.SkillIconManager - Loading skill icon from /skill_icons_small/fishing.png
2026-04-26 16:17:18 GMT [AWT-EventQueue-0] DEBUG n.r.client.game.SkillIconManager - Loading skill icon from /skill_icons/firemaking.png
2026-04-26 16:17:18 GMT [AWT-EventQueue-0] DEBUG n.r.client.game.SkillIconManager - Loading skill icon from /skill_icons_small/firemaking.png
2026-04-26 16:17:18 GMT [AWT-EventQueue-0] DEBUG n.r.client.game.SkillIconManager - Loading skill icon from /skill_icons/crafting.png
2026-04-26 16:17:18 GMT [AWT-EventQueue-0] DEBUG n.r.client.game.SkillIconManager - Loading skill icon from /skill_icons_small/crafting.png
2026-04-26 16:17:18 GMT [AWT-EventQueue-0] DEBUG n.r.client.game.SkillIconManager - Loading skill icon from /skill_icons/smithing.png
2026-04-26 16:17:18 GMT [AWT-EventQueue-0] DEBUG n.r.client.game.SkillIconManager - Loading skill icon from /skill_icons_small/smithing.png
2026-04-26 16:17:18 GMT [AWT-EventQueue-0] DEBUG n.r.client.game.SkillIconManager - Loading skill icon from /skill_icons_small/mining.png
2026-04-26 16:17:18 GMT [AWT-EventQueue-0] DEBUG n.r.client.game.SkillIconManager - Loading skill icon from /skill_icons/herblore.png
2026-04-26 16:17:18 GMT [AWT-EventQueue-0] DEBUG n.r.client.game.SkillIconManager - Loading skill icon from /skill_icons_small/herblore.png
2026-04-26 16:17:18 GMT [AWT-EventQueue-0] DEBUG n.r.client.game.SkillIconManager - Loading skill icon from /skill_icons/agility.png
2026-04-26 16:17:18 GMT [AWT-EventQueue-0] DEBUG n.r.client.game.SkillIconManager - Loading skill icon from /skill_icons_small/agility.png
2026-04-26 16:17:18 GMT [AWT-EventQueue-0] DEBUG n.r.client.game.SkillIconManager - Loading skill icon from /skill_icons/thieving.png
2026-04-26 16:17:18 GMT [AWT-EventQueue-0] DEBUG n.r.client.game.SkillIconManager - Loading skill icon from /skill_icons_small/thieving.png
2026-04-26 16:17:18 GMT [AWT-EventQueue-0] DEBUG n.r.client.game.SkillIconManager - Loading skill icon from /skill_icons/slayer.png
2026-04-26 16:17:18 GMT [AWT-EventQueue-0] DEBUG n.r.client.game.SkillIconManager - Loading skill icon from /skill_icons_small/slayer.png
2026-04-26 16:17:18 GMT [AWT-EventQueue-0] DEBUG n.r.client.game.SkillIconManager - Loading skill icon from /skill_icons/farming.png
2026-04-26 16:17:18 GMT [AWT-EventQueue-0] DEBUG n.r.client.game.SkillIconManager - Loading skill icon from /skill_icons_small/farming.png
2026-04-26 16:17:18 GMT [AWT-EventQueue-0] DEBUG n.r.client.game.SkillIconManager - Loading skill icon from /skill_icons/runecraft.png
2026-04-26 16:17:18 GMT [AWT-EventQueue-0] DEBUG n.r.client.game.SkillIconManager - Loading skill icon from /skill_icons_small/runecraft.png
2026-04-26 16:17:18 GMT [AWT-EventQueue-0] DEBUG n.r.client.game.SkillIconManager - Loading skill icon from /skill_icons/hunter.png
2026-04-26 16:17:18 GMT [AWT-EventQueue-0] DEBUG n.r.client.game.SkillIconManager - Loading skill icon from /skill_icons_small/hunter.png
2026-04-26 16:17:18 GMT [AWT-EventQueue-0] DEBUG n.r.client.game.SkillIconManager - Loading skill icon from /skill_icons/construction.png
2026-04-26 16:17:18 GMT [AWT-EventQueue-0] DEBUG n.r.client.game.SkillIconManager - Loading skill icon from /skill_icons_small/construction.png
2026-04-26 16:17:18 GMT [AWT-EventQueue-0] DEBUG n.r.client.game.SkillIconManager - Loading skill icon from /skill_icons/sailing.png
2026-04-26 16:17:18 GMT [AWT-EventQueue-0] DEBUG n.r.client.game.SkillIconManager - Loading skill icon from /skill_icons_small/sailing.png
2026-04-26 16:17:18 GMT [AWT-EventQueue-0] DEBUG n.r.client.plugins.PluginManager - Plugin XpTrackerPlugin is now running
2026-04-26 16:17:18 GMT [AWT-EventQueue-0] DEBUG n.runelite.client.eventbus.EventBus - Registering class net.runelite.api.events.StatChanged - EventBus.Subscriber(object=net.runelite.client.plugins.xptracker.XpTrackerPlugin@4acb7ecc, method=public void net.runelite.client.plugins.xptracker.XpTrackerPlugin.onStatChanged(net.runelite.api.events.StatChanged), priority=0.0, lambda=net.runelite.client.plugins.xptracker.XpTrackerPlugin$$Lambda/0x00000001007944e8@23228d8f)
2026-04-26 16:17:18 GMT [AWT-EventQueue-0] DEBUG n.runelite.client.eventbus.EventBus - Registering class net.runelite.api.events.GameTick - EventBus.Subscriber(object=net.runelite.client.plugins.xptracker.XpTrackerPlugin@4acb7ecc, method=public void net.runelite.client.plugins.xptracker.XpTrackerPlugin.onGameTick(net.runelite.api.events.GameTick), priority=0.0, lambda=net.runelite.client.plugins.xptracker.XpTrackerPlugin$$Lambda/0x0000000100794720@1e0d7fd5)
2026-04-26 16:17:18 GMT [AWT-EventQueue-0] DEBUG n.runelite.client.eventbus.EventBus - Registering class net.runelite.api.events.GameStateChanged - EventBus.Subscriber(object=net.runelite.client.plugins.xptracker.XpTrackerPlugin@4acb7ecc, method=public void net.runelite.client.plugins.xptracker.XpTrackerPlugin.onGameStateChanged(net.runelite.api.events.GameStateChanged), priority=0.0, lambda=net.runelite.client.plugins.xptracker.XpTrackerPlugin$$Lambda/0x0000000100794958@4ff58a4f)
2026-04-26 16:17:18 GMT [AWT-EventQueue-0] DEBUG n.runelite.client.eventbus.EventBus - Registering class net.runelite.api.events.MenuEntryAdded - EventBus.Subscriber(object=net.runelite.client.plugins.xptracker.XpTrackerPlugin@4acb7ecc, method=public void net.runelite.client.plugins.xptracker.XpTrackerPlugin.onMenuEntryAdded(net.runelite.api.events.MenuEntryAdded), priority=0.0, lambda=net.runelite.client.plugins.xptracker.XpTrackerPlugin$$Lambda/0x0000000100794b90@f5e60ef)
2026-04-26 16:17:18 GMT [AWT-EventQueue-0] DEBUG n.runelite.client.eventbus.EventBus - Registering class net.runelite.client.events.ClientShutdown - EventBus.Subscriber(object=net.runelite.client.plugins.xptracker.XpTrackerPlugin@4acb7ecc, method=public void net.runelite.client.plugins.xptracker.XpTrackerPlugin.onClientShutdown(net.runelite.client.events.ClientShutdown), priority=0.0, lambda=net.runelite.client.plugins.xptracker.XpTrackerPlugin$$Lambda/0x0000000100794dc8@75fed554)
2026-04-26 16:17:18 GMT [AWT-EventQueue-0] DEBUG n.runelite.client.eventbus.EventBus - Registering class net.runelite.client.events.RuneScapeProfileChanged - EventBus.Subscriber(object=net.runelite.client.plugins.xptracker.XpTrackerPlugin@4acb7ecc, method=public void net.runelite.client.plugins.xptracker.XpTrackerPlugin.onRuneScapeProfileChanged(net.runelite.client.events.RuneScapeProfileChanged), priority=0.0, lambda=net.runelite.client.plugins.xptracker.XpTrackerPlugin$$Lambda/0x0000000100795000@3166fde9)
2026-04-26 16:17:18 GMT [AWT-EventQueue-0] DEBUG n.r.client.plugins.PluginManager - Scheduled task ScheduledMethod(schedule=@net.runelite.client.task.Schedule(asynchronous=false, period=1L, unit=SECONDS), method=public void net.runelite.client.plugins.xptracker.XpTrackerPlugin.tickSkillTimes(), object=net.runelite.client.plugins.xptracker.XpTrackerPlugin@4acb7ecc, lambda=net.runelite.client.plugins.xptracker.XpTrackerPlugin$$Lambda/0x0000000100795238@1cfe430c, last=2026-04-26T16:17:18.748930902Z)
2026-04-26 16:17:18 GMT [AWT-EventQueue-0] DEBUG n.r.client.plugins.PluginManager - Scheduled task ScheduledMethod(schedule=@net.runelite.client.task.Schedule(asynchronous=true, period=1L, unit=MINUTES), method=public void net.runelite.client.plugins.xptracker.XpTrackerPlugin.tickStateSave(), object=net.runelite.client.plugins.xptracker.XpTrackerPlugin@4acb7ecc, lambda=net.runelite.client.plugins.xptracker.XpTrackerPlugin$$Lambda/0x0000000100795460@634c3402, last=2026-04-26T16:17:18.749461287Z)
2026-04-26 16:17:18 GMT [AWT-EventQueue-0] DEBUG n.r.client.plugins.PluginManager - Plugin ScreenMarkerPlugin is now running
2026-04-26 16:17:18 GMT [AWT-EventQueue-0] DEBUG n.runelite.client.eventbus.EventBus - Registering class net.runelite.client.events.ProfileChanged - EventBus.Subscriber(object=net.runelite.client.plugins.screenmarkers.ScreenMarkerPlugin@45cec376, method=public void net.runelite.client.plugins.screenmarkers.ScreenMarkerPlugin.onProfileChanged(net.runelite.client.events.ProfileChanged), priority=0.0, lambda=net.runelite.client.plugins.screenmarkers.ScreenMarkerPlugin$$Lambda/0x0000000100796338@3ec96553)
2026-04-26 16:17:18 GMT [AWT-EventQueue-0] DEBUG n.runelite.client.eventbus.EventBus - Registering class net.runelite.client.events.ProfileChanged - EventBus.Subscriber(object=net.runelite.client.plugins.config.PluginListPanel[,0,0,0x0,invalid,layout=java.awt.FlowLayout,alignmentX=0.0,alignmentY=0.0,border=,flags=9,maximumSize=,minimumSize=,preferredSize=], method=private void net.runelite.client.plugins.config.PluginListPanel.onProfileChanged(net.runelite.client.events.ProfileChanged), priority=0.0, lambda=net.runelite.client.plugins.config.PluginListPanel$$Lambda/0x0000000100796570@1887e249)
2026-04-26 16:17:18 GMT [AWT-EventQueue-0] DEBUG n.runelite.client.eventbus.EventBus - Registering class net.runelite.client.events.PluginChanged - EventBus.Subscriber(object=net.runelite.client.plugins.config.PluginListPanel[,0,0,0x0,invalid,layout=java.awt.FlowLayout,alignmentX=0.0,alignmentY=0.0,border=,flags=9,maximumSize=,minimumSize=,preferredSize=], method=public void net.runelite.client.plugins.config.PluginListPanel.onPluginChanged(net.runelite.client.events.PluginChanged), priority=0.0, lambda=net.runelite.client.plugins.config.PluginListPanel$$Lambda/0x00000001007967a8@261b0570)
2026-04-26 16:17:18 GMT [AWT-EventQueue-0] DEBUG n.runelite.client.eventbus.EventBus - Registering class net.runelite.client.events.ExternalPluginsChanged - EventBus.Subscriber(object=net.runelite.client.plugins.config.PluginListPanel[,0,0,0x0,invalid,layout=java.awt.FlowLayout,alignmentX=0.0,alignmentY=0.0,border=,flags=9,maximumSize=,minimumSize=,preferredSize=], method=private void net.runelite.client.plugins.config.PluginListPanel.onExternalPluginsChanged(net.runelite.client.events.ExternalPluginsChanged), priority=0.0, lambda=net.runelite.client.plugins.config.PluginListPanel$$Lambda/0x00000001007969e0@7b546db7)
TELEMETRY: xprop/xwininfo missing — pkg install xorg-xprop xorg-xwininfo
No mirror or mirror group selected. You might want to select one by running 'termux-change-repo'
Checking availability of current mirror:
[*] https://packages-cf.termux.dev/apt/termux-main: ok

WARNING: apt does not have a stable CLI interface. Use with caution in scripts.

Reading package lists...2026-04-26 16:17:19 GMT [AWT-EventQueue-0] DEBUG n.runelite.client.eventbus.EventBus - Registering class net.runelite.client.events.SessionOpen - EventBus.Subscriber(object=net.runelite.client.plugins.config.ProfilePanel[,0,0,0x0,invalid,layout=javax.swing.GroupLayout,alignmentX=0.0,alignmentY=0.0,border=javax.swing.border.EmptyBorder@33721660,flags=329,maximumSize=,minimumSize=,preferredSize=], method=public void net.runelite.client.plugins.config.ProfilePanel.onSessionOpen(net.runelite.client.events.SessionOpen), priority=0.0, lambda=net.runelite.client.plugins.config.ProfilePanel$$Lambda/0x00000001007a50f0@13d98f79)
2026-04-26 16:17:19 GMT [AWT-EventQueue-0] DEBUG n.runelite.client.eventbus.EventBus - Registering class net.runelite.client.events.SessionClose - EventBus.Subscriber(object=net.runelite.client.plugins.config.ProfilePanel[,0,0,0x0,invalid,layout=javax.swing.GroupLayout,alignmentX=0.0,alignmentY=0.0,border=javax.swing.border.EmptyBorder@33721660,flags=329,maximumSize=,minimumSize=,preferredSize=], method=public void net.runelite.client.plugins.config.ProfilePanel.onSessionClose(net.runelite.client.events.SessionClose), priority=0.0, lambda=net.runelite.client.plugins.config.ProfilePanel$$Lambda/0x00000001007a5328@63f4a777)
2026-04-26 16:17:19 GMT [AWT-EventQueue-0] DEBUG n.runelite.client.eventbus.EventBus - Registering class net.runelite.client.events.ProfileChanged - EventBus.Subscriber(object=net.runelite.client.plugins.config.ProfilePanel[,0,0,0x0,invalid,layout=javax.swing.GroupLayout,alignmentX=0.0,alignmentY=0.0,border=javax.swing.border.EmptyBorder@33721660,flags=329,maximumSize=,minimumSize=,preferredSize=], method=private void net.runelite.client.plugins.config.ProfilePanel.onProfileChanged(net.runelite.client.events.ProfileChanged), priority=0.0, lambda=net.runelite.client.plugins.config.ProfilePanel$$Lambda/0x00000001007a5560@1f6b8153)
2026-04-26 16:17:19 GMT [AWT-EventQueue-0] DEBUG n.runelite.client.eventbus.EventBus - Registering class net.runelite.client.events.RuneScapeProfileChanged - EventBus.Subscriber(object=net.runelite.client.plugins.config.ProfilePanel[,0,0,0x0,invalid,layout=javax.swing.GroupLayout,alignmentX=0.0,alignmentY=0.0,border=javax.swing.border.EmptyBorder@33721660,flags=329,maximumSize=,minimumSize=,preferredSize=], method=private void net.runelite.client.plugins.config.ProfilePanel.onRuneScapeProfileChanged(net.runelite.client.events.RuneScapeProfileChanged), priority=0.0, lambda=net.runelite.client.plugins.config.ProfilePanel$$Lambda/0x00000001007a5798@642d7285)
2026-04-26 16:17:19 GMT [AWT-EventQueue-0] DEBUG n.r.client.plugins.PluginManager - Plugin ConfigPlugin is now running
2026-04-26 16:17:19 GMT [AWT-EventQueue-0] DEBUG n.runelite.client.eventbus.EventBus - Registering class net.runelite.client.events.OverlayMenuClicked - EventBus.Subscriber(object=net.runelite.client.plugins.config.ConfigPlugin@f6de586, method=public void net.runelite.client.plugins.config.ConfigPlugin.onOverlayMenuClicked(net.runelite.client.events.OverlayMenuClicked), priority=0.0, lambda=net.runelite.client.plugins.config.ConfigPlugin$$Lambda/0x00000001007a5bf8@10579364)

Building dependency tree...2026-04-26 16:17:19 GMT [AWT-EventQueue-0] DEBUG n.r.client.plugins.PluginManager - Plugin BlastFurnacePlugin is now running
2026-04-26 16:17:19 GMT [AWT-EventQueue-0] DEBUG n.runelite.client.eventbus.EventBus - Registering class net.runelite.api.events.GameTick - EventBus.Subscriber(object=net.runelite.client.plugins.blastfurnace.BlastFurnacePlugin@15405bd6, method=public void net.runelite.client.plugins.blastfurnace.BlastFurnacePlugin.onGameTick(net.runelite.api.events.GameTick), priority=0.0, lambda=net.runelite.client.plugins.blastfurnace.BlastFurnacePlugin$$Lambda/0x00000001007a6058@180fce0)
2026-04-26 16:17:19 GMT [AWT-EventQueue-0] DEBUG n.runelite.client.eventbus.EventBus - Registering class net.runelite.api.events.GameStateChanged - EventBus.Subscriber(object=net.runelite.client.plugins.blastfurnace.BlastFurnacePlugin@15405bd6, method=public void net.runelite.client.plugins.blastfurnace.BlastFurnacePlugin.onGameStateChanged(net.runelite.api.events.GameStateChanged), priority=0.0, lambda=net.runelite.client.plugins.blastfurnace.BlastFurnacePlugin$$Lambda/0x00000001007a6290@145c56a2)
2026-04-26 16:17:19 GMT [AWT-EventQueue-0] DEBUG n.runelite.client.eventbus.EventBus - Registering class net.runelite.api.events.GameObjectSpawned - EventBus.Subscriber(object=net.runelite.client.plugins.blastfurnace.BlastFurnacePlugin@15405bd6, method=public void net.runelite.client.plugins.blastfurnace.BlastFurnacePlugin.onGameObjectSpawned(net.runelite.api.events.GameObjectSpawned), priority=0.0, lambda=net.runelite.client.plugins.blastfurnace.BlastFurnacePlugin$$Lambda/0x00000001007a64c8@58451bf6)

Reading state information...
2026-04-26 16:17:19 GMT [AWT-EventQueue-0] DEBUG n.runelite.client.eventbus.EventBus - Registering class net.runelite.api.events.GameObjectDespawned - EventBus.Subscriber(object=net.runelite.client.plugins.blastfurnace.BlastFurnacePlugin@15405bd6, method=public void net.runelite.client.plugins.blastfurnace.BlastFurnacePlugin.onGameObjectDespawned(net.runelite.api.events.GameObjectDespawned), priority=0.0, lambda=net.runelite.client.plugins.blastfurnace.BlastFurnacePlugin$$Lambda/0x00000001007a6700@76a8b2ec)
2026-04-26 16:17:19 GMT [AWT-EventQueue-0] DEBUG n.r.c.u.o.infobox.InfoBoxManager - Adding InfoBox net.runelite.client.plugins.boosts.StatChangeIndicator@20657180
2026-04-26 16:17:19 GMT [AWT-EventQueue-0] DEBUG n.runelite.client.eventbus.EventBus - Registering class net.runelite.api.events.MenuOptionClicked - EventBus.Subscriber(object=net.runelite.client.ui.overlay.infobox.InfoBoxOverlay@35cc4487, method=public void net.runelite.client.ui.overlay.infobox.InfoBoxOverlay.onMenuOptionClicked(net.runelite.api.events.MenuOptionClicked), priority=0.0, lambda=net.runelite.client.ui.overlay.infobox.InfoBoxOverlay$$Lambda/0x00000001007a71c8@2dbfe2ad)
2026-04-26 16:17:19 GMT [AWT-EventQueue-0] DEBUG n.r.c.u.o.infobox.InfoBoxManager - Adding InfoBox net.runelite.client.plugins.boosts.StatChangeIndicator@1184884b
2026-04-26 16:17:19 GMT [AWT-EventQueue-0] DEBUG n.r.c.u.o.infobox.InfoBoxManager - Adding InfoBox net.runelite.client.plugins.boosts.BoostIndicator@3ae7ace8
2026-04-26 16:17:19 GMT [AWT-EventQueue-0] DEBUG n.r.c.u.o.infobox.InfoBoxManager - Adding InfoBox net.runelite.client.plugins.boosts.BoostIndicator@532fe81b
2026-04-26 16:17:19 GMT [AWT-EventQueue-0] DEBUG n.r.c.u.o.infobox.InfoBoxManager - Adding InfoBox net.runelite.client.plugins.boosts.BoostIndicator@665cf4e5
2026-04-26 16:17:19 GMT [AWT-EventQueue-0] DEBUG n.r.c.u.o.infobox.InfoBoxManager - Adding InfoBox net.runelite.client.plugins.boosts.BoostIndicator@36822776
2026-04-26 16:17:19 GMT [AWT-EventQueue-0] DEBUG n.r.c.u.o.infobox.InfoBoxManager - Adding InfoBox net.runelite.client.plugins.boosts.BoostIndicator@31854da2
2026-04-26 16:17:19 GMT [AWT-EventQueue-0] DEBUG n.r.c.u.o.infobox.InfoBoxManager - Adding InfoBox net.runelite.client.plugins.boosts.BoostIndicator@1dc604b9
2026-04-26 16:17:19 GMT [AWT-EventQueue-0] DEBUG n.r.c.u.o.infobox.InfoBoxManager - Adding InfoBox net.runelite.client.plugins.boosts.BoostIndicator@1c3c3038
2026-04-26 16:17:19 GMT [AWT-EventQueue-0] DEBUG n.r.c.u.o.infobox.InfoBoxManager - Adding InfoBox net.runelite.client.plugins.boosts.BoostIndicator@3ba20d5e
2026-04-26 16:17:19 GMT [AWT-EventQueue-0] DEBUG n.r.c.u.o.infobox.InfoBoxManager - Adding InfoBox net.runelite.client.plugins.boosts.BoostIndicator@20d1afd5
2026-04-26 16:17:19 GMT [AWT-EventQueue-0] DEBUG n.r.c.u.o.infobox.InfoBoxManager - Adding InfoBox net.runelite.client.plugins.boosts.BoostIndicator@d9f84ba
2026-04-26 16:17:19 GMT [AWT-EventQueue-0] DEBUG n.r.c.u.o.infobox.InfoBoxManager - Adding InfoBox net.runelite.client.plugins.boosts.BoostIndicator@705fd8c1
2026-04-26 16:17:19 GMT [AWT-EventQueue-0] DEBUG n.r.c.u.o.infobox.InfoBoxManager - Adding InfoBox net.runelite.client.plugins.boosts.BoostIndicator@5b3cf369
2026-04-26 16:17:19 GMT [AWT-EventQueue-0] DEBUG n.r.c.u.o.infobox.InfoBoxManager - Adding InfoBox net.runelite.client.plugins.boosts.BoostIndicator@763e50dc
2026-04-26 16:17:19 GMT [AWT-EventQueue-0] DEBUG n.r.c.u.o.infobox.InfoBoxManager - Adding InfoBox net.runelite.client.plugins.boosts.BoostIndicator@7f5a0f5
2026-04-26 16:17:19 GMT [AWT-EventQueue-0] DEBUG n.r.c.u.o.infobox.InfoBoxManager - Adding InfoBox net.runelite.client.plugins.boosts.BoostIndicator@962f91a
2026-04-26 16:17:19 GMT [AWT-EventQueue-0] DEBUG n.r.c.u.o.infobox.InfoBoxManager - Adding InfoBox net.runelite.client.plugins.boosts.BoostIndicator@3579f4e4
2026-04-26 16:17:19 GMT [AWT-EventQueue-0] DEBUG n.r.c.u.o.infobox.InfoBoxManager - Adding InfoBox net.runelite.client.plugins.boosts.BoostIndicator@31c5fa27
2026-04-26 16:17:19 GMT [AWT-EventQueue-0] DEBUG n.r.c.u.o.infobox.InfoBoxManager - Adding InfoBox net.runelite.client.plugins.boosts.BoostIndicator@1b1d06e2
2026-04-26 16:17:19 GMT [AWT-EventQueue-0] DEBUG n.r.c.u.o.infobox.InfoBoxManager - Adding InfoBox net.runelite.client.plugins.boosts.BoostIndicator@52986b2
2026-04-26 16:17:19 GMT [AWT-EventQueue-0] DEBUG n.r.c.u.o.infobox.InfoBoxManager - Adding InfoBox net.runelite.client.plugins.boosts.BoostIndicator@7f0d9c27
2026-04-26 16:17:19 GMT [AWT-EventQueue-0] DEBUG n.r.c.u.o.infobox.InfoBoxManager - Adding InfoBox net.runelite.client.plugins.boosts.BoostIndicator@61074523
2026-04-26 16:17:19 GMT [AWT-EventQueue-0] DEBUG n.r.c.u.o.infobox.InfoBoxManager - Adding InfoBox net.runelite.client.plugins.boosts.BoostIndicator@12de75f7
2026-04-26 16:17:19 GMT [AWT-EventQueue-0] DEBUG n.r.c.u.o.infobox.InfoBoxManager - Adding InfoBox net.runelite.client.plugins.boosts.BoostIndicator@5b0b6d08
2026-04-26 16:17:19 GMT [AWT-EventQueue-0] DEBUG n.r.c.u.o.infobox.InfoBoxManager - Adding InfoBox net.runelite.client.plugins.boosts.BoostIndicator@48f42eea
2026-04-26 16:17:19 GMT [AWT-EventQueue-0] DEBUG n.r.client.plugins.PluginManager - Plugin BoostsPlugin is now running
2026-04-26 16:17:19 GMT [AWT-EventQueue-0] DEBUG n.runelite.client.eventbus.EventBus - Registering class net.runelite.api.events.StatChanged - EventBus.Subscriber(object=net.runelite.client.plugins.boosts.BoostsPlugin@c269425, method=public void net.runelite.client.plugins.boosts.BoostsPlugin.onStatChanged(net.runelite.api.events.StatChanged), priority=0.0, lambda=net.runelite.client.plugins.boosts.BoostsPlugin$$Lambda/0x00000001007a7698@7291eac0)
2026-04-26 16:17:19 GMT [AWT-EventQueue-0] DEBUG n.runelite.client.eventbus.EventBus - Registering class net.runelite.api.events.GameTick - EventBus.Subscriber(object=net.runelite.client.plugins.boosts.BoostsPlugin@c269425, method=public void net.runelite.client.plugins.boosts.BoostsPlugin.onGameTick(net.runelite.api.events.GameTick), priority=0.0, lambda=net.runelite.client.plugins.boosts.BoostsPlugin$$Lambda/0x00000001007a78d0@1b98597d)
2026-04-26 16:17:19 GMT [AWT-EventQueue-0] DEBUG n.runelite.client.eventbus.EventBus - Registering class net.runelite.api.events.GameStateChanged - EventBus.Subscriber(object=net.runelite.client.plugins.boosts.BoostsPlugin@c269425, method=public void net.runelite.client.plugins.boosts.BoostsPlugin.onGameStateChanged(net.runelite.api.events.GameStateChanged), priority=0.0, lambda=net.runelite.client.plugins.boosts.BoostsPlugin$$Lambda/0x00000001007a7b08@7f9e56fe)
2026-04-26 16:17:19 GMT [AWT-EventQueue-0] DEBUG n.runelite.client.eventbus.EventBus - Registering class net.runelite.client.events.ConfigChanged - EventBus.Subscriber(object=net.runelite.client.plugins.boosts.BoostsPlugin@c269425, method=public void net.runelite.client.plugins.boosts.BoostsPlugin.onConfigChanged(net.runelite.client.events.ConfigChanged), priority=0.0, lambda=net.runelite.client.plugins.boosts.BoostsPlugin$$Lambda/0x00000001007a7d40@41d41d7f)
The following NEW packages will be installed:
  xorg-xprop xorg-xwininfo
2026-04-26 16:17:19 GMT [AWT-EventQueue-0] DEBUG n.r.client.plugins.PluginManager - Plugin HiscorePlugin is now running
2026-04-26 16:17:19 GMT [AWT-EventQueue-0] DEBUG n.runelite.client.eventbus.EventBus - Registering class net.runelite.api.events.ChatMessage - EventBus.Subscriber(object=net.runelite.client.plugins.hiscore.HiscorePlugin@767f6ee7, method=public void net.runelite.client.plugins.hiscore.HiscorePlugin.onChatMessage(net.runelite.api.events.ChatMessage), priority=0.0, lambda=net.runelite.client.plugins.hiscore.HiscorePlugin$$Lambda/0x00000001007a97c8@7e6724d7)
2026-04-26 16:17:19 GMT [AWT-EventQueue-0] DEBUG n.runelite.client.eventbus.EventBus - Registering class net.runelite.api.events.MenuOpened - EventBus.Subscriber(object=net.runelite.client.plugins.hiscore.HiscorePlugin@767f6ee7, method=private void net.runelite.client.plugins.hiscore.HiscorePlugin.onMenuOpened(net.runelite.api.events.MenuOpened), priority=0.0, lambda=net.runelite.client.plugins.hiscore.HiscorePlugin$$Lambda/0x00000001007a9a00@55ea4458)
2026-04-26 16:17:19 GMT [AWT-EventQueue-0] DEBUG n.runelite.client.eventbus.EventBus - Registering class net.runelite.client.events.ConfigChanged - EventBus.Subscriber(object=net.runelite.client.plugins.hiscore.HiscorePlugin@767f6ee7, method=public void net.runelite.client.plugins.hiscore.HiscorePlugin.onConfigChanged(net.runelite.client.events.ConfigChanged), priority=0.0, lambda=net.runelite.client.plugins.hiscore.HiscorePlugin$$Lambda/0x00000001007a9c38@650168a4)
2026-04-26 16:17:19 GMT [AWT-EventQueue-0] DEBUG n.runelite.client.eventbus.EventBus - Registering class net.runelite.api.events.MenuEntryAdded - EventBus.Subscriber(object=net.runelite.client.plugins.hiscore.HiscorePlugin@767f6ee7, method=public void net.runelite.client.plugins.hiscore.HiscorePlugin.onMenuEntryAdded(net.runelite.api.events.MenuEntryAdded), priority=0.0, lambda=net.runelite.client.plugins.hiscore.HiscorePlugin$$Lambda/0x00000001007a9e70@6a6b2e6e)
2026-04-26 16:17:19 GMT [AWT-EventQueue-0] DEBUG n.runelite.client.eventbus.EventBus - Registering class net.runelite.api.events.MenuOptionClicked - EventBus.Subscriber(object=net.runelite.client.plugins.hiscore.HiscorePlugin@767f6ee7, method=public void net.runelite.client.plugins.hiscore.HiscorePlugin.onMenuOptionClicked(net.runelite.api.events.MenuOptionClicked), priority=0.0, lambda=net.runelite.client.plugins.hiscore.HiscorePlugin$$Lambda/0x00000001007aa0a8@1b54e286)
2026-04-26 16:17:19 GMT [AWT-EventQueue-0] DEBUG n.runelite.client.eventbus.EventBus - Registering class net.runelite.api.events.VarbitChanged - EventBus.Subscriber(object=net.runelite.client.plugins.hiscore.HiscorePlugin@767f6ee7, method=public void net.runelite.client.plugins.hiscore.HiscorePlugin.onVarbitChanged(net.runelite.api.events.VarbitChanged), priority=0.0, lambda=net.runelite.client.plugins.hiscore.HiscorePlugin$$Lambda/0x00000001007aa2e0@66ed2ebd)
2026-04-26 16:17:19 GMT [AWT-EventQueue-0] DEBUG n.r.client.plugins.PluginManager - Plugin RunepouchPlugin is now running
2026-04-26 16:17:20 GMT [AWT-EventQueue-0] DEBUG n.runelite.client.eventbus.EventBus - Registering class net.runelite.api.events.ChatMessage - EventBus.Subscriber(object=net.runelite.client.plugins.timetracking.farming.CompostTracker@1b622c2d, method=public void net.runelite.client.plugins.timetracking.farming.CompostTracker.onChatMessage(net.runelite.api.events.ChatMessage), priority=0.0, lambda=net.runelite.client.plugins.timetracking.farming.CompostTracker$$Lambda/0x00000001007aa938@7e735639)
2026-04-26 16:17:20 GMT [AWT-EventQueue-0] DEBUG n.runelite.client.eventbus.EventBus - Registering class net.runelite.api.events.GameStateChanged - EventBus.Subscriber(object=net.runelite.client.plugins.timetracking.farming.CompostTracker@1b622c2d, method=public void net.runelite.client.plugins.timetracking.farming.CompostTracker.onGameStateChanged(net.runelite.api.events.GameStateChanged), priority=0.0, lambda=net.runelite.client.plugins.timetracking.farming.CompostTracker$$Lambda/0x00000001007aab70@41d42f20)
2026-04-26 16:17:20 GMT [AWT-EventQueue-0] DEBUG n.runelite.client.eventbus.EventBus - Registering class net.runelite.api.events.MenuOptionClicked - EventBus.Subscriber(object=net.runelite.client.plugins.timetracking.farming.CompostTracker@1b622c2d, method=public void net.runelite.client.plugins.timetracking.farming.CompostTracker.onMenuOptionClicked(net.runelite.api.events.MenuOptionClicked), priority=0.0, lambda=net.runelite.client.plugins.timetracking.farming.CompostTracker$$Lambda/0x00000001007aada8@2f7b25bf)
2026-04-26 16:17:20 GMT [AWT-EventQueue-0] DEBUG n.runelite.client.eventbus.EventBus - Registering class net.runelite.api.events.GameTick - EventBus.Subscriber(object=net.runelite.client.plugins.timetracking.farming.PaymentTracker@1b106b9a, method=public void net.runelite.client.plugins.timetracking.farming.PaymentTracker.onGameTick(net.runelite.api.events.GameTick), priority=0.0, lambda=net.runelite.client.plugins.timetracking.farming.PaymentTracker$$Lambda/0x00000001007aafe0@3b6e5e63)
2026-04-26 16:17:20 GMT [AWT-EventQueue-0] DEBUG n.runelite.client.eventbus.EventBus - Registering class net.runelite.api.events.ChatMessage - EventBus.Subscriber(object=net.runelite.client.plugins.timetracking.farming.PaymentTracker@1b106b9a, method=public void net.runelite.client.plugins.timetracking.farming.PaymentTracker.onChatMessage(net.runelite.api.events.ChatMessage), priority=0.0, lambda=net.runelite.client.plugins.timetracking.farming.PaymentTracker$$Lambda/0x00000001007ab218@5930a7bd)
2026-04-26 16:17:20 GMT [AWT-EventQueue-0] DEBUG n.runelite.client.eventbus.EventBus - Registering class net.runelite.api.events.MenuOptionClicked - EventBus.Subscriber(object=net.runelite.client.plugins.timetracking.farming.PaymentTracker@1b106b9a, method=public void net.runelite.client.plugins.timetracking.farming.PaymentTracker.onMenuOptionClicked(net.runelite.api.events.MenuOptionClicked), priority=0.0, lambda=net.runelite.client.plugins.timetracking.farming.PaymentTracker$$Lambda/0x00000001007ab450@8b098a3)
2026-04-26 16:17:20 GMT [AWT-EventQueue-0] DEBUG n.runelite.client.eventbus.EventBus - Registering class net.runelite.api.events.ScriptPreFired - EventBus.Subscriber(object=net.runelite.client.plugins.timetracking.farming.PaymentTracker@1b106b9a, method=public void net.runelite.client.plugins.timetracking.farming.PaymentTracker.onScriptPreFired(net.runelite.api.events.ScriptPreFired), priority=0.0, lambda=net.runelite.client.plugins.timetracking.farming.PaymentTracker$$Lambda/0x00000001007ab688@6f8732e3)
2026-04-26 16:17:20 GMT [AWT-EventQueue-0] DEBUG n.r.client.plugins.PluginManager - Plugin TimeTrackingPlugin is now running
2026-04-26 16:17:20 GMT [AWT-EventQueue-0] DEBUG n.runelite.client.eventbus.EventBus - Registering class net.runelite.api.events.GameTick - EventBus.Subscriber(object=net.runelite.client.plugins.timetracking.TimeTrackingPlugin@770beef5, method=public void net.runelite.client.plugins.timetracking.TimeTrackingPlugin.onGameTick(net.runelite.api.events.GameTick), priority=0.0, lambda=net.runelite.client.plugins.timetracking.TimeTrackingPlugin$$Lambda/0x00000001007b9db8@678aba54)
2026-04-26 16:17:20 GMT [AWT-EventQueue-0] DEBUG n.runelite.client.eventbus.EventBus - Registering class net.runelite.api.events.WidgetClosed - EventBus.Subscriber(object=net.runelite.client.plugins.timetracking.TimeTrackingPlugin@770beef5, method=private void net.runelite.client.plugins.timetracking.TimeTrackingPlugin.onWidgetClosed(net.runelite.api.events.WidgetClosed), priority=0.0, lambda=net.runelite.client.plugins.timetracking.TimeTrackingPlugin$$Lambda/0x00000001007b9ff0@5eb3b717)
2026-04-26 16:17:20 GMT [AWT-EventQueue-0] DEBUG n.runelite.client.eventbus.EventBus - Registering class net.runelite.api.events.ChatMessage - EventBus.Subscriber(object=net.runelite.client.plugins.timetracking.TimeTrackingPlugin@770beef5, method=public void net.runelite.client.plugins.timetracking.TimeTrackingPlugin.onChatMessage(net.runelite.api.events.ChatMessage), priority=0.0, lambda=net.runelite.client.plugins.timetracking.TimeTrackingPlugin$$Lambda/0x00000001007ba228@21d667c6)
2026-04-26 16:17:20 GMT [AWT-EventQueue-0] DEBUG n.runelite.client.eventbus.EventBus - Registering class net.runelite.client.events.ConfigChanged - EventBus.Subscriber(object=net.runelite.client.plugins.timetracking.TimeTrackingPlugin@770beef5, method=public void net.runelite.client.plugins.timetracking.TimeTrackingPlugin.onConfigChanged(net.runelite.client.events.ConfigChanged), priority=0.0, lambda=net.runelite.client.plugins.timetracking.TimeTrackingPlugin$$Lambda/0x00000001007ba460@28e55469)
2026-04-26 16:17:20 GMT [AWT-EventQueue-0] DEBUG n.runelite.client.eventbus.EventBus - Registering class net.runelite.api.events.CommandExecuted - EventBus.Subscriber(object=net.runelite.client.plugins.timetracking.TimeTrackingPlugin@770beef5, method=public void net.runelite.client.plugins.timetracking.TimeTrackingPlugin.onCommandExecuted(net.runelite.api.events.CommandExecuted), priority=0.0, lambda=net.runelite.client.plugins.timetracking.TimeTrackingPlugin$$Lambda/0x00000001007ba698@486e2986)
2026-04-26 16:17:20 GMT [AWT-EventQueue-0] DEBUG n.runelite.client.eventbus.EventBus - Registering class net.runelite.client.events.RuneScapeProfileChanged - EventBus.Subscriber(object=net.runelite.client.plugins.timetracking.TimeTrackingPlugin@770beef5, method=public void net.runelite.client.plugins.timetracking.TimeTrackingPlugin.onRuneScapeProfileChanged(net.runelite.client.events.RuneScapeProfileChanged), priority=0.0, lambda=net.runelite.client.plugins.timetracking.TimeTrackingPlugin$$Lambda/0x00000001007ba8d0@4b6e4ba2)
2026-04-26 16:17:20 GMT [AWT-EventQueue-0] DEBUG n.r.client.plugins.PluginManager - Plugin AnimationSmoothingPlugin is now running
2026-04-26 16:17:20 GMT [AWT-EventQueue-0] DEBUG n.r.client.plugins.PluginManager - Plugin KourendLibraryPlugin is now running
2026-04-26 16:17:20 GMT [AWT-EventQueue-0] DEBUG n.runelite.client.eventbus.EventBus - Registering class net.runelite.api.events.NpcSpawned - EventBus.Subscriber(object=net.runelite.client.plugins.kourendlibrary.KourendLibraryPlugin@55651434, method=public void net.runelite.client.plugins.kourendlibrary.KourendLibraryPlugin.onNpcSpawned(net.runelite.api.events.NpcSpawned), priority=0.0, lambda=net.runelite.client.plugins.kourendlibrary.KourendLibraryPlugin$$Lambda/0x00000001007bbaa0@1a92764)
2026-04-26 16:17:20 GMT [AWT-EventQueue-0] DEBUG n.runelite.client.eventbus.EventBus - Registering class net.runelite.api.events.NpcDespawned - EventBus.Subscriber(object=net.runelite.client.plugins.kourendlibrary.KourendLibraryPlugin@55651434, method=public void net.runelite.client.plugins.kourendlibrary.KourendLibraryPlugin.onNpcDespawned(net.runelite.api.events.NpcDespawned), priority=0.0, lambda=net.runelite.client.plugins.kourendlibrary.KourendLibraryPlugin$$Lambda/0x00000001007bbcd8@209694a)
2026-04-26 16:17:20 GMT [AWT-EventQueue-0] DEBUG n.runelite.client.eventbus.EventBus - Registering class net.runelite.api.events.GameTick - EventBus.Subscriber(object=net.runelite.client.plugins.kourendlibrary.KourendLibraryPlugin@55651434, method=public void net.runelite.client.plugins.kourendlibrary.KourendLibraryPlugin.onGameTick(net.runelite.api.events.GameTick), priority=0.0, lambda=net.runelite.client.plugins.kourendlibrary.KourendLibraryPlugin$$Lambda/0x00000001007bbf10@60a6e773)
2026-04-26 16:17:20 GMT [AWT-EventQueue-0] DEBUG n.runelite.client.eventbus.EventBus - Registering class net.runelite.api.events.ChatMessage - EventBus.Subscriber(object=net.runelite.client.plugins.kourendlibrary.KourendLibraryPlugin@55651434, method=public void net.runelite.client.plugins.kourendlibrary.KourendLibraryPlugin.onChatMessage(net.runelite.api.events.ChatMessage), priority=0.0, lambda=net.runelite.client.plugins.kourendlibrary.KourendLibraryPlugin$$Lambda/0x00000001007bc148@11d06a86)
2026-04-26 16:17:20 GMT [AWT-EventQueue-0] DEBUG n.runelite.client.eventbus.EventBus - Registering class net.runelite.api.events.GameStateChanged - EventBus.Subscriber(object=net.runelite.client.plugins.kourendlibrary.KourendLibraryPlugin@55651434, method=public void net.runelite.client.plugins.kourendlibrary.KourendLibraryPlugin.onGameStateChanged(net.runelite.api.events.GameStateChanged), priority=0.0, lambda=net.runelite.client.plugins.kourendlibrary.KourendLibraryPlugin$$Lambda/0x00000001007bc380@d955aeb)
2026-04-26 16:17:20 GMT [AWT-EventQueue-0] DEBUG n.runelite.client.eventbus.EventBus - Registering class net.runelite.client.events.ConfigChanged - EventBus.Subscriber(object=net.runelite.client.plugins.kourendlibrary.KourendLibraryPlugin@55651434, method=public void net.runelite.client.plugins.kourendlibrary.KourendLibraryPlugin.onConfigChanged(net.runelite.client.events.ConfigChanged), priority=0.0, lambda=net.runelite.client.plugins.kourendlibrary.KourendLibraryPlugin$$Lambda/0x00000001007bc5b8@170efb23)
2026-04-26 16:17:20 GMT [AWT-EventQueue-0] DEBUG n.runelite.client.eventbus.EventBus - Registering class net.runelite.api.events.MenuOptionClicked - EventBus.Subscriber(object=net.runelite.client.plugins.kourendlibrary.KourendLibraryPlugin@55651434, method=public void net.runelite.client.plugins.kourendlibrary.KourendLibraryPlugin.onMenuOptionClicked(net.runelite.api.events.MenuOptionClicked), priority=0.0, lambda=net.runelite.client.plugins.kourendlibrary.KourendLibraryPlugin$$Lambda/0x00000001007bc7f0@170e3e49)
2026-04-26 16:17:20 GMT [AWT-EventQueue-0] DEBUG n.runelite.client.eventbus.EventBus - Registering class net.runelite.api.events.ItemContainerChanged - EventBus.Subscriber(object=net.runelite.client.plugins.kourendlibrary.KourendLibraryPlugin@55651434, method=public void net.runelite.client.plugins.kourendlibrary.KourendLibraryPlugin.onItemContainerChanged(net.runelite.api.events.ItemContainerChanged), priority=0.0, lambda=net.runelite.client.plugins.kourendlibrary.KourendLibraryPlugin$$Lambda/0x00000001007bca28@33cfe50e)
2026-04-26 16:17:20 GMT [AWT-EventQueue-0] DEBUG n.runelite.client.eventbus.EventBus - Registering class net.runelite.api.events.AnimationChanged - EventBus.Subscriber(object=net.runelite.client.plugins.kourendlibrary.KourendLibraryPlugin@55651434, method=public void net.runelite.client.plugins.kourendlibrary.KourendLibraryPlugin.onAnimationChanged(net.runelite.api.events.AnimationChanged), priority=0.0, lambda=net.runelite.client.plugins.kourendlibrary.KourendLibraryPlugin$$Lambda/0x00000001007bcc60@3e90dcf4)
2026-04-26 16:17:20 GMT [AWT-EventQueue-0] DEBUG n.r.client.plugins.PluginManager - Plugin GroundMarkerPlugin is now running
2026-04-26 16:17:20 GMT [AWT-EventQueue-0] DEBUG n.runelite.client.eventbus.EventBus - Registering class net.runelite.client.events.ConfigChanged - EventBus.Subscriber(object=net.runelite.client.plugins.groundmarkers.GroundMarkerPlugin@97a145b, method=public void net.runelite.client.plugins.groundmarkers.GroundMarkerPlugin.onConfigChanged(net.runelite.client.events.ConfigChanged), priority=0.0, lambda=net.runelite.client.plugins.groundmarkers.GroundMarkerPlugin$$Lambda/0x00000001007bd540@940505)
2026-04-26 16:17:20 GMT [AWT-EventQueue-0] DEBUG n.runelite.client.eventbus.EventBus - Registering class net.runelite.client.events.ProfileChanged - EventBus.Subscriber(object=net.runelite.client.plugins.groundmarkers.GroundMarkerPlugin@97a145b, method=public void net.runelite.client.plugins.groundmarkers.GroundMarkerPlugin.onProfileChanged(net.runelite.client.events.ProfileChanged), priority=0.0, lambda=net.runelite.client.plugins.groundmarkers.GroundMarkerPlugin$$Lambda/0x00000001007bd778@29db9880)
2026-04-26 16:17:20 GMT [AWT-EventQueue-0] DEBUG n.runelite.client.eventbus.EventBus - Registering class net.runelite.api.events.MenuEntryAdded - EventBus.Subscriber(object=net.runelite.client.plugins.groundmarkers.GroundMarkerPlugin@97a145b, method=public void net.runelite.client.plugins.groundmarkers.GroundMarkerPlugin.onMenuEntryAdded(net.runelite.api.events.MenuEntryAdded), priority=0.0, lambda=net.runelite.client.plugins.groundmarkers.GroundMarkerPlugin$$Lambda/0x00000001007bd9b0@42856927)
2026-04-26 16:17:20 GMT [AWT-EventQueue-0] DEBUG n.runelite.client.eventbus.EventBus - Registering class net.runelite.api.events.WorldViewUnloaded - EventBus.Subscriber(object=net.runelite.client.plugins.groundmarkers.GroundMarkerPlugin@97a145b, method=public void net.runelite.client.plugins.groundmarkers.GroundMarkerPlugin.onWorldViewUnloaded(net.runelite.api.events.WorldViewUnloaded), priority=0.0, lambda=net.runelite.client.plugins.groundmarkers.GroundMarkerPlugin$$Lambda/0x00000001007bdbe8@1f8df876)
2026-04-26 16:17:20 GMT [AWT-EventQueue-0] DEBUG n.runelite.client.eventbus.EventBus - Registering class net.runelite.api.events.WorldViewLoaded - EventBus.Subscriber(object=net.runelite.client.plugins.groundmarkers.GroundMarkerPlugin@97a145b, method=public void net.runelite.client.plugins.groundmarkers.GroundMarkerPlugin.onWorldViewLoaded(net.runelite.api.events.WorldViewLoaded), priority=0.0, lambda=net.runelite.client.plugins.groundmarkers.GroundMarkerPlugin$$Lambda/0x00000001007bde20@5b3e5ffa)
2026-04-26 16:17:20 GMT [AWT-EventQueue-0] DEBUG n.r.client.plugins.PluginManager - Plugin DiaryRequirementsPlugin is now running
2026-04-26 16:17:20 GMT [AWT-EventQueue-0] DEBUG n.runelite.client.eventbus.EventBus - Registering class net.runelite.api.events.WidgetLoaded - EventBus.Subscriber(object=net.runelite.client.plugins.achievementdiary.DiaryRequirementsPlugin@6ee99964, method=public void net.runelite.client.plugins.achievementdiary.DiaryRequirementsPlugin.onWidgetLoaded(net.runelite.api.events.WidgetLoaded), priority=0.0, lambda=net.runelite.client.plugins.achievementdiary.DiaryRequirementsPlugin$$Lambda/0x00000001007be058@3f1e152c)
2026-04-26 16:17:20 GMT [AWT-EventQueue-0] DEBUG net.runelite.client.input.KeyManager - Registering key listener: net.runelite.client.plugins.chathistory.ChatHistoryPlugin@59bbb974
2026-04-26 16:17:20 GMT [AWT-EventQueue-0] DEBUG n.r.client.plugins.PluginManager - Plugin ChatHistoryPlugin is now running
2026-04-26 16:17:20 GMT [AWT-EventQueue-0] DEBUG n.runelite.client.eventbus.EventBus - Registering class net.runelite.api.events.ChatMessage - EventBus.Subscriber(object=net.runelite.client.plugins.chathistory.ChatHistoryPlugin@59bbb974, method=public void net.runelite.client.plugins.chathistory.ChatHistoryPlugin.onChatMessage(net.runelite.api.events.ChatMessage), priority=0.0, lambda=net.runelite.client.plugins.chathistory.ChatHistoryPlugin$$Lambda/0x00000001007be290@3f1b67b5)
2026-04-26 16:17:20 GMT [AWT-EventQueue-0] DEBUG n.runelite.client.eventbus.EventBus - Registering class net.runelite.api.events.MenuEntryAdded - EventBus.Subscriber(object=net.runelite.client.plugins.chathistory.ChatHistoryPlugin@59bbb974, method=public void net.runelite.client.plugins.chathistory.ChatHistoryPlugin.onMenuEntryAdded(net.runelite.api.events.MenuEntryAdded), priority=0.0, lambda=net.runelite.client.plugins.chathistory.ChatHistoryPlugin$$Lambda/0x00000001007be4c8@547d6a89)
2026-04-26 16:17:20 GMT [AWT-EventQueue-0] DEBUG n.runelite.client.eventbus.EventBus - Registering class net.runelite.api.events.MenuOptionClicked - EventBus.Subscriber(object=net.runelite.client.plugins.chathistory.ChatHistoryPlugin@59bbb974, method=public void net.runelite.client.plugins.chathistory.ChatHistoryPlugin.onMenuOptionClicked(net.runelite.api.events.MenuOptionClicked), priority=0.0, lambda=net.runelite.client.plugins.chathistory.ChatHistoryPlugin$$Lambda/0x00000001007be700@628180fb)
2026-04-26 16:17:20 GMT [AWT-EventQueue-0] DEBUG n.r.client.plugins.PluginManager - Plugin ItemStatPlugin is now running
2026-04-26 16:17:20 GMT [AWT-EventQueue-0] DEBUG n.runelite.client.eventbus.EventBus - Registering class net.runelite.api.events.GameTick - EventBus.Subscriber(object=net.runelite.client.plugins.itemstats.ItemStatPlugin@3fb9a67f, method=public void net.runelite.client.plugins.itemstats.ItemStatPlugin.onGameTick(net.runelite.api.events.GameTick), priority=0.0, lambda=net.runelite.client.plugins.itemstats.ItemStatPlugin$$Lambda/0x00000001007be938@b3cd42f)
2026-04-26 16:17:20 GMT [AWT-EventQueue-0] DEBUG n.runelite.client.eventbus.EventBus - Registering class net.runelite.client.events.ConfigChanged - EventBus.Subscriber(object=net.runelite.client.plugins.itemstats.ItemStatPlugin@3fb9a67f, method=public void net.runelite.client.plugins.itemstats.ItemStatPlugin.onConfigChanged(net.runelite.client.events.ConfigChanged), priority=0.0, lambda=net.runelite.client.plugins.itemstats.ItemStatPlugin$$Lambda/0x00000001007beb70@4bb31bfb)
2026-04-26 16:17:20 GMT [AWT-EventQueue-0] DEBUG n.runelite.client.eventbus.EventBus - Registering class net.runelite.api.events.ScriptPostFired - EventBus.Subscriber(object=net.runelite.client.plugins.itemstats.ItemStatPlugin@3fb9a67f, method=public void net.runelite.client.plugins.itemstats.ItemStatPlugin.onScriptPostFired(net.runelite.api.events.ScriptPostFired), priority=0.0, lambda=net.runelite.client.plugins.itemstats.ItemStatPlugin$$Lambda/0x00000001007beda8@18ec747a)
2026-04-26 16:17:20 GMT [AWT-EventQueue-0] DEBUG n.runelite.client.eventbus.EventBus - Registering class net.runelite.api.events.VarbitChanged - EventBus.Subscriber(object=net.runelite.client.plugins.itemstats.ItemStatPlugin@3fb9a67f, method=public void net.runelite.client.plugins.itemstats.ItemStatPlugin.onVarbitChanged(net.runelite.api.events.VarbitChanged), priority=0.0, lambda=net.runelite.client.plugins.itemstats.ItemStatPlugin$$Lambda/0x00000001007befe0@43cf96cd)
2026-04-26 16:17:20 GMT [AWT-EventQueue-0] DEBUG net.runelite.client.input.KeyManager - Registering key listener: net.runelite.client.plugins.raids.RaidsPlugin$1@27718510
2026-04-26 16:17:20 GMT [AWT-EventQueue-0] DEBUG n.r.client.plugins.PluginManager - Plugin RaidsPlugin is now running
2026-04-26 16:17:20 GMT [AWT-EventQueue-0] DEBUG n.runelite.client.eventbus.EventBus - Registering class net.runelite.api.events.ChatMessage - EventBus.Subscriber(object=net.runelite.client.plugins.raids.RaidsPlugin@6824b913, method=public void net.runelite.client.plugins.raids.RaidsPlugin.onChatMessage(net.runelite.api.events.ChatMessage), priority=0.0, lambda=net.runelite.client.plugins.raids.RaidsPlugin$$Lambda/0x00000001007bf8d0@40e3ce04)
2026-04-26 16:17:20 GMT [AWT-EventQueue-0] DEBUG n.runelite.client.eventbus.EventBus - Registering class net.runelite.api.events.GameStateChanged - EventBus.Subscriber(object=net.runelite.client.plugins.raids.RaidsPlugin@6824b913, method=public void net.runelite.client.plugins.raids.RaidsPlugin.onGameStateChanged(net.runelite.api.events.GameStateChanged), priority=0.0, lambda=net.runelite.client.plugins.raids.RaidsPlugin$$Lambda/0x00000001007bfb08@7d08d42d)
2026-04-26 16:17:20 GMT [AWT-EventQueue-0] DEBUG n.runelite.client.eventbus.EventBus - Registering class net.runelite.client.events.ConfigChanged - EventBus.Subscriber(object=net.runelite.client.plugins.raids.RaidsPlugin@6824b913, method=public void net.runelite.client.plugins.raids.RaidsPlugin.onConfigChanged(net.runelite.client.events.ConfigChanged), priority=0.0, lambda=net.runelite.client.plugins.raids.RaidsPlugin$$Lambda/0x00000001007bfd40@786fab6e)
2026-04-26 16:17:20 GMT [AWT-EventQueue-0] DEBUG n.runelite.client.eventbus.EventBus - Registering class net.runelite.api.events.VarbitChanged - EventBus.Subscriber(object=net.runelite.client.plugins.raids.RaidsPlugin@6824b913, method=public void net.runelite.client.plugins.raids.RaidsPlugin.onVarbitChanged(net.runelite.api.events.VarbitChanged), priority=0.0, lambda=net.runelite.client.plugins.raids.RaidsPlugin$$Lambda/0x00000001007c0000@419279ff)
2026-04-26 16:17:20 GMT [AWT-EventQueue-0] DEBUG net.runelite.client.input.KeyManager - Registering key listener: net.runelite.client.plugins.loginscreen.LoginScreenPlugin@609e57da
2026-04-26 16:17:20 GMT [AWT-EventQueue-0] DEBUG n.r.client.plugins.PluginManager - Plugin LoginScreenPlugin is now running
2026-04-26 16:17:20 GMT [AWT-EventQueue-0] DEBUG n.runelite.client.eventbus.EventBus - Registering class net.runelite.api.events.GameStateChanged - EventBus.Subscriber(object=net.runelite.client.plugins.loginscreen.LoginScreenPlugin@609e57da, method=public void net.runelite.client.plugins.loginscreen.LoginScreenPlugin.onGameStateChanged(net.runelite.api.events.GameStateChanged), priority=0.0, lambda=net.runelite.client.plugins.loginscreen.LoginScreenPlugin$$Lambda/0x00000001007c0460@46d2707c)
2026-04-26 16:17:20 GMT [AWT-EventQueue-0] DEBUG n.runelite.client.eventbus.EventBus - Registering class net.runelite.client.events.ConfigChanged - EventBus.Subscriber(object=net.runelite.client.plugins.loginscreen.LoginScreenPlugin@609e57da, method=public void net.runelite.client.plugins.loginscreen.LoginScreenPlugin.onConfigChanged(net.runelite.client.events.ConfigChanged), priority=0.0, lambda=net.runelite.client.plugins.loginscreen.LoginScreenPlugin$$Lambda/0x00000001007c0698@20492a28)
2026-04-26 16:17:20 GMT [AWT-EventQueue-0] DEBUG n.runelite.client.eventbus.EventBus - Registering class net.runelite.client.events.ProfileChanged - EventBus.Subscriber(object=net.runelite.client.plugins.loginscreen.LoginScreenPlugin@609e57da, method=public void net.runelite.client.plugins.loginscreen.LoginScreenPlugin.onProfileChanged(net.runelite.client.events.ProfileChanged), priority=0.0, lambda=net.runelite.client.plugins.loginscreen.LoginScreenPlugin$$Lambda/0x00000001007c08d0@7f80b2fe)
2026-04-26 16:17:20 GMT [AWT-EventQueue-0] DEBUG n.r.client.plugins.PluginManager - Plugin DailyTasksPlugin is now running
2026-04-26 16:17:20 GMT [AWT-EventQueue-0] DEBUG n.runelite.client.eventbus.EventBus - Registering class net.runelite.api.events.GameTick - EventBus.Subscriber(object=net.runelite.client.plugins.dailytaskindicators.DailyTasksPlugin@58f4b31a, method=public void net.runelite.client.plugins.dailytaskindicators.DailyTasksPlugin.onGameTick(net.runelite.api.events.GameTick), priority=0.0, lambda=net.runelite.client.plugins.dailytaskindicators.DailyTasksPlugin$$Lambda/0x00000001007c0b08@1063554a)
2026-04-26 16:17:20 GMT [AWT-EventQueue-0] DEBUG n.runelite.client.eventbus.EventBus - Registering class net.runelite.api.events.GameStateChanged - EventBus.Subscriber(object=net.runelite.client.plugins.dailytaskindicators.DailyTasksPlugin@58f4b31a, method=public void net.runelite.client.plugins.dailytaskindicators.DailyTasksPlugin.onGameStateChanged(net.runelite.api.events.GameStateChanged), priority=0.0, lambda=net.runelite.client.plugins.dailytaskindicators.DailyTasksPlugin$$Lambda/0x00000001007c0d40@63b1d165)
2026-04-26 16:17:20 GMT [AWT-EventQueue-0] DEBUG n.r.client.plugins.PluginManager - Plugin SkillCalculatorPlugin is now running
2026-04-26 16:17:20 GMT [AWT-EventQueue-0] DEBUG n.runelite.client.eventbus.EventBus - Registering class net.runelite.api.events.WorldChanged - EventBus.Subscriber(object=net.runelite.client.plugins.skillcalculator.SkillCalculatorPlugin@3f5156a6, method=public void net.runelite.client.plugins.skillcalculator.SkillCalculatorPlugin.onWorldChanged(net.runelite.api.events.WorldChanged), priority=0.0, lambda=net.runelite.client.plugins.skillcalculator.SkillCalculatorPlugin$$Lambda/0x00000001007cf1e0@2d79473c)
2026-04-26 16:17:20 GMT [AWT-EventQueue-0] DEBUG n.r.client.plugins.PluginManager - Plugin PestControlPlugin is now running
2026-04-26 16:17:20 GMT [AWT-EventQueue-0] DEBUG n.runelite.client.eventbus.EventBus - Registering class net.runelite.api.events.NpcSpawned - EventBus.Subscriber(object=net.runelite.client.plugins.pestcontrol.PestControlPlugin@6680f714, method=public void net.runelite.client.plugins.pestcontrol.PestControlPlugin.onNpcSpawned(net.runelite.api.events.NpcSpawned), priority=0.0, lambda=net.runelite.client.plugins.pestcontrol.PestControlPlugin$$Lambda/0x00000001007cf418@419a7bcf)
2026-04-26 16:17:20 GMT [AWT-EventQueue-0] DEBUG n.runelite.client.eventbus.EventBus - Registering class net.runelite.api.events.NpcDespawned - EventBus.Subscriber(object=net.runelite.client.plugins.pestcontrol.PestControlPlugin@6680f714, method=public void net.runelite.client.plugins.pestcontrol.PestControlPlugin.onNpcDespawned(net.runelite.api.events.NpcDespawned), priority=0.0, lambda=net.runelite.client.plugins.pestcontrol.PestControlPlugin$$Lambda/0x00000001007cf878@62d4cbad)
2026-04-26 16:17:20 GMT [AWT-EventQueue-0] DEBUG n.runelite.client.eventbus.EventBus - Registering class net.runelite.api.events.ChatMessage - EventBus.Subscriber(object=net.runelite.client.plugins.pestcontrol.PestControlPlugin@6680f714, method=public void net.runelite.client.plugins.pestcontrol.PestControlPlugin.onChatMessage(net.runelite.api.events.ChatMessage), priority=0.0, lambda=net.runelite.client.plugins.pestcontrol.PestControlPlugin$$Lambda/0x00000001007cfab0@41f2d4fe)
2026-04-26 16:17:20 GMT [AWT-EventQueue-0] DEBUG n.runelite.client.eventbus.EventBus - Registering class net.runelite.api.events.GameStateChanged - EventBus.Subscriber(object=net.runelite.client.plugins.pestcontrol.PestControlPlugin@6680f714, method=public void net.runelite.client.plugins.pestcontrol.PestControlPlugin.onGameStateChanged(net.runelite.api.events.GameStateChanged), priority=0.0, lambda=net.runelite.client.plugins.pestcontrol.PestControlPlugin$$Lambda/0x00000001007cfce8@7399d7be)
2026-04-26 16:17:20 GMT [AWT-EventQueue-0] DEBUG n.r.client.plugins.PluginManager - Plugin PuzzleSolverPlugin is now running
2026-04-26 16:17:20 GMT [AWT-EventQueue-0] DEBUG n.runelite.client.eventbus.EventBus - Registering class net.runelite.api.events.WidgetLoaded - EventBus.Subscriber(object=net.runelite.client.plugins.puzzlesolver.PuzzleSolverPlugin@650c405c, method=public void net.runelite.client.plugins.puzzlesolver.PuzzleSolverPlugin.onWidgetLoaded(net.runelite.api.events.WidgetLoaded), priority=0.0, lambda=net.runelite.client.plugins.puzzlesolver.PuzzleSolverPlugin$$Lambda/0x00000001007d0000@5382ef78)
2026-04-26 16:17:20 GMT [AWT-EventQueue-0] DEBUG n.runelite.client.eventbus.EventBus - Registering class net.runelite.api.events.GameTick - EventBus.Subscriber(object=net.runelite.client.plugins.puzzlesolver.PuzzleSolverPlugin@650c405c, method=public void net.runelite.client.plugins.puzzlesolver.PuzzleSolverPlugin.onGameTick(net.runelite.api.events.GameTick), priority=0.0, lambda=net.runelite.client.plugins.puzzlesolver.PuzzleSolverPlugin$$Lambda/0x00000001007d0238@7e055b13)
2026-04-26 16:17:20 GMT [AWT-EventQueue-0] DEBUG n.runelite.client.eventbus.EventBus - Registering class net.runelite.api.events.MenuOptionClicked - EventBus.Subscriber(object=net.runelite.client.plugins.puzzlesolver.PuzzleSolverPlugin@650c405c, method=public void net.runelite.client.plugins.puzzlesolver.PuzzleSolverPlugin.onMenuOptionClicked(net.runelite.api.events.MenuOptionClicked), priority=0.0, lambda=net.runelite.client.plugins.puzzlesolver.PuzzleSolverPlugin$$Lambda/0x00000001007d0470@3ac9f276)
2026-04-26 16:17:20 GMT [AWT-EventQueue-0] DEBUG n.r.client.plugins.PluginManager - Plugin PoisonPlugin is now running
2026-04-26 16:17:20 GMT [AWT-EventQueue-0] DEBUG n.runelite.client.eventbus.EventBus - Registering class net.runelite.client.events.ConfigChanged - EventBus.Subscriber(object=net.runelite.client.plugins.poison.PoisonPlugin@2f10f633, method=public void net.runelite.client.plugins.poison.PoisonPlugin.onConfigChanged(net.runelite.client.events.ConfigChanged), priority=0.0, lambda=net.runelite.client.plugins.poison.PoisonPlugin$$Lambda/0x00000001007d06a8@4ffafb60)
2026-04-26 16:17:20 GMT [AWT-EventQueue-0] DEBUG n.runelite.client.eventbus.EventBus - Registering class net.runelite.api.events.VarbitChanged - EventBus.Subscriber(object=net.runelite.client.plugins.poison.PoisonPlugin@2f10f633, method=public void net.runelite.client.plugins.poison.PoisonPlugin.onVarbitChanged(net.runelite.api.events.VarbitChanged), priority=0.0, lambda=net.runelite.client.plugins.poison.PoisonPlugin$$Lambda/0x00000001007d08e0@65a10006)
2026-04-26 16:17:20 GMT [AWT-EventQueue-0] DEBUG n.r.client.plugins.PluginManager - Plugin SpellbookPlugin is now running
2026-04-26 16:17:20 GMT [AWT-EventQueue-0] DEBUG n.runelite.client.eventbus.EventBus - Registering class net.runelite.api.events.WidgetDrag - EventBus.Subscriber(object=net.runelite.client.plugins.spellbook.SpellbookPlugin@92d1782, method=public void net.runelite.client.plugins.spellbook.SpellbookPlugin.onWidgetDrag(net.runelite.api.events.WidgetDrag), priority=0.0, lambda=net.runelite.client.plugins.spellbook.SpellbookPlugin$$Lambda/0x00000001007d13e8@9a3c8ea)
2026-04-26 16:17:20 GMT [AWT-EventQueue-0] DEBUG n.runelite.client.eventbus.EventBus - Registering class net.runelite.api.events.ScriptCallbackEvent - EventBus.Subscriber(object=net.runelite.client.plugins.spellbook.SpellbookPlugin@92d1782, method=public void net.runelite.client.plugins.spellbook.SpellbookPlugin.onScriptCallbackEvent(net.runelite.api.events.ScriptCallbackEvent), priority=0.0, lambda=net.runelite.client.plugins.spellbook.SpellbookPlugin$$Lambda/0x00000001007d1620@1dd3fa28)
2026-04-26 16:17:20 GMT [AWT-EventQueue-0] DEBUG n.runelite.client.eventbus.EventBus - Registering class net.runelite.client.events.ProfileChanged - EventBus.Subscriber(object=net.runelite.client.plugins.spellbook.SpellbookPlugin@92d1782, method=public void net.runelite.client.plugins.spellbook.SpellbookPlugin.onProfileChanged(net.runelite.client.events.ProfileChanged), priority=0.0, lambda=net.runelite.client.plugins.spellbook.SpellbookPlugin$$Lambda/0x00000001007d1858@5bf3df16)
2026-04-26 16:17:20 GMT [AWT-EventQueue-0] DEBUG n.runelite.client.eventbus.EventBus - Registering class net.runelite.api.events.ScriptPreFired - EventBus.Subscriber(object=net.runelite.client.plugins.spellbook.SpellbookPlugin@92d1782, method=public void net.runelite.client.plugins.spellbook.SpellbookPlugin.onScriptPreFired(net.runelite.api.events.ScriptPreFired), priority=0.0, lambda=net.runelite.client.plugins.spellbook.SpellbookPlugin$$Lambda/0x00000001007d1a90@76bff734)
2026-04-26 16:17:20 GMT [AWT-EventQueue-0] DEBUG n.r.client.plugins.PluginManager - Plugin SlayerPlugin is now running
2026-04-26 16:17:20 GMT [AWT-EventQueue-0] DEBUG n.runelite.client.eventbus.EventBus - Registering class net.runelite.api.events.NpcSpawned - EventBus.Subscriber(object=net.runelite.client.plugins.slayer.SlayerPlugin@e784320, method=public void net.runelite.client.plugins.slayer.SlayerPlugin.onNpcSpawned(net.runelite.api.events.NpcSpawned), priority=0.0, lambda=net.runelite.client.plugins.slayer.SlayerPlugin$$Lambda/0x00000001007d25a8@38bfd956)
2026-04-26 16:17:20 GMT [AWT-EventQueue-0] DEBUG n.runelite.client.eventbus.EventBus - Registering class net.runelite.api.events.NpcDespawned - EventBus.Subscriber(object=net.runelite.client.plugins.slayer.SlayerPlugin@e784320, method=public void net.runelite.client.plugins.slayer.SlayerPlugin.onNpcDespawned(net.runelite.api.events.NpcDespawned), priority=0.0, lambda=net.runelite.client.plugins.slayer.SlayerPlugin$$Lambda/0x00000001007d27e0@392874)
2026-04-26 16:17:20 GMT [AWT-EventQueue-0] DEBUG n.runelite.client.eventbus.EventBus - Registering class net.runelite.api.events.GameTick - EventBus.Subscriber(object=net.runelite.client.plugins.slayer.SlayerPlugin@e784320, method=public void net.runelite.client.plugins.slayer.SlayerPlugin.onGameTick(net.runelite.api.events.GameTick), priority=0.0, lambda=net.runelite.client.plugins.slayer.SlayerPlugin$$Lambda/0x00000001007d2a18@1a97bdda)
2026-04-26 16:17:20 GMT [AWT-EventQueue-0] DEBUG n.runelite.client.eventbus.EventBus - Registering class net.runelite.api.events.ChatMessage - EventBus.Subscriber(object=net.runelite.client.plugins.slayer.SlayerPlugin@e784320, method=public void net.runelite.client.plugins.slayer.SlayerPlugin.onChatMessage(net.runelite.api.events.ChatMessage), priority=0.0, lambda=net.runelite.client.plugins.slayer.SlayerPlugin$$Lambda/0x00000001007d2c50@6675bbe7)
2026-04-26 16:17:20 GMT [AWT-EventQueue-0] DEBUG n.runelite.client.eventbus.EventBus - Registering class net.runelite.api.events.GameStateChanged - EventBus.Subscriber(object=net.runelite.client.plugins.slayer.SlayerPlugin@e784320, method=public void net.runelite.client.plugins.slayer.SlayerPlugin.onGameStateChanged(net.runelite.api.events.GameStateChanged), priority=0.0, lambda=net.runelite.client.plugins.slayer.SlayerPlugin$$Lambda/0x00000001007d2e88@38257532)
2026-04-26 16:17:20 GMT [AWT-EventQueue-0] DEBUG n.runelite.client.eventbus.EventBus - Registering class net.runelite.client.events.ConfigChanged - EventBus.Subscriber(object=net.runelite.client.plugins.slayer.SlayerPlugin@e784320, method=private void net.runelite.client.plugins.slayer.SlayerPlugin.onConfigChanged(net.runelite.client.events.ConfigChanged), priority=0.0, lambda=net.runelite.client.plugins.slayer.SlayerPlugin$$Lambda/0x00000001007d30c0@6e78aa56)
2026-04-26 16:17:20 GMT [AWT-EventQueue-0] DEBUG n.runelite.client.eventbus.EventBus - Registering class net.runelite.api.events.MenuOptionClicked - EventBus.Subscriber(object=net.runelite.client.plugins.slayer.SlayerPlugin@e784320, method=public void net.runelite.client.plugins.slayer.SlayerPlugin.onMenuOptionClicked(net.runelite.api.events.MenuOptionClicked), priority=0.0, lambda=net.runelite.client.plugins.slayer.SlayerPlugin$$Lambda/0x00000001007d32f8@39cb01dc)
2026-04-26 16:17:20 GMT [AWT-EventQueue-0] DEBUG n.runelite.client.eventbus.EventBus - Registering class net.runelite.api.events.VarbitChanged - EventBus.Subscriber(object=net.runelite.client.plugins.slayer.SlayerPlugin@e784320, method=public void net.runelite.client.plugins.slayer.SlayerPlugin.onVarbitChanged(net.runelite.api.events.VarbitChanged), priority=0.0, lambda=net.runelite.client.plugins.slayer.SlayerPlugin$$Lambda/0x00000001007d3530@7b0606b7)
2026-04-26 16:17:20 GMT [AWT-EventQueue-0] DEBUG n.runelite.client.eventbus.EventBus - Registering class net.runelite.api.events.CommandExecuted - EventBus.Subscriber(object=net.runelite.client.plugins.slayer.SlayerPlugin@e784320, method=public void net.runelite.client.plugins.slayer.SlayerPlugin.onCommandExecuted(net.runelite.api.events.CommandExecuted), priority=0.0, lambda=net.runelite.client.plugins.slayer.SlayerPlugin$$Lambda/0x00000001007d3768@13156898)
2026-04-26 16:17:20 GMT [AWT-EventQueue-0] DEBUG n.r.client.plugins.PluginManager - Plugin RunecraftPlugin is now running
2026-04-26 16:17:20 GMT [AWT-EventQueue-0] DEBUG n.runelite.client.eventbus.EventBus - Registering class net.runelite.api.events.ChatMessage - EventBus.Subscriber(object=net.runelite.client.plugins.runecraft.RunecraftPlugin@7980cf2c, method=public void net.runelite.client.plugins.runecraft.RunecraftPlugin.onChatMessage(net.runelite.api.events.ChatMessage), priority=0.0, lambda=net.runelite.client.plugins.runecraft.RunecraftPlugin$$Lambda/0x00000001007d6468@31646c2f)
2026-04-26 16:17:20 GMT [AWT-EventQueue-0] DEBUG n.runelite.client.eventbus.EventBus - Registering class net.runelite.api.events.GameStateChanged - EventBus.Subscriber(object=net.runelite.client.plugins.runecraft.RunecraftPlugin@7980cf2c, method=public void net.runelite.client.plugins.runecraft.RunecraftPlugin.onGameStateChanged(net.runelite.api.events.GameStateChanged), priority=0.0, lambda=net.runelite.client.plugins.runecraft.RunecraftPlugin$$Lambda/0x00000001007d66a0@7153762d)
2026-04-26 16:17:20 GMT [AWT-EventQueue-0] DEBUG n.runelite.client.eventbus.EventBus - Registering class net.runelite.api.events.ItemContainerChanged - EventBus.Subscriber(object=net.runelite.client.plugins.runecraft.RunecraftPlugin@7980cf2c, method=public void net.runelite.client.plugins.runecraft.RunecraftPlugin.onItemContainerChanged(net.runelite.api.events.ItemContainerChanged), priority=0.0, lambda=net.runelite.client.plugins.runecraft.RunecraftPlugin$$Lambda/0x00000001007d68d8@7eb6dd0b)
2026-04-26 16:17:20 GMT [AWT-EventQueue-0] DEBUG n.runelite.client.eventbus.EventBus - Registering class net.runelite.api.events.DecorativeObjectSpawned - EventBus.Subscriber(object=net.runelite.client.plugins.runecraft.RunecraftPlugin@7980cf2c, method=public void net.runelite.client.plugins.runecraft.RunecraftPlugin.onDecorativeObjectSpawned(net.runelite.api.events.DecorativeObjectSpawned), priority=0.0, lambda=net.runelite.client.plugins.runecraft.RunecraftPlugin$$Lambda/0x00000001007d6b10@9286fe6)
2026-04-26 16:17:20 GMT [AWT-EventQueue-0] DEBUG n.runelite.client.eventbus.EventBus - Registering class net.runelite.api.events.DecorativeObjectDespawned - EventBus.Subscriber(object=net.runelite.client.plugins.runecraft.RunecraftPlugin@7980cf2c, method=public void net.runelite.client.plugins.runecraft.RunecraftPlugin.onDecorativeObjectDespawned(net.runelite.api.events.DecorativeObjectDespawned), priority=0.0, lambda=net.runelite.client.plugins.runecraft.RunecraftPlugin$$Lambda/0x00000001007d6d48@23f07564)
2026-04-26 16:17:20 GMT [AWT-EventQueue-0] DEBUG n.r.client.plugins.PluginManager - Plugin XteaPlugin is now running
2026-04-26 16:17:20 GMT [AWT-EventQueue-0] DEBUG n.runelite.client.eventbus.EventBus - Registering class net.runelite.api.events.WorldViewLoaded - EventBus.Subscriber(object=net.runelite.client.plugins.xtea.XteaPlugin@77c1e611, method=public void net.runelite.client.plugins.xtea.XteaPlugin.onWorldViewLoaded(net.runelite.api.events.WorldViewLoaded), priority=0.0, lambda=net.runelite.client.plugins.xtea.XteaPlugin$$Lambda/0x00000001007d71a8@507343d3)
2026-04-26 16:17:20 GMT [AWT-EventQueue-0] DEBUG n.r.client.plugins.PluginManager - Plugin AgilityPlugin is now running
2026-04-26 16:17:20 GMT [AWT-EventQueue-0] DEBUG n.runelite.client.eventbus.EventBus - Registering class net.runelite.api.events.ItemSpawned - EventBus.Subscriber(object=net.runelite.client.plugins.agility.AgilityPlugin@427a12b6, method=public void net.runelite.client.plugins.agility.AgilityPlugin.onItemSpawned(net.runelite.api.events.ItemSpawned), priority=0.0, lambda=net.runelite.client.plugins.agility.AgilityPlugin$$Lambda/0x00000001007d7608@610e951a)
2026-04-26 16:17:20 GMT [AWT-EventQueue-0] DEBUG n.runelite.client.eventbus.EventBus - Registering class net.runelite.api.events.NpcSpawned - EventBus.Subscriber(object=net.runelite.client.plugins.agility.AgilityPlugin@427a12b6, method=public void net.runelite.client.plugins.agility.AgilityPlugin.onNpcSpawned(net.runelite.api.events.NpcSpawned), priority=0.0, lambda=net.runelite.client.plugins.agility.AgilityPlugin$$Lambda/0x00000001007d7840@1811f522)
2026-04-26 16:17:20 GMT [AWT-EventQueue-0] DEBUG n.runelite.client.eventbus.EventBus - Registering class net.runelite.api.events.NpcDespawned - EventBus.Subscriber(object=net.runelite.client.plugins.agility.AgilityPlugin@427a12b6, method=public void net.runelite.client.plugins.agility.AgilityPlugin.onNpcDespawned(net.runelite.api.events.NpcDespawned), priority=0.0, lambda=net.runelite.client.plugins.agility.AgilityPlugin$$Lambda/0x00000001007d7a78@3fa710e6)
2026-04-26 16:17:20 GMT [AWT-EventQueue-0] DEBUG n.runelite.client.eventbus.EventBus - Registering class net.runelite.api.events.StatChanged - EventBus.Subscriber(object=net.runelite.client.plugins.agility.AgilityPlugin@427a12b6, method=public void net.runelite.client.plugins.agility.AgilityPlugin.onStatChanged(net.runelite.api.events.StatChanged), priority=0.0, lambda=net.runelite.client.plugins.agility.AgilityPlugin$$Lambda/0x00000001007d7cb0@48150577)
2026-04-26 16:17:20 GMT [AWT-EventQueue-0] DEBUG n.runelite.client.eventbus.EventBus - Registering class net.runelite.api.events.GameTick - EventBus.Subscriber(object=net.runelite.client.plugins.agility.AgilityPlugin@427a12b6, method=public void net.runelite.client.plugins.agility.AgilityPlugin.onGameTick(net.runelite.api.events.GameTick), priority=0.0, lambda=net.runelite.client.plugins.agility.AgilityPlugin$$Lambda/0x00000001007d5000@421c99c1)
2026-04-26 16:17:20 GMT [AWT-EventQueue-0] DEBUG n.runelite.client.eventbus.EventBus - Registering class net.runelite.api.events.GameStateChanged - EventBus.Subscriber(object=net.runelite.client.plugins.agility.AgilityPlugin@427a12b6, method=public void net.runelite.client.plugins.agility.AgilityPlugin.onGameStateChanged(net.runelite.api.events.GameStateChanged), priority=0.0, lambda=net.runelite.client.plugins.agility.AgilityPlugin$$Lambda/0x00000001007d5238@2fefc002)
2026-04-26 16:17:20 GMT [AWT-EventQueue-0] DEBUG n.runelite.client.eventbus.EventBus - Registering class net.runelite.client.events.ConfigChanged - EventBus.Subscriber(object=net.runelite.client.plugins.agility.AgilityPlugin@427a12b6, method=public void net.runelite.client.plugins.agility.AgilityPlugin.onConfigChanged(net.runelite.client.events.ConfigChanged), priority=0.0, lambda=net.runelite.client.plugins.agility.AgilityPlugin$$Lambda/0x00000001007d5470@10343756)
2026-04-26 16:17:20 GMT [AWT-EventQueue-0] DEBUG n.runelite.client.eventbus.EventBus - Registering class net.runelite.api.events.WallObjectSpawned - EventBus.Subscriber(object=net.runelite.client.plugins.agility.AgilityPlugin@427a12b6, method=public void net.runelite.client.plugins.agility.AgilityPlugin.onWallObjectSpawned(net.runelite.api.events.WallObjectSpawned), priority=0.0, lambda=net.runelite.client.plugins.agility.AgilityPlugin$$Lambda/0x00000001007d56a8@42fca34)
2026-04-26 16:17:20 GMT [AWT-EventQueue-0] DEBUG n.runelite.client.eventbus.EventBus - Registering class net.runelite.api.events.GameObjectSpawned - EventBus.Subscriber(object=net.runelite.client.plugins.agility.AgilityPlugin@427a12b6, method=public void net.runelite.client.plugins.agility.AgilityPlugin.onGameObjectSpawned(net.runelite.api.events.GameObjectSpawned), priority=0.0, lambda=net.runelite.client.plugins.agility.AgilityPlugin$$Lambda/0x00000001007d58e0@731115)
2026-04-26 16:17:20 GMT [AWT-EventQueue-0] DEBUG n.runelite.client.eventbus.EventBus - Registering class net.runelite.api.events.WallObjectDespawned - EventBus.Subscriber(object=net.runelite.client.plugins.agility.AgilityPlugin@427a12b6, method=public void net.runelite.client.plugins.agility.AgilityPlugin.onWallObjectDespawned(net.runelite.api.events.WallObjectDespawned), priority=0.0, lambda=net.runelite.client.plugins.agility.AgilityPlugin$$Lambda/0x00000001007d5b18@20c62a16)
2026-04-26 16:17:20 GMT [AWT-EventQueue-0] DEBUG n.runelite.client.eventbus.EventBus - Registering class net.runelite.api.events.GameObjectDespawned - EventBus.Subscriber(object=net.runelite.client.plugins.agility.AgilityPlugin@427a12b6, method=public void net.runelite.client.plugins.agility.AgilityPlugin.onGameObjectDespawned(net.runelite.api.events.GameObjectDespawned), priority=0.0, lambda=net.runelite.client.plugins.agility.AgilityPlugin$$Lambda/0x00000001007d5d50@69cfaf1c)
2026-04-26 16:17:20 GMT [AWT-EventQueue-0] DEBUG n.runelite.client.eventbus.EventBus - Registering class net.runelite.api.events.ItemDespawned - EventBus.Subscriber(object=net.runelite.client.plugins.agility.AgilityPlugin@427a12b6, method=public void net.runelite.client.plugins.agility.AgilityPlugin.onItemDespawned(net.runelite.api.events.ItemDespawned), priority=0.0, lambda=net.runelite.client.plugins.agility.AgilityPlugin$$Lambda/0x00000001007d4800@33697551)
2026-04-26 16:17:20 GMT [AWT-EventQueue-0] DEBUG n.runelite.client.eventbus.EventBus - Registering class net.runelite.api.events.GroundObjectSpawned - EventBus.Subscriber(object=net.runelite.client.plugins.agility.AgilityPlugin@427a12b6, method=public void net.runelite.client.plugins.agility.AgilityPlugin.onGroundObjectSpawned(net.runelite.api.events.GroundObjectSpawned), priority=0.0, lambda=net.runelite.client.plugins.agility.AgilityPlugin$$Lambda/0x00000001007d4a38@31ecf418)
2026-04-26 16:17:20 GMT [AWT-EventQueue-0] DEBUG n.runelite.client.eventbus.EventBus - Registering class net.runelite.api.events.VarbitChanged - EventBus.Subscriber(object=net.runelite.client.plugins.agility.AgilityPlugin@427a12b6, method=public void net.runelite.client.plugins.agility.AgilityPlugin.onVarbitChanged(net.runelite.api.events.VarbitChanged), priority=0.0, lambda=net.runelite.client.plugins.agility.AgilityPlugin$$Lambda/0x00000001007d4c70@1804bf63)
2026-04-26 16:17:20 GMT [AWT-EventQueue-0] DEBUG n.runelite.client.eventbus.EventBus - Registering class net.runelite.api.events.GroundObjectDespawned - EventBus.Subscriber(object=net.runelite.client.plugins.agility.AgilityPlugin@427a12b6, method=public void net.runelite.client.plugins.agility.AgilityPlugin.onGroundObjectDespawned(net.runelite.api.events.GroundObjectDespawned), priority=0.0, lambda=net.runelite.client.plugins.agility.AgilityPlugin$$Lambda/0x00000001007d4400@134bdc1f)
2026-04-26 16:17:20 GMT [AWT-EventQueue-0] DEBUG n.runelite.client.eventbus.EventBus - Registering class net.runelite.api.events.DecorativeObjectSpawned - EventBus.Subscriber(object=net.runelite.client.plugins.agility.AgilityPlugin@427a12b6, method=public void net.runelite.client.plugins.agility.AgilityPlugin.onDecorativeObjectSpawned(net.runelite.api.events.DecorativeObjectSpawned), priority=0.0, lambda=net.runelite.client.plugins.agility.AgilityPlugin$$Lambda/0x00000001007d8000@32c40bc7)
2026-04-26 16:17:20 GMT [AWT-EventQueue-0] DEBUG n.runelite.client.eventbus.EventBus - Registering class net.runelite.api.events.DecorativeObjectDespawned - EventBus.Subscriber(object=net.runelite.client.plugins.agility.AgilityPlugin@427a12b6, method=public void net.runelite.client.plugins.agility.AgilityPlugin.onDecorativeObjectDespawned(net.runelite.api.events.DecorativeObjectDespawned), priority=0.0, lambda=net.runelite.client.plugins.agility.AgilityPlugin$$Lambda/0x00000001007d8238@37dfcc1e)
2026-04-26 16:17:20 GMT [AWT-EventQueue-0] DEBUG n.r.client.plugins.PluginManager - Plugin ItemChargePlugin is now running
2026-04-26 16:17:20 GMT [AWT-EventQueue-0] DEBUG n.runelite.client.eventbus.EventBus - Registering class net.runelite.api.events.WidgetLoaded - EventBus.Subscriber(object=net.runelite.client.plugins.itemcharges.ItemChargePlugin@35b17c06, method=public void net.runelite.client.plugins.itemcharges.ItemChargePlugin.onWidgetLoaded(net.runelite.api.events.WidgetLoaded), priority=0.0, lambda=net.runelite.client.plugins.itemcharges.ItemChargePlugin$$Lambda/0x00000001007d8470@6fe6c424)
2026-04-26 16:17:20 GMT [AWT-EventQueue-0] DEBUG n.runelite.client.eventbus.EventBus - Registering class net.runelite.api.events.ChatMessage - EventBus.Subscriber(object=net.runelite.client.plugins.itemcharges.ItemChargePlugin@35b17c06, method=public void net.runelite.client.plugins.itemcharges.ItemChargePlugin.onChatMessage(net.runelite.api.events.ChatMessage), priority=0.0, lambda=net.runelite.client.plugins.itemcharges.ItemChargePlugin$$Lambda/0x00000001007d86a8@32b63f62)
2026-04-26 16:17:20 GMT [AWT-EventQueue-0] DEBUG n.runelite.client.eventbus.EventBus - Registering class net.runelite.api.events.GameStateChanged - EventBus.Subscriber(object=net.runelite.client.plugins.itemcharges.ItemChargePlugin@35b17c06, method=public void net.runelite.client.plugins.itemcharges.ItemChargePlugin.onGameStateChanged(net.runelite.api.events.GameStateChanged), priority=0.0, lambda=net.runelite.client.plugins.itemcharges.ItemChargePlugin$$Lambda/0x00000001007d88e0@7ffd3fa8)
2026-04-26 16:17:20 GMT [AWT-EventQueue-0] DEBUG n.runelite.client.eventbus.EventBus - Registering class net.runelite.client.events.ConfigChanged - EventBus.Subscriber(object=net.runelite.client.plugins.itemcharges.ItemChargePlugin@35b17c06, method=public void net.runelite.client.plugins.itemcharges.ItemChargePlugin.onConfigChanged(net.runelite.client.events.ConfigChanged), priority=0.0, lambda=net.runelite.client.plugins.itemcharges.ItemChargePlugin$$Lambda/0x00000001007d8b18@7f29d543)
2026-04-26 16:17:20 GMT [AWT-EventQueue-0] DEBUG n.runelite.client.eventbus.EventBus - Registering class net.runelite.api.events.ItemContainerChanged - EventBus.Subscriber(object=net.runelite.client.plugins.itemcharges.ItemChargePlugin@35b17c06, method=public void net.runelite.client.plugins.itemcharges.ItemChargePlugin.onItemContainerChanged(net.runelite.api.events.ItemContainerChanged), priority=0.0, lambda=net.runelite.client.plugins.itemcharges.ItemChargePlugin$$Lambda/0x00000001007d8d50@57a7b3cb)
2026-04-26 16:17:20 GMT [AWT-EventQueue-0] DEBUG n.runelite.client.eventbus.EventBus - Registering class net.runelite.api.events.VarbitChanged - EventBus.Subscriber(object=net.runelite.client.plugins.itemcharges.ItemChargePlugin@35b17c06, method=private void net.runelite.client.plugins.itemcharges.ItemChargePlugin.onVarbitChanged(net.runelite.api.events.VarbitChanged), priority=0.0, lambda=net.runelite.client.plugins.itemcharges.ItemChargePlugin$$Lambda/0x00000001007d8f88@27777ec3)
2026-04-26 16:17:20 GMT [AWT-EventQueue-0] DEBUG n.runelite.client.eventbus.EventBus - Registering class net.runelite.api.events.ScriptPreFired - EventBus.Subscriber(object=net.runelite.client.plugins.wiki.WikiDpsManager@3d95eaf6, method=public void net.runelite.client.plugins.wiki.WikiDpsManager.onScriptPreFired(net.runelite.api.events.ScriptPreFired), priority=0.0, lambda=net.runelite.client.plugins.wiki.WikiDpsManager$$Lambda/0x00000001007d93e8@21881ae1)
2026-04-26 16:17:20 GMT [AWT-EventQueue-0] DEBUG n.r.client.plugins.PluginManager - Plugin WikiPlugin is now running
2026-04-26 16:17:20 GMT [AWT-EventQueue-0] DEBUG n.runelite.client.eventbus.EventBus - Registering class net.runelite.api.events.WidgetLoaded - EventBus.Subscriber(object=net.runelite.client.plugins.wiki.WikiPlugin@10b687f2, method=private void net.runelite.client.plugins.wiki.WikiPlugin.onWidgetLoaded(net.runelite.api.events.WidgetLoaded), priority=0.0, lambda=net.runelite.client.plugins.wiki.WikiPlugin$$Lambda/0x00000001007d9848@470650cb)
2026-04-26 16:17:20 GMT [AWT-EventQueue-0] DEBUG n.runelite.client.eventbus.EventBus - Registering class net.runelite.client.events.ConfigChanged - EventBus.Subscriber(object=net.runelite.client.plugins.wiki.WikiPlugin@10b687f2, method=public void net.runelite.client.plugins.wiki.WikiPlugin.onConfigChanged(net.runelite.client.events.ConfigChanged), priority=0.0, lambda=net.runelite.client.plugins.wiki.WikiPlugin$$Lambda/0x00000001007d9a80@75b5d326)
2026-04-26 16:17:20 GMT [AWT-EventQueue-0] DEBUG n.runelite.client.eventbus.EventBus - Registering class net.runelite.api.events.MenuEntryAdded - EventBus.Subscriber(object=net.runelite.client.plugins.wiki.WikiPlugin@10b687f2, method=public void net.runelite.client.plugins.wiki.WikiPlugin.onMenuEntryAdded(net.runelite.api.events.MenuEntryAdded), priority=0.0, lambda=net.runelite.client.plugins.wiki.WikiPlugin$$Lambda/0x00000001007d9cb8@6363ad76)
2026-04-26 16:17:20 GMT [AWT-EventQueue-0] DEBUG n.runelite.client.eventbus.EventBus - Registering class net.runelite.api.events.MenuOptionClicked - EventBus.Subscriber(object=net.runelite.client.plugins.wiki.WikiPlugin@10b687f2, method=private void net.runelite.client.plugins.wiki.WikiPlugin.onMenuOptionClicked(net.runelite.api.events.MenuOptionClicked), priority=0.0, lambda=net.runelite.client.plugins.wiki.WikiPlugin$$Lambda/0x00000001007d9ef0@5e643d70)
2026-04-26 16:17:20 GMT [AWT-EventQueue-0] DEBUG n.runelite.client.eventbus.EventBus - Registering class net.runelite.api.events.ScriptPostFired - EventBus.Subscriber(object=net.runelite.client.plugins.wiki.WikiPlugin@10b687f2, method=public void net.runelite.client.plugins.wiki.WikiPlugin.onScriptPostFired(net.runelite.api.events.ScriptPostFired), priority=0.0, lambda=net.runelite.client.plugins.wiki.WikiPlugin$$Lambda/0x00000001007da128@7188e82)
2026-04-26 16:17:20 GMT [AWT-EventQueue-0] DEBUG n.r.client.plugins.PluginManager - Plugin XpDropPlugin is now running
2026-04-26 16:17:20 GMT [AWT-EventQueue-0] DEBUG n.runelite.client.eventbus.EventBus - Registering class net.runelite.api.events.StatChanged - EventBus.Subscriber(object=net.runelite.client.plugins.xpdrop.XpDropPlugin@f2a1813, method=public void net.runelite.client.plugins.xpdrop.XpDropPlugin.onStatChanged(net.runelite.api.events.StatChanged), priority=0.0, lambda=net.runelite.client.plugins.xpdrop.XpDropPlugin$$Lambda/0x00000001007da360@6271e641)
2026-04-26 16:17:20 GMT [AWT-EventQueue-0] DEBUG n.runelite.client.eventbus.EventBus - Registering class net.runelite.api.events.GameTick - EventBus.Subscriber(object=net.runelite.client.plugins.xpdrop.XpDropPlugin@f2a1813, method=public void net.runelite.client.plugins.xpdrop.XpDropPlugin.onGameTick(net.runelite.api.events.GameTick), priority=0.0, lambda=net.runelite.client.plugins.xpdrop.XpDropPlugin$$Lambda/0x00000001007da598@2c1b6995)
2026-04-26 16:17:20 GMT [AWT-EventQueue-0] DEBUG n.runelite.client.eventbus.EventBus - Registering class net.runelite.api.events.ScriptPreFired - EventBus.Subscriber(object=net.runelite.client.plugins.xpdrop.XpDropPlugin@f2a1813, method=public void net.runelite.client.plugins.xpdrop.XpDropPlugin.onScriptPreFired(net.runelite.api.events.ScriptPreFired), priority=0.0, lambda=net.runelite.client.plugins.xpdrop.XpDropPlugin$$Lambda/0x00000001007da7d0@529ec9d4)
2026-04-26 16:17:20 GMT [AWT-EventQueue-0] DEBUG n.r.client.plugins.PluginManager - Plugin OpponentInfoPlugin is now running
2026-04-26 16:17:20 GMT [AWT-EventQueue-0] DEBUG n.runelite.client.eventbus.EventBus - Registering class net.runelite.api.events.GameTick - EventBus.Subscriber(object=net.runelite.client.plugins.opponentinfo.OpponentInfoPlugin@4091b9c3, method=public void net.runelite.client.plugins.opponentinfo.OpponentInfoPlugin.onGameTick(net.runelite.api.events.GameTick), priority=0.0, lambda=net.runelite.client.plugins.opponentinfo.OpponentInfoPlugin$$Lambda/0x00000001007dae88@6ef2aff8)
2026-04-26 16:17:20 GMT [AWT-EventQueue-0] DEBUG n.runelite.client.eventbus.EventBus - Registering class net.runelite.api.events.GameStateChanged - EventBus.Subscriber(object=net.runelite.client.plugins.opponentinfo.OpponentInfoPlugin@4091b9c3, method=public void net.runelite.client.plugins.opponentinfo.OpponentInfoPlugin.onGameStateChanged(net.runelite.api.events.GameStateChanged), priority=0.0, lambda=net.runelite.client.plugins.opponentinfo.OpponentInfoPlugin$$Lambda/0x00000001007db0c0@7696a641)
2026-04-26 16:17:20 GMT [AWT-EventQueue-0] DEBUG n.runelite.client.eventbus.EventBus - Registering class net.runelite.api.events.MenuEntryAdded - EventBus.Subscriber(object=net.runelite.client.plugins.opponentinfo.OpponentInfoPlugin@4091b9c3, method=public void net.runelite.client.plugins.opponentinfo.OpponentInfoPlugin.onMenuEntryAdded(net.runelite.api.events.MenuEntryAdded), priority=0.0, lambda=net.runelite.client.plugins.opponentinfo.OpponentInfoPlugin$$Lambda/0x00000001007db2f8@56ed95b)
2026-04-26 16:17:20 GMT [AWT-EventQueue-0] DEBUG n.runelite.client.eventbus.EventBus - Registering class net.runelite.api.events.ScriptPostFired - EventBus.Subscriber(object=net.runelite.client.plugins.opponentinfo.OpponentInfoPlugin@4091b9c3, method=public void net.runelite.client.plugins.opponentinfo.OpponentInfoPlugin.onScriptPostFired(net.runelite.api.events.ScriptPostFired), priority=0.0, lambda=net.runelite.client.plugins.opponentinfo.OpponentInfoPlugin$$Lambda/0x00000001007db530@4848140)
2026-04-26 16:17:20 GMT [AWT-EventQueue-0] DEBUG n.runelite.client.eventbus.EventBus - Registering class net.runelite.api.events.InteractingChanged - EventBus.Subscriber(object=net.runelite.client.plugins.opponentinfo.OpponentInfoPlugin@4091b9c3, method=public void net.runelite.client.plugins.opponentinfo.OpponentInfoPlugin.onInteractingChanged(net.runelite.api.events.InteractingChanged), priority=0.0, lambda=net.runelite.client.plugins.opponentinfo.OpponentInfoPlugin$$Lambda/0x00000001007db768@48d4c739)
0 upgraded, 2 newly installed, 0 to remove and 85 not upgraded.
Need to get 40.0 kB of archives.
After this operation, 201 kB of additional disk space will be used.
Get:1 https://packages-cf.termux.dev/apt/termux-x11 x11/main aarch64 xorg-xprop aarch64 1.2.8 [21.6 kB]
2026-04-26 16:17:20 GMT [AWT-EventQueue-0] DEBUG n.r.client.plugins.PluginManager - Plugin CookingPlugin is now running
2026-04-26 16:17:20 GMT [AWT-EventQueue-0] DEBUG n.runelite.client.eventbus.EventBus - Registering class net.runelite.api.events.GameTick - EventBus.Subscriber(object=net.runelite.client.plugins.cooking.CookingPlugin@4cffcc61, method=public void net.runelite.client.plugins.cooking.CookingPlugin.onGameTick(net.runelite.api.events.GameTick), priority=0.0, lambda=net.runelite.client.plugins.cooking.CookingPlugin$$Lambda/0x00000001007dbdc0@1353f141)
2026-04-26 16:17:20 GMT [AWT-EventQueue-0] DEBUG n.runelite.client.eventbus.EventBus - Registering class net.runelite.api.events.ChatMessage - EventBus.Subscriber(object=net.runelite.client.plugins.cooking.CookingPlugin@4cffcc61, method=public void net.runelite.client.plugins.cooking.CookingPlugin.onChatMessage(net.runelite.api.events.ChatMessage), priority=0.0, lambda=net.runelite.client.plugins.cooking.CookingPlugin$$Lambda/0x00000001007dbff8@5fe3ebb8)
2026-04-26 16:17:20 GMT [AWT-EventQueue-0] DEBUG n.runelite.client.eventbus.EventBus - Registering class net.runelite.api.events.GraphicChanged - EventBus.Subscriber(object=net.runelite.client.plugins.cooking.CookingPlugin@4cffcc61, method=public void net.runelite.client.plugins.cooking.CookingPlugin.onGraphicChanged(net.runelite.api.events.GraphicChanged), priority=0.0, lambda=net.runelite.client.plugins.cooking.CookingPlugin$$Lambda/0x00000001007dc230@21969601)
2026-04-26 16:17:20 GMT [AWT-EventQueue-0] DEBUG n.r.client.plugins.PluginManager - Plugin FpsPlugin is now running
2026-04-26 16:17:20 GMT [AWT-EventQueue-0] DEBUG n.runelite.client.eventbus.EventBus - Registering class net.runelite.api.events.FocusChanged - EventBus.Subscriber(object=net.runelite.client.plugins.fps.FpsPlugin@7b5b5bfe, method=public void net.runelite.client.plugins.fps.FpsPlugin.onFocusChanged(net.runelite.api.events.FocusChanged), priority=0.0, lambda=net.runelite.client.plugins.fps.FpsPlugin$$Lambda/0x00000001007dc468@2ca65ee1)
2026-04-26 16:17:20 GMT [AWT-EventQueue-0] DEBUG n.runelite.client.eventbus.EventBus - Registering class net.runelite.client.events.ConfigChanged - EventBus.Subscriber(object=net.runelite.client.plugins.fps.FpsPlugin@7b5b5bfe, method=public void net.runelite.client.plugins.fps.FpsPlugin.onConfigChanged(net.runelite.client.events.ConfigChanged), priority=0.0, lambda=net.runelite.client.plugins.fps.FpsPlugin$$Lambda/0x00000001007dc6a0@7c7d5294)
2026-04-26 16:17:20 GMT [AWT-EventQueue-0] DEBUG n.runelite.client.eventbus.EventBus - Registering class net.runelite.api.events.WidgetDrag - EventBus.Subscriber(object=net.runelite.client.plugins.prayer.PrayerReorder@5ed3647e, method=public void net.runelite.client.plugins.prayer.PrayerReorder.onWidgetDrag(net.runelite.api.events.WidgetDrag), priority=0.0, lambda=net.runelite.client.plugins.prayer.PrayerReorder$$Lambda/0x00000001007dcf80@7f7b54e0)
2026-04-26 16:17:20 GMT [AWT-EventQueue-0] DEBUG n.runelite.client.eventbus.EventBus - Registering class net.runelite.client.events.ProfileChanged - EventBus.Subscriber(object=net.runelite.client.plugins.prayer.PrayerReorder@5ed3647e, method=public void net.runelite.client.plugins.prayer.PrayerReorder.onProfileChanged(net.runelite.client.events.ProfileChanged), priority=0.0, lambda=net.runelite.client.plugins.prayer.PrayerReorder$$Lambda/0x00000001007dd1b8@6f8a31af)
2026-04-26 16:17:20 GMT [AWT-EventQueue-0] DEBUG n.runelite.client.eventbus.EventBus - Registering class net.runelite.api.events.MenuOptionClicked - EventBus.Subscriber(object=net.runelite.client.plugins.prayer.PrayerReorder@5ed3647e, method=public void net.runelite.client.plugins.prayer.PrayerReorder.onMenuOptionClicked(net.runelite.api.events.MenuOptionClicked), priority=0.0, lambda=net.runelite.client.plugins.prayer.PrayerReorder$$Lambda/0x00000001007dd3f0@f46c557)
2026-04-26 16:17:20 GMT [AWT-EventQueue-0] DEBUG n.runelite.client.eventbus.EventBus - Registering class net.runelite.api.events.ScriptPostFired - EventBus.Subscriber(object=net.runelite.client.plugins.prayer.PrayerReorder@5ed3647e, method=public void net.runelite.client.plugins.prayer.PrayerReorder.onScriptPostFired(net.runelite.api.events.ScriptPostFired), priority=0.0, lambda=net.runelite.client.plugins.prayer.PrayerReorder$$Lambda/0x00000001007dd628@19ad4216)
2026-04-26 16:17:20 GMT [AWT-EventQueue-0] DEBUG n.r.client.plugins.PluginManager - Plugin PrayerPlugin is now running
2026-04-26 16:17:20 GMT [AWT-EventQueue-0] DEBUG n.runelite.client.eventbus.EventBus - Registering class net.runelite.api.events.GameTick - EventBus.Subscriber(object=net.runelite.client.plugins.prayer.PrayerPlugin@76cf841, method=public void net.runelite.client.plugins.prayer.PrayerPlugin.onGameTick(net.runelite.api.events.GameTick), priority=0.0, lambda=net.runelite.client.plugins.prayer.PrayerPlugin$$Lambda/0x00000001007dd860@70d25b65)
2026-04-26 16:17:20 GMT [AWT-EventQueue-0] DEBUG n.runelite.client.eventbus.EventBus - Registering class net.runelite.client.events.ConfigChanged - EventBus.Subscriber(object=net.runelite.client.plugins.prayer.PrayerPlugin@76cf841, method=private void net.runelite.client.plugins.prayer.PrayerPlugin.onConfigChanged(net.runelite.client.events.ConfigChanged), priority=0.0, lambda=net.runelite.client.plugins.prayer.PrayerPlugin$$Lambda/0x00000001007dda98@4cf48e1)
2026-04-26 16:17:20 GMT [AWT-EventQueue-0] DEBUG n.runelite.client.eventbus.EventBus - Registering class net.runelite.api.events.ItemContainerChanged - EventBus.Subscriber(object=net.runelite.client.plugins.prayer.PrayerPlugin@76cf841, method=public void net.runelite.client.plugins.prayer.PrayerPlugin.onItemContainerChanged(net.runelite.api.events.ItemContainerChanged), priority=0.0, lambda=net.runelite.client.plugins.prayer.PrayerPlugin$$Lambda/0x00000001007ddcd0@154b9b5e)
2026-04-26 16:17:20 GMT [AWT-EventQueue-0] DEBUG n.r.client.plugins.PluginManager - Plugin LootTrackerPlugin is now running
2026-04-26 16:17:20 GMT [AWT-EventQueue-0] DEBUG n.runelite.client.eventbus.EventBus - Registering class net.runelite.client.events.SessionOpen - EventBus.Subscriber(object=net.runelite.client.plugins.loottracker.LootTrackerPlugin@9f86dc3, method=public void net.runelite.client.plugins.loottracker.LootTrackerPlugin.onSessionOpen(net.runelite.client.events.SessionOpen), priority=0.0, lambda=net.runelite.client.plugins.loottracker.LootTrackerPlugin$$Lambda/0x00000001007e0b00@7993acbd)
2026-04-26 16:17:20 GMT [AWT-EventQueue-0] DEBUG n.runelite.client.eventbus.EventBus - Registering class net.runelite.client.events.SessionClose - EventBus.Subscriber(object=net.runelite.client.plugins.loottracker.LootTrackerPlugin@9f86dc3, method=public void net.runelite.client.plugins.loottracker.LootTrackerPlugin.onSessionClose(net.runelite.client.events.SessionClose), priority=0.0, lambda=net.runelite.client.plugins.loottracker.LootTrackerPlugin$$Lambda/0x00000001007e0d38@316cbd22)
2026-04-26 16:17:20 GMT [AWT-EventQueue-0] DEBUG n.runelite.client.eventbus.EventBus - Registering class net.runelite.api.events.WidgetLoaded - EventBus.Subscriber(object=net.runelite.client.plugins.loottracker.LootTrackerPlugin@9f86dc3, method=public void net.runelite.client.plugins.loottracker.LootTrackerPlugin.onWidgetLoaded(net.runelite.api.events.WidgetLoaded), priority=0.0, lambda=net.runelite.client.plugins.loottracker.LootTrackerPlugin$$Lambda/0x00000001007e0f70@5af7e97d)
2026-04-26 16:17:20 GMT [AWT-EventQueue-0] DEBUG n.runelite.client.eventbus.EventBus - Registering class net.runelite.api.events.ChatMessage - EventBus.Subscriber(object=net.runelite.client.plugins.loottracker.LootTrackerPlugin@9f86dc3, method=public void net.runelite.client.plugins.loottracker.LootTrackerPlugin.onChatMessage(net.runelite.api.events.ChatMessage), priority=0.0, lambda=net.runelite.client.plugins.loottracker.LootTrackerPlugin$$Lambda/0x00000001007e11a8@5549b52b)
2026-04-26 16:17:20 GMT [AWT-EventQueue-0] DEBUG n.runelite.client.eventbus.EventBus - Registering class net.runelite.client.events.ConfigSync - EventBus.Subscriber(object=net.runelite.client.plugins.loottracker.LootTrackerPlugin@9f86dc3, method=public void net.runelite.client.plugins.loottracker.LootTrackerPlugin.onConfigSync(net.runelite.client.events.ConfigSync), priority=0.0, lambda=net.runelite.client.plugins.loottracker.LootTrackerPlugin$$Lambda/0x00000001007e13e0@24031181)
2026-04-26 16:17:20 GMT [AWT-EventQueue-0] DEBUG n.runelite.client.eventbus.EventBus - Registering class net.runelite.api.events.GameStateChanged - EventBus.Subscriber(object=net.runelite.client.plugins.loottracker.LootTrackerPlugin@9f86dc3, method=public void net.runelite.client.plugins.loottracker.LootTrackerPlugin.onGameStateChanged(net.runelite.api.events.GameStateChanged), priority=0.0, lambda=net.runelite.client.plugins.loottracker.LootTrackerPlugin$$Lambda/0x00000001007e1618@794a55c3)
2026-04-26 16:17:20 GMT [AWT-EventQueue-0] DEBUG n.runelite.client.eventbus.EventBus - Registering class net.runelite.client.events.ConfigChanged - EventBus.Subscriber(object=net.runelite.client.plugins.loottracker.LootTrackerPlugin@9f86dc3, method=public void net.runelite.client.plugins.loottracker.LootTrackerPlugin.onConfigChanged(net.runelite.client.events.ConfigChanged), priority=0.0, lambda=net.runelite.client.plugins.loottracker.LootTrackerPlugin$$Lambda/0x00000001007e1850@5191b984)
2026-04-26 16:17:20 GMT [AWT-EventQueue-0] DEBUG n.runelite.client.eventbus.EventBus - Registering class net.runelite.client.events.ClientShutdown - EventBus.Subscriber(object=net.runelite.client.plugins.loottracker.LootTrackerPlugin@9f86dc3, method=public void net.runelite.client.plugins.loottracker.LootTrackerPlugin.onClientShutdown(net.runelite.client.events.ClientShutdown), priority=0.0, lambda=net.runelite.client.plugins.loottracker.LootTrackerPlugin$$Lambda/0x00000001007e1a88@93e5119)
2026-04-26 16:17:20 GMT [AWT-EventQueue-0] DEBUG n.runelite.client.eventbus.EventBus - Registering class net.runelite.api.events.MenuOptionClicked - EventBus.Subscriber(object=net.runelite.client.plugins.loottracker.LootTrackerPlugin@9f86dc3, method=public void net.runelite.client.plugins.loottracker.LootTrackerPlugin.onMenuOptionClicked(net.runelite.api.events.MenuOptionClicked), priority=0.0, lambda=net.runelite.client.plugins.loottracker.LootTrackerPlugin$$Lambda/0x00000001007e1cc0@2974cfc7)
2026-04-26 16:17:20 GMT [AWT-EventQueue-0] DEBUG n.runelite.client.eventbus.EventBus - Registering class net.runelite.api.events.ItemContainerChanged - EventBus.Subscriber(object=net.runelite.client.plugins.loottracker.LootTrackerPlugin@9f86dc3, method=public void net.runelite.client.plugins.loottracker.LootTrackerPlugin.onItemContainerChanged(net.runelite.api.events.ItemContainerChanged), priority=0.0, lambda=net.runelite.client.plugins.loottracker.LootTrackerPlugin$$Lambda/0x00000001007e1ef8@7f03d69d)
2026-04-26 16:17:20 GMT [AWT-EventQueue-0] DEBUG n.runelite.client.eventbus.EventBus - Registering class net.runelite.api.events.ScriptPreFired - EventBus.Subscriber(object=net.runelite.client.plugins.loottracker.LootTrackerPlugin@9f86dc3, method=public void net.runelite.client.plugins.loottracker.LootTrackerPlugin.onScriptPreFired(net.runelite.api.events.ScriptPreFired), priority=0.0, lambda=net.runelite.client.plugins.loottracker.LootTrackerPlugin$$Lambda/0x00000001007e2130@2d05cbcc)
2026-04-26 16:17:20 GMT [AWT-EventQueue-0] DEBUG n.runelite.client.eventbus.EventBus - Registering class net.runelite.api.events.PostClientTick - EventBus.Subscriber(object=net.runelite.client.plugins.loottracker.LootTrackerPlugin@9f86dc3, method=public void net.runelite.client.plugins.loottracker.LootTrackerPlugin.onPostClientTick(net.runelite.api.events.PostClientTick), priority=0.0, lambda=net.runelite.client.plugins.loottracker.LootTrackerPlugin$$Lambda/0x00000001007e2368@3fa2975c)
2026-04-26 16:17:20 GMT [AWT-EventQueue-0] DEBUG n.runelite.client.eventbus.EventBus - Registering class net.runelite.client.events.ServerNpcLoot - EventBus.Subscriber(object=net.runelite.client.plugins.loottracker.LootTrackerPlugin@9f86dc3, method=public void net.runelite.client.plugins.loottracker.LootTrackerPlugin.onServerNpcLoot(net.runelite.client.events.ServerNpcLoot), priority=0.0, lambda=net.runelite.client.plugins.loottracker.LootTrackerPlugin$$Lambda/0x00000001007e25a0@1fcca4b3)
2026-04-26 16:17:20 GMT [AWT-EventQueue-0] DEBUG n.runelite.client.eventbus.EventBus - Registering class net.runelite.client.plugins.loottracker.PluginLootReceived - EventBus.Subscriber(object=net.runelite.client.plugins.loottracker.LootTrackerPlugin@9f86dc3, method=public void net.runelite.client.plugins.loottracker.LootTrackerPlugin.onPluginLootReceived(net.runelite.client.plugins.loottracker.PluginLootReceived), priority=0.0, lambda=net.runelite.client.plugins.loottracker.LootTrackerPlugin$$Lambda/0x00000001007e27d8@4adc94f0)
2026-04-26 16:17:20 GMT [AWT-EventQueue-0] DEBUG n.runelite.client.eventbus.EventBus - Registering class net.runelite.client.events.PlayerLootReceived - EventBus.Subscriber(object=net.runelite.client.plugins.loottracker.LootTrackerPlugin@9f86dc3, method=public void net.runelite.client.plugins.loottracker.LootTrackerPlugin.onPlayerLootReceived(net.runelite.client.events.PlayerLootReceived), priority=0.0, lambda=net.runelite.client.plugins.loottracker.LootTrackerPlugin$$Lambda/0x00000001007e2a10@e5f9f9c)
2026-04-26 16:17:20 GMT [AWT-EventQueue-0] DEBUG n.runelite.client.eventbus.EventBus - Registering class net.runelite.client.events.RuneScapeProfileChanged - EventBus.Subscriber(object=net.runelite.client.plugins.loottracker.LootTrackerPlugin@9f86dc3, method=public void net.runelite.client.plugins.loottracker.LootTrackerPlugin.onRuneScapeProfileChanged(net.runelite.client.events.RuneScapeProfileChanged), priority=0.0, lambda=net.runelite.client.plugins.loottracker.LootTrackerPlugin$$Lambda/0x00000001007e2c48@3ec46490)
2026-04-26 16:17:20 GMT [AWT-EventQueue-0] DEBUG n.r.client.plugins.PluginManager - Plugin FishingPlugin is now running
2026-04-26 16:17:20 GMT [AWT-EventQueue-0] DEBUG n.runelite.client.eventbus.EventBus - Registering class net.runelite.api.events.WidgetLoaded - EventBus.Subscriber(object=net.runelite.client.plugins.fishing.FishingPlugin@75cf0de5, method=public void net.runelite.client.plugins.fishing.FishingPlugin.onWidgetLoaded(net.runelite.api.events.WidgetLoaded), priority=0.0, lambda=net.runelite.client.plugins.fishing.FishingPlugin$$Lambda/0x00000001007e2e80@7c752fa4)
2026-04-26 16:17:20 GMT [AWT-EventQueue-0] DEBUG n.runelite.client.eventbus.EventBus - Registering class net.runelite.api.events.NpcSpawned - EventBus.Subscriber(object=net.runelite.client.plugins.fishing.FishingPlugin@75cf0de5, method=public void net.runelite.client.plugins.fishing.FishingPlugin.onNpcSpawned(net.runelite.api.events.NpcSpawned), priority=0.0, lambda=net.runelite.client.plugins.fishing.FishingPlugin$$Lambda/0x00000001007e30b8@11c70b6c)
2026-04-26 16:17:20 GMT [AWT-EventQueue-0] DEBUG n.runelite.client.eventbus.EventBus - Registering class net.runelite.api.events.NpcDespawned - EventBus.Subscriber(object=net.runelite.client.plugins.fishing.FishingPlugin@75cf0de5, method=public void net.runelite.client.plugins.fishing.FishingPlugin.onNpcDespawned(net.runelite.api.events.NpcDespawned), priority=0.0, lambda=net.runelite.client.plugins.fishing.FishingPlugin$$Lambda/0x00000001007e32f0@542f1d9f)
2026-04-26 16:17:20 GMT [AWT-EventQueue-0] DEBUG n.runelite.client.eventbus.EventBus - Registering class net.runelite.api.events.GameTick - EventBus.Subscriber(object=net.runelite.client.plugins.fishing.FishingPlugin@75cf0de5, method=public void net.runelite.client.plugins.fishing.FishingPlugin.onGameTick(net.runelite.api.events.GameTick), priority=0.0, lambda=net.runelite.client.plugins.fishing.FishingPlugin$$Lambda/0x00000001007e3528@5d12325e)
2026-04-26 16:17:20 GMT [AWT-EventQueue-0] DEBUG n.runelite.client.eventbus.EventBus - Registering class net.runelite.api.events.ChatMessage - EventBus.Subscriber(object=net.runelite.client.plugins.fishing.FishingPlugin@75cf0de5, method=public void net.runelite.client.plugins.fishing.FishingPlugin.onChatMessage(net.runelite.api.events.ChatMessage), priority=0.0, lambda=net.runelite.client.plugins.fishing.FishingPlugin$$Lambda/0x00000001007e3760@604eeec2)
2026-04-26 16:17:20 GMT [AWT-EventQueue-0] DEBUG n.runelite.client.eventbus.EventBus - Registering class net.runelite.api.events.GameStateChanged - EventBus.Subscriber(object=net.runelite.client.plugins.fishing.FishingPlugin@75cf0de5, method=public void net.runelite.client.plugins.fishing.FishingPlugin.onGameStateChanged(net.runelite.api.events.GameStateChanged), priority=0.0, lambda=net.runelite.client.plugins.fishing.FishingPlugin$$Lambda/0x00000001007e3998@66b1ff66)
2026-04-26 16:17:20 GMT [AWT-EventQueue-0] DEBUG n.runelite.client.eventbus.EventBus - Registering class net.runelite.api.events.ItemContainerChanged - EventBus.Subscriber(object=net.runelite.client.plugins.fishing.FishingPlugin@75cf0de5, method=public void net.runelite.client.plugins.fishing.FishingPlugin.onItemContainerChanged(net.runelite.api.events.ItemContainerChanged), priority=0.0, lambda=net.runelite.client.plugins.fishing.FishingPlugin$$Lambda/0x00000001007e3bd0@3374380a)
2026-04-26 16:17:20 GMT [AWT-EventQueue-0] DEBUG n.runelite.client.eventbus.EventBus - Registering class net.runelite.api.events.InteractingChanged - EventBus.Subscriber(object=net.runelite.client.plugins.fishing.FishingPlugin@75cf0de5, method=public void net.runelite.client.plugins.fishing.FishingPlugin.onInteractingChanged(net.runelite.api.events.InteractingChanged), priority=0.0, lambda=net.runelite.client.plugins.fishing.FishingPlugin$$Lambda/0x00000001007e3e08@1d288d79)
2026-04-26 16:17:20 GMT [AWT-EventQueue-0] DEBUG n.r.client.plugins.PluginManager - Plugin TitheFarmPlugin is now running
2026-04-26 16:17:20 GMT [AWT-EventQueue-0] DEBUG n.runelite.client.eventbus.EventBus - Registering class net.runelite.api.events.GameTick - EventBus.Subscriber(object=net.runelite.client.plugins.tithefarm.TitheFarmPlugin@49f3ff41, method=public void net.runelite.client.plugins.tithefarm.TitheFarmPlugin.onGameTick(net.runelite.api.events.GameTick), priority=0.0, lambda=net.runelite.client.plugins.tithefarm.TitheFarmPlugin$$Lambda/0x00000001007e4238@fb0a67c)
2026-04-26 16:17:20 GMT [AWT-EventQueue-0] DEBUG n.runelite.client.eventbus.EventBus - Registering class net.runelite.client.events.ConfigChanged - EventBus.Subscriber(object=net.runelite.client.plugins.tithefarm.TitheFarmPlugin@49f3ff41, method=public void net.runelite.client.plugins.tithefarm.TitheFarmPlugin.onConfigChanged(net.runelite.client.events.ConfigChanged), priority=0.0, lambda=net.runelite.client.plugins.tithefarm.TitheFarmPlugin$$Lambda/0x00000001007e4470@aee414d)
2026-04-26 16:17:20 GMT [AWT-EventQueue-0] DEBUG n.runelite.client.eventbus.EventBus - Registering class net.runelite.api.events.GameObjectSpawned - EventBus.Subscriber(object=net.runelite.client.plugins.tithefarm.TitheFarmPlugin@49f3ff41, method=public void net.runelite.client.plugins.tithefarm.TitheFarmPlugin.onGameObjectSpawned(net.runelite.api.events.GameObjectSpawned), priority=0.0, lambda=net.runelite.client.plugins.tithefarm.TitheFarmPlugin$$Lambda/0x00000001007e46a8@2680efae)
2026-04-26 16:17:20 GMT [AWT-EventQueue-0] DEBUG n.r.client.plugins.PluginManager - Plugin TimersAndBuffsPlugin is now running
2026-04-26 16:17:20 GMT [AWT-EventQueue-0] DEBUG n.runelite.client.eventbus.EventBus - Registering class net.runelite.api.events.NpcSpawned - EventBus.Subscriber(object=net.runelite.client.plugins.timersandbuffs.TimersAndBuffsPlugin@d88f893, method=void net.runelite.client.plugins.timersandbuffs.TimersAndBuffsPlugin.onNpcSpawned(net.runelite.api.events.NpcSpawned), priority=0.0, lambda=net.runelite.client.plugins.timersandbuffs.TimersAndBuffsPlugin$$Lambda/0x00000001007e48e0@4228615)
2026-04-26 16:17:20 GMT [AWT-EventQueue-0] DEBUG n.runelite.client.eventbus.EventBus - Registering class net.runelite.api.events.NpcDespawned - EventBus.Subscriber(object=net.runelite.client.plugins.timersandbuffs.TimersAndBuffsPlugin@d88f893, method=public void net.runelite.client.plugins.timersandbuffs.TimersAndBuffsPlugin.onNpcDespawned(net.runelite.api.events.NpcDespawned), priority=0.0, lambda=net.runelite.client.plugins.timersandbuffs.TimersAndBuffsPlugin$$Lambda/0x00000001007e4b18@6d0f7bcd)
2026-04-26 16:17:20 GMT [AWT-EventQueue-0] DEBUG n.runelite.client.eventbus.EventBus - Registering class net.runelite.api.events.GameTick - EventBus.Subscriber(object=net.runelite.client.plugins.timersandbuffs.TimersAndBuffsPlugin@d88f893, method=public void net.runelite.client.plugins.timersandbuffs.TimersAndBuffsPlugin.onGameTick(net.runelite.api.events.GameTick), priority=0.0, lambda=net.runelite.client.plugins.timersandbuffs.TimersAndBuffsPlugin$$Lambda/0x00000001007e4d50@2b0c6e73)
2026-04-26 16:17:20 GMT [AWT-EventQueue-0] DEBUG n.runelite.client.eventbus.EventBus - Registering class net.runelite.api.events.ChatMessage - EventBus.Subscriber(object=net.runelite.client.plugins.timersandbuffs.TimersAndBuffsPlugin@d88f893, method=public void net.runelite.client.plugins.timersandbuffs.TimersAndBuffsPlugin.onChatMessage(net.runelite.api.events.ChatMessage), priority=0.0, lambda=net.runelite.client.plugins.timersandbuffs.TimersAndBuffsPlugin$$Lambda/0x00000001007e4f88@6f4289a8)
2026-04-26 16:17:20 GMT [AWT-EventQueue-0] DEBUG n.runelite.client.eventbus.EventBus - Registering class net.runelite.api.events.NpcChanged - EventBus.Subscriber(object=net.runelite.client.plugins.timersandbuffs.TimersAndBuffsPlugin@d88f893, method=void net.runelite.client.plugins.timersandbuffs.TimersAndBuffsPlugin.onNpcChanged(net.runelite.api.events.NpcChanged), priority=0.0, lambda=net.runelite.client.plugins.timersandbuffs.TimersAndBuffsPlugin$$Lambda/0x00000001007e51c0@6e1b3334)
2026-04-26 16:17:20 GMT [AWT-EventQueue-0] DEBUG n.runelite.client.eventbus.EventBus - Registering class net.runelite.api.events.ActorDeath - EventBus.Subscriber(object=net.runelite.client.plugins.timersandbuffs.TimersAndBuffsPlugin@d88f893, method=public void net.runelite.client.plugins.timersandbuffs.TimersAndBuffsPlugin.onActorDeath(net.runelite.api.events.ActorDeath), priority=0.0, lambda=net.runelite.client.plugins.timersandbuffs.TimersAndBuffsPlugin$$Lambda/0x00000001007e53f8@469b2c99)
2026-04-26 16:17:20 GMT [AWT-EventQueue-0] DEBUG n.runelite.client.eventbus.EventBus - Registering class net.runelite.api.events.GameStateChanged - EventBus.Subscriber(object=net.runelite.client.plugins.timersandbuffs.TimersAndBuffsPlugin@d88f893, method=public void net.runelite.client.plugins.timersandbuffs.TimersAndBuffsPlugin.onGameStateChanged(net.runelite.api.events.GameStateChanged), priority=0.0, lambda=net.runelite.client.plugins.timersandbuffs.TimersAndBuffsPlugin$$Lambda/0x00000001007e5630@3232f4a7)
2026-04-26 16:17:20 GMT [AWT-EventQueue-0] DEBUG n.runelite.client.eventbus.EventBus - Registering class net.runelite.client.events.ConfigChanged - EventBus.Subscriber(object=net.runelite.client.plugins.timersandbuffs.TimersAndBuffsPlugin@d88f893, method=public void net.runelite.client.plugins.timersandbuffs.TimersAndBuffsPlugin.onConfigChanged(net.runelite.client.events.ConfigChanged), priority=0.0, lambda=net.runelite.client.plugins.timersandbuffs.TimersAndBuffsPlugin$$Lambda/0x00000001007e5868@6f152792)
2026-04-26 16:17:20 GMT [AWT-EventQueue-0] DEBUG n.runelite.client.eventbus.EventBus - Registering class net.runelite.api.events.ItemContainerChanged - EventBus.Subscriber(object=net.runelite.client.plugins.timersandbuffs.TimersAndBuffsPlugin@d88f893, method=public void net.runelite.client.plugins.timersandbuffs.TimersAndBuffsPlugin.onItemContainerChanged(net.runelite.api.events.ItemContainerChanged), priority=0.0, lambda=net.runelite.client.plugins.timersandbuffs.TimersAndBuffsPlugin$$Lambda/0x00000001007e5aa0@70b7b47e)
2026-04-26 16:17:20 GMT [AWT-EventQueue-0] DEBUG n.runelite.client.eventbus.EventBus - Registering class net.runelite.api.events.VarbitChanged - EventBus.Subscriber(object=net.runelite.client.plugins.timersandbuffs.TimersAndBuffsPlugin@d88f893, method=public void net.runelite.client.plugins.timersandbuffs.TimersAndBuffsPlugin.onVarbitChanged(net.runelite.api.events.VarbitChanged), priority=0.0, lambda=net.runelite.client.plugins.timersandbuffs.TimersAndBuffsPlugin$$Lambda/0x00000001007e5cd8@6f6369b7)
2026-04-26 16:17:20 GMT [AWT-EventQueue-0] DEBUG n.runelite.client.eventbus.EventBus - Registering class net.runelite.api.events.GraphicChanged - EventBus.Subscriber(object=net.runelite.client.plugins.timersandbuffs.TimersAndBuffsPlugin@d88f893, method=public void net.runelite.client.plugins.timersandbuffs.TimersAndBuffsPlugin.onGraphicChanged(net.runelite.api.events.GraphicChanged), priority=0.0, lambda=net.runelite.client.plugins.timersandbuffs.TimersAndBuffsPlugin$$Lambda/0x00000001007e5f10@58e853bf)
2026-04-26 16:17:20 GMT [AWT-EventQueue-0] DEBUG n.r.c.plugins.discord.DiscordState - Events: [DiscordState.EventWithTime(type=IN_MENU, start=2026-04-26T16:17:20.971629979Z, updated=2026-04-26T16:17:20.971295210Z)]
2026-04-26 16:17:20 GMT [AWT-EventQueue-0] DEBUG n.r.client.plugins.PluginManager - Plugin DiscordPlugin is now running
2026-04-26 16:17:20 GMT [AWT-EventQueue-0] DEBUG n.runelite.client.eventbus.EventBus - Registering class net.runelite.api.events.StatChanged - EventBus.Subscriber(object=net.runelite.client.plugins.discord.DiscordPlugin@327e5be5, method=public void net.runelite.client.plugins.discord.DiscordPlugin.onStatChanged(net.runelite.api.events.StatChanged), priority=0.0, lambda=net.runelite.client.plugins.discord.DiscordPlugin$$Lambda/0x00000001007e7818@73da97c)
2026-04-26 16:17:20 GMT [AWT-EventQueue-0] DEBUG n.runelite.client.eventbus.EventBus - Registering class net.runelite.client.party.messages.UserSync - EventBus.Subscriber(object=net.runelite.client.plugins.discord.DiscordPlugin@327e5be5, method=public void net.runelite.client.plugins.discord.DiscordPlugin.onUserSync(net.runelite.client.party.messages.UserSync), priority=0.0, lambda=net.runelite.client.plugins.discord.DiscordPlugin$$Lambda/0x00000001007e7a50@11ffe20a)
2026-04-26 16:17:20 GMT [AWT-EventQueue-0] DEBUG n.runelite.client.eventbus.EventBus - Registering class net.runelite.api.events.GameStateChanged - EventBus.Subscriber(object=net.runelite.client.plugins.discord.DiscordPlugin@327e5be5, method=public void net.runelite.client.plugins.discord.DiscordPlugin.onGameStateChanged(net.runelite.api.events.GameStateChanged), priority=0.0, lambda=net.runelite.client.plugins.discord.DiscordPlugin$$Lambda/0x00000001007e7c88@50f79b7e)
2026-04-26 16:17:20 GMT [AWT-EventQueue-0] DEBUG n.runelite.client.eventbus.EventBus - Registering class net.runelite.client.events.ConfigChanged - EventBus.Subscriber(object=net.runelite.client.plugins.discord.DiscordPlugin@327e5be5, method=public void net.runelite.client.plugins.discord.DiscordPlugin.onConfigChanged(net.runelite.client.events.ConfigChanged), priority=0.0, lambda=net.runelite.client.plugins.discord.DiscordPlugin$$Lambda/0x00000001007e8000@4c0d3802)
2026-04-26 16:17:20 GMT [AWT-EventQueue-0] DEBUG n.runelite.client.eventbus.EventBus - Registering class net.runelite.client.plugins.discord.DiscordUserInfo - EventBus.Subscriber(object=net.runelite.client.plugins.discord.DiscordPlugin@327e5be5, method=public void net.runelite.client.plugins.discord.DiscordPlugin.onDiscordUserInfo(net.runelite.client.plugins.discord.DiscordUserInfo), priority=0.0, lambda=net.runelite.client.plugins.discord.DiscordPlugin$$Lambda/0x00000001007e8238@47599360)
2026-04-26 16:17:20 GMT [AWT-EventQueue-0] DEBUG n.r.client.plugins.PluginManager - Scheduled task ScheduledMethod(schedule=@net.runelite.client.task.Schedule(asynchronous=false, period=1L, unit=MINUTES), method=public void net.runelite.client.plugins.discord.DiscordPlugin.checkForValidStatus(), object=net.runelite.client.plugins.discord.DiscordPlugin@327e5be5, lambda=net.runelite.client.plugins.discord.DiscordPlugin$$Lambda/0x00000001007e8470@12041c13, last=2026-04-26T16:17:20.977934595Z)
2026-04-26 16:17:20 GMT [AWT-EventQueue-0] DEBUG n.r.client.plugins.PluginManager - Plugin ImplingsPlugin is now running
2026-04-26 16:17:20 GMT [AWT-EventQueue-0] DEBUG n.runelite.client.eventbus.EventBus - Registering class net.runelite.api.events.NpcSpawned - EventBus.Subscriber(object=net.runelite.client.plugins.implings.ImplingsPlugin@77429040, method=public void net.runelite.client.plugins.implings.ImplingsPlugin.onNpcSpawned(net.runelite.api.events.NpcSpawned), priority=0.0, lambda=net.runelite.client.plugins.implings.ImplingsPlugin$$Lambda/0x00000001007e8698@484c9a24)
2026-04-26 16:17:20 GMT [AWT-EventQueue-0] DEBUG n.runelite.client.eventbus.EventBus - Registering class net.runelite.api.events.NpcChanged - EventBus.Subscriber(object=net.runelite.client.plugins.implings.ImplingsPlugin@77429040, method=public void net.runelite.client.plugins.implings.ImplingsPlugin.onNpcChanged(net.runelite.api.events.NpcChanged), priority=0.0, lambda=net.runelite.client.plugins.implings.ImplingsPlugin$$Lambda/0x00000001007e88d0@49f1dc8f)
2026-04-26 16:17:20 GMT [AWT-EventQueue-0] DEBUG n.runelite.client.eventbus.EventBus - Registering class net.runelite.client.events.ConfigChanged - EventBus.Subscriber(object=net.runelite.client.plugins.implings.ImplingsPlugin@77429040, method=private void net.runelite.client.plugins.implings.ImplingsPlugin.onConfigChanged(net.runelite.client.events.ConfigChanged), priority=0.0, lambda=net.runelite.client.plugins.implings.ImplingsPlugin$$Lambda/0x00000001007e8b08@47b09391)
2026-04-26 16:17:20 GMT [AWT-EventQueue-0] DEBUG n.r.client.plugins.PluginManager - Plugin ChatChannelPlugin is now running
2026-04-26 16:17:20 GMT [AWT-EventQueue-0] DEBUG n.runelite.client.eventbus.EventBus - Registering class net.runelite.api.events.GameTick - EventBus.Subscriber(object=net.runelite.client.plugins.chatchannel.ChatChannelPlugin@39666e42, method=public void net.runelite.client.plugins.chatchannel.ChatChannelPlugin.onGameTick(net.runelite.api.events.GameTick), priority=0.0, lambda=net.runelite.client.plugins.chatchannel.ChatChannelPlugin$$Lambda/0x00000001007e93b8@5b745499)
2026-04-26 16:17:20 GMT [AWT-EventQueue-0] DEBUG n.runelite.client.eventbus.EventBus - Registering class net.runelite.api.events.GameStateChanged - EventBus.Subscriber(object=net.runelite.client.plugins.chatchannel.ChatChannelPlugin@39666e42, method=public void net.runelite.client.plugins.chatchannel.ChatChannelPlugin.onGameStateChanged(net.runelite.api.events.GameStateChanged), priority=0.0, lambda=net.runelite.client.plugins.chatchannel.ChatChannelPlugin$$Lambda/0x00000001007e95f0@61574bb1)
2026-04-26 16:17:20 GMT [AWT-EventQueue-0] DEBUG n.runelite.client.eventbus.EventBus - Registering class net.runelite.client.events.ConfigChanged - EventBus.Subscriber(object=net.runelite.client.plugins.chatchannel.ChatChannelPlugin@39666e42, method=public void net.runelite.client.plugins.chatchannel.ChatChannelPlugin.onConfigChanged(net.runelite.client.events.ConfigChanged), priority=0.0, lambda=net.runelite.client.plugins.chatchannel.ChatChannelPlugin$$Lambda/0x00000001007e9828@4bb4c98e)
2026-04-26 16:17:20 GMT [AWT-EventQueue-0] DEBUG n.runelite.client.eventbus.EventBus - Registering class net.runelite.api.events.ScriptCallbackEvent - EventBus.Subscriber(object=net.runelite.client.plugins.chatchannel.ChatChannelPlugin@39666e42, method=public void net.runelite.client.plugins.chatchannel.ChatChannelPlugin.onScriptCallbackEvent(net.runelite.api.events.ScriptCallbackEvent), priority=0.0, lambda=net.runelite.client.plugins.chatchannel.ChatChannelPlugin$$Lambda/0x00000001007e9a60@3e9424e8)
2026-04-26 16:17:20 GMT [AWT-EventQueue-0] DEBUG n.runelite.client.eventbus.EventBus - Registering class net.runelite.api.events.ScriptPostFired - EventBus.Subscriber(object=net.runelite.client.plugins.chatchannel.ChatChannelPlugin@39666e42, method=public void net.runelite.client.plugins.chatchannel.ChatChannelPlugin.onScriptPostFired(net.runelite.api.events.ScriptPostFired), priority=0.0, lambda=net.runelite.client.plugins.chatchannel.ChatChannelPlugin$$Lambda/0x00000001007e9c98@d5cbe8f)
2026-04-26 16:17:20 GMT [AWT-EventQueue-0] DEBUG n.runelite.client.eventbus.EventBus - Registering class net.runelite.api.events.VarClientStrChanged - EventBus.Subscriber(object=net.runelite.client.plugins.chatchannel.ChatChannelPlugin@39666e42, method=public void net.runelite.client.plugins.chatchannel.ChatChannelPlugin.onVarClientStrChanged(net.runelite.api.events.VarClientStrChanged), priority=0.0, lambda=net.runelite.client.plugins.chatchannel.ChatChannelPlugin$$Lambda/0x00000001007e9ed0@5876dd10)
2026-04-26 16:17:21 GMT [AWT-EventQueue-0] DEBUG n.runelite.client.eventbus.EventBus - Registering class net.runelite.api.events.FriendsChatChanged - EventBus.Subscriber(object=net.runelite.client.plugins.chatchannel.ChatChannelPlugin@39666e42, method=public void net.runelite.client.plugins.chatchannel.ChatChannelPlugin.onFriendsChatChanged(net.runelite.api.events.FriendsChatChanged), priority=0.0, lambda=net.runelite.client.plugins.chatchannel.ChatChannelPlugin$$Lambda/0x00000001007ea108@1fcd99fc)
2026-04-26 16:17:21 GMT [AWT-EventQueue-0] DEBUG n.runelite.client.eventbus.EventBus - Registering class net.runelite.api.events.ClanMemberJoined - EventBus.Subscriber(object=net.runelite.client.plugins.chatchannel.ChatChannelPlugin@39666e42, method=public void net.runelite.client.plugins.chatchannel.ChatChannelPlugin.onClanMemberJoined(net.runelite.api.events.ClanMemberJoined), priority=0.0, lambda=net.runelite.client.plugins.chatchannel.ChatChannelPlugin$$Lambda/0x00000001007ea340@66e3bb87)
2026-04-26 16:17:21 GMT [AWT-EventQueue-0] DEBUG n.runelite.client.eventbus.EventBus - Registering class net.runelite.api.events.ClanMemberLeft - EventBus.Subscriber(object=net.runelite.client.plugins.chatchannel.ChatChannelPlugin@39666e42, method=public void net.runelite.client.plugins.chatchannel.ChatChannelPlugin.onClanMemberLeft(net.runelite.api.events.ClanMemberLeft), priority=0.0, lambda=net.runelite.client.plugins.chatchannel.ChatChannelPlugin$$Lambda/0x00000001007ea578@d4d5d14)
2026-04-26 16:17:21 GMT [AWT-EventQueue-0] DEBUG n.runelite.client.eventbus.EventBus - Registering class net.runelite.api.events.FriendsChatMemberJoined - EventBus.Subscriber(object=net.runelite.client.plugins.chatchannel.ChatChannelPlugin@39666e42, method=public void net.runelite.client.plugins.chatchannel.ChatChannelPlugin.onFriendsChatMemberJoined(net.runelite.api.events.FriendsChatMemberJoined), priority=0.0, lambda=net.runelite.client.plugins.chatchannel.ChatChannelPlugin$$Lambda/0x00000001007ea7b0@65c79798)
2026-04-26 16:17:21 GMT [AWT-EventQueue-0] DEBUG n.runelite.client.eventbus.EventBus - Registering class net.runelite.api.events.FriendsChatMemberLeft - EventBus.Subscriber(object=net.runelite.client.plugins.chatchannel.ChatChannelPlugin@39666e42, method=public void net.runelite.client.plugins.chatchannel.ChatChannelPlugin.onFriendsChatMemberLeft(net.runelite.api.events.FriendsChatMemberLeft), priority=0.0, lambda=net.runelite.client.plugins.chatchannel.ChatChannelPlugin$$Lambda/0x00000001007ea9e8@1d6cb353)
2026-04-26 16:17:21 GMT [AWT-EventQueue-0] DEBUG n.r.client.plugins.PluginManager - Plugin CorpPlugin is now running
2026-04-26 16:17:21 GMT [AWT-EventQueue-0] DEBUG n.runelite.client.eventbus.EventBus - Registering class net.runelite.api.events.NpcSpawned - EventBus.Subscriber(object=net.runelite.client.plugins.corp.CorpPlugin@61db86bf, method=public void net.runelite.client.plugins.corp.CorpPlugin.onNpcSpawned(net.runelite.api.events.NpcSpawned), priority=0.0, lambda=net.runelite.client.plugins.corp.CorpPlugin$$Lambda/0x00000001007eac20@7031c521)
2026-04-26 16:17:21 GMT [AWT-EventQueue-0] DEBUG n.runelite.client.eventbus.EventBus - Registering class net.runelite.api.events.NpcDespawned - EventBus.Subscriber(object=net.runelite.client.plugins.corp.CorpPlugin@61db86bf, method=public void net.runelite.client.plugins.corp.CorpPlugin.onNpcDespawned(net.runelite.api.events.NpcDespawned), priority=0.0, lambda=net.runelite.client.plugins.corp.CorpPlugin$$Lambda/0x00000001007eae58@32fdf63b)
2026-04-26 16:17:21 GMT [AWT-EventQueue-0] DEBUG n.runelite.client.eventbus.EventBus - Registering class net.runelite.api.events.GameStateChanged - EventBus.Subscriber(object=net.runelite.client.plugins.corp.CorpPlugin@61db86bf, method=public void net.runelite.client.plugins.corp.CorpPlugin.onGameStateChanged(net.runelite.api.events.GameStateChanged), priority=0.0, lambda=net.runelite.client.plugins.corp.CorpPlugin$$Lambda/0x00000001007eb090@51cc5e29)
2026-04-26 16:17:21 GMT [AWT-EventQueue-0] DEBUG n.runelite.client.eventbus.EventBus - Registering class net.runelite.api.events.MenuEntryAdded - EventBus.Subscriber(object=net.runelite.client.plugins.corp.CorpPlugin@61db86bf, method=public void net.runelite.client.plugins.corp.CorpPlugin.onMenuEntryAdded(net.runelite.api.events.MenuEntryAdded), priority=0.0, lambda=net.runelite.client.plugins.corp.CorpPlugin$$Lambda/0x00000001007eb2c8@301ace04)
2026-04-26 16:17:21 GMT [AWT-EventQueue-0] DEBUG n.runelite.client.eventbus.EventBus - Registering class net.runelite.api.events.VarbitChanged - EventBus.Subscriber(object=net.runelite.client.plugins.corp.CorpPlugin@61db86bf, method=public void net.runelite.client.plugins.corp.CorpPlugin.onVarbitChanged(net.runelite.api.events.VarbitChanged), priority=0.0, lambda=net.runelite.client.plugins.corp.CorpPlugin$$Lambda/0x00000001007eb500@78b43ff1)
2026-04-26 16:17:21 GMT [AWT-EventQueue-0] DEBUG n.runelite.client.eventbus.EventBus - Registering class net.runelite.api.events.HitsplatApplied - EventBus.Subscriber(object=net.runelite.client.plugins.corp.CorpPlugin@61db86bf, method=public void net.runelite.client.plugins.corp.CorpPlugin.onHitsplatApplied(net.runelite.api.events.HitsplatApplied), priority=0.0, lambda=net.runelite.client.plugins.corp.CorpPlugin$$Lambda/0x00000001007eb738@2e0e9a8c)
2026-04-26 16:17:21 GMT [AWT-EventQueue-0] DEBUG n.runelite.client.eventbus.EventBus - Registering class net.runelite.api.events.InteractingChanged - EventBus.Subscriber(object=net.runelite.client.plugins.corp.CorpPlugin@61db86bf, method=public void net.runelite.client.plugins.corp.CorpPlugin.onInteractingChanged(net.runelite.api.events.InteractingChanged), priority=0.0, lambda=net.runelite.client.plugins.corp.CorpPlugin$$Lambda/0x00000001007eb970@6c50f75f)
2026-04-26 16:17:21 GMT [AWT-EventQueue-0] DEBUG n.r.client.plugins.PluginManager - Plugin BarrowsPlugin is now running
2026-04-26 16:17:21 GMT [AWT-EventQueue-0] DEBUG n.runelite.client.eventbus.EventBus - Registering class net.runelite.api.events.BeforeRender - EventBus.Subscriber(object=net.runelite.client.plugins.barrows.BarrowsPlugin@4d7a64ca, method=public void net.runelite.client.plugins.barrows.BarrowsPlugin.onBeforeRender(net.runelite.api.events.BeforeRender), priority=0.0, lambda=net.runelite.client.plugins.barrows.BarrowsPlugin$$Lambda/0x00000001007ebba8@4bbbf516)
2026-04-26 16:17:21 GMT [AWT-EventQueue-0] DEBUG n.runelite.client.eventbus.EventBus - Registering class net.runelite.api.events.WidgetLoaded - EventBus.Subscriber(object=net.runelite.client.plugins.barrows.BarrowsPlugin@4d7a64ca, method=public void net.runelite.client.plugins.barrows.BarrowsPlugin.onWidgetLoaded(net.runelite.api.events.WidgetLoaded), priority=0.0, lambda=net.runelite.client.plugins.barrows.BarrowsPlugin$$Lambda/0x00000001007ebde0@1b904866)
2026-04-26 16:17:21 GMT [AWT-EventQueue-0] DEBUG n.runelite.client.eventbus.EventBus - Registering class net.runelite.api.events.WidgetClosed - EventBus.Subscriber(object=net.runelite.client.plugins.barrows.BarrowsPlugin@4d7a64ca, method=public void net.runelite.client.plugins.barrows.BarrowsPlugin.onWidgetClosed(net.runelite.api.events.WidgetClosed), priority=0.0, lambda=net.runelite.client.plugins.barrows.BarrowsPlugin$$Lambda/0x00000001007ec018@6fd1463b)
2026-04-26 16:17:21 GMT [AWT-EventQueue-0] DEBUG n.runelite.client.eventbus.EventBus - Registering class net.runelite.api.events.GameStateChanged - EventBus.Subscriber(object=net.runelite.client.plugins.barrows.BarrowsPlugin@4d7a64ca, method=public void net.runelite.client.plugins.barrows.BarrowsPlugin.onGameStateChanged(net.runelite.api.events.GameStateChanged), priority=0.0, lambda=net.runelite.client.plugins.barrows.BarrowsPlugin$$Lambda/0x00000001007ec250@6981195)
2026-04-26 16:17:21 GMT [AWT-EventQueue-0] DEBUG n.runelite.client.eventbus.EventBus - Registering class net.runelite.client.events.ConfigChanged - EventBus.Subscriber(object=net.runelite.client.plugins.barrows.BarrowsPlugin@4d7a64ca, method=public void net.runelite.client.plugins.barrows.BarrowsPlugin.onConfigChanged(net.runelite.client.events.ConfigChanged), priority=0.0, lambda=net.runelite.client.plugins.barrows.BarrowsPlugin$$Lambda/0x00000001007ec488@28f857c1)
2026-04-26 16:17:21 GMT [AWT-EventQueue-0] DEBUG n.r.client.plugins.PluginManager - Plugin NightmareZonePlugin is now running
2026-04-26 16:17:21 GMT [AWT-EventQueue-0] DEBUG n.runelite.client.eventbus.EventBus - Registering class net.runelite.api.events.BeforeRender - EventBus.Subscriber(object=net.runelite.client.plugins.nightmarezone.NightmareZonePlugin@7d42542, method=public void net.runelite.client.plugins.nightmarezone.NightmareZonePlugin.onBeforeRender(net.runelite.api.events.BeforeRender), priority=0.0, lambda=net.runelite.client.plugins.nightmarezone.NightmareZonePlugin$$Lambda/0x00000001007ec6c0@5788fd14)
2026-04-26 16:17:21 GMT [AWT-EventQueue-0] DEBUG n.runelite.client.eventbus.EventBus - Registering class net.runelite.api.events.GameTick - EventBus.Subscriber(object=net.runelite.client.plugins.nightmarezone.NightmareZonePlugin@7d42542, method=public void net.runelite.client.plugins.nightmarezone.NightmareZonePlugin.onGameTick(net.runelite.api.events.GameTick), priority=0.0, lambda=net.runelite.client.plugins.nightmarezone.NightmareZonePlugin$$Lambda/0x00000001007ec8f8@bf2e1de)
2026-04-26 16:17:21 GMT [AWT-EventQueue-0] DEBUG n.runelite.client.eventbus.EventBus - Registering class net.runelite.api.events.ChatMessage - EventBus.Subscriber(object=net.runelite.client.plugins.nightmarezone.NightmareZonePlugin@7d42542, method=public void net.runelite.client.plugins.nightmarezone.NightmareZonePlugin.onChatMessage(net.runelite.api.events.ChatMessage), priority=0.0, lambda=net.runelite.client.plugins.nightmarezone.NightmareZonePlugin$$Lambda/0x00000001007ecb30@635ae640)
2026-04-26 16:17:21 GMT [AWT-EventQueue-0] DEBUG n.runelite.client.eventbus.EventBus - Registering class net.runelite.client.events.ConfigChanged - EventBus.Subscriber(object=net.runelite.client.plugins.nightmarezone.NightmareZonePlugin@7d42542, method=public void net.runelite.client.plugins.nightmarezone.NightmareZonePlugin.onConfigChanged(net.runelite.client.events.ConfigChanged), priority=0.0, lambda=net.runelite.client.plugins.nightmarezone.NightmareZonePlugin$$Lambda/0x00000001007ecd68@5913709)
2026-04-26 16:17:21 GMT [AWT-EventQueue-0] DEBUG n.r.client.plugins.PluginManager - Plugin NotesPlugin is now running
2026-04-26 16:17:21 GMT [AWT-EventQueue-0] DEBUG n.runelite.client.eventbus.EventBus - Registering class net.runelite.client.events.ProfileChanged - EventBus.Subscriber(object=net.runelite.client.plugins.notes.NotesPlugin@1150d471, method=public void net.runelite.client.plugins.notes.NotesPlugin.onProfileChanged(net.runelite.client.events.ProfileChanged), priority=0.0, lambda=net.runelite.client.plugins.notes.NotesPlugin$$Lambda/0x00000001007ee468@6d3e7297)
2026-04-26 16:17:21 GMT [AWT-EventQueue-0] DEBUG net.runelite.client.input.KeyManager - Registering key listener: net.runelite.client.plugins.chatcommands.ChatKeyboardListener@6b116787
2026-04-26 16:17:21 GMT [AWT-EventQueue-0] DEBUG n.r.client.plugins.PluginManager - Plugin ChatCommandsPlugin is now running
2026-04-26 16:17:21 GMT [AWT-EventQueue-0] DEBUG n.runelite.client.eventbus.EventBus - Registering class net.runelite.api.events.WidgetLoaded - EventBus.Subscriber(object=net.runelite.client.plugins.chatcommands.ChatCommandsPlugin@60743cdb, method=public void net.runelite.client.plugins.chatcommands.ChatCommandsPlugin.onWidgetLoaded(net.runelite.api.events.WidgetLoaded), priority=0.0, lambda=net.runelite.client.plugins.chatcommands.ChatCommandsPlugin$$Lambda/0x00000001007f2450@5a8c7f5b)
2026-04-26 16:17:21 GMT [AWT-EventQueue-0] DEBUG n.runelite.client.eventbus.EventBus - Registering class net.runelite.api.events.GameTick - EventBus.Subscriber(object=net.runelite.client.plugins.chatcommands.ChatCommandsPlugin@60743cdb, method=public void net.runelite.client.plugins.chatcommands.ChatCommandsPlugin.onGameTick(net.runelite.api.events.GameTick), priority=0.0, lambda=net.runelite.client.plugins.chatcommands.ChatCommandsPlugin$$Lambda/0x00000001007f2688@7d8a8a9d)
2026-04-26 16:17:21 GMT [AWT-EventQueue-0] DEBUG n.runelite.client.eventbus.EventBus - Registering class net.runelite.api.events.ChatMessage - EventBus.Subscriber(object=net.runelite.client.plugins.chatcommands.ChatCommandsPlugin@60743cdb, method=public void net.runelite.client.plugins.chatcommands.ChatCommandsPlugin.onChatMessage(net.runelite.api.events.ChatMessage), priority=0.0, lambda=net.runelite.client.plugins.chatcommands.ChatCommandsPlugin$$Lambda/0x00000001007f28c0@65f9e39f)
2026-04-26 16:17:21 GMT [AWT-EventQueue-0] DEBUG n.runelite.client.eventbus.EventBus - Registering class net.runelite.api.events.GameStateChanged - EventBus.Subscriber(object=net.runelite.client.plugins.chatcommands.ChatCommandsPlugin@60743cdb, method=public void net.runelite.client.plugins.chatcommands.ChatCommandsPlugin.onGameStateChanged(net.runelite.api.events.GameStateChanged), priority=0.0, lambda=net.runelite.client.plugins.chatcommands.ChatCommandsPlugin$$Lambda/0x00000001007f2af8@2b88ac72)
2026-04-26 16:17:21 GMT [AWT-EventQueue-0] DEBUG n.runelite.client.eventbus.EventBus - Registering class net.runelite.api.events.ScriptPostFired - EventBus.Subscriber(object=net.runelite.client.plugins.chatcommands.ChatCommandsPlugin@60743cdb, method=public void net.runelite.client.plugins.chatcommands.ChatCommandsPlugin.onScriptPostFired(net.runelite.api.events.ScriptPostFired), priority=0.0, lambda=net.runelite.client.plugins.chatcommands.ChatCommandsPlugin$$Lambda/0x00000001007f2d30@6c53a720)
2026-04-26 16:17:21 GMT [AWT-EventQueue-0] DEBUG n.runelite.client.eventbus.EventBus - Registering class net.runelite.api.events.VarbitChanged - EventBus.Subscriber(object=net.runelite.client.plugins.chatcommands.ChatCommandsPlugin@60743cdb, method=public void net.runelite.client.plugins.chatcommands.ChatCommandsPlugin.onVarbitChanged(net.runelite.api.events.VarbitChanged), priority=0.0, lambda=net.runelite.client.plugins.chatcommands.ChatCommandsPlugin$$Lambda/0x00000001007f2f68@785516fc)
2026-04-26 16:17:21 GMT [AWT-EventQueue-0] DEBUG n.r.client.plugins.PluginManager - Plugin ClueScrollPlugin is now running
2026-04-26 16:17:21 GMT [AWT-EventQueue-0] DEBUG n.runelite.client.eventbus.EventBus - Registering class net.runelite.api.events.WidgetLoaded - EventBus.Subscriber(object=net.runelite.client.plugins.cluescrolls.ClueScrollPlugin@58a84a12, method=public void net.runelite.client.plugins.cluescrolls.ClueScrollPlugin.onWidgetLoaded(net.runelite.api.events.WidgetLoaded), priority=0.0, lambda=net.runelite.client.plugins.cluescrolls.ClueScrollPlugin$$Lambda/0x00000001007f6000@74e34d15)
2026-04-26 16:17:21 GMT [AWT-EventQueue-0] DEBUG n.runelite.client.eventbus.EventBus - Registering class net.runelite.api.events.NpcSpawned - EventBus.Subscriber(object=net.runelite.client.plugins.cluescrolls.ClueScrollPlugin@58a84a12, method=public void net.runelite.client.plugins.cluescrolls.ClueScrollPlugin.onNpcSpawned(net.runelite.api.events.NpcSpawned), priority=0.0, lambda=net.runelite.client.plugins.cluescrolls.ClueScrollPlugin$$Lambda/0x00000001007f6238@282c349d)
2026-04-26 16:17:21 GMT [AWT-EventQueue-0] DEBUG n.runelite.client.eventbus.EventBus - Registering class net.runelite.api.events.NpcDespawned - EventBus.Subscriber(object=net.runelite.client.plugins.cluescrolls.ClueScrollPlugin@58a84a12, method=public void net.runelite.client.plugins.cluescrolls.ClueScrollPlugin.onNpcDespawned(net.runelite.api.events.NpcDespawned), priority=0.0, lambda=net.runelite.client.plugins.cluescrolls.ClueScrollPlugin$$Lambda/0x00000001007f6470@1129d8d7)
2026-04-26 16:17:21 GMT [AWT-EventQueue-0] DEBUG n.runelite.client.eventbus.EventBus - Registering class net.runelite.api.events.GameTick - EventBus.Subscriber(object=net.runelite.client.plugins.cluescrolls.ClueScrollPlugin@58a84a12, method=public void net.runelite.client.plugins.cluescrolls.ClueScrollPlugin.onGameTick(net.runelite.api.events.GameTick), priority=0.0, lambda=net.runelite.client.plugins.cluescrolls.ClueScrollPlugin$$Lambda/0x00000001007f66a8@5d51f8af)
2026-04-26 16:17:21 GMT [AWT-EventQueue-0] DEBUG n.runelite.client.eventbus.EventBus - Registering class net.runelite.api.events.ChatMessage - EventBus.Subscriber(object=net.runelite.client.plugins.cluescrolls.ClueScrollPlugin@58a84a12, method=public void net.runelite.client.plugins.cluescrolls.ClueScrollPlugin.onChatMessage(net.runelite.api.events.ChatMessage), priority=0.0, lambda=net.runelite.client.plugins.cluescrolls.ClueScrollPlugin$$Lambda/0x00000001007f68e0@1879bfdc)
2026-04-26 16:17:21 GMT [AWT-EventQueue-0] DEBUG n.runelite.client.eventbus.EventBus - Registering class net.runelite.api.events.GameStateChanged - EventBus.Subscriber(object=net.runelite.client.plugins.cluescrolls.ClueScrollPlugin@58a84a12, method=public void net.runelite.client.plugins.cluescrolls.ClueScrollPlugin.onGameStateChanged(net.runelite.api.events.GameStateChanged), priority=0.0, lambda=net.runelite.client.plugins.cluescrolls.ClueScrollPlugin$$Lambda/0x00000001007f6b18@5bcd947f)
2026-04-26 16:17:21 GMT [AWT-EventQueue-0] DEBUG n.runelite.client.eventbus.EventBus - Registering class net.runelite.client.events.ConfigChanged - EventBus.Subscriber(object=net.runelite.client.plugins.cluescrolls.ClueScrollPlugin@58a84a12, method=public void net.runelite.client.plugins.cluescrolls.ClueScrollPlugin.onConfigChanged(net.runelite.client.events.ConfigChanged), priority=0.0, lambda=net.runelite.client.plugins.cluescrolls.ClueScrollPlugin$$Lambda/0x00000001007f6d50@1c6896)
2026-04-26 16:17:21 GMT [AWT-EventQueue-0] DEBUG n.runelite.client.eventbus.EventBus - Registering class net.runelite.api.events.MenuOptionClicked - EventBus.Subscriber(object=net.runelite.client.plugins.cluescrolls.ClueScrollPlugin@58a84a12, method=public void net.runelite.client.plugins.cluescrolls.ClueScrollPlugin.onMenuOptionClicked(net.runelite.api.events.MenuOptionClicked), priority=0.0, lambda=net.runelite.client.plugins.cluescrolls.ClueScrollPlugin$$Lambda/0x00000001007f6f88@621069d7)
2026-04-26 16:17:21 GMT [AWT-EventQueue-0] DEBUG n.runelite.client.eventbus.EventBus - Registering class net.runelite.api.events.WallObjectSpawned - EventBus.Subscriber(object=net.runelite.client.plugins.cluescrolls.ClueScrollPlugin@58a84a12, method=public void net.runelite.client.plugins.cluescrolls.ClueScrollPlugin.onWallObjectSpawned(net.runelite.api.events.WallObjectSpawned), priority=0.0, lambda=net.runelite.client.plugins.cluescrolls.ClueScrollPlugin$$Lambda/0x00000001007f71c0@21902c68)
2026-04-26 16:17:21 GMT [AWT-EventQueue-0] DEBUG n.runelite.client.eventbus.EventBus - Registering class net.runelite.api.events.GameObjectSpawned - EventBus.Subscriber(object=net.runelite.client.plugins.cluescrolls.ClueScrollPlugin@58a84a12, method=public void net.runelite.client.plugins.cluescrolls.ClueScrollPlugin.onGameObjectSpawned(net.runelite.api.events.GameObjectSpawned), priority=0.0, lambda=net.runelite.client.plugins.cluescrolls.ClueScrollPlugin$$Lambda/0x00000001007f73f8@5ef36b51)
2026-04-26 16:17:21 GMT [AWT-EventQueue-0] DEBUG n.runelite.client.eventbus.EventBus - Registering class net.runelite.api.events.WallObjectDespawned - EventBus.Subscriber(object=net.runelite.client.plugins.cluescrolls.ClueScrollPlugin@58a84a12, method=public void net.runelite.client.plugins.cluescrolls.ClueScrollPlugin.onWallObjectDespawned(net.runelite.api.events.WallObjectDespawned), priority=0.0, lambda=net.runelite.client.plugins.cluescrolls.ClueScrollPlugin$$Lambda/0x00000001007f7630@613743e8)
2026-04-26 16:17:21 GMT [AWT-EventQueue-0] DEBUG n.runelite.client.eventbus.EventBus - Registering class net.runelite.api.events.GameObjectDespawned - EventBus.Subscriber(object=net.runelite.client.plugins.cluescrolls.ClueScrollPlugin@58a84a12, method=public void net.runelite.client.plugins.cluescrolls.ClueScrollPlugin.onGameObjectDespawned(net.runelite.api.events.GameObjectDespawned), priority=0.0, lambda=net.runelite.client.plugins.cluescrolls.ClueScrollPlugin$$Lambda/0x00000001007f7868@7c52c0e6)
2026-04-26 16:17:21 GMT [AWT-EventQueue-0] DEBUG n.runelite.client.eventbus.EventBus - Registering class net.runelite.api.events.GroundObjectSpawned - EventBus.Subscriber(object=net.runelite.client.plugins.cluescrolls.ClueScrollPlugin@58a84a12, method=public void net.runelite.client.plugins.cluescrolls.ClueScrollPlugin.onGroundObjectSpawned(net.runelite.api.events.GroundObjectSpawned), priority=0.0, lambda=net.runelite.client.plugins.cluescrolls.ClueScrollPlugin$$Lambda/0x00000001007f7aa0@4084f1ed)
2026-04-26 16:17:21 GMT [AWT-EventQueue-0] DEBUG n.runelite.client.eventbus.EventBus - Registering class net.runelite.api.events.ItemContainerChanged - EventBus.Subscriber(object=net.runelite.client.plugins.cluescrolls.ClueScrollPlugin@58a84a12, method=public void net.runelite.client.plugins.cluescrolls.ClueScrollPlugin.onItemContainerChanged(net.runelite.api.events.ItemContainerChanged), priority=0.0, lambda=net.runelite.client.plugins.cluescrolls.ClueScrollPlugin$$Lambda/0x00000001007f7cd8@67230d2e)
2026-04-26 16:17:21 GMT [AWT-EventQueue-0] DEBUG n.runelite.client.eventbus.EventBus - Registering class net.runelite.api.events.CommandExecuted - EventBus.Subscriber(object=net.runelite.client.plugins.cluescrolls.ClueScrollPlugin@58a84a12, method=public void net.runelite.client.plugins.cluescrolls.ClueScrollPlugin.onCommandExecuted(net.runelite.api.events.CommandExecuted), priority=0.0, lambda=net.runelite.client.plugins.cluescrolls.ClueScrollPlugin$$Lambda/0x00000001007f5000@25562e98)
2026-04-26 16:17:21 GMT [AWT-EventQueue-0] DEBUG n.runelite.client.eventbus.EventBus - Registering class net.runelite.api.events.GroundObjectDespawned - EventBus.Subscriber(object=net.runelite.client.plugins.cluescrolls.ClueScrollPlugin@58a84a12, method=public void net.runelite.client.plugins.cluescrolls.ClueScrollPlugin.onGroundObjectDespawned(net.runelite.api.events.GroundObjectDespawned), priority=0.0, lambda=net.runelite.client.plugins.cluescrolls.ClueScrollPlugin$$Lambda/0x00000001007f5238@32db2536)
2026-04-26 16:17:21 GMT [AWT-EventQueue-0] DEBUG n.runelite.client.eventbus.EventBus - Registering class net.runelite.api.events.DecorativeObjectSpawned - EventBus.Subscriber(object=net.runelite.client.plugins.cluescrolls.ClueScrollPlugin@58a84a12, method=public void net.runelite.client.plugins.cluescrolls.ClueScrollPlugin.onDecorativeObjectSpawned(net.runelite.api.events.DecorativeObjectSpawned), priority=0.0, lambda=net.runelite.client.plugins.cluescrolls.ClueScrollPlugin$$Lambda/0x00000001007f5470@31658866)
2026-04-26 16:17:21 GMT [AWT-EventQueue-0] DEBUG n.runelite.client.eventbus.EventBus - Registering class net.runelite.api.events.DecorativeObjectDespawned - EventBus.Subscriber(object=net.runelite.client.plugins.cluescrolls.ClueScrollPlugin@58a84a12, method=public void net.runelite.client.plugins.cluescrolls.ClueScrollPlugin.onDecorativeObjectDespawned(net.runelite.api.events.DecorativeObjectDespawned), priority=0.0, lambda=net.runelite.client.plugins.cluescrolls.ClueScrollPlugin$$Lambda/0x00000001007f56a8@67710367)
2026-04-26 16:17:21 GMT [AWT-EventQueue-0] DEBUG n.r.client.plugins.PluginManager - Plugin FriendListPlugin is now running
2026-04-26 16:17:21 GMT [AWT-EventQueue-0] DEBUG n.runelite.client.eventbus.EventBus - Registering class net.runelite.api.events.ChatMessage - EventBus.Subscriber(object=net.runelite.client.plugins.friendlist.FriendListPlugin@26865482, method=public void net.runelite.client.plugins.friendlist.FriendListPlugin.onChatMessage(net.runelite.api.events.ChatMessage), priority=0.0, lambda=net.runelite.client.plugins.friendlist.FriendListPlugin$$Lambda/0x00000001007f58e0@678b0baa)
2026-04-26 16:17:21 GMT [AWT-EventQueue-0] DEBUG n.runelite.client.eventbus.EventBus - Registering class net.runelite.api.events.MenuEntryAdded - EventBus.Subscriber(object=net.runelite.client.plugins.friendlist.FriendListPlugin@26865482, method=public void net.runelite.client.plugins.friendlist.FriendListPlugin.onMenuEntryAdded(net.runelite.api.events.MenuEntryAdded), priority=0.0, lambda=net.runelite.client.plugins.friendlist.FriendListPlugin$$Lambda/0x00000001007f5b18@50d0071)
2026-04-26 16:17:21 GMT [AWT-EventQueue-0] DEBUG n.runelite.client.eventbus.EventBus - Registering class net.runelite.api.events.ScriptPostFired - EventBus.Subscriber(object=net.runelite.client.plugins.friendlist.FriendListPlugin@26865482, method=public void net.runelite.client.plugins.friendlist.FriendListPlugin.onScriptPostFired(net.runelite.api.events.ScriptPostFired), priority=0.0, lambda=net.runelite.client.plugins.friendlist.FriendListPlugin$$Lambda/0x00000001007f4800@5267d197)
2026-04-26 16:17:21 GMT [AWT-EventQueue-0] DEBUG n.r.client.plugins.PluginManager - Scheduled task ScheduledMethod(schedule=@net.runelite.client.task.Schedule(asynchronous=false, period=5L, unit=SECONDS), method=public void net.runelite.client.plugins.friendlist.FriendListPlugin.setHideNotifications(), object=net.runelite.client.plugins.friendlist.FriendListPlugin@26865482, lambda=net.runelite.client.plugins.friendlist.FriendListPlugin$$Lambda/0x00000001007f4a38@11a21f76, last=2026-04-26T16:17:21.154096133Z)
2026-04-26 16:17:21 GMT [AWT-EventQueue-0] DEBUG n.r.client.plugins.PluginManager - Plugin GpuPlugin is now running
2026-04-26 16:17:21 GMT [AWT-EventQueue-0] DEBUG n.runelite.client.eventbus.EventBus - Registering class net.runelite.api.events.GameStateChanged - EventBus.Subscriber(object=net.runelite.client.plugins.gpu.GpuPlugin@331ff3ac, method=public void net.runelite.client.plugins.gpu.GpuPlugin.onGameStateChanged(net.runelite.api.events.GameStateChanged), priority=0.0, lambda=net.runelite.client.plugins.gpu.GpuPlugin$$Lambda/0x00000001007f9a20@6b84cf65)
2026-04-26 16:17:21 GMT [AWT-EventQueue-0] DEBUG n.runelite.client.eventbus.EventBus - Registering class net.runelite.client.events.ConfigChanged - EventBus.Subscriber(object=net.runelite.client.plugins.gpu.GpuPlugin@331ff3ac, method=public void net.runelite.client.plugins.gpu.GpuPlugin.onConfigChanged(net.runelite.client.events.ConfigChanged), priority=0.0, lambda=net.runelite.client.plugins.gpu.GpuPlugin$$Lambda/0x00000001007f9c58@66f4c22d)
2026-04-26 16:17:21 GMT [AWT-EventQueue-0] DEBUG n.runelite.client.eventbus.EventBus - Registering class net.runelite.api.events.PostClientTick - EventBus.Subscriber(object=net.runelite.client.plugins.gpu.GpuPlugin@331ff3ac, method=public void net.runelite.client.plugins.gpu.GpuPlugin.onPostClientTick(net.runelite.api.events.PostClientTick), priority=0.0, lambda=net.runelite.client.plugins.gpu.GpuPlugin$$Lambda/0x00000001007f9e90@4b548ec)
2026-04-26 16:17:21 GMT [AWT-EventQueue-0] DEBUG n.runelite.client.eventbus.EventBus - Registering class net.runelite.api.events.ChatMessage - EventBus.Subscriber(object=net.runelite.client.plugins.crowdsourcing.cooking.CrowdsourcingCooking@37279420, method=public void net.runelite.client.plugins.crowdsourcing.cooking.CrowdsourcingCooking.onChatMessage(net.runelite.api.events.ChatMessage), priority=0.0, lambda=net.runelite.client.plugins.crowdsourcing.cooking.CrowdsourcingCooking$$Lambda/0x00000001007fa0c8@5d8ef6a9)
2026-04-26 16:17:21 GMT [AWT-EventQueue-0] DEBUG n.runelite.client.eventbus.EventBus - Registering class net.runelite.api.events.MenuOptionClicked - EventBus.Subscriber(object=net.runelite.client.plugins.crowdsourcing.cooking.CrowdsourcingCooking@37279420, method=public void net.runelite.client.plugins.crowdsourcing.cooking.CrowdsourcingCooking.onMenuOptionClicked(net.runelite.api.events.MenuOptionClicked), priority=0.0, lambda=net.runelite.client.plugins.crowdsourcing.cooking.CrowdsourcingCooking$$Lambda/0x00000001007fa300@18a37b28)
2026-04-26 16:17:21 GMT [AWT-EventQueue-0] DEBUG n.runelite.client.eventbus.EventBus - Registering class net.runelite.api.events.GameTick - EventBus.Subscriber(object=net.runelite.client.plugins.crowdsourcing.dialogue.CrowdsourcingDialogue@39bfedfa, method=public void net.runelite.client.plugins.crowdsourcing.dialogue.CrowdsourcingDialogue.onGameTick(net.runelite.api.events.GameTick), priority=0.0, lambda=net.runelite.client.plugins.crowdsourcing.dialogue.CrowdsourcingDialogue$$Lambda/0x00000001007fa538@21c753fc)
2026-04-26 16:17:21 GMT [AWT-EventQueue-0] DEBUG n.runelite.client.eventbus.EventBus - Registering class net.runelite.api.events.ChatMessage - EventBus.Subscriber(object=net.runelite.client.plugins.crowdsourcing.dialogue.CrowdsourcingDialogue@39bfedfa, method=public void net.runelite.client.plugins.crowdsourcing.dialogue.CrowdsourcingDialogue.onChatMessage(net.runelite.api.events.ChatMessage), priority=0.0, lambda=net.runelite.client.plugins.crowdsourcing.dialogue.CrowdsourcingDialogue$$Lambda/0x00000001007fa770@4224c222)
2026-04-26 16:17:21 GMT [AWT-EventQueue-0] DEBUG n.runelite.client.eventbus.EventBus - Registering class net.runelite.api.events.ChatMessage - EventBus.Subscriber(object=net.runelite.client.plugins.crowdsourcing.music.CrowdsourcingMusic@1f71dc68, method=public void net.runelite.client.plugins.crowdsourcing.music.CrowdsourcingMusic.onChatMessage(net.runelite.api.events.ChatMessage), priority=0.0, lambda=net.runelite.client.plugins.crowdsourcing.music.CrowdsourcingMusic$$Lambda/0x00000001007fa9a8@4dabe9ff)
2026-04-26 16:17:21 GMT [AWT-EventQueue-0] DEBUG n.runelite.client.eventbus.EventBus - Registering class net.runelite.api.events.ChatMessage - EventBus.Subscriber(object=net.runelite.client.plugins.crowdsourcing.thieving.CrowdsourcingThieving@3ce0220b, method=public void net.runelite.client.plugins.crowdsourcing.thieving.CrowdsourcingThieving.onChatMessage(net.runelite.api.events.ChatMessage), priority=0.0, lambda=net.runelite.client.plugins.crowdsourcing.thieving.CrowdsourcingThieving$$Lambda/0x00000001007fabe0@2d633b63)
2026-04-26 16:17:21 GMT [AWT-EventQueue-0] DEBUG n.runelite.client.eventbus.EventBus - Registering class net.runelite.api.events.MenuOptionClicked - EventBus.Subscriber(object=net.runelite.client.plugins.crowdsourcing.thieving.CrowdsourcingThieving@3ce0220b, method=public void net.runelite.client.plugins.crowdsourcing.thieving.CrowdsourcingThieving.onMenuOptionClicked(net.runelite.api.events.MenuOptionClicked), priority=0.0, lambda=net.runelite.client.plugins.crowdsourcing.thieving.CrowdsourcingThieving$$Lambda/0x00000001007fae18@462b5cbe)
2026-04-26 16:17:21 GMT [AWT-EventQueue-0] DEBUG n.runelite.client.eventbus.EventBus - Registering class net.runelite.api.events.GameTick - EventBus.Subscriber(object=net.runelite.client.plugins.crowdsourcing.woodcutting.CrowdsourcingWoodcutting@4f6a5a26, method=public void net.runelite.client.plugins.crowdsourcing.woodcutting.CrowdsourcingWoodcutting.onGameTick(net.runelite.api.events.GameTick), priority=0.0, lambda=net.runelite.client.plugins.crowdsourcing.woodcutting.CrowdsourcingWoodcutting$$Lambda/0x00000001007fb050@5e374c39)
2026-04-26 16:17:21 GMT [AWT-EventQueue-0] DEBUG n.runelite.client.eventbus.EventBus - Registering class net.runelite.api.events.ChatMessage - EventBus.Subscriber(object=net.runelite.client.plugins.crowdsourcing.woodcutting.CrowdsourcingWoodcutting@4f6a5a26, method=public void net.runelite.client.plugins.crowdsourcing.woodcutting.CrowdsourcingWoodcutting.onChatMessage(net.runelite.api.events.ChatMessage), priority=0.0, lambda=net.runelite.client.plugins.crowdsourcing.woodcutting.CrowdsourcingWoodcutting$$Lambda/0x00000001007fb288@fbe3535)
2026-04-26 16:17:21 GMT [AWT-EventQueue-0] DEBUG n.runelite.client.eventbus.EventBus - Registering class net.runelite.api.events.MenuOptionClicked - EventBus.Subscriber(object=net.runelite.client.plugins.crowdsourcing.woodcutting.CrowdsourcingWoodcutting@4f6a5a26, method=public void net.runelite.client.plugins.crowdsourcing.woodcutting.CrowdsourcingWoodcutting.onMenuOptionClicked(net.runelite.api.events.MenuOptionClicked), priority=0.0, lambda=net.runelite.client.plugins.crowdsourcing.woodcutting.CrowdsourcingWoodcutting$$Lambda/0x00000001007fb4c0@762a3570)
2026-04-26 16:17:21 GMT [AWT-EventQueue-0] DEBUG n.runelite.client.eventbus.EventBus - Registering class net.runelite.api.events.GameObjectDespawned - EventBus.Subscriber(object=net.runelite.client.plugins.crowdsourcing.woodcutting.CrowdsourcingWoodcutting@4f6a5a26, method=public void net.runelite.client.plugins.crowdsourcing.woodcutting.CrowdsourcingWoodcutting.onGameObjectDespawned(net.runelite.api.events.GameObjectDespawned), priority=0.0, lambda=net.runelite.client.plugins.crowdsourcing.woodcutting.CrowdsourcingWoodcutting$$Lambda/0x00000001007fb6f8@6362b51c)
2026-04-26 16:17:21 GMT [AWT-EventQueue-0] DEBUG n.runelite.client.eventbus.EventBus - Registering class net.runelite.api.events.StatChanged - EventBus.Subscriber(object=net.runelite.client.plugins.crowdsourcing.zmi.CrowdsourcingZMI@11253a7e, method=public void net.runelite.client.plugins.crowdsourcing.zmi.CrowdsourcingZMI.onStatChanged(net.runelite.api.events.StatChanged), priority=0.0, lambda=net.runelite.client.plugins.crowdsourcing.zmi.CrowdsourcingZMI$$Lambda/0x00000001007fb930@550ac75b)
2026-04-26 16:17:21 GMT [AWT-EventQueue-0] DEBUG n.runelite.client.eventbus.EventBus - Registering class net.runelite.api.events.ChatMessage - EventBus.Subscriber(object=net.runelite.client.plugins.crowdsourcing.zmi.CrowdsourcingZMI@11253a7e, method=public void net.runelite.client.plugins.crowdsourcing.zmi.CrowdsourcingZMI.onChatMessage(net.runelite.api.events.ChatMessage), priority=0.0, lambda=net.runelite.client.plugins.crowdsourcing.zmi.CrowdsourcingZMI$$Lambda/0x00000001007fbb68@d5856ee)
2026-04-26 16:17:21 GMT [AWT-EventQueue-0] DEBUG n.runelite.client.eventbus.EventBus - Registering class net.runelite.api.events.MenuOptionClicked - EventBus.Subscriber(object=net.runelite.client.plugins.crowdsourcing.zmi.CrowdsourcingZMI@11253a7e, method=public void net.runelite.client.plugins.crowdsourcing.zmi.CrowdsourcingZMI.onMenuOptionClicked(net.runelite.api.events.MenuOptionClicked), priority=0.0, lambda=net.runelite.client.plugins.crowdsourcing.zmi.CrowdsourcingZMI$$Lambda/0x00000001007fbda0@36255217)
2026-04-26 16:17:21 GMT [AWT-EventQueue-0] DEBUG n.runelite.client.eventbus.EventBus - Registering class net.runelite.api.events.ItemContainerChanged - EventBus.Subscriber(object=net.runelite.client.plugins.crowdsourcing.zmi.CrowdsourcingZMI@11253a7e, method=public void net.runelite.client.plugins.crowdsourcing.zmi.CrowdsourcingZMI.onItemContainerChanged(net.runelite.api.events.ItemContainerChanged), priority=0.0, lambda=net.runelite.client.plugins.crowdsourcing.zmi.CrowdsourcingZMI$$Lambda/0x00000001007fbfd8@68376090)
2026-04-26 16:17:21 GMT [AWT-EventQueue-0] DEBUG n.r.client.plugins.PluginManager - Plugin CrowdsourcingPlugin is now running
2026-04-26 16:17:21 GMT [AWT-EventQueue-0] DEBUG n.r.client.plugins.PluginManager - Scheduled task ScheduledMethod(schedule=@net.runelite.client.task.Schedule(asynchronous=true, period=300L, unit=SECONDS), method=public void net.runelite.client.plugins.crowdsourcing.CrowdsourcingPlugin.submitToAPI(), object=net.runelite.client.plugins.crowdsourcing.CrowdsourcingPlugin@6042d663, lambda=net.runelite.client.plugins.crowdsourcing.CrowdsourcingPlugin$$Lambda/0x00000001007fc210@68b18cbb, last=2026-04-26T16:17:21.192014518Z)
2026-04-26 16:17:21 GMT [AWT-EventQueue-0] DEBUG net.runelite.client.input.KeyManager - Registering key listener: net.runelite.client.plugins.grounditems.GroundItemHotkeyListener@3bd152dd
2026-04-26 16:17:21 GMT [AWT-EventQueue-0] DEBUG n.r.client.plugins.PluginManager - Plugin GroundItemsPlugin is now running
2026-04-26 16:17:21 GMT [AWT-EventQueue-0] DEBUG n.runelite.client.eventbus.EventBus - Registering class net.runelite.api.events.FocusChanged - EventBus.Subscriber(object=net.runelite.client.plugins.grounditems.GroundItemsPlugin@261bd7b, method=public void net.runelite.client.plugins.grounditems.GroundItemsPlugin.onFocusChanged(net.runelite.api.events.FocusChanged), priority=0.0, lambda=net.runelite.client.plugins.grounditems.GroundItemsPlugin$$Lambda/0x00000001007fd100@98f30e8)
2026-04-26 16:17:21 GMT [AWT-EventQueue-0] DEBUG n.runelite.client.eventbus.EventBus - Registering class net.runelite.api.events.ClientTick - EventBus.Subscriber(object=net.runelite.client.plugins.grounditems.GroundItemsPlugin@261bd7b, method=public void net.runelite.client.plugins.grounditems.GroundItemsPlugin.onClientTick(net.runelite.api.events.ClientTick), priority=0.0, lambda=net.runelite.client.plugins.grounditems.GroundItemsPlugin$$Lambda/0x00000001007fd338@60ae0233)
2026-04-26 16:17:21 GMT [AWT-EventQueue-0] DEBUG n.runelite.client.eventbus.EventBus - Registering class net.runelite.api.events.ItemSpawned - EventBus.Subscriber(object=net.runelite.client.plugins.grounditems.GroundItemsPlugin@261bd7b, method=public void net.runelite.client.plugins.grounditems.GroundItemsPlugin.onItemSpawned(net.runelite.api.events.ItemSpawned), priority=0.0, lambda=net.runelite.client.plugins.grounditems.GroundItemsPlugin$$Lambda/0x00000001007fd570@94073e)
2026-04-26 16:17:21 GMT [AWT-EventQueue-0] DEBUG n.runelite.client.eventbus.EventBus - Registering class net.runelite.client.events.ConfigChanged - EventBus.Subscriber(object=net.runelite.client.plugins.grounditems.GroundItemsPlugin@261bd7b, method=public void net.runelite.client.plugins.grounditems.GroundItemsPlugin.onConfigChanged(net.runelite.client.events.ConfigChanged), priority=0.0, lambda=net.runelite.client.plugins.grounditems.GroundItemsPlugin$$Lambda/0x00000001007fd7a8@66518cc8)
2026-04-26 16:17:21 GMT [AWT-EventQueue-0] DEBUG n.runelite.client.eventbus.EventBus - Registering class net.runelite.client.events.ProfileChanged - EventBus.Subscriber(object=net.runelite.client.plugins.grounditems.GroundItemsPlugin@261bd7b, method=public void net.runelite.client.plugins.grounditems.GroundItemsPlugin.onProfileChanged(net.runelite.client.events.ProfileChanged), priority=0.0, lambda=net.runelite.client.plugins.grounditems.GroundItemsPlugin$$Lambda/0x00000001007fd9e0@55ae9ced)
2026-04-26 16:17:21 GMT [AWT-EventQueue-0] DEBUG n.runelite.client.eventbus.EventBus - Registering class net.runelite.api.events.MenuEntryAdded - EventBus.Subscriber(object=net.runelite.client.plugins.grounditems.GroundItemsPlugin@261bd7b, method=public void net.runelite.client.plugins.grounditems.GroundItemsPlugin.onMenuEntryAdded(net.runelite.api.events.MenuEntryAdded), priority=0.0, lambda=net.runelite.client.plugins.grounditems.GroundItemsPlugin$$Lambda/0x00000001007fdc18@3cb36378)
2026-04-26 16:17:21 GMT [AWT-EventQueue-0] DEBUG n.runelite.client.eventbus.EventBus - Registering class net.runelite.api.events.ItemDespawned - EventBus.Subscriber(object=net.runelite.client.plugins.grounditems.GroundItemsPlugin@261bd7b, method=public void net.runelite.client.plugins.grounditems.GroundItemsPlugin.onItemDespawned(net.runelite.api.events.ItemDespawned), priority=0.0, lambda=net.runelite.client.plugins.grounditems.GroundItemsPlugin$$Lambda/0x00000001007fde50@76d77cc8)
2026-04-26 16:17:21 GMT [AWT-EventQueue-0] DEBUG n.runelite.client.eventbus.EventBus - Registering class net.runelite.api.events.WorldViewUnloaded - EventBus.Subscriber(object=net.runelite.client.plugins.grounditems.GroundItemsPlugin@261bd7b, method=public void net.runelite.client.plugins.grounditems.GroundItemsPlugin.onWorldViewUnloaded(net.runelite.api.events.WorldViewUnloaded), priority=0.0, lambda=net.runelite.client.plugins.grounditems.GroundItemsPlugin$$Lambda/0x00000001007fe088@73011273)
2026-04-26 16:17:21 GMT [AWT-EventQueue-0] DEBUG n.runelite.client.eventbus.EventBus - Registering class net.runelite.api.events.ItemQuantityChanged - EventBus.Subscriber(object=net.runelite.client.plugins.grounditems.GroundItemsPlugin@261bd7b, method=public void net.runelite.client.plugins.grounditems.GroundItemsPlugin.onItemQuantityChanged(net.runelite.api.events.ItemQuantityChanged), priority=0.0, lambda=net.runelite.client.plugins.grounditems.GroundItemsPlugin$$Lambda/0x00000001007fe2c0@173297e3)
2026-04-26 16:17:21 GMT [AWT-EventQueue-0] DEBUG n.r.client.plugins.PluginManager - Plugin DefaultWorldPlugin is now running
2026-04-26 16:17:21 GMT [AWT-EventQueue-0] DEBUG n.runelite.client.eventbus.EventBus - Registering class net.runelite.api.events.WorldChanged - EventBus.Subscriber(object=net.runelite.client.plugins.defaultworld.DefaultWorldPlugin@2db6d68d, method=public void net.runelite.client.plugins.defaultworld.DefaultWorldPlugin.onWorldChanged(net.runelite.api.events.WorldChanged), priority=0.0, lambda=net.runelite.client.plugins.defaultworld.DefaultWorldPlugin$$Lambda/0x00000001007fe720@58ffd657)
2026-04-26 16:17:21 GMT [AWT-EventQueue-0] DEBUG n.r.client.plugins.PluginManager - Plugin BlastMinePlugin is now running
2026-04-26 16:17:21 GMT [AWT-EventQueue-0] DEBUG n.runelite.client.eventbus.EventBus - Registering class net.runelite.api.events.GameTick - EventBus.Subscriber(object=net.runelite.client.plugins.blastmine.BlastMinePlugin@4d705112, method=public void net.runelite.client.plugins.blastmine.BlastMinePlugin.onGameTick(net.runelite.api.events.GameTick), priority=0.0, lambda=net.runelite.client.plugins.blastmine.BlastMinePlugin$$Lambda/0x00000001007feb60@278ff482)
2026-04-26 16:17:21 GMT [AWT-EventQueue-0] DEBUG n.runelite.client.eventbus.EventBus - Registering class net.runelite.api.events.GameStateChanged - EventBus.Subscriber(object=net.runelite.client.plugins.blastmine.BlastMinePlugin@4d705112, method=public void net.runelite.client.plugins.blastmine.BlastMinePlugin.onGameStateChanged(net.runelite.api.events.GameStateChanged), priority=0.0, lambda=net.runelite.client.plugins.blastmine.BlastMinePlugin$$Lambda/0x00000001007fed98@3c195ea)
2026-04-26 16:17:21 GMT [AWT-EventQueue-0] DEBUG n.runelite.client.eventbus.EventBus - Registering class net.runelite.api.events.GameObjectSpawned - EventBus.Subscriber(object=net.runelite.client.plugins.blastmine.BlastMinePlugin@4d705112, method=public void net.runelite.client.plugins.blastmine.BlastMinePlugin.onGameObjectSpawned(net.runelite.api.events.GameObjectSpawned), priority=0.0, lambda=net.runelite.client.plugins.blastmine.BlastMinePlugin$$Lambda/0x00000001007fefd0@1c9b0d59)
2026-04-26 16:17:21 GMT [AWT-EventQueue-0] DEBUG net.runelite.client.input.KeyManager - Registering key listener: net.runelite.client.plugins.grandexchange.GrandExchangeInputListener@344882e0
2026-04-26 16:17:21 GMT [AWT-EventQueue-0] DEBUG n.r.client.plugins.PluginManager - Plugin GrandExchangePlugin is now running
2026-04-26 16:17:21 GMT [AWT-EventQueue-0] DEBUG n.runelite.client.eventbus.EventBus - Registering class net.runelite.client.events.SessionOpen - EventBus.Subscriber(object=net.runelite.client.plugins.grandexchange.GrandExchangePlugin@75d366c2, method=public void net.runelite.client.plugins.grandexchange.GrandExchangePlugin.onSessionOpen(net.runelite.client.events.SessionOpen), priority=0.0, lambda=net.runelite.client.plugins.grandexchange.GrandExchangePlugin$$Lambda/0x00000001007ffd30@27f0187c)
2026-04-26 16:17:21 GMT [AWT-EventQueue-0] DEBUG n.runelite.client.eventbus.EventBus - Registering class net.runelite.client.events.SessionClose - EventBus.Subscriber(object=net.runelite.client.plugins.grandexchange.GrandExchangePlugin@75d366c2, method=public void net.runelite.client.plugins.grandexchange.GrandExchangePlugin.onSessionClose(net.runelite.client.events.SessionClose), priority=0.0, lambda=net.runelite.client.plugins.grandexchange.GrandExchangePlugin$$Lambda/0x0000000100804000@3cf9c441)
2026-04-26 16:17:21 GMT [AWT-EventQueue-0] DEBUG n.runelite.client.eventbus.EventBus - Registering class net.runelite.api.events.FocusChanged - EventBus.Subscriber(object=net.runelite.client.plugins.grandexchange.GrandExchangePlugin@75d366c2, method=public void net.runelite.client.plugins.grandexchange.GrandExchangePlugin.onFocusChanged(net.runelite.api.events.FocusChanged), priority=0.0, lambda=net.runelite.client.plugins.grandexchange.GrandExchangePlugin$$Lambda/0x0000000100804238@183938ac)
2026-04-26 16:17:21 GMT [AWT-EventQueue-0] DEBUG n.runelite.client.eventbus.EventBus - Registering class net.runelite.api.events.ChatMessage - EventBus.Subscriber(object=net.runelite.client.plugins.grandexchange.GrandExchangePlugin@75d366c2, method=public void net.runelite.client.plugins.grandexchange.GrandExchangePlugin.onChatMessage(net.runelite.api.events.ChatMessage), priority=0.0, lambda=net.runelite.client.plugins.grandexchange.GrandExchangePlugin$$Lambda/0x0000000100804470@163f3bc5)
2026-04-26 16:17:21 GMT [AWT-EventQueue-0] DEBUG n.runelite.client.eventbus.EventBus - Registering class net.runelite.api.events.GameStateChanged - EventBus.Subscriber(object=net.runelite.client.plugins.grandexchange.GrandExchangePlugin@75d366c2, method=public void net.runelite.client.plugins.grandexchange.GrandExchangePlugin.onGameStateChanged(net.runelite.api.events.GameStateChanged), priority=0.0, lambda=net.runelite.client.plugins.grandexchange.GrandExchangePlugin$$Lambda/0x00000001008046a8@1749026b)
2026-04-26 16:17:21 GMT [AWT-EventQueue-0] DEBUG n.runelite.client.eventbus.EventBus - Registering class net.runelite.client.events.ConfigChanged - EventBus.Subscriber(object=net.runelite.client.plugins.grandexchange.GrandExchangePlugin@75d366c2, method=public void net.runelite.client.plugins.grandexchange.GrandExchangePlugin.onConfigChanged(net.runelite.client.events.ConfigChanged), priority=0.0, lambda=net.runelite.client.plugins.grandexchange.GrandExchangePlugin$$Lambda/0x00000001008048e0@2d820a2f)
2026-04-26 16:17:21 GMT [AWT-EventQueue-0] DEBUG n.runelite.client.eventbus.EventBus - Registering class net.runelite.api.events.ScriptCallbackEvent - EventBus.Subscriber(object=net.runelite.client.plugins.grandexchange.GrandExchangePlugin@75d366c2, method=public void net.runelite.client.plugins.grandexchange.GrandExchangePlugin.onScriptCallbackEvent(net.runelite.api.events.ScriptCallbackEvent), priority=0.0, lambda=net.runelite.client.plugins.grandexchange.GrandExchangePlugin$$Lambda/0x0000000100804b18@11722695)
2026-04-26 16:17:21 GMT [AWT-EventQueue-0] DEBUG n.runelite.client.eventbus.EventBus - Registering class net.runelite.api.events.MenuEntryAdded - EventBus.Subscriber(object=net.runelite.client.plugins.grandexchange.GrandExchangePlugin@75d366c2, method=public void net.runelite.client.plugins.grandexchange.GrandExchangePlugin.onMenuEntryAdded(net.runelite.api.events.MenuEntryAdded), priority=0.0, lambda=net.runelite.client.plugins.grandexchange.GrandExchangePlugin$$Lambda/0x0000000100804d50@9303af5)
2026-04-26 16:17:21 GMT [AWT-EventQueue-0] DEBUG n.runelite.client.eventbus.EventBus - Registering class net.runelite.api.events.ScriptPostFired - EventBus.Subscriber(object=net.runelite.client.plugins.grandexchange.GrandExchangePlugin@75d366c2, method=public void net.runelite.client.plugins.grandexchange.GrandExchangePlugin.onScriptPostFired(net.runelite.api.events.ScriptPostFired), priority=0.0, lambda=net.runelite.client.plugins.grandexchange.GrandExchangePlugin$$Lambda/0x0000000100804f88@7e0d9f04)
2026-04-26 16:17:21 GMT [AWT-EventQueue-0] DEBUG n.runelite.client.eventbus.EventBus - Registering class net.runelite.api.events.GrandExchangeSearched - EventBus.Subscriber(object=net.runelite.client.plugins.grandexchange.GrandExchangePlugin@75d366c2, method=public void net.runelite.client.plugins.grandexchange.GrandExchangePlugin.onGrandExchangeSearched(net.runelite.api.events.GrandExchangeSearched), priority=-100.0, lambda=net.runelite.client.plugins.grandexchange.GrandExchangePlugin$$Lambda/0x00000001008051c0@3695c04b)
2026-04-26 16:17:21 GMT [AWT-EventQueue-0] DEBUG n.runelite.client.eventbus.EventBus - Registering class net.runelite.api.events.GrandExchangeOfferChanged - EventBus.Subscriber(object=net.runelite.client.plugins.grandexchange.GrandExchangePlugin@75d366c2, method=public void net.runelite.client.plugins.grandexchange.GrandExchangePlugin.onGrandExchangeOfferChanged(net.runelite.api.events.GrandExchangeOfferChanged), priority=0.0, lambda=net.runelite.client.plugins.grandexchange.GrandExchangePlugin$$Lambda/0x00000001008053f8@5b6bcb)
2026-04-26 16:17:21 GMT [AWT-EventQueue-0] DEBUG n.r.client.plugins.PluginManager - Plugin NpcIndicatorsPlugin is now running
2026-04-26 16:17:21 GMT [AWT-EventQueue-0] DEBUG n.runelite.client.eventbus.EventBus - Registering class net.runelite.api.events.NpcSpawned - EventBus.Subscriber(object=net.runelite.client.plugins.npchighlight.NpcIndicatorsPlugin@6ad179b4, method=public void net.runelite.client.plugins.npchighlight.NpcIndicatorsPlugin.onNpcSpawned(net.runelite.api.events.NpcSpawned), priority=0.0, lambda=net.runelite.client.plugins.npchighlight.NpcIndicatorsPlugin$$Lambda/0x0000000100805858@3f651d55)
2026-04-26 16:17:21 GMT [AWT-EventQueue-0] DEBUG n.runelite.client.eventbus.EventBus - Registering class net.runelite.api.events.NpcDespawned - EventBus.Subscriber(object=net.runelite.client.plugins.npchighlight.NpcIndicatorsPlugin@6ad179b4, method=public void net.runelite.client.plugins.npchighlight.NpcIndicatorsPlugin.onNpcDespawned(net.runelite.api.events.NpcDespawned), priority=0.0, lambda=net.runelite.client.plugins.npchighlight.NpcIndicatorsPlugin$$Lambda/0x0000000100805a90@7f2b178b)
2026-04-26 16:17:21 GMT [AWT-EventQueue-0] DEBUG n.runelite.client.eventbus.EventBus - Registering class net.runelite.api.events.GameTick - EventBus.Subscriber(object=net.runelite.client.plugins.npchighlight.NpcIndicatorsPlugin@6ad179b4, method=public void net.runelite.client.plugins.npchighlight.NpcIndicatorsPlugin.onGameTick(net.runelite.api.events.GameTick), priority=0.0, lambda=net.runelite.client.plugins.npchighlight.NpcIndicatorsPlugin$$Lambda/0x0000000100805cc8@1cb65e3d)
2026-04-26 16:17:21 GMT [AWT-EventQueue-0] DEBUG n.runelite.client.eventbus.EventBus - Registering class net.runelite.api.events.NpcChanged - EventBus.Subscriber(object=net.runelite.client.plugins.npchighlight.NpcIndicatorsPlugin@6ad179b4, method=public void net.runelite.client.plugins.npchighlight.NpcIndicatorsPlugin.onNpcChanged(net.runelite.api.events.NpcChanged), priority=0.0, lambda=net.runelite.client.plugins.npchighlight.NpcIndicatorsPlugin$$Lambda/0x0000000100805f00@1b522250)
2026-04-26 16:17:21 GMT [AWT-EventQueue-0] DEBUG n.runelite.client.eventbus.EventBus - Registering class net.runelite.api.events.GameStateChanged - EventBus.Subscriber(object=net.runelite.client.plugins.npchighlight.NpcIndicatorsPlugin@6ad179b4, method=public void net.runelite.client.plugins.npchighlight.NpcIndicatorsPlugin.onGameStateChanged(net.runelite.api.events.GameStateChanged), priority=0.0, lambda=net.runelite.client.plugins.npchighlight.NpcIndicatorsPlugin$$Lambda/0x0000000100806138@4d40fa59)
2026-04-26 16:17:21 GMT [AWT-EventQueue-0] DEBUG n.runelite.client.eventbus.EventBus - Registering class net.runelite.client.events.ConfigChanged - EventBus.Subscriber(object=net.runelite.client.plugins.npchighlight.NpcIndicatorsPlugin@6ad179b4, method=public void net.runelite.client.plugins.npchighlight.NpcIndicatorsPlugin.onConfigChanged(net.runelite.client.events.ConfigChanged), priority=0.0, lambda=net.runelite.client.plugins.npchighlight.NpcIndicatorsPlugin$$Lambda/0x0000000100806370@6c2b2aea)
2026-04-26 16:17:21 GMT [AWT-EventQueue-0] DEBUG n.runelite.client.eventbus.EventBus - Registering class net.runelite.api.events.MenuEntryAdded - EventBus.Subscriber(object=net.runelite.client.plugins.npchighlight.NpcIndicatorsPlugin@6ad179b4, method=public void net.runelite.client.plugins.npchighlight.NpcIndicatorsPlugin.onMenuEntryAdded(net.runelite.api.events.MenuEntryAdded), priority=0.0, lambda=net.runelite.client.plugins.npchighlight.NpcIndicatorsPlugin$$Lambda/0x00000001008065a8@d4ca47e)
2026-04-26 16:17:21 GMT [AWT-EventQueue-0] DEBUG n.runelite.client.eventbus.EventBus - Registering class net.runelite.api.events.GraphicsObjectCreated - EventBus.Subscriber(object=net.runelite.client.plugins.npchighlight.NpcIndicatorsPlugin@6ad179b4, method=public void net.runelite.client.plugins.npchighlight.NpcIndicatorsPlugin.onGraphicsObjectCreated(net.runelite.api.events.GraphicsObjectCreated), priority=0.0, lambda=net.runelite.client.plugins.npchighlight.NpcIndicatorsPlugin$$Lambda/0x00000001008067e0@50aa0ccb)
2026-04-26 16:17:21 GMT [AWT-EventQueue-0] DEBUG n.r.client.plugins.PluginManager - Plugin MinimapPlugin is now running
2026-04-26 16:17:21 GMT [AWT-EventQueue-0] DEBUG n.runelite.client.eventbus.EventBus - Registering class net.runelite.api.events.GameStateChanged - EventBus.Subscriber(object=net.runelite.client.plugins.minimap.MinimapPlugin@721d5b74, method=public void net.runelite.client.plugins.minimap.MinimapPlugin.onGameStateChanged(net.runelite.api.events.GameStateChanged), priority=0.0, lambda=net.runelite.client.plugins.minimap.MinimapPlugin$$Lambda/0x00000001008070e8@5ad6bab5)
2026-04-26 16:17:21 GMT [AWT-EventQueue-0] DEBUG n.runelite.client.eventbus.EventBus - Registering class net.runelite.client.events.ConfigChanged - EventBus.Subscriber(object=net.runelite.client.plugins.minimap.MinimapPlugin@721d5b74, method=public void net.runelite.client.plugins.minimap.MinimapPlugin.onConfigChanged(net.runelite.client.events.ConfigChanged), priority=0.0, lambda=net.runelite.client.plugins.minimap.MinimapPlugin$$Lambda/0x0000000100807320@2209b48f)
2026-04-26 16:17:21 GMT [AWT-EventQueue-0] DEBUG n.runelite.client.eventbus.EventBus - Registering class net.runelite.api.events.ScriptPostFired - EventBus.Subscriber(object=net.runelite.client.plugins.minimap.MinimapPlugin@721d5b74, method=public void net.runelite.client.plugins.minimap.MinimapPlugin.onScriptPostFired(net.runelite.api.events.ScriptPostFired), priority=0.0, lambda=net.runelite.client.plugins.minimap.MinimapPlugin$$Lambda/0x0000000100807558@213db2c)
2026-04-26 16:17:21 GMT [AWT-EventQueue-0] DEBUG n.r.client.plugins.PluginManager - Scheduled task ScheduledMethod(schedule=@net.runelite.client.task.Schedule(asynchronous=true, period=11L, unit=SECONDS), method=public void net.runelite.client.plugins.minimap.MinimapPlugin.saveZoom(), object=net.runelite.client.plugins.minimap.MinimapPlugin@721d5b74, lambda=net.runelite.client.plugins.minimap.MinimapPlugin$$Lambda/0x0000000100807790@5948a3a4, last=2026-04-26T16:17:21.328697672Z)
2026-04-26 16:17:21 GMT [AWT-EventQueue-0] DEBUG n.r.client.plugins.PluginManager - Plugin TearsOfGuthixPlugin is now running
2026-04-26 16:17:21 GMT [AWT-EventQueue-0] DEBUG n.runelite.client.eventbus.EventBus - Registering class net.runelite.api.events.GameStateChanged - EventBus.Subscriber(object=net.runelite.client.plugins.tearsofguthix.TearsOfGuthixPlugin@62aeddc8, method=public void net.runelite.client.plugins.tearsofguthix.TearsOfGuthixPlugin.onGameStateChanged(net.runelite.api.events.GameStateChanged), priority=0.0, lambda=net.runelite.client.plugins.tearsofguthix.TearsOfGuthixPlugin$$Lambda/0x0000000100803da0@1fe9627b)
2026-04-26 16:17:21 GMT [AWT-EventQueue-0] DEBUG n.runelite.client.eventbus.EventBus - Registering class net.runelite.api.events.DecorativeObjectSpawned - EventBus.Subscriber(object=net.runelite.client.plugins.tearsofguthix.TearsOfGuthixPlugin@62aeddc8, method=public void net.runelite.client.plugins.tearsofguthix.TearsOfGuthixPlugin.onDecorativeObjectSpawned(net.runelite.api.events.DecorativeObjectSpawned), priority=0.0, lambda=net.runelite.client.plugins.tearsofguthix.TearsOfGuthixPlugin$$Lambda/0x0000000100801800@25465b9f)
2026-04-26 16:17:21 GMT [AWT-EventQueue-0] DEBUG n.runelite.client.eventbus.EventBus - Registering class net.runelite.api.events.DecorativeObjectDespawned - EventBus.Subscriber(object=net.runelite.client.plugins.tearsofguthix.TearsOfGuthixPlugin@62aeddc8, method=public void net.runelite.client.plugins.tearsofguthix.TearsOfGuthixPlugin.onDecorativeObjectDespawned(net.runelite.api.events.DecorativeObjectDespawned), priority=0.0, lambda=net.runelite.client.plugins.tearsofguthix.TearsOfGuthixPlugin$$Lambda/0x0000000100801a38@428d4221)
2026-04-26 16:17:21 GMT [AWT-EventQueue-0] DEBUG n.r.client.plugins.PluginManager - Plugin RunEnergyPlugin is now running
2026-04-26 16:17:21 GMT [AWT-EventQueue-0] DEBUG n.runelite.client.eventbus.EventBus - Registering class net.runelite.api.events.GameTick - EventBus.Subscriber(object=net.runelite.client.plugins.runenergy.RunEnergyPlugin@65c5bf0e, method=public void net.runelite.client.plugins.runenergy.RunEnergyPlugin.onGameTick(net.runelite.api.events.GameTick), priority=0.0, lambda=net.runelite.client.plugins.runenergy.RunEnergyPlugin$$Lambda/0x0000000100801c70@1e326a62)
2026-04-26 16:17:21 GMT [AWT-EventQueue-0] DEBUG n.runelite.client.eventbus.EventBus - Registering class net.runelite.api.events.ChatMessage - EventBus.Subscriber(object=net.runelite.client.plugins.runenergy.RunEnergyPlugin@65c5bf0e, method=public void net.runelite.client.plugins.runenergy.RunEnergyPlugin.onChatMessage(net.runelite.api.events.ChatMessage), priority=0.0, lambda=net.runelite.client.plugins.runenergy.RunEnergyPlugin$$Lambda/0x0000000100808000@2f9528af)
2026-04-26 16:17:21 GMT [AWT-EventQueue-0] DEBUG n.runelite.client.eventbus.EventBus - Registering class net.runelite.client.events.ConfigChanged - EventBus.Subscriber(object=net.runelite.client.plugins.runenergy.RunEnergyPlugin@65c5bf0e, method=public void net.runelite.client.plugins.runenergy.RunEnergyPlugin.onConfigChanged(net.runelite.client.events.ConfigChanged), priority=0.0, lambda=net.runelite.client.plugins.runenergy.RunEnergyPlugin$$Lambda/0x0000000100808238@45d7b4f5)
2026-04-26 16:17:21 GMT [AWT-EventQueue-0] DEBUG n.runelite.client.eventbus.EventBus - Registering class net.runelite.api.events.ScriptCallbackEvent - EventBus.Subscriber(object=net.runelite.client.plugins.runenergy.RunEnergyPlugin@65c5bf0e, method=public void net.runelite.client.plugins.runenergy.RunEnergyPlugin.onScriptCallbackEvent(net.runelite.api.events.ScriptCallbackEvent), priority=0.0, lambda=net.runelite.client.plugins.runenergy.RunEnergyPlugin$$Lambda/0x0000000100808470@40fa8b6d)
2026-04-26 16:17:21 GMT [AWT-EventQueue-0] DEBUG n.runelite.client.eventbus.EventBus - Registering class net.runelite.api.events.ScriptPostFired - EventBus.Subscriber(object=net.runelite.client.plugins.runenergy.RunEnergyPlugin@65c5bf0e, method=public void net.runelite.client.plugins.runenergy.RunEnergyPlugin.onScriptPostFired(net.runelite.api.events.ScriptPostFired), priority=0.0, lambda=net.runelite.client.plugins.runenergy.RunEnergyPlugin$$Lambda/0x00000001008086a8@2d6b0f2b)
2026-04-26 16:17:21 GMT [AWT-EventQueue-0] DEBUG n.r.client.plugins.PluginManager - Plugin ExaminePlugin is now running
2026-04-26 16:17:21 GMT [AWT-EventQueue-0] DEBUG n.runelite.client.eventbus.EventBus - Registering class net.runelite.api.events.ChatMessage - EventBus.Subscriber(object=net.runelite.client.plugins.examine.ExaminePlugin@7da635c0, method=public void net.runelite.client.plugins.examine.ExaminePlugin.onChatMessage(net.runelite.api.events.ChatMessage), priority=0.0, lambda=net.runelite.client.plugins.examine.ExaminePlugin$$Lambda/0x00000001008088e0@1fce441b)
2026-04-26 16:17:21 GMT [AWT-EventQueue-0] DEBUG n.runelite.client.eventbus.EventBus - Registering class net.runelite.api.events.GameStateChanged - EventBus.Subscriber(object=net.runelite.client.plugins.examine.ExaminePlugin@7da635c0, method=public void net.runelite.client.plugins.examine.ExaminePlugin.onGameStateChanged(net.runelite.api.events.GameStateChanged), priority=0.0, lambda=net.runelite.client.plugins.examine.ExaminePlugin$$Lambda/0x0000000100808b18@244fb9cc)
2026-04-26 16:17:21 GMT [AWT-EventQueue-0] DEBUG n.runelite.client.eventbus.EventBus - Registering class net.runelite.api.events.MenuOptionClicked - EventBus.Subscriber(object=net.runelite.client.plugins.examine.ExaminePlugin@7da635c0, method=public void net.runelite.client.plugins.examine.ExaminePlugin.onMenuOptionClicked(net.runelite.api.events.MenuOptionClicked), priority=0.0, lambda=net.runelite.client.plugins.examine.ExaminePlugin$$Lambda/0x0000000100808d50@1a5b4294)
2026-04-26 16:17:21 GMT [AWT-EventQueue-0] DEBUG n.r.client.plugins.PluginManager - Plugin WintertodtPlugin is now running
2026-04-26 16:17:21 GMT [AWT-EventQueue-0] DEBUG n.runelite.client.eventbus.EventBus - Registering class net.runelite.api.events.GameTick - EventBus.Subscriber(object=net.runelite.client.plugins.wintertodt.WintertodtPlugin@1e3f0aea, method=public void net.runelite.client.plugins.wintertodt.WintertodtPlugin.onGameTick(net.runelite.api.events.GameTick), priority=0.0, lambda=net.runelite.client.plugins.wintertodt.WintertodtPlugin$$Lambda/0x0000000100808f88@5509da1b)
2026-04-26 16:17:21 GMT [AWT-EventQueue-0] DEBUG n.runelite.client.eventbus.EventBus - Registering class net.runelite.api.events.ChatMessage - EventBus.Subscriber(object=net.runelite.client.plugins.wintertodt.WintertodtPlugin@1e3f0aea, method=public void net.runelite.client.plugins.wintertodt.WintertodtPlugin.onChatMessage(net.runelite.api.events.ChatMessage), priority=0.0, lambda=net.runelite.client.plugins.wintertodt.WintertodtPlugin$$Lambda/0x00000001008091c0@231f30a8)
2026-04-26 16:17:21 GMT [AWT-EventQueue-0] DEBUG n.runelite.client.eventbus.EventBus - Registering class net.runelite.api.events.ItemContainerChanged - EventBus.Subscriber(object=net.runelite.client.plugins.wintertodt.WintertodtPlugin@1e3f0aea, method=public void net.runelite.client.plugins.wintertodt.WintertodtPlugin.onItemContainerChanged(net.runelite.api.events.ItemContainerChanged), priority=0.0, lambda=net.runelite.client.plugins.wintertodt.WintertodtPlugin$$Lambda/0x00000001008093f8@3810959f)
2026-04-26 16:17:21 GMT [AWT-EventQueue-0] DEBUG n.runelite.client.eventbus.EventBus - Registering class net.runelite.api.events.VarbitChanged - EventBus.Subscriber(object=net.runelite.client.plugins.wintertodt.WintertodtPlugin@1e3f0aea, method=public void net.runelite.client.plugins.wintertodt.WintertodtPlugin.onVarbitChanged(net.runelite.api.events.VarbitChanged), priority=0.0, lambda=net.runelite.client.plugins.wintertodt.WintertodtPlugin$$Lambda/0x0000000100809630@5aa0f75)
2026-04-26 16:17:21 GMT [AWT-EventQueue-0] DEBUG n.runelite.client.eventbus.EventBus - Registering class net.runelite.api.events.AnimationChanged - EventBus.Subscriber(object=net.runelite.client.plugins.wintertodt.WintertodtPlugin@1e3f0aea, method=public void net.runelite.client.plugins.wintertodt.WintertodtPlugin.onAnimationChanged(net.runelite.api.events.AnimationChanged), priority=0.0, lambda=net.runelite.client.plugins.wintertodt.WintertodtPlugin$$Lambda/0x0000000100809868@81e67e7)
2026-04-26 16:17:21 GMT [AWT-EventQueue-0] DEBUG net.runelite.client.input.KeyManager - Registering key listener: net.runelite.client.plugins.instancemap.InstanceMapInputListener@14d1763e
2026-04-26 16:17:21 GMT [AWT-EventQueue-0] DEBUG n.r.client.plugins.PluginManager - Plugin InstanceMapPlugin is now running
2026-04-26 16:17:21 GMT [AWT-EventQueue-0] DEBUG n.runelite.client.eventbus.EventBus - Registering class net.runelite.api.events.GameStateChanged - EventBus.Subscriber(object=net.runelite.client.plugins.instancemap.InstanceMapPlugin@1283ca23, method=public void net.runelite.client.plugins.instancemap.InstanceMapPlugin.onGameStateChanged(net.runelite.api.events.GameStateChanged), priority=0.0, lambda=net.runelite.client.plugins.instancemap.InstanceMapPlugin$$Lambda/0x0000000100809cd8@1f774b77)
2026-04-26 16:17:21 GMT [AWT-EventQueue-0] DEBUG net.runelite.client.input.KeyManager - Registering key listener: net.runelite.client.plugins.worldhopper.WorldHopperPlugin$1@77b8e12c
2026-04-26 16:17:21 GMT [AWT-EventQueue-0] DEBUG net.runelite.client.input.KeyManager - Registering key listener: net.runelite.client.plugins.worldhopper.WorldHopperPlugin$2@74e67731
2026-04-26 16:17:21 GMT [AWT-EventQueue-0] DEBUG n.r.client.plugins.PluginManager - Plugin WorldHopperPlugin is now running
2026-04-26 16:17:21 GMT [AWT-EventQueue-0] DEBUG n.runelite.client.eventbus.EventBus - Registering class net.runelite.api.events.GameTick - EventBus.Subscriber(object=net.runelite.client.plugins.worldhopper.WorldHopperPlugin@bd3eff4, method=public void net.runelite.client.plugins.worldhopper.WorldHopperPlugin.onGameTick(net.runelite.api.events.GameTick), priority=0.0, lambda=net.runelite.client.plugins.worldhopper.WorldHopperPlugin$$Lambda/0x000000010080c478@2ea6b41c)
2026-04-26 16:17:21 GMT [AWT-EventQueue-0] DEBUG n.runelite.client.eventbus.EventBus - Registering class net.runelite.api.events.ChatMessage - EventBus.Subscriber(object=net.runelite.client.plugins.worldhopper.WorldHopperPlugin@bd3eff4, method=public void net.runelite.client.plugins.worldhopper.WorldHopperPlugin.onChatMessage(net.runelite.api.events.ChatMessage), priority=0.0, lambda=net.runelite.client.plugins.worldhopper.WorldHopperPlugin$$Lambda/0x000000010080d138@30521f12)
2026-04-26 16:17:21 GMT [AWT-EventQueue-0] DEBUG n.runelite.client.eventbus.EventBus - Registering class net.runelite.client.events.WorldsFetch - EventBus.Subscriber(object=net.runelite.client.plugins.worldhopper.WorldHopperPlugin@bd3eff4, method=public void net.runelite.client.plugins.worldhopper.WorldHopperPlugin.onWorldsFetch(net.runelite.client.events.WorldsFetch), priority=0.0, lambda=net.runelite.client.plugins.worldhopper.WorldHopperPlugin$$Lambda/0x000000010080d370@14f1a040)
2026-04-26 16:17:21 GMT [AWT-EventQueue-0] DEBUG n.runelite.client.eventbus.EventBus - Registering class net.runelite.api.events.GameStateChanged - EventBus.Subscriber(object=net.runelite.client.plugins.worldhopper.WorldHopperPlugin@bd3eff4, method=public void net.runelite.client.plugins.worldhopper.WorldHopperPlugin.onGameStateChanged(net.runelite.api.events.GameStateChanged), priority=0.0, lambda=net.runelite.client.plugins.worldhopper.WorldHopperPlugin$$Lambda/0x000000010080d5a8@e03308c)
2026-04-26 16:17:21 GMT [AWT-EventQueue-0] DEBUG n.runelite.client.eventbus.EventBus - Registering class net.runelite.client.events.ConfigChanged - EventBus.Subscriber(object=net.runelite.client.plugins.worldhopper.WorldHopperPlugin@bd3eff4, method=public void net.runelite.client.plugins.worldhopper.WorldHopperPlugin.onConfigChanged(net.runelite.client.events.ConfigChanged), priority=0.0, lambda=net.runelite.client.plugins.worldhopper.WorldHopperPlugin$$Lambda/0x000000010080d7e0@7f724641)
2026-04-26 16:17:21 GMT [AWT-EventQueue-0] DEBUG n.runelite.client.eventbus.EventBus - Registering class net.runelite.api.events.MenuEntryAdded - EventBus.Subscriber(object=net.runelite.client.plugins.worldhopper.WorldHopperPlugin@bd3eff4, method=public void net.runelite.client.plugins.worldhopper.WorldHopperPlugin.onMenuEntryAdded(net.runelite.api.events.MenuEntryAdded), priority=0.0, lambda=net.runelite.client.plugins.worldhopper.WorldHopperPlugin$$Lambda/0x000000010080da18@e8b8200)
2026-04-26 16:17:21 GMT [AWT-EventQueue-0] DEBUG n.runelite.client.eventbus.EventBus - Registering class net.runelite.api.events.VarbitChanged - EventBus.Subscriber(object=net.runelite.client.plugins.worldhopper.WorldHopperPlugin@bd3eff4, method=public void net.runelite.client.plugins.worldhopper.WorldHopperPlugin.onVarbitChanged(net.runelite.api.events.VarbitChanged), priority=0.0, lambda=net.runelite.client.plugins.worldhopper.WorldHopperPlugin$$Lambda/0x000000010080dc50@4553c23a)
2026-04-26 16:17:21 GMT [AWT-EventQueue-0] DEBUG n.runelite.client.eventbus.EventBus - Registering class net.runelite.api.events.CommandExecuted - EventBus.Subscriber(object=net.runelite.client.plugins.worldhopper.WorldHopperPlugin@bd3eff4, method=public void net.runelite.client.plugins.worldhopper.WorldHopperPlugin.onCommandExecuted(net.runelite.api.events.CommandExecuted), priority=0.0, lambda=net.runelite.client.plugins.worldhopper.WorldHopperPlugin$$Lambda/0x000000010080de88@54754114)
2026-04-26 16:17:21 GMT [AWT-EventQueue-0] DEBUG n.runelite.client.eventbus.EventBus - Registering class net.runelite.api.events.WorldListLoad - EventBus.Subscriber(object=net.runelite.client.plugins.worldhopper.WorldHopperPlugin@bd3eff4, method=public void net.runelite.client.plugins.worldhopper.WorldHopperPlugin.onWorldListLoad(net.runelite.api.events.WorldListLoad), priority=0.0, lambda=net.runelite.client.plugins.worldhopper.WorldHopperPlugin$$Lambda/0x000000010080e2c8@510524c2)
2026-04-26 16:17:21 GMT [AWT-EventQueue-0] DEBUG n.r.client.plugins.PluginManager - Plugin QuestListPlugin is now running
2026-04-26 16:17:21 GMT [AWT-EventQueue-0] DEBUG n.runelite.client.eventbus.EventBus - Registering class net.runelite.api.events.ScriptCallbackEvent - EventBus.Subscriber(object=net.runelite.client.plugins.questlist.QuestListPlugin@51c65a43, method=public void net.runelite.client.plugins.questlist.QuestListPlugin.onScriptCallbackEvent(net.runelite.api.events.ScriptCallbackEvent), priority=0.0, lambda=net.runelite.client.plugins.questlist.QuestListPlugin$$Lambda/0x000000010080e728@4fb77a1)
2026-04-26 16:17:21 GMT [AWT-EventQueue-0] DEBUG n.runelite.client.eventbus.EventBus - Registering class net.runelite.api.events.ScriptPostFired - EventBus.Subscriber(object=net.runelite.client.plugins.questlist.QuestListPlugin@51c65a43, method=public void net.runelite.client.plugins.questlist.QuestListPlugin.onScriptPostFired(net.runelite.api.events.ScriptPostFired), priority=0.0, lambda=net.runelite.client.plugins.questlist.QuestListPlugin$$Lambda/0x000000010080e960@72ed87fd)
2026-04-26 16:17:21 GMT [AWT-EventQueue-0] DEBUG n.runelite.client.eventbus.EventBus - Registering class net.runelite.api.events.VarbitChanged - EventBus.Subscriber(object=net.runelite.client.plugins.questlist.QuestListPlugin@51c65a43, method=public void net.runelite.client.plugins.questlist.QuestListPlugin.onVarbitChanged(net.runelite.api.events.VarbitChanged), priority=0.0, lambda=net.runelite.client.plugins.questlist.QuestListPlugin$$Lambda/0x000000010080eb98@3e64e054)
2026-04-26 16:17:21 GMT [AWT-EventQueue-0] DEBUG n.runelite.client.eventbus.EventBus - Registering class net.runelite.api.events.VarClientIntChanged - EventBus.Subscriber(object=net.runelite.client.plugins.questlist.QuestListPlugin@51c65a43, method=public void net.runelite.client.plugins.questlist.QuestListPlugin.onVarClientIntChanged(net.runelite.api.events.VarClientIntChanged), priority=0.0, lambda=net.runelite.client.plugins.questlist.QuestListPlugin$$Lambda/0x000000010080eff8@3a42e6d3)
Get:2 https://packages-cf.termux.dev/apt/termux-x11 x11/main aarch64 xorg-xwininfo aarch64 1.1.6 [18.4 kB]
2026-04-26 16:17:21 GMT [pool-5-thread-1] ERROR n.r.c.util.RunnableExceptionLogger - Uncaught exception in runnable net.runelite.client.plugins.worldhopper.WorldHopperPlugin$$Lambda/0x000000010080be00@7b6c6c4d
java.lang.NoClassDefFoundError: Could not initialize class com.sun.jna.Native
	at net.runelite.client.plugins.worldhopper.ping.RLLibC.<clinit>(RLLibC.java:34)
	at net.runelite.client.plugins.worldhopper.ping.Ping.icmpPing(Ping.java:149)
	at net.runelite.client.plugins.worldhopper.ping.Ping.ping(Ping.java:99)
	at net.runelite.client.plugins.worldhopper.WorldHopperPlugin.ping(WorldHopperPlugin.java:965)
	at net.runelite.client.plugins.worldhopper.WorldHopperPlugin.pingInitialWorlds(WorldHopperPlugin.java:850)
	at net.runelite.client.util.RunnableExceptionLogger.run(RunnableExceptionLogger.java:41)
	at java.base/java.util.concurrent.Executors$RunnableAdapter.call(Executors.java:572)
	at java.base/java.util.concurrent.FutureTask.run(FutureTask.java:317)
	at java.base/java.util.concurrent.ScheduledThreadPoolExecutor$ScheduledFutureTask.run(ScheduledThreadPoolExecutor.java:304)
	at java.base/java.util.concurrent.ThreadPoolExecutor.runWorker(ThreadPoolExecutor.java:1144)
	at java.base/java.util.concurrent.ThreadPoolExecutor$Worker.run(ThreadPoolExecutor.java:642)
	at java.base/java.lang.Thread.run(Thread.java:1583)
Caused by: java.lang.ExceptionInInitializerError: Exception java.lang.UnsatisfiedLinkError: /data/data/com.termux/files/usr/var/lib/proot-distro/installed-rootfs/ubuntu/root/.cache/JNA/temp/jna4511067929371013427.tmp: dlopen failed: cannot find "libc.so.6" from verneed[0] in DT_NEEDED list for "/data/data/com.termux/files/usr/var/lib/proot-distro/installed-rootfs/ubuntu/root/.cache/JNA/temp/jna4511067929371013427.tmp" [in thread "main"]
	at java.base/jdk.internal.loader.NativeLibraries.load(Native Method)
	at java.base/jdk.internal.loader.NativeLibraries$NativeLibraryImpl.open(NativeLibraries.java:331)
	at java.base/jdk.internal.loader.NativeLibraries.loadLibrary(NativeLibraries.java:197)
	at java.base/jdk.internal.loader.NativeLibraries.loadLibrary(NativeLibraries.java:139)
	at java.base/java.lang.ClassLoader.loadLibrary(ClassLoader.java:2418)
	at java.base/java.lang.Runtime.load0(Runtime.java:852)
	at java.base/java.lang.System.load(System.java:2025)
	at com.sun.jna.Native.loadNativeDispatchLibraryFromClasspath(Native.java:1019)
	at com.sun.jna.Native.loadNativeDispatchLibrary(Native.java:989)
	at com.sun.jna.Native.<clinit>(Native.java:195)
	at net.runelite.discord.DiscordRPC.<clinit>(DiscordRPC.java:42)
	at net.runelite.client.discord.DiscordService.<init>(DiscordService.java:85)
	at java.base/jdk.internal.reflect.DirectConstructorHandleAccessor.newInstance(DirectConstructorHandleAccessor.java:62)
	at java.base/java.lang.reflect.Constructor.newInstanceWithCaller(Constructor.java:502)
	at java.base/java.lang.reflect.Constructor.newInstance(Constructor.java:486)
	at com.google.inject.internal.DefaultConstructionProxyFactory$ReflectiveProxy.newInstance(DefaultConstructionProxyFactory.java:126)
	at com.google.inject.internal.ConstructorInjector.provision(ConstructorInjector.java:111)
	at com.google.inject.internal.ConstructorInjector.construct(ConstructorInjector.java:90)
	at com.google.inject.internal.ConstructorBindingImpl$Factory.get(ConstructorBindingImpl.java:268)
	at com.google.inject.internal.ProviderToInternalFactoryAdapter$1.call(ProviderToInternalFactoryAdapter.java:46)
	at com.google.inject.internal.InjectorImpl.callInContext(InjectorImpl.java:1092)
	at com.google.inject.internal.ProviderToInternalFactoryAdapter.get(ProviderToInternalFactoryAdapter.java:40)
	at com.google.inject.internal.SingletonScope$1.get(SingletonScope.java:194)
	at com.google.inject.internal.InternalFactoryToProviderAdapter.get(InternalFactoryToProviderAdapter.java:41)
	at com.google.inject.internal.SingleFieldInjector.inject(SingleFieldInjector.java:54)
	at com.google.inject.internal.MembersInjectorImpl.injectMembers(MembersInjectorImpl.java:132)
	at com.google.inject.internal.ConstructorInjector.provision(ConstructorInjector.java:120)
	at com.google.inject.internal.ConstructorInjector.construct(ConstructorInjector.java:90)
	at com.google.inject.internal.ConstructorBindingImpl$Factory.get(ConstructorBindingImpl.java:268)
	at com.google.inject.internal.ProviderToInternalFactoryAdapter$1.call(ProviderToInternalFactoryAdapter.java:46)
	at com.google.inject.internal.InjectorImpl.callInContext(InjectorImpl.java:1092)
	at com.google.inject.internal.ProviderToInternalFactoryAdapter.get(ProviderToInternalFactoryAdapter.java:40)
	at com.google.inject.internal.SingletonScope$1.get(SingletonScope.java:194)
	at com.google.inject.internal.InternalFactoryToProviderAdapter.get(InternalFactoryToProviderAdapter.java:41)
	at com.google.inject.internal.InjectorImpl$2$1.call(InjectorImpl.java:1019)
	at com.google.inject.internal.InjectorImpl.callInContext(InjectorImpl.java:1085)
	at com.google.inject.internal.InjectorImpl$2.get(InjectorImpl.java:1015)
	at com.google.inject.internal.InjectorImpl.getInstance(InjectorImpl.java:1054)
	at net.runelite.client.RuneLite.main(RuneLite.java:274)
Fetched 40.0 kB in 2s (25.9 kB/s)
Selecting previously unselected package xorg-xprop.
(Reading database ... (Reading database ... 5%(Reading database ... 10%(Reading database ... 15%(Reading database ... 20%(Reading database ... 25%(Reading database ... 30%(Reading database ... 35%(Reading database ... 40%(Reading database ... 45%(Reading database ... 50%(Reading database ... 55%(Reading database ... 60%(Reading database ... 65%(Reading database ... 70%(Reading database ... 75%(Reading database ... 80%(Reading database ... 85%(Reading database ... 90%(Reading database ... 95%(Reading database ... 100%(Reading database ... 36261 files and directories currently installed.)
Preparing to unpack .../xorg-xprop_1.2.8_aarch64.deb ...
Unpacking xorg-xprop (1.2.8) ...
2026-04-26 16:17:22 GMT [AWT-EventQueue-0] DEBUG n.r.client.plugins.PluginManager - Plugin SmeltingPlugin is now running
2026-04-26 16:17:22 GMT [AWT-EventQueue-0] DEBUG n.runelite.client.eventbus.EventBus - Registering class net.runelite.api.events.GameTick - EventBus.Subscriber(object=net.runelite.client.plugins.smelting.SmeltingPlugin@624b523, method=public void net.runelite.client.plugins.smelting.SmeltingPlugin.onGameTick(net.runelite.api.events.GameTick), priority=0.0, lambda=net.runelite.client.plugins.smelting.SmeltingPlugin$$Lambda/0x00000001008170f8@193f6986)
2026-04-26 16:17:22 GMT [AWT-EventQueue-0] DEBUG n.runelite.client.eventbus.EventBus - Registering class net.runelite.api.events.ChatMessage - EventBus.Subscriber(object=net.runelite.client.plugins.smelting.SmeltingPlugin@624b523, method=public void net.runelite.client.plugins.smelting.SmeltingPlugin.onChatMessage(net.runelite.api.events.ChatMessage), priority=0.0, lambda=net.runelite.client.plugins.smelting.SmeltingPlugin$$Lambda/0x0000000100817330@2c6960d0)
2026-04-26 16:17:22 GMT [AWT-EventQueue-0] DEBUG n.r.client.plugins.PluginManager - Plugin MouseHighlightPlugin is now running
Selecting previously unselected package xorg-xwininfo.
2026-04-26 16:17:22 GMT [AWT-EventQueue-0] DEBUG n.r.client.plugins.PluginManager - Plugin CombatLevelPlugin is now running
2026-04-26 16:17:22 GMT [AWT-EventQueue-0] DEBUG n.runelite.client.eventbus.EventBus - Registering class net.runelite.api.events.StatChanged - EventBus.Subscriber(object=net.runelite.client.plugins.combatlevel.CombatLevelPlugin@1e1237ab, method=private void net.runelite.client.plugins.combatlevel.CombatLevelPlugin.onStatChanged(net.runelite.api.events.StatChanged), priority=0.0, lambda=net.runelite.client.plugins.combatlevel.CombatLevelPlugin$$Lambda/0x0000000100817568@48571b88)
2026-04-26 16:17:22 GMT [AWT-EventQueue-0] DEBUG n.runelite.client.eventbus.EventBus - Registering class net.runelite.client.events.ConfigChanged - EventBus.Subscriber(object=net.runelite.client.plugins.combatlevel.CombatLevelPlugin@1e1237ab, method=public void net.runelite.client.plugins.combatlevel.CombatLevelPlugin.onConfigChanged(net.runelite.client.events.ConfigChanged), priority=0.0, lambda=net.runelite.client.plugins.combatlevel.CombatLevelPlugin$$Lambda/0x00000001008177a0@333cb716)
2026-04-26 16:17:22 GMT [AWT-EventQueue-0] DEBUG n.runelite.client.eventbus.EventBus - Registering class net.runelite.api.events.ScriptPostFired - EventBus.Subscriber(object=net.runelite.client.plugins.combatlevel.CombatLevelPlugin@1e1237ab, method=public void net.runelite.client.plugins.combatlevel.CombatLevelPlugin.onScriptPostFired(net.runelite.api.events.ScriptPostFired), priority=0.0, lambda=net.runelite.client.plugins.combatlevel.CombatLevelPlugin$$Lambda/0x00000001008179d8@58ba4e69)
2026-04-26 16:17:22 GMT [AWT-EventQueue-0] DEBUG n.runelite.client.eventbus.EventBus - Registering class net.runelite.api.events.ScriptPreFired - EventBus.Subscriber(object=net.runelite.client.plugins.combatlevel.CombatLevelPlugin@1e1237ab, method=public void net.runelite.client.plugins.combatlevel.CombatLevelPlugin.onScriptPreFired(net.runelite.api.events.ScriptPreFired), priority=0.0, lambda=net.runelite.client.plugins.combatlevel.CombatLevelPlugin$$Lambda/0x0000000100817c10@7bbc4040)
2026-04-26 16:17:22 GMT [AWT-EventQueue-0] DEBUG n.r.client.plugins.PluginManager - Plugin BossTimersPlugin is now running
2026-04-26 16:17:22 GMT [AWT-EventQueue-0] DEBUG n.runelite.client.eventbus.EventBus - Registering class net.runelite.api.events.NpcDespawned - EventBus.Subscriber(object=net.runelite.client.plugins.bosstimer.BossTimersPlugin@7df6d663, method=public void net.runelite.client.plugins.bosstimer.BossTimersPlugin.onNpcDespawned(net.runelite.api.events.NpcDespawned), priority=0.0, lambda=net.runelite.client.plugins.bosstimer.BossTimersPlugin$$Lambda/0x0000000100815000@55471c81)
2026-04-26 16:17:22 GMT [AWT-EventQueue-0] DEBUG n.runelite.client.eventbus.EventBus - Registering class net.runelite.api.events.ChatMessage - EventBus.Subscriber(object=net.runelite.client.plugins.bosstimer.BossTimersPlugin@7df6d663, method=private void net.runelite.client.plugins.bosstimer.BossTimersPlugin.onChatMessage(net.runelite.api.events.ChatMessage), priority=0.0, lambda=net.runelite.client.plugins.bosstimer.BossTimersPlugin$$Lambda/0x0000000100815238@176296bb)
2026-04-26 16:17:22 GMT [AWT-EventQueue-0] DEBUG n.runelite.client.eventbus.EventBus - Registering class net.runelite.api.events.NpcChanged - EventBus.Subscriber(object=net.runelite.client.plugins.bosstimer.BossTimersPlugin@7df6d663, method=public void net.runelite.client.plugins.bosstimer.BossTimersPlugin.onNpcChanged(net.runelite.api.events.NpcChanged), priority=0.0, lambda=net.runelite.client.plugins.bosstimer.BossTimersPlugin$$Lambda/0x0000000100815470@311c22f)
Preparing to unpack .../xorg-xwininfo_1.1.6_aarch64.deb ...
2026-04-26 16:17:22 GMT [AWT-EventQueue-0] DEBUG n.r.client.plugins.PluginManager - Plugin FairyRingPlugin is now running
2026-04-26 16:17:22 GMT [AWT-EventQueue-0] DEBUG n.runelite.client.eventbus.EventBus - Registering class net.runelite.api.events.WidgetLoaded - EventBus.Subscriber(object=net.runelite.client.plugins.fairyring.FairyRingPlugin@23310248, method=public void net.runelite.client.plugins.fairyring.FairyRingPlugin.onWidgetLoaded(net.runelite.api.events.WidgetLoaded), priority=0.0, lambda=net.runelite.client.plugins.fairyring.FairyRingPlugin$$Lambda/0x00000001008156a8@25ee206d)
Unpacking xorg-xwininfo (1.1.6) ...
2026-04-26 16:17:22 GMT [AWT-EventQueue-0] DEBUG n.runelite.client.eventbus.EventBus - Registering class net.runelite.api.events.GameTick - EventBus.Subscriber(object=net.runelite.client.plugins.fairyring.FairyRingPlugin@23310248, method=public void net.runelite.client.plugins.fairyring.FairyRingPlugin.onGameTick(net.runelite.api.events.GameTick), priority=0.0, lambda=net.runelite.client.plugins.fairyring.FairyRingPlugin$$Lambda/0x00000001008158e0@3deae4d8)
2026-04-26 16:17:22 GMT [AWT-EventQueue-0] DEBUG n.runelite.client.eventbus.EventBus - Registering class net.runelite.api.events.ScriptCallbackEvent - EventBus.Subscriber(object=net.runelite.client.plugins.fairyring.FairyRingPlugin@23310248, method=private void net.runelite.client.plugins.fairyring.FairyRingPlugin.onScriptCallbackEvent(net.runelite.api.events.ScriptCallbackEvent), priority=0.0, lambda=net.runelite.client.plugins.fairyring.FairyRingPlugin$$Lambda/0x0000000100815b18@1a70ca03)
2026-04-26 16:17:22 GMT [AWT-EventQueue-0] DEBUG n.runelite.client.eventbus.EventBus - Registering class net.runelite.api.events.MenuEntryAdded - EventBus.Subscriber(object=net.runelite.client.plugins.fairyring.FairyRingPlugin@23310248, method=public void net.runelite.client.plugins.fairyring.FairyRingPlugin.onMenuEntryAdded(net.runelite.api.events.MenuEntryAdded), priority=0.0, lambda=net.runelite.client.plugins.fairyring.FairyRingPlugin$$Lambda/0x0000000100815d50@7af9d63b)
2026-04-26 16:17:22 GMT [AWT-EventQueue-0] DEBUG n.runelite.client.eventbus.EventBus - Registering class net.runelite.api.events.VarbitChanged - EventBus.Subscriber(object=net.runelite.client.plugins.fairyring.FairyRingPlugin@23310248, method=public void net.runelite.client.plugins.fairyring.FairyRingPlugin.onVarbitChanged(net.runelite.api.events.VarbitChanged), priority=0.0, lambda=net.runelite.client.plugins.fairyring.FairyRingPlugin$$Lambda/0x0000000100814800@633ec4a4)
2026-04-26 16:17:22 GMT [main] DEBUG net.runelite.client.ui.ClientUI - Graphics device X11GraphicsDevice[screen=0]: bounds java.awt.Rectangle[x=0,y=0,width=1480,height=924] transform: AffineTransform[[2.0, 0.0, 0.0], [0.0, 2.0, 0.0]]
2026-04-26 16:17:22 GMT [main] DEBUG net.runelite.client.util.ReflectUtil - null
java.lang.reflect.InaccessibleObjectException: Unable to make field private transient volatile java.util.Map java.lang.reflect.Executable.declaredAnnotations accessible: module java.base does not "opens java.lang.reflect" to unnamed module @2e554a3b
	at java.base/java.lang.reflect.AccessibleObject.throwInaccessibleObjectException(AccessibleObject.java:391)
	at java.base/java.lang.reflect.AccessibleObject.checkCanSetAccessible(AccessibleObject.java:367)
	at java.base/java.lang.reflect.AccessibleObject.checkCanSetAccessible(AccessibleObject.java:315)
	at java.base/java.lang.reflect.Field.checkCanSetAccessible(Field.java:183)
	at java.base/java.lang.reflect.Field.setAccessible(Field.java:177)
	at net.runelite.client.util.ReflectUtil.uncacheAnnotations(ReflectUtil.java:186)
	at net.runelite.client.util.ReflectUtil.invalidateAnnotationCaches(ReflectUtil.java:146)
	at net.runelite.client.RuneLite.start(RuneLite.java:378)
	at net.runelite.client.RuneLite.main(RuneLite.java:274)
2026-04-26 16:17:22 GMT [main] INFO  net.runelite.client.RuneLite - Client initialization took 11381ms. Uptime: 13897ms
Setting up xorg-xwininfo (1.1.6) ...
Setting up xorg-xprop (1.2.8) ...
2026-04-26 16:17:22 GMT [OkHttp https://api.runelite.net/...] DEBUG net.runelite.client.TelemetryClient - Submitted telemetry
[rlawt] createGLContext: displayName=:0 screen=0
[rlawt]   dspi->visualID=33 (0x21)  dspi->drawable=0x20003c
[rlawt]   ctx: alphaDepth=0 depthDepth=0 stencilDepth=0 multisamples=0
[rlawt]   DefaultVisualID=33 (0x21)
TELEMETRY: pkg install OK — xprop=/data/data/com.termux/files/usr/bin/xprop xwininfo=/data/data/com.termux/files/usr/bin/xwininfo
*** MESA_GLSL_CACHE_DISABLE is deprecated; use MESA_SHADER_CACHE_DISABLE instead ***
[rlawt]   glXChooseFBConfig DB=1 nConfigs=140 fbConfigs=0x723745e9b0
[rlawt]     DB=1 fbconfig[0] GLX_VISUAL_ID=957 (0x3bd) 
[rlawt]     DB=1 fbconfig[1] GLX_VISUAL_ID=955 (0x3bb) 
[rlawt]     DB=1 fbconfig[2] GLX_VISUAL_ID=1047 (0x417) 
[rlawt]     DB=1 fbconfig[3] GLX_VISUAL_ID=1045 (0x415) 
[rlawt]     DB=1 fbconfig[4] GLX_VISUAL_ID=1069 (0x42d) 
[rlawt]     DB=1 fbconfig[5] GLX_VISUAL_ID=981 (0x3d5) 
[rlawt]     DB=1 fbconfig[6] GLX_VISUAL_ID=979 (0x3d3) 
[rlawt]     DB=1 fbconfig[7] GLX_VISUAL_ID=1071 (0x42f) 
[rlawt]     DB=1 fbconfig[8] GLX_VISUAL_ID=1059 (0x423) 
[rlawt]     DB=1 fbconfig[9] GLX_VISUAL_ID=1057 (0x421) 
[rlawt]     DB=1 fbconfig[10] GLX_VISUAL_ID=969 (0x3c9) 
[rlawt]     DB=1 fbconfig[11] GLX_VISUAL_ID=967 (0x3c7) 
[rlawt]     DB=1 fbconfig[12] GLX_VISUAL_ID=973 (0x3cd) 
[rlawt]     DB=1 fbconfig[13] GLX_VISUAL_ID=1065 (0x429) 
[rlawt]     DB=1 fbconfig[14] GLX_VISUAL_ID=975 (0x3cf) 
[rlawt]     DB=1 fbconfig[15] GLX_VISUAL_ID=1063 (0x427) 
[rlawt]     DB=1 fbconfig[16] GLX_VISUAL_ID=1051 (0x41b) 
[rlawt]     DB=1 fbconfig[17] GLX_VISUAL_ID=963 (0x3c3) 
[rlawt]     DB=1 fbconfig[18] GLX_VISUAL_ID=961 (0x3c1) 
[rlawt]     DB=1 fbconfig[19] GLX_VISUAL_ID=1053 (0x41d) 
[rlawt]     DB=1 fbconfig[20] GLX_VISUAL_ID=1075 (0x433) 
[rlawt]     DB=1 fbconfig[21] GLX_VISUAL_ID=985 (0x3d9) 
[rlawt]     DB=1 fbconfig[22] GLX_VISUAL_ID=984 (0x3d8) 
[rlawt]     DB=1 fbconfig[23] GLX_VISUAL_ID=1074 (0x432) 
[rlawt]     DB=1 fbconfig[24] GLX_VISUAL_ID=996 (0x3e4) 
[rlawt]     DB=1 fbconfig[25] GLX_VISUAL_ID=1086 (0x43e) 
[rlawt]     DB=1 fbconfig[26] GLX_VISUAL_ID=997 (0x3e5) 
[rlawt]     DB=1 fbconfig[27] GLX_VISUAL_ID=1087 (0x43f) 
[rlawt]     DB=1 fbconfig[28] GLX_VISUAL_ID=991 (0x3df) 
[rlawt]     DB=1 fbconfig[29] GLX_VISUAL_ID=1081 (0x439) 
[rlawt]     DB=1 fbconfig[30] GLX_VISUAL_ID=1080 (0x438) 
[rlawt]     DB=1 fbconfig[31] GLX_VISUAL_ID=990 (0x3de) 
[rlawt]     DB=1 fbconfig[32] GLX_VISUAL_ID=993 (0x3e1) 
[rlawt]     DB=1 fbconfig[33] GLX_VISUAL_ID=1084 (0x43c) 
[rlawt]     DB=1 fbconfig[34] GLX_VISUAL_ID=1083 (0x43b) 
[rlawt]     DB=1 fbconfig[35] GLX_VISUAL_ID=994 (0x3e2) 
[rlawt]     DB=1 fbconfig[36] GLX_VISUAL_ID=987 (0x3db) 
[rlawt]     DB=1 fbconfig[37] GLX_VISUAL_ID=1077 (0x435) 
[rlawt]     DB=1 fbconfig[38] GLX_VISUAL_ID=1078 (0x436) 
[rlawt]     DB=1 fbconfig[39] GLX_VISUAL_ID=988 (0x3dc) 
[rlawt]     DB=1 fbconfig[40] GLX_VISUAL_ID=1000 (0x3e8) 
[rlawt]     DB=1 fbconfig[41] GLX_VISUAL_ID=1002 (0x3ea) 
[rlawt]     DB=1 fbconfig[42] GLX_VISUAL_ID=911 (0x38f) 
[rlawt]     DB=1 fbconfig[43] GLX_VISUAL_ID=913 (0x391) 
[rlawt]     DB=1 fbconfig[44] GLX_VISUAL_ID=1026 (0x402) 
[rlawt]     DB=1 fbconfig[45] GLX_VISUAL_ID=936 (0x3a8) 
[rlawt]     DB=1 fbconfig[46] GLX_VISUAL_ID=934 (0x3a6) 
[rlawt]     DB=1 fbconfig[47] GLX_VISUAL_ID=1024 (0x400) 
[rlawt]     DB=1 fbconfig[48] GLX_VISUAL_ID=1014 (0x3f6) 
[rlawt]     DB=1 fbconfig[49] GLX_VISUAL_ID=923 (0x39b) 
[rlawt]     DB=1 fbconfig[50] GLX_VISUAL_ID=925 (0x39d) 
[rlawt]     DB=1 fbconfig[51] GLX_VISUAL_ID=1012 (0x3f4) 
[rlawt]     DB=1 fbconfig[52] GLX_VISUAL_ID=930 (0x3a2) 
[rlawt]     DB=1 fbconfig[53] GLX_VISUAL_ID=1018 (0x3fa) 
[rlawt]     DB=1 fbconfig[54] GLX_VISUAL_ID=1020 (0x3fc) 
[rlawt]     DB=1 fbconfig[55] GLX_VISUAL_ID=33 (0x21) <-- MATCH
[rlawt]   DB=1 selection after loop: fbConfig=0x71e75eb6d0
[rlawt] [rlawt-info] per-frame CSV enabled path=/data/data/com.termux/files/home/rlawt-perframe.csv
[rlawt] [rlawt-info] GL_VENDOR: Mesa
[rlawt] [rlawt-info] GL_RENDERER: virgl (Mali-G720-Immortalis MC12)
[rlawt] [rlawt-info] GL_VERSION: 4.3 (Compatibility Profile) Mesa 25.2.8
[rlawt] [rlawt-info] glXIsDirect: 1
[rlawt] [rlawt-info] GLX_EXTENSIONS: GLX_ARB_create_context GLX_ARB_create_context_no_error GLX_ARB_create_context_profile GLX_ARB_fbconfig_float GLX_ARB_framebuffer_sRGB GLX_ARB_get_proc_address GLX_ARB_multisample GLX_EXT_create_context_es2_profile GLX_EXT_create_context_es_profile GLX_EXT_fbconfig_packed_float GLX_EXT_framebuffer_sRGB GLX_EXT_no_config_context GLX_EXT_texture_from_pixmap GLX_EXT_visual_info GLX_EXT_visual_rating GLX_MESA_copy_sub_buffer GLX_MESA_gl_interop GLX_MESA_query_renderer GLX_SGIS_multisample GLX_SGIX_fbconfig GLX_SGIX_pbuffer GLX_SGIX_visual_select_group GLX_SGI_make_current_read 
2026-04-26 16:17:22 GMT [AWT-EventQueue-0] DEBUG net.runelite.client.ui.ClientUI - Showing frame net.runelite.client.ui.ContainableFrame[frame0,121,0,1238x932,invalid,layout=java.awt.BorderLayout,title=RuneLite,resizable,normal,defaultCloseOperation=DO_NOTHING_ON_CLOSE,rootPane=javax.swing.JRootPane[,0,0,1238x932,layout=javax.swing.JRootPane$RootLayout,alignmentX=0.0,alignmentY=0.0,border=,flags=16777673,maximumSize=,minimumSize=,preferredSize=],rootPaneCheckingEnabled=true]
[LWJGL] [ERROR] Incompatible Java and native library versions detected.
Possible reasons:
	a) -Djava.library.path is set to a folder containing shared libraries of an older LWJGL version.
	b) The classpath contains jar files of an older LWJGL version.
Possible solutions:
	a) Make sure to not set -Djava.library.path (it is not needed for developing with LWJGL 3) or make
	   sure the folder it points to contains the shared libraries of the correct LWJGL version.
	b) Check the classpath and make sure to only have jar files of the same LWJGL version in it.
[LWJGL] [ThreadLocalUtil] Unsupported JNI version detected, this may result in a crash. Please inform LWJGL developers.
2026-04-26 16:17:23 GMT [Client] INFO  n.r.client.plugins.gpu.GpuPlugin - Using device: virgl (Mali-G720-Immortalis MC12)
2026-04-26 16:17:23 GMT [Client] INFO  n.r.client.plugins.gpu.GpuPlugin - Using driver: 4.3 (Compatibility Profile) Mesa 25.2.8
[rlawt] [rlawt-info] setSwapInterval: interval=0 tearSupported=false
[rlawt] [rlawt-info] setSwapInterval: applied=0 path=NONE
2026-04-26 16:17:23 GMT [Client] DEBUG net.runelite.client.callback.Hooks - Graphics reset!
2026-04-26 16:17:23 GMT [Client] DEBUG n.r.c.plugins.gpu.TextureManager - Uploaded textures 208
[rlawt] [rlawt-perf] frame=60 win=60  swap_us mean=25799 p50=21778 p95=32494 max=179422  gap_us mean=6063 p50=5603 p95=9378 max=20417  mkcur=0 glerr=0
[rlawt] [rlawt-perf] frame=120 win=60  swap_us mean=22087 p50=21458 p95=26000 max=35088  gap_us mean=5782 p50=5182 p95=9075 max=14539  mkcur=0 glerr=0
2026-04-26 16:17:28 GMT [Client] DEBUG net.runelite.client.callback.Hooks - Graphics reset!
[rlawt] [rlawt-perf] frame=180 win=60  swap_us mean=20929 p50=20475 p95=24869 max=51525  gap_us mean=10672 p50=5324 p95=15885 max=209864  mkcur=0 glerr=0
[rlawt] [rlawt-perf] frame=240 win=60  swap_us mean=18547 p50=18182 p95=23575 max=28143  gap_us mean=5546 p50=5096 p95=9890 max=10605  mkcur=0 glerr=0
2026-04-26 16:17:31 GMT [Client] DEBUG injected-client - Game state changed: LOGGING_IN (state: 20, 2 step: false)
2026-04-26 16:17:31 GMT [Client] DEBUG n.r.c.p.herbiboars.HerbiboarPlugin - Reset trail data
[rlawt] [rlawt-perf] frame=300 win=60  swap_us mean=18696 p50=18183 p95=24880 max=25770  gap_us mean=6256 p50=5154 p95=10227 max=32912  mkcur=0 glerr=0
[rlawt] [rlawt-perf] frame=360 win=60  swap_us mean=19035 p50=18939 p95=23167 max=24423  gap_us mean=5131 p50=4680 p95=8207 max=10289  mkcur=0 glerr=0
[rlawt] [rlawt-perf] frame=420 win=60  swap_us mean=19225 p50=18875 p95=22662 max=30672  gap_us mean=5191 p50=4658 p95=8099 max=9559  mkcur=0 glerr=0
2026-04-26 16:17:36 GMT [pool-5-thread-1] ERROR n.r.c.util.RunnableExceptionLogger - Uncaught exception in runnable net.runelite.client.plugins.worldhopper.WorldHopperPlugin$$Lambda/0x000000010080c028@2bc9a4e0
java.lang.NoClassDefFoundError: Could not initialize class net.runelite.client.plugins.worldhopper.ping.RLLibC
	at net.runelite.client.plugins.worldhopper.ping.Ping.icmpPing(Ping.java:149)
	at net.runelite.client.plugins.worldhopper.ping.Ping.ping(Ping.java:99)
	at net.runelite.client.plugins.worldhopper.WorldHopperPlugin.ping(WorldHopperPlugin.java:965)
	at net.runelite.client.plugins.worldhopper.WorldHopperPlugin.pingNextWorld(WorldHopperPlugin.java:891)
	at net.runelite.client.util.RunnableExceptionLogger.run(RunnableExceptionLogger.java:41)
	at java.base/java.util.concurrent.Executors$RunnableAdapter.call(Executors.java:572)
	at java.base/java.util.concurrent.FutureTask.runAndReset(FutureTask.java:358)
	at java.base/java.util.concurrent.ScheduledThreadPoolExecutor$ScheduledFutureTask.run(ScheduledThreadPoolExecutor.java:305)
	at java.base/java.util.concurrent.ThreadPoolExecutor.runWorker(ThreadPoolExecutor.java:1144)
	at java.base/java.util.concurrent.ThreadPoolExecutor$Worker.run(ThreadPoolExecutor.java:642)
	at java.base/java.lang.Thread.run(Thread.java:1583)
Caused by: java.lang.ExceptionInInitializerError: Exception java.lang.NoClassDefFoundError: Could not initialize class com.sun.jna.Native [in thread "pool-5-thread-1"]
	at net.runelite.client.plugins.worldhopper.ping.RLLibC.<clinit>(RLLibC.java:34)
	at net.runelite.client.plugins.worldhopper.ping.Ping.icmpPing(Ping.java:149)
	at net.runelite.client.plugins.worldhopper.ping.Ping.ping(Ping.java:99)
	at net.runelite.client.plugins.worldhopper.WorldHopperPlugin.ping(WorldHopperPlugin.java:965)
	at net.runelite.client.plugins.worldhopper.WorldHopperPlugin.pingInitialWorlds(WorldHopperPlugin.java:850)
	at net.runelite.client.util.RunnableExceptionLogger.run(RunnableExceptionLogger.java:41)
	at java.base/java.util.concurrent.Executors$RunnableAdapter.call(Executors.java:572)
	at java.base/java.util.concurrent.FutureTask.run(FutureTask.java:317)
	at java.base/java.util.concurrent.ScheduledThreadPoolExecutor$ScheduledFutureTask.run(ScheduledThreadPoolExecutor.java:304)
	... 3 common frames omitted
[rlawt] [rlawt-perf] frame=480 win=60  swap_us mean=19428 p50=19058 p95=22905 max=34694  gap_us mean=5010 p50=4728 p95=6822 max=7500  mkcur=0 glerr=0
2026-04-26 16:17:36 GMT [Client] DEBUG n.r.client.config.ConfigManager - RS profile changed to rsprofile.reRsilrQ
2026-04-26 16:17:36 GMT [pool-2-thread-1] DEBUG n.r.c.p.l.LootTrackerPlugin - Switched to profile rsprofile.reRsilrQ
2026-04-26 16:17:36 GMT [pool-2-thread-1] DEBUG n.r.c.p.l.LootTrackerPlugin - Loaded 0 records
2026-04-26 16:17:36 GMT [Client] DEBUG n.runelite.client.menus.MenuManager - Client has updated player menu index 4 where option Lookup was, moving to index 4
2026-04-26 16:17:36 GMT [Client] DEBUG injected-client - Game state changed: LOADING (state: 25, 2 step: false)
[rlawt] [rlawt-perf] frame=540 win=60  swap_us mean=31152 p50=31138 p95=48658 max=51102  gap_us mean=7519 p50=4238 p95=35075 max=87600  mkcur=0 glerr=0
2026-04-26 16:17:38 GMT [Map Loader] DEBUG n.r.client.plugins.gpu.GpuPlugin - Scene size time 31.91 ms reused 0 new 529 len opaque 2888128 size opaque 169226kb len alpha 17907 size alpha 1049kb
=== CPUSET SETTLE (T=30s) ts=1777220259 ===
JVM     pid=15599 cpuset=/moderate Cpus_allowed_list=0-3
VIRGL   pid=15289 cpuset=/moderate Cpus_allowed_list=0-3
2026-04-26 16:17:39 GMT [Map Loader] DEBUG n.r.client.plugins.gpu.GpuPlugin - Scene upload time 835.0 ms
THREAD  tid=16200 comm=AWT-EventQueue- cpuset=/moderate Cpus_allowed_list=0-3
2026-04-26 16:17:40 GMT [Client] DEBUG n.r.c.p.g.GroundMarkerPlugin - Loading points for region 12852
2026-04-26 16:17:40 GMT [Client] DEBUG n.r.c.p.g.GroundMarkerPlugin - Loading points for region 12853
2026-04-26 16:17:40 GMT [Client] DEBUG n.r.c.p.g.GroundMarkerPlugin - Loading points for region 12854
2026-04-26 16:17:40 GMT [Client] DEBUG n.r.c.p.g.GroundMarkerPlugin - Loading points for region 13108
2026-04-26 16:17:40 GMT [Client] DEBUG n.r.c.p.g.GroundMarkerPlugin - Loading points for region 13109
2026-04-26 16:17:40 GMT [Client] DEBUG n.r.c.p.g.GroundMarkerPlugin - Loading points for region 13110
2026-04-26 16:17:40 GMT [Client] DEBUG injected-client - Game state changed: LOGGED_IN (state: 30, 2 step: false)
2026-04-26 16:17:40 GMT [Client] DEBUG n.r.c.plugins.discord.DiscordState - Events: [DiscordState.EventWithTime(type=IN_GAME, start=2026-04-26T16:17:40.157779211Z, updated=2026-04-26T16:17:40.157780980Z)]
2026-04-26 16:17:40 GMT [Client] DEBUG n.r.c.p.g.GrandExchangePlugin - unable to generate machine id
java.net.SocketException: Permission denied (ioctl(SIOCGIFHWADDR) failed)
	at java.base/java.net.NetworkInterface.getMacAddr0(Native Method)
	at java.base/java.net.NetworkInterface.getHardwareAddress(NetworkInterface.java:528)
	at net.runelite.client.plugins.grandexchange.GrandExchangePlugin.getMachineUuid(GrandExchangePlugin.java:968)
	at net.runelite.client.plugins.grandexchange.GrandExchangePlugin.onGameStateChanged(GrandExchangePlugin.java:593)
	at net.runelite.client.eventbus.EventBus$Subscriber.invoke(EventBus.java:70)
	at net.runelite.client.eventbus.EventBus.post(EventBus.java:223)
	at net.runelite.client.callback.Hooks.post(Hooks.java:217)
	at client.gn(client.java:53207)
	at hh.ad(hh.java:801)
	at client.ir(client.java:9221)
	at sw.agt(sw.java:447)
	at sw.az(sw.java)
	at sw.run(sw.java:58274)
	at java.base/java.lang.Thread.run(Thread.java:1583)
2026-04-26 16:17:40 GMT [Client] DEBUG n.r.c.p.xptracker.XpTrackerPlugin - World change: -1 -> -2135040086039010131, <unknown> -> NORMAL
2026-04-26 16:17:40 GMT [Client] DEBUG injected-client - Chat message type WELCOME: Welcome to Old School RuneScape.
2026-04-26 16:17:40 GMT [Client] DEBUG injected-client - Chat message type DIDYOUKNOW: Did you know? You can combine enchanted jewellery items, as you would decant potions, by taking them to Murky Matt at the Grand Exchange.</col>
2026-04-26 16:17:40 GMT [Client] DEBUG injected-client - Chat message type GAMEMESSAGE: There are a lot of people on this world. You might want to switch to a quieter one.<br>You can do so by using the world switcher in the logout menu.
2026-04-26 16:17:40 GMT [Client] WARN  n.runelite.client.eventbus.EventBus - Uncaught exception in event subscriber
java.lang.NullPointerException: Cannot invoke "net.runelite.api.Player.getWorldLocation()" because the return value of "net.runelite.api.Client.getLocalPlayer()" is null
	at net.runelite.client.plugins.loottracker.LootTrackerPlugin.onChatMessage(LootTrackerPlugin.java:1049)
	at net.runelite.client.eventbus.EventBus$Subscriber.invoke(EventBus.java:70)
	at net.runelite.client.eventbus.EventBus.post(EventBus.java:223)
	at net.runelite.client.callback.Hooks.post(Hooks.java:217)
	at lq.ae(lq.java:47883)
	at jo.ah(jo.java:23)
	at client.ip(client.java:39124)
	at client.if(client.java:10991)
	at client.iu(client.java:10232)
	at client.ir(client.java:9225)
	at sw.agt(sw.java:447)
	at sw.az(sw.java)
	at sw.run(sw.java:58274)
	at java.base/java.lang.Thread.run(Thread.java:1583)
2026-04-26 16:17:40 GMT [Client] DEBUG n.r.client.plugins.gpu.GpuPlugin - Zone invalidated: wx=0 x=5 z=17
2026-04-26 16:17:40 GMT [Client] DEBUG n.r.client.plugins.gpu.GpuPlugin - Zone invalidated: wx=0 x=8 z=5
2026-04-26 16:17:40 GMT [Client] DEBUG n.r.client.plugins.gpu.GpuPlugin - Rebuilt zone wv=0 x=5 z=17
2026-04-26 16:17:40 GMT [Client] DEBUG n.r.client.plugins.gpu.GpuPlugin - Rebuilt zone wv=0 x=8 z=5
2026-04-26 16:17:40 GMT [Client] DEBUG n.r.client.plugins.gpu.GpuPlugin - Zone invalidated: wx=0 x=9 z=8
2026-04-26 16:17:40 GMT [Client] DEBUG n.r.client.plugins.gpu.GpuPlugin - Zone invalidated: wx=0 x=10 z=8
THREAD  tid=17923 comm=Client cpuset=/moderate Cpus_allowed_list=0-3
2026-04-26 16:17:40 GMT [Client] DEBUG n.r.client.plugins.gpu.GpuPlugin - Zone invalidated: wx=0 x=5 z=13
2026-04-26 16:17:40 GMT [Client] DEBUG n.r.client.plugins.gpu.GpuPlugin - Zone invalidated: wx=0 x=12 z=15
2026-04-26 16:17:40 GMT [Client] DEBUG n.r.client.plugins.gpu.GpuPlugin - Zone invalidated: wx=0 x=2 z=3
2026-04-26 16:17:40 GMT [Client] DEBUG n.r.client.plugins.gpu.GpuPlugin - Zone invalidated: wx=0 x=8 z=16
2026-04-26 16:17:40 GMT [Client] DEBUG n.r.client.plugins.gpu.GpuPlugin - Zone invalidated: wx=0 x=8 z=18
2026-04-26 16:17:40 GMT [Client] DEBUG n.r.client.plugins.gpu.GpuPlugin - Zone invalidated: wx=0 x=9 z=19
2026-04-26 16:17:40 GMT [Client] DEBUG n.r.client.plugins.gpu.GpuPlugin - Zone invalidated: wx=0 x=8 z=17
2026-04-26 16:17:40 GMT [Client] DEBUG n.r.client.plugins.gpu.GpuPlugin - Zone invalidated: wx=0 x=8 z=19
2026-04-26 16:17:40 GMT [Client] DEBUG n.r.client.plugins.gpu.GpuPlugin - Zone invalidated: wx=0 x=8 z=20
2026-04-26 16:17:40 GMT [Client] DEBUG n.r.client.plugins.gpu.GpuPlugin - Zone invalidated: wx=0 x=9 z=17
2026-04-26 16:17:40 GMT [Client] DEBUG n.r.client.plugins.gpu.GpuPlugin - Zone invalidated: wx=0 x=9 z=18
2026-04-26 16:17:40 GMT [Client] DEBUG n.r.client.plugins.gpu.GpuPlugin - Rebuilt zone wv=0 x=2 z=3
2026-04-26 16:17:40 GMT [Client] DEBUG n.r.client.plugins.gpu.GpuPlugin - Rebuilt zone wv=0 x=5 z=13
2026-04-26 16:17:40 GMT [Client] DEBUG n.r.client.plugins.gpu.GpuPlugin - Rebuilt zone wv=0 x=8 z=16
2026-04-26 16:17:40 GMT [Client] DEBUG n.r.client.plugins.gpu.GpuPlugin - Rebuilt zone wv=0 x=8 z=17
2026-04-26 16:17:40 GMT [Client] DEBUG n.r.client.plugins.gpu.GpuPlugin - Rebuilt zone wv=0 x=8 z=18
2026-04-26 16:17:40 GMT [Client] DEBUG n.r.client.plugins.gpu.GpuPlugin - Rebuilt zone wv=0 x=8 z=19
2026-04-26 16:17:40 GMT [Client] DEBUG n.r.client.plugins.gpu.GpuPlugin - Rebuilt zone wv=0 x=8 z=20
2026-04-26 16:17:40 GMT [Client] DEBUG n.r.client.plugins.gpu.GpuPlugin - Rebuilt zone wv=0 x=9 z=8
2026-04-26 16:17:40 GMT [Client] DEBUG n.r.client.plugins.gpu.GpuPlugin - Rebuilt zone wv=0 x=9 z=17
2026-04-26 16:17:40 GMT [Client] DEBUG n.r.client.plugins.gpu.GpuPlugin - Rebuilt zone wv=0 x=9 z=18
2026-04-26 16:17:40 GMT [Client] DEBUG n.r.client.plugins.gpu.GpuPlugin - Rebuilt zone wv=0 x=9 z=19
2026-04-26 16:17:40 GMT [Client] DEBUG n.r.client.plugins.gpu.GpuPlugin - Rebuilt zone wv=0 x=10 z=8
2026-04-26 16:17:40 GMT [Client] DEBUG n.r.client.plugins.gpu.GpuPlugin - Rebuilt zone wv=0 x=12 z=15
2026-04-26 16:17:40 GMT [Client] DEBUG n.r.client.plugins.gpu.GpuPlugin - Zone invalidated: wx=0 x=18 z=15
2026-04-26 16:17:40 GMT [Client] DEBUG n.r.client.plugins.gpu.GpuPlugin - Zone invalidated: wx=0 x=19 z=15
2026-04-26 16:17:40 GMT [Client] DEBUG n.r.client.plugins.gpu.GpuPlugin - Zone invalidated: wx=0 x=17 z=19
2026-04-26 16:17:40 GMT [Client] DEBUG n.r.client.plugins.gpu.GpuPlugin - Zone invalidated: wx=0 x=15 z=17
2026-04-26 16:17:40 GMT [Client] DEBUG n.r.client.plugins.gpu.GpuPlugin - Rebuilt zone wv=0 x=15 z=17
2026-04-26 16:17:40 GMT [Client] DEBUG n.r.client.plugins.gpu.GpuPlugin - Rebuilt zone wv=0 x=17 z=19
2026-04-26 16:17:40 GMT [Client] DEBUG n.r.client.plugins.gpu.GpuPlugin - Rebuilt zone wv=0 x=18 z=15
2026-04-26 16:17:40 GMT [Client] DEBUG n.r.client.plugins.gpu.GpuPlugin - Rebuilt zone wv=0 x=19 z=15
2026-04-26 16:17:40 GMT [Client] DEBUG n.r.client.plugins.gpu.GpuPlugin - Zone invalidated: wx=0 x=11 z=14
2026-04-26 16:17:40 GMT [Client] DEBUG n.r.client.plugins.gpu.GpuPlugin - Zone invalidated: wx=0 x=11 z=15
2026-04-26 16:17:40 GMT [Client] DEBUG n.r.client.plugins.gpu.GpuPlugin - Zone invalidated: wx=0 x=12 z=14
2026-04-26 16:17:40 GMT [Client] DEBUG n.r.client.plugins.gpu.GpuPlugin - Zone invalidated: wx=0 x=12 z=15
2026-04-26 16:17:40 GMT [Client] DEBUG n.r.client.plugins.gpu.GpuPlugin - Zone invalidated: wx=0 x=13 z=15
2026-04-26 16:17:40 GMT [Client] DEBUG n.r.client.plugins.raids.RaidsPlugin - Raid party has been dissolved
2026-04-26 16:17:40 GMT [Client] DEBUG n.r.client.plugins.gpu.GpuPlugin - Rebuilt zone wv=0 x=11 z=14
2026-04-26 16:17:40 GMT [Client] DEBUG n.r.client.plugins.gpu.GpuPlugin - Rebuilt zone wv=0 x=11 z=15
2026-04-26 16:17:40 GMT [Client] DEBUG n.r.client.plugins.gpu.GpuPlugin - Rebuilt zone wv=0 x=12 z=14
2026-04-26 16:17:40 GMT [Client] DEBUG n.r.client.plugins.gpu.GpuPlugin - Rebuilt zone wv=0 x=12 z=15
2026-04-26 16:17:40 GMT [Client] DEBUG n.r.client.plugins.gpu.GpuPlugin - Rebuilt zone wv=0 x=13 z=15
2026-04-26 16:17:40 GMT [Client] DEBUG n.r.c.plugins.slayer.SlayerPlugin - Sync slayer task: 25x Commander Zilyana at null
2026-04-26 16:17:40 GMT [Client] DEBUG n.r.client.config.ConfigManager - Setting configuration value for slayer.rsprofile.reRsilrQ.initialAmount to 0
2026-04-26 16:17:40 GMT [Client] DEBUG n.r.client.plugins.gpu.GpuPlugin - Zone invalidated: wx=0 x=13 z=4
2026-04-26 16:17:40 GMT [Client] DEBUG n.r.client.plugins.gpu.GpuPlugin - Rebuilt zone wv=0 x=13 z=4
=== CPUSET SETTLE (T=30s) end ===
2026-04-26 16:17:40 GMT [Client] DEBUG n.r.client.plugins.gpu.GpuPlugin - Zone invalidated: wx=0 x=14 z=10
2026-04-26 16:17:40 GMT [Client] DEBUG n.r.client.plugins.gpu.GpuPlugin - Zone invalidated: wx=0 x=13 z=17
2026-04-26 16:17:40 GMT [Client] DEBUG n.r.client.plugins.gpu.GpuPlugin - Zone invalidated: wx=0 x=13 z=18
2026-04-26 16:17:40 GMT [Client] DEBUG n.r.client.plugins.gpu.GpuPlugin - Zone invalidated: wx=0 x=13 z=19
2026-04-26 16:17:40 GMT [Client] DEBUG n.r.client.plugins.gpu.GpuPlugin - Zone invalidated: wx=0 x=13 z=20
2026-04-26 16:17:40 GMT [Client] DEBUG n.r.client.plugins.gpu.GpuPlugin - Zone invalidated: wx=0 x=14 z=16
2026-04-26 16:17:40 GMT [Client] DEBUG n.r.client.plugins.gpu.GpuPlugin - Zone invalidated: wx=0 x=14 z=17
2026-04-26 16:17:40 GMT [Client] DEBUG n.r.client.plugins.gpu.GpuPlugin - Zone invalidated: wx=0 x=14 z=19
2026-04-26 16:17:40 GMT [Client] DEBUG n.r.client.plugins.gpu.GpuPlugin - Zone invalidated: wx=0 x=15 z=13
2026-04-26 16:17:40 GMT [Client] DEBUG n.r.client.plugins.gpu.GpuPlugin - Zone invalidated: wx=0 x=15 z=14
2026-04-26 16:17:40 GMT [Client] DEBUG n.r.client.plugins.gpu.GpuPlugin - Zone invalidated: wx=0 x=15 z=15
2026-04-26 16:17:40 GMT [Client] DEBUG n.r.client.plugins.gpu.GpuPlugin - Zone invalidated: wx=0 x=15 z=16
2026-04-26 16:17:40 GMT [Client] DEBUG n.r.client.plugins.gpu.GpuPlugin - Zone invalidated: wx=0 x=15 z=18
2026-04-26 16:17:40 GMT [Client] DEBUG n.r.client.plugins.gpu.GpuPlugin - Zone invalidated: wx=0 x=15 z=19
2026-04-26 16:17:40 GMT [Client] DEBUG n.r.client.plugins.gpu.GpuPlugin - Zone invalidated: wx=0 x=16 z=13
2026-04-26 16:17:40 GMT [Client] DEBUG n.r.client.plugins.gpu.GpuPlugin - Zone invalidated: wx=0 x=16 z=16
2026-04-26 16:17:40 GMT [Client] DEBUG n.r.client.plugins.gpu.GpuPlugin - Zone invalidated: wx=0 x=16 z=17
2026-04-26 16:17:40 GMT [Client] DEBUG n.r.client.plugins.gpu.GpuPlugin - Zone invalidated: wx=0 x=16 z=18
2026-04-26 16:17:40 GMT [Client] DEBUG n.r.client.plugins.gpu.GpuPlugin - Zone invalidated: wx=0 x=17 z=16
2026-04-26 16:17:40 GMT [Client] DEBUG n.r.client.plugins.gpu.GpuPlugin - Zone invalidated: wx=0 x=17 z=17
2026-04-26 16:17:40 GMT [Client] DEBUG n.r.client.plugins.gpu.GpuPlugin - Zone invalidated: wx=0 x=17 z=18
2026-04-26 16:17:40 GMT [Client] DEBUG n.r.client.plugins.gpu.GpuPlugin - Zone invalidated: wx=0 x=17 z=19
2026-04-26 16:17:40 GMT [Client] DEBUG n.r.client.plugins.gpu.GpuPlugin - Zone invalidated: wx=0 x=18 z=16
2026-04-26 16:17:40 GMT [Client] DEBUG n.r.client.plugins.gpu.GpuPlugin - Zone invalidated: wx=0 x=18 z=17
2026-04-26 16:17:40 GMT [Client] DEBUG n.r.client.plugins.gpu.GpuPlugin - Zone invalidated: wx=0 x=18 z=19
2026-04-26 16:17:40 GMT [Client] DEBUG n.r.client.plugins.gpu.GpuPlugin - Zone invalidated: wx=0 x=18 z=20
2026-04-26 16:17:40 GMT [Client] DEBUG n.r.client.plugins.gpu.GpuPlugin - Zone invalidated: wx=0 x=19 z=13
2026-04-26 16:17:40 GMT [Client] DEBUG n.r.client.plugins.gpu.GpuPlugin - Zone invalidated: wx=0 x=19 z=14
2026-04-26 16:17:40 GMT [Client] DEBUG n.r.client.plugins.gpu.GpuPlugin - Zone invalidated: wx=0 x=19 z=15
2026-04-26 16:17:40 GMT [Client] DEBUG n.r.client.plugins.gpu.GpuPlugin - Zone invalidated: wx=0 x=19 z=17
2026-04-26 16:17:40 GMT [Client] DEBUG n.r.client.plugins.gpu.GpuPlugin - Zone invalidated: wx=0 x=20 z=13
2026-04-26 16:17:40 GMT [Client] DEBUG n.r.client.plugins.gpu.GpuPlugin - Zone invalidated: wx=0 x=20 z=15
2026-04-26 16:17:40 GMT [Client] DEBUG n.r.client.plugins.gpu.GpuPlugin - Zone invalidated: wx=0 x=20 z=17
2026-04-26 16:17:40 GMT [Client] DEBUG n.r.client.plugins.gpu.GpuPlugin - Zone invalidated: wx=0 x=20 z=18
2026-04-26 16:17:40 GMT [Client] DEBUG n.r.client.plugins.gpu.GpuPlugin - Zone invalidated: wx=0 x=20 z=19
2026-04-26 16:17:40 GMT [Client] DEBUG n.r.client.plugins.gpu.GpuPlugin - Rebuilt zone wv=0 x=13 z=17
2026-04-26 16:17:40 GMT [Client] DEBUG n.r.client.plugins.gpu.GpuPlugin - Rebuilt zone wv=0 x=13 z=18
2026-04-26 16:17:40 GMT [Client] DEBUG n.r.client.plugins.gpu.GpuPlugin - Rebuilt zone wv=0 x=13 z=19
2026-04-26 16:17:40 GMT [Client] DEBUG n.r.client.plugins.gpu.GpuPlugin - Rebuilt zone wv=0 x=13 z=20
2026-04-26 16:17:40 GMT [Client] DEBUG n.r.client.plugins.gpu.GpuPlugin - Rebuilt zone wv=0 x=14 z=10
2026-04-26 16:17:40 GMT [Client] DEBUG n.r.client.plugins.gpu.GpuPlugin - Rebuilt zone wv=0 x=14 z=16
2026-04-26 16:17:40 GMT [Client] DEBUG n.r.client.plugins.gpu.GpuPlugin - Rebuilt zone wv=0 x=14 z=17
2026-04-26 16:17:40 GMT [Client] DEBUG n.r.client.plugins.gpu.GpuPlugin - Rebuilt zone wv=0 x=14 z=19
2026-04-26 16:17:40 GMT [Client] DEBUG n.r.client.plugins.gpu.GpuPlugin - Rebuilt zone wv=0 x=15 z=13
2026-04-26 16:17:40 GMT [Client] DEBUG n.r.client.plugins.gpu.GpuPlugin - Rebuilt zone wv=0 x=15 z=14
2026-04-26 16:17:40 GMT [Client] DEBUG n.r.client.plugins.gpu.GpuPlugin - Rebuilt zone wv=0 x=15 z=15
2026-04-26 16:17:40 GMT [Client] DEBUG n.r.client.plugins.gpu.GpuPlugin - Rebuilt zone wv=0 x=15 z=16
2026-04-26 16:17:40 GMT [Client] DEBUG n.r.client.plugins.gpu.GpuPlugin - Rebuilt zone wv=0 x=15 z=18
2026-04-26 16:17:40 GMT [Client] DEBUG n.r.client.plugins.gpu.GpuPlugin - Rebuilt zone wv=0 x=15 z=19
2026-04-26 16:17:40 GMT [Client] DEBUG n.r.client.plugins.gpu.GpuPlugin - Rebuilt zone wv=0 x=16 z=13
2026-04-26 16:17:40 GMT [Client] DEBUG n.r.client.plugins.gpu.GpuPlugin - Rebuilt zone wv=0 x=16 z=16
2026-04-26 16:17:40 GMT [Client] DEBUG n.r.client.plugins.gpu.GpuPlugin - Rebuilt zone wv=0 x=16 z=17
2026-04-26 16:17:40 GMT [Client] DEBUG n.r.client.plugins.gpu.GpuPlugin - Rebuilt zone wv=0 x=16 z=18
2026-04-26 16:17:40 GMT [Client] DEBUG n.r.client.plugins.gpu.GpuPlugin - Rebuilt zone wv=0 x=17 z=16
2026-04-26 16:17:40 GMT [Client] DEBUG n.r.client.plugins.gpu.GpuPlugin - Rebuilt zone wv=0 x=17 z=17
2026-04-26 16:17:40 GMT [Client] DEBUG n.r.client.plugins.gpu.GpuPlugin - Rebuilt zone wv=0 x=17 z=18
2026-04-26 16:17:40 GMT [Client] DEBUG n.r.client.plugins.gpu.GpuPlugin - Rebuilt zone wv=0 x=17 z=19
2026-04-26 16:17:40 GMT [Client] DEBUG n.r.client.plugins.gpu.GpuPlugin - Rebuilt zone wv=0 x=18 z=16
2026-04-26 16:17:40 GMT [Client] DEBUG n.r.client.plugins.gpu.GpuPlugin - Rebuilt zone wv=0 x=18 z=17
2026-04-26 16:17:40 GMT [Client] DEBUG n.r.client.plugins.gpu.GpuPlugin - Rebuilt zone wv=0 x=18 z=19
2026-04-26 16:17:40 GMT [Client] DEBUG n.r.client.plugins.gpu.GpuPlugin - Rebuilt zone wv=0 x=18 z=20
2026-04-26 16:17:40 GMT [Client] DEBUG n.r.client.plugins.gpu.GpuPlugin - Rebuilt zone wv=0 x=19 z=13
2026-04-26 16:17:40 GMT [Client] DEBUG n.r.client.plugins.gpu.GpuPlugin - Rebuilt zone wv=0 x=19 z=14
2026-04-26 16:17:40 GMT [Client] DEBUG n.r.client.plugins.gpu.GpuPlugin - Rebuilt zone wv=0 x=19 z=15
2026-04-26 16:17:40 GMT [Client] DEBUG n.r.client.plugins.gpu.GpuPlugin - Rebuilt zone wv=0 x=19 z=17
2026-04-26 16:17:40 GMT [Client] DEBUG n.r.client.plugins.gpu.GpuPlugin - Rebuilt zone wv=0 x=20 z=13
2026-04-26 16:17:40 GMT [Client] DEBUG n.r.client.plugins.gpu.GpuPlugin - Rebuilt zone wv=0 x=20 z=15
2026-04-26 16:17:40 GMT [Client] DEBUG n.r.client.plugins.gpu.GpuPlugin - Rebuilt zone wv=0 x=20 z=17
2026-04-26 16:17:40 GMT [Client] DEBUG n.r.client.plugins.gpu.GpuPlugin - Rebuilt zone wv=0 x=20 z=18
2026-04-26 16:17:40 GMT [Client] DEBUG n.r.client.plugins.gpu.GpuPlugin - Rebuilt zone wv=0 x=20 z=19
2026-04-26 16:17:40 GMT [Client] DEBUG n.r.client.plugins.gpu.GpuPlugin - Zone invalidated: wx=0 x=2 z=13
2026-04-26 16:17:40 GMT [Client] DEBUG n.r.client.plugins.gpu.GpuPlugin - Zone invalidated: wx=0 x=6 z=7
2026-04-26 16:17:40 GMT [Client] DEBUG n.r.client.plugins.gpu.GpuPlugin - Zone invalidated: wx=0 x=6 z=11
2026-04-26 16:17:40 GMT [Client] DEBUG n.r.client.plugins.gpu.GpuPlugin - Zone invalidated: wx=0 x=11 z=12
2026-04-26 16:17:40 GMT [Client] DEBUG n.r.client.plugins.gpu.GpuPlugin - Rebuilt zone wv=0 x=2 z=13
2026-04-26 16:17:40 GMT [Client] DEBUG n.r.client.plugins.gpu.GpuPlugin - Rebuilt zone wv=0 x=6 z=7
2026-04-26 16:17:40 GMT [Client] DEBUG n.r.client.plugins.gpu.GpuPlugin - Rebuilt zone wv=0 x=6 z=11
2026-04-26 16:17:40 GMT [Client] DEBUG n.r.client.plugins.gpu.GpuPlugin - Rebuilt zone wv=0 x=11 z=12
2026-04-26 16:17:40 GMT [Client] DEBUG n.r.c.plugins.slayer.SlayerPlugin - Sync slayer task: 25x Commander Zilyana at null
2026-04-26 16:17:40 GMT [Client] DEBUG n.r.client.config.ConfigManager - Setting configuration value for slayer.rsprofile.reRsilrQ.initialAmount to 25
2026-04-26 16:17:40 GMT [Client] DEBUG net.runelite.client.game.LootManager - Item spawn 1978 (1) location LocalPoint(x=9152, y=5824, worldView=0)
2026-04-26 16:17:40 GMT [Client] DEBUG net.runelite.client.game.LootManager - Item spawn 1129 (1) location LocalPoint(x=6080, y=5056, worldView=0)
2026-04-26 16:17:40 GMT [Client] DEBUG net.runelite.client.game.LootManager - Item spawn 1935 (1) location LocalPoint(x=9280, y=5312, worldView=0)
2026-04-26 16:17:40 GMT [Client] DEBUG net.runelite.client.game.LootManager - Item spawn 1931 (1) location LocalPoint(x=4160, y=4032, worldView=0)
2026-04-26 16:17:40 GMT [Client] DEBUG net.runelite.client.game.LootManager - Item spawn 1511 (1) location LocalPoint(x=5696, y=3904, worldView=0)
2026-04-26 16:17:40 GMT [Client] DEBUG net.runelite.client.game.LootManager - Item spawn 1511 (1) location LocalPoint(x=5824, y=3904, worldView=0)
2026-04-26 16:17:40 GMT [Client] DEBUG n.r.client.plugins.gpu.GpuPlugin - Zone invalidated: wx=0 x=11 z=12
2026-04-26 16:17:40 GMT [Client] DEBUG n.r.client.plugins.gpu.GpuPlugin - Rebuilt zone wv=0 x=11 z=12
2026-04-26 16:17:40 GMT [Client] DEBUG injected-client - Replacing archive 12/1049
2026-04-26 16:17:41 GMT [Client] DEBUG injected-client - Replacing archive 12/920
2026-04-26 16:17:41 GMT [Client] DEBUG injected-client - Replacing archive 12/223
2026-04-26 16:17:41 GMT [Client] DEBUG injected-client - Replacing archive 12/84
2026-04-26 16:17:41 GMT [Client] DEBUG injected-client - Replacing archive 12/4742
2026-04-26 16:17:41 GMT [Client] DEBUG injected-client - Replacing archive 12/89
2026-04-26 16:17:41 GMT [Client] DEBUG injected-client - Replacing archive 12/395
2026-04-26 16:17:41 GMT [Client] DEBUG injected-client - Replacing archive 12/396
2026-04-26 16:17:41 GMT [Client] DEBUG injected-client - Replacing archive 12/2611
2026-04-26 16:17:41 GMT [Client] DEBUG injected-client - Replacing archive 12/125
2026-04-26 16:17:41 GMT [Client] DEBUG injected-client - Replacing archive 12/9291
2026-04-26 16:17:41 GMT [Client] DEBUG injected-client - Replacing archive 12/327
2026-04-26 16:17:41 GMT [Client] DEBUG n.runelite.client.menus.MenuManager - Client has updated player menu index 4 where option Lookup was, moving to index 4
2026-04-26 16:17:41 GMT [Client] DEBUG injected-client - Replacing archive 12/84
2026-04-26 16:17:41 GMT [Client] DEBUG injected-client - Replacing archive 12/89
2026-04-26 16:17:41 GMT [Client] DEBUG injected-client - Replacing archive 12/223
2026-04-26 16:17:41 GMT [Client] DEBUG injected-client - Replacing archive 12/395
2026-04-26 16:17:41 GMT [Client] DEBUG injected-client - Replacing archive 12/2611
2026-04-26 16:17:41 GMT [Client] DEBUG injected-client - Replacing archive 12/125
2026-04-26 16:17:41 GMT [Client] DEBUG injected-client - Replacing archive 12/9291
2026-04-26 16:17:41 GMT [Client] DEBUG injected-client - Replacing archive 12/1049
2026-04-26 16:17:41 GMT [Client] DEBUG injected-client - Replacing archive 12/920
2026-04-26 16:17:41 GMT [Client] DEBUG n.r.c.plugins.agility.AgilityPlugin - Gained 1364505 xp at WorldPoint(x=3251, y=3420, plane=0)
2026-04-26 16:17:41 GMT [Client] DEBUG n.r.c.p.g.GrandExchangePlugin - GE offer updated: state: EMPTY, slot: 0, item: 0, qty: 0, lastLoginTick: 0
2026-04-26 16:17:41 GMT [Client] DEBUG n.r.c.p.g.GrandExchangePlugin - GE offer updated: state: EMPTY, slot: 1, item: 0, qty: 0, lastLoginTick: 0
2026-04-26 16:17:41 GMT [Client] DEBUG n.r.c.p.g.GrandExchangePlugin - GE offer updated: state: EMPTY, slot: 2, item: 0, qty: 0, lastLoginTick: 0
2026-04-26 16:17:41 GMT [Client] DEBUG n.r.c.p.g.GrandExchangePlugin - GE offer updated: state: EMPTY, slot: 3, item: 0, qty: 0, lastLoginTick: 0
2026-04-26 16:17:41 GMT [Client] DEBUG n.r.c.p.g.GrandExchangePlugin - GE offer updated: state: EMPTY, slot: 4, item: 0, qty: 0, lastLoginTick: 0
2026-04-26 16:17:41 GMT [Client] DEBUG n.r.c.p.g.GrandExchangePlugin - GE offer updated: state: EMPTY, slot: 5, item: 0, qty: 0, lastLoginTick: 0
2026-04-26 16:17:41 GMT [Client] DEBUG n.r.c.p.g.GrandExchangePlugin - GE offer updated: state: EMPTY, slot: 6, item: 0, qty: 0, lastLoginTick: 0
2026-04-26 16:17:41 GMT [Client] DEBUG n.r.c.p.g.GrandExchangePlugin - GE offer updated: state: EMPTY, slot: 7, item: 0, qty: 0, lastLoginTick: 0
2026-04-26 16:17:42 GMT [Client] DEBUG injected-client - Replacing archive 12/84
2026-04-26 16:17:42 GMT [Client] DEBUG injected-client - Replacing archive 12/4742
2026-04-26 16:17:42 GMT [Client] DEBUG injected-client - Replacing archive 12/89
2026-04-26 16:17:42 GMT [Client] DEBUG injected-client - Replacing archive 12/2611
2026-04-26 16:17:42 GMT [Client] DEBUG injected-client - Replacing archive 12/125
2026-04-26 16:17:42 GMT [Client] DEBUG n.r.c.p.xptracker.XpTrackerPlugin - Loading xp state from save
2026-04-26 16:17:42 GMT [Client] DEBUG injected-client - Chat message type CONSOLE: <colHIGHLIGHT>You have battlestaves waiting to be collected from Zaff.
2026-04-26 16:17:42 GMT [Client] DEBUG injected-client - Chat message type CLAN_GIM_MESSAGE: To talk in your Ironman Group's channel, start each line of chat with //// or /g.
[rlawt] [rlawt-perf] frame=600 win=60  swap_us mean=30348 p50=28660 p95=42768 max=46242  gap_us mean=52029 p50=12132 p95=274778 max=1739237  mkcur=0 glerr=0
[rlawt] [rlawt-perf] frame=660 win=60  swap_us mean=25853 p50=25093 p95=33133 max=40179  gap_us mean=12829 p50=10188 p95=34670 max=80929  mkcur=0 glerr=0
2026-04-26 16:17:46 GMT [Client] DEBUG injected-client - Replacing archive 12/1049
2026-04-26 16:17:46 GMT [Client] DEBUG injected-client - Replacing archive 12/920
2026-04-26 16:17:46 GMT [Client] DEBUG injected-client - Replacing archive 12/84
2026-04-26 16:17:46 GMT [Client] DEBUG injected-client - Replacing archive 12/4742
2026-04-26 16:17:46 GMT [Client] DEBUG injected-client - Replacing archive 12/89
2026-04-26 16:17:46 GMT [Client] DEBUG injected-client - Replacing archive 12/223
2026-04-26 16:17:46 GMT [Client] DEBUG n.runelite.client.menus.MenuManager - Client has updated player menu index 4 where option Lookup was, moving to index 4
2026-04-26 16:17:46 GMT [Client] DEBUG injected-client - Replacing archive 12/84
2026-04-26 16:17:46 GMT [Client] DEBUG injected-client - Replacing archive 12/89
2026-04-26 16:17:46 GMT [Client] DEBUG injected-client - Replacing archive 12/223
2026-04-26 16:17:46 GMT [Client] DEBUG injected-client - Replacing archive 12/4742
2026-04-26 16:17:46 GMT [Client] DEBUG n.r.client.plugins.gpu.GpuPlugin - AA samples: 0, max samples: 4, forced samples: 0
2026-04-26 16:17:46 GMT [Client] DEBUG n.r.client.plugins.gpu.VAOList - Allocated VAO 476 request 16128
2026-04-26 16:17:46 GMT [Client] DEBUG n.r.client.plugins.gpu.VAOList - Allocated VAO 477 request 8712
2026-04-26 16:17:46 GMT [Client] DEBUG n.r.client.plugins.gpu.VAOList - Allocated VAO 478 request 45720
2026-04-26 16:17:47 GMT [Client] DEBUG n.r.client.plugins.gpu.GpuPlugin - Zone invalidated: wx=0 x=11 z=12
2026-04-26 16:17:47 GMT [Client] DEBUG n.r.client.plugins.gpu.GpuPlugin - Zone invalidated: wx=0 x=11 z=13
2026-04-26 16:17:47 GMT [Client] DEBUG n.r.client.plugins.gpu.GpuPlugin - Zone invalidated: wx=0 x=11 z=16
2026-04-26 16:17:47 GMT [Client] DEBUG n.r.client.plugins.gpu.GpuPlugin - Zone invalidated: wx=0 x=12 z=12
2026-04-26 16:17:47 GMT [Client] DEBUG n.r.client.plugins.gpu.GpuPlugin - Zone invalidated: wx=0 x=12 z=13
2026-04-26 16:17:47 GMT [Client] DEBUG n.r.client.plugins.gpu.GpuPlugin - Rebuilt zone wv=0 x=11 z=12
2026-04-26 16:17:47 GMT [Client] DEBUG n.r.client.plugins.gpu.GpuPlugin - Rebuilt zone wv=0 x=11 z=13
2026-04-26 16:17:47 GMT [Client] DEBUG n.r.client.plugins.gpu.GpuPlugin - Rebuilt zone wv=0 x=11 z=16
2026-04-26 16:17:47 GMT [Client] DEBUG n.r.client.plugins.gpu.GpuPlugin - Rebuilt zone wv=0 x=12 z=12
2026-04-26 16:17:47 GMT [Client] DEBUG n.r.client.plugins.gpu.GpuPlugin - Rebuilt zone wv=0 x=12 z=13
2026-04-26 16:17:47 GMT [Client] DEBUG n.r.c.p.t.farming.FarmingTracker - New region loaded. [Varrock] at 10 ticks
2026-04-26 16:17:47 GMT [Client] DEBUG n.r.client.config.ConfigManager - Setting configuration value for timetracking.rsprofile.reRsilrQ.12854.4771 to 32:1777220267
[rlawt] [rlawt-perf] frame=720 win=60  swap_us mean=32810 p50=30937 p95=44984 max=99071  gap_us mean=45771 p50=38530 p95=112682 max=436838  mkcur=0 glerr=0
[rlawt] [rlawt-perf] frame=780 win=60  swap_us mean=30315 p50=29642 p95=35920 max=37478  gap_us mean=19614 p50=17736 p95=32899 max=42382  mkcur=0 glerr=0
[rlawt] [rlawt-perf] frame=840 win=60  swap_us mean=30624 p50=29947 p95=36513 max=40196  gap_us mean=17784 p50=17559 p95=24747 max=27318  mkcur=0 glerr=0
[rlawt] [rlawt-perf] frame=900 win=60  swap_us mean=31251 p50=30755 p95=37263 max=38770  gap_us mean=18283 p50=16822 p95=34027 max=35941  mkcur=0 glerr=0
[rlawt] [rlawt-perf] frame=960 win=60  swap_us mean=31895 p50=31312 p95=40331 max=43555  gap_us mean=18988 p50=16940 p95=34002 max=46582  mkcur=0 glerr=0
[rlawt] [rlawt-perf] frame=1020 win=60  swap_us mean=32266 p50=31882 p95=39544 max=41250  gap_us mean=14834 p50=14211 p95=23688 max=25645  mkcur=0 glerr=0
[rlawt] [rlawt-perf] frame=1080 win=60  swap_us mean=28918 p50=28716 p95=32160 max=37840  gap_us mean=15936 p50=13542 p95=31772 max=49455  mkcur=0 glerr=0
=== CPUSET SETTLE (T=60s) ts=1777220290 ===
JVM     pid=15599 cpuset=/moderate Cpus_allowed_list=0-3
VIRGL   pid=15289 cpuset=/moderate Cpus_allowed_list=0-3
[rlawt] [rlawt-perf] frame=1140 win=60  swap_us mean=30271 p50=29796 p95=35893 max=45588  gap_us mean=13570 p50=13292 p95=18458 max=19772  mkcur=0 glerr=0
THREAD  tid=16200 comm=AWT-EventQueue- cpuset=/moderate Cpus_allowed_list=0-3
THREAD  tid=17923 comm=Client cpuset=/moderate Cpus_allowed_list=0-3
=== CPUSET SETTLE (T=60s) end ===
[rlawt] [rlawt-perf] frame=1200 win=60  swap_us mean=29571 p50=29343 p95=32924 max=36111  gap_us mean=13540 p50=13090 p95=18917 max=20804  mkcur=0 glerr=0
[rlawt] [rlawt-perf] frame=1260 win=60  swap_us mean=29619 p50=28927 p95=35393 max=38642  gap_us mean=14181 p50=13180 p95=24566 max=36000  mkcur=0 glerr=0
[rlawt] [rlawt-perf] frame=1320 win=60  swap_us mean=28647 p50=28465 p95=31765 max=34045  gap_us mean=12355 p50=12302 p95=15030 max=23645  mkcur=0 glerr=0
[rlawt] [rlawt-perf] frame=1380 win=60  swap_us mean=29629 p50=29183 p95=33858 max=38264  gap_us mean=13475 p50=13029 p95=15602 max=26733  mkcur=0 glerr=0
[rlawt] [rlawt-perf] frame=1440 win=60  swap_us mean=29526 p50=28905 p95=34147 max=36381  gap_us mean=13081 p50=12194 p95=18852 max=35954  mkcur=0 glerr=0
[rlawt] [rlawt-perf] frame=1500 win=60  swap_us mean=28767 p50=28807 p95=30771 max=31527  gap_us mean=12339 p50=12135 p95=15143 max=18531  mkcur=0 glerr=0
2026-04-26 16:18:26 GMT [Client] DEBUG n.r.client.plugins.gpu.GpuPlugin - Zone invalidated: wx=0 x=11 z=12
2026-04-26 16:18:26 GMT [Client] DEBUG n.r.client.plugins.gpu.GpuPlugin - Rebuilt zone wv=0 x=11 z=12
2026-04-26 16:18:27 GMT [Client] DEBUG net.runelite.client.game.LootManager - Item spawn 592 (1) location LocalPoint(x=6848, y=7872, worldView=0)
[rlawt] [rlawt-perf] frame=1560 win=60  swap_us mean=29338 p50=29283 p95=33113 max=34412  gap_us mean=12643 p50=12542 p95=15765 max=17502  mkcur=0 glerr=0
[rlawt] [rlawt-perf] frame=1620 win=60  swap_us mean=28789 p50=28453 p95=32170 max=35427  gap_us mean=13160 p50=12603 p95=21882 max=22043  mkcur=0 glerr=0
[rlawt] [rlawt-perf] frame=1680 win=60  swap_us mean=29571 p50=29298 p95=33828 max=34065  gap_us mean=13162 p50=13058 p95=17459 max=26375  mkcur=0 glerr=0
2026-04-26 16:18:34 GMT [Client] DEBUG net.runelite.client.game.LootManager - Item despawn 592 (1) location LocalPoint(x=6848, y=7872, worldView=0)
[rlawt] [rlawt-perf] frame=1740 win=60  swap_us mean=29587 p50=29304 p95=33260 max=35499  gap_us mean=13777 p50=13005 p95=21865 max=31542  mkcur=0 glerr=0
2026-04-26 16:18:36 GMT [Client] DEBUG n.r.client.plugins.gpu.GpuPlugin - Zone invalidated: wx=0 x=11 z=12
2026-04-26 16:18:36 GMT [Client] DEBUG n.r.client.plugins.gpu.GpuPlugin - Rebuilt zone wv=0 x=11 z=12
2026-04-26 16:18:37 GMT [Client] DEBUG net.runelite.client.game.LootManager - Item spawn 592 (1) location LocalPoint(x=6592, y=7872, worldView=0)
2026-04-26 16:18:38 GMT [Client] DEBUG net.runelite.client.game.LootManager - Item despawn 592 (1) location LocalPoint(x=6592, y=7872, worldView=0)
[rlawt] [rlawt-perf] frame=1800 win=60  swap_us mean=28553 p50=28311 p95=31664 max=36504  gap_us mean=12332 p50=12268 p95=15090 max=19884  mkcur=0 glerr=0
[rlawt] [rlawt-perf] frame=1860 win=60  swap_us mean=28965 p50=28809 p95=31510 max=38360  gap_us mean=11984 p50=11918 p95=14028 max=15528  mkcur=0 glerr=0
2026-04-26 16:18:41 GMT [Client] DEBUG n.r.client.plugins.gpu.GpuPlugin - Zone invalidated: wx=0 x=11 z=12
2026-04-26 16:18:41 GMT [Client] DEBUG n.r.client.plugins.gpu.GpuPlugin - Rebuilt zone wv=0 x=11 z=12
2026-04-26 16:18:42 GMT [Client] DEBUG net.runelite.client.game.LootManager - Item spawn 592 (1) location LocalPoint(x=6976, y=7872, worldView=0)
2026-04-26 16:18:42 GMT [Client] DEBUG n.r.client.plugins.gpu.GpuPlugin - Zone invalidated: wx=0 x=11 z=12
2026-04-26 16:18:42 GMT [Client] DEBUG n.r.client.plugins.gpu.GpuPlugin - Rebuilt zone wv=0 x=11 z=12
2026-04-26 16:18:43 GMT [Client] DEBUG net.runelite.client.game.LootManager - Item spawn 592 (1) location LocalPoint(x=6336, y=7872, worldView=0)
[rlawt] [rlawt-perf] frame=1920 win=60  swap_us mean=30709 p50=29623 p95=38232 max=40000  gap_us mean=13740 p50=13464 p95=21826 max=25850  mkcur=0 glerr=0
2026-04-26 16:18:46 GMT [Client] DEBUG net.runelite.client.game.LootManager - Item despawn 592 (1) location LocalPoint(x=6336, y=7872, worldView=0)
[rlawt] [rlawt-perf] frame=1980 win=60  swap_us mean=29508 p50=29159 p95=32517 max=34161  gap_us mean=13222 p50=12571 p95=20269 max=24299  mkcur=0 glerr=0
[rlawt] [rlawt-perf] frame=2040 win=60  swap_us mean=29754 p50=28945 p95=33399 max=52034  gap_us mean=13648 p50=12654 p95=26179 max=32119  mkcur=0 glerr=0
[rlawt] [rlawt-perf] frame=2100 win=60  swap_us mean=30439 p50=30239 p95=34443 max=37343  gap_us mean=13524 p50=12861 p95=20312 max=32037  mkcur=0 glerr=0
2026-04-26 16:18:53 GMT [Client] DEBUG net.runelite.client.game.LootManager - Item despawn 592 (1) location LocalPoint(x=6976, y=7872, worldView=0)
[rlawt] [rlawt-perf] frame=2160 win=60  swap_us mean=31015 p50=30241 p95=38266 max=43914  gap_us mean=17183 p50=16240 p95=28132 max=43769  mkcur=0 glerr=0
[rlawt] [rlawt-perf] frame=2220 win=60  swap_us mean=30526 p50=29712 p95=38002 max=46775  gap_us mean=14782 p50=13794 p95=23416 max=29690  mkcur=0 glerr=0
2026-04-26 16:18:58 GMT [Client] DEBUG injected-client - Replacing archive 12/1049
2026-04-26 16:18:58 GMT [Client] DEBUG injected-client - Replacing archive 12/920
2026-04-26 16:18:58 GMT [Client] DEBUG injected-client - Replacing archive 12/84
2026-04-26 16:18:58 GMT [Client] DEBUG injected-client - Replacing archive 12/4742
2026-04-26 16:18:58 GMT [Client] DEBUG injected-client - Replacing archive 12/89
2026-04-26 16:18:58 GMT [Client] DEBUG injected-client - Replacing archive 12/223
[rlawt] [rlawt-perf] frame=2280 win=60  swap_us mean=32954 p50=32380 p95=42062 max=43426  gap_us mean=16954 p50=14791 p95=38002 max=61606  mkcur=0 glerr=0
2026-04-26 16:19:01 GMT [Client] DEBUG injected-client - Game state changed: LOGIN_SCREEN (state: 10, 2 step: false)
2026-04-26 16:19:01 GMT [Client] DEBUG injected-client - Cache is ready
2026-04-26 16:19:01 GMT [Client] DEBUG n.r.client.RuntimeConfigRefresher - Skipping runtimeConfig refresh, next refresh at 2026-04-26T16:27:11.952584748Z
2026-04-26 16:19:01 GMT [Client] DEBUG n.r.c.plugins.discord.DiscordState - Events: [DiscordState.EventWithTime(type=IN_MENU, start=2026-04-26T16:19:01.774871447Z, updated=2026-04-26T16:19:01.774863754Z)]
[rlawt] [rlawt-perf] frame=2340 win=60  swap_us mean=26634 p50=27439 p95=33301 max=35331  gap_us mean=15716 p50=6551 p95=15628 max=391983  mkcur=0 glerr=0
[rlawt] [rlawt-perf] frame=2400 win=60  swap_us mean=18317 p50=17320 p95=26412 max=29061  gap_us mean=4258 p50=4289 p95=6689 max=7647  mkcur=0 glerr=0
[rlawt] [rlawt-perf] frame=2460 win=60  swap_us mean=20811 p50=20297 p95=27701 max=36823  gap_us mean=4810 p50=4330 p95=7859 max=11090  mkcur=0 glerr=0
[rlawt] [rlawt-perf] frame=2520 win=60  swap_us mean=20317 p50=20345 p95=27848 max=29125  gap_us mean=4825 p50=4808 p95=7076 max=8880  mkcur=0 glerr=0
[rlawt] [rlawt-perf] frame=2580 win=60  swap_us mean=22637 p50=21896 p95=30419 max=35212  gap_us mean=3804 p50=3592 p95=6300 max=7691  mkcur=0 glerr=0
