=== Native RuneLite launch Sun Apr 26 12:28:40 EDT 2026 ===
Sourcing credentials from env file...
  JX_SESSION_ID=***
  JX_CHARACTER_ID=***
  JX_DISPLAY_NAME=***
CPUSET native-launch-entry pid=24704 cpuset=/top-app
Cleaning up previous native-launch state...
Preflight OK:
  java=/data/data/com.termux/files/usr/lib/jvm/java-21-openjdk/bin/java
  rlawt-bionic-jar=/data/data/com.termux/files/home/.rlt/rlawt-1.8-bionic.jar (271437 bytes)
  rl-repo=/data/data/com.termux/files/usr/var/lib/proot-distro/installed-rootfs/ubuntu/root/.runelite/repository2 (32 jars)
Running LWJGL Bionic patch...
[patch-lwjgl] compiling /data/data/com.termux/files/home/scripts/libbionic-compat.c -> /data/data/com.termux/files/usr/lib/libbionic-compat.so
[patch-lwjgl]   built 5848 bytes
[patch-lwjgl] extracting jar to /data/data/com.termux/files/usr/tmp/lwjgl-patch.UGZqmk
[patch-lwjgl] current DT_NEEDED: libbionic-compat.so libc.so libc.so libc.so libdl.so 
[patch-lwjgl] patching NEEDEDs + VERNEED
[patch-lwjgl]   cleared glibc version on 83 imported symbols
[patch-lwjgl] post-patch DT_NEEDED: libbionic-compat.so libc.so libc.so libc.so libdl.so 
[patch-lwjgl] new .so sha1=da47931ae6d837a81ab8bc0a16db3590ef87b359
[patch-lwjgl] repacking jar via /data/data/com.termux/files/usr/lib/jvm/java-21-openjdk/bin/jar
[patch-lwjgl] replaced /data/data/com.termux/files/usr/var/lib/proot-distro/installed-rootfs/ubuntu/root/.runelite/repository2/lwjgl-3.3.2-natives-linux-arm64.jar (94443 bytes)
[patch-lwjgl] done
X11 launch pid=25035
X11 socket ready
VirGL server forked PID=25080 log=/data/data/com.termux/files/home/virgl-server.log
VirGL socket ready
=== DIAG preflight @12:29:04.975 ===
[DIAG] device physical size (Android wm): unreadable from run-as com.termux
[DIAG] Termux:X11 resolution prefs:
  (prefs file not readable from com.termux uid)
[DIAG] Termux:X11 server process(es):
  pid=25035 cmdline=/system/bin/app_process -Xnoimage-dex2oat / com.termux.x11.Loader :0 
[DIAG] VirGL server:
  socket OK 1777220944 /data/data/com.termux/files/usr/tmp/.virgl_test
  pid: 25080 virgl_test_server_android
  virgl-server.log (last 5):
[DIAG] Mali/GPU busy counter probe:
  not readable: /sys/class/misc/mali0/device/utilization
  readable: /sys/kernel/gpu/gpu_busy = 0 %
  not readable: /sys/class/kgsl/kgsl-3d0/gpubusy
  not readable: /sys/class/devfreq/gpufreq/load
  not readable: /sys/devices/platform/mali/utilization
  selected GPU busy path: /sys/kernel/gpu/gpu_busy
[DIAG] Mesa env that rlawt/GL will see:
  GALLIUM_DRIVER=virpipe
  VTEST_SOCKET_NAME=/data/data/com.termux/files/usr/tmp/.virgl_test
  MESA_GL_VERSION_OVERRIDE=4.3COMPAT
  MESA_GLSL_VERSION_OVERRIDE=430
  MESA_EXTENSION_OVERRIDE=-GL_ARB_depth_clamp,-GL_EXT_depth_clamp
  MESA_NO_ERROR=1
  LD_LIBRARY_PATH=/data/data/com.termux/files/usr/lib/jvm/java-21-openjdk/lib:/data/data/com.termux/files/usr/lib
  DISPLAY=:0
[DIAG] glxinfo (OpenGL renderer + FBConfigs):
  *** MESA_GLSL_CACHE_DISABLE is deprecated; use MESA_SHADER_CACHE_DISABLE instead ***
  name of display: :0
  display: :0  screen: 0
  direct rendering: Yes
  Extended renderer info (GLX_MESA_query_renderer):
      Vendor: Mesa (0x1af4)
      Device: virgl (Mali-G720-Immortalis MC12) (0x1010)
      Version: 25.2.8
      Accelerated: yes
      Video memory: 0MB
      Unified memory: no
      Preferred profile: core (0x1)
      Max core profile version: 4.3
      Max compat profile version: 4.3
      Max GLES1 profile version: 1.1
      Max GLES[23] profile version: 3.1
  OpenGL vendor string: Mesa
  OpenGL renderer string: virgl (Mali-G720-Immortalis MC12)
  OpenGL core profile version string: 4.3 (Compatibility Profile) Mesa 25.2.8
  OpenGL core profile shading language version string: 4.30
  OpenGL core profile context flags: no-error
  OpenGL core profile profile mask: compatibility profile
  
  OpenGL version string: 4.3 (Compatibility Profile) Mesa 25.2.8
  OpenGL shading language version string: 4.30
  OpenGL context flags: no-error
  OpenGL profile mask: compatibility profile
  
  OpenGL ES profile version string: OpenGL ES 3.1 Mesa 25.2.8
  OpenGL ES profile shading language version string: OpenGL ES GLSL ES 3.10
[DIAG] glxinfo FBConfig summary (first 10 visuals):
      GLX_EXT_get_drawable_type, GLX_EXT_libglvnd, GLX_EXT_no_config_context, 
      GL_AMD_conservative_depth, GL_AMD_draw_buffers_blend, 
      GL_ARB_compressed_texture_pixel_storage, GL_ARB_conservative_depth, 
      GL_ARB_depth_buffer_float, GL_ARB_depth_texture, 
      GL_ARB_stencil_texturing, GL_ARB_sync, GL_ARB_tessellation_shader, 
      GL_ARB_texture_stencil8, GL_ARB_texture_storage, 
      GL_ATI_fragment_shader, GL_ATI_separate_stencil, 
      GL_EXT_gpu_shader4, GL_EXT_multi_draw_arrays, GL_EXT_packed_depth_stencil, 
      GL_EXT_shadow_funcs, GL_EXT_stencil_two_side, GL_EXT_stencil_wrap, 
      GL_NV_ES1_1_compatibility, GL_NV_blend_square, GL_NV_copy_depth_to_color, 
      GL_NV_light_max_exponent, GL_NV_packed_depth_stencil, 
      GL_AMD_conservative_depth, GL_AMD_draw_buffers_blend, 
      GL_ARB_compressed_texture_pixel_storage, GL_ARB_conservative_depth, 
      GL_ARB_depth_buffer_float, GL_ARB_depth_texture, 
      GL_ARB_stencil_texturing, GL_ARB_sync, GL_ARB_tessellation_shader, 
      GL_ARB_texture_stencil8, GL_ARB_texture_storage, 
      GL_ATI_fragment_shader, GL_ATI_separate_stencil, 
      GL_EXT_gpu_shader4, GL_EXT_multi_draw_arrays, GL_EXT_packed_depth_stencil, 
      GL_EXT_shadow_funcs, GL_EXT_stencil_two_side, GL_EXT_stencil_wrap, 
      GL_NV_ES1_1_compatibility, GL_NV_blend_square, GL_NV_copy_depth_to_color, 
      GL_NV_light_max_exponent, GL_NV_packed_depth_stencil, 
      GL_EXT_conservative_depth, GL_EXT_copy_image, GL_EXT_debug_label, 
      GL_EXT_draw_instanced, GL_EXT_float_blend, GL_EXT_frag_depth, 
      GL_NV_read_buffer, GL_NV_read_depth, GL_NV_read_depth_stencil, 
      GL_NV_read_stencil, GL_NV_shader_noperspective_interpolation, 
      GL_OES_compressed_ETC1_RGB8_texture, GL_OES_copy_image, GL_OES_depth24, 
      GL_OES_depth_texture, GL_OES_depth_texture_cube_map, 
      GL_OES_packed_depth_stencil, GL_OES_required_internalformat, 
      GL_OES_stencil8, GL_OES_surfaceless_context, 
      GL_OES_texture_npot, GL_OES_texture_stencil8, 
[DIAG] RL profile window/layout prefs:
  --- $rsprofile--1.properties ---
  --- default-170891852887488.properties ---
    runelite.automaticResizeType=KEEP_WINDOW_SIZE
    runelite.containInScreen2=RESIZING
    runelite.gameSize=1207x924
    runelite.lockWindowSize=false
    runelite.rememberScreenBounds=true
    stretchedmode.increasedPerformance=false
    stretchedmode.integerScaling=false
    stretchedmode.keepAspectRatio=true
    stretchedmode.scalingFactor=100
[DIAG] Bionic rlawt jar expected on classpath:
  -rw-------. 1 u0_a164 u0_a164 271437 Apr 26 12:28 /data/data/com.termux/files/home/.rlt/rlawt-1.8-bionic.jar
=== DIAG end ===
CPUSET virgl-ready pid=25080 cpuset=/top-app
RL-CONFIG native: patched default-170891852887488.properties gameSize=1207x924 resize=KEEP_WINDOW_SIZE stretched=100 keepAspect=true clientMaximized=true
VERIFY native: default-170891852887488.properties runelite.gameSize=1207x924 EXPECTED=1207x924 MATCH=Y
VERIFY native: default-170891852887488.properties runelite.automaticResizeType=KEEP_WINDOW_SIZE EXPECTED=KEEP_WINDOW_SIZE MATCH=Y
VERIFY native: default-170891852887488.properties stretchedmode.scalingFactor=100 EXPECTED=100 MATCH=Y
VERIFY native: default-170891852887488.properties stretchedmode.keepAspectRatio=true EXPECTED=true MATCH=Y
VERIFY native: default-170891852887488.properties runelite.clientMaximized=true EXPECTED=true MATCH=Y
Classpath assembled:
  bionic-rlawt-jar=/data/data/com.termux/files/home/.rlt/rlawt-1.8-bionic.jar
  skipped-stock-rlawt=/data/data/com.termux/files/usr/var/lib/proot-distro/installed-rootfs/ubuntu/root/.runelite/repository2/rlawt-1.8.jar
  repo-jar-count=32
  classpath=/data/data/com.termux/files/home/.rlt/rlawt-1.8-bionic.jar:/data/data/com.termux/files/usr/var/lib/proot-distro/installed-rootfs/ubuntu/root/.runelite/repository2/aopalliance-1.0.jar:/data/data/com.termux/files/usr/var/lib/proot-distro/installed-rootfs/ubuntu/root/.runelite/repository2/client-1.12.24.jar:/data/data/com.termux/files/usr/var/lib/proot-distro/installed-rootfs/ubuntu/root/.runelite/repository2/commons-lang3-3.7.jar:/data/data/com.termux/files/usr/var/lib/proot-distro/installed-rootfs/ubuntu/root/.runelite/repository2/commons-text-1.2.jar:/data/data/com.termux/files/usr/var/lib/proot-distro/installed-rootfs/ubuntu/root/.runelite/repository2/discord-1.4.jar:/data/data/com.termux/files/usr/var/lib/proot-distro/installed-rootfs/ubuntu/root/.runelite/repository2/flatlaf-3.2.5-rl4.jar:/data/data/com.termux/files/usr/var/lib/proot-distro/installed-rootfs/ubuntu/root/.runelite/repository2/gson-2.8.5.jar:/data/data/com.termux/files/usr/var/lib/proot-distro/installed-rootfs/ubuntu/root/.runelite/repository2/guava-23.2-jre.jar:/data/data/com.termux/files/usr/var/lib/proot-distro/installed-rootfs/ubuntu/root/.runelite/repository2/guice-4.1.0-no_aop.jar:/data/data/com.termux/files/usr/var/lib/proot-distro/installed-rootfs/ubuntu/root/.runelite/repository2/http-api-1.2.22.jar:/data/data/com.termux/files/usr/var/lib/proot-distro/installed-rootfs/ubuntu/root/.runelite/repository2/injected-client-1.12.24.jar:/data/data/com.termux/files/usr/var/lib/proot-distro/installed-rootfs/ubuntu/root/.runelite/repository2/javax.inject-1.jar:/data/data/com.termux/files/usr/var/lib/proot-distro/installed-rootfs/ubuntu/root/.runelite/repository2/jna-5.9.0.jar:/data/data/com.termux/files/usr/var/lib/proot-distro/installed-rootfs/ubuntu/root/.runelite/repository2/jna-platform-5.9.0.jar:/data/data/com.termux/files/usr/var/lib/proot-distro/installed-rootfs/ubuntu/root/.runelite/repository2/jopt-simple-5.0.1.jar:/data/data/com.termux/files/usr/var/lib/proot-distro/installed-rootfs/ubuntu/root/.runelite/repository2/json-20090211.jar:/data/data/com.termux/files/usr/var/lib/proot-distro/installed-rootfs/ubuntu/root/.runelite/repository2/jsr305-3.0.2.jar:/data/data/com.termux/files/usr/var/lib/proot-distro/installed-rootfs/ubuntu/root/.runelite/repository2/logback-classic-1.2.9.jar:/data/data/com.termux/files/usr/var/lib/proot-distro/installed-rootfs/ubuntu/root/.runelite/repository2/logback-core-1.2.9.jar:/data/data/com.termux/files/usr/var/lib/proot-distro/installed-rootfs/ubuntu/root/.runelite/repository2/lwjgl-3.3.2-natives-linux-arm64.jar:/data/data/com.termux/files/usr/var/lib/proot-distro/installed-rootfs/ubuntu/root/.runelite/repository2/lwjgl-3.3.2-natives-linux.jar:/data/data/com.termux/files/usr/var/lib/proot-distro/installed-rootfs/ubuntu/root/.runelite/repository2/lwjgl-3.3.2.jar:/data/data/com.termux/files/usr/var/lib/proot-distro/installed-rootfs/ubuntu/root/.runelite/repository2/lwjgl-opencl-3.3.2.jar:/data/data/com.termux/files/usr/var/lib/proot-distro/installed-rootfs/ubuntu/root/.runelite/repository2/lwjgl-opengl-3.3.2-natives-linux-arm64.jar:/data/data/com.termux/files/usr/var/lib/proot-distro/installed-rootfs/ubuntu/root/.runelite/repository2/lwjgl-opengl-3.3.2-natives-linux.jar:/data/data/com.termux/files/usr/var/lib/proot-distro/installed-rootfs/ubuntu/root/.runelite/repository2/lwjgl-opengl-3.3.2.jar:/data/data/com.termux/files/usr/var/lib/proot-distro/installed-rootfs/ubuntu/root/.runelite/repository2/okhttp-3.14.9.jar:/data/data/com.termux/files/usr/var/lib/proot-distro/installed-rootfs/ubuntu/root/.runelite/repository2/okio-1.17.2.jar:/data/data/com.termux/files/usr/var/lib/proot-distro/installed-rootfs/ubuntu/root/.runelite/repository2/protobuf-javalite-3.21.12.jar:/data/data/com.termux/files/usr/var/lib/proot-distro/installed-rootfs/ubuntu/root/.runelite/repository2/runelite-api-1.12.24-runtime.jar:/data/data/com.termux/files/usr/var/lib/proot-distro/installed-rootfs/ubuntu/root/.runelite/repository2/slf4j-api-1.7.25.jar
LD_LIBRARY_PATH=/data/data/com.termux/files/usr/lib/jvm/java-21-openjdk/lib:/data/data/com.termux/files/usr/lib
JAVA_HOME=/data/data/com.termux/files/usr/lib/jvm/java-21-openjdk
UI scale: 2 (source=Kotlin-computed)
OPENBOX: rc.xml written -> /data/data/com.termux/files/home/.config/openbox/rc.xml (309 bytes)
OPENBOX: started PID=25359 DISPLAY=:0 cfg=/data/data/com.termux/files/home/.config/openbox/rc.xml
=== Invoking JVM ===
  cmd: /data/data/com.termux/files/usr/lib/jvm/java-21-openjdk/bin/java -Xss2m -Xmx2g -XX:+UseG1GC -XX:MaxGCPauseMillis=50 -Duser.home=/data/data/com.termux/files/usr/var/lib/proot-distro/installed-rootfs/ubuntu/root -Dsun.java2d.uiScale=2 -Xlog:class+load=info:file=/data/data/com.termux/files/home/native-launch-classload.log:time,uptime,level,tags:filecount=2,filesize=5M -DJX_SESSION_ID=6xHvonJR9LMwiEZq3MVIJq -DJX_CHARACTER_ID=322582190 -DJX_DISPLAY_NAME=Robey Wan -cp <classpath> net.runelite.client.RuneLite --insecure-write-credentials --debug
CPUSET java-started pid=25369 cpuset=/top-app
JVM PID=25369 (log /data/data/com.termux/files/home/runelite-native.log, classload /data/data/com.termux/files/home/native-launch-classload.log)
SESSION-SENTINEL: created /data/data/com.termux/files/usr/tmp/.rlt-session-alive (session-alive ack for SessionHealthMonitor)
AFFINITY: JVM (PID=25369) requested=0xF0 effective_Cpus_allowed_list=4-7 taskset=pid 25369's current affinity mask: ff
pid 25369's new affinity mask: f0
AFFINITY: VIRGL (PID=25080) requested=0xF0 effective_Cpus_allowed_list=4-7 taskset=pid 25080's current affinity mask: ff
pid 25080's new affinity mask: f0
TELEMETRY: affinity-timeline sampler PID=25412 csv=/data/data/com.termux/files/home/affinity-timeline.csv
TELEMETRY: thread-cpu sampler PID=25493 has_proc_top=0 csv=/data/data/com.termux/files/home/thread-cpu.csv raw=/data/data/com.termux/files/home/thread-cpu-raw.log
TELEMETRY: x11-window probe PID=25504 log=/data/data/com.termux/files/home/x11-window-state.log (fires at T+10s)
PERF: RLT_PERF_SAMPLE=1 — spawning perf-sampler
PERF: sampler PID=25518 log=/data/data/com.termux/files/home/runelite-native-perf.log
2026-04-26 16:29:07 GMT [main] INFO  net.runelite.client.RuneLite - RuneLite 1.12.24 (launcher version unknown) starting up, args: --insecure-write-credentials --debug
2026-04-26 16:29:07 GMT [main] INFO  net.runelite.client.RuneLite - Java VM arguments: -Xss2m -Xmx2g -XX:+UseG1GC -XX:MaxGCPauseMillis=50 -Duser.home=/data/data/com.termux/files/usr/var/lib/proot-distro/installed-rootfs/ubuntu/root -Dsun.java2d.uiScale=2 -Xlog:class+load=info:file=/data/data/com.termux/files/home/native-launch-classload.log:time,uptime,level,tags:filecount=2,filesize=5M -DJX_SESSION_ID=6xHvonJR9LMwiEZq3MVIJq -DJX_CHARACTER_ID=322582190 -DJX_DISPLAY_NAME=Robey Wan
2026-04-26 16:29:09 GMT [Preloader] INFO  net.runelite.client.rs.ClientLoader - injected-client 24445762228.105
2026-04-26 16:29:11 GMT [main] DEBUG n.runelite.client.eventbus.EventBus - Registering class net.runelite.api.events.GameStateChanged - EventBus.Subscriber(object=net.runelite.client.RuntimeConfigRefresher@f9b7332, method=public void net.runelite.client.RuntimeConfigRefresher.onGameStateChanged(net.runelite.api.events.GameStateChanged), priority=0.0, lambda=net.runelite.client.RuntimeConfigRefresher$$Lambda/0x0000000100445170@74cec793)
2026-04-26 16:29:11 GMT [main] WARN  n.r.client.discord.DiscordService - Failed to load Discord library, Discord support will be disabled.
2026-04-26 16:29:11 GMT [main] DEBUG n.runelite.client.eventbus.EventBus - Registering class net.runelite.api.events.FocusChanged - EventBus.Subscriber(object=net.runelite.client.input.KeyManager@c00fff0, method=private void net.runelite.client.input.KeyManager.onFocusChanged(net.runelite.api.events.FocusChanged), priority=0.0, lambda=net.runelite.client.input.KeyManager$$Lambda/0x0000000100464ef8@263f04ca)
2026-04-26 16:29:11 GMT [main] DEBUG n.runelite.client.eventbus.EventBus - Registering class net.runelite.client.events.ConfigChanged - EventBus.Subscriber(object=net.runelite.client.chat.ChatMessageManager@73393584, method=public void net.runelite.client.chat.ChatMessageManager.onConfigChanged(net.runelite.client.events.ConfigChanged), priority=0.0, lambda=net.runelite.client.chat.ChatMessageManager$$Lambda/0x00000001004655d0@31500940)
2026-04-26 16:29:11 GMT [main] DEBUG n.runelite.client.eventbus.EventBus - Registering class net.runelite.client.events.ProfileChanged - EventBus.Subscriber(object=net.runelite.client.chat.ChatMessageManager@73393584, method=public void net.runelite.client.chat.ChatMessageManager.onProfileChanged(net.runelite.client.events.ProfileChanged), priority=0.0, lambda=net.runelite.client.chat.ChatMessageManager$$Lambda/0x0000000100465808@7249dadf)
2026-04-26 16:29:11 GMT [main] DEBUG n.runelite.client.eventbus.EventBus - Registering class net.runelite.api.events.ScriptCallbackEvent - EventBus.Subscriber(object=net.runelite.client.chat.ChatMessageManager@73393584, method=public void net.runelite.client.chat.ChatMessageManager.onScriptCallbackEvent(net.runelite.api.events.ScriptCallbackEvent), priority=0.0, lambda=net.runelite.client.chat.ChatMessageManager$$Lambda/0x0000000100465a40@1c25b8a7)
2026-04-26 16:29:11 GMT [main] DEBUG net.runelite.client.input.KeyManager - Registering key listener: net.runelite.client.ui.overlay.OverlayRenderer$1@345e5a17
2026-04-26 16:29:11 GMT [main] DEBUG n.runelite.client.eventbus.EventBus - Registering class net.runelite.api.events.ClientTick - EventBus.Subscriber(object=net.runelite.client.ui.overlay.OverlayRenderer@473b3b7a, method=protected void net.runelite.client.ui.overlay.OverlayRenderer.onClientTick(net.runelite.api.events.ClientTick), priority=0.0, lambda=net.runelite.client.ui.overlay.OverlayRenderer$$Lambda/0x0000000100466400@1734f68)
2026-04-26 16:29:11 GMT [main] DEBUG n.runelite.client.eventbus.EventBus - Registering class net.runelite.api.events.FocusChanged - EventBus.Subscriber(object=net.runelite.client.ui.overlay.OverlayRenderer@473b3b7a, method=public void net.runelite.client.ui.overlay.OverlayRenderer.onFocusChanged(net.runelite.api.events.FocusChanged), priority=0.0, lambda=net.runelite.client.ui.overlay.OverlayRenderer$$Lambda/0x0000000100466638@5ed190be)
2026-04-26 16:29:11 GMT [main] DEBUG n.runelite.client.eventbus.EventBus - Registering class net.runelite.api.events.BeforeRender - EventBus.Subscriber(object=net.runelite.client.ui.overlay.OverlayRenderer@473b3b7a, method=public void net.runelite.client.ui.overlay.OverlayRenderer.onBeforeRender(net.runelite.api.events.BeforeRender), priority=0.0, lambda=net.runelite.client.ui.overlay.OverlayRenderer$$Lambda/0x0000000100466870@133e019b)
2026-04-26 16:29:11 GMT [main] DEBUG n.runelite.client.eventbus.EventBus - Registering class net.runelite.client.events.ConfigChanged - EventBus.Subscriber(object=net.runelite.client.ui.overlay.infobox.InfoBoxManager@47747fb9, method=public void net.runelite.client.ui.overlay.infobox.InfoBoxManager.onConfigChanged(net.runelite.client.events.ConfigChanged), priority=0.0, lambda=net.runelite.client.ui.overlay.infobox.InfoBoxManager$$Lambda/0x0000000100466ca0@3113a37)
2026-04-26 16:29:11 GMT [main] DEBUG n.runelite.client.eventbus.EventBus - Registering class net.runelite.client.events.ProfileChanged - EventBus.Subscriber(object=net.runelite.client.ui.overlay.infobox.InfoBoxManager@47747fb9, method=public synchronized void net.runelite.client.ui.overlay.infobox.InfoBoxManager.onProfileChanged(net.runelite.client.events.ProfileChanged), priority=0.0, lambda=net.runelite.client.ui.overlay.infobox.InfoBoxManager$$Lambda/0x0000000100466ed8@4e9658b5)
2026-04-26 16:29:11 GMT [main] DEBUG n.runelite.client.eventbus.EventBus - Registering class net.runelite.client.events.InfoBoxMenuClicked - EventBus.Subscriber(object=net.runelite.client.ui.overlay.infobox.InfoBoxManager@47747fb9, method=public void net.runelite.client.ui.overlay.infobox.InfoBoxManager.onInfoBoxMenuClicked(net.runelite.client.events.InfoBoxMenuClicked), priority=0.0, lambda=net.runelite.client.ui.overlay.infobox.InfoBoxManager$$Lambda/0x0000000100467110@70eecdc2)
2026-04-26 16:29:11 GMT [main] DEBUG n.runelite.client.eventbus.EventBus - Registering class net.runelite.api.events.ScriptCallbackEvent - EventBus.Subscriber(object=net.runelite.client.callback.Hooks@3228d990, method=public void net.runelite.client.callback.Hooks.onScriptCallbackEvent(net.runelite.api.events.ScriptCallbackEvent), priority=0.0, lambda=net.runelite.client.callback.Hooks$$Lambda/0x000000010046ed78@54e7391d)
2026-04-26 16:29:11 GMT [main] INFO  injected-client - writing 3 credentials to disk
2026-04-26 16:29:11 GMT [main] INFO  n.r.client.account.SessionManager - No session file exists
2026-04-26 16:29:11 GMT [main] DEBUG n.r.client.config.ConfigManager - Profile '$rsprofile' (sync: true, active: -1, id: false, internal)
2026-04-26 16:29:11 GMT [main] INFO  n.r.client.config.ConfigManager - Profile 'default' (sync: false, active: true, id: 170891852887488)
2026-04-26 16:29:11 GMT [main] INFO  n.r.client.config.ConfigManager - Using profile: default (170891852887488)
2026-04-26 16:29:11 GMT [main] DEBUG net.runelite.client.Updater - Unsupported OS: Linux
2026-04-26 16:29:11 GMT [main] DEBUG n.r.client.plugins.PluginManager - Loaded plugin DailyTasksPlugin
2026-04-26 16:29:11 GMT [main] DEBUG n.r.client.plugins.PluginManager - Loaded plugin BoostsPlugin
2026-04-26 16:29:11 GMT [main] DEBUG n.r.client.plugins.PluginManager - Loaded plugin AttackStylesPlugin
2026-04-26 16:29:11 GMT [main] DEBUG n.runelite.client.eventbus.EventBus - Registering class net.runelite.api.events.GameStateChanged - EventBus.Subscriber(object=net.runelite.client.game.ItemManager@622fdb81, method=private void net.runelite.client.game.ItemManager.onGameStateChanged(net.runelite.api.events.GameStateChanged), priority=0.0, lambda=net.runelite.client.game.ItemManager$$Lambda/0x00000001005d6e78@1f3165e7)
2026-04-26 16:29:11 GMT [pool-3-thread-1] DEBUG net.runelite.client.game.ItemClient - Built URI: https://api.runelite.net/runelite-1.12.24/item/prices.js
2026-04-26 16:29:11 GMT [main] DEBUG n.r.client.plugins.PluginManager - Loaded plugin CannonPlugin
2026-04-26 16:29:11 GMT [main] DEBUG n.r.client.plugins.PluginManager - Loaded plugin PoisonPlugin
2026-04-26 16:29:11 GMT [main] DEBUG n.r.client.plugins.PluginManager - Loaded plugin TimestampPlugin
2026-04-26 16:29:11 GMT [main] DEBUG n.r.client.plugins.PluginManager - Loaded plugin PuzzleSolverPlugin
2026-04-26 16:29:11 GMT [main] DEBUG n.r.client.plugins.PluginManager - Loaded plugin OpponentInfoPlugin
2026-04-26 16:29:11 GMT [pool-3-thread-1] DEBUG net.runelite.client.game.ItemManager - Loaded 4544 prices
2026-04-26 16:29:11 GMT [pool-3-thread-1] DEBUG net.runelite.client.game.ItemClient - Built URI: https://static.runelite.net/item/stats.ids.min.json
2026-04-26 16:29:11 GMT [main] DEBUG n.runelite.client.eventbus.EventBus - Registering class net.runelite.api.events.NpcChanged - EventBus.Subscriber(object=net.runelite.client.game.NpcUtil@188cbcde, method=void net.runelite.client.game.NpcUtil.onNpcChanged(net.runelite.api.events.NpcChanged), priority=0.0, lambda=net.runelite.client.game.NpcUtil$$Lambda/0x00000001005e92c0@4ee6291f)
2026-04-26 16:29:11 GMT [main] DEBUG n.runelite.client.eventbus.EventBus - Registering class net.runelite.api.events.AnimationChanged - EventBus.Subscriber(object=net.runelite.client.game.NpcUtil@188cbcde, method=public void net.runelite.client.game.NpcUtil.onAnimationChanged(net.runelite.api.events.AnimationChanged), priority=0.0, lambda=net.runelite.client.game.NpcUtil$$Lambda/0x00000001005e94f8@4af70944)
2026-04-26 16:29:11 GMT [main] DEBUG n.runelite.client.eventbus.EventBus - Registering class net.runelite.client.party.events.UserPart - EventBus.Subscriber(object=net.runelite.client.party.PartyService@14ef2482, method=public void net.runelite.client.party.PartyService.onUserPart(net.runelite.client.party.events.UserPart), priority=1.0, lambda=net.runelite.client.party.PartyService$$Lambda/0x00000001005e9b60@65a48602)
2026-04-26 16:29:11 GMT [main] DEBUG n.runelite.client.eventbus.EventBus - Registering class net.runelite.client.party.events.UserJoin - EventBus.Subscriber(object=net.runelite.client.party.PartyService@14ef2482, method=public void net.runelite.client.party.PartyService.onUserJoin(net.runelite.client.party.events.UserJoin), priority=1.0, lambda=net.runelite.client.party.PartyService$$Lambda/0x00000001005e9d98@1f11f64e)
2026-04-26 16:29:11 GMT [main] DEBUG n.runelite.client.eventbus.EventBus - Registering class net.runelite.client.party.messages.PartyChatMessage - EventBus.Subscriber(object=net.runelite.client.party.PartyService@14ef2482, method=public void net.runelite.client.party.PartyService.onPartyChatMessage(net.runelite.client.party.messages.PartyChatMessage), priority=0.0, lambda=net.runelite.client.party.PartyService$$Lambda/0x00000001005e9fd0@302edb74)
2026-04-26 16:29:11 GMT [main] DEBUG n.r.client.plugins.PluginManager - Loaded plugin EntityHiderPlugin
2026-04-26 16:29:11 GMT [main] DEBUG n.r.client.plugins.PluginManager - Loaded plugin XpTrackerPlugin
2026-04-26 16:29:11 GMT [main] DEBUG n.r.client.plugins.PluginManager - Loaded plugin FishingPlugin
2026-04-26 16:29:11 GMT [main] DEBUG n.runelite.client.eventbus.EventBus - Registering class net.runelite.api.events.ScriptCallbackEvent - EventBus.Subscriber(object=net.runelite.client.chat.ChatInputManager@895416d, method=private void net.runelite.client.chat.ChatInputManager.onScriptCallbackEvent(net.runelite.api.events.ScriptCallbackEvent), priority=0.0, lambda=net.runelite.client.chat.ChatInputManager$$Lambda/0x00000001005f4000@71a06021)
2026-04-26 16:29:11 GMT [main] DEBUG n.runelite.client.eventbus.EventBus - Registering class net.runelite.api.events.ChatMessage - EventBus.Subscriber(object=net.runelite.client.chat.ChatCommandManager@6edcad64, method=public void net.runelite.client.chat.ChatCommandManager.onChatMessage(net.runelite.api.events.ChatMessage), priority=0.0, lambda=net.runelite.client.chat.ChatCommandManager$$Lambda/0x00000001005f4238@4c6007fb)
2026-04-26 16:29:11 GMT [main] DEBUG n.runelite.client.eventbus.EventBus - Registering class net.runelite.client.events.ChatboxInput - EventBus.Subscriber(object=net.runelite.client.chat.ChatCommandManager@6edcad64, method=public void net.runelite.client.chat.ChatCommandManager.onChatboxInput(net.runelite.client.events.ChatboxInput), priority=0.0, lambda=net.runelite.client.chat.ChatCommandManager$$Lambda/0x00000001005f4470@2eae4349)
2026-04-26 16:29:11 GMT [main] DEBUG n.runelite.client.eventbus.EventBus - Registering class net.runelite.client.events.PrivateMessageInput - EventBus.Subscriber(object=net.runelite.client.chat.ChatCommandManager@6edcad64, method=public void net.runelite.client.chat.ChatCommandManager.onPrivateMessageInput(net.runelite.client.events.PrivateMessageInput), priority=0.0, lambda=net.runelite.client.chat.ChatCommandManager$$Lambda/0x00000001005f46a8@646c0a67)
2026-04-26 16:29:11 GMT [main] DEBUG n.r.client.plugins.PluginManager - Loaded plugin RaidsPlugin
2026-04-26 16:29:11 GMT [main] DEBUG n.r.client.plugins.PluginManager - Loaded plugin WorldMapPlugin
2026-04-26 16:29:11 GMT [main] DEBUG n.r.client.plugins.PluginManager - Loaded plugin XteaPlugin
2026-04-26 16:29:11 GMT [main] DEBUG n.r.client.plugins.PluginManager - Loaded plugin CustomCursorPlugin
2026-04-26 16:29:11 GMT [main] DEBUG n.r.client.plugins.PluginManager - Loaded plugin VirtualLevelsPlugin
2026-04-26 16:29:11 GMT [main] DEBUG n.r.client.plugins.PluginManager - Loaded plugin AccountPlugin
2026-04-26 16:29:11 GMT [main] DEBUG n.r.client.plugins.PluginManager - Loaded plugin NightmareZonePlugin
2026-04-26 16:29:11 GMT [main] DEBUG n.r.client.plugins.PluginManager - Loaded plugin BarbarianAssaultPlugin
2026-04-26 16:29:11 GMT [main] DEBUG n.r.client.plugins.PluginManager - Loaded plugin PestControlPlugin
2026-04-26 16:29:11 GMT [main] DEBUG n.r.client.plugins.PluginManager - Loaded plugin IdleNotifierPlugin
2026-04-26 16:29:11 GMT [main] DEBUG n.r.client.plugins.PluginManager - Loaded plugin FpsPlugin
2026-04-26 16:29:11 GMT [main] DEBUG n.r.client.plugins.PluginManager - Loaded plugin HerbiboarPlugin
2026-04-26 16:29:11 GMT [main] DEBUG n.r.client.plugins.PluginManager - Loaded plugin MetronomePlugin
2026-04-26 16:29:11 GMT [main] DEBUG n.r.client.plugins.PluginManager - Loaded plugin PyramidPlunderPlugin
2026-04-26 16:29:11 GMT [main] DEBUG n.r.client.plugins.PluginManager - Loaded plugin XpDropPlugin
2026-04-26 16:29:11 GMT [main] DEBUG n.r.client.plugins.PluginManager - Loaded plugin CombatLevelPlugin
2026-04-26 16:29:11 GMT [pool-3-thread-1] DEBUG net.runelite.client.game.ItemManager - Loaded 13417 stats
2026-04-26 16:29:11 GMT [pool-3-thread-1] DEBUG n.runelite.client.game.NpcInfoClient - Built URI: https://static.runelite.net/npcs/npcs.min.json
2026-04-26 16:29:11 GMT [main] DEBUG n.runelite.client.eventbus.EventBus - Registering class net.runelite.api.events.GameStateChanged - EventBus.Subscriber(object=net.runelite.client.game.chatbox.ChatboxPanelManager@5c5d6175, method=private void net.runelite.client.game.chatbox.ChatboxPanelManager.onGameStateChanged(net.runelite.api.events.GameStateChanged), priority=0.0, lambda=net.runelite.client.game.chatbox.ChatboxPanelManager$$Lambda/0x00000001006021d8@7544ac86)
2026-04-26 16:29:11 GMT [main] DEBUG n.runelite.client.eventbus.EventBus - Registering class net.runelite.api.events.ScriptPreFired - EventBus.Subscriber(object=net.runelite.client.game.chatbox.ChatboxPanelManager@5c5d6175, method=public void net.runelite.client.game.chatbox.ChatboxPanelManager.onScriptPreFired(net.runelite.api.events.ScriptPreFired), priority=0.0, lambda=net.runelite.client.game.chatbox.ChatboxPanelManager$$Lambda/0x0000000100602410@b1534d3)
2026-04-26 16:29:11 GMT [main] DEBUG n.r.client.plugins.PluginManager - Loaded plugin FairyRingPlugin
2026-04-26 16:29:11 GMT [main] DEBUG n.r.client.plugins.PluginManager - Loaded plugin XpUpdaterPlugin
2026-04-26 16:29:11 GMT [main] DEBUG n.runelite.client.eventbus.EventBus - Registering class net.runelite.api.events.GameStateChanged - EventBus.Subscriber(object=net.runelite.client.game.ChatIconManager@aaa0f76, method=private void net.runelite.client.game.ChatIconManager.onGameStateChanged(net.runelite.api.events.GameStateChanged), priority=0.0, lambda=net.runelite.client.game.ChatIconManager$$Lambda/0x0000000100607210@340a8894)
2026-04-26 16:29:11 GMT [main] DEBUG n.r.client.plugins.PluginManager - Loaded plugin ChatChannelPlugin
2026-04-26 16:29:11 GMT [main] DEBUG n.r.client.plugins.PluginManager - Loaded plugin LogoutTimerPlugin
2026-04-26 16:29:11 GMT [main] DEBUG n.r.client.plugins.PluginManager - Loaded plugin ItemChargePlugin
2026-04-26 16:29:11 GMT [main] DEBUG n.r.c.p.itemstats.ItemStatChanges - 814 items; 241 behaviours loaded
2026-04-26 16:29:11 GMT [main] DEBUG n.r.client.plugins.PluginManager - Loaded plugin ItemStatPlugin
2026-04-26 16:29:11 GMT [main] DEBUG n.r.client.plugins.PluginManager - Loaded plugin FriendNotesPlugin
2026-04-26 16:29:11 GMT [main] DEBUG n.r.client.plugins.PluginManager - Loaded plugin BarrowsPlugin
2026-04-26 16:29:11 GMT [main] DEBUG n.r.client.plugins.PluginManager - Loaded plugin TearsOfGuthixPlugin
2026-04-26 16:29:11 GMT [main] DEBUG n.runelite.client.eventbus.EventBus - Registering class net.runelite.api.events.NpcSpawned - EventBus.Subscriber(object=net.runelite.client.game.npcoverlay.NpcOverlayService@61ecbee9, method=private void net.runelite.client.game.npcoverlay.NpcOverlayService.onNpcSpawned(net.runelite.api.events.NpcSpawned), priority=-1.0, lambda=net.runelite.client.game.npcoverlay.NpcOverlayService$$Lambda/0x000000010060d678@1bb740f2)
2026-04-26 16:29:11 GMT [main] DEBUG n.runelite.client.eventbus.EventBus - Registering class net.runelite.api.events.NpcDespawned - EventBus.Subscriber(object=net.runelite.client.game.npcoverlay.NpcOverlayService@61ecbee9, method=private void net.runelite.client.game.npcoverlay.NpcOverlayService.onNpcDespawned(net.runelite.api.events.NpcDespawned), priority=-1.0, lambda=net.runelite.client.game.npcoverlay.NpcOverlayService$$Lambda/0x000000010060d8b0@61f6d381)
2026-04-26 16:29:11 GMT [main] DEBUG n.runelite.client.eventbus.EventBus - Registering class net.runelite.api.events.NpcChanged - EventBus.Subscriber(object=net.runelite.client.game.npcoverlay.NpcOverlayService@61ecbee9, method=private void net.runelite.client.game.npcoverlay.NpcOverlayService.onNpcChanged(net.runelite.api.events.NpcChanged), priority=-1.0, lambda=net.runelite.client.game.npcoverlay.NpcOverlayService$$Lambda/0x000000010060dae8@44784e2f)
2026-04-26 16:29:11 GMT [main] DEBUG n.runelite.client.eventbus.EventBus - Registering class net.runelite.api.events.GameStateChanged - EventBus.Subscriber(object=net.runelite.client.game.npcoverlay.NpcOverlayService@61ecbee9, method=private void net.runelite.client.game.npcoverlay.NpcOverlayService.onGameStateChanged(net.runelite.api.events.GameStateChanged), priority=0.0, lambda=net.runelite.client.game.npcoverlay.NpcOverlayService$$Lambda/0x000000010060dd20@737db7f8)
2026-04-26 16:29:11 GMT [main] DEBUG n.r.client.plugins.PluginManager - Loaded plugin CorpPlugin
2026-04-26 16:29:11 GMT [main] DEBUG n.runelite.client.eventbus.EventBus - Registering class net.runelite.api.events.PlayerMenuOptionsChanged - EventBus.Subscriber(object=net.runelite.client.menus.MenuManager@2e09c51, method=public void net.runelite.client.menus.MenuManager.onPlayerMenuOptionsChanged(net.runelite.api.events.PlayerMenuOptionsChanged), priority=0.0, lambda=net.runelite.client.menus.MenuManager$$Lambda/0x000000010060f730@869d87c)
2026-04-26 16:29:11 GMT [main] DEBUG n.runelite.client.eventbus.EventBus - Registering class net.runelite.api.events.MenuEntryAdded - EventBus.Subscriber(object=net.runelite.client.menus.MenuManager@2e09c51, method=public void net.runelite.client.menus.MenuManager.onMenuEntryAdded(net.runelite.api.events.MenuEntryAdded), priority=0.0, lambda=net.runelite.client.menus.MenuManager$$Lambda/0x000000010060f968@37637a24)
2026-04-26 16:29:11 GMT [main] DEBUG n.r.client.plugins.PluginManager - Loaded plugin GroundMarkerPlugin
2026-04-26 16:29:11 GMT [main] DEBUG n.r.client.plugins.PluginManager - Loaded plugin ChatNotificationsPlugin
2026-04-26 16:29:11 GMT [main] DEBUG n.r.client.plugins.PluginManager - Loaded plugin InventoryViewerPlugin
2026-04-26 16:29:11 GMT [main] DEBUG n.r.client.plugins.PluginManager - Loaded plugin QuestListPlugin
2026-04-26 16:29:11 GMT [pool-3-thread-1] DEBUG n.runelite.client.game.WorldService - Fetching worlds
2026-04-26 16:29:11 GMT [pool-3-thread-1] DEBUG net.runelite.client.game.WorldClient - Built URI: https://api.runelite.net/runelite-1.12.24/worlds.js
2026-04-26 16:29:11 GMT [main] DEBUG n.r.client.plugins.PluginManager - Loaded plugin GrandExchangePlugin
2026-04-26 16:29:11 GMT [main] DEBUG n.r.client.plugins.PluginManager - Loaded plugin InterfaceStylesPlugin
2026-04-26 16:29:11 GMT [main] DEBUG n.r.client.plugins.PluginManager - Loaded plugin ScreenshotPlugin
2026-04-26 16:29:11 GMT [main] DEBUG n.r.client.plugins.PluginManager - Loaded plugin MenuEntrySwapperPlugin
2026-04-26 16:29:11 GMT [main] DEBUG n.r.client.plugins.PluginManager - Loaded plugin WikiPlugin
2026-04-26 16:29:11 GMT [main] DEBUG n.r.client.plugins.PluginManager - Loaded plugin PartyPlugin
2026-04-26 16:29:11 GMT [main] DEBUG n.r.client.plugins.PluginManager - Loaded plugin EmojiPlugin
2026-04-26 16:29:11 GMT [main] DEBUG n.r.client.plugins.PluginManager - Loaded plugin SkillCalculatorPlugin
2026-04-26 16:29:11 GMT [main] DEBUG n.r.client.plugins.PluginManager - Loaded plugin ObjectIndicatorsPlugin
2026-04-26 16:29:11 GMT [main] DEBUG n.r.client.plugins.PluginManager - Loaded plugin RandomEventPlugin
2026-04-26 16:29:11 GMT [main] DEBUG n.r.client.plugins.PluginManager - Loaded plugin DefaultWorldPlugin
2026-04-26 16:29:11 GMT [main] DEBUG n.r.client.plugins.PluginManager - Loaded plugin ImplingsPlugin
2026-04-26 16:29:11 GMT [main] DEBUG n.r.client.plugins.PluginManager - Loaded plugin RunecraftPlugin
2026-04-26 16:29:11 GMT [main] DEBUG n.r.client.plugins.PluginManager - Loaded plugin SkyboxPlugin
2026-04-26 16:29:11 GMT [main] INFO  n.r.c.plugins.kourendlibrary.Library - Library is now reset
2026-04-26 16:29:11 GMT [main] DEBUG n.r.client.plugins.PluginManager - Loaded plugin KourendLibraryPlugin
2026-04-26 16:29:11 GMT [main] DEBUG n.r.client.plugins.PluginManager - Loaded plugin SpecialCounterPlugin
2026-04-26 16:29:11 GMT [main] DEBUG n.r.client.plugins.PluginManager - Loaded plugin WorldHopperPlugin
2026-04-26 16:29:11 GMT [main] DEBUG n.r.client.plugins.PluginManager - Loaded plugin ScreenMarkerPlugin
2026-04-26 16:29:11 GMT [main] DEBUG n.r.client.plugins.PluginManager - Loaded plugin ReportButtonPlugin
2026-04-26 16:29:11 GMT [main] DEBUG n.r.client.plugins.PluginManager - Loaded plugin XpGlobesPlugin
2026-04-26 16:29:11 GMT [main] DEBUG n.r.client.plugins.PluginManager - Loaded plugin DiaryRequirementsPlugin
2026-04-26 16:29:12 GMT [main] DEBUG n.r.client.plugins.PluginManager - Loaded plugin DpsCounterPlugin
2026-04-26 16:29:12 GMT [main] DEBUG n.r.client.plugins.PluginManager - Loaded plugin BankPlugin
2026-04-26 16:29:12 GMT [main] DEBUG n.r.client.plugins.PluginManager - Loaded plugin RegenMeterPlugin
2026-04-26 16:29:12 GMT [main] DEBUG n.r.client.plugins.PluginManager - Loaded plugin WintertodtPlugin
2026-04-26 16:29:12 GMT [main] DEBUG n.r.client.plugins.PluginManager - Loaded plugin ItemPricesPlugin
2026-04-26 16:29:12 GMT [main] DEBUG n.r.client.plugins.PluginManager - Loaded plugin ZalcanoPlugin
2026-04-26 16:29:12 GMT [main] DEBUG n.r.client.plugins.PluginManager - Loaded plugin RunepouchPlugin
2026-04-26 16:29:12 GMT [main] DEBUG n.r.client.plugins.PluginManager - Loaded plugin MTAPlugin
2026-04-26 16:29:12 GMT [main] DEBUG n.r.client.plugins.PluginManager - Loaded plugin TeamPlugin
2026-04-26 16:29:12 GMT [main] DEBUG n.r.client.plugins.PluginManager - Loaded plugin ConfigPlugin
2026-04-26 16:29:12 GMT [main] DEBUG n.r.client.plugins.PluginManager - Loaded plugin RunEnergyPlugin
2026-04-26 16:29:12 GMT [main] DEBUG n.r.client.plugins.PluginManager - Loaded plugin SmeltingPlugin
2026-04-26 16:29:12 GMT [main] DEBUG n.r.client.plugins.PluginManager - Loaded plugin ItemIdentificationPlugin
2026-04-26 16:29:12 GMT [main] DEBUG n.r.client.plugins.PluginManager - Loaded plugin BlastFurnacePlugin
2026-04-26 16:29:12 GMT [main] DEBUG n.r.client.plugins.PluginManager - Loaded plugin MouseHighlightPlugin
2026-04-26 16:29:12 GMT [main] DEBUG n.r.client.plugins.PluginManager - Loaded plugin CookingPlugin
2026-04-26 16:29:12 GMT [main] DEBUG n.r.client.plugins.PluginManager - Loaded plugin AmmoPlugin
2026-04-26 16:29:12 GMT [main] DEBUG n.r.client.plugins.PluginManager - Loaded plugin RoofRemovalPlugin
2026-04-26 16:29:12 GMT [main] DEBUG n.r.client.plugins.PluginManager - Loaded plugin ChatHistoryPlugin
2026-04-26 16:29:12 GMT [main] DEBUG n.runelite.client.eventbus.EventBus - Registering class net.runelite.api.events.GameTick - EventBus.Subscriber(object=net.runelite.client.game.LootManager@1727e03a, method=public void net.runelite.client.game.LootManager.onGameTick(net.runelite.api.events.GameTick), priority=0.0, lambda=net.runelite.client.game.LootManager$$Lambda/0x00000001006470d0@7f9e8421)
2026-04-26 16:29:12 GMT [main] DEBUG n.runelite.client.eventbus.EventBus - Registering class net.runelite.api.events.NpcDespawned - EventBus.Subscriber(object=net.runelite.client.game.LootManager@1727e03a, method=public void net.runelite.client.game.LootManager.onNpcDespawned(net.runelite.api.events.NpcDespawned), priority=0.0, lambda=net.runelite.client.game.LootManager$$Lambda/0x0000000100647308@168b4cb0)
2026-04-26 16:29:12 GMT [main] DEBUG n.runelite.client.eventbus.EventBus - Registering class net.runelite.api.events.ItemSpawned - EventBus.Subscriber(object=net.runelite.client.game.LootManager@1727e03a, method=public void net.runelite.client.game.LootManager.onItemSpawned(net.runelite.api.events.ItemSpawned), priority=0.0, lambda=net.runelite.client.game.LootManager$$Lambda/0x0000000100647540@45545e7a)
2026-04-26 16:29:12 GMT [main] DEBUG n.runelite.client.eventbus.EventBus - Registering class net.runelite.api.events.NpcChanged - EventBus.Subscriber(object=net.runelite.client.game.LootManager@1727e03a, method=public void net.runelite.client.game.LootManager.onNpcChanged(net.runelite.api.events.NpcChanged), priority=0.0, lambda=net.runelite.client.game.LootManager$$Lambda/0x0000000100647778@1da4b3f9)
2026-04-26 16:29:12 GMT [main] DEBUG n.runelite.client.eventbus.EventBus - Registering class net.runelite.api.events.ItemDespawned - EventBus.Subscriber(object=net.runelite.client.game.LootManager@1727e03a, method=public void net.runelite.client.game.LootManager.onItemDespawned(net.runelite.api.events.ItemDespawned), priority=0.0, lambda=net.runelite.client.game.LootManager$$Lambda/0x00000001006479b0@7e62cfa3)
2026-04-26 16:29:12 GMT [main] DEBUG n.runelite.client.eventbus.EventBus - Registering class net.runelite.api.events.ScriptPreFired - EventBus.Subscriber(object=net.runelite.client.game.LootManager@1727e03a, method=private void net.runelite.client.game.LootManager.onScriptPreFired(net.runelite.api.events.ScriptPreFired), priority=0.0, lambda=net.runelite.client.game.LootManager$$Lambda/0x0000000100647be8@383c3eb3)
2026-04-26 16:29:12 GMT [main] DEBUG n.runelite.client.eventbus.EventBus - Registering class net.runelite.api.events.AnimationChanged - EventBus.Subscriber(object=net.runelite.client.game.LootManager@1727e03a, method=public void net.runelite.client.game.LootManager.onAnimationChanged(net.runelite.api.events.AnimationChanged), priority=0.0, lambda=net.runelite.client.game.LootManager$$Lambda/0x0000000100642000@485caa8f)
2026-04-26 16:29:12 GMT [main] DEBUG n.runelite.client.eventbus.EventBus - Registering class net.runelite.api.events.PlayerDespawned - EventBus.Subscriber(object=net.runelite.client.game.LootManager@1727e03a, method=public void net.runelite.client.game.LootManager.onPlayerDespawned(net.runelite.api.events.PlayerDespawned), priority=0.0, lambda=net.runelite.client.game.LootManager$$Lambda/0x0000000100642238@5be052ca)
2026-04-26 16:29:12 GMT [main] DEBUG n.r.client.plugins.PluginManager - Loaded plugin LootTrackerPlugin
2026-04-26 16:29:12 GMT [main] DEBUG n.r.client.plugins.PluginManager - Loaded plugin BankTagsPlugin
2026-04-26 16:29:12 GMT [main] DEBUG n.r.client.plugins.PluginManager - Loaded plugin ClueScrollPlugin
2026-04-26 16:29:12 GMT [main] DEBUG n.r.client.plugins.PluginManager - Loaded plugin PohPlugin
2026-04-26 16:29:12 GMT [main] DEBUG n.r.client.plugins.PluginManager - Loaded plugin HiscorePlugin
2026-04-26 16:29:12 GMT [main] DEBUG n.r.client.plugins.PluginManager - Loaded plugin TimersAndBuffsPlugin
2026-04-26 16:29:12 GMT [main] DEBUG n.r.client.plugins.PluginManager - Loaded plugin InventoryGridPlugin
2026-04-26 16:29:12 GMT [main] DEBUG n.r.client.plugins.PluginManager - Loaded plugin FriendListPlugin
2026-04-26 16:29:12 GMT [main] DEBUG n.r.client.plugins.PluginManager - Loaded plugin TimeTrackingPlugin
2026-04-26 16:29:12 GMT [main] DEBUG n.r.client.plugins.PluginManager - Loaded plugin TitheFarmPlugin
2026-04-26 16:29:12 GMT [main] DEBUG n.r.client.plugins.PluginManager - Loaded plugin HunterPlugin
2026-04-26 16:29:12 GMT [main] DEBUG n.r.client.plugins.PluginManager - Loaded plugin AgilityPlugin
2026-04-26 16:29:12 GMT [main] DEBUG n.r.client.plugins.PluginManager - Loaded plugin InstanceMapPlugin
2026-04-26 16:29:12 GMT [main] DEBUG n.r.client.plugins.PluginManager - Loaded plugin CameraPlugin
2026-04-26 16:29:12 GMT [main] DEBUG n.r.client.plugins.PluginManager - Loaded plugin InfoPlugin
2026-04-26 16:29:12 GMT [main] DEBUG n.r.client.plugins.PluginManager - Loaded plugin MusicPlugin
2026-04-26 16:29:12 GMT [main] DEBUG n.r.client.plugins.PluginManager - Loaded plugin NotesPlugin
2026-04-26 16:29:12 GMT [main] DEBUG n.r.client.plugins.PluginManager - Loaded plugin KeyRemappingPlugin
2026-04-26 16:29:12 GMT [main] DEBUG n.r.client.plugins.PluginManager - Loaded plugin SpellbookPlugin
2026-04-26 16:29:12 GMT [main] DEBUG n.r.client.plugins.PluginManager - Loaded plugin DriftNetPlugin
2026-04-26 16:29:12 GMT [main] DEBUG n.r.client.plugins.PluginManager - Loaded plugin LoginScreenPlugin
2026-04-26 16:29:12 GMT [main] DEBUG n.r.client.plugins.PluginManager - Loaded plugin GpuPlugin
2026-04-26 16:29:12 GMT [main] DEBUG n.r.client.plugins.PluginManager - Loaded plugin AntiDragPlugin
2026-04-26 16:29:12 GMT [main] DEBUG n.r.client.plugins.PluginManager - Loaded plugin MinimapPlugin
2026-04-26 16:29:12 GMT [main] DEBUG n.r.client.plugins.PluginManager - Loaded plugin BossTimersPlugin
2026-04-26 16:29:12 GMT [main] DEBUG n.r.client.plugins.PluginManager - Loaded plugin NpcIndicatorsPlugin
2026-04-26 16:29:12 GMT [main] DEBUG n.r.client.plugins.PluginManager - Loaded plugin TwitchPlugin
2026-04-26 16:29:12 GMT [main] DEBUG n.r.client.plugins.PluginManager - Loaded plugin StretchedModePlugin
2026-04-26 16:29:12 GMT [main] DEBUG n.r.client.plugins.PluginManager - Loaded plugin InventoryTagsPlugin
2026-04-26 16:29:12 GMT [main] DEBUG n.r.client.plugins.PluginManager - Loaded plugin ExaminePlugin
2026-04-26 16:29:12 GMT [main] DEBUG n.r.client.plugins.PluginManager - Loaded plugin MiningPlugin
2026-04-26 16:29:12 GMT [main] DEBUG n.r.client.plugins.PluginManager - Loaded plugin StatusBarsPlugin
2026-04-26 16:29:12 GMT [main] DEBUG n.r.client.plugins.PluginManager - Loaded plugin DiscordPlugin
2026-04-26 16:29:12 GMT [main] DEBUG n.r.client.plugins.PluginManager - Loaded plugin LowMemoryPlugin
2026-04-26 16:29:12 GMT [main] DEBUG n.r.client.plugins.PluginManager - Loaded plugin PlayerIndicatorsPlugin
2026-04-26 16:29:12 GMT [main] DEBUG n.r.client.plugins.PluginManager - Loaded plugin AnimationSmoothingPlugin
2026-04-26 16:29:12 GMT [main] DEBUG n.r.client.plugins.PluginManager - Loaded plugin ChatCommandsPlugin
2026-04-26 16:29:12 GMT [main] DEBUG n.r.client.plugins.PluginManager - Loaded plugin WoodcuttingPlugin
2026-04-26 16:29:12 GMT [main] DEBUG n.r.client.plugins.PluginManager - Loaded plugin KingdomPlugin
2026-04-26 16:29:12 GMT [main] DEBUG n.r.client.plugins.PluginManager - Loaded plugin PrayerPlugin
2026-04-26 16:29:12 GMT [main] DEBUG n.r.client.plugins.PluginManager - Loaded plugin CrowdsourcingPlugin
2026-04-26 16:29:12 GMT [main] DEBUG n.r.client.plugins.PluginManager - Loaded plugin TileIndicatorsPlugin
2026-04-26 16:29:12 GMT [main] DEBUG n.r.client.plugins.PluginManager - Loaded plugin ChatFilterPlugin
2026-04-26 16:29:12 GMT [main] DEBUG n.r.client.plugins.PluginManager - Loaded plugin SlayerPlugin
2026-04-26 16:29:12 GMT [main] DEBUG n.r.client.plugins.PluginManager - Loaded plugin NpcAggroAreaPlugin
2026-04-26 16:29:12 GMT [main] DEBUG n.r.client.plugins.PluginManager - Loaded plugin InteractHighlightPlugin
2026-04-26 16:29:12 GMT [main] DEBUG n.r.client.plugins.PluginManager - Loaded plugin BlastMinePlugin
2026-04-26 16:29:12 GMT [main] DEBUG n.r.client.plugins.PluginManager - Loaded plugin GroundItemsPlugin
2026-04-26 16:29:12 GMT [main] DEBUG n.r.client.game.SkillIconManager - Loading skill icon from /skill_icons/mining.png
2026-04-26 16:29:12 GMT [main] DEBUG n.r.client.plugins.PluginManager - Loaded plugin MotherlodePlugin
2026-04-26 16:29:12 GMT [main] DEBUG n.runelite.client.eventbus.EventBus - Registering class net.runelite.client.events.ClientShutdown - EventBus.Subscriber(object=net.runelite.client.ClientSessionManager@738a5848, method=private void net.runelite.client.ClientSessionManager.onClientShutdown(net.runelite.client.events.ClientShutdown), priority=0.0, lambda=net.runelite.client.ClientSessionManager$$Lambda/0x00000001006858c8@487cd177)
2026-04-26 16:29:12 GMT [main] DEBUG n.runelite.client.eventbus.EventBus - Registering class net.runelite.api.events.GameStateChanged - EventBus.Subscriber(object=net.runelite.client.ui.ClientUI@63f40ca0, method=private void net.runelite.client.ui.ClientUI.onGameStateChanged(net.runelite.api.events.GameStateChanged), priority=0.0, lambda=net.runelite.client.ui.ClientUI$$Lambda/0x00000001006a7b68@4dad8ec0)
2026-04-26 16:29:12 GMT [main] DEBUG n.runelite.client.eventbus.EventBus - Registering class net.runelite.client.events.ConfigChanged - EventBus.Subscriber(object=net.runelite.client.ui.ClientUI@63f40ca0, method=private void net.runelite.client.ui.ClientUI.onConfigChanged(net.runelite.client.events.ConfigChanged), priority=0.0, lambda=net.runelite.client.ui.ClientUI$$Lambda/0x00000001006a7da0@ccd341d)
2026-04-26 16:29:12 GMT [main] DEBUG n.runelite.client.eventbus.EventBus - Registering class net.runelite.client.events.ProfileChanged - EventBus.Subscriber(object=net.runelite.client.plugins.PluginManager@6ee5f485, method=public void net.runelite.client.plugins.PluginManager.onProfileChanged(net.runelite.client.events.ProfileChanged), priority=0.0, lambda=net.runelite.client.plugins.PluginManager$$Lambda/0x00000001006a2000@20d19f2c)
2026-04-26 16:29:12 GMT [main] DEBUG n.runelite.client.eventbus.EventBus - Registering class net.runelite.client.events.ProfileChanged - EventBus.Subscriber(object=net.runelite.client.externalplugins.ExternalPluginManager@77b5148c, method=public void net.runelite.client.externalplugins.ExternalPluginManager.onProfileChanged(net.runelite.client.events.ProfileChanged), priority=0.0, lambda=net.runelite.client.externalplugins.ExternalPluginManager$$Lambda/0x00000001006a2238@36359723)
2026-04-26 16:29:12 GMT [main] DEBUG n.runelite.client.eventbus.EventBus - Registering class net.runelite.client.events.ConfigChanged - EventBus.Subscriber(object=net.runelite.client.ui.overlay.OverlayManager@16b3c905, method=public void net.runelite.client.ui.overlay.OverlayManager.onConfigChanged(net.runelite.client.events.ConfigChanged), priority=0.0, lambda=net.runelite.client.ui.overlay.OverlayManager$$Lambda/0x00000001006a2470@49fdbe2b)
2026-04-26 16:29:12 GMT [main] DEBUG n.runelite.client.eventbus.EventBus - Registering class net.runelite.client.events.ProfileChanged - EventBus.Subscriber(object=net.runelite.client.ui.overlay.OverlayManager@16b3c905, method=public void net.runelite.client.ui.overlay.OverlayManager.onProfileChanged(net.runelite.client.events.ProfileChanged), priority=0.0, lambda=net.runelite.client.ui.overlay.OverlayManager$$Lambda/0x00000001006a26a8@437bd805)
2026-04-26 16:29:12 GMT [main] DEBUG n.runelite.client.eventbus.EventBus - Registering class net.runelite.client.events.SessionOpen - EventBus.Subscriber(object=net.runelite.client.config.ConfigManager@6fa02932, method=public void net.runelite.client.config.ConfigManager.onSessionOpen(net.runelite.client.events.SessionOpen), priority=0.0, lambda=net.runelite.client.config.ConfigManager$$Lambda/0x00000001006a28e0@61608e1a)
2026-04-26 16:29:12 GMT [main] DEBUG n.runelite.client.eventbus.EventBus - Registering class net.runelite.client.events.SessionClose - EventBus.Subscriber(object=net.runelite.client.config.ConfigManager@6fa02932, method=public void net.runelite.client.config.ConfigManager.onSessionClose(net.runelite.client.events.SessionClose), priority=0.0, lambda=net.runelite.client.config.ConfigManager$$Lambda/0x00000001006a2b18@7197b07f)
2026-04-26 16:29:12 GMT [main] DEBUG n.runelite.client.eventbus.EventBus - Registering class net.runelite.api.events.WorldChanged - EventBus.Subscriber(object=net.runelite.client.config.ConfigManager@6fa02932, method=private void net.runelite.client.config.ConfigManager.onWorldChanged(net.runelite.api.events.WorldChanged), priority=0.0, lambda=net.runelite.client.config.ConfigManager$$Lambda/0x00000001006a2d50@7a65a360)
2026-04-26 16:29:12 GMT [main] DEBUG n.runelite.client.eventbus.EventBus - Registering class net.runelite.client.events.RuneScapeProfileChanged - EventBus.Subscriber(object=net.runelite.client.config.ConfigManager@6fa02932, method=private void net.runelite.client.config.ConfigManager.onRuneScapeProfileChanged(net.runelite.client.events.RuneScapeProfileChanged), priority=0.0, lambda=net.runelite.client.config.ConfigManager$$Lambda/0x00000001006a2f88@7cff3f1d)
2026-04-26 16:29:12 GMT [main] DEBUG n.runelite.client.eventbus.EventBus - Registering class net.runelite.client.events.ClientShutdown - EventBus.Subscriber(object=net.runelite.client.config.ConfigManager@6fa02932, method=private void net.runelite.client.config.ConfigManager.onClientShutdown(net.runelite.client.events.ClientShutdown), priority=-100.0, lambda=net.runelite.client.config.ConfigManager$$Lambda/0x00000001006a31c0@33a8c9c9)
2026-04-26 16:29:12 GMT [main] DEBUG n.runelite.client.eventbus.EventBus - Registering class net.runelite.api.events.PlayerChanged - EventBus.Subscriber(object=net.runelite.client.config.ConfigManager@6fa02932, method=private void net.runelite.client.config.ConfigManager.onPlayerChanged(net.runelite.api.events.PlayerChanged), priority=0.0, lambda=net.runelite.client.config.ConfigManager$$Lambda/0x00000001006a33f8@3daf03d8)
2026-04-26 16:29:12 GMT [main] DEBUG n.runelite.client.eventbus.EventBus - Registering class net.runelite.api.events.AccountHashChanged - EventBus.Subscriber(object=net.runelite.client.config.ConfigManager@6fa02932, method=private void net.runelite.client.config.ConfigManager.onAccountHashChanged(net.runelite.api.events.AccountHashChanged), priority=0.0, lambda=net.runelite.client.config.ConfigManager$$Lambda/0x00000001006a3630@72ce812e)
2026-04-26 16:29:12 GMT [AWT-EventQueue-0] DEBUG n.r.client.plugins.PluginManager - Plugin DailyTasksPlugin is now running
2026-04-26 16:29:12 GMT [AWT-EventQueue-0] DEBUG n.runelite.client.eventbus.EventBus - Registering class net.runelite.api.events.GameTick - EventBus.Subscriber(object=net.runelite.client.plugins.dailytaskindicators.DailyTasksPlugin@10cd6753, method=public void net.runelite.client.plugins.dailytaskindicators.DailyTasksPlugin.onGameTick(net.runelite.api.events.GameTick), priority=0.0, lambda=net.runelite.client.plugins.dailytaskindicators.DailyTasksPlugin$$Lambda/0x00000001006a8918@312efb0f)
2026-04-26 16:29:12 GMT [AWT-EventQueue-0] DEBUG n.runelite.client.eventbus.EventBus - Registering class net.runelite.api.events.GameStateChanged - EventBus.Subscriber(object=net.runelite.client.plugins.dailytaskindicators.DailyTasksPlugin@10cd6753, method=public void net.runelite.client.plugins.dailytaskindicators.DailyTasksPlugin.onGameStateChanged(net.runelite.api.events.GameStateChanged), priority=0.0, lambda=net.runelite.client.plugins.dailytaskindicators.DailyTasksPlugin$$Lambda/0x00000001006a8b50@1f7e075b)
2026-04-26 16:29:12 GMT [AWT-EventQueue-0] DEBUG n.r.c.u.o.infobox.InfoBoxManager - Adding InfoBox net.runelite.client.plugins.boosts.StatChangeIndicator@73a9d374
2026-04-26 16:29:12 GMT [AWT-EventQueue-0] DEBUG n.runelite.client.eventbus.EventBus - Registering class net.runelite.api.events.MenuOptionClicked - EventBus.Subscriber(object=net.runelite.client.ui.overlay.infobox.InfoBoxOverlay@5e57ef19, method=public void net.runelite.client.ui.overlay.infobox.InfoBoxOverlay.onMenuOptionClicked(net.runelite.api.events.MenuOptionClicked), priority=0.0, lambda=net.runelite.client.ui.overlay.infobox.InfoBoxOverlay$$Lambda/0x00000001006a9618@5028a2ea)
2026-04-26 16:29:12 GMT [AWT-EventQueue-0] DEBUG n.r.c.u.o.infobox.InfoBoxManager - Adding InfoBox net.runelite.client.plugins.boosts.StatChangeIndicator@73656ade
2026-04-26 16:29:12 GMT [AWT-EventQueue-0] DEBUG n.r.client.game.SkillIconManager - Loading skill icon from /skill_icons/attack.png
2026-04-26 16:29:12 GMT [AWT-EventQueue-0] DEBUG n.r.c.u.o.infobox.InfoBoxManager - Adding InfoBox net.runelite.client.plugins.boosts.BoostIndicator@2b268084
2026-04-26 16:29:12 GMT [AWT-EventQueue-0] DEBUG n.r.client.game.SkillIconManager - Loading skill icon from /skill_icons/defence.png
2026-04-26 16:29:12 GMT [AWT-EventQueue-0] DEBUG n.r.c.u.o.infobox.InfoBoxManager - Adding InfoBox net.runelite.client.plugins.boosts.BoostIndicator@6e60e831
2026-04-26 16:29:12 GMT [AWT-EventQueue-0] DEBUG n.r.client.game.SkillIconManager - Loading skill icon from /skill_icons/strength.png
2026-04-26 16:29:12 GMT [AWT-EventQueue-0] DEBUG n.r.c.u.o.infobox.InfoBoxManager - Adding InfoBox net.runelite.client.plugins.boosts.BoostIndicator@62f02fd7
2026-04-26 16:29:12 GMT [AWT-EventQueue-0] DEBUG n.r.client.game.SkillIconManager - Loading skill icon from /skill_icons/hitpoints.png
2026-04-26 16:29:12 GMT [AWT-EventQueue-0] DEBUG n.r.c.u.o.infobox.InfoBoxManager - Adding InfoBox net.runelite.client.plugins.boosts.BoostIndicator@7c567716
2026-04-26 16:29:12 GMT [AWT-EventQueue-0] DEBUG n.r.client.game.SkillIconManager - Loading skill icon from /skill_icons/ranged.png
2026-04-26 16:29:12 GMT [AWT-EventQueue-0] DEBUG n.r.c.u.o.infobox.InfoBoxManager - Adding InfoBox net.runelite.client.plugins.boosts.BoostIndicator@15861ca9
2026-04-26 16:29:12 GMT [AWT-EventQueue-0] DEBUG n.r.client.game.SkillIconManager - Loading skill icon from /skill_icons/prayer.png
2026-04-26 16:29:12 GMT [AWT-EventQueue-0] DEBUG n.r.c.u.o.infobox.InfoBoxManager - Adding InfoBox net.runelite.client.plugins.boosts.BoostIndicator@784650eb
2026-04-26 16:29:12 GMT [AWT-EventQueue-0] DEBUG n.r.client.game.SkillIconManager - Loading skill icon from /skill_icons/magic.png
2026-04-26 16:29:12 GMT [AWT-EventQueue-0] DEBUG n.r.c.u.o.infobox.InfoBoxManager - Adding InfoBox net.runelite.client.plugins.boosts.BoostIndicator@6f7dce54
2026-04-26 16:29:12 GMT [AWT-EventQueue-0] DEBUG n.r.client.game.SkillIconManager - Loading skill icon from /skill_icons/cooking.png
2026-04-26 16:29:12 GMT [AWT-EventQueue-0] DEBUG n.r.c.u.o.infobox.InfoBoxManager - Adding InfoBox net.runelite.client.plugins.boosts.BoostIndicator@28fe0eb7
2026-04-26 16:29:12 GMT [AWT-EventQueue-0] DEBUG n.r.client.game.SkillIconManager - Loading skill icon from /skill_icons/woodcutting.png
2026-04-26 16:29:12 GMT [AWT-EventQueue-0] DEBUG n.r.c.u.o.infobox.InfoBoxManager - Adding InfoBox net.runelite.client.plugins.boosts.BoostIndicator@54d6171c
2026-04-26 16:29:12 GMT [AWT-EventQueue-0] DEBUG n.r.client.game.SkillIconManager - Loading skill icon from /skill_icons/fletching.png
2026-04-26 16:29:12 GMT [AWT-EventQueue-0] DEBUG n.r.c.u.o.infobox.InfoBoxManager - Adding InfoBox net.runelite.client.plugins.boosts.BoostIndicator@7590fba
2026-04-26 16:29:12 GMT [AWT-EventQueue-0] DEBUG n.r.client.game.SkillIconManager - Loading skill icon from /skill_icons/fishing.png
2026-04-26 16:29:12 GMT [AWT-EventQueue-0] DEBUG n.r.c.u.o.infobox.InfoBoxManager - Adding InfoBox net.runelite.client.plugins.boosts.BoostIndicator@3818d1a2
2026-04-26 16:29:12 GMT [AWT-EventQueue-0] DEBUG n.r.client.game.SkillIconManager - Loading skill icon from /skill_icons/firemaking.png
2026-04-26 16:29:12 GMT [AWT-EventQueue-0] DEBUG n.r.c.u.o.infobox.InfoBoxManager - Adding InfoBox net.runelite.client.plugins.boosts.BoostIndicator@1121911e
2026-04-26 16:29:12 GMT [AWT-EventQueue-0] DEBUG n.r.client.game.SkillIconManager - Loading skill icon from /skill_icons/crafting.png
2026-04-26 16:29:12 GMT [AWT-EventQueue-0] DEBUG n.r.c.u.o.infobox.InfoBoxManager - Adding InfoBox net.runelite.client.plugins.boosts.BoostIndicator@304b4cbf
2026-04-26 16:29:12 GMT [AWT-EventQueue-0] DEBUG n.r.client.game.SkillIconManager - Loading skill icon from /skill_icons/smithing.png
2026-04-26 16:29:12 GMT [AWT-EventQueue-0] DEBUG n.r.c.u.o.infobox.InfoBoxManager - Adding InfoBox net.runelite.client.plugins.boosts.BoostIndicator@27a81bad
2026-04-26 16:29:12 GMT [AWT-EventQueue-0] DEBUG n.r.c.u.o.infobox.InfoBoxManager - Adding InfoBox net.runelite.client.plugins.boosts.BoostIndicator@3ab9ed62
2026-04-26 16:29:12 GMT [AWT-EventQueue-0] DEBUG n.r.client.game.SkillIconManager - Loading skill icon from /skill_icons/herblore.png
2026-04-26 16:29:12 GMT [AWT-EventQueue-0] DEBUG n.r.c.u.o.infobox.InfoBoxManager - Adding InfoBox net.runelite.client.plugins.boosts.BoostIndicator@55a4e1bd
2026-04-26 16:29:12 GMT [AWT-EventQueue-0] DEBUG n.r.client.game.SkillIconManager - Loading skill icon from /skill_icons/agility.png
2026-04-26 16:29:12 GMT [AWT-EventQueue-0] DEBUG n.r.c.u.o.infobox.InfoBoxManager - Adding InfoBox net.runelite.client.plugins.boosts.BoostIndicator@1b1cf372
2026-04-26 16:29:12 GMT [AWT-EventQueue-0] DEBUG n.r.client.game.SkillIconManager - Loading skill icon from /skill_icons/thieving.png
2026-04-26 16:29:12 GMT [AWT-EventQueue-0] DEBUG n.r.c.u.o.infobox.InfoBoxManager - Adding InfoBox net.runelite.client.plugins.boosts.BoostIndicator@39c6daa9
2026-04-26 16:29:12 GMT [AWT-EventQueue-0] DEBUG n.r.client.game.SkillIconManager - Loading skill icon from /skill_icons/slayer.png
2026-04-26 16:29:12 GMT [AWT-EventQueue-0] DEBUG n.r.c.u.o.infobox.InfoBoxManager - Adding InfoBox net.runelite.client.plugins.boosts.BoostIndicator@3be58562
2026-04-26 16:29:12 GMT [AWT-EventQueue-0] DEBUG n.r.client.game.SkillIconManager - Loading skill icon from /skill_icons/farming.png
2026-04-26 16:29:12 GMT [AWT-EventQueue-0] DEBUG n.r.c.u.o.infobox.InfoBoxManager - Adding InfoBox net.runelite.client.plugins.boosts.BoostIndicator@7b965fe1
2026-04-26 16:29:12 GMT [AWT-EventQueue-0] DEBUG n.r.client.game.SkillIconManager - Loading skill icon from /skill_icons/runecraft.png
2026-04-26 16:29:12 GMT [AWT-EventQueue-0] DEBUG n.r.c.u.o.infobox.InfoBoxManager - Adding InfoBox net.runelite.client.plugins.boosts.BoostIndicator@6fc170ec
2026-04-26 16:29:12 GMT [AWT-EventQueue-0] DEBUG n.r.client.game.SkillIconManager - Loading skill icon from /skill_icons/hunter.png
2026-04-26 16:29:12 GMT [AWT-EventQueue-0] DEBUG n.r.c.u.o.infobox.InfoBoxManager - Adding InfoBox net.runelite.client.plugins.boosts.BoostIndicator@3cf106bc
2026-04-26 16:29:12 GMT [AWT-EventQueue-0] DEBUG n.r.client.game.SkillIconManager - Loading skill icon from /skill_icons/construction.png
2026-04-26 16:29:12 GMT [AWT-EventQueue-0] DEBUG n.r.c.u.o.infobox.InfoBoxManager - Adding InfoBox net.runelite.client.plugins.boosts.BoostIndicator@69538b54
2026-04-26 16:29:12 GMT [AWT-EventQueue-0] DEBUG n.r.client.game.SkillIconManager - Loading skill icon from /skill_icons/sailing.png
2026-04-26 16:29:12 GMT [AWT-EventQueue-0] DEBUG n.r.c.u.o.infobox.InfoBoxManager - Adding InfoBox net.runelite.client.plugins.boosts.BoostIndicator@768ddbb
2026-04-26 16:29:12 GMT [AWT-EventQueue-0] DEBUG n.r.client.plugins.PluginManager - Plugin BoostsPlugin is now running
2026-04-26 16:29:12 GMT [AWT-EventQueue-0] DEBUG n.runelite.client.eventbus.EventBus - Registering class net.runelite.api.events.GameTick - EventBus.Subscriber(object=net.runelite.client.plugins.boosts.BoostsPlugin@8f2098e, method=public void net.runelite.client.plugins.boosts.BoostsPlugin.onGameTick(net.runelite.api.events.GameTick), priority=0.0, lambda=net.runelite.client.plugins.boosts.BoostsPlugin$$Lambda/0x00000001006aa1d8@2a9f186c)
2026-04-26 16:29:12 GMT [AWT-EventQueue-0] DEBUG n.runelite.client.eventbus.EventBus - Registering class net.runelite.api.events.StatChanged - EventBus.Subscriber(object=net.runelite.client.plugins.boosts.BoostsPlugin@8f2098e, method=public void net.runelite.client.plugins.boosts.BoostsPlugin.onStatChanged(net.runelite.api.events.StatChanged), priority=0.0, lambda=net.runelite.client.plugins.boosts.BoostsPlugin$$Lambda/0x00000001006aa410@3e965bac)
2026-04-26 16:29:12 GMT [AWT-EventQueue-0] DEBUG n.runelite.client.eventbus.EventBus - Registering class net.runelite.api.events.GameStateChanged - EventBus.Subscriber(object=net.runelite.client.plugins.boosts.BoostsPlugin@8f2098e, method=public void net.runelite.client.plugins.boosts.BoostsPlugin.onGameStateChanged(net.runelite.api.events.GameStateChanged), priority=0.0, lambda=net.runelite.client.plugins.boosts.BoostsPlugin$$Lambda/0x00000001006aa648@5762d14a)
2026-04-26 16:29:12 GMT [AWT-EventQueue-0] DEBUG n.runelite.client.eventbus.EventBus - Registering class net.runelite.client.events.ConfigChanged - EventBus.Subscriber(object=net.runelite.client.plugins.boosts.BoostsPlugin@8f2098e, method=public void net.runelite.client.plugins.boosts.BoostsPlugin.onConfigChanged(net.runelite.client.events.ConfigChanged), priority=0.0, lambda=net.runelite.client.plugins.boosts.BoostsPlugin$$Lambda/0x00000001006aa880@3239dd02)
2026-04-26 16:29:12 GMT [AWT-EventQueue-0] DEBUG n.r.client.plugins.PluginManager - Plugin CannonPlugin is now running
2026-04-26 16:29:12 GMT [AWT-EventQueue-0] DEBUG n.runelite.client.eventbus.EventBus - Registering class net.runelite.api.events.ChatMessage - EventBus.Subscriber(object=net.runelite.client.plugins.cannon.CannonPlugin@73d3e555, method=public void net.runelite.client.plugins.cannon.CannonPlugin.onChatMessage(net.runelite.api.events.ChatMessage), priority=0.0, lambda=net.runelite.client.plugins.cannon.CannonPlugin$$Lambda/0x00000001006aaab8@315aca29)
2026-04-26 16:29:12 GMT [AWT-EventQueue-0] DEBUG n.runelite.client.eventbus.EventBus - Registering class net.runelite.api.events.GameStateChanged - EventBus.Subscriber(object=net.runelite.client.plugins.cannon.CannonPlugin@73d3e555, method=public void net.runelite.client.plugins.cannon.CannonPlugin.onGameStateChanged(net.runelite.api.events.GameStateChanged), priority=0.0, lambda=net.runelite.client.plugins.cannon.CannonPlugin$$Lambda/0x00000001006aacf0@44686a68)
2026-04-26 16:29:12 GMT [AWT-EventQueue-0] DEBUG n.runelite.client.eventbus.EventBus - Registering class net.runelite.client.events.ConfigChanged - EventBus.Subscriber(object=net.runelite.client.plugins.cannon.CannonPlugin@73d3e555, method=public void net.runelite.client.plugins.cannon.CannonPlugin.onConfigChanged(net.runelite.client.events.ConfigChanged), priority=0.0, lambda=net.runelite.client.plugins.cannon.CannonPlugin$$Lambda/0x00000001006aaf28@5f2ffe03)
2026-04-26 16:29:12 GMT [AWT-EventQueue-0] DEBUG n.runelite.client.eventbus.EventBus - Registering class net.runelite.api.events.VarbitChanged - EventBus.Subscriber(object=net.runelite.client.plugins.cannon.CannonPlugin@73d3e555, method=public void net.runelite.client.plugins.cannon.CannonPlugin.onVarbitChanged(net.runelite.api.events.VarbitChanged), priority=0.0, lambda=net.runelite.client.plugins.cannon.CannonPlugin$$Lambda/0x00000001006ab160@4257892d)
2026-04-26 16:29:12 GMT [AWT-EventQueue-0] DEBUG n.runelite.client.eventbus.EventBus - Registering class net.runelite.api.events.ItemContainerChanged - EventBus.Subscriber(object=net.runelite.client.plugins.cannon.CannonPlugin@73d3e555, method=public void net.runelite.client.plugins.cannon.CannonPlugin.onItemContainerChanged(net.runelite.api.events.ItemContainerChanged), priority=0.0, lambda=net.runelite.client.plugins.cannon.CannonPlugin$$Lambda/0x00000001006ab398@414d02e4)
2026-04-26 16:29:12 GMT [AWT-EventQueue-0] DEBUG n.r.client.plugins.PluginManager - Plugin PoisonPlugin is now running
2026-04-26 16:29:12 GMT [AWT-EventQueue-0] DEBUG n.runelite.client.eventbus.EventBus - Registering class net.runelite.client.events.ConfigChanged - EventBus.Subscriber(object=net.runelite.client.plugins.poison.PoisonPlugin@e042c99, method=public void net.runelite.client.plugins.poison.PoisonPlugin.onConfigChanged(net.runelite.client.events.ConfigChanged), priority=0.0, lambda=net.runelite.client.plugins.poison.PoisonPlugin$$Lambda/0x00000001006ab5d0@317ccd97)
2026-04-26 16:29:12 GMT [AWT-EventQueue-0] DEBUG n.runelite.client.eventbus.EventBus - Registering class net.runelite.api.events.VarbitChanged - EventBus.Subscriber(object=net.runelite.client.plugins.poison.PoisonPlugin@e042c99, method=public void net.runelite.client.plugins.poison.PoisonPlugin.onVarbitChanged(net.runelite.api.events.VarbitChanged), priority=0.0, lambda=net.runelite.client.plugins.poison.PoisonPlugin$$Lambda/0x00000001006ab808@10f6c14)
2026-04-26 16:29:12 GMT [AWT-EventQueue-0] DEBUG n.r.client.plugins.PluginManager - Plugin PuzzleSolverPlugin is now running
2026-04-26 16:29:12 GMT [AWT-EventQueue-0] DEBUG n.runelite.client.eventbus.EventBus - Registering class net.runelite.api.events.WidgetLoaded - EventBus.Subscriber(object=net.runelite.client.plugins.puzzlesolver.PuzzleSolverPlugin@52169758, method=public void net.runelite.client.plugins.puzzlesolver.PuzzleSolverPlugin.onWidgetLoaded(net.runelite.api.events.WidgetLoaded), priority=0.0, lambda=net.runelite.client.plugins.puzzlesolver.PuzzleSolverPlugin$$Lambda/0x00000001006aba40@72f17fc9)
2026-04-26 16:29:12 GMT [AWT-EventQueue-0] DEBUG n.runelite.client.eventbus.EventBus - Registering class net.runelite.api.events.GameTick - EventBus.Subscriber(object=net.runelite.client.plugins.puzzlesolver.PuzzleSolverPlugin@52169758, method=public void net.runelite.client.plugins.puzzlesolver.PuzzleSolverPlugin.onGameTick(net.runelite.api.events.GameTick), priority=0.0, lambda=net.runelite.client.plugins.puzzlesolver.PuzzleSolverPlugin$$Lambda/0x00000001006abc78@215f915a)
2026-04-26 16:29:12 GMT [AWT-EventQueue-0] DEBUG n.runelite.client.eventbus.EventBus - Registering class net.runelite.api.events.MenuOptionClicked - EventBus.Subscriber(object=net.runelite.client.plugins.puzzlesolver.PuzzleSolverPlugin@52169758, method=public void net.runelite.client.plugins.puzzlesolver.PuzzleSolverPlugin.onMenuOptionClicked(net.runelite.api.events.MenuOptionClicked), priority=0.0, lambda=net.runelite.client.plugins.puzzlesolver.PuzzleSolverPlugin$$Lambda/0x00000001006abeb0@1d9fa6f7)
2026-04-26 16:29:12 GMT [AWT-EventQueue-0] DEBUG n.r.client.plugins.PluginManager - Plugin OpponentInfoPlugin is now running
2026-04-26 16:29:12 GMT [AWT-EventQueue-0] DEBUG n.runelite.client.eventbus.EventBus - Registering class net.runelite.api.events.GameTick - EventBus.Subscriber(object=net.runelite.client.plugins.opponentinfo.OpponentInfoPlugin@77ec6a3d, method=public void net.runelite.client.plugins.opponentinfo.OpponentInfoPlugin.onGameTick(net.runelite.api.events.GameTick), priority=0.0, lambda=net.runelite.client.plugins.opponentinfo.OpponentInfoPlugin$$Lambda/0x00000001006ac0e8@26529717)
2026-04-26 16:29:12 GMT [AWT-EventQueue-0] DEBUG n.runelite.client.eventbus.EventBus - Registering class net.runelite.api.events.GameStateChanged - EventBus.Subscriber(object=net.runelite.client.plugins.opponentinfo.OpponentInfoPlugin@77ec6a3d, method=public void net.runelite.client.plugins.opponentinfo.OpponentInfoPlugin.onGameStateChanged(net.runelite.api.events.GameStateChanged), priority=0.0, lambda=net.runelite.client.plugins.opponentinfo.OpponentInfoPlugin$$Lambda/0x00000001006ac320@3f5087fe)
2026-04-26 16:29:12 GMT [AWT-EventQueue-0] DEBUG n.runelite.client.eventbus.EventBus - Registering class net.runelite.api.events.MenuEntryAdded - EventBus.Subscriber(object=net.runelite.client.plugins.opponentinfo.OpponentInfoPlugin@77ec6a3d, method=public void net.runelite.client.plugins.opponentinfo.OpponentInfoPlugin.onMenuEntryAdded(net.runelite.api.events.MenuEntryAdded), priority=0.0, lambda=net.runelite.client.plugins.opponentinfo.OpponentInfoPlugin$$Lambda/0x00000001006ac558@1a4cc2c2)
2026-04-26 16:29:12 GMT [AWT-EventQueue-0] DEBUG n.runelite.client.eventbus.EventBus - Registering class net.runelite.api.events.ScriptPostFired - EventBus.Subscriber(object=net.runelite.client.plugins.opponentinfo.OpponentInfoPlugin@77ec6a3d, method=public void net.runelite.client.plugins.opponentinfo.OpponentInfoPlugin.onScriptPostFired(net.runelite.api.events.ScriptPostFired), priority=0.0, lambda=net.runelite.client.plugins.opponentinfo.OpponentInfoPlugin$$Lambda/0x00000001006ac790@821dfe1)
2026-04-26 16:29:12 GMT [AWT-EventQueue-0] DEBUG n.runelite.client.eventbus.EventBus - Registering class net.runelite.api.events.InteractingChanged - EventBus.Subscriber(object=net.runelite.client.plugins.opponentinfo.OpponentInfoPlugin@77ec6a3d, method=public void net.runelite.client.plugins.opponentinfo.OpponentInfoPlugin.onInteractingChanged(net.runelite.api.events.InteractingChanged), priority=0.0, lambda=net.runelite.client.plugins.opponentinfo.OpponentInfoPlugin$$Lambda/0x00000001006ac9c8@7c8c074a)
2026-04-26 16:29:12 GMT [AWT-EventQueue-0] DEBUG n.r.client.game.SkillIconManager - Loading skill icon from /skill_icons_small/attack.png
2026-04-26 16:29:12 GMT [AWT-EventQueue-0] DEBUG n.r.client.game.SkillIconManager - Loading skill icon from /skill_icons_small/defence.png
2026-04-26 16:29:12 GMT [AWT-EventQueue-0] DEBUG n.r.client.game.SkillIconManager - Loading skill icon from /skill_icons_small/strength.png
2026-04-26 16:29:12 GMT [AWT-EventQueue-0] DEBUG n.r.client.game.SkillIconManager - Loading skill icon from /skill_icons_small/hitpoints.png
2026-04-26 16:29:12 GMT [AWT-EventQueue-0] DEBUG n.r.client.game.SkillIconManager - Loading skill icon from /skill_icons_small/ranged.png
2026-04-26 16:29:12 GMT [AWT-EventQueue-0] DEBUG n.r.client.game.SkillIconManager - Loading skill icon from /skill_icons_small/prayer.png
2026-04-26 16:29:12 GMT [AWT-EventQueue-0] DEBUG n.r.client.game.SkillIconManager - Loading skill icon from /skill_icons_small/magic.png
2026-04-26 16:29:12 GMT [AWT-EventQueue-0] DEBUG n.r.client.game.SkillIconManager - Loading skill icon from /skill_icons_small/cooking.png
2026-04-26 16:29:12 GMT [AWT-EventQueue-0] DEBUG n.r.client.game.SkillIconManager - Loading skill icon from /skill_icons_small/woodcutting.png
2026-04-26 16:29:12 GMT [AWT-EventQueue-0] DEBUG n.r.client.game.SkillIconManager - Loading skill icon from /skill_icons_small/fletching.png
2026-04-26 16:29:12 GMT [AWT-EventQueue-0] DEBUG n.r.client.game.SkillIconManager - Loading skill icon from /skill_icons_small/fishing.png
2026-04-26 16:29:12 GMT [AWT-EventQueue-0] DEBUG n.r.client.game.SkillIconManager - Loading skill icon from /skill_icons_small/firemaking.png
2026-04-26 16:29:12 GMT [AWT-EventQueue-0] DEBUG n.r.client.game.SkillIconManager - Loading skill icon from /skill_icons_small/crafting.png
2026-04-26 16:29:12 GMT [AWT-EventQueue-0] DEBUG n.r.client.game.SkillIconManager - Loading skill icon from /skill_icons_small/smithing.png
2026-04-26 16:29:12 GMT [AWT-EventQueue-0] DEBUG n.r.client.game.SkillIconManager - Loading skill icon from /skill_icons_small/mining.png
2026-04-26 16:29:12 GMT [AWT-EventQueue-0] DEBUG n.r.client.game.SkillIconManager - Loading skill icon from /skill_icons_small/herblore.png
2026-04-26 16:29:12 GMT [AWT-EventQueue-0] DEBUG n.r.client.game.SkillIconManager - Loading skill icon from /skill_icons_small/agility.png
2026-04-26 16:29:12 GMT [AWT-EventQueue-0] DEBUG n.r.client.game.SkillIconManager - Loading skill icon from /skill_icons_small/thieving.png
2026-04-26 16:29:12 GMT [AWT-EventQueue-0] DEBUG n.r.client.game.SkillIconManager - Loading skill icon from /skill_icons_small/slayer.png
2026-04-26 16:29:12 GMT [AWT-EventQueue-0] DEBUG n.r.client.game.SkillIconManager - Loading skill icon from /skill_icons_small/farming.png
2026-04-26 16:29:12 GMT [AWT-EventQueue-0] DEBUG n.r.client.game.SkillIconManager - Loading skill icon from /skill_icons_small/runecraft.png
2026-04-26 16:29:12 GMT [AWT-EventQueue-0] DEBUG n.r.client.game.SkillIconManager - Loading skill icon from /skill_icons_small/hunter.png
2026-04-26 16:29:12 GMT [AWT-EventQueue-0] DEBUG n.r.client.game.SkillIconManager - Loading skill icon from /skill_icons_small/construction.png
2026-04-26 16:29:12 GMT [AWT-EventQueue-0] DEBUG n.r.client.game.SkillIconManager - Loading skill icon from /skill_icons_small/sailing.png
2026-04-26 16:29:12 GMT [AWT-EventQueue-0] DEBUG n.r.client.plugins.PluginManager - Plugin XpTrackerPlugin is now running
2026-04-26 16:29:12 GMT [AWT-EventQueue-0] DEBUG n.runelite.client.eventbus.EventBus - Registering class net.runelite.api.events.GameTick - EventBus.Subscriber(object=net.runelite.client.plugins.xptracker.XpTrackerPlugin@1ac4ccad, method=public void net.runelite.client.plugins.xptracker.XpTrackerPlugin.onGameTick(net.runelite.api.events.GameTick), priority=0.0, lambda=net.runelite.client.plugins.xptracker.XpTrackerPlugin$$Lambda/0x00000001006bf478@2e77ee04)
2026-04-26 16:29:12 GMT [AWT-EventQueue-0] DEBUG n.runelite.client.eventbus.EventBus - Registering class net.runelite.api.events.StatChanged - EventBus.Subscriber(object=net.runelite.client.plugins.xptracker.XpTrackerPlugin@1ac4ccad, method=public void net.runelite.client.plugins.xptracker.XpTrackerPlugin.onStatChanged(net.runelite.api.events.StatChanged), priority=0.0, lambda=net.runelite.client.plugins.xptracker.XpTrackerPlugin$$Lambda/0x00000001006bf6b0@357c4b49)
2026-04-26 16:29:12 GMT [AWT-EventQueue-0] DEBUG n.runelite.client.eventbus.EventBus - Registering class net.runelite.client.events.RuneScapeProfileChanged - EventBus.Subscriber(object=net.runelite.client.plugins.xptracker.XpTrackerPlugin@1ac4ccad, method=public void net.runelite.client.plugins.xptracker.XpTrackerPlugin.onRuneScapeProfileChanged(net.runelite.client.events.RuneScapeProfileChanged), priority=0.0, lambda=net.runelite.client.plugins.xptracker.XpTrackerPlugin$$Lambda/0x00000001006bf8e8@45c6ab86)
2026-04-26 16:29:12 GMT [AWT-EventQueue-0] DEBUG n.runelite.client.eventbus.EventBus - Registering class net.runelite.api.events.GameStateChanged - EventBus.Subscriber(object=net.runelite.client.plugins.xptracker.XpTrackerPlugin@1ac4ccad, method=public void net.runelite.client.plugins.xptracker.XpTrackerPlugin.onGameStateChanged(net.runelite.api.events.GameStateChanged), priority=0.0, lambda=net.runelite.client.plugins.xptracker.XpTrackerPlugin$$Lambda/0x00000001006bfb20@11ba8a5a)
2026-04-26 16:29:12 GMT [AWT-EventQueue-0] DEBUG n.runelite.client.eventbus.EventBus - Registering class net.runelite.api.events.MenuEntryAdded - EventBus.Subscriber(object=net.runelite.client.plugins.xptracker.XpTrackerPlugin@1ac4ccad, method=public void net.runelite.client.plugins.xptracker.XpTrackerPlugin.onMenuEntryAdded(net.runelite.api.events.MenuEntryAdded), priority=0.0, lambda=net.runelite.client.plugins.xptracker.XpTrackerPlugin$$Lambda/0x00000001006bfd58@3611dfa1)
2026-04-26 16:29:12 GMT [AWT-EventQueue-0] DEBUG n.runelite.client.eventbus.EventBus - Registering class net.runelite.client.events.ClientShutdown - EventBus.Subscriber(object=net.runelite.client.plugins.xptracker.XpTrackerPlugin@1ac4ccad, method=public void net.runelite.client.plugins.xptracker.XpTrackerPlugin.onClientShutdown(net.runelite.client.events.ClientShutdown), priority=0.0, lambda=net.runelite.client.plugins.xptracker.XpTrackerPlugin$$Lambda/0x00000001006bd800@68d2747a)
2026-04-26 16:29:12 GMT [AWT-EventQueue-0] DEBUG n.r.client.plugins.PluginManager - Scheduled task ScheduledMethod(schedule=@net.runelite.client.task.Schedule(asynchronous=true, period=1L, unit=MINUTES), method=public void net.runelite.client.plugins.xptracker.XpTrackerPlugin.tickStateSave(), object=net.runelite.client.plugins.xptracker.XpTrackerPlugin@1ac4ccad, lambda=net.runelite.client.plugins.xptracker.XpTrackerPlugin$$Lambda/0x00000001006bda38@44996b22, last=2026-04-26T16:29:12.639025714Z)
2026-04-26 16:29:12 GMT [AWT-EventQueue-0] DEBUG n.r.client.plugins.PluginManager - Scheduled task ScheduledMethod(schedule=@net.runelite.client.task.Schedule(asynchronous=false, period=1L, unit=SECONDS), method=public void net.runelite.client.plugins.xptracker.XpTrackerPlugin.tickSkillTimes(), object=net.runelite.client.plugins.xptracker.XpTrackerPlugin@1ac4ccad, lambda=net.runelite.client.plugins.xptracker.XpTrackerPlugin$$Lambda/0x00000001006bdc60@46ff4c86, last=2026-04-26T16:29:12.639941022Z)
2026-04-26 16:29:12 GMT [AWT-EventQueue-0] DEBUG n.r.client.plugins.PluginManager - Plugin FishingPlugin is now running
2026-04-26 16:29:12 GMT [AWT-EventQueue-0] DEBUG n.runelite.client.eventbus.EventBus - Registering class net.runelite.api.events.WidgetLoaded - EventBus.Subscriber(object=net.runelite.client.plugins.fishing.FishingPlugin@71904469, method=public void net.runelite.client.plugins.fishing.FishingPlugin.onWidgetLoaded(net.runelite.api.events.WidgetLoaded), priority=0.0, lambda=net.runelite.client.plugins.fishing.FishingPlugin$$Lambda/0x0000000100700210@235d452d)
2026-04-26 16:29:12 GMT [AWT-EventQueue-0] DEBUG n.runelite.client.eventbus.EventBus - Registering class net.runelite.api.events.GameTick - EventBus.Subscriber(object=net.runelite.client.plugins.fishing.FishingPlugin@71904469, method=public void net.runelite.client.plugins.fishing.FishingPlugin.onGameTick(net.runelite.api.events.GameTick), priority=0.0, lambda=net.runelite.client.plugins.fishing.FishingPlugin$$Lambda/0x0000000100700448@1202316d)
2026-04-26 16:29:12 GMT [AWT-EventQueue-0] DEBUG n.runelite.client.eventbus.EventBus - Registering class net.runelite.api.events.NpcSpawned - EventBus.Subscriber(object=net.runelite.client.plugins.fishing.FishingPlugin@71904469, method=public void net.runelite.client.plugins.fishing.FishingPlugin.onNpcSpawned(net.runelite.api.events.NpcSpawned), priority=0.0, lambda=net.runelite.client.plugins.fishing.FishingPlugin$$Lambda/0x0000000100700680@6721e44e)
2026-04-26 16:29:12 GMT [AWT-EventQueue-0] DEBUG n.runelite.client.eventbus.EventBus - Registering class net.runelite.api.events.NpcDespawned - EventBus.Subscriber(object=net.runelite.client.plugins.fishing.FishingPlugin@71904469, method=public void net.runelite.client.plugins.fishing.FishingPlugin.onNpcDespawned(net.runelite.api.events.NpcDespawned), priority=0.0, lambda=net.runelite.client.plugins.fishing.FishingPlugin$$Lambda/0x00000001007008b8@6bb5d471)
2026-04-26 16:29:12 GMT [AWT-EventQueue-0] DEBUG n.runelite.client.eventbus.EventBus - Registering class net.runelite.api.events.ChatMessage - EventBus.Subscriber(object=net.runelite.client.plugins.fishing.FishingPlugin@71904469, method=public void net.runelite.client.plugins.fishing.FishingPlugin.onChatMessage(net.runelite.api.events.ChatMessage), priority=0.0, lambda=net.runelite.client.plugins.fishing.FishingPlugin$$Lambda/0x0000000100700af0@484dd204)
2026-04-26 16:29:12 GMT [AWT-EventQueue-0] DEBUG n.runelite.client.eventbus.EventBus - Registering class net.runelite.api.events.GameStateChanged - EventBus.Subscriber(object=net.runelite.client.plugins.fishing.FishingPlugin@71904469, method=public void net.runelite.client.plugins.fishing.FishingPlugin.onGameStateChanged(net.runelite.api.events.GameStateChanged), priority=0.0, lambda=net.runelite.client.plugins.fishing.FishingPlugin$$Lambda/0x0000000100700d28@1d7be6ee)
2026-04-26 16:29:12 GMT [AWT-EventQueue-0] DEBUG n.runelite.client.eventbus.EventBus - Registering class net.runelite.api.events.ItemContainerChanged - EventBus.Subscriber(object=net.runelite.client.plugins.fishing.FishingPlugin@71904469, method=public void net.runelite.client.plugins.fishing.FishingPlugin.onItemContainerChanged(net.runelite.api.events.ItemContainerChanged), priority=0.0, lambda=net.runelite.client.plugins.fishing.FishingPlugin$$Lambda/0x0000000100700f60@293af204)
2026-04-26 16:29:12 GMT [AWT-EventQueue-0] DEBUG n.runelite.client.eventbus.EventBus - Registering class net.runelite.api.events.InteractingChanged - EventBus.Subscriber(object=net.runelite.client.plugins.fishing.FishingPlugin@71904469, method=public void net.runelite.client.plugins.fishing.FishingPlugin.onInteractingChanged(net.runelite.api.events.InteractingChanged), priority=0.0, lambda=net.runelite.client.plugins.fishing.FishingPlugin$$Lambda/0x0000000100701198@76bfaa8c)
2026-04-26 16:29:12 GMT [AWT-EventQueue-0] DEBUG net.runelite.client.input.KeyManager - Registering key listener: net.runelite.client.plugins.raids.RaidsPlugin$1@628c893f
2026-04-26 16:29:12 GMT [AWT-EventQueue-0] DEBUG n.r.client.plugins.PluginManager - Plugin RaidsPlugin is now running
2026-04-26 16:29:12 GMT [AWT-EventQueue-0] DEBUG n.runelite.client.eventbus.EventBus - Registering class net.runelite.api.events.ChatMessage - EventBus.Subscriber(object=net.runelite.client.plugins.raids.RaidsPlugin@5d43409a, method=public void net.runelite.client.plugins.raids.RaidsPlugin.onChatMessage(net.runelite.api.events.ChatMessage), priority=0.0, lambda=net.runelite.client.plugins.raids.RaidsPlugin$$Lambda/0x0000000100701f60@18b499fc)
2026-04-26 16:29:12 GMT [AWT-EventQueue-0] DEBUG n.runelite.client.eventbus.EventBus - Registering class net.runelite.api.events.GameStateChanged - EventBus.Subscriber(object=net.runelite.client.plugins.raids.RaidsPlugin@5d43409a, method=public void net.runelite.client.plugins.raids.RaidsPlugin.onGameStateChanged(net.runelite.api.events.GameStateChanged), priority=0.0, lambda=net.runelite.client.plugins.raids.RaidsPlugin$$Lambda/0x00000001007023a0@af3d010)
2026-04-26 16:29:12 GMT [AWT-EventQueue-0] DEBUG n.runelite.client.eventbus.EventBus - Registering class net.runelite.client.events.ConfigChanged - EventBus.Subscriber(object=net.runelite.client.plugins.raids.RaidsPlugin@5d43409a, method=public void net.runelite.client.plugins.raids.RaidsPlugin.onConfigChanged(net.runelite.client.events.ConfigChanged), priority=0.0, lambda=net.runelite.client.plugins.raids.RaidsPlugin$$Lambda/0x00000001007025d8@1d84c019)
2026-04-26 16:29:12 GMT [AWT-EventQueue-0] DEBUG n.runelite.client.eventbus.EventBus - Registering class net.runelite.api.events.VarbitChanged - EventBus.Subscriber(object=net.runelite.client.plugins.raids.RaidsPlugin@5d43409a, method=public void net.runelite.client.plugins.raids.RaidsPlugin.onVarbitChanged(net.runelite.api.events.VarbitChanged), priority=0.0, lambda=net.runelite.client.plugins.raids.RaidsPlugin$$Lambda/0x0000000100702a18@672c946)
2026-04-26 16:29:12 GMT [AWT-EventQueue-0] DEBUG n.r.c.p.worldmap.WorldMapPlugin - Reset quest start positions
2026-04-26 16:29:12 GMT [AWT-EventQueue-0] DEBUG n.r.client.plugins.PluginManager - Plugin WorldMapPlugin is now running
2026-04-26 16:29:12 GMT [AWT-EventQueue-0] DEBUG n.runelite.client.eventbus.EventBus - Registering class net.runelite.api.events.ClientTick - EventBus.Subscriber(object=net.runelite.client.plugins.worldmap.WorldMapPlugin@53e800f9, method=public void net.runelite.client.plugins.worldmap.WorldMapPlugin.onClientTick(net.runelite.api.events.ClientTick), priority=0.0, lambda=net.runelite.client.plugins.worldmap.WorldMapPlugin$$Lambda/0x0000000100717238@7025592)
2026-04-26 16:29:12 GMT [AWT-EventQueue-0] DEBUG n.runelite.client.eventbus.EventBus - Registering class net.runelite.api.events.StatChanged - EventBus.Subscriber(object=net.runelite.client.plugins.worldmap.WorldMapPlugin@53e800f9, method=public void net.runelite.client.plugins.worldmap.WorldMapPlugin.onStatChanged(net.runelite.api.events.StatChanged), priority=0.0, lambda=net.runelite.client.plugins.worldmap.WorldMapPlugin$$Lambda/0x0000000100717470@78827e4)
2026-04-26 16:29:12 GMT [AWT-EventQueue-0] DEBUG n.runelite.client.eventbus.EventBus - Registering class net.runelite.client.events.ConfigChanged - EventBus.Subscriber(object=net.runelite.client.plugins.worldmap.WorldMapPlugin@53e800f9, method=public void net.runelite.client.plugins.worldmap.WorldMapPlugin.onConfigChanged(net.runelite.client.events.ConfigChanged), priority=0.0, lambda=net.runelite.client.plugins.worldmap.WorldMapPlugin$$Lambda/0x00000001007176a8@21824a96)
2026-04-26 16:29:12 GMT [AWT-EventQueue-0] DEBUG n.runelite.client.eventbus.EventBus - Registering class net.runelite.api.events.ScriptPostFired - EventBus.Subscriber(object=net.runelite.client.plugins.worldmap.WorldMapPlugin@53e800f9, method=public void net.runelite.client.plugins.worldmap.WorldMapPlugin.onScriptPostFired(net.runelite.api.events.ScriptPostFired), priority=0.0, lambda=net.runelite.client.plugins.worldmap.WorldMapPlugin$$Lambda/0x00000001007178e0@270e46cb)
2026-04-26 16:29:12 GMT [AWT-EventQueue-0] DEBUG n.r.client.plugins.PluginManager - Plugin XteaPlugin is now running
2026-04-26 16:29:12 GMT [AWT-EventQueue-0] DEBUG n.runelite.client.eventbus.EventBus - Registering class net.runelite.api.events.WorldViewLoaded - EventBus.Subscriber(object=net.runelite.client.plugins.xtea.XteaPlugin@726aa968, method=public void net.runelite.client.plugins.xtea.XteaPlugin.onWorldViewLoaded(net.runelite.api.events.WorldViewLoaded), priority=0.0, lambda=net.runelite.client.plugins.xtea.XteaPlugin$$Lambda/0x0000000100717d40@3f04f26b)
2026-04-26 16:29:12 GMT [AWT-EventQueue-0] DEBUG n.r.client.plugins.PluginManager - Plugin AccountPlugin is now running
2026-04-26 16:29:12 GMT [AWT-EventQueue-0] DEBUG n.runelite.client.eventbus.EventBus - Registering class net.runelite.client.events.SessionOpen - EventBus.Subscriber(object=net.runelite.client.plugins.account.AccountPlugin@36c2b646, method=public void net.runelite.client.plugins.account.AccountPlugin.onSessionOpen(net.runelite.client.events.SessionOpen), priority=0.0, lambda=net.runelite.client.plugins.account.AccountPlugin$$Lambda/0x000000010071d108@3959d77a)
2026-04-26 16:29:12 GMT [AWT-EventQueue-0] DEBUG n.runelite.client.eventbus.EventBus - Registering class net.runelite.client.events.SessionClose - EventBus.Subscriber(object=net.runelite.client.plugins.account.AccountPlugin@36c2b646, method=public void net.runelite.client.plugins.account.AccountPlugin.onSessionClose(net.runelite.client.events.SessionClose), priority=0.0, lambda=net.runelite.client.plugins.account.AccountPlugin$$Lambda/0x000000010071d340@586d525b)
2026-04-26 16:29:12 GMT [AWT-EventQueue-0] DEBUG n.r.client.plugins.PluginManager - Plugin NightmareZonePlugin is now running
2026-04-26 16:29:12 GMT [AWT-EventQueue-0] DEBUG n.runelite.client.eventbus.EventBus - Registering class net.runelite.api.events.BeforeRender - EventBus.Subscriber(object=net.runelite.client.plugins.nightmarezone.NightmareZonePlugin@7724704f, method=public void net.runelite.client.plugins.nightmarezone.NightmareZonePlugin.onBeforeRender(net.runelite.api.events.BeforeRender), priority=0.0, lambda=net.runelite.client.plugins.nightmarezone.NightmareZonePlugin$$Lambda/0x000000010071e760@7b37aaed)
2026-04-26 16:29:12 GMT [AWT-EventQueue-0] DEBUG n.runelite.client.eventbus.EventBus - Registering class net.runelite.api.events.GameTick - EventBus.Subscriber(object=net.runelite.client.plugins.nightmarezone.NightmareZonePlugin@7724704f, method=public void net.runelite.client.plugins.nightmarezone.NightmareZonePlugin.onGameTick(net.runelite.api.events.GameTick), priority=0.0, lambda=net.runelite.client.plugins.nightmarezone.NightmareZonePlugin$$Lambda/0x000000010071e998@437736da)
2026-04-26 16:29:12 GMT [AWT-EventQueue-0] DEBUG n.runelite.client.eventbus.EventBus - Registering class net.runelite.api.events.ChatMessage - EventBus.Subscriber(object=net.runelite.client.plugins.nightmarezone.NightmareZonePlugin@7724704f, method=public void net.runelite.client.plugins.nightmarezone.NightmareZonePlugin.onChatMessage(net.runelite.api.events.ChatMessage), priority=0.0, lambda=net.runelite.client.plugins.nightmarezone.NightmareZonePlugin$$Lambda/0x000000010071ee68@3e9da8c2)
2026-04-26 16:29:12 GMT [AWT-EventQueue-0] DEBUG n.runelite.client.eventbus.EventBus - Registering class net.runelite.client.events.ConfigChanged - EventBus.Subscriber(object=net.runelite.client.plugins.nightmarezone.NightmareZonePlugin@7724704f, method=public void net.runelite.client.plugins.nightmarezone.NightmareZonePlugin.onConfigChanged(net.runelite.client.events.ConfigChanged), priority=0.0, lambda=net.runelite.client.plugins.nightmarezone.NightmareZonePlugin$$Lambda/0x000000010071f0a0@78616bb4)
2026-04-26 16:29:12 GMT [AWT-EventQueue-0] DEBUG n.r.client.plugins.PluginManager - Plugin BarbarianAssaultPlugin is now running
2026-04-26 16:29:12 GMT [AWT-EventQueue-0] DEBUG n.runelite.client.eventbus.EventBus - Registering class net.runelite.api.events.WidgetLoaded - EventBus.Subscriber(object=net.runelite.client.plugins.barbarianassault.BarbarianAssaultPlugin@3d4e405e, method=public void net.runelite.client.plugins.barbarianassault.BarbarianAssaultPlugin.onWidgetLoaded(net.runelite.api.events.WidgetLoaded), priority=0.0, lambda=net.runelite.client.plugins.barbarianassault.BarbarianAssaultPlugin$$Lambda/0x000000010071f2d8@3406645e)
2026-04-26 16:29:12 GMT [AWT-EventQueue-0] DEBUG n.runelite.client.eventbus.EventBus - Registering class net.runelite.api.events.ChatMessage - EventBus.Subscriber(object=net.runelite.client.plugins.barbarianassault.BarbarianAssaultPlugin@3d4e405e, method=public void net.runelite.client.plugins.barbarianassault.BarbarianAssaultPlugin.onChatMessage(net.runelite.api.events.ChatMessage), priority=0.0, lambda=net.runelite.client.plugins.barbarianassault.BarbarianAssaultPlugin$$Lambda/0x000000010071f510@6b6f7750)
2026-04-26 16:29:12 GMT [AWT-EventQueue-0] DEBUG n.runelite.client.eventbus.EventBus - Registering class net.runelite.api.events.VarbitChanged - EventBus.Subscriber(object=net.runelite.client.plugins.barbarianassault.BarbarianAssaultPlugin@3d4e405e, method=public void net.runelite.client.plugins.barbarianassault.BarbarianAssaultPlugin.onVarbitChanged(net.runelite.api.events.VarbitChanged), priority=0.0, lambda=net.runelite.client.plugins.barbarianassault.BarbarianAssaultPlugin$$Lambda/0x000000010071f748@120eaf51)
2026-04-26 16:29:12 GMT [AWT-EventQueue-0] DEBUG n.r.client.plugins.PluginManager - Plugin PestControlPlugin is now running
2026-04-26 16:29:12 GMT [AWT-EventQueue-0] DEBUG n.runelite.client.eventbus.EventBus - Registering class net.runelite.api.events.NpcSpawned - EventBus.Subscriber(object=net.runelite.client.plugins.pestcontrol.PestControlPlugin@6573d2f7, method=public void net.runelite.client.plugins.pestcontrol.PestControlPlugin.onNpcSpawned(net.runelite.api.events.NpcSpawned), priority=0.0, lambda=net.runelite.client.plugins.pestcontrol.PestControlPlugin$$Lambda/0x000000010071f980@2132a7b9)
2026-04-26 16:29:12 GMT [AWT-EventQueue-0] DEBUG n.runelite.client.eventbus.EventBus - Registering class net.runelite.api.events.NpcDespawned - EventBus.Subscriber(object=net.runelite.client.plugins.pestcontrol.PestControlPlugin@6573d2f7, method=public void net.runelite.client.plugins.pestcontrol.PestControlPlugin.onNpcDespawned(net.runelite.api.events.NpcDespawned), priority=0.0, lambda=net.runelite.client.plugins.pestcontrol.PestControlPlugin$$Lambda/0x000000010071fbb8@7f24d2fe)
2026-04-26 16:29:12 GMT [AWT-EventQueue-0] DEBUG n.runelite.client.eventbus.EventBus - Registering class net.runelite.api.events.ChatMessage - EventBus.Subscriber(object=net.runelite.client.plugins.pestcontrol.PestControlPlugin@6573d2f7, method=public void net.runelite.client.plugins.pestcontrol.PestControlPlugin.onChatMessage(net.runelite.api.events.ChatMessage), priority=0.0, lambda=net.runelite.client.plugins.pestcontrol.PestControlPlugin$$Lambda/0x0000000100720000@4bbfcf0a)
2026-04-26 16:29:12 GMT [AWT-EventQueue-0] DEBUG n.runelite.client.eventbus.EventBus - Registering class net.runelite.api.events.GameStateChanged - EventBus.Subscriber(object=net.runelite.client.plugins.pestcontrol.PestControlPlugin@6573d2f7, method=public void net.runelite.client.plugins.pestcontrol.PestControlPlugin.onGameStateChanged(net.runelite.api.events.GameStateChanged), priority=0.0, lambda=net.runelite.client.plugins.pestcontrol.PestControlPlugin$$Lambda/0x0000000100720238@5b3ad9ba)
2026-04-26 16:29:12 GMT [AWT-EventQueue-0] DEBUG n.r.client.plugins.PluginManager - Plugin FpsPlugin is now running
2026-04-26 16:29:12 GMT [AWT-EventQueue-0] DEBUG n.runelite.client.eventbus.EventBus - Registering class net.runelite.api.events.FocusChanged - EventBus.Subscriber(object=net.runelite.client.plugins.fps.FpsPlugin@67e13bd0, method=public void net.runelite.client.plugins.fps.FpsPlugin.onFocusChanged(net.runelite.api.events.FocusChanged), priority=0.0, lambda=net.runelite.client.plugins.fps.FpsPlugin$$Lambda/0x0000000100720470@34174f08)
2026-04-26 16:29:12 GMT [AWT-EventQueue-0] DEBUG n.runelite.client.eventbus.EventBus - Registering class net.runelite.client.events.ConfigChanged - EventBus.Subscriber(object=net.runelite.client.plugins.fps.FpsPlugin@67e13bd0, method=public void net.runelite.client.plugins.fps.FpsPlugin.onConfigChanged(net.runelite.client.events.ConfigChanged), priority=0.0, lambda=net.runelite.client.plugins.fps.FpsPlugin$$Lambda/0x00000001007206a8@39fc18bd)
2026-04-26 16:29:12 GMT [AWT-EventQueue-0] DEBUG n.r.client.plugins.PluginManager - Plugin HerbiboarPlugin is now running
2026-04-26 16:29:12 GMT [AWT-EventQueue-0] DEBUG n.runelite.client.eventbus.EventBus - Registering class net.runelite.api.events.GroundObjectDespawned - EventBus.Subscriber(object=net.runelite.client.plugins.herbiboars.HerbiboarPlugin@142213d5, method=public void net.runelite.client.plugins.herbiboars.HerbiboarPlugin.onGroundObjectDespawned(net.runelite.api.events.GroundObjectDespawned), priority=0.0, lambda=net.runelite.client.plugins.herbiboars.HerbiboarPlugin$$Lambda/0x00000001007208e0@1d6d3be9)
2026-04-26 16:29:12 GMT [AWT-EventQueue-0] DEBUG n.runelite.client.eventbus.EventBus - Registering class net.runelite.api.events.GameStateChanged - EventBus.Subscriber(object=net.runelite.client.plugins.herbiboars.HerbiboarPlugin@142213d5, method=public void net.runelite.client.plugins.herbiboars.HerbiboarPlugin.onGameStateChanged(net.runelite.api.events.GameStateChanged), priority=0.0, lambda=net.runelite.client.plugins.herbiboars.HerbiboarPlugin$$Lambda/0x0000000100720b18@3abb090c)
2026-04-26 16:29:12 GMT [AWT-EventQueue-0] DEBUG n.runelite.client.eventbus.EventBus - Registering class net.runelite.api.events.MenuOptionClicked - EventBus.Subscriber(object=net.runelite.client.plugins.herbiboars.HerbiboarPlugin@142213d5, method=public void net.runelite.client.plugins.herbiboars.HerbiboarPlugin.onMenuOptionClicked(net.runelite.api.events.MenuOptionClicked), priority=0.0, lambda=net.runelite.client.plugins.herbiboars.HerbiboarPlugin$$Lambda/0x0000000100720d50@353f843e)
2026-04-26 16:29:12 GMT [AWT-EventQueue-0] DEBUG n.runelite.client.eventbus.EventBus - Registering class net.runelite.api.events.VarbitChanged - EventBus.Subscriber(object=net.runelite.client.plugins.herbiboars.HerbiboarPlugin@142213d5, method=public void net.runelite.client.plugins.herbiboars.HerbiboarPlugin.onVarbitChanged(net.runelite.api.events.VarbitChanged), priority=0.0, lambda=net.runelite.client.plugins.herbiboars.HerbiboarPlugin$$Lambda/0x0000000100720f88@7c00a78e)
2026-04-26 16:29:12 GMT [AWT-EventQueue-0] DEBUG n.runelite.client.eventbus.EventBus - Registering class net.runelite.api.events.GroundObjectSpawned - EventBus.Subscriber(object=net.runelite.client.plugins.herbiboars.HerbiboarPlugin@142213d5, method=public void net.runelite.client.plugins.herbiboars.HerbiboarPlugin.onGroundObjectSpawned(net.runelite.api.events.GroundObjectSpawned), priority=0.0, lambda=net.runelite.client.plugins.herbiboars.HerbiboarPlugin$$Lambda/0x00000001007211c0@3ec9dc29)
2026-04-26 16:29:12 GMT [AWT-EventQueue-0] DEBUG n.runelite.client.eventbus.EventBus - Registering class net.runelite.api.events.GameObjectSpawned - EventBus.Subscriber(object=net.runelite.client.plugins.herbiboars.HerbiboarPlugin@142213d5, method=public void net.runelite.client.plugins.herbiboars.HerbiboarPlugin.onGameObjectSpawned(net.runelite.api.events.GameObjectSpawned), priority=0.0, lambda=net.runelite.client.plugins.herbiboars.HerbiboarPlugin$$Lambda/0x00000001007213f8@507bb341)
2026-04-26 16:29:12 GMT [AWT-EventQueue-0] DEBUG n.runelite.client.eventbus.EventBus - Registering class net.runelite.api.events.GameObjectDespawned - EventBus.Subscriber(object=net.runelite.client.plugins.herbiboars.HerbiboarPlugin@142213d5, method=public void net.runelite.client.plugins.herbiboars.HerbiboarPlugin.onGameObjectDespawned(net.runelite.api.events.GameObjectDespawned), priority=0.0, lambda=net.runelite.client.plugins.herbiboars.HerbiboarPlugin$$Lambda/0x0000000100721630@227bfd1f)
2026-04-26 16:29:12 GMT [AWT-EventQueue-0] DEBUG n.r.client.plugins.PluginManager - Plugin XpDropPlugin is now running
2026-04-26 16:29:12 GMT [AWT-EventQueue-0] DEBUG n.runelite.client.eventbus.EventBus - Registering class net.runelite.api.events.GameTick - EventBus.Subscriber(object=net.runelite.client.plugins.xpdrop.XpDropPlugin@29149030, method=public void net.runelite.client.plugins.xpdrop.XpDropPlugin.onGameTick(net.runelite.api.events.GameTick), priority=0.0, lambda=net.runelite.client.plugins.xpdrop.XpDropPlugin$$Lambda/0x0000000100721868@15839d67)
2026-04-26 16:29:12 GMT [AWT-EventQueue-0] DEBUG n.runelite.client.eventbus.EventBus - Registering class net.runelite.api.events.StatChanged - EventBus.Subscriber(object=net.runelite.client.plugins.xpdrop.XpDropPlugin@29149030, method=public void net.runelite.client.plugins.xpdrop.XpDropPlugin.onStatChanged(net.runelite.api.events.StatChanged), priority=0.0, lambda=net.runelite.client.plugins.xpdrop.XpDropPlugin$$Lambda/0x0000000100721aa0@755f1f39)
2026-04-26 16:29:12 GMT [AWT-EventQueue-0] DEBUG n.runelite.client.eventbus.EventBus - Registering class net.runelite.api.events.ScriptPreFired - EventBus.Subscriber(object=net.runelite.client.plugins.xpdrop.XpDropPlugin@29149030, method=public void net.runelite.client.plugins.xpdrop.XpDropPlugin.onScriptPreFired(net.runelite.api.events.ScriptPreFired), priority=0.0, lambda=net.runelite.client.plugins.xpdrop.XpDropPlugin$$Lambda/0x0000000100721cd8@5e15401b)
2026-04-26 16:29:12 GMT [AWT-EventQueue-0] DEBUG n.r.client.plugins.PluginManager - Plugin CombatLevelPlugin is now running
2026-04-26 16:29:12 GMT [AWT-EventQueue-0] DEBUG n.runelite.client.eventbus.EventBus - Registering class net.runelite.api.events.StatChanged - EventBus.Subscriber(object=net.runelite.client.plugins.combatlevel.CombatLevelPlugin@53311681, method=private void net.runelite.client.plugins.combatlevel.CombatLevelPlugin.onStatChanged(net.runelite.api.events.StatChanged), priority=0.0, lambda=net.runelite.client.plugins.combatlevel.CombatLevelPlugin$$Lambda/0x0000000100722430@5249ac2d)
2026-04-26 16:29:12 GMT [AWT-EventQueue-0] DEBUG n.runelite.client.eventbus.EventBus - Registering class net.runelite.client.events.ConfigChanged - EventBus.Subscriber(object=net.runelite.client.plugins.combatlevel.CombatLevelPlugin@53311681, method=public void net.runelite.client.plugins.combatlevel.CombatLevelPlugin.onConfigChanged(net.runelite.client.events.ConfigChanged), priority=0.0, lambda=net.runelite.client.plugins.combatlevel.CombatLevelPlugin$$Lambda/0x0000000100722668@79f34b01)
2026-04-26 16:29:12 GMT [AWT-EventQueue-0] DEBUG n.runelite.client.eventbus.EventBus - Registering class net.runelite.api.events.ScriptPostFired - EventBus.Subscriber(object=net.runelite.client.plugins.combatlevel.CombatLevelPlugin@53311681, method=public void net.runelite.client.plugins.combatlevel.CombatLevelPlugin.onScriptPostFired(net.runelite.api.events.ScriptPostFired), priority=0.0, lambda=net.runelite.client.plugins.combatlevel.CombatLevelPlugin$$Lambda/0x00000001007228a0@cda9371)
2026-04-26 16:29:12 GMT [AWT-EventQueue-0] DEBUG n.runelite.client.eventbus.EventBus - Registering class net.runelite.api.events.ScriptPreFired - EventBus.Subscriber(object=net.runelite.client.plugins.combatlevel.CombatLevelPlugin@53311681, method=public void net.runelite.client.plugins.combatlevel.CombatLevelPlugin.onScriptPreFired(net.runelite.api.events.ScriptPreFired), priority=0.0, lambda=net.runelite.client.plugins.combatlevel.CombatLevelPlugin$$Lambda/0x0000000100722ad8@2cf37d6e)
2026-04-26 16:29:12 GMT [AWT-EventQueue-0] DEBUG n.r.client.plugins.PluginManager - Plugin FairyRingPlugin is now running
2026-04-26 16:29:12 GMT [AWT-EventQueue-0] DEBUG n.runelite.client.eventbus.EventBus - Registering class net.runelite.api.events.WidgetLoaded - EventBus.Subscriber(object=net.runelite.client.plugins.fairyring.FairyRingPlugin@4fa9ab6, method=public void net.runelite.client.plugins.fairyring.FairyRingPlugin.onWidgetLoaded(net.runelite.api.events.WidgetLoaded), priority=0.0, lambda=net.runelite.client.plugins.fairyring.FairyRingPlugin$$Lambda/0x0000000100722d10@c90ff2b)
2026-04-26 16:29:12 GMT [AWT-EventQueue-0] DEBUG n.runelite.client.eventbus.EventBus - Registering class net.runelite.api.events.GameTick - EventBus.Subscriber(object=net.runelite.client.plugins.fairyring.FairyRingPlugin@4fa9ab6, method=public void net.runelite.client.plugins.fairyring.FairyRingPlugin.onGameTick(net.runelite.api.events.GameTick), priority=0.0, lambda=net.runelite.client.plugins.fairyring.FairyRingPlugin$$Lambda/0x0000000100722f48@2871e12e)
2026-04-26 16:29:12 GMT [AWT-EventQueue-0] DEBUG n.runelite.client.eventbus.EventBus - Registering class net.runelite.api.events.MenuEntryAdded - EventBus.Subscriber(object=net.runelite.client.plugins.fairyring.FairyRingPlugin@4fa9ab6, method=public void net.runelite.client.plugins.fairyring.FairyRingPlugin.onMenuEntryAdded(net.runelite.api.events.MenuEntryAdded), priority=0.0, lambda=net.runelite.client.plugins.fairyring.FairyRingPlugin$$Lambda/0x0000000100723180@3afd74f0)
2026-04-26 16:29:12 GMT [AWT-EventQueue-0] DEBUG n.runelite.client.eventbus.EventBus - Registering class net.runelite.api.events.ScriptCallbackEvent - EventBus.Subscriber(object=net.runelite.client.plugins.fairyring.FairyRingPlugin@4fa9ab6, method=private void net.runelite.client.plugins.fairyring.FairyRingPlugin.onScriptCallbackEvent(net.runelite.api.events.ScriptCallbackEvent), priority=0.0, lambda=net.runelite.client.plugins.fairyring.FairyRingPlugin$$Lambda/0x00000001007233b8@75a924bf)
2026-04-26 16:29:12 GMT [AWT-EventQueue-0] DEBUG n.runelite.client.eventbus.EventBus - Registering class net.runelite.api.events.VarbitChanged - EventBus.Subscriber(object=net.runelite.client.plugins.fairyring.FairyRingPlugin@4fa9ab6, method=public void net.runelite.client.plugins.fairyring.FairyRingPlugin.onVarbitChanged(net.runelite.api.events.VarbitChanged), priority=0.0, lambda=net.runelite.client.plugins.fairyring.FairyRingPlugin$$Lambda/0x00000001007235f0@6813aa36)
2026-04-26 16:29:12 GMT [AWT-EventQueue-0] DEBUG n.r.client.plugins.PluginManager - Plugin ChatChannelPlugin is now running
2026-04-26 16:29:12 GMT [AWT-EventQueue-0] DEBUG n.runelite.client.eventbus.EventBus - Registering class net.runelite.api.events.GameTick - EventBus.Subscriber(object=net.runelite.client.plugins.chatchannel.ChatChannelPlugin@7b4a0aef, method=public void net.runelite.client.plugins.chatchannel.ChatChannelPlugin.onGameTick(net.runelite.api.events.GameTick), priority=0.0, lambda=net.runelite.client.plugins.chatchannel.ChatChannelPlugin$$Lambda/0x0000000100726450@24485f4)
2026-04-26 16:29:12 GMT [AWT-EventQueue-0] DEBUG n.runelite.client.eventbus.EventBus - Registering class net.runelite.api.events.FriendsChatMemberJoined - EventBus.Subscriber(object=net.runelite.client.plugins.chatchannel.ChatChannelPlugin@7b4a0aef, method=public void net.runelite.client.plugins.chatchannel.ChatChannelPlugin.onFriendsChatMemberJoined(net.runelite.api.events.FriendsChatMemberJoined), priority=0.0, lambda=net.runelite.client.plugins.chatchannel.ChatChannelPlugin$$Lambda/0x0000000100726688@4d346002)
2026-04-26 16:29:12 GMT [AWT-EventQueue-0] DEBUG n.runelite.client.eventbus.EventBus - Registering class net.runelite.api.events.FriendsChatMemberLeft - EventBus.Subscriber(object=net.runelite.client.plugins.chatchannel.ChatChannelPlugin@7b4a0aef, method=public void net.runelite.client.plugins.chatchannel.ChatChannelPlugin.onFriendsChatMemberLeft(net.runelite.api.events.FriendsChatMemberLeft), priority=0.0, lambda=net.runelite.client.plugins.chatchannel.ChatChannelPlugin$$Lambda/0x00000001007268c0@7056ae50)
2026-04-26 16:29:12 GMT [AWT-EventQueue-0] DEBUG n.runelite.client.eventbus.EventBus - Registering class net.runelite.api.events.GameStateChanged - EventBus.Subscriber(object=net.runelite.client.plugins.chatchannel.ChatChannelPlugin@7b4a0aef, method=public void net.runelite.client.plugins.chatchannel.ChatChannelPlugin.onGameStateChanged(net.runelite.api.events.GameStateChanged), priority=0.0, lambda=net.runelite.client.plugins.chatchannel.ChatChannelPlugin$$Lambda/0x0000000100726af8@32fe37a4)
2026-04-26 16:29:12 GMT [AWT-EventQueue-0] DEBUG n.runelite.client.eventbus.EventBus - Registering class net.runelite.client.events.ConfigChanged - EventBus.Subscriber(object=net.runelite.client.plugins.chatchannel.ChatChannelPlugin@7b4a0aef, method=public void net.runelite.client.plugins.chatchannel.ChatChannelPlugin.onConfigChanged(net.runelite.client.events.ConfigChanged), priority=0.0, lambda=net.runelite.client.plugins.chatchannel.ChatChannelPlugin$$Lambda/0x0000000100726d30@7edf9fda)
2026-04-26 16:29:12 GMT [AWT-EventQueue-0] DEBUG n.runelite.client.eventbus.EventBus - Registering class net.runelite.api.events.ScriptCallbackEvent - EventBus.Subscriber(object=net.runelite.client.plugins.chatchannel.ChatChannelPlugin@7b4a0aef, method=public void net.runelite.client.plugins.chatchannel.ChatChannelPlugin.onScriptCallbackEvent(net.runelite.api.events.ScriptCallbackEvent), priority=0.0, lambda=net.runelite.client.plugins.chatchannel.ChatChannelPlugin$$Lambda/0x0000000100726f68@42c64ab0)
2026-04-26 16:29:12 GMT [AWT-EventQueue-0] DEBUG n.runelite.client.eventbus.EventBus - Registering class net.runelite.api.events.ScriptPostFired - EventBus.Subscriber(object=net.runelite.client.plugins.chatchannel.ChatChannelPlugin@7b4a0aef, method=public void net.runelite.client.plugins.chatchannel.ChatChannelPlugin.onScriptPostFired(net.runelite.api.events.ScriptPostFired), priority=0.0, lambda=net.runelite.client.plugins.chatchannel.ChatChannelPlugin$$Lambda/0x00000001007271a0@f821f00)
2026-04-26 16:29:12 GMT [AWT-EventQueue-0] DEBUG n.runelite.client.eventbus.EventBus - Registering class net.runelite.api.events.ClanMemberJoined - EventBus.Subscriber(object=net.runelite.client.plugins.chatchannel.ChatChannelPlugin@7b4a0aef, method=public void net.runelite.client.plugins.chatchannel.ChatChannelPlugin.onClanMemberJoined(net.runelite.api.events.ClanMemberJoined), priority=0.0, lambda=net.runelite.client.plugins.chatchannel.ChatChannelPlugin$$Lambda/0x00000001007273d8@4ee731b7)
2026-04-26 16:29:12 GMT [AWT-EventQueue-0] DEBUG n.runelite.client.eventbus.EventBus - Registering class net.runelite.api.events.VarClientStrChanged - EventBus.Subscriber(object=net.runelite.client.plugins.chatchannel.ChatChannelPlugin@7b4a0aef, method=public void net.runelite.client.plugins.chatchannel.ChatChannelPlugin.onVarClientStrChanged(net.runelite.api.events.VarClientStrChanged), priority=0.0, lambda=net.runelite.client.plugins.chatchannel.ChatChannelPlugin$$Lambda/0x0000000100727610@57a40cb5)
2026-04-26 16:29:12 GMT [AWT-EventQueue-0] DEBUG n.runelite.client.eventbus.EventBus - Registering class net.runelite.api.events.ClanMemberLeft - EventBus.Subscriber(object=net.runelite.client.plugins.chatchannel.ChatChannelPlugin@7b4a0aef, method=public void net.runelite.client.plugins.chatchannel.ChatChannelPlugin.onClanMemberLeft(net.runelite.api.events.ClanMemberLeft), priority=0.0, lambda=net.runelite.client.plugins.chatchannel.ChatChannelPlugin$$Lambda/0x0000000100727848@3dd897ad)
2026-04-26 16:29:12 GMT [AWT-EventQueue-0] DEBUG n.runelite.client.eventbus.EventBus - Registering class net.runelite.api.events.FriendsChatChanged - EventBus.Subscriber(object=net.runelite.client.plugins.chatchannel.ChatChannelPlugin@7b4a0aef, method=public void net.runelite.client.plugins.chatchannel.ChatChannelPlugin.onFriendsChatChanged(net.runelite.api.events.FriendsChatChanged), priority=0.0, lambda=net.runelite.client.plugins.chatchannel.ChatChannelPlugin$$Lambda/0x0000000100727a80@9694e1e)
2026-04-26 16:29:12 GMT [AWT-EventQueue-0] DEBUG n.r.client.plugins.PluginManager - Plugin ItemChargePlugin is now running
2026-04-26 16:29:12 GMT [AWT-EventQueue-0] DEBUG n.runelite.client.eventbus.EventBus - Registering class net.runelite.api.events.WidgetLoaded - EventBus.Subscriber(object=net.runelite.client.plugins.itemcharges.ItemChargePlugin@4cb2918c, method=public void net.runelite.client.plugins.itemcharges.ItemChargePlugin.onWidgetLoaded(net.runelite.api.events.WidgetLoaded), priority=0.0, lambda=net.runelite.client.plugins.itemcharges.ItemChargePlugin$$Lambda/0x0000000100725000@7d127744)
2026-04-26 16:29:12 GMT [AWT-EventQueue-0] DEBUG n.runelite.client.eventbus.EventBus - Registering class net.runelite.api.events.ChatMessage - EventBus.Subscriber(object=net.runelite.client.plugins.itemcharges.ItemChargePlugin@4cb2918c, method=public void net.runelite.client.plugins.itemcharges.ItemChargePlugin.onChatMessage(net.runelite.api.events.ChatMessage), priority=0.0, lambda=net.runelite.client.plugins.itemcharges.ItemChargePlugin$$Lambda/0x0000000100725238@6c47f839)
2026-04-26 16:29:12 GMT [AWT-EventQueue-0] DEBUG n.runelite.client.eventbus.EventBus - Registering class net.runelite.api.events.GameStateChanged - EventBus.Subscriber(object=net.runelite.client.plugins.itemcharges.ItemChargePlugin@4cb2918c, method=public void net.runelite.client.plugins.itemcharges.ItemChargePlugin.onGameStateChanged(net.runelite.api.events.GameStateChanged), priority=0.0, lambda=net.runelite.client.plugins.itemcharges.ItemChargePlugin$$Lambda/0x0000000100725470@60027627)
2026-04-26 16:29:12 GMT [AWT-EventQueue-0] DEBUG n.runelite.client.eventbus.EventBus - Registering class net.runelite.client.events.ConfigChanged - EventBus.Subscriber(object=net.runelite.client.plugins.itemcharges.ItemChargePlugin@4cb2918c, method=public void net.runelite.client.plugins.itemcharges.ItemChargePlugin.onConfigChanged(net.runelite.client.events.ConfigChanged), priority=0.0, lambda=net.runelite.client.plugins.itemcharges.ItemChargePlugin$$Lambda/0x00000001007256a8@3f8de9f0)
2026-04-26 16:29:12 GMT [AWT-EventQueue-0] DEBUG n.runelite.client.eventbus.EventBus - Registering class net.runelite.api.events.VarbitChanged - EventBus.Subscriber(object=net.runelite.client.plugins.itemcharges.ItemChargePlugin@4cb2918c, method=private void net.runelite.client.plugins.itemcharges.ItemChargePlugin.onVarbitChanged(net.runelite.api.events.VarbitChanged), priority=0.0, lambda=net.runelite.client.plugins.itemcharges.ItemChargePlugin$$Lambda/0x00000001007258e0@6664fa58)
2026-04-26 16:29:12 GMT [AWT-EventQueue-0] DEBUG n.runelite.client.eventbus.EventBus - Registering class net.runelite.api.events.ItemContainerChanged - EventBus.Subscriber(object=net.runelite.client.plugins.itemcharges.ItemChargePlugin@4cb2918c, method=public void net.runelite.client.plugins.itemcharges.ItemChargePlugin.onItemContainerChanged(net.runelite.api.events.ItemContainerChanged), priority=0.0, lambda=net.runelite.client.plugins.itemcharges.ItemChargePlugin$$Lambda/0x0000000100725b18@18934dbd)
2026-04-26 16:29:12 GMT [AWT-EventQueue-0] DEBUG n.r.client.plugins.PluginManager - Plugin ItemStatPlugin is now running
2026-04-26 16:29:12 GMT [AWT-EventQueue-0] DEBUG n.runelite.client.eventbus.EventBus - Registering class net.runelite.api.events.GameTick - EventBus.Subscriber(object=net.runelite.client.plugins.itemstats.ItemStatPlugin@480ad82c, method=public void net.runelite.client.plugins.itemstats.ItemStatPlugin.onGameTick(net.runelite.api.events.GameTick), priority=0.0, lambda=net.runelite.client.plugins.itemstats.ItemStatPlugin$$Lambda/0x0000000100725d50@6c59e2d0)
2026-04-26 16:29:12 GMT [AWT-EventQueue-0] DEBUG n.runelite.client.eventbus.EventBus - Registering class net.runelite.client.events.ConfigChanged - EventBus.Subscriber(object=net.runelite.client.plugins.itemstats.ItemStatPlugin@480ad82c, method=public void net.runelite.client.plugins.itemstats.ItemStatPlugin.onConfigChanged(net.runelite.client.events.ConfigChanged), priority=0.0, lambda=net.runelite.client.plugins.itemstats.ItemStatPlugin$$Lambda/0x0000000100724800@291a06c4)
2026-04-26 16:29:12 GMT [AWT-EventQueue-0] DEBUG n.runelite.client.eventbus.EventBus - Registering class net.runelite.api.events.VarbitChanged - EventBus.Subscriber(object=net.runelite.client.plugins.itemstats.ItemStatPlugin@480ad82c, method=public void net.runelite.client.plugins.itemstats.ItemStatPlugin.onVarbitChanged(net.runelite.api.events.VarbitChanged), priority=0.0, lambda=net.runelite.client.plugins.itemstats.ItemStatPlugin$$Lambda/0x0000000100724a38@54de0567)
2026-04-26 16:29:12 GMT [AWT-EventQueue-0] DEBUG n.runelite.client.eventbus.EventBus - Registering class net.runelite.api.events.ScriptPostFired - EventBus.Subscriber(object=net.runelite.client.plugins.itemstats.ItemStatPlugin@480ad82c, method=public void net.runelite.client.plugins.itemstats.ItemStatPlugin.onScriptPostFired(net.runelite.api.events.ScriptPostFired), priority=0.0, lambda=net.runelite.client.plugins.itemstats.ItemStatPlugin$$Lambda/0x0000000100724c70@343177da)
2026-04-26 16:29:12 GMT [AWT-EventQueue-0] DEBUG n.r.client.plugins.PluginManager - Plugin FriendNotesPlugin is now running
2026-04-26 16:29:12 GMT [AWT-EventQueue-0] DEBUG n.runelite.client.eventbus.EventBus - Registering class net.runelite.client.events.ConfigChanged - EventBus.Subscriber(object=net.runelite.client.plugins.friendnotes.FriendNotesPlugin@3662bdff, method=public void net.runelite.client.plugins.friendnotes.FriendNotesPlugin.onConfigChanged(net.runelite.client.events.ConfigChanged), priority=0.0, lambda=net.runelite.client.plugins.friendnotes.FriendNotesPlugin$$Lambda/0x0000000100728a60@2bf8bec2)
2026-04-26 16:29:12 GMT [AWT-EventQueue-0] DEBUG n.runelite.client.eventbus.EventBus - Registering class net.runelite.api.events.MenuEntryAdded - EventBus.Subscriber(object=net.runelite.client.plugins.friendnotes.FriendNotesPlugin@3662bdff, method=public void net.runelite.client.plugins.friendnotes.FriendNotesPlugin.onMenuEntryAdded(net.runelite.api.events.MenuEntryAdded), priority=0.0, lambda=net.runelite.client.plugins.friendnotes.FriendNotesPlugin$$Lambda/0x0000000100728c98@2cdb1a62)
2026-04-26 16:29:12 GMT [AWT-EventQueue-0] DEBUG n.runelite.client.eventbus.EventBus - Registering class net.runelite.api.events.ScriptCallbackEvent - EventBus.Subscriber(object=net.runelite.client.plugins.friendnotes.FriendNotesPlugin@3662bdff, method=public void net.runelite.client.plugins.friendnotes.FriendNotesPlugin.onScriptCallbackEvent(net.runelite.api.events.ScriptCallbackEvent), priority=0.0, lambda=net.runelite.client.plugins.friendnotes.FriendNotesPlugin$$Lambda/0x0000000100728ed0@37398c9c)
2026-04-26 16:29:12 GMT [AWT-EventQueue-0] DEBUG n.runelite.client.eventbus.EventBus - Registering class net.runelite.api.events.NameableNameChanged - EventBus.Subscriber(object=net.runelite.client.plugins.friendnotes.FriendNotesPlugin@3662bdff, method=public void net.runelite.client.plugins.friendnotes.FriendNotesPlugin.onNameableNameChanged(net.runelite.api.events.NameableNameChanged), priority=0.0, lambda=net.runelite.client.plugins.friendnotes.FriendNotesPlugin$$Lambda/0x0000000100729108@20914a0e)
2026-04-26 16:29:12 GMT [AWT-EventQueue-0] DEBUG n.runelite.client.eventbus.EventBus - Registering class net.runelite.api.events.RemovedFriend - EventBus.Subscriber(object=net.runelite.client.plugins.friendnotes.FriendNotesPlugin@3662bdff, method=public void net.runelite.client.plugins.friendnotes.FriendNotesPlugin.onRemovedFriend(net.runelite.api.events.RemovedFriend), priority=0.0, lambda=net.runelite.client.plugins.friendnotes.FriendNotesPlugin$$Lambda/0x0000000100729340@4b407154)
2026-04-26 16:29:12 GMT [AWT-EventQueue-0] DEBUG n.r.client.plugins.PluginManager - Plugin BarrowsPlugin is now running
2026-04-26 16:29:12 GMT [AWT-EventQueue-0] DEBUG n.runelite.client.eventbus.EventBus - Registering class net.runelite.api.events.BeforeRender - EventBus.Subscriber(object=net.runelite.client.plugins.barrows.BarrowsPlugin@4afbb6c2, method=public void net.runelite.client.plugins.barrows.BarrowsPlugin.onBeforeRender(net.runelite.api.events.BeforeRender), priority=0.0, lambda=net.runelite.client.plugins.barrows.BarrowsPlugin$$Lambda/0x0000000100729578@402f9722)
2026-04-26 16:29:12 GMT [AWT-EventQueue-0] DEBUG n.runelite.client.eventbus.EventBus - Registering class net.runelite.api.events.WidgetLoaded - EventBus.Subscriber(object=net.runelite.client.plugins.barrows.BarrowsPlugin@4afbb6c2, method=public void net.runelite.client.plugins.barrows.BarrowsPlugin.onWidgetLoaded(net.runelite.api.events.WidgetLoaded), priority=0.0, lambda=net.runelite.client.plugins.barrows.BarrowsPlugin$$Lambda/0x00000001007297b0@4880f2b3)
2026-04-26 16:29:12 GMT [AWT-EventQueue-0] DEBUG n.runelite.client.eventbus.EventBus - Registering class net.runelite.api.events.WidgetClosed - EventBus.Subscriber(object=net.runelite.client.plugins.barrows.BarrowsPlugin@4afbb6c2, method=public void net.runelite.client.plugins.barrows.BarrowsPlugin.onWidgetClosed(net.runelite.api.events.WidgetClosed), priority=0.0, lambda=net.runelite.client.plugins.barrows.BarrowsPlugin$$Lambda/0x00000001007299e8@47fab47)
2026-04-26 16:29:12 GMT [AWT-EventQueue-0] DEBUG n.runelite.client.eventbus.EventBus - Registering class net.runelite.api.events.GameStateChanged - EventBus.Subscriber(object=net.runelite.client.plugins.barrows.BarrowsPlugin@4afbb6c2, method=public void net.runelite.client.plugins.barrows.BarrowsPlugin.onGameStateChanged(net.runelite.api.events.GameStateChanged), priority=0.0, lambda=net.runelite.client.plugins.barrows.BarrowsPlugin$$Lambda/0x0000000100729c20@5ae4658e)
2026-04-26 16:29:12 GMT [AWT-EventQueue-0] DEBUG n.runelite.client.eventbus.EventBus - Registering class net.runelite.client.events.ConfigChanged - EventBus.Subscriber(object=net.runelite.client.plugins.barrows.BarrowsPlugin@4afbb6c2, method=public void net.runelite.client.plugins.barrows.BarrowsPlugin.onConfigChanged(net.runelite.client.events.ConfigChanged), priority=0.0, lambda=net.runelite.client.plugins.barrows.BarrowsPlugin$$Lambda/0x0000000100729e58@3617067a)
2026-04-26 16:29:12 GMT [AWT-EventQueue-0] DEBUG n.r.client.plugins.PluginManager - Plugin TearsOfGuthixPlugin is now running
2026-04-26 16:29:12 GMT [AWT-EventQueue-0] DEBUG n.runelite.client.eventbus.EventBus - Registering class net.runelite.api.events.DecorativeObjectSpawned - EventBus.Subscriber(object=net.runelite.client.plugins.tearsofguthix.TearsOfGuthixPlugin@3f183caa, method=public void net.runelite.client.plugins.tearsofguthix.TearsOfGuthixPlugin.onDecorativeObjectSpawned(net.runelite.api.events.DecorativeObjectSpawned), priority=0.0, lambda=net.runelite.client.plugins.tearsofguthix.TearsOfGuthixPlugin$$Lambda/0x000000010072a090@3683d602)
2026-04-26 16:29:12 GMT [AWT-EventQueue-0] DEBUG n.runelite.client.eventbus.EventBus - Registering class net.runelite.api.events.DecorativeObjectDespawned - EventBus.Subscriber(object=net.runelite.client.plugins.tearsofguthix.TearsOfGuthixPlugin@3f183caa, method=public void net.runelite.client.plugins.tearsofguthix.TearsOfGuthixPlugin.onDecorativeObjectDespawned(net.runelite.api.events.DecorativeObjectDespawned), priority=0.0, lambda=net.runelite.client.plugins.tearsofguthix.TearsOfGuthixPlugin$$Lambda/0x000000010072a2c8@417ade6e)
2026-04-26 16:29:12 GMT [AWT-EventQueue-0] DEBUG n.runelite.client.eventbus.EventBus - Registering class net.runelite.api.events.GameStateChanged - EventBus.Subscriber(object=net.runelite.client.plugins.tearsofguthix.TearsOfGuthixPlugin@3f183caa, method=public void net.runelite.client.plugins.tearsofguthix.TearsOfGuthixPlugin.onGameStateChanged(net.runelite.api.events.GameStateChanged), priority=0.0, lambda=net.runelite.client.plugins.tearsofguthix.TearsOfGuthixPlugin$$Lambda/0x000000010072a500@18a46a52)
2026-04-26 16:29:12 GMT [AWT-EventQueue-0] DEBUG n.r.client.plugins.PluginManager - Plugin CorpPlugin is now running
2026-04-26 16:29:12 GMT [AWT-EventQueue-0] DEBUG n.runelite.client.eventbus.EventBus - Registering class net.runelite.api.events.NpcSpawned - EventBus.Subscriber(object=net.runelite.client.plugins.corp.CorpPlugin@43aeb5e0, method=public void net.runelite.client.plugins.corp.CorpPlugin.onNpcSpawned(net.runelite.api.events.NpcSpawned), priority=0.0, lambda=net.runelite.client.plugins.corp.CorpPlugin$$Lambda/0x000000010072a960@71bb30e3)
2026-04-26 16:29:12 GMT [AWT-EventQueue-0] DEBUG n.runelite.client.eventbus.EventBus - Registering class net.runelite.api.events.NpcDespawned - EventBus.Subscriber(object=net.runelite.client.plugins.corp.CorpPlugin@43aeb5e0, method=public void net.runelite.client.plugins.corp.CorpPlugin.onNpcDespawned(net.runelite.api.events.NpcDespawned), priority=0.0, lambda=net.runelite.client.plugins.corp.CorpPlugin$$Lambda/0x000000010072ab98@226cbf6f)
2026-04-26 16:29:12 GMT [AWT-EventQueue-0] DEBUG n.runelite.client.eventbus.EventBus - Registering class net.runelite.api.events.GameStateChanged - EventBus.Subscriber(object=net.runelite.client.plugins.corp.CorpPlugin@43aeb5e0, method=public void net.runelite.client.plugins.corp.CorpPlugin.onGameStateChanged(net.runelite.api.events.GameStateChanged), priority=0.0, lambda=net.runelite.client.plugins.corp.CorpPlugin$$Lambda/0x000000010072add0@1c147109)
2026-04-26 16:29:12 GMT [AWT-EventQueue-0] DEBUG n.runelite.client.eventbus.EventBus - Registering class net.runelite.api.events.MenuEntryAdded - EventBus.Subscriber(object=net.runelite.client.plugins.corp.CorpPlugin@43aeb5e0, method=public void net.runelite.client.plugins.corp.CorpPlugin.onMenuEntryAdded(net.runelite.api.events.MenuEntryAdded), priority=0.0, lambda=net.runelite.client.plugins.corp.CorpPlugin$$Lambda/0x000000010072b008@38eb0226)
2026-04-26 16:29:12 GMT [AWT-EventQueue-0] DEBUG n.runelite.client.eventbus.EventBus - Registering class net.runelite.api.events.VarbitChanged - EventBus.Subscriber(object=net.runelite.client.plugins.corp.CorpPlugin@43aeb5e0, method=public void net.runelite.client.plugins.corp.CorpPlugin.onVarbitChanged(net.runelite.api.events.VarbitChanged), priority=0.0, lambda=net.runelite.client.plugins.corp.CorpPlugin$$Lambda/0x000000010072b240@306548d2)
2026-04-26 16:29:12 GMT [AWT-EventQueue-0] DEBUG n.runelite.client.eventbus.EventBus - Registering class net.runelite.api.events.InteractingChanged - EventBus.Subscriber(object=net.runelite.client.plugins.corp.CorpPlugin@43aeb5e0, method=public void net.runelite.client.plugins.corp.CorpPlugin.onInteractingChanged(net.runelite.api.events.InteractingChanged), priority=0.0, lambda=net.runelite.client.plugins.corp.CorpPlugin$$Lambda/0x000000010072b478@750ad104)
2026-04-26 16:29:12 GMT [AWT-EventQueue-0] DEBUG n.runelite.client.eventbus.EventBus - Registering class net.runelite.api.events.HitsplatApplied - EventBus.Subscriber(object=net.runelite.client.plugins.corp.CorpPlugin@43aeb5e0, method=public void net.runelite.client.plugins.corp.CorpPlugin.onHitsplatApplied(net.runelite.api.events.HitsplatApplied), priority=0.0, lambda=net.runelite.client.plugins.corp.CorpPlugin$$Lambda/0x000000010072b6b0@57adb73b)
2026-04-26 16:29:12 GMT [AWT-EventQueue-0] DEBUG n.r.client.plugins.PluginManager - Plugin GroundMarkerPlugin is now running
2026-04-26 16:29:12 GMT [AWT-EventQueue-0] DEBUG n.runelite.client.eventbus.EventBus - Registering class net.runelite.client.events.ConfigChanged - EventBus.Subscriber(object=net.runelite.client.plugins.groundmarkers.GroundMarkerPlugin@7e72a6cc, method=public void net.runelite.client.plugins.groundmarkers.GroundMarkerPlugin.onConfigChanged(net.runelite.client.events.ConfigChanged), priority=0.0, lambda=net.runelite.client.plugins.groundmarkers.GroundMarkerPlugin$$Lambda/0x000000010072c1b0@3388eaee)
2026-04-26 16:29:12 GMT [AWT-EventQueue-0] DEBUG n.runelite.client.eventbus.EventBus - Registering class net.runelite.client.events.ProfileChanged - EventBus.Subscriber(object=net.runelite.client.plugins.groundmarkers.GroundMarkerPlugin@7e72a6cc, method=public void net.runelite.client.plugins.groundmarkers.GroundMarkerPlugin.onProfileChanged(net.runelite.client.events.ProfileChanged), priority=0.0, lambda=net.runelite.client.plugins.groundmarkers.GroundMarkerPlugin$$Lambda/0x000000010072c3e8@5b9979ce)
2026-04-26 16:29:12 GMT [AWT-EventQueue-0] DEBUG n.runelite.client.eventbus.EventBus - Registering class net.runelite.api.events.MenuEntryAdded - EventBus.Subscriber(object=net.runelite.client.plugins.groundmarkers.GroundMarkerPlugin@7e72a6cc, method=public void net.runelite.client.plugins.groundmarkers.GroundMarkerPlugin.onMenuEntryAdded(net.runelite.api.events.MenuEntryAdded), priority=0.0, lambda=net.runelite.client.plugins.groundmarkers.GroundMarkerPlugin$$Lambda/0x000000010072c620@6634d0a7)
2026-04-26 16:29:12 GMT [AWT-EventQueue-0] DEBUG n.runelite.client.eventbus.EventBus - Registering class net.runelite.api.events.WorldViewUnloaded - EventBus.Subscriber(object=net.runelite.client.plugins.groundmarkers.GroundMarkerPlugin@7e72a6cc, method=public void net.runelite.client.plugins.groundmarkers.GroundMarkerPlugin.onWorldViewUnloaded(net.runelite.api.events.WorldViewUnloaded), priority=0.0, lambda=net.runelite.client.plugins.groundmarkers.GroundMarkerPlugin$$Lambda/0x000000010072c858@48220d28)
2026-04-26 16:29:12 GMT [AWT-EventQueue-0] DEBUG n.runelite.client.eventbus.EventBus - Registering class net.runelite.api.events.WorldViewLoaded - EventBus.Subscriber(object=net.runelite.client.plugins.groundmarkers.GroundMarkerPlugin@7e72a6cc, method=public void net.runelite.client.plugins.groundmarkers.GroundMarkerPlugin.onWorldViewLoaded(net.runelite.api.events.WorldViewLoaded), priority=0.0, lambda=net.runelite.client.plugins.groundmarkers.GroundMarkerPlugin$$Lambda/0x000000010072ca90@661e7d39)
2026-04-26 16:29:12 GMT [AWT-EventQueue-0] DEBUG n.r.client.plugins.PluginManager - Plugin QuestListPlugin is now running
2026-04-26 16:29:12 GMT [AWT-EventQueue-0] DEBUG n.runelite.client.eventbus.EventBus - Registering class net.runelite.api.events.ScriptCallbackEvent - EventBus.Subscriber(object=net.runelite.client.plugins.questlist.QuestListPlugin@123d7057, method=public void net.runelite.client.plugins.questlist.QuestListPlugin.onScriptCallbackEvent(net.runelite.api.events.ScriptCallbackEvent), priority=0.0, lambda=net.runelite.client.plugins.questlist.QuestListPlugin$$Lambda/0x000000010072cef0@623ad34f)
2026-04-26 16:29:12 GMT [AWT-EventQueue-0] DEBUG n.runelite.client.eventbus.EventBus - Registering class net.runelite.api.events.VarbitChanged - EventBus.Subscriber(object=net.runelite.client.plugins.questlist.QuestListPlugin@123d7057, method=public void net.runelite.client.plugins.questlist.QuestListPlugin.onVarbitChanged(net.runelite.api.events.VarbitChanged), priority=0.0, lambda=net.runelite.client.plugins.questlist.QuestListPlugin$$Lambda/0x000000010072d128@152667d4)
2026-04-26 16:29:12 GMT [AWT-EventQueue-0] DEBUG n.runelite.client.eventbus.EventBus - Registering class net.runelite.api.events.ScriptPostFired - EventBus.Subscriber(object=net.runelite.client.plugins.questlist.QuestListPlugin@123d7057, method=public void net.runelite.client.plugins.questlist.QuestListPlugin.onScriptPostFired(net.runelite.api.events.ScriptPostFired), priority=0.0, lambda=net.runelite.client.plugins.questlist.QuestListPlugin$$Lambda/0x000000010072d360@75882417)
2026-04-26 16:29:12 GMT [AWT-EventQueue-0] DEBUG n.runelite.client.eventbus.EventBus - Registering class net.runelite.api.events.VarClientIntChanged - EventBus.Subscriber(object=net.runelite.client.plugins.questlist.QuestListPlugin@123d7057, method=public void net.runelite.client.plugins.questlist.QuestListPlugin.onVarClientIntChanged(net.runelite.api.events.VarClientIntChanged), priority=0.0, lambda=net.runelite.client.plugins.questlist.QuestListPlugin$$Lambda/0x000000010072d598@617a93cf)
2026-04-26 16:29:12 GMT [AWT-EventQueue-0] DEBUG net.runelite.client.input.KeyManager - Registering key listener: net.runelite.client.plugins.grandexchange.GrandExchangeInputListener@68717ed8
2026-04-26 16:29:12 GMT [AWT-EventQueue-0] DEBUG n.r.client.plugins.PluginManager - Plugin GrandExchangePlugin is now running
2026-04-26 16:29:12 GMT [AWT-EventQueue-0] DEBUG n.runelite.client.eventbus.EventBus - Registering class net.runelite.client.events.SessionOpen - EventBus.Subscriber(object=net.runelite.client.plugins.grandexchange.GrandExchangePlugin@19a31b9d, method=public void net.runelite.client.plugins.grandexchange.GrandExchangePlugin.onSessionOpen(net.runelite.client.events.SessionOpen), priority=0.0, lambda=net.runelite.client.plugins.grandexchange.GrandExchangePlugin$$Lambda/0x0000000100736780@5b2c1ae9)
2026-04-26 16:29:12 GMT [AWT-EventQueue-0] DEBUG n.runelite.client.eventbus.EventBus - Registering class net.runelite.client.events.SessionClose - EventBus.Subscriber(object=net.runelite.client.plugins.grandexchange.GrandExchangePlugin@19a31b9d, method=public void net.runelite.client.plugins.grandexchange.GrandExchangePlugin.onSessionClose(net.runelite.client.events.SessionClose), priority=0.0, lambda=net.runelite.client.plugins.grandexchange.GrandExchangePlugin$$Lambda/0x00000001007369b8@37580bf2)
2026-04-26 16:29:12 GMT [AWT-EventQueue-0] DEBUG n.runelite.client.eventbus.EventBus - Registering class net.runelite.api.events.FocusChanged - EventBus.Subscriber(object=net.runelite.client.plugins.grandexchange.GrandExchangePlugin@19a31b9d, method=public void net.runelite.client.plugins.grandexchange.GrandExchangePlugin.onFocusChanged(net.runelite.api.events.FocusChanged), priority=0.0, lambda=net.runelite.client.plugins.grandexchange.GrandExchangePlugin$$Lambda/0x0000000100736bf0@442d479b)
2026-04-26 16:29:12 GMT [AWT-EventQueue-0] DEBUG n.runelite.client.eventbus.EventBus - Registering class net.runelite.api.events.ChatMessage - EventBus.Subscriber(object=net.runelite.client.plugins.grandexchange.GrandExchangePlugin@19a31b9d, method=public void net.runelite.client.plugins.grandexchange.GrandExchangePlugin.onChatMessage(net.runelite.api.events.ChatMessage), priority=0.0, lambda=net.runelite.client.plugins.grandexchange.GrandExchangePlugin$$Lambda/0x0000000100736e28@6149168)
2026-04-26 16:29:12 GMT [AWT-EventQueue-0] DEBUG n.runelite.client.eventbus.EventBus - Registering class net.runelite.api.events.GrandExchangeSearched - EventBus.Subscriber(object=net.runelite.client.plugins.grandexchange.GrandExchangePlugin@19a31b9d, method=public void net.runelite.client.plugins.grandexchange.GrandExchangePlugin.onGrandExchangeSearched(net.runelite.api.events.GrandExchangeSearched), priority=-100.0, lambda=net.runelite.client.plugins.grandexchange.GrandExchangePlugin$$Lambda/0x0000000100737060@38d8f726)
2026-04-26 16:29:12 GMT [AWT-EventQueue-0] DEBUG n.runelite.client.eventbus.EventBus - Registering class net.runelite.api.events.GrandExchangeOfferChanged - EventBus.Subscriber(object=net.runelite.client.plugins.grandexchange.GrandExchangePlugin@19a31b9d, method=public void net.runelite.client.plugins.grandexchange.GrandExchangePlugin.onGrandExchangeOfferChanged(net.runelite.api.events.GrandExchangeOfferChanged), priority=0.0, lambda=net.runelite.client.plugins.grandexchange.GrandExchangePlugin$$Lambda/0x0000000100737298@4bc9a57c)
2026-04-26 16:29:12 GMT [AWT-EventQueue-0] DEBUG n.runelite.client.eventbus.EventBus - Registering class net.runelite.api.events.GameStateChanged - EventBus.Subscriber(object=net.runelite.client.plugins.grandexchange.GrandExchangePlugin@19a31b9d, method=public void net.runelite.client.plugins.grandexchange.GrandExchangePlugin.onGameStateChanged(net.runelite.api.events.GameStateChanged), priority=0.0, lambda=net.runelite.client.plugins.grandexchange.GrandExchangePlugin$$Lambda/0x00000001007374d0@19c235da)
2026-04-26 16:29:12 GMT [AWT-EventQueue-0] DEBUG n.runelite.client.eventbus.EventBus - Registering class net.runelite.client.events.ConfigChanged - EventBus.Subscriber(object=net.runelite.client.plugins.grandexchange.GrandExchangePlugin@19a31b9d, method=public void net.runelite.client.plugins.grandexchange.GrandExchangePlugin.onConfigChanged(net.runelite.client.events.ConfigChanged), priority=0.0, lambda=net.runelite.client.plugins.grandexchange.GrandExchangePlugin$$Lambda/0x0000000100737708@51ab7667)
2026-04-26 16:29:12 GMT [AWT-EventQueue-0] DEBUG n.runelite.client.eventbus.EventBus - Registering class net.runelite.api.events.MenuEntryAdded - EventBus.Subscriber(object=net.runelite.client.plugins.grandexchange.GrandExchangePlugin@19a31b9d, method=public void net.runelite.client.plugins.grandexchange.GrandExchangePlugin.onMenuEntryAdded(net.runelite.api.events.MenuEntryAdded), priority=0.0, lambda=net.runelite.client.plugins.grandexchange.GrandExchangePlugin$$Lambda/0x0000000100737940@5beed3e3)
2026-04-26 16:29:12 GMT [AWT-EventQueue-0] DEBUG n.runelite.client.eventbus.EventBus - Registering class net.runelite.api.events.ScriptCallbackEvent - EventBus.Subscriber(object=net.runelite.client.plugins.grandexchange.GrandExchangePlugin@19a31b9d, method=public void net.runelite.client.plugins.grandexchange.GrandExchangePlugin.onScriptCallbackEvent(net.runelite.api.events.ScriptCallbackEvent), priority=0.0, lambda=net.runelite.client.plugins.grandexchange.GrandExchangePlugin$$Lambda/0x0000000100737b78@78c7f139)
2026-04-26 16:29:12 GMT [AWT-EventQueue-0] DEBUG n.runelite.client.eventbus.EventBus - Registering class net.runelite.api.events.ScriptPostFired - EventBus.Subscriber(object=net.runelite.client.plugins.grandexchange.GrandExchangePlugin@19a31b9d, method=public void net.runelite.client.plugins.grandexchange.GrandExchangePlugin.onScriptPostFired(net.runelite.api.events.ScriptPostFired), priority=0.0, lambda=net.runelite.client.plugins.grandexchange.GrandExchangePlugin$$Lambda/0x0000000100737db0@5415fcb5)
2026-04-26 16:29:12 GMT [AWT-EventQueue-0] DEBUG net.runelite.client.input.KeyManager - Registering key listener: net.runelite.client.plugins.screenshot.ScreenshotPlugin$1@47b8c6ff
2026-04-26 16:29:12 GMT [AWT-EventQueue-0] DEBUG n.r.client.plugins.PluginManager - Plugin ScreenshotPlugin is now running
2026-04-26 16:29:12 GMT [AWT-EventQueue-0] DEBUG n.runelite.client.eventbus.EventBus - Registering class net.runelite.api.events.WidgetLoaded - EventBus.Subscriber(object=net.runelite.client.plugins.screenshot.ScreenshotPlugin@60c73e58, method=public void net.runelite.client.plugins.screenshot.ScreenshotPlugin.onWidgetLoaded(net.runelite.api.events.WidgetLoaded), priority=0.0, lambda=net.runelite.client.plugins.screenshot.ScreenshotPlugin$$Lambda/0x0000000100732448@79c4a520)
2026-04-26 16:29:12 GMT [AWT-EventQueue-0] DEBUG n.runelite.client.eventbus.EventBus - Registering class net.runelite.api.events.GameTick - EventBus.Subscriber(object=net.runelite.client.plugins.screenshot.ScreenshotPlugin@60c73e58, method=public void net.runelite.client.plugins.screenshot.ScreenshotPlugin.onGameTick(net.runelite.api.events.GameTick), priority=0.0, lambda=net.runelite.client.plugins.screenshot.ScreenshotPlugin$$Lambda/0x0000000100732680@6795703f)
2026-04-26 16:29:12 GMT [AWT-EventQueue-0] DEBUG n.runelite.client.eventbus.EventBus - Registering class net.runelite.api.events.ChatMessage - EventBus.Subscriber(object=net.runelite.client.plugins.screenshot.ScreenshotPlugin@60c73e58, method=public void net.runelite.client.plugins.screenshot.ScreenshotPlugin.onChatMessage(net.runelite.api.events.ChatMessage), priority=0.0, lambda=net.runelite.client.plugins.screenshot.ScreenshotPlugin$$Lambda/0x00000001007328b8@5fd72dc9)
2026-04-26 16:29:12 GMT [AWT-EventQueue-0] DEBUG n.runelite.client.eventbus.EventBus - Registering class net.runelite.api.events.ActorDeath - EventBus.Subscriber(object=net.runelite.client.plugins.screenshot.ScreenshotPlugin@60c73e58, method=public void net.runelite.client.plugins.screenshot.ScreenshotPlugin.onActorDeath(net.runelite.api.events.ActorDeath), priority=0.0, lambda=net.runelite.client.plugins.screenshot.ScreenshotPlugin$$Lambda/0x0000000100732af0@144c291e)
2026-04-26 16:29:12 GMT [AWT-EventQueue-0] DEBUG n.runelite.client.eventbus.EventBus - Registering class net.runelite.api.events.ScriptCallbackEvent - EventBus.Subscriber(object=net.runelite.client.plugins.screenshot.ScreenshotPlugin@60c73e58, method=public void net.runelite.client.plugins.screenshot.ScreenshotPlugin.onScriptCallbackEvent(net.runelite.api.events.ScriptCallbackEvent), priority=0.0, lambda=net.runelite.client.plugins.screenshot.ScreenshotPlugin$$Lambda/0x0000000100732d28@42ec5968)
2026-04-26 16:29:12 GMT [AWT-EventQueue-0] DEBUG n.runelite.client.eventbus.EventBus - Registering class net.runelite.api.events.ScriptPostFired - EventBus.Subscriber(object=net.runelite.client.plugins.screenshot.ScreenshotPlugin@60c73e58, method=public void net.runelite.client.plugins.screenshot.ScreenshotPlugin.onScriptPostFired(net.runelite.api.events.ScriptPostFired), priority=0.0, lambda=net.runelite.client.plugins.screenshot.ScreenshotPlugin$$Lambda/0x0000000100732f60@4a819c41)
2026-04-26 16:29:12 GMT [AWT-EventQueue-0] DEBUG n.runelite.client.eventbus.EventBus - Registering class net.runelite.api.events.ScriptPreFired - EventBus.Subscriber(object=net.runelite.client.plugins.screenshot.ScreenshotPlugin@60c73e58, method=public void net.runelite.client.plugins.screenshot.ScreenshotPlugin.onScriptPreFired(net.runelite.api.events.ScriptPreFired), priority=0.0, lambda=net.runelite.client.plugins.screenshot.ScreenshotPlugin$$Lambda/0x0000000100733198@52879d63)
2026-04-26 16:29:12 GMT [AWT-EventQueue-0] DEBUG n.runelite.client.eventbus.EventBus - Registering class net.runelite.api.events.PostClientTick - EventBus.Subscriber(object=net.runelite.client.plugins.screenshot.ScreenshotPlugin@60c73e58, method=private void net.runelite.client.plugins.screenshot.ScreenshotPlugin.onPostClientTick(net.runelite.api.events.PostClientTick), priority=0.0, lambda=net.runelite.client.plugins.screenshot.ScreenshotPlugin$$Lambda/0x00000001007333d0@295cb8f7)
2026-04-26 16:29:12 GMT [AWT-EventQueue-0] DEBUG n.runelite.client.eventbus.EventBus - Registering class net.runelite.api.events.AnimationChanged - EventBus.Subscriber(object=net.runelite.client.plugins.screenshot.ScreenshotPlugin@60c73e58, method=public void net.runelite.client.plugins.screenshot.ScreenshotPlugin.onAnimationChanged(net.runelite.api.events.AnimationChanged), priority=0.0, lambda=net.runelite.client.plugins.screenshot.ScreenshotPlugin$$Lambda/0x0000000100733608@3043880d)
2026-04-26 16:29:12 GMT [AWT-EventQueue-0] DEBUG n.runelite.client.eventbus.EventBus - Registering class net.runelite.client.events.PlayerLootReceived - EventBus.Subscriber(object=net.runelite.client.plugins.screenshot.ScreenshotPlugin@60c73e58, method=public void net.runelite.client.plugins.screenshot.ScreenshotPlugin.onPlayerLootReceived(net.runelite.client.events.PlayerLootReceived), priority=0.0, lambda=net.runelite.client.plugins.screenshot.ScreenshotPlugin$$Lambda/0x0000000100733840@595ec234)
2026-04-26 16:29:12 GMT [AWT-EventQueue-0] DEBUG n.runelite.client.eventbus.EventBus - Registering class net.runelite.api.events.ScriptPreFired - EventBus.Subscriber(object=net.runelite.client.plugins.wiki.WikiDpsManager@56dbd78f, method=public void net.runelite.client.plugins.wiki.WikiDpsManager.onScriptPreFired(net.runelite.api.events.ScriptPreFired), priority=0.0, lambda=net.runelite.client.plugins.wiki.WikiDpsManager$$Lambda/0x0000000100738228@689b9bcd)
2026-04-26 16:29:12 GMT [AWT-EventQueue-0] DEBUG n.r.client.plugins.PluginManager - Plugin WikiPlugin is now running
2026-04-26 16:29:12 GMT [AWT-EventQueue-0] DEBUG n.runelite.client.eventbus.EventBus - Registering class net.runelite.api.events.WidgetLoaded - EventBus.Subscriber(object=net.runelite.client.plugins.wiki.WikiPlugin@6fbc1bb, method=private void net.runelite.client.plugins.wiki.WikiPlugin.onWidgetLoaded(net.runelite.api.events.WidgetLoaded), priority=0.0, lambda=net.runelite.client.plugins.wiki.WikiPlugin$$Lambda/0x00000001007388d0@1770ec70)
2026-04-26 16:29:12 GMT [AWT-EventQueue-0] DEBUG n.runelite.client.eventbus.EventBus - Registering class net.runelite.client.events.ConfigChanged - EventBus.Subscriber(object=net.runelite.client.plugins.wiki.WikiPlugin@6fbc1bb, method=public void net.runelite.client.plugins.wiki.WikiPlugin.onConfigChanged(net.runelite.client.events.ConfigChanged), priority=0.0, lambda=net.runelite.client.plugins.wiki.WikiPlugin$$Lambda/0x0000000100738b08@5a33460c)
2026-04-26 16:29:12 GMT [AWT-EventQueue-0] DEBUG n.runelite.client.eventbus.EventBus - Registering class net.runelite.api.events.MenuEntryAdded - EventBus.Subscriber(object=net.runelite.client.plugins.wiki.WikiPlugin@6fbc1bb, method=public void net.runelite.client.plugins.wiki.WikiPlugin.onMenuEntryAdded(net.runelite.api.events.MenuEntryAdded), priority=0.0, lambda=net.runelite.client.plugins.wiki.WikiPlugin$$Lambda/0x0000000100738d40@2c74b844)
2026-04-26 16:29:12 GMT [AWT-EventQueue-0] DEBUG n.runelite.client.eventbus.EventBus - Registering class net.runelite.api.events.MenuOptionClicked - EventBus.Subscriber(object=net.runelite.client.plugins.wiki.WikiPlugin@6fbc1bb, method=private void net.runelite.client.plugins.wiki.WikiPlugin.onMenuOptionClicked(net.runelite.api.events.MenuOptionClicked), priority=0.0, lambda=net.runelite.client.plugins.wiki.WikiPlugin$$Lambda/0x0000000100738f78@455a14bb)
2026-04-26 16:29:12 GMT [AWT-EventQueue-0] DEBUG n.runelite.client.eventbus.EventBus - Registering class net.runelite.api.events.ScriptPostFired - EventBus.Subscriber(object=net.runelite.client.plugins.wiki.WikiPlugin@6fbc1bb, method=public void net.runelite.client.plugins.wiki.WikiPlugin.onScriptPostFired(net.runelite.api.events.ScriptPostFired), priority=0.0, lambda=net.runelite.client.plugins.wiki.WikiPlugin$$Lambda/0x00000001007391b0@4e16ab8f)
2026-04-26 16:29:12 GMT [AWT-EventQueue-0] DEBUG n.r.client.plugins.PluginManager - Plugin SkillCalculatorPlugin is now running
2026-04-26 16:29:12 GMT [AWT-EventQueue-0] DEBUG n.runelite.client.eventbus.EventBus - Registering class net.runelite.api.events.WorldChanged - EventBus.Subscriber(object=net.runelite.client.plugins.skillcalculator.SkillCalculatorPlugin@66f28a1f, method=public void net.runelite.client.plugins.skillcalculator.SkillCalculatorPlugin.onWorldChanged(net.runelite.api.events.WorldChanged), priority=0.0, lambda=net.runelite.client.plugins.skillcalculator.SkillCalculatorPlugin$$Lambda/0x00000001007888d8@fbf24d)
2026-04-26 16:29:12 GMT [AWT-EventQueue-0] DEBUG n.r.client.plugins.PluginManager - Plugin DefaultWorldPlugin is now running
2026-04-26 16:29:12 GMT [AWT-EventQueue-0] DEBUG n.runelite.client.eventbus.EventBus - Registering class net.runelite.api.events.WorldChanged - EventBus.Subscriber(object=net.runelite.client.plugins.defaultworld.DefaultWorldPlugin@3003e580, method=public void net.runelite.client.plugins.defaultworld.DefaultWorldPlugin.onWorldChanged(net.runelite.api.events.WorldChanged), priority=0.0, lambda=net.runelite.client.plugins.defaultworld.DefaultWorldPlugin$$Lambda/0x0000000100788d38@54652135)
2026-04-26 16:29:12 GMT [AWT-EventQueue-0] DEBUG n.r.client.plugins.PluginManager - Plugin ImplingsPlugin is now running
2026-04-26 16:29:12 GMT [AWT-EventQueue-0] DEBUG n.runelite.client.eventbus.EventBus - Registering class net.runelite.api.events.NpcSpawned - EventBus.Subscriber(object=net.runelite.client.plugins.implings.ImplingsPlugin@27329d2a, method=public void net.runelite.client.plugins.implings.ImplingsPlugin.onNpcSpawned(net.runelite.api.events.NpcSpawned), priority=0.0, lambda=net.runelite.client.plugins.implings.ImplingsPlugin$$Lambda/0x0000000100788f70@4a58d55)
2026-04-26 16:29:12 GMT [AWT-EventQueue-0] DEBUG n.runelite.client.eventbus.EventBus - Registering class net.runelite.api.events.NpcChanged - EventBus.Subscriber(object=net.runelite.client.plugins.implings.ImplingsPlugin@27329d2a, method=public void net.runelite.client.plugins.implings.ImplingsPlugin.onNpcChanged(net.runelite.api.events.NpcChanged), priority=0.0, lambda=net.runelite.client.plugins.implings.ImplingsPlugin$$Lambda/0x00000001007891a8@68f0005a)
2026-04-26 16:29:12 GMT [AWT-EventQueue-0] DEBUG n.runelite.client.eventbus.EventBus - Registering class net.runelite.client.events.ConfigChanged - EventBus.Subscriber(object=net.runelite.client.plugins.implings.ImplingsPlugin@27329d2a, method=private void net.runelite.client.plugins.implings.ImplingsPlugin.onConfigChanged(net.runelite.client.events.ConfigChanged), priority=0.0, lambda=net.runelite.client.plugins.implings.ImplingsPlugin$$Lambda/0x00000001007893e0@34ad028f)
2026-04-26 16:29:12 GMT [AWT-EventQueue-0] DEBUG n.r.client.plugins.PluginManager - Plugin RunecraftPlugin is now running
2026-04-26 16:29:12 GMT [AWT-EventQueue-0] DEBUG n.runelite.client.eventbus.EventBus - Registering class net.runelite.api.events.ChatMessage - EventBus.Subscriber(object=net.runelite.client.plugins.runecraft.RunecraftPlugin@1e60b459, method=public void net.runelite.client.plugins.runecraft.RunecraftPlugin.onChatMessage(net.runelite.api.events.ChatMessage), priority=0.0, lambda=net.runelite.client.plugins.runecraft.RunecraftPlugin$$Lambda/0x0000000100789618@dac0d53)
2026-04-26 16:29:12 GMT [AWT-EventQueue-0] DEBUG n.runelite.client.eventbus.EventBus - Registering class net.runelite.api.events.DecorativeObjectSpawned - EventBus.Subscriber(object=net.runelite.client.plugins.runecraft.RunecraftPlugin@1e60b459, method=public void net.runelite.client.plugins.runecraft.RunecraftPlugin.onDecorativeObjectSpawned(net.runelite.api.events.DecorativeObjectSpawned), priority=0.0, lambda=net.runelite.client.plugins.runecraft.RunecraftPlugin$$Lambda/0x0000000100789850@182fba1d)
2026-04-26 16:29:12 GMT [AWT-EventQueue-0] DEBUG n.runelite.client.eventbus.EventBus - Registering class net.runelite.api.events.DecorativeObjectDespawned - EventBus.Subscriber(object=net.runelite.client.plugins.runecraft.RunecraftPlugin@1e60b459, method=public void net.runelite.client.plugins.runecraft.RunecraftPlugin.onDecorativeObjectDespawned(net.runelite.api.events.DecorativeObjectDespawned), priority=0.0, lambda=net.runelite.client.plugins.runecraft.RunecraftPlugin$$Lambda/0x0000000100789a88@5fba7ab)
2026-04-26 16:29:12 GMT [AWT-EventQueue-0] DEBUG n.runelite.client.eventbus.EventBus - Registering class net.runelite.api.events.GameStateChanged - EventBus.Subscriber(object=net.runelite.client.plugins.runecraft.RunecraftPlugin@1e60b459, method=public void net.runelite.client.plugins.runecraft.RunecraftPlugin.onGameStateChanged(net.runelite.api.events.GameStateChanged), priority=0.0, lambda=net.runelite.client.plugins.runecraft.RunecraftPlugin$$Lambda/0x0000000100789cc0@7f4f6f45)
2026-04-26 16:29:12 GMT [AWT-EventQueue-0] DEBUG n.runelite.client.eventbus.EventBus - Registering class net.runelite.api.events.ItemContainerChanged - EventBus.Subscriber(object=net.runelite.client.plugins.runecraft.RunecraftPlugin@1e60b459, method=public void net.runelite.client.plugins.runecraft.RunecraftPlugin.onItemContainerChanged(net.runelite.api.events.ItemContainerChanged), priority=0.0, lambda=net.runelite.client.plugins.runecraft.RunecraftPlugin$$Lambda/0x0000000100789ef8@48251159)
2026-04-26 16:29:12 GMT [AWT-EventQueue-0] DEBUG n.r.client.plugins.PluginManager - Plugin KourendLibraryPlugin is now running
2026-04-26 16:29:12 GMT [AWT-EventQueue-0] DEBUG n.runelite.client.eventbus.EventBus - Registering class net.runelite.api.events.GameTick - EventBus.Subscriber(object=net.runelite.client.plugins.kourendlibrary.KourendLibraryPlugin@1697f2b3, method=public void net.runelite.client.plugins.kourendlibrary.KourendLibraryPlugin.onGameTick(net.runelite.api.events.GameTick), priority=0.0, lambda=net.runelite.client.plugins.kourendlibrary.KourendLibraryPlugin$$Lambda/0x000000010078b2a8@4707d045)
2026-04-26 16:29:12 GMT [AWT-EventQueue-0] DEBUG n.runelite.client.eventbus.EventBus - Registering class net.runelite.api.events.NpcSpawned - EventBus.Subscriber(object=net.runelite.client.plugins.kourendlibrary.KourendLibraryPlugin@1697f2b3, method=public void net.runelite.client.plugins.kourendlibrary.KourendLibraryPlugin.onNpcSpawned(net.runelite.api.events.NpcSpawned), priority=0.0, lambda=net.runelite.client.plugins.kourendlibrary.KourendLibraryPlugin$$Lambda/0x000000010078b4e0@779c9b74)
2026-04-26 16:29:12 GMT [AWT-EventQueue-0] DEBUG n.runelite.client.eventbus.EventBus - Registering class net.runelite.api.events.NpcDespawned - EventBus.Subscriber(object=net.runelite.client.plugins.kourendlibrary.KourendLibraryPlugin@1697f2b3, method=public void net.runelite.client.plugins.kourendlibrary.KourendLibraryPlugin.onNpcDespawned(net.runelite.api.events.NpcDespawned), priority=0.0, lambda=net.runelite.client.plugins.kourendlibrary.KourendLibraryPlugin$$Lambda/0x000000010078b718@698231f4)
2026-04-26 16:29:12 GMT [AWT-EventQueue-0] DEBUG n.runelite.client.eventbus.EventBus - Registering class net.runelite.api.events.ChatMessage - EventBus.Subscriber(object=net.runelite.client.plugins.kourendlibrary.KourendLibraryPlugin@1697f2b3, method=public void net.runelite.client.plugins.kourendlibrary.KourendLibraryPlugin.onChatMessage(net.runelite.api.events.ChatMessage), priority=0.0, lambda=net.runelite.client.plugins.kourendlibrary.KourendLibraryPlugin$$Lambda/0x000000010078b950@3b65f10)
2026-04-26 16:29:12 GMT [AWT-EventQueue-0] DEBUG n.runelite.client.eventbus.EventBus - Registering class net.runelite.api.events.GameStateChanged - EventBus.Subscriber(object=net.runelite.client.plugins.kourendlibrary.KourendLibraryPlugin@1697f2b3, method=public void net.runelite.client.plugins.kourendlibrary.KourendLibraryPlugin.onGameStateChanged(net.runelite.api.events.GameStateChanged), priority=0.0, lambda=net.runelite.client.plugins.kourendlibrary.KourendLibraryPlugin$$Lambda/0x000000010078bb88@19ad2d80)
2026-04-26 16:29:12 GMT [AWT-EventQueue-0] DEBUG n.runelite.client.eventbus.EventBus - Registering class net.runelite.client.events.ConfigChanged - EventBus.Subscriber(object=net.runelite.client.plugins.kourendlibrary.KourendLibraryPlugin@1697f2b3, method=public void net.runelite.client.plugins.kourendlibrary.KourendLibraryPlugin.onConfigChanged(net.runelite.client.events.ConfigChanged), priority=0.0, lambda=net.runelite.client.plugins.kourendlibrary.KourendLibraryPlugin$$Lambda/0x000000010078bdc0@293bed18)
2026-04-26 16:29:12 GMT [AWT-EventQueue-0] DEBUG n.runelite.client.eventbus.EventBus - Registering class net.runelite.api.events.MenuOptionClicked - EventBus.Subscriber(object=net.runelite.client.plugins.kourendlibrary.KourendLibraryPlugin@1697f2b3, method=public void net.runelite.client.plugins.kourendlibrary.KourendLibraryPlugin.onMenuOptionClicked(net.runelite.api.events.MenuOptionClicked), priority=0.0, lambda=net.runelite.client.plugins.kourendlibrary.KourendLibraryPlugin$$Lambda/0x000000010078e000@7d98eea4)
2026-04-26 16:29:12 GMT [AWT-EventQueue-0] DEBUG n.runelite.client.eventbus.EventBus - Registering class net.runelite.api.events.ItemContainerChanged - EventBus.Subscriber(object=net.runelite.client.plugins.kourendlibrary.KourendLibraryPlugin@1697f2b3, method=public void net.runelite.client.plugins.kourendlibrary.KourendLibraryPlugin.onItemContainerChanged(net.runelite.api.events.ItemContainerChanged), priority=0.0, lambda=net.runelite.client.plugins.kourendlibrary.KourendLibraryPlugin$$Lambda/0x000000010078e238@30bcaab9)
2026-04-26 16:29:12 GMT [AWT-EventQueue-0] DEBUG n.runelite.client.eventbus.EventBus - Registering class net.runelite.api.events.AnimationChanged - EventBus.Subscriber(object=net.runelite.client.plugins.kourendlibrary.KourendLibraryPlugin@1697f2b3, method=public void net.runelite.client.plugins.kourendlibrary.KourendLibraryPlugin.onAnimationChanged(net.runelite.api.events.AnimationChanged), priority=0.0, lambda=net.runelite.client.plugins.kourendlibrary.KourendLibraryPlugin$$Lambda/0x000000010078e6b8@4f9ad632)
2026-04-26 16:29:12 GMT [AWT-EventQueue-0] DEBUG net.runelite.client.input.KeyManager - Registering key listener: net.runelite.client.plugins.worldhopper.WorldHopperPlugin$1@47e9103a
2026-04-26 16:29:12 GMT [AWT-EventQueue-0] DEBUG net.runelite.client.input.KeyManager - Registering key listener: net.runelite.client.plugins.worldhopper.WorldHopperPlugin$2@12d5931c
2026-04-26 16:29:12 GMT [AWT-EventQueue-0] DEBUG n.r.client.plugins.PluginManager - Plugin WorldHopperPlugin is now running
2026-04-26 16:29:12 GMT [AWT-EventQueue-0] DEBUG n.runelite.client.eventbus.EventBus - Registering class net.runelite.api.events.GameTick - EventBus.Subscriber(object=net.runelite.client.plugins.worldhopper.WorldHopperPlugin@2ecf5915, method=public void net.runelite.client.plugins.worldhopper.WorldHopperPlugin.onGameTick(net.runelite.api.events.GameTick), priority=0.0, lambda=net.runelite.client.plugins.worldhopper.WorldHopperPlugin$$Lambda/0x0000000100790678@38d3681c)
2026-04-26 16:29:12 GMT [AWT-EventQueue-0] DEBUG n.runelite.client.eventbus.EventBus - Registering class net.runelite.api.events.ChatMessage - EventBus.Subscriber(object=net.runelite.client.plugins.worldhopper.WorldHopperPlugin@2ecf5915, method=public void net.runelite.client.plugins.worldhopper.WorldHopperPlugin.onChatMessage(net.runelite.api.events.ChatMessage), priority=0.0, lambda=net.runelite.client.plugins.worldhopper.WorldHopperPlugin$$Lambda/0x00000001007908b0@501263b4)
2026-04-26 16:29:12 GMT [AWT-EventQueue-0] DEBUG n.runelite.client.eventbus.EventBus - Registering class net.runelite.client.events.WorldsFetch - EventBus.Subscriber(object=net.runelite.client.plugins.worldhopper.WorldHopperPlugin@2ecf5915, method=public void net.runelite.client.plugins.worldhopper.WorldHopperPlugin.onWorldsFetch(net.runelite.client.events.WorldsFetch), priority=0.0, lambda=net.runelite.client.plugins.worldhopper.WorldHopperPlugin$$Lambda/0x0000000100790ae8@ebaf0f7)
2026-04-26 16:29:12 GMT [AWT-EventQueue-0] DEBUG n.runelite.client.eventbus.EventBus - Registering class net.runelite.api.events.GameStateChanged - EventBus.Subscriber(object=net.runelite.client.plugins.worldhopper.WorldHopperPlugin@2ecf5915, method=public void net.runelite.client.plugins.worldhopper.WorldHopperPlugin.onGameStateChanged(net.runelite.api.events.GameStateChanged), priority=0.0, lambda=net.runelite.client.plugins.worldhopper.WorldHopperPlugin$$Lambda/0x0000000100790d20@3f1c0959)
2026-04-26 16:29:12 GMT [AWT-EventQueue-0] DEBUG n.runelite.client.eventbus.EventBus - Registering class net.runelite.client.events.ConfigChanged - EventBus.Subscriber(object=net.runelite.client.plugins.worldhopper.WorldHopperPlugin@2ecf5915, method=public void net.runelite.client.plugins.worldhopper.WorldHopperPlugin.onConfigChanged(net.runelite.client.events.ConfigChanged), priority=0.0, lambda=net.runelite.client.plugins.worldhopper.WorldHopperPlugin$$Lambda/0x0000000100790f58@1c7e710a)
2026-04-26 16:29:12 GMT [AWT-EventQueue-0] DEBUG n.runelite.client.eventbus.EventBus - Registering class net.runelite.api.events.MenuEntryAdded - EventBus.Subscriber(object=net.runelite.client.plugins.worldhopper.WorldHopperPlugin@2ecf5915, method=public void net.runelite.client.plugins.worldhopper.WorldHopperPlugin.onMenuEntryAdded(net.runelite.api.events.MenuEntryAdded), priority=0.0, lambda=net.runelite.client.plugins.worldhopper.WorldHopperPlugin$$Lambda/0x0000000100791190@39081603)
2026-04-26 16:29:12 GMT [AWT-EventQueue-0] DEBUG n.runelite.client.eventbus.EventBus - Registering class net.runelite.api.events.VarbitChanged - EventBus.Subscriber(object=net.runelite.client.plugins.worldhopper.WorldHopperPlugin@2ecf5915, method=public void net.runelite.client.plugins.worldhopper.WorldHopperPlugin.onVarbitChanged(net.runelite.api.events.VarbitChanged), priority=0.0, lambda=net.runelite.client.plugins.worldhopper.WorldHopperPlugin$$Lambda/0x00000001007917d8@43fe15bf)
2026-04-26 16:29:12 GMT [AWT-EventQueue-0] DEBUG n.runelite.client.eventbus.EventBus - Registering class net.runelite.api.events.CommandExecuted - EventBus.Subscriber(object=net.runelite.client.plugins.worldhopper.WorldHopperPlugin@2ecf5915, method=public void net.runelite.client.plugins.worldhopper.WorldHopperPlugin.onCommandExecuted(net.runelite.api.events.CommandExecuted), priority=0.0, lambda=net.runelite.client.plugins.worldhopper.WorldHopperPlugin$$Lambda/0x0000000100791a10@503e90fc)
2026-04-26 16:29:12 GMT [AWT-EventQueue-0] DEBUG n.runelite.client.eventbus.EventBus - Registering class net.runelite.api.events.WorldListLoad - EventBus.Subscriber(object=net.runelite.client.plugins.worldhopper.WorldHopperPlugin@2ecf5915, method=public void net.runelite.client.plugins.worldhopper.WorldHopperPlugin.onWorldListLoad(net.runelite.api.events.WorldListLoad), priority=0.0, lambda=net.runelite.client.plugins.worldhopper.WorldHopperPlugin$$Lambda/0x0000000100791c48@7113f4e8)
2026-04-26 16:29:12 GMT [pool-5-thread-1] ERROR n.r.c.util.RunnableExceptionLogger - Uncaught exception in runnable net.runelite.client.plugins.worldhopper.WorldHopperPlugin$$Lambda/0x000000010078c400@58b63b29
java.lang.NoClassDefFoundError: Could not initialize class com.sun.jna.Native
	at net.runelite.client.plugins.worldhopper.ping.RLLibC.<clinit>(RLLibC.java:34)
	at net.runelite.client.plugins.worldhopper.ping.Ping.icmpPing(Ping.java:149)
	at net.runelite.client.plugins.worldhopper.ping.Ping.ping(Ping.java:99)
	at net.runelite.client.plugins.worldhopper.WorldHopperPlugin.ping(WorldHopperPlugin.java:965)
	at net.runelite.client.plugins.worldhopper.WorldHopperPlugin.pingInitialWorlds(WorldHopperPlugin.java:850)
	at net.runelite.client.util.RunnableExceptionLogger.run(RunnableExceptionLogger.java:41)
	at java.base/java.util.concurrent.Executors$RunnableAdapter.call(Executors.java:572)
	at java.base/java.util.concurrent.FutureTask.run(FutureTask.java:317)
	at java.base/java.util.concurrent.ScheduledThreadPoolExecutor$ScheduledFutureTask.run(ScheduledThreadPoolExecutor.java:304)
	at java.base/java.util.concurrent.ThreadPoolExecutor.runWorker(ThreadPoolExecutor.java:1144)
	at java.base/java.util.concurrent.ThreadPoolExecutor$Worker.run(ThreadPoolExecutor.java:642)
	at java.base/java.lang.Thread.run(Thread.java:1583)
Caused by: java.lang.ExceptionInInitializerError: Exception java.lang.UnsatisfiedLinkError: /data/data/com.termux/files/usr/var/lib/proot-distro/installed-rootfs/ubuntu/root/.cache/JNA/temp/jna10771909490584996266.tmp: dlopen failed: cannot find "libc.so.6" from verneed[0] in DT_NEEDED list for "/data/data/com.termux/files/usr/var/lib/proot-distro/installed-rootfs/ubuntu/root/.cache/JNA/temp/jna10771909490584996266.tmp" [in thread "main"]
	at java.base/jdk.internal.loader.NativeLibraries.load(Native Method)
	at java.base/jdk.internal.loader.NativeLibraries$NativeLibraryImpl.open(NativeLibraries.java:331)
	at java.base/jdk.internal.loader.NativeLibraries.loadLibrary(NativeLibraries.java:197)
	at java.base/jdk.internal.loader.NativeLibraries.loadLibrary(NativeLibraries.java:139)
	at java.base/java.lang.ClassLoader.loadLibrary(ClassLoader.java:2418)
	at java.base/java.lang.Runtime.load0(Runtime.java:852)
	at java.base/java.lang.System.load(System.java:2025)
	at com.sun.jna.Native.loadNativeDispatchLibraryFromClasspath(Native.java:1019)
	at com.sun.jna.Native.loadNativeDispatchLibrary(Native.java:989)
	at com.sun.jna.Native.<clinit>(Native.java:195)
	at net.runelite.discord.DiscordRPC.<clinit>(DiscordRPC.java:42)
	at net.runelite.client.discord.DiscordService.<init>(DiscordService.java:85)
	at java.base/jdk.internal.reflect.DirectConstructorHandleAccessor.newInstance(DirectConstructorHandleAccessor.java:62)
	at java.base/java.lang.reflect.Constructor.newInstanceWithCaller(Constructor.java:502)
	at java.base/java.lang.reflect.Constructor.newInstance(Constructor.java:486)
	at com.google.inject.internal.DefaultConstructionProxyFactory$ReflectiveProxy.newInstance(DefaultConstructionProxyFactory.java:126)
	at com.google.inject.internal.ConstructorInjector.provision(ConstructorInjector.java:111)
	at com.google.inject.internal.ConstructorInjector.construct(ConstructorInjector.java:90)
	at com.google.inject.internal.ConstructorBindingImpl$Factory.get(ConstructorBindingImpl.java:268)
	at com.google.inject.internal.ProviderToInternalFactoryAdapter$1.call(ProviderToInternalFactoryAdapter.java:46)
	at com.google.inject.internal.InjectorImpl.callInContext(InjectorImpl.java:1092)
	at com.google.inject.internal.ProviderToInternalFactoryAdapter.get(ProviderToInternalFactoryAdapter.java:40)
	at com.google.inject.internal.SingletonScope$1.get(SingletonScope.java:194)
	at com.google.inject.internal.InternalFactoryToProviderAdapter.get(InternalFactoryToProviderAdapter.java:41)
	at com.google.inject.internal.SingleFieldInjector.inject(SingleFieldInjector.java:54)
	at com.google.inject.internal.MembersInjectorImpl.injectMembers(MembersInjectorImpl.java:132)
	at com.google.inject.internal.ConstructorInjector.provision(ConstructorInjector.java:120)
	at com.google.inject.internal.ConstructorInjector.construct(ConstructorInjector.java:90)
	at com.google.inject.internal.ConstructorBindingImpl$Factory.get(ConstructorBindingImpl.java:268)
	at com.google.inject.internal.ProviderToInternalFactoryAdapter$1.call(ProviderToInternalFactoryAdapter.java:46)
	at com.google.inject.internal.InjectorImpl.callInContext(InjectorImpl.java:1092)
	at com.google.inject.internal.ProviderToInternalFactoryAdapter.get(ProviderToInternalFactoryAdapter.java:40)
	at com.google.inject.internal.SingletonScope$1.get(SingletonScope.java:194)
	at com.google.inject.internal.InternalFactoryToProviderAdapter.get(InternalFactoryToProviderAdapter.java:41)
	at com.google.inject.internal.InjectorImpl$2$1.call(InjectorImpl.java:1019)
	at com.google.inject.internal.InjectorImpl.callInContext(InjectorImpl.java:1085)
	at com.google.inject.internal.InjectorImpl$2.get(InjectorImpl.java:1015)
	at com.google.inject.internal.InjectorImpl.getInstance(InjectorImpl.java:1054)
	at net.runelite.client.RuneLite.main(RuneLite.java:274)
2026-04-26 16:29:12 GMT [AWT-EventQueue-0] DEBUG n.r.client.plugins.PluginManager - Plugin ScreenMarkerPlugin is now running
2026-04-26 16:29:12 GMT [AWT-EventQueue-0] DEBUG n.runelite.client.eventbus.EventBus - Registering class net.runelite.client.events.ProfileChanged - EventBus.Subscriber(object=net.runelite.client.plugins.screenmarkers.ScreenMarkerPlugin@ebe067d, method=public void net.runelite.client.plugins.screenmarkers.ScreenMarkerPlugin.onProfileChanged(net.runelite.client.events.ProfileChanged), priority=0.0, lambda=net.runelite.client.plugins.screenmarkers.ScreenMarkerPlugin$$Lambda/0x0000000100794050@39b4e7f5)
2026-04-26 16:29:12 GMT [AWT-EventQueue-0] DEBUG n.r.client.plugins.PluginManager - Plugin ReportButtonPlugin is now running
2026-04-26 16:29:12 GMT [AWT-EventQueue-0] DEBUG n.runelite.client.eventbus.EventBus - Registering class net.runelite.api.events.GameTick - EventBus.Subscriber(object=net.runelite.client.plugins.reportbutton.ReportButtonPlugin@5e9f73b, method=public void net.runelite.client.plugins.reportbutton.ReportButtonPlugin.onGameTick(net.runelite.api.events.GameTick), priority=0.0, lambda=net.runelite.client.plugins.reportbutton.ReportButtonPlugin$$Lambda/0x00000001007944b0@43a00cb9)
2026-04-26 16:29:12 GMT [AWT-EventQueue-0] DEBUG n.runelite.client.eventbus.EventBus - Registering class net.runelite.api.events.GameStateChanged - EventBus.Subscriber(object=net.runelite.client.plugins.reportbutton.ReportButtonPlugin@5e9f73b, method=public void net.runelite.client.plugins.reportbutton.ReportButtonPlugin.onGameStateChanged(net.runelite.api.events.GameStateChanged), priority=0.0, lambda=net.runelite.client.plugins.reportbutton.ReportButtonPlugin$$Lambda/0x00000001007946e8@5c22f854)
2026-04-26 16:29:12 GMT [AWT-EventQueue-0] DEBUG n.runelite.client.eventbus.EventBus - Registering class net.runelite.client.events.ConfigChanged - EventBus.Subscriber(object=net.runelite.client.plugins.reportbutton.ReportButtonPlugin@5e9f73b, method=public void net.runelite.client.plugins.reportbutton.ReportButtonPlugin.onConfigChanged(net.runelite.client.events.ConfigChanged), priority=0.0, lambda=net.runelite.client.plugins.reportbutton.ReportButtonPlugin$$Lambda/0x0000000100794920@5ae6bf6b)
2026-04-26 16:29:12 GMT [AWT-EventQueue-0] DEBUG n.r.client.plugins.PluginManager - Scheduled task ScheduledMethod(schedule=@net.runelite.client.task.Schedule(asynchronous=false, period=500L, unit=MILLIS), method=public void net.runelite.client.plugins.reportbutton.ReportButtonPlugin.updateSchedule(), object=net.runelite.client.plugins.reportbutton.ReportButtonPlugin@5e9f73b, lambda=net.runelite.client.plugins.reportbutton.ReportButtonPlugin$$Lambda/0x0000000100794b58@4a75034c, last=2026-04-26T16:29:12.980754945Z)
2026-04-26 16:29:12 GMT [AWT-EventQueue-0] DEBUG n.r.client.plugins.PluginManager - Plugin DiaryRequirementsPlugin is now running
2026-04-26 16:29:12 GMT [AWT-EventQueue-0] DEBUG n.runelite.client.eventbus.EventBus - Registering class net.runelite.api.events.WidgetLoaded - EventBus.Subscriber(object=net.runelite.client.plugins.achievementdiary.DiaryRequirementsPlugin@3667faa8, method=public void net.runelite.client.plugins.achievementdiary.DiaryRequirementsPlugin.onWidgetLoaded(net.runelite.api.events.WidgetLoaded), priority=0.0, lambda=net.runelite.client.plugins.achievementdiary.DiaryRequirementsPlugin$$Lambda/0x0000000100794d80@623c5e0a)
2026-04-26 16:29:12 GMT [AWT-EventQueue-0] DEBUG net.runelite.client.input.KeyManager - Registering key listener: net.runelite.client.plugins.bank.BankPlugin$1@33670dcf
2026-04-26 16:29:12 GMT [AWT-EventQueue-0] DEBUG n.r.client.plugins.PluginManager - Plugin BankPlugin is now running
2026-04-26 16:29:12 GMT [AWT-EventQueue-0] DEBUG n.runelite.client.eventbus.EventBus - Registering class net.runelite.api.events.WidgetLoaded - EventBus.Subscriber(object=net.runelite.client.plugins.bank.BankPlugin@518ddd3b, method=public void net.runelite.client.plugins.bank.BankPlugin.onWidgetLoaded(net.runelite.api.events.WidgetLoaded), priority=0.0, lambda=net.runelite.client.plugins.bank.BankPlugin$$Lambda/0x0000000100794fb8@4bf31ebf)
2026-04-26 16:29:12 GMT [AWT-EventQueue-0] DEBUG n.runelite.client.eventbus.EventBus - Registering class net.runelite.api.events.MenuEntryAdded - EventBus.Subscriber(object=net.runelite.client.plugins.bank.BankPlugin@518ddd3b, method=public void net.runelite.client.plugins.bank.BankPlugin.onMenuEntryAdded(net.runelite.api.events.MenuEntryAdded), priority=0.0, lambda=net.runelite.client.plugins.bank.BankPlugin$$Lambda/0x00000001007951f0@403da018)
2026-04-26 16:29:12 GMT [AWT-EventQueue-0] DEBUG n.runelite.client.eventbus.EventBus - Registering class net.runelite.api.events.ScriptCallbackEvent - EventBus.Subscriber(object=net.runelite.client.plugins.bank.BankPlugin@518ddd3b, method=public void net.runelite.client.plugins.bank.BankPlugin.onScriptCallbackEvent(net.runelite.api.events.ScriptCallbackEvent), priority=0.0, lambda=net.runelite.client.plugins.bank.BankPlugin$$Lambda/0x0000000100795428@12bf7180)
2026-04-26 16:29:12 GMT [AWT-EventQueue-0] DEBUG n.runelite.client.eventbus.EventBus - Registering class net.runelite.api.events.ItemContainerChanged - EventBus.Subscriber(object=net.runelite.client.plugins.bank.BankPlugin@518ddd3b, method=public void net.runelite.client.plugins.bank.BankPlugin.onItemContainerChanged(net.runelite.api.events.ItemContainerChanged), priority=0.0, lambda=net.runelite.client.plugins.bank.BankPlugin$$Lambda/0x0000000100795660@a0b5664)
2026-04-26 16:29:12 GMT [AWT-EventQueue-0] DEBUG n.runelite.client.eventbus.EventBus - Registering class net.runelite.api.events.ScriptPostFired - EventBus.Subscriber(object=net.runelite.client.plugins.bank.BankPlugin@518ddd3b, method=public void net.runelite.client.plugins.bank.BankPlugin.onScriptPostFired(net.runelite.api.events.ScriptPostFired), priority=0.0, lambda=net.runelite.client.plugins.bank.BankPlugin$$Lambda/0x0000000100795898@76e18aee)
2026-04-26 16:29:12 GMT [AWT-EventQueue-0] DEBUG n.runelite.client.eventbus.EventBus - Registering class net.runelite.api.events.ScriptPreFired - EventBus.Subscriber(object=net.runelite.client.plugins.bank.BankPlugin@518ddd3b, method=public void net.runelite.client.plugins.bank.BankPlugin.onScriptPreFired(net.runelite.api.events.ScriptPreFired), priority=1.0, lambda=net.runelite.client.plugins.bank.BankPlugin$$Lambda/0x0000000100795ad0@5992c887)
2026-04-26 16:29:12 GMT [AWT-EventQueue-0] DEBUG n.runelite.client.eventbus.EventBus - Registering class net.runelite.api.events.MenuShouldLeftClick - EventBus.Subscriber(object=net.runelite.client.plugins.bank.BankPlugin@518ddd3b, method=public void net.runelite.client.plugins.bank.BankPlugin.onMenuShouldLeftClick(net.runelite.api.events.MenuShouldLeftClick), priority=0.0, lambda=net.runelite.client.plugins.bank.BankPlugin$$Lambda/0x0000000100795d08@62fb73c4)
2026-04-26 16:29:13 GMT [AWT-EventQueue-0] DEBUG n.r.client.plugins.PluginManager - Plugin RegenMeterPlugin is now running
2026-04-26 16:29:13 GMT [AWT-EventQueue-0] DEBUG n.runelite.client.eventbus.EventBus - Registering class net.runelite.api.events.GameTick - EventBus.Subscriber(object=net.runelite.client.plugins.regenmeter.RegenMeterPlugin@4b960b5b, method=public void net.runelite.client.plugins.regenmeter.RegenMeterPlugin.onGameTick(net.runelite.api.events.GameTick), priority=0.0, lambda=net.runelite.client.plugins.regenmeter.RegenMeterPlugin$$Lambda/0x0000000100795f40@558c0d38)
2026-04-26 16:29:13 GMT [AWT-EventQueue-0] DEBUG n.runelite.client.eventbus.EventBus - Registering class net.runelite.api.events.GameStateChanged - EventBus.Subscriber(object=net.runelite.client.plugins.regenmeter.RegenMeterPlugin@4b960b5b, method=private void net.runelite.client.plugins.regenmeter.RegenMeterPlugin.onGameStateChanged(net.runelite.api.events.GameStateChanged), priority=0.0, lambda=net.runelite.client.plugins.regenmeter.RegenMeterPlugin$$Lambda/0x0000000100796178@785a6d2d)
2026-04-26 16:29:13 GMT [AWT-EventQueue-0] DEBUG n.runelite.client.eventbus.EventBus - Registering class net.runelite.api.events.VarbitChanged - EventBus.Subscriber(object=net.runelite.client.plugins.regenmeter.RegenMeterPlugin@4b960b5b, method=private void net.runelite.client.plugins.regenmeter.RegenMeterPlugin.onVarbitChanged(net.runelite.api.events.VarbitChanged), priority=0.0, lambda=net.runelite.client.plugins.regenmeter.RegenMeterPlugin$$Lambda/0x00000001007963b0@5f977e50)
2026-04-26 16:29:13 GMT [AWT-EventQueue-0] DEBUG n.runelite.client.eventbus.EventBus - Registering class net.runelite.api.events.ItemContainerChanged - EventBus.Subscriber(object=net.runelite.client.plugins.regenmeter.RegenMeterPlugin@4b960b5b, method=public void net.runelite.client.plugins.regenmeter.RegenMeterPlugin.onItemContainerChanged(net.runelite.api.events.ItemContainerChanged), priority=0.0, lambda=net.runelite.client.plugins.regenmeter.RegenMeterPlugin$$Lambda/0x00000001007965e8@193adc01)
2026-04-26 16:29:13 GMT [AWT-EventQueue-0] DEBUG n.r.client.plugins.PluginManager - Plugin WintertodtPlugin is now running
2026-04-26 16:29:13 GMT [AWT-EventQueue-0] DEBUG n.runelite.client.eventbus.EventBus - Registering class net.runelite.api.events.GameTick - EventBus.Subscriber(object=net.runelite.client.plugins.wintertodt.WintertodtPlugin@42505474, method=public void net.runelite.client.plugins.wintertodt.WintertodtPlugin.onGameTick(net.runelite.api.events.GameTick), priority=0.0, lambda=net.runelite.client.plugins.wintertodt.WintertodtPlugin$$Lambda/0x0000000100796820@47022978)
2026-04-26 16:29:13 GMT [AWT-EventQueue-0] DEBUG n.runelite.client.eventbus.EventBus - Registering class net.runelite.api.events.ChatMessage - EventBus.Subscriber(object=net.runelite.client.plugins.wintertodt.WintertodtPlugin@42505474, method=public void net.runelite.client.plugins.wintertodt.WintertodtPlugin.onChatMessage(net.runelite.api.events.ChatMessage), priority=0.0, lambda=net.runelite.client.plugins.wintertodt.WintertodtPlugin$$Lambda/0x0000000100796a58@2fffb5ab)
2026-04-26 16:29:13 GMT [AWT-EventQueue-0] DEBUG n.runelite.client.eventbus.EventBus - Registering class net.runelite.api.events.VarbitChanged - EventBus.Subscriber(object=net.runelite.client.plugins.wintertodt.WintertodtPlugin@42505474, method=public void net.runelite.client.plugins.wintertodt.WintertodtPlugin.onVarbitChanged(net.runelite.api.events.VarbitChanged), priority=0.0, lambda=net.runelite.client.plugins.wintertodt.WintertodtPlugin$$Lambda/0x0000000100796c90@48f37f79)
2026-04-26 16:29:13 GMT [AWT-EventQueue-0] DEBUG n.runelite.client.eventbus.EventBus - Registering class net.runelite.api.events.ItemContainerChanged - EventBus.Subscriber(object=net.runelite.client.plugins.wintertodt.WintertodtPlugin@42505474, method=public void net.runelite.client.plugins.wintertodt.WintertodtPlugin.onItemContainerChanged(net.runelite.api.events.ItemContainerChanged), priority=0.0, lambda=net.runelite.client.plugins.wintertodt.WintertodtPlugin$$Lambda/0x0000000100796ec8@6d2f9174)
2026-04-26 16:29:13 GMT [AWT-EventQueue-0] DEBUG n.runelite.client.eventbus.EventBus - Registering class net.runelite.api.events.AnimationChanged - EventBus.Subscriber(object=net.runelite.client.plugins.wintertodt.WintertodtPlugin@42505474, method=public void net.runelite.client.plugins.wintertodt.WintertodtPlugin.onAnimationChanged(net.runelite.api.events.AnimationChanged), priority=0.0, lambda=net.runelite.client.plugins.wintertodt.WintertodtPlugin$$Lambda/0x0000000100797100@468158f5)
2026-04-26 16:29:13 GMT [AWT-EventQueue-0] DEBUG n.r.client.plugins.PluginManager - Plugin RunepouchPlugin is now running
2026-04-26 16:29:13 GMT [AWT-EventQueue-0] DEBUG n.runelite.client.eventbus.EventBus - Registering class net.runelite.client.events.ExternalPluginsChanged - EventBus.Subscriber(object=net.runelite.client.plugins.config.PluginListPanel[,0,0,0x0,invalid,layout=java.awt.FlowLayout,alignmentX=0.0,alignmentY=0.0,border=,flags=9,maximumSize=,minimumSize=,preferredSize=], method=private void net.runelite.client.plugins.config.PluginListPanel.onExternalPluginsChanged(net.runelite.client.events.ExternalPluginsChanged), priority=0.0, lambda=net.runelite.client.plugins.config.PluginListPanel$$Lambda/0x0000000100797338@12c1f3ff)
2026-04-26 16:29:13 GMT [AWT-EventQueue-0] DEBUG n.runelite.client.eventbus.EventBus - Registering class net.runelite.client.events.ProfileChanged - EventBus.Subscriber(object=net.runelite.client.plugins.config.PluginListPanel[,0,0,0x0,invalid,layout=java.awt.FlowLayout,alignmentX=0.0,alignmentY=0.0,border=,flags=9,maximumSize=,minimumSize=,preferredSize=], method=private void net.runelite.client.plugins.config.PluginListPanel.onProfileChanged(net.runelite.client.events.ProfileChanged), priority=0.0, lambda=net.runelite.client.plugins.config.PluginListPanel$$Lambda/0x0000000100797570@29f3ca0f)
2026-04-26 16:29:13 GMT [AWT-EventQueue-0] DEBUG n.runelite.client.eventbus.EventBus - Registering class net.runelite.client.events.PluginChanged - EventBus.Subscriber(object=net.runelite.client.plugins.config.PluginListPanel[,0,0,0x0,invalid,layout=java.awt.FlowLayout,alignmentX=0.0,alignmentY=0.0,border=,flags=9,maximumSize=,minimumSize=,preferredSize=], method=public void net.runelite.client.plugins.config.PluginListPanel.onPluginChanged(net.runelite.client.events.PluginChanged), priority=0.0, lambda=net.runelite.client.plugins.config.PluginListPanel$$Lambda/0x00000001007977a8@1148ad3c)
2026-04-26 16:29:13 GMT [AWT-EventQueue-0] DEBUG n.runelite.client.eventbus.EventBus - Registering class net.runelite.client.events.SessionOpen - EventBus.Subscriber(object=net.runelite.client.plugins.config.ProfilePanel[,0,0,0x0,invalid,layout=javax.swing.GroupLayout,alignmentX=0.0,alignmentY=0.0,border=javax.swing.border.EmptyBorder@6e678ef0,flags=329,maximumSize=,minimumSize=,preferredSize=], method=public void net.runelite.client.plugins.config.ProfilePanel.onSessionOpen(net.runelite.client.events.SessionOpen), priority=0.0, lambda=net.runelite.client.plugins.config.ProfilePanel$$Lambda/0x00000001007ad480@88f6de1)
2026-04-26 16:29:13 GMT [AWT-EventQueue-0] DEBUG n.runelite.client.eventbus.EventBus - Registering class net.runelite.client.events.SessionClose - EventBus.Subscriber(object=net.runelite.client.plugins.config.ProfilePanel[,0,0,0x0,invalid,layout=javax.swing.GroupLayout,alignmentX=0.0,alignmentY=0.0,border=javax.swing.border.EmptyBorder@6e678ef0,flags=329,maximumSize=,minimumSize=,preferredSize=], method=public void net.runelite.client.plugins.config.ProfilePanel.onSessionClose(net.runelite.client.events.SessionClose), priority=0.0, lambda=net.runelite.client.plugins.config.ProfilePanel$$Lambda/0x00000001007ad6b8@e02f4cd)
2026-04-26 16:29:13 GMT [AWT-EventQueue-0] DEBUG n.runelite.client.eventbus.EventBus - Registering class net.runelite.client.events.RuneScapeProfileChanged - EventBus.Subscriber(object=net.runelite.client.plugins.config.ProfilePanel[,0,0,0x0,invalid,layout=javax.swing.GroupLayout,alignmentX=0.0,alignmentY=0.0,border=javax.swing.border.EmptyBorder@6e678ef0,flags=329,maximumSize=,minimumSize=,preferredSize=], method=private void net.runelite.client.plugins.config.ProfilePanel.onRuneScapeProfileChanged(net.runelite.client.events.RuneScapeProfileChanged), priority=0.0, lambda=net.runelite.client.plugins.config.ProfilePanel$$Lambda/0x00000001007ad8f0@2f5375ef)
2026-04-26 16:29:13 GMT [AWT-EventQueue-0] DEBUG n.runelite.client.eventbus.EventBus - Registering class net.runelite.client.events.ProfileChanged - EventBus.Subscriber(object=net.runelite.client.plugins.config.ProfilePanel[,0,0,0x0,invalid,layout=javax.swing.GroupLayout,alignmentX=0.0,alignmentY=0.0,border=javax.swing.border.EmptyBorder@6e678ef0,flags=329,maximumSize=,minimumSize=,preferredSize=], method=private void net.runelite.client.plugins.config.ProfilePanel.onProfileChanged(net.runelite.client.events.ProfileChanged), priority=0.0, lambda=net.runelite.client.plugins.config.ProfilePanel$$Lambda/0x00000001007adb28@3b9cfaaf)
2026-04-26 16:29:13 GMT [AWT-EventQueue-0] DEBUG n.r.client.plugins.PluginManager - Plugin ConfigPlugin is now running
2026-04-26 16:29:13 GMT [AWT-EventQueue-0] DEBUG n.runelite.client.eventbus.EventBus - Registering class net.runelite.client.events.OverlayMenuClicked - EventBus.Subscriber(object=net.runelite.client.plugins.config.ConfigPlugin@71ed560f, method=public void net.runelite.client.plugins.config.ConfigPlugin.onOverlayMenuClicked(net.runelite.client.events.OverlayMenuClicked), priority=0.0, lambda=net.runelite.client.plugins.config.ConfigPlugin$$Lambda/0x00000001007adf88@5d242958)
2026-04-26 16:29:13 GMT [AWT-EventQueue-0] DEBUG n.r.client.plugins.PluginManager - Plugin RunEnergyPlugin is now running
2026-04-26 16:29:13 GMT [AWT-EventQueue-0] DEBUG n.runelite.client.eventbus.EventBus - Registering class net.runelite.api.events.GameTick - EventBus.Subscriber(object=net.runelite.client.plugins.runenergy.RunEnergyPlugin@7112ce6, method=public void net.runelite.client.plugins.runenergy.RunEnergyPlugin.onGameTick(net.runelite.api.events.GameTick), priority=0.0, lambda=net.runelite.client.plugins.runenergy.RunEnergyPlugin$$Lambda/0x00000001007ae3e8@eac3f31)
2026-04-26 16:29:13 GMT [AWT-EventQueue-0] DEBUG n.runelite.client.eventbus.EventBus - Registering class net.runelite.api.events.ChatMessage - EventBus.Subscriber(object=net.runelite.client.plugins.runenergy.RunEnergyPlugin@7112ce6, method=public void net.runelite.client.plugins.runenergy.RunEnergyPlugin.onChatMessage(net.runelite.api.events.ChatMessage), priority=0.0, lambda=net.runelite.client.plugins.runenergy.RunEnergyPlugin$$Lambda/0x00000001007ae620@772a511d)
2026-04-26 16:29:13 GMT [AWT-EventQueue-0] DEBUG n.runelite.client.eventbus.EventBus - Registering class net.runelite.client.events.ConfigChanged - EventBus.Subscriber(object=net.runelite.client.plugins.runenergy.RunEnergyPlugin@7112ce6, method=public void net.runelite.client.plugins.runenergy.RunEnergyPlugin.onConfigChanged(net.runelite.client.events.ConfigChanged), priority=0.0, lambda=net.runelite.client.plugins.runenergy.RunEnergyPlugin$$Lambda/0x00000001007ae858@31fee24b)
2026-04-26 16:29:13 GMT [AWT-EventQueue-0] DEBUG n.runelite.client.eventbus.EventBus - Registering class net.runelite.api.events.ScriptCallbackEvent - EventBus.Subscriber(object=net.runelite.client.plugins.runenergy.RunEnergyPlugin@7112ce6, method=public void net.runelite.client.plugins.runenergy.RunEnergyPlugin.onScriptCallbackEvent(net.runelite.api.events.ScriptCallbackEvent), priority=0.0, lambda=net.runelite.client.plugins.runenergy.RunEnergyPlugin$$Lambda/0x00000001007aea90@3c45cc7)
2026-04-26 16:29:13 GMT [AWT-EventQueue-0] DEBUG n.runelite.client.eventbus.EventBus - Registering class net.runelite.api.events.ScriptPostFired - EventBus.Subscriber(object=net.runelite.client.plugins.runenergy.RunEnergyPlugin@7112ce6, method=public void net.runelite.client.plugins.runenergy.RunEnergyPlugin.onScriptPostFired(net.runelite.api.events.ScriptPostFired), priority=0.0, lambda=net.runelite.client.plugins.runenergy.RunEnergyPlugin$$Lambda/0x00000001007aecc8@3b0c3a5c)
2026-04-26 16:29:13 GMT [AWT-EventQueue-0] DEBUG n.r.client.plugins.PluginManager - Plugin SmeltingPlugin is now running
2026-04-26 16:29:13 GMT [AWT-EventQueue-0] DEBUG n.runelite.client.eventbus.EventBus - Registering class net.runelite.api.events.GameTick - EventBus.Subscriber(object=net.runelite.client.plugins.smelting.SmeltingPlugin@2f10f633, method=public void net.runelite.client.plugins.smelting.SmeltingPlugin.onGameTick(net.runelite.api.events.GameTick), priority=0.0, lambda=net.runelite.client.plugins.smelting.SmeltingPlugin$$Lambda/0x00000001007aef00@26edbed3)
2026-04-26 16:29:13 GMT [AWT-EventQueue-0] DEBUG n.runelite.client.eventbus.EventBus - Registering class net.runelite.api.events.ChatMessage - EventBus.Subscriber(object=net.runelite.client.plugins.smelting.SmeltingPlugin@2f10f633, method=public void net.runelite.client.plugins.smelting.SmeltingPlugin.onChatMessage(net.runelite.api.events.ChatMessage), priority=0.0, lambda=net.runelite.client.plugins.smelting.SmeltingPlugin$$Lambda/0x00000001007af138@321926a9)
2026-04-26 16:29:13 GMT [AWT-EventQueue-0] DEBUG n.r.client.plugins.PluginManager - Plugin BlastFurnacePlugin is now running
2026-04-26 16:29:13 GMT [AWT-EventQueue-0] DEBUG n.runelite.client.eventbus.EventBus - Registering class net.runelite.api.events.GameTick - EventBus.Subscriber(object=net.runelite.client.plugins.blastfurnace.BlastFurnacePlugin@31a2a9fa, method=public void net.runelite.client.plugins.blastfurnace.BlastFurnacePlugin.onGameTick(net.runelite.api.events.GameTick), priority=0.0, lambda=net.runelite.client.plugins.blastfurnace.BlastFurnacePlugin$$Lambda/0x00000001007af370@9932fda)
2026-04-26 16:29:13 GMT [AWT-EventQueue-0] DEBUG n.runelite.client.eventbus.EventBus - Registering class net.runelite.api.events.GameStateChanged - EventBus.Subscriber(object=net.runelite.client.plugins.blastfurnace.BlastFurnacePlugin@31a2a9fa, method=public void net.runelite.client.plugins.blastfurnace.BlastFurnacePlugin.onGameStateChanged(net.runelite.api.events.GameStateChanged), priority=0.0, lambda=net.runelite.client.plugins.blastfurnace.BlastFurnacePlugin$$Lambda/0x00000001007af5a8@73a1d6d2)
2026-04-26 16:29:13 GMT [AWT-EventQueue-0] DEBUG n.runelite.client.eventbus.EventBus - Registering class net.runelite.api.events.GameObjectSpawned - EventBus.Subscriber(object=net.runelite.client.plugins.blastfurnace.BlastFurnacePlugin@31a2a9fa, method=public void net.runelite.client.plugins.blastfurnace.BlastFurnacePlugin.onGameObjectSpawned(net.runelite.api.events.GameObjectSpawned), priority=0.0, lambda=net.runelite.client.plugins.blastfurnace.BlastFurnacePlugin$$Lambda/0x00000001007af7e0@39967d6b)
2026-04-26 16:29:13 GMT [AWT-EventQueue-0] DEBUG n.runelite.client.eventbus.EventBus - Registering class net.runelite.api.events.GameObjectDespawned - EventBus.Subscriber(object=net.runelite.client.plugins.blastfurnace.BlastFurnacePlugin@31a2a9fa, method=public void net.runelite.client.plugins.blastfurnace.BlastFurnacePlugin.onGameObjectDespawned(net.runelite.api.events.GameObjectDespawned), priority=0.0, lambda=net.runelite.client.plugins.blastfurnace.BlastFurnacePlugin$$Lambda/0x00000001007afa18@781ea8a5)
2026-04-26 16:29:13 GMT [AWT-EventQueue-0] DEBUG n.r.client.plugins.PluginManager - Plugin MouseHighlightPlugin is now running
2026-04-26 16:29:13 GMT [AWT-EventQueue-0] DEBUG n.r.client.plugins.PluginManager - Plugin CookingPlugin is now running
2026-04-26 16:29:13 GMT [AWT-EventQueue-0] DEBUG n.runelite.client.eventbus.EventBus - Registering class net.runelite.api.events.GameTick - EventBus.Subscriber(object=net.runelite.client.plugins.cooking.CookingPlugin@18a19e, method=public void net.runelite.client.plugins.cooking.CookingPlugin.onGameTick(net.runelite.api.events.GameTick), priority=0.0, lambda=net.runelite.client.plugins.cooking.CookingPlugin$$Lambda/0x00000001007afc50@a3b433)
2026-04-26 16:29:13 GMT [AWT-EventQueue-0] DEBUG n.runelite.client.eventbus.EventBus - Registering class net.runelite.api.events.ChatMessage - EventBus.Subscriber(object=net.runelite.client.plugins.cooking.CookingPlugin@18a19e, method=public void net.runelite.client.plugins.cooking.CookingPlugin.onChatMessage(net.runelite.api.events.ChatMessage), priority=0.0, lambda=net.runelite.client.plugins.cooking.CookingPlugin$$Lambda/0x00000001007aa000@2f6fc2cb)
2026-04-26 16:29:13 GMT [AWT-EventQueue-0] DEBUG n.runelite.client.eventbus.EventBus - Registering class net.runelite.api.events.GraphicChanged - EventBus.Subscriber(object=net.runelite.client.plugins.cooking.CookingPlugin@18a19e, method=public void net.runelite.client.plugins.cooking.CookingPlugin.onGraphicChanged(net.runelite.api.events.GraphicChanged), priority=0.0, lambda=net.runelite.client.plugins.cooking.CookingPlugin$$Lambda/0x00000001007aa238@1f609184)
2026-04-26 16:29:13 GMT [AWT-EventQueue-0] DEBUG net.runelite.client.input.KeyManager - Registering key listener: net.runelite.client.plugins.chathistory.ChatHistoryPlugin@6b6eae52
2026-04-26 16:29:13 GMT [AWT-EventQueue-0] DEBUG n.r.client.plugins.PluginManager - Plugin ChatHistoryPlugin is now running
2026-04-26 16:29:13 GMT [AWT-EventQueue-0] DEBUG n.runelite.client.eventbus.EventBus - Registering class net.runelite.api.events.ChatMessage - EventBus.Subscriber(object=net.runelite.client.plugins.chathistory.ChatHistoryPlugin@6b6eae52, method=public void net.runelite.client.plugins.chathistory.ChatHistoryPlugin.onChatMessage(net.runelite.api.events.ChatMessage), priority=0.0, lambda=net.runelite.client.plugins.chathistory.ChatHistoryPlugin$$Lambda/0x00000001007ab1e8@64fb7c5b)
2026-04-26 16:29:13 GMT [AWT-EventQueue-0] DEBUG n.runelite.client.eventbus.EventBus - Registering class net.runelite.api.events.MenuEntryAdded - EventBus.Subscriber(object=net.runelite.client.plugins.chathistory.ChatHistoryPlugin@6b6eae52, method=public void net.runelite.client.plugins.chathistory.ChatHistoryPlugin.onMenuEntryAdded(net.runelite.api.events.MenuEntryAdded), priority=0.0, lambda=net.runelite.client.plugins.chathistory.ChatHistoryPlugin$$Lambda/0x00000001007ab420@3106a1b1)
2026-04-26 16:29:13 GMT [AWT-EventQueue-0] DEBUG n.runelite.client.eventbus.EventBus - Registering class net.runelite.api.events.MenuOptionClicked - EventBus.Subscriber(object=net.runelite.client.plugins.chathistory.ChatHistoryPlugin@6b6eae52, method=public void net.runelite.client.plugins.chathistory.ChatHistoryPlugin.onMenuOptionClicked(net.runelite.api.events.MenuOptionClicked), priority=0.0, lambda=net.runelite.client.plugins.chathistory.ChatHistoryPlugin$$Lambda/0x00000001007ab658@4fac9299)
2026-04-26 16:29:13 GMT [AWT-EventQueue-0] DEBUG n.r.client.plugins.PluginManager - Plugin LootTrackerPlugin is now running
2026-04-26 16:29:13 GMT [AWT-EventQueue-0] DEBUG n.runelite.client.eventbus.EventBus - Registering class net.runelite.client.events.SessionOpen - EventBus.Subscriber(object=net.runelite.client.plugins.loottracker.LootTrackerPlugin@343e225a, method=public void net.runelite.client.plugins.loottracker.LootTrackerPlugin.onSessionOpen(net.runelite.client.events.SessionOpen), priority=0.0, lambda=net.runelite.client.plugins.loottracker.LootTrackerPlugin$$Lambda/0x00000001007b2330@4046855f)
2026-04-26 16:29:13 GMT [AWT-EventQueue-0] DEBUG n.runelite.client.eventbus.EventBus - Registering class net.runelite.client.events.SessionClose - EventBus.Subscriber(object=net.runelite.client.plugins.loottracker.LootTrackerPlugin@343e225a, method=public void net.runelite.client.plugins.loottracker.LootTrackerPlugin.onSessionClose(net.runelite.client.events.SessionClose), priority=0.0, lambda=net.runelite.client.plugins.loottracker.LootTrackerPlugin$$Lambda/0x00000001007b2568@16c9cad7)
2026-04-26 16:29:13 GMT [AWT-EventQueue-0] DEBUG n.runelite.client.eventbus.EventBus - Registering class net.runelite.api.events.WidgetLoaded - EventBus.Subscriber(object=net.runelite.client.plugins.loottracker.LootTrackerPlugin@343e225a, method=public void net.runelite.client.plugins.loottracker.LootTrackerPlugin.onWidgetLoaded(net.runelite.api.events.WidgetLoaded), priority=0.0, lambda=net.runelite.client.plugins.loottracker.LootTrackerPlugin$$Lambda/0x00000001007b27a0@54aad044)
2026-04-26 16:29:13 GMT [AWT-EventQueue-0] DEBUG n.runelite.client.eventbus.EventBus - Registering class net.runelite.api.events.ChatMessage - EventBus.Subscriber(object=net.runelite.client.plugins.loottracker.LootTrackerPlugin@343e225a, method=public void net.runelite.client.plugins.loottracker.LootTrackerPlugin.onChatMessage(net.runelite.api.events.ChatMessage), priority=0.0, lambda=net.runelite.client.plugins.loottracker.LootTrackerPlugin$$Lambda/0x00000001007b29d8@3bb770ee)
2026-04-26 16:29:13 GMT [AWT-EventQueue-0] DEBUG n.runelite.client.eventbus.EventBus - Registering class net.runelite.client.events.ConfigSync - EventBus.Subscriber(object=net.runelite.client.plugins.loottracker.LootTrackerPlugin@343e225a, method=public void net.runelite.client.plugins.loottracker.LootTrackerPlugin.onConfigSync(net.runelite.client.events.ConfigSync), priority=0.0, lambda=net.runelite.client.plugins.loottracker.LootTrackerPlugin$$Lambda/0x00000001007b2c10@fb262aa)
2026-04-26 16:29:13 GMT [AWT-EventQueue-0] DEBUG n.runelite.client.eventbus.EventBus - Registering class net.runelite.client.events.RuneScapeProfileChanged - EventBus.Subscriber(object=net.runelite.client.plugins.loottracker.LootTrackerPlugin@343e225a, method=public void net.runelite.client.plugins.loottracker.LootTrackerPlugin.onRuneScapeProfileChanged(net.runelite.client.events.RuneScapeProfileChanged), priority=0.0, lambda=net.runelite.client.plugins.loottracker.LootTrackerPlugin$$Lambda/0x00000001007b2e48@681c0e3b)
2026-04-26 16:29:13 GMT [AWT-EventQueue-0] DEBUG n.runelite.client.eventbus.EventBus - Registering class net.runelite.api.events.GameStateChanged - EventBus.Subscriber(object=net.runelite.client.plugins.loottracker.LootTrackerPlugin@343e225a, method=public void net.runelite.client.plugins.loottracker.LootTrackerPlugin.onGameStateChanged(net.runelite.api.events.GameStateChanged), priority=0.0, lambda=net.runelite.client.plugins.loottracker.LootTrackerPlugin$$Lambda/0x00000001007b3080@3c2a94dc)
2026-04-26 16:29:13 GMT [AWT-EventQueue-0] DEBUG n.runelite.client.eventbus.EventBus - Registering class net.runelite.client.events.ConfigChanged - EventBus.Subscriber(object=net.runelite.client.plugins.loottracker.LootTrackerPlugin@343e225a, method=public void net.runelite.client.plugins.loottracker.LootTrackerPlugin.onConfigChanged(net.runelite.client.events.ConfigChanged), priority=0.0, lambda=net.runelite.client.plugins.loottracker.LootTrackerPlugin$$Lambda/0x00000001007b32b8@3d742fe5)
2026-04-26 16:29:13 GMT [AWT-EventQueue-0] DEBUG n.runelite.client.eventbus.EventBus - Registering class net.runelite.client.events.ClientShutdown - EventBus.Subscriber(object=net.runelite.client.plugins.loottracker.LootTrackerPlugin@343e225a, method=public void net.runelite.client.plugins.loottracker.LootTrackerPlugin.onClientShutdown(net.runelite.client.events.ClientShutdown), priority=0.0, lambda=net.runelite.client.plugins.loottracker.LootTrackerPlugin$$Lambda/0x00000001007b34f0@7d034cbc)
2026-04-26 16:29:13 GMT [AWT-EventQueue-0] DEBUG n.runelite.client.eventbus.EventBus - Registering class net.runelite.api.events.MenuOptionClicked - EventBus.Subscriber(object=net.runelite.client.plugins.loottracker.LootTrackerPlugin@343e225a, method=public void net.runelite.client.plugins.loottracker.LootTrackerPlugin.onMenuOptionClicked(net.runelite.api.events.MenuOptionClicked), priority=0.0, lambda=net.runelite.client.plugins.loottracker.LootTrackerPlugin$$Lambda/0x00000001007b3728@58299101)
2026-04-26 16:29:13 GMT [AWT-EventQueue-0] DEBUG n.runelite.client.eventbus.EventBus - Registering class net.runelite.api.events.ItemContainerChanged - EventBus.Subscriber(object=net.runelite.client.plugins.loottracker.LootTrackerPlugin@343e225a, method=public void net.runelite.client.plugins.loottracker.LootTrackerPlugin.onItemContainerChanged(net.runelite.api.events.ItemContainerChanged), priority=0.0, lambda=net.runelite.client.plugins.loottracker.LootTrackerPlugin$$Lambda/0x00000001007b3960@17d27ad0)
2026-04-26 16:29:13 GMT [AWT-EventQueue-0] DEBUG n.runelite.client.eventbus.EventBus - Registering class net.runelite.api.events.ScriptPreFired - EventBus.Subscriber(object=net.runelite.client.plugins.loottracker.LootTrackerPlugin@343e225a, method=public void net.runelite.client.plugins.loottracker.LootTrackerPlugin.onScriptPreFired(net.runelite.api.events.ScriptPreFired), priority=0.0, lambda=net.runelite.client.plugins.loottracker.LootTrackerPlugin$$Lambda/0x00000001007b3b98@3342749d)
2026-04-26 16:29:13 GMT [AWT-EventQueue-0] DEBUG n.runelite.client.eventbus.EventBus - Registering class net.runelite.api.events.PostClientTick - EventBus.Subscriber(object=net.runelite.client.plugins.loottracker.LootTrackerPlugin@343e225a, method=public void net.runelite.client.plugins.loottracker.LootTrackerPlugin.onPostClientTick(net.runelite.api.events.PostClientTick), priority=0.0, lambda=net.runelite.client.plugins.loottracker.LootTrackerPlugin$$Lambda/0x00000001007b3dd0@5a8a5caa)
2026-04-26 16:29:13 GMT [AWT-EventQueue-0] DEBUG n.runelite.client.eventbus.EventBus - Registering class net.runelite.client.events.PlayerLootReceived - EventBus.Subscriber(object=net.runelite.client.plugins.loottracker.LootTrackerPlugin@343e225a, method=public void net.runelite.client.plugins.loottracker.LootTrackerPlugin.onPlayerLootReceived(net.runelite.client.events.PlayerLootReceived), priority=0.0, lambda=net.runelite.client.plugins.loottracker.LootTrackerPlugin$$Lambda/0x00000001007b4008@67611565)
2026-04-26 16:29:13 GMT [AWT-EventQueue-0] DEBUG n.runelite.client.eventbus.EventBus - Registering class net.runelite.client.plugins.loottracker.PluginLootReceived - EventBus.Subscriber(object=net.runelite.client.plugins.loottracker.LootTrackerPlugin@343e225a, method=public void net.runelite.client.plugins.loottracker.LootTrackerPlugin.onPluginLootReceived(net.runelite.client.plugins.loottracker.PluginLootReceived), priority=0.0, lambda=net.runelite.client.plugins.loottracker.LootTrackerPlugin$$Lambda/0x00000001007b4240@64cd96ca)
2026-04-26 16:29:13 GMT [AWT-EventQueue-0] DEBUG n.runelite.client.eventbus.EventBus - Registering class net.runelite.client.events.ServerNpcLoot - EventBus.Subscriber(object=net.runelite.client.plugins.loottracker.LootTrackerPlugin@343e225a, method=public void net.runelite.client.plugins.loottracker.LootTrackerPlugin.onServerNpcLoot(net.runelite.client.events.ServerNpcLoot), priority=0.0, lambda=net.runelite.client.plugins.loottracker.LootTrackerPlugin$$Lambda/0x00000001007b4478@770f9269)
2026-04-26 16:29:13 GMT [AWT-EventQueue-0] DEBUG n.runelite.client.eventbus.EventBus - Registering class net.runelite.api.events.WidgetClosed - EventBus.Subscriber(object=net.runelite.client.plugins.banktags.tabs.TabInterface@482ec259, method=public void net.runelite.client.plugins.banktags.tabs.TabInterface.onWidgetClosed(net.runelite.api.events.WidgetClosed), priority=0.0, lambda=net.runelite.client.plugins.banktags.tabs.TabInterface$$Lambda/0x00000001007b5198@6312e3a3)
2026-04-26 16:29:13 GMT [AWT-EventQueue-0] DEBUG n.runelite.client.eventbus.EventBus - Registering class net.runelite.api.events.WidgetDrag - EventBus.Subscriber(object=net.runelite.client.plugins.banktags.tabs.TabInterface@482ec259, method=public void net.runelite.client.plugins.banktags.tabs.TabInterface.onWidgetDrag(net.runelite.api.events.WidgetDrag), priority=0.0, lambda=net.runelite.client.plugins.banktags.tabs.TabInterface$$Lambda/0x00000001007b53d0@23bbb79c)
2026-04-26 16:29:13 GMT [AWT-EventQueue-0] DEBUG n.runelite.client.eventbus.EventBus - Registering class net.runelite.api.events.MenuEntryAdded - EventBus.Subscriber(object=net.runelite.client.plugins.banktags.tabs.TabInterface@482ec259, method=private void net.runelite.client.plugins.banktags.tabs.TabInterface.onMenuEntryAdded(net.runelite.api.events.MenuEntryAdded), priority=0.0, lambda=net.runelite.client.plugins.banktags.tabs.TabInterface$$Lambda/0x00000001007b5608@69c27257)
2026-04-26 16:29:13 GMT [AWT-EventQueue-0] DEBUG n.runelite.client.eventbus.EventBus - Registering class net.runelite.api.events.MenuOptionClicked - EventBus.Subscriber(object=net.runelite.client.plugins.banktags.tabs.TabInterface@482ec259, method=public void net.runelite.client.plugins.banktags.tabs.TabInterface.onMenuOptionClicked(net.runelite.api.events.MenuOptionClicked), priority=-1.0, lambda=net.runelite.client.plugins.banktags.tabs.TabInterface$$Lambda/0x00000001007b5840@7b1ce8d8)
2026-04-26 16:29:13 GMT [AWT-EventQueue-0] DEBUG n.runelite.client.eventbus.EventBus - Registering class net.runelite.api.events.ScriptPostFired - EventBus.Subscriber(object=net.runelite.client.plugins.banktags.tabs.TabInterface@482ec259, method=private void net.runelite.client.plugins.banktags.tabs.TabInterface.onScriptPostFired(net.runelite.api.events.ScriptPostFired), priority=0.0, lambda=net.runelite.client.plugins.banktags.tabs.TabInterface$$Lambda/0x00000001007b5a78@50f33980)
2026-04-26 16:29:13 GMT [AWT-EventQueue-0] DEBUG n.runelite.client.eventbus.EventBus - Registering class net.runelite.api.events.ScriptPreFired - EventBus.Subscriber(object=net.runelite.client.plugins.banktags.tabs.TabInterface@482ec259, method=public void net.runelite.client.plugins.banktags.tabs.TabInterface.onScriptPreFired(net.runelite.api.events.ScriptPreFired), priority=0.0, lambda=net.runelite.client.plugins.banktags.tabs.TabInterface$$Lambda/0x00000001007b5cb0@64bdae9e)
2026-04-26 16:29:13 GMT [AWT-EventQueue-0] DEBUG n.runelite.client.eventbus.EventBus - Registering class net.runelite.api.events.ScriptPreFired - EventBus.Subscriber(object=net.runelite.client.plugins.banktags.tabs.LayoutManager@4a47c996, method=public void net.runelite.client.plugins.banktags.tabs.LayoutManager.onScriptPreFired(net.runelite.api.events.ScriptPreFired), priority=0.0, lambda=net.runelite.client.plugins.banktags.tabs.LayoutManager$$Lambda/0x00000001007b5ee8@6c017b74)
2026-04-26 16:29:13 GMT [AWT-EventQueue-0] DEBUG n.runelite.client.eventbus.EventBus - Registering class net.runelite.api.events.ClientTick - EventBus.Subscriber(object=net.runelite.client.plugins.banktags.tabs.PotionStorage@6887a142, method=public void net.runelite.client.plugins.banktags.tabs.PotionStorage.onClientTick(net.runelite.api.events.ClientTick), priority=0.0, lambda=net.runelite.client.plugins.banktags.tabs.PotionStorage$$Lambda/0x00000001007b6120@1c78debd)
2026-04-26 16:29:13 GMT [AWT-EventQueue-0] DEBUG n.runelite.client.eventbus.EventBus - Registering class net.runelite.api.events.WidgetClosed - EventBus.Subscriber(object=net.runelite.client.plugins.banktags.tabs.PotionStorage@6887a142, method=public void net.runelite.client.plugins.banktags.tabs.PotionStorage.onWidgetClosed(net.runelite.api.events.WidgetClosed), priority=0.0, lambda=net.runelite.client.plugins.banktags.tabs.PotionStorage$$Lambda/0x00000001007b6358@11e75a90)
2026-04-26 16:29:13 GMT [AWT-EventQueue-0] DEBUG n.runelite.client.eventbus.EventBus - Registering class net.runelite.api.events.VarbitChanged - EventBus.Subscriber(object=net.runelite.client.plugins.banktags.tabs.PotionStorage@6887a142, method=public void net.runelite.client.plugins.banktags.tabs.PotionStorage.onVarbitChanged(net.runelite.api.events.VarbitChanged), priority=0.0, lambda=net.runelite.client.plugins.banktags.tabs.PotionStorage$$Lambda/0x00000001007b6590@1ee8d753)
2026-04-26 16:29:13 GMT [AWT-EventQueue-0] DEBUG n.r.client.plugins.PluginManager - Plugin BankTagsPlugin is now running
2026-04-26 16:29:13 GMT [AWT-EventQueue-0] DEBUG n.runelite.client.eventbus.EventBus - Registering class net.runelite.api.events.GrandExchangeSearched - EventBus.Subscriber(object=net.runelite.client.plugins.banktags.BankTagsPlugin@75023c53, method=public void net.runelite.client.plugins.banktags.BankTagsPlugin.onGrandExchangeSearched(net.runelite.api.events.GrandExchangeSearched), priority=0.0, lambda=net.runelite.client.plugins.banktags.BankTagsPlugin$$Lambda/0x00000001007b69f0@5f26bcdd)
2026-04-26 16:29:13 GMT [AWT-EventQueue-0] DEBUG n.runelite.client.eventbus.EventBus - Registering class net.runelite.client.events.ConfigChanged - EventBus.Subscriber(object=net.runelite.client.plugins.banktags.BankTagsPlugin@75023c53, method=public void net.runelite.client.plugins.banktags.BankTagsPlugin.onConfigChanged(net.runelite.client.events.ConfigChanged), priority=0.0, lambda=net.runelite.client.plugins.banktags.BankTagsPlugin$$Lambda/0x00000001007b6c28@2a94d69e)
2026-04-26 16:29:13 GMT [AWT-EventQueue-0] DEBUG n.runelite.client.eventbus.EventBus - Registering class net.runelite.api.events.MenuEntryAdded - EventBus.Subscriber(object=net.runelite.client.plugins.banktags.BankTagsPlugin@75023c53, method=public void net.runelite.client.plugins.banktags.BankTagsPlugin.onMenuEntryAdded(net.runelite.api.events.MenuEntryAdded), priority=0.0, lambda=net.runelite.client.plugins.banktags.BankTagsPlugin$$Lambda/0x00000001007b6e60@1f30771)
2026-04-26 16:29:13 GMT [AWT-EventQueue-0] DEBUG n.runelite.client.eventbus.EventBus - Registering class net.runelite.api.events.ScriptCallbackEvent - EventBus.Subscriber(object=net.runelite.client.plugins.banktags.BankTagsPlugin@75023c53, method=public void net.runelite.client.plugins.banktags.BankTagsPlugin.onScriptCallbackEvent(net.runelite.api.events.ScriptCallbackEvent), priority=0.0, lambda=net.runelite.client.plugins.banktags.BankTagsPlugin$$Lambda/0x00000001007b7098@6f40723d)
2026-04-26 16:29:13 GMT [AWT-EventQueue-0] DEBUG n.r.client.plugins.PluginManager - Plugin ClueScrollPlugin is now running
2026-04-26 16:29:13 GMT [AWT-EventQueue-0] DEBUG n.runelite.client.eventbus.EventBus - Registering class net.runelite.api.events.WidgetLoaded - EventBus.Subscriber(object=net.runelite.client.plugins.cluescrolls.ClueScrollPlugin@3cd26422, method=public void net.runelite.client.plugins.cluescrolls.ClueScrollPlugin.onWidgetLoaded(net.runelite.api.events.WidgetLoaded), priority=0.0, lambda=net.runelite.client.plugins.cluescrolls.ClueScrollPlugin$$Lambda/0x00000001007bc000@26ca95d9)
2026-04-26 16:29:13 GMT [AWT-EventQueue-0] DEBUG n.runelite.client.eventbus.EventBus - Registering class net.runelite.api.events.GameTick - EventBus.Subscriber(object=net.runelite.client.plugins.cluescrolls.ClueScrollPlugin@3cd26422, method=public void net.runelite.client.plugins.cluescrolls.ClueScrollPlugin.onGameTick(net.runelite.api.events.GameTick), priority=0.0, lambda=net.runelite.client.plugins.cluescrolls.ClueScrollPlugin$$Lambda/0x00000001007bc238@34c35843)
2026-04-26 16:29:13 GMT [AWT-EventQueue-0] DEBUG n.runelite.client.eventbus.EventBus - Registering class net.runelite.api.events.NpcSpawned - EventBus.Subscriber(object=net.runelite.client.plugins.cluescrolls.ClueScrollPlugin@3cd26422, method=public void net.runelite.client.plugins.cluescrolls.ClueScrollPlugin.onNpcSpawned(net.runelite.api.events.NpcSpawned), priority=0.0, lambda=net.runelite.client.plugins.cluescrolls.ClueScrollPlugin$$Lambda/0x00000001007bc470@1888c159)
2026-04-26 16:29:13 GMT [AWT-EventQueue-0] DEBUG n.runelite.client.eventbus.EventBus - Registering class net.runelite.api.events.NpcDespawned - EventBus.Subscriber(object=net.runelite.client.plugins.cluescrolls.ClueScrollPlugin@3cd26422, method=public void net.runelite.client.plugins.cluescrolls.ClueScrollPlugin.onNpcDespawned(net.runelite.api.events.NpcDespawned), priority=0.0, lambda=net.runelite.client.plugins.cluescrolls.ClueScrollPlugin$$Lambda/0x00000001007bc6a8@689f8bd5)
2026-04-26 16:29:13 GMT [AWT-EventQueue-0] DEBUG n.runelite.client.eventbus.EventBus - Registering class net.runelite.api.events.ChatMessage - EventBus.Subscriber(object=net.runelite.client.plugins.cluescrolls.ClueScrollPlugin@3cd26422, method=public void net.runelite.client.plugins.cluescrolls.ClueScrollPlugin.onChatMessage(net.runelite.api.events.ChatMessage), priority=0.0, lambda=net.runelite.client.plugins.cluescrolls.ClueScrollPlugin$$Lambda/0x00000001007bc8e0@2b6c242b)
2026-04-26 16:29:13 GMT [AWT-EventQueue-0] DEBUG n.runelite.client.eventbus.EventBus - Registering class net.runelite.api.events.DecorativeObjectSpawned - EventBus.Subscriber(object=net.runelite.client.plugins.cluescrolls.ClueScrollPlugin@3cd26422, method=public void net.runelite.client.plugins.cluescrolls.ClueScrollPlugin.onDecorativeObjectSpawned(net.runelite.api.events.DecorativeObjectSpawned), priority=0.0, lambda=net.runelite.client.plugins.cluescrolls.ClueScrollPlugin$$Lambda/0x00000001007bcb18@7f59bc93)
2026-04-26 16:29:13 GMT [AWT-EventQueue-0] DEBUG n.runelite.client.eventbus.EventBus - Registering class net.runelite.api.events.DecorativeObjectDespawned - EventBus.Subscriber(object=net.runelite.client.plugins.cluescrolls.ClueScrollPlugin@3cd26422, method=public void net.runelite.client.plugins.cluescrolls.ClueScrollPlugin.onDecorativeObjectDespawned(net.runelite.api.events.DecorativeObjectDespawned), priority=0.0, lambda=net.runelite.client.plugins.cluescrolls.ClueScrollPlugin$$Lambda/0x00000001007bcd50@45906459)
2026-04-26 16:29:13 GMT [AWT-EventQueue-0] DEBUG n.runelite.client.eventbus.EventBus - Registering class net.runelite.api.events.GroundObjectDespawned - EventBus.Subscriber(object=net.runelite.client.plugins.cluescrolls.ClueScrollPlugin@3cd26422, method=public void net.runelite.client.plugins.cluescrolls.ClueScrollPlugin.onGroundObjectDespawned(net.runelite.api.events.GroundObjectDespawned), priority=0.0, lambda=net.runelite.client.plugins.cluescrolls.ClueScrollPlugin$$Lambda/0x00000001007bcf88@7e029b3a)
2026-04-26 16:29:13 GMT [AWT-EventQueue-0] DEBUG n.runelite.client.eventbus.EventBus - Registering class net.runelite.api.events.GameStateChanged - EventBus.Subscriber(object=net.runelite.client.plugins.cluescrolls.ClueScrollPlugin@3cd26422, method=public void net.runelite.client.plugins.cluescrolls.ClueScrollPlugin.onGameStateChanged(net.runelite.api.events.GameStateChanged), priority=0.0, lambda=net.runelite.client.plugins.cluescrolls.ClueScrollPlugin$$Lambda/0x00000001007bd1c0@d739727)
2026-04-26 16:29:13 GMT [AWT-EventQueue-0] DEBUG n.runelite.client.eventbus.EventBus - Registering class net.runelite.client.events.ConfigChanged - EventBus.Subscriber(object=net.runelite.client.plugins.cluescrolls.ClueScrollPlugin@3cd26422, method=public void net.runelite.client.plugins.cluescrolls.ClueScrollPlugin.onConfigChanged(net.runelite.client.events.ConfigChanged), priority=0.0, lambda=net.runelite.client.plugins.cluescrolls.ClueScrollPlugin$$Lambda/0x00000001007bd3f8@43333d3f)
2026-04-26 16:29:13 GMT [AWT-EventQueue-0] DEBUG n.runelite.client.eventbus.EventBus - Registering class net.runelite.api.events.MenuOptionClicked - EventBus.Subscriber(object=net.runelite.client.plugins.cluescrolls.ClueScrollPlugin@3cd26422, method=public void net.runelite.client.plugins.cluescrolls.ClueScrollPlugin.onMenuOptionClicked(net.runelite.api.events.MenuOptionClicked), priority=0.0, lambda=net.runelite.client.plugins.cluescrolls.ClueScrollPlugin$$Lambda/0x00000001007bd630@259d447b)
2026-04-26 16:29:13 GMT [AWT-EventQueue-0] DEBUG n.runelite.client.eventbus.EventBus - Registering class net.runelite.api.events.WallObjectSpawned - EventBus.Subscriber(object=net.runelite.client.plugins.cluescrolls.ClueScrollPlugin@3cd26422, method=public void net.runelite.client.plugins.cluescrolls.ClueScrollPlugin.onWallObjectSpawned(net.runelite.api.events.WallObjectSpawned), priority=0.0, lambda=net.runelite.client.plugins.cluescrolls.ClueScrollPlugin$$Lambda/0x00000001007bd868@4360c538)
2026-04-26 16:29:13 GMT [AWT-EventQueue-0] DEBUG n.runelite.client.eventbus.EventBus - Registering class net.runelite.api.events.WallObjectDespawned - EventBus.Subscriber(object=net.runelite.client.plugins.cluescrolls.ClueScrollPlugin@3cd26422, method=public void net.runelite.client.plugins.cluescrolls.ClueScrollPlugin.onWallObjectDespawned(net.runelite.api.events.WallObjectDespawned), priority=0.0, lambda=net.runelite.client.plugins.cluescrolls.ClueScrollPlugin$$Lambda/0x00000001007bdaa0@9696574)
2026-04-26 16:29:13 GMT [AWT-EventQueue-0] DEBUG n.runelite.client.eventbus.EventBus - Registering class net.runelite.api.events.ItemContainerChanged - EventBus.Subscriber(object=net.runelite.client.plugins.cluescrolls.ClueScrollPlugin@3cd26422, method=public void net.runelite.client.plugins.cluescrolls.ClueScrollPlugin.onItemContainerChanged(net.runelite.api.events.ItemContainerChanged), priority=0.0, lambda=net.runelite.client.plugins.cluescrolls.ClueScrollPlugin$$Lambda/0x00000001007bdcd8@53d5ace8)
2026-04-26 16:29:13 GMT [AWT-EventQueue-0] DEBUG n.runelite.client.eventbus.EventBus - Registering class net.runelite.api.events.GroundObjectSpawned - EventBus.Subscriber(object=net.runelite.client.plugins.cluescrolls.ClueScrollPlugin@3cd26422, method=public void net.runelite.client.plugins.cluescrolls.ClueScrollPlugin.onGroundObjectSpawned(net.runelite.api.events.GroundObjectSpawned), priority=0.0, lambda=net.runelite.client.plugins.cluescrolls.ClueScrollPlugin$$Lambda/0x00000001007bdf10@15b396da)
2026-04-26 16:29:13 GMT [AWT-EventQueue-0] DEBUG n.runelite.client.eventbus.EventBus - Registering class net.runelite.api.events.GameObjectSpawned - EventBus.Subscriber(object=net.runelite.client.plugins.cluescrolls.ClueScrollPlugin@3cd26422, method=public void net.runelite.client.plugins.cluescrolls.ClueScrollPlugin.onGameObjectSpawned(net.runelite.api.events.GameObjectSpawned), priority=0.0, lambda=net.runelite.client.plugins.cluescrolls.ClueScrollPlugin$$Lambda/0x00000001007be148@326f0870)
2026-04-26 16:29:13 GMT [AWT-EventQueue-0] DEBUG n.runelite.client.eventbus.EventBus - Registering class net.runelite.api.events.GameObjectDespawned - EventBus.Subscriber(object=net.runelite.client.plugins.cluescrolls.ClueScrollPlugin@3cd26422, method=public void net.runelite.client.plugins.cluescrolls.ClueScrollPlugin.onGameObjectDespawned(net.runelite.api.events.GameObjectDespawned), priority=0.0, lambda=net.runelite.client.plugins.cluescrolls.ClueScrollPlugin$$Lambda/0x00000001007be380@7443ce76)
2026-04-26 16:29:13 GMT [AWT-EventQueue-0] DEBUG n.runelite.client.eventbus.EventBus - Registering class net.runelite.api.events.CommandExecuted - EventBus.Subscriber(object=net.runelite.client.plugins.cluescrolls.ClueScrollPlugin@3cd26422, method=public void net.runelite.client.plugins.cluescrolls.ClueScrollPlugin.onCommandExecuted(net.runelite.api.events.CommandExecuted), priority=0.0, lambda=net.runelite.client.plugins.cluescrolls.ClueScrollPlugin$$Lambda/0x00000001007be5b8@682f63f0)
2026-04-26 16:29:13 GMT [AWT-EventQueue-0] DEBUG n.r.client.plugins.PluginManager - Plugin PohPlugin is now running
2026-04-26 16:29:13 GMT [AWT-EventQueue-0] DEBUG n.runelite.client.eventbus.EventBus - Registering class net.runelite.api.events.DecorativeObjectSpawned - EventBus.Subscriber(object=net.runelite.client.plugins.poh.PohPlugin@55fdf7f9, method=public void net.runelite.client.plugins.poh.PohPlugin.onDecorativeObjectSpawned(net.runelite.api.events.DecorativeObjectSpawned), priority=0.0, lambda=net.runelite.client.plugins.poh.PohPlugin$$Lambda/0x00000001007be7f0@5c82d02a)
2026-04-26 16:29:13 GMT [AWT-EventQueue-0] DEBUG n.runelite.client.eventbus.EventBus - Registering class net.runelite.api.events.DecorativeObjectDespawned - EventBus.Subscriber(object=net.runelite.client.plugins.poh.PohPlugin@55fdf7f9, method=public void net.runelite.client.plugins.poh.PohPlugin.onDecorativeObjectDespawned(net.runelite.api.events.DecorativeObjectDespawned), priority=0.0, lambda=net.runelite.client.plugins.poh.PohPlugin$$Lambda/0x00000001007bea28@6093e6f3)
2026-04-26 16:29:13 GMT [AWT-EventQueue-0] DEBUG n.runelite.client.eventbus.EventBus - Registering class net.runelite.api.events.GameStateChanged - EventBus.Subscriber(object=net.runelite.client.plugins.poh.PohPlugin@55fdf7f9, method=public void net.runelite.client.plugins.poh.PohPlugin.onGameStateChanged(net.runelite.api.events.GameStateChanged), priority=0.0, lambda=net.runelite.client.plugins.poh.PohPlugin$$Lambda/0x00000001007bec60@2eb731ed)
2026-04-26 16:29:13 GMT [AWT-EventQueue-0] DEBUG n.runelite.client.eventbus.EventBus - Registering class net.runelite.client.events.ConfigChanged - EventBus.Subscriber(object=net.runelite.client.plugins.poh.PohPlugin@55fdf7f9, method=public void net.runelite.client.plugins.poh.PohPlugin.onConfigChanged(net.runelite.client.events.ConfigChanged), priority=0.0, lambda=net.runelite.client.plugins.poh.PohPlugin$$Lambda/0x00000001007bee98@6c9d4b15)
2026-04-26 16:29:13 GMT [AWT-EventQueue-0] DEBUG n.runelite.client.eventbus.EventBus - Registering class net.runelite.api.events.GameObjectSpawned - EventBus.Subscriber(object=net.runelite.client.plugins.poh.PohPlugin@55fdf7f9, method=public void net.runelite.client.plugins.poh.PohPlugin.onGameObjectSpawned(net.runelite.api.events.GameObjectSpawned), priority=0.0, lambda=net.runelite.client.plugins.poh.PohPlugin$$Lambda/0x00000001007bf0d0@6a2bcea4)
2026-04-26 16:29:13 GMT [AWT-EventQueue-0] DEBUG n.runelite.client.eventbus.EventBus - Registering class net.runelite.api.events.GameObjectDespawned - EventBus.Subscriber(object=net.runelite.client.plugins.poh.PohPlugin@55fdf7f9, method=public void net.runelite.client.plugins.poh.PohPlugin.onGameObjectDespawned(net.runelite.api.events.GameObjectDespawned), priority=0.0, lambda=net.runelite.client.plugins.poh.PohPlugin$$Lambda/0x00000001007bf308@4b16a65e)
2026-04-26 16:29:13 GMT [AWT-EventQueue-0] DEBUG n.runelite.client.eventbus.EventBus - Registering class net.runelite.api.events.AnimationChanged - EventBus.Subscriber(object=net.runelite.client.plugins.poh.PohPlugin@55fdf7f9, method=public void net.runelite.client.plugins.poh.PohPlugin.onAnimationChanged(net.runelite.api.events.AnimationChanged), priority=0.0, lambda=net.runelite.client.plugins.poh.PohPlugin$$Lambda/0x00000001007bf540@27a5bc1f)
2026-04-26 16:29:13 GMT [AWT-EventQueue-0] DEBUG n.r.client.plugins.PluginManager - Plugin HiscorePlugin is now running
2026-04-26 16:29:13 GMT [AWT-EventQueue-0] DEBUG n.runelite.client.eventbus.EventBus - Registering class net.runelite.api.events.ChatMessage - EventBus.Subscriber(object=net.runelite.client.plugins.hiscore.HiscorePlugin@4c5a2baf, method=public void net.runelite.client.plugins.hiscore.HiscorePlugin.onChatMessage(net.runelite.api.events.ChatMessage), priority=0.0, lambda=net.runelite.client.plugins.hiscore.HiscorePlugin$$Lambda/0x00000001007ba948@5a4500e7)
2026-04-26 16:29:13 GMT [AWT-EventQueue-0] DEBUG n.runelite.client.eventbus.EventBus - Registering class net.runelite.api.events.MenuOpened - EventBus.Subscriber(object=net.runelite.client.plugins.hiscore.HiscorePlugin@4c5a2baf, method=private void net.runelite.client.plugins.hiscore.HiscorePlugin.onMenuOpened(net.runelite.api.events.MenuOpened), priority=0.0, lambda=net.runelite.client.plugins.hiscore.HiscorePlugin$$Lambda/0x00000001007bab80@4ab966cf)
2026-04-26 16:29:13 GMT [AWT-EventQueue-0] DEBUG n.runelite.client.eventbus.EventBus - Registering class net.runelite.client.events.ConfigChanged - EventBus.Subscriber(object=net.runelite.client.plugins.hiscore.HiscorePlugin@4c5a2baf, method=public void net.runelite.client.plugins.hiscore.HiscorePlugin.onConfigChanged(net.runelite.client.events.ConfigChanged), priority=0.0, lambda=net.runelite.client.plugins.hiscore.HiscorePlugin$$Lambda/0x00000001007badb8@7adce8b)
2026-04-26 16:29:13 GMT [AWT-EventQueue-0] DEBUG n.runelite.client.eventbus.EventBus - Registering class net.runelite.api.events.MenuEntryAdded - EventBus.Subscriber(object=net.runelite.client.plugins.hiscore.HiscorePlugin@4c5a2baf, method=public void net.runelite.client.plugins.hiscore.HiscorePlugin.onMenuEntryAdded(net.runelite.api.events.MenuEntryAdded), priority=0.0, lambda=net.runelite.client.plugins.hiscore.HiscorePlugin$$Lambda/0x00000001007baff0@69366390)
2026-04-26 16:29:13 GMT [AWT-EventQueue-0] DEBUG n.runelite.client.eventbus.EventBus - Registering class net.runelite.api.events.MenuOptionClicked - EventBus.Subscriber(object=net.runelite.client.plugins.hiscore.HiscorePlugin@4c5a2baf, method=public void net.runelite.client.plugins.hiscore.HiscorePlugin.onMenuOptionClicked(net.runelite.api.events.MenuOptionClicked), priority=0.0, lambda=net.runelite.client.plugins.hiscore.HiscorePlugin$$Lambda/0x00000001007bb228@1854f7f2)
2026-04-26 16:29:13 GMT [AWT-EventQueue-0] DEBUG n.runelite.client.eventbus.EventBus - Registering class net.runelite.api.events.VarbitChanged - EventBus.Subscriber(object=net.runelite.client.plugins.hiscore.HiscorePlugin@4c5a2baf, method=public void net.runelite.client.plugins.hiscore.HiscorePlugin.onVarbitChanged(net.runelite.api.events.VarbitChanged), priority=0.0, lambda=net.runelite.client.plugins.hiscore.HiscorePlugin$$Lambda/0x00000001007bb460@6d4926e5)
2026-04-26 16:29:13 GMT [AWT-EventQueue-0] DEBUG n.r.client.plugins.PluginManager - Plugin TimersAndBuffsPlugin is now running
2026-04-26 16:29:13 GMT [AWT-EventQueue-0] DEBUG n.runelite.client.eventbus.EventBus - Registering class net.runelite.api.events.GameTick - EventBus.Subscriber(object=net.runelite.client.plugins.timersandbuffs.TimersAndBuffsPlugin@270d43a7, method=public void net.runelite.client.plugins.timersandbuffs.TimersAndBuffsPlugin.onGameTick(net.runelite.api.events.GameTick), priority=0.0, lambda=net.runelite.client.plugins.timersandbuffs.TimersAndBuffsPlugin$$Lambda/0x00000001007bb698@3542929c)
2026-04-26 16:29:13 GMT [AWT-EventQueue-0] DEBUG n.runelite.client.eventbus.EventBus - Registering class net.runelite.api.events.NpcSpawned - EventBus.Subscriber(object=net.runelite.client.plugins.timersandbuffs.TimersAndBuffsPlugin@270d43a7, method=void net.runelite.client.plugins.timersandbuffs.TimersAndBuffsPlugin.onNpcSpawned(net.runelite.api.events.NpcSpawned), priority=0.0, lambda=net.runelite.client.plugins.timersandbuffs.TimersAndBuffsPlugin$$Lambda/0x00000001007bb8d0@7b8c1ccc)
2026-04-26 16:29:13 GMT [AWT-EventQueue-0] DEBUG n.runelite.client.eventbus.EventBus - Registering class net.runelite.api.events.NpcDespawned - EventBus.Subscriber(object=net.runelite.client.plugins.timersandbuffs.TimersAndBuffsPlugin@270d43a7, method=public void net.runelite.client.plugins.timersandbuffs.TimersAndBuffsPlugin.onNpcDespawned(net.runelite.api.events.NpcDespawned), priority=0.0, lambda=net.runelite.client.plugins.timersandbuffs.TimersAndBuffsPlugin$$Lambda/0x00000001007bbb08@55ffc86e)
2026-04-26 16:29:13 GMT [AWT-EventQueue-0] DEBUG n.runelite.client.eventbus.EventBus - Registering class net.runelite.api.events.ChatMessage - EventBus.Subscriber(object=net.runelite.client.plugins.timersandbuffs.TimersAndBuffsPlugin@270d43a7, method=public void net.runelite.client.plugins.timersandbuffs.TimersAndBuffsPlugin.onChatMessage(net.runelite.api.events.ChatMessage), priority=0.0, lambda=net.runelite.client.plugins.timersandbuffs.TimersAndBuffsPlugin$$Lambda/0x00000001007bbd40@12ddd297)
2026-04-26 16:29:13 GMT [AWT-EventQueue-0] DEBUG n.runelite.client.eventbus.EventBus - Registering class net.runelite.api.events.NpcChanged - EventBus.Subscriber(object=net.runelite.client.plugins.timersandbuffs.TimersAndBuffsPlugin@270d43a7, method=void net.runelite.client.plugins.timersandbuffs.TimersAndBuffsPlugin.onNpcChanged(net.runelite.api.events.NpcChanged), priority=0.0, lambda=net.runelite.client.plugins.timersandbuffs.TimersAndBuffsPlugin$$Lambda/0x00000001007b9800@ee5a2cf)
2026-04-26 16:29:13 GMT [AWT-EventQueue-0] DEBUG n.runelite.client.eventbus.EventBus - Registering class net.runelite.api.events.ActorDeath - EventBus.Subscriber(object=net.runelite.client.plugins.timersandbuffs.TimersAndBuffsPlugin@270d43a7, method=public void net.runelite.client.plugins.timersandbuffs.TimersAndBuffsPlugin.onActorDeath(net.runelite.api.events.ActorDeath), priority=0.0, lambda=net.runelite.client.plugins.timersandbuffs.TimersAndBuffsPlugin$$Lambda/0x00000001007b9a38@1d3bdd98)
2026-04-26 16:29:13 GMT [AWT-EventQueue-0] DEBUG n.runelite.client.eventbus.EventBus - Registering class net.runelite.api.events.GameStateChanged - EventBus.Subscriber(object=net.runelite.client.plugins.timersandbuffs.TimersAndBuffsPlugin@270d43a7, method=public void net.runelite.client.plugins.timersandbuffs.TimersAndBuffsPlugin.onGameStateChanged(net.runelite.api.events.GameStateChanged), priority=0.0, lambda=net.runelite.client.plugins.timersandbuffs.TimersAndBuffsPlugin$$Lambda/0x00000001007b9c70@ebc1faa)
2026-04-26 16:29:13 GMT [AWT-EventQueue-0] DEBUG n.runelite.client.eventbus.EventBus - Registering class net.runelite.client.events.ConfigChanged - EventBus.Subscriber(object=net.runelite.client.plugins.timersandbuffs.TimersAndBuffsPlugin@270d43a7, method=public void net.runelite.client.plugins.timersandbuffs.TimersAndBuffsPlugin.onConfigChanged(net.runelite.client.events.ConfigChanged), priority=0.0, lambda=net.runelite.client.plugins.timersandbuffs.TimersAndBuffsPlugin$$Lambda/0x00000001007c0000@5ba21978)
2026-04-26 16:29:13 GMT [AWT-EventQueue-0] DEBUG n.runelite.client.eventbus.EventBus - Registering class net.runelite.api.events.VarbitChanged - EventBus.Subscriber(object=net.runelite.client.plugins.timersandbuffs.TimersAndBuffsPlugin@270d43a7, method=public void net.runelite.client.plugins.timersandbuffs.TimersAndBuffsPlugin.onVarbitChanged(net.runelite.api.events.VarbitChanged), priority=0.0, lambda=net.runelite.client.plugins.timersandbuffs.TimersAndBuffsPlugin$$Lambda/0x00000001007c0238@7935c9ab)
2026-04-26 16:29:13 GMT [AWT-EventQueue-0] DEBUG n.runelite.client.eventbus.EventBus - Registering class net.runelite.api.events.ItemContainerChanged - EventBus.Subscriber(object=net.runelite.client.plugins.timersandbuffs.TimersAndBuffsPlugin@270d43a7, method=public void net.runelite.client.plugins.timersandbuffs.TimersAndBuffsPlugin.onItemContainerChanged(net.runelite.api.events.ItemContainerChanged), priority=0.0, lambda=net.runelite.client.plugins.timersandbuffs.TimersAndBuffsPlugin$$Lambda/0x00000001007c0470@1c08d53a)
2026-04-26 16:29:13 GMT [AWT-EventQueue-0] DEBUG n.runelite.client.eventbus.EventBus - Registering class net.runelite.api.events.GraphicChanged - EventBus.Subscriber(object=net.runelite.client.plugins.timersandbuffs.TimersAndBuffsPlugin@270d43a7, method=public void net.runelite.client.plugins.timersandbuffs.TimersAndBuffsPlugin.onGraphicChanged(net.runelite.api.events.GraphicChanged), priority=0.0, lambda=net.runelite.client.plugins.timersandbuffs.TimersAndBuffsPlugin$$Lambda/0x00000001007c06a8@ad13e2e)
2026-04-26 16:29:13 GMT [AWT-EventQueue-0] DEBUG n.r.client.plugins.PluginManager - Plugin FriendListPlugin is now running
2026-04-26 16:29:13 GMT [AWT-EventQueue-0] DEBUG n.runelite.client.eventbus.EventBus - Registering class net.runelite.api.events.ChatMessage - EventBus.Subscriber(object=net.runelite.client.plugins.friendlist.FriendListPlugin@6cbbb9c4, method=public void net.runelite.client.plugins.friendlist.FriendListPlugin.onChatMessage(net.runelite.api.events.ChatMessage), priority=0.0, lambda=net.runelite.client.plugins.friendlist.FriendListPlugin$$Lambda/0x00000001007c08e0@547f547a)
2026-04-26 16:29:13 GMT [AWT-EventQueue-0] DEBUG n.runelite.client.eventbus.EventBus - Registering class net.runelite.api.events.MenuEntryAdded - EventBus.Subscriber(object=net.runelite.client.plugins.friendlist.FriendListPlugin@6cbbb9c4, method=public void net.runelite.client.plugins.friendlist.FriendListPlugin.onMenuEntryAdded(net.runelite.api.events.MenuEntryAdded), priority=0.0, lambda=net.runelite.client.plugins.friendlist.FriendListPlugin$$Lambda/0x00000001007c0b18@7c6cb043)
2026-04-26 16:29:13 GMT [AWT-EventQueue-0] DEBUG n.runelite.client.eventbus.EventBus - Registering class net.runelite.api.events.ScriptPostFired - EventBus.Subscriber(object=net.runelite.client.plugins.friendlist.FriendListPlugin@6cbbb9c4, method=public void net.runelite.client.plugins.friendlist.FriendListPlugin.onScriptPostFired(net.runelite.api.events.ScriptPostFired), priority=0.0, lambda=net.runelite.client.plugins.friendlist.FriendListPlugin$$Lambda/0x00000001007c0d50@7b3fbc55)
2026-04-26 16:29:13 GMT [AWT-EventQueue-0] DEBUG n.r.client.plugins.PluginManager - Scheduled task ScheduledMethod(schedule=@net.runelite.client.task.Schedule(asynchronous=false, period=5L, unit=SECONDS), method=public void net.runelite.client.plugins.friendlist.FriendListPlugin.setHideNotifications(), object=net.runelite.client.plugins.friendlist.FriendListPlugin@6cbbb9c4, lambda=net.runelite.client.plugins.friendlist.FriendListPlugin$$Lambda/0x00000001007c0f88@598ff5d0, last=2026-04-26T16:29:13.329057945Z)
2026-04-26 16:29:13 GMT [AWT-EventQueue-0] DEBUG n.runelite.client.eventbus.EventBus - Registering class net.runelite.api.events.ChatMessage - EventBus.Subscriber(object=net.runelite.client.plugins.timetracking.farming.CompostTracker@42594d8e, method=public void net.runelite.client.plugins.timetracking.farming.CompostTracker.onChatMessage(net.runelite.api.events.ChatMessage), priority=0.0, lambda=net.runelite.client.plugins.timetracking.farming.CompostTracker$$Lambda/0x00000001007c15a0@4d67337f)
2026-04-26 16:29:13 GMT [AWT-EventQueue-0] DEBUG n.runelite.client.eventbus.EventBus - Registering class net.runelite.api.events.GameStateChanged - EventBus.Subscriber(object=net.runelite.client.plugins.timetracking.farming.CompostTracker@42594d8e, method=public void net.runelite.client.plugins.timetracking.farming.CompostTracker.onGameStateChanged(net.runelite.api.events.GameStateChanged), priority=0.0, lambda=net.runelite.client.plugins.timetracking.farming.CompostTracker$$Lambda/0x00000001007c17d8@79de293d)
2026-04-26 16:29:13 GMT [AWT-EventQueue-0] DEBUG n.runelite.client.eventbus.EventBus - Registering class net.runelite.api.events.MenuOptionClicked - EventBus.Subscriber(object=net.runelite.client.plugins.timetracking.farming.CompostTracker@42594d8e, method=public void net.runelite.client.plugins.timetracking.farming.CompostTracker.onMenuOptionClicked(net.runelite.api.events.MenuOptionClicked), priority=0.0, lambda=net.runelite.client.plugins.timetracking.farming.CompostTracker$$Lambda/0x00000001007c1a10@56b173d)
2026-04-26 16:29:13 GMT [AWT-EventQueue-0] DEBUG n.runelite.client.eventbus.EventBus - Registering class net.runelite.api.events.GameTick - EventBus.Subscriber(object=net.runelite.client.plugins.timetracking.farming.PaymentTracker@dd0b507, method=public void net.runelite.client.plugins.timetracking.farming.PaymentTracker.onGameTick(net.runelite.api.events.GameTick), priority=0.0, lambda=net.runelite.client.plugins.timetracking.farming.PaymentTracker$$Lambda/0x00000001007c1c48@652e349e)
2026-04-26 16:29:13 GMT [AWT-EventQueue-0] DEBUG n.runelite.client.eventbus.EventBus - Registering class net.runelite.api.events.ChatMessage - EventBus.Subscriber(object=net.runelite.client.plugins.timetracking.farming.PaymentTracker@dd0b507, method=public void net.runelite.client.plugins.timetracking.farming.PaymentTracker.onChatMessage(net.runelite.api.events.ChatMessage), priority=0.0, lambda=net.runelite.client.plugins.timetracking.farming.PaymentTracker$$Lambda/0x00000001007c1e80@420e24dc)
2026-04-26 16:29:13 GMT [AWT-EventQueue-0] DEBUG n.runelite.client.eventbus.EventBus - Registering class net.runelite.api.events.MenuOptionClicked - EventBus.Subscriber(object=net.runelite.client.plugins.timetracking.farming.PaymentTracker@dd0b507, method=public void net.runelite.client.plugins.timetracking.farming.PaymentTracker.onMenuOptionClicked(net.runelite.api.events.MenuOptionClicked), priority=0.0, lambda=net.runelite.client.plugins.timetracking.farming.PaymentTracker$$Lambda/0x00000001007c20b8@5ee08e12)
2026-04-26 16:29:13 GMT [AWT-EventQueue-0] DEBUG n.runelite.client.eventbus.EventBus - Registering class net.runelite.api.events.ScriptPreFired - EventBus.Subscriber(object=net.runelite.client.plugins.timetracking.farming.PaymentTracker@dd0b507, method=public void net.runelite.client.plugins.timetracking.farming.PaymentTracker.onScriptPreFired(net.runelite.api.events.ScriptPreFired), priority=0.0, lambda=net.runelite.client.plugins.timetracking.farming.PaymentTracker$$Lambda/0x00000001007c22f0@5dc5a739)
2026-04-26 16:29:13 GMT [AWT-EventQueue-0] DEBUG n.r.client.plugins.PluginManager - Plugin TimeTrackingPlugin is now running
2026-04-26 16:29:13 GMT [AWT-EventQueue-0] DEBUG n.runelite.client.eventbus.EventBus - Registering class net.runelite.api.events.GameTick - EventBus.Subscriber(object=net.runelite.client.plugins.timetracking.TimeTrackingPlugin@74024f3, method=public void net.runelite.client.plugins.timetracking.TimeTrackingPlugin.onGameTick(net.runelite.api.events.GameTick), priority=0.0, lambda=net.runelite.client.plugins.timetracking.TimeTrackingPlugin$$Lambda/0x00000001007ce638@81c68a1)
2026-04-26 16:29:13 GMT [AWT-EventQueue-0] DEBUG n.runelite.client.eventbus.EventBus - Registering class net.runelite.api.events.WidgetClosed - EventBus.Subscriber(object=net.runelite.client.plugins.timetracking.TimeTrackingPlugin@74024f3, method=private void net.runelite.client.plugins.timetracking.TimeTrackingPlugin.onWidgetClosed(net.runelite.api.events.WidgetClosed), priority=0.0, lambda=net.runelite.client.plugins.timetracking.TimeTrackingPlugin$$Lambda/0x00000001007ce870@663e6996)
2026-04-26 16:29:13 GMT [AWT-EventQueue-0] DEBUG n.runelite.client.eventbus.EventBus - Registering class net.runelite.api.events.ChatMessage - EventBus.Subscriber(object=net.runelite.client.plugins.timetracking.TimeTrackingPlugin@74024f3, method=public void net.runelite.client.plugins.timetracking.TimeTrackingPlugin.onChatMessage(net.runelite.api.events.ChatMessage), priority=0.0, lambda=net.runelite.client.plugins.timetracking.TimeTrackingPlugin$$Lambda/0x00000001007ceaa8@42f95e9d)
2026-04-26 16:29:13 GMT [AWT-EventQueue-0] DEBUG n.runelite.client.eventbus.EventBus - Registering class net.runelite.client.events.RuneScapeProfileChanged - EventBus.Subscriber(object=net.runelite.client.plugins.timetracking.TimeTrackingPlugin@74024f3, method=public void net.runelite.client.plugins.timetracking.TimeTrackingPlugin.onRuneScapeProfileChanged(net.runelite.client.events.RuneScapeProfileChanged), priority=0.0, lambda=net.runelite.client.plugins.timetracking.TimeTrackingPlugin$$Lambda/0x00000001007cece0@a491ed9)
2026-04-26 16:29:13 GMT [AWT-EventQueue-0] DEBUG n.runelite.client.eventbus.EventBus - Registering class net.runelite.client.events.ConfigChanged - EventBus.Subscriber(object=net.runelite.client.plugins.timetracking.TimeTrackingPlugin@74024f3, method=public void net.runelite.client.plugins.timetracking.TimeTrackingPlugin.onConfigChanged(net.runelite.client.events.ConfigChanged), priority=0.0, lambda=net.runelite.client.plugins.timetracking.TimeTrackingPlugin$$Lambda/0x00000001007cef18@70663908)
2026-04-26 16:29:13 GMT [AWT-EventQueue-0] DEBUG n.runelite.client.eventbus.EventBus - Registering class net.runelite.api.events.CommandExecuted - EventBus.Subscriber(object=net.runelite.client.plugins.timetracking.TimeTrackingPlugin@74024f3, method=public void net.runelite.client.plugins.timetracking.TimeTrackingPlugin.onCommandExecuted(net.runelite.api.events.CommandExecuted), priority=0.0, lambda=net.runelite.client.plugins.timetracking.TimeTrackingPlugin$$Lambda/0x00000001007cf150@586cee04)
2026-04-26 16:29:13 GMT [AWT-EventQueue-0] DEBUG n.r.client.plugins.PluginManager - Plugin TitheFarmPlugin is now running
2026-04-26 16:29:13 GMT [AWT-EventQueue-0] DEBUG n.runelite.client.eventbus.EventBus - Registering class net.runelite.api.events.GameTick - EventBus.Subscriber(object=net.runelite.client.plugins.tithefarm.TitheFarmPlugin@5f7eee96, method=public void net.runelite.client.plugins.tithefarm.TitheFarmPlugin.onGameTick(net.runelite.api.events.GameTick), priority=0.0, lambda=net.runelite.client.plugins.tithefarm.TitheFarmPlugin$$Lambda/0x00000001007cf580@2f7a0801)
2026-04-26 16:29:13 GMT [AWT-EventQueue-0] DEBUG n.runelite.client.eventbus.EventBus - Registering class net.runelite.client.events.ConfigChanged - EventBus.Subscriber(object=net.runelite.client.plugins.tithefarm.TitheFarmPlugin@5f7eee96, method=public void net.runelite.client.plugins.tithefarm.TitheFarmPlugin.onConfigChanged(net.runelite.client.events.ConfigChanged), priority=0.0, lambda=net.runelite.client.plugins.tithefarm.TitheFarmPlugin$$Lambda/0x00000001007cf7b8@368930f3)
2026-04-26 16:29:13 GMT [AWT-EventQueue-0] DEBUG n.runelite.client.eventbus.EventBus - Registering class net.runelite.api.events.GameObjectSpawned - EventBus.Subscriber(object=net.runelite.client.plugins.tithefarm.TitheFarmPlugin@5f7eee96, method=public void net.runelite.client.plugins.tithefarm.TitheFarmPlugin.onGameObjectSpawned(net.runelite.api.events.GameObjectSpawned), priority=0.0, lambda=net.runelite.client.plugins.tithefarm.TitheFarmPlugin$$Lambda/0x00000001007cf9f0@1d3e02e5)
2026-04-26 16:29:13 GMT [AWT-EventQueue-0] DEBUG n.r.client.plugins.PluginManager - Plugin HunterPlugin is now running
2026-04-26 16:29:13 GMT [AWT-EventQueue-0] DEBUG n.runelite.client.eventbus.EventBus - Registering class net.runelite.api.events.GameTick - EventBus.Subscriber(object=net.runelite.client.plugins.hunter.HunterPlugin@5d512ddb, method=public void net.runelite.client.plugins.hunter.HunterPlugin.onGameTick(net.runelite.api.events.GameTick), priority=0.0, lambda=net.runelite.client.plugins.hunter.HunterPlugin$$Lambda/0x00000001007cfc28@2351daa8)
2026-04-26 16:29:13 GMT [AWT-EventQueue-0] DEBUG n.runelite.client.eventbus.EventBus - Registering class net.runelite.client.events.ConfigChanged - EventBus.Subscriber(object=net.runelite.client.plugins.hunter.HunterPlugin@5d512ddb, method=public void net.runelite.client.plugins.hunter.HunterPlugin.onConfigChanged(net.runelite.client.events.ConfigChanged), priority=0.0, lambda=net.runelite.client.plugins.hunter.HunterPlugin$$Lambda/0x00000001007d0000@7170e94)
2026-04-26 16:29:13 GMT [AWT-EventQueue-0] DEBUG n.runelite.client.eventbus.EventBus - Registering class net.runelite.api.events.GameObjectSpawned - EventBus.Subscriber(object=net.runelite.client.plugins.hunter.HunterPlugin@5d512ddb, method=public void net.runelite.client.plugins.hunter.HunterPlugin.onGameObjectSpawned(net.runelite.api.events.GameObjectSpawned), priority=0.0, lambda=net.runelite.client.plugins.hunter.HunterPlugin$$Lambda/0x00000001007d0238@116a4b96)
2026-04-26 16:29:13 GMT [AWT-EventQueue-0] DEBUG n.r.client.plugins.PluginManager - Plugin AgilityPlugin is now running
2026-04-26 16:29:13 GMT [AWT-EventQueue-0] DEBUG n.runelite.client.eventbus.EventBus - Registering class net.runelite.api.events.GameTick - EventBus.Subscriber(object=net.runelite.client.plugins.agility.AgilityPlugin@32f32623, method=public void net.runelite.client.plugins.agility.AgilityPlugin.onGameTick(net.runelite.api.events.GameTick), priority=0.0, lambda=net.runelite.client.plugins.agility.AgilityPlugin$$Lambda/0x00000001007d0678@685f3b4c)
2026-04-26 16:29:13 GMT [AWT-EventQueue-0] DEBUG n.runelite.client.eventbus.EventBus - Registering class net.runelite.api.events.NpcSpawned - EventBus.Subscriber(object=net.runelite.client.plugins.agility.AgilityPlugin@32f32623, method=public void net.runelite.client.plugins.agility.AgilityPlugin.onNpcSpawned(net.runelite.api.events.NpcSpawned), priority=0.0, lambda=net.runelite.client.plugins.agility.AgilityPlugin$$Lambda/0x00000001007d1870@629c88d5)
2026-04-26 16:29:13 GMT [AWT-EventQueue-0] DEBUG n.runelite.client.eventbus.EventBus - Registering class net.runelite.api.events.NpcDespawned - EventBus.Subscriber(object=net.runelite.client.plugins.agility.AgilityPlugin@32f32623, method=public void net.runelite.client.plugins.agility.AgilityPlugin.onNpcDespawned(net.runelite.api.events.NpcDespawned), priority=0.0, lambda=net.runelite.client.plugins.agility.AgilityPlugin$$Lambda/0x00000001007d1d28@63a3852a)
2026-04-26 16:29:13 GMT [AWT-EventQueue-0] DEBUG n.runelite.client.eventbus.EventBus - Registering class net.runelite.api.events.ItemSpawned - EventBus.Subscriber(object=net.runelite.client.plugins.agility.AgilityPlugin@32f32623, method=public void net.runelite.client.plugins.agility.AgilityPlugin.onItemSpawned(net.runelite.api.events.ItemSpawned), priority=0.0, lambda=net.runelite.client.plugins.agility.AgilityPlugin$$Lambda/0x00000001007d1f60@19f0a8df)
2026-04-26 16:29:13 GMT [AWT-EventQueue-0] DEBUG n.runelite.client.eventbus.EventBus - Registering class net.runelite.api.events.StatChanged - EventBus.Subscriber(object=net.runelite.client.plugins.agility.AgilityPlugin@32f32623, method=public void net.runelite.client.plugins.agility.AgilityPlugin.onStatChanged(net.runelite.api.events.StatChanged), priority=0.0, lambda=net.runelite.client.plugins.agility.AgilityPlugin$$Lambda/0x00000001007d2198@2e51ffdc)
2026-04-26 16:29:13 GMT [AWT-EventQueue-0] DEBUG n.runelite.client.eventbus.EventBus - Registering class net.runelite.api.events.DecorativeObjectSpawned - EventBus.Subscriber(object=net.runelite.client.plugins.agility.AgilityPlugin@32f32623, method=public void net.runelite.client.plugins.agility.AgilityPlugin.onDecorativeObjectSpawned(net.runelite.api.events.DecorativeObjectSpawned), priority=0.0, lambda=net.runelite.client.plugins.agility.AgilityPlugin$$Lambda/0x00000001007d23d0@4f241d1e)
2026-04-26 16:29:13 GMT [AWT-EventQueue-0] DEBUG n.runelite.client.eventbus.EventBus - Registering class net.runelite.api.events.DecorativeObjectDespawned - EventBus.Subscriber(object=net.runelite.client.plugins.agility.AgilityPlugin@32f32623, method=public void net.runelite.client.plugins.agility.AgilityPlugin.onDecorativeObjectDespawned(net.runelite.api.events.DecorativeObjectDespawned), priority=0.0, lambda=net.runelite.client.plugins.agility.AgilityPlugin$$Lambda/0x00000001007d2608@1aaa4548)
2026-04-26 16:29:13 GMT [AWT-EventQueue-0] DEBUG n.runelite.client.eventbus.EventBus - Registering class net.runelite.api.events.GroundObjectDespawned - EventBus.Subscriber(object=net.runelite.client.plugins.agility.AgilityPlugin@32f32623, method=public void net.runelite.client.plugins.agility.AgilityPlugin.onGroundObjectDespawned(net.runelite.api.events.GroundObjectDespawned), priority=0.0, lambda=net.runelite.client.plugins.agility.AgilityPlugin$$Lambda/0x00000001007d2af0@51ac103e)
2026-04-26 16:29:13 GMT [AWT-EventQueue-0] DEBUG n.runelite.client.eventbus.EventBus - Registering class net.runelite.api.events.GameStateChanged - EventBus.Subscriber(object=net.runelite.client.plugins.agility.AgilityPlugin@32f32623, method=public void net.runelite.client.plugins.agility.AgilityPlugin.onGameStateChanged(net.runelite.api.events.GameStateChanged), priority=0.0, lambda=net.runelite.client.plugins.agility.AgilityPlugin$$Lambda/0x00000001007d2d28@54b2f13)
2026-04-26 16:29:13 GMT [AWT-EventQueue-0] DEBUG n.runelite.client.eventbus.EventBus - Registering class net.runelite.client.events.ConfigChanged - EventBus.Subscriber(object=net.runelite.client.plugins.agility.AgilityPlugin@32f32623, method=public void net.runelite.client.plugins.agility.AgilityPlugin.onConfigChanged(net.runelite.client.events.ConfigChanged), priority=0.0, lambda=net.runelite.client.plugins.agility.AgilityPlugin$$Lambda/0x00000001007d2f60@732f83f8)
2026-04-26 16:29:13 GMT [AWT-EventQueue-0] DEBUG n.runelite.client.eventbus.EventBus - Registering class net.runelite.api.events.VarbitChanged - EventBus.Subscriber(object=net.runelite.client.plugins.agility.AgilityPlugin@32f32623, method=public void net.runelite.client.plugins.agility.AgilityPlugin.onVarbitChanged(net.runelite.api.events.VarbitChanged), priority=0.0, lambda=net.runelite.client.plugins.agility.AgilityPlugin$$Lambda/0x00000001007d3198@7f0cc268)
2026-04-26 16:29:13 GMT [AWT-EventQueue-0] DEBUG n.runelite.client.eventbus.EventBus - Registering class net.runelite.api.events.ItemDespawned - EventBus.Subscriber(object=net.runelite.client.plugins.agility.AgilityPlugin@32f32623, method=public void net.runelite.client.plugins.agility.AgilityPlugin.onItemDespawned(net.runelite.api.events.ItemDespawned), priority=0.0, lambda=net.runelite.client.plugins.agility.AgilityPlugin$$Lambda/0x00000001007d33d0@28ebecee)
2026-04-26 16:29:13 GMT [AWT-EventQueue-0] DEBUG n.runelite.client.eventbus.EventBus - Registering class net.runelite.api.events.WallObjectSpawned - EventBus.Subscriber(object=net.runelite.client.plugins.agility.AgilityPlugin@32f32623, method=public void net.runelite.client.plugins.agility.AgilityPlugin.onWallObjectSpawned(net.runelite.api.events.WallObjectSpawned), priority=0.0, lambda=net.runelite.client.plugins.agility.AgilityPlugin$$Lambda/0x00000001007d3608@822c25f)
2026-04-26 16:29:13 GMT [AWT-EventQueue-0] DEBUG n.runelite.client.eventbus.EventBus - Registering class net.runelite.api.events.WallObjectDespawned - EventBus.Subscriber(object=net.runelite.client.plugins.agility.AgilityPlugin@32f32623, method=public void net.runelite.client.plugins.agility.AgilityPlugin.onWallObjectDespawned(net.runelite.api.events.WallObjectDespawned), priority=0.0, lambda=net.runelite.client.plugins.agility.AgilityPlugin$$Lambda/0x00000001007d3840@7cd3a800)
2026-04-26 16:29:13 GMT [AWT-EventQueue-0] DEBUG n.runelite.client.eventbus.EventBus - Registering class net.runelite.api.events.GroundObjectSpawned - EventBus.Subscriber(object=net.runelite.client.plugins.agility.AgilityPlugin@32f32623, method=public void net.runelite.client.plugins.agility.AgilityPlugin.onGroundObjectSpawned(net.runelite.api.events.GroundObjectSpawned), priority=0.0, lambda=net.runelite.client.plugins.agility.AgilityPlugin$$Lambda/0x00000001007d3a78@5106b95e)
2026-04-26 16:29:13 GMT [AWT-EventQueue-0] DEBUG n.runelite.client.eventbus.EventBus - Registering class net.runelite.api.events.GameObjectSpawned - EventBus.Subscriber(object=net.runelite.client.plugins.agility.AgilityPlugin@32f32623, method=public void net.runelite.client.plugins.agility.AgilityPlugin.onGameObjectSpawned(net.runelite.api.events.GameObjectSpawned), priority=0.0, lambda=net.runelite.client.plugins.agility.AgilityPlugin$$Lambda/0x00000001007d3cb0@7eda6ab5)
2026-04-26 16:29:13 GMT [AWT-EventQueue-0] DEBUG n.runelite.client.eventbus.EventBus - Registering class net.runelite.api.events.GameObjectDespawned - EventBus.Subscriber(object=net.runelite.client.plugins.agility.AgilityPlugin@32f32623, method=public void net.runelite.client.plugins.agility.AgilityPlugin.onGameObjectDespawned(net.runelite.api.events.GameObjectDespawned), priority=0.0, lambda=net.runelite.client.plugins.agility.AgilityPlugin$$Lambda/0x00000001007d3ee8@1006da78)
2026-04-26 16:29:13 GMT [AWT-EventQueue-0] DEBUG net.runelite.client.input.KeyManager - Registering key listener: net.runelite.client.plugins.instancemap.InstanceMapInputListener@5b59b008
2026-04-26 16:29:13 GMT [AWT-EventQueue-0] DEBUG n.r.client.plugins.PluginManager - Plugin InstanceMapPlugin is now running
2026-04-26 16:29:13 GMT [AWT-EventQueue-0] DEBUG n.runelite.client.eventbus.EventBus - Registering class net.runelite.api.events.GameStateChanged - EventBus.Subscriber(object=net.runelite.client.plugins.instancemap.InstanceMapPlugin@7af443a3, method=public void net.runelite.client.plugins.instancemap.InstanceMapPlugin.onGameStateChanged(net.runelite.api.events.GameStateChanged), priority=0.0, lambda=net.runelite.client.plugins.instancemap.InstanceMapPlugin$$Lambda/0x00000001007d4358@2dcd59f8)
2026-04-26 16:29:13 GMT [AWT-EventQueue-0] DEBUG n.runelite.client.eventbus.EventBus - Registering class net.runelite.client.events.SessionOpen - EventBus.Subscriber(object=net.runelite.client.plugins.info.InfoPanel[,0,0,0x0,invalid,layout=java.awt.BorderLayout,alignmentX=0.0,alignmentY=0.0,border=javax.swing.border.EmptyBorder@5bc484e2,flags=9,maximumSize=,minimumSize=,preferredSize=], method=public void net.runelite.client.plugins.info.InfoPanel.onSessionOpen(net.runelite.client.events.SessionOpen), priority=0.0, lambda=net.runelite.client.plugins.info.InfoPanel$$Lambda/0x00000001007dae50@2f001dca)
2026-04-26 16:29:13 GMT [AWT-EventQueue-0] DEBUG n.runelite.client.eventbus.EventBus - Registering class net.runelite.client.events.SessionClose - EventBus.Subscriber(object=net.runelite.client.plugins.info.InfoPanel[,0,0,0x0,invalid,layout=java.awt.BorderLayout,alignmentX=0.0,alignmentY=0.0,border=javax.swing.border.EmptyBorder@5bc484e2,flags=9,maximumSize=,minimumSize=,preferredSize=], method=public void net.runelite.client.plugins.info.InfoPanel.onSessionClose(net.runelite.client.events.SessionClose), priority=0.0, lambda=net.runelite.client.plugins.info.InfoPanel$$Lambda/0x00000001007db088@448164a)
2026-04-26 16:29:13 GMT [AWT-EventQueue-0] DEBUG n.r.client.plugins.PluginManager - Plugin InfoPlugin is now running
2026-04-26 16:29:13 GMT [AWT-EventQueue-0] DEBUG n.r.client.plugins.PluginManager - Plugin MusicPlugin is now running
2026-04-26 16:29:13 GMT [AWT-EventQueue-0] DEBUG n.runelite.client.eventbus.EventBus - Registering class net.runelite.api.events.WidgetLoaded - EventBus.Subscriber(object=net.runelite.client.plugins.music.MusicPlugin@4aa31ffc, method=public void net.runelite.client.plugins.music.MusicPlugin.onWidgetLoaded(net.runelite.api.events.WidgetLoaded), priority=0.0, lambda=net.runelite.client.plugins.music.MusicPlugin$$Lambda/0x00000001007db4e8@39bc71a7)
2026-04-26 16:29:13 GMT [AWT-EventQueue-0] DEBUG n.runelite.client.eventbus.EventBus - Registering class net.runelite.api.events.AreaSoundEffectPlayed - EventBus.Subscriber(object=net.runelite.client.plugins.music.MusicPlugin@4aa31ffc, method=public void net.runelite.client.plugins.music.MusicPlugin.onAreaSoundEffectPlayed(net.runelite.api.events.AreaSoundEffectPlayed), priority=0.0, lambda=net.runelite.client.plugins.music.MusicPlugin$$Lambda/0x00000001007db720@29c1603a)
2026-04-26 16:29:13 GMT [AWT-EventQueue-0] DEBUG n.runelite.client.eventbus.EventBus - Registering class net.runelite.api.events.AmbientSoundEffectCreated - EventBus.Subscriber(object=net.runelite.client.plugins.music.MusicPlugin@4aa31ffc, method=public void net.runelite.client.plugins.music.MusicPlugin.onAmbientSoundEffectCreated(net.runelite.api.events.AmbientSoundEffectCreated), priority=0.0, lambda=net.runelite.client.plugins.music.MusicPlugin$$Lambda/0x00000001007db958@4bfffea1)
2026-04-26 16:29:13 GMT [AWT-EventQueue-0] DEBUG n.runelite.client.eventbus.EventBus - Registering class net.runelite.api.events.GameStateChanged - EventBus.Subscriber(object=net.runelite.client.plugins.music.MusicPlugin@4aa31ffc, method=public void net.runelite.client.plugins.music.MusicPlugin.onGameStateChanged(net.runelite.api.events.GameStateChanged), priority=0.0, lambda=net.runelite.client.plugins.music.MusicPlugin$$Lambda/0x00000001007dbb90@133a9dee)
2026-04-26 16:29:13 GMT [AWT-EventQueue-0] DEBUG n.runelite.client.eventbus.EventBus - Registering class net.runelite.client.events.ConfigChanged - EventBus.Subscriber(object=net.runelite.client.plugins.music.MusicPlugin@4aa31ffc, method=public void net.runelite.client.plugins.music.MusicPlugin.onConfigChanged(net.runelite.client.events.ConfigChanged), priority=0.0, lambda=net.runelite.client.plugins.music.MusicPlugin$$Lambda/0x00000001007dbdc8@12062c18)
2026-04-26 16:29:13 GMT [AWT-EventQueue-0] DEBUG n.runelite.client.eventbus.EventBus - Registering class net.runelite.api.events.ScriptCallbackEvent - EventBus.Subscriber(object=net.runelite.client.plugins.music.MusicPlugin@4aa31ffc, method=private void net.runelite.client.plugins.music.MusicPlugin.onScriptCallbackEvent(net.runelite.api.events.ScriptCallbackEvent), priority=0.0, lambda=net.runelite.client.plugins.music.MusicPlugin$$Lambda/0x00000001007dc000@23609b99)
2026-04-26 16:29:13 GMT [AWT-EventQueue-0] DEBUG n.runelite.client.eventbus.EventBus - Registering class net.runelite.api.events.VarbitChanged - EventBus.Subscriber(object=net.runelite.client.plugins.music.MusicPlugin@4aa31ffc, method=private void net.runelite.client.plugins.music.MusicPlugin.onVarbitChanged(net.runelite.api.events.VarbitChanged), priority=0.0, lambda=net.runelite.client.plugins.music.MusicPlugin$$Lambda/0x00000001007dc238@6059057e)
2026-04-26 16:29:13 GMT [AWT-EventQueue-0] DEBUG n.runelite.client.eventbus.EventBus - Registering class net.runelite.api.events.SoundEffectPlayed - EventBus.Subscriber(object=net.runelite.client.plugins.music.MusicPlugin@4aa31ffc, method=public void net.runelite.client.plugins.music.MusicPlugin.onSoundEffectPlayed(net.runelite.api.events.SoundEffectPlayed), priority=0.0, lambda=net.runelite.client.plugins.music.MusicPlugin$$Lambda/0x00000001007dc470@36397180)
2026-04-26 16:29:13 GMT [AWT-EventQueue-0] DEBUG n.runelite.client.eventbus.EventBus - Registering class net.runelite.api.events.VarClientIntChanged - EventBus.Subscriber(object=net.runelite.client.plugins.music.MusicPlugin@4aa31ffc, method=public void net.runelite.client.plugins.music.MusicPlugin.onVarClientIntChanged(net.runelite.api.events.VarClientIntChanged), priority=0.0, lambda=net.runelite.client.plugins.music.MusicPlugin$$Lambda/0x00000001007dc6a8@39e78ecd)
2026-04-26 16:29:13 GMT [AWT-EventQueue-0] DEBUG n.r.client.plugins.PluginManager - Plugin NotesPlugin is now running
2026-04-26 16:29:13 GMT [AWT-EventQueue-0] DEBUG n.runelite.client.eventbus.EventBus - Registering class net.runelite.client.events.ProfileChanged - EventBus.Subscriber(object=net.runelite.client.plugins.notes.NotesPlugin@10244722, method=public void net.runelite.client.plugins.notes.NotesPlugin.onProfileChanged(net.runelite.client.events.ProfileChanged), priority=0.0, lambda=net.runelite.client.plugins.notes.NotesPlugin$$Lambda/0x00000001007deb48@1927f63b)
2026-04-26 16:29:13 GMT [AWT-EventQueue-0] DEBUG n.r.client.plugins.PluginManager - Plugin SpellbookPlugin is now running
2026-04-26 16:29:13 GMT [AWT-EventQueue-0] DEBUG n.runelite.client.eventbus.EventBus - Registering class net.runelite.api.events.WidgetDrag - EventBus.Subscriber(object=net.runelite.client.plugins.spellbook.SpellbookPlugin@ea04cab, method=public void net.runelite.client.plugins.spellbook.SpellbookPlugin.onWidgetDrag(net.runelite.api.events.WidgetDrag), priority=0.0, lambda=net.runelite.client.plugins.spellbook.SpellbookPlugin$$Lambda/0x00000001007e0278@6f9259d2)
2026-04-26 16:29:13 GMT [AWT-EventQueue-0] DEBUG n.runelite.client.eventbus.EventBus - Registering class net.runelite.client.events.ProfileChanged - EventBus.Subscriber(object=net.runelite.client.plugins.spellbook.SpellbookPlugin@ea04cab, method=public void net.runelite.client.plugins.spellbook.SpellbookPlugin.onProfileChanged(net.runelite.client.events.ProfileChanged), priority=0.0, lambda=net.runelite.client.plugins.spellbook.SpellbookPlugin$$Lambda/0x00000001007e06e8@1a2f2643)
2026-04-26 16:29:13 GMT [AWT-EventQueue-0] DEBUG n.runelite.client.eventbus.EventBus - Registering class net.runelite.api.events.ScriptCallbackEvent - EventBus.Subscriber(object=net.runelite.client.plugins.spellbook.SpellbookPlugin@ea04cab, method=public void net.runelite.client.plugins.spellbook.SpellbookPlugin.onScriptCallbackEvent(net.runelite.api.events.ScriptCallbackEvent), priority=0.0, lambda=net.runelite.client.plugins.spellbook.SpellbookPlugin$$Lambda/0x00000001007e0920@7e64d8ca)
2026-04-26 16:29:13 GMT [AWT-EventQueue-0] DEBUG n.runelite.client.eventbus.EventBus - Registering class net.runelite.api.events.ScriptPreFired - EventBus.Subscriber(object=net.runelite.client.plugins.spellbook.SpellbookPlugin@ea04cab, method=public void net.runelite.client.plugins.spellbook.SpellbookPlugin.onScriptPreFired(net.runelite.api.events.ScriptPreFired), priority=0.0, lambda=net.runelite.client.plugins.spellbook.SpellbookPlugin$$Lambda/0x00000001007e0d60@76a1e8db)
2026-04-26 16:29:13 GMT [AWT-EventQueue-0] DEBUG net.runelite.client.input.KeyManager - Registering key listener: net.runelite.client.plugins.loginscreen.LoginScreenPlugin@2173a742
2026-04-26 16:29:13 GMT [AWT-EventQueue-0] DEBUG n.r.client.plugins.PluginManager - Plugin LoginScreenPlugin is now running
2026-04-26 16:29:13 GMT [AWT-EventQueue-0] DEBUG n.runelite.client.eventbus.EventBus - Registering class net.runelite.api.events.GameStateChanged - EventBus.Subscriber(object=net.runelite.client.plugins.loginscreen.LoginScreenPlugin@2173a742, method=public void net.runelite.client.plugins.loginscreen.LoginScreenPlugin.onGameStateChanged(net.runelite.api.events.GameStateChanged), priority=0.0, lambda=net.runelite.client.plugins.loginscreen.LoginScreenPlugin$$Lambda/0x00000001007e1ab0@1538962d)
2026-04-26 16:29:13 GMT [AWT-EventQueue-0] DEBUG n.runelite.client.eventbus.EventBus - Registering class net.runelite.client.events.ConfigChanged - EventBus.Subscriber(object=net.runelite.client.plugins.loginscreen.LoginScreenPlugin@2173a742, method=public void net.runelite.client.plugins.loginscreen.LoginScreenPlugin.onConfigChanged(net.runelite.client.events.ConfigChanged), priority=0.0, lambda=net.runelite.client.plugins.loginscreen.LoginScreenPlugin$$Lambda/0x00000001007e2000@1cc6fb2e)
2026-04-26 16:29:13 GMT [AWT-EventQueue-0] DEBUG n.runelite.client.eventbus.EventBus - Registering class net.runelite.client.events.ProfileChanged - EventBus.Subscriber(object=net.runelite.client.plugins.loginscreen.LoginScreenPlugin@2173a742, method=public void net.runelite.client.plugins.loginscreen.LoginScreenPlugin.onProfileChanged(net.runelite.client.events.ProfileChanged), priority=0.0, lambda=net.runelite.client.plugins.loginscreen.LoginScreenPlugin$$Lambda/0x00000001007e2238@13841fb0)
2026-04-26 16:29:13 GMT [AWT-EventQueue-0] DEBUG n.r.client.plugins.PluginManager - Plugin GpuPlugin is now running
2026-04-26 16:29:13 GMT [AWT-EventQueue-0] DEBUG n.runelite.client.eventbus.EventBus - Registering class net.runelite.api.events.GameStateChanged - EventBus.Subscriber(object=net.runelite.client.plugins.gpu.GpuPlugin@5ff00507, method=public void net.runelite.client.plugins.gpu.GpuPlugin.onGameStateChanged(net.runelite.api.events.GameStateChanged), priority=0.0, lambda=net.runelite.client.plugins.gpu.GpuPlugin$$Lambda/0x00000001007e6188@344b6dc)
2026-04-26 16:29:13 GMT [AWT-EventQueue-0] DEBUG n.runelite.client.eventbus.EventBus - Registering class net.runelite.client.events.ConfigChanged - EventBus.Subscriber(object=net.runelite.client.plugins.gpu.GpuPlugin@5ff00507, method=public void net.runelite.client.plugins.gpu.GpuPlugin.onConfigChanged(net.runelite.client.events.ConfigChanged), priority=0.0, lambda=net.runelite.client.plugins.gpu.GpuPlugin$$Lambda/0x00000001007e63c0@691298a8)
2026-04-26 16:29:13 GMT [AWT-EventQueue-0] DEBUG n.runelite.client.eventbus.EventBus - Registering class net.runelite.api.events.PostClientTick - EventBus.Subscriber(object=net.runelite.client.plugins.gpu.GpuPlugin@5ff00507, method=public void net.runelite.client.plugins.gpu.GpuPlugin.onPostClientTick(net.runelite.api.events.PostClientTick), priority=0.0, lambda=net.runelite.client.plugins.gpu.GpuPlugin$$Lambda/0x00000001007e65f8@75e32685)
2026-04-26 16:29:13 GMT [AWT-EventQueue-0] DEBUG n.r.client.plugins.PluginManager - Plugin MinimapPlugin is now running
2026-04-26 16:29:13 GMT [AWT-EventQueue-0] DEBUG n.runelite.client.eventbus.EventBus - Registering class net.runelite.api.events.GameStateChanged - EventBus.Subscriber(object=net.runelite.client.plugins.minimap.MinimapPlugin@21de60a7, method=public void net.runelite.client.plugins.minimap.MinimapPlugin.onGameStateChanged(net.runelite.api.events.GameStateChanged), priority=0.0, lambda=net.runelite.client.plugins.minimap.MinimapPlugin$$Lambda/0x00000001007e7cc8@5b964c55)
2026-04-26 16:29:13 GMT [AWT-EventQueue-0] DEBUG n.runelite.client.eventbus.EventBus - Registering class net.runelite.client.events.ConfigChanged - EventBus.Subscriber(object=net.runelite.client.plugins.minimap.MinimapPlugin@21de60a7, method=public void net.runelite.client.plugins.minimap.MinimapPlugin.onConfigChanged(net.runelite.client.events.ConfigChanged), priority=0.0, lambda=net.runelite.client.plugins.minimap.MinimapPlugin$$Lambda/0x00000001007e8000@14187742)
2026-04-26 16:29:13 GMT [AWT-EventQueue-0] DEBUG n.runelite.client.eventbus.EventBus - Registering class net.runelite.api.events.ScriptPostFired - EventBus.Subscriber(object=net.runelite.client.plugins.minimap.MinimapPlugin@21de60a7, method=public void net.runelite.client.plugins.minimap.MinimapPlugin.onScriptPostFired(net.runelite.api.events.ScriptPostFired), priority=0.0, lambda=net.runelite.client.plugins.minimap.MinimapPlugin$$Lambda/0x00000001007e8238@3c4e6aa9)
2026-04-26 16:29:13 GMT [AWT-EventQueue-0] DEBUG n.r.client.plugins.PluginManager - Scheduled task ScheduledMethod(schedule=@net.runelite.client.task.Schedule(asynchronous=true, period=11L, unit=SECONDS), method=public void net.runelite.client.plugins.minimap.MinimapPlugin.saveZoom(), object=net.runelite.client.plugins.minimap.MinimapPlugin@21de60a7, lambda=net.runelite.client.plugins.minimap.MinimapPlugin$$Lambda/0x00000001007e8470@4f92df2f, last=2026-04-26T16:29:13.500177406Z)
2026-04-26 16:29:13 GMT [AWT-EventQueue-0] DEBUG n.r.client.plugins.PluginManager - Plugin BossTimersPlugin is now running
2026-04-26 16:29:13 GMT [AWT-EventQueue-0] DEBUG n.runelite.client.eventbus.EventBus - Registering class net.runelite.api.events.NpcDespawned - EventBus.Subscriber(object=net.runelite.client.plugins.bosstimer.BossTimersPlugin@24043ec5, method=public void net.runelite.client.plugins.bosstimer.BossTimersPlugin.onNpcDespawned(net.runelite.api.events.NpcDespawned), priority=0.0, lambda=net.runelite.client.plugins.bosstimer.BossTimersPlugin$$Lambda/0x00000001007e8698@2b27b37e)
2026-04-26 16:29:13 GMT [AWT-EventQueue-0] DEBUG n.runelite.client.eventbus.EventBus - Registering class net.runelite.api.events.ChatMessage - EventBus.Subscriber(object=net.runelite.client.plugins.bosstimer.BossTimersPlugin@24043ec5, method=private void net.runelite.client.plugins.bosstimer.BossTimersPlugin.onChatMessage(net.runelite.api.events.ChatMessage), priority=0.0, lambda=net.runelite.client.plugins.bosstimer.BossTimersPlugin$$Lambda/0x00000001007e88d0@2087ac71)
2026-04-26 16:29:13 GMT [AWT-EventQueue-0] DEBUG n.runelite.client.eventbus.EventBus - Registering class net.runelite.api.events.NpcChanged - EventBus.Subscriber(object=net.runelite.client.plugins.bosstimer.BossTimersPlugin@24043ec5, method=public void net.runelite.client.plugins.bosstimer.BossTimersPlugin.onNpcChanged(net.runelite.api.events.NpcChanged), priority=0.0, lambda=net.runelite.client.plugins.bosstimer.BossTimersPlugin$$Lambda/0x00000001007e8b08@1a6b6b4)
2026-04-26 16:29:13 GMT [AWT-EventQueue-0] DEBUG n.r.client.plugins.PluginManager - Plugin NpcIndicatorsPlugin is now running
2026-04-26 16:29:13 GMT [AWT-EventQueue-0] DEBUG n.runelite.client.eventbus.EventBus - Registering class net.runelite.api.events.GameTick - EventBus.Subscriber(object=net.runelite.client.plugins.npchighlight.NpcIndicatorsPlugin@ee8e7ff, method=public void net.runelite.client.plugins.npchighlight.NpcIndicatorsPlugin.onGameTick(net.runelite.api.events.GameTick), priority=0.0, lambda=net.runelite.client.plugins.npchighlight.NpcIndicatorsPlugin$$Lambda/0x00000001007e9460@3b646541)
2026-04-26 16:29:13 GMT [AWT-EventQueue-0] DEBUG n.runelite.client.eventbus.EventBus - Registering class net.runelite.api.events.NpcSpawned - EventBus.Subscriber(object=net.runelite.client.plugins.npchighlight.NpcIndicatorsPlugin@ee8e7ff, method=public void net.runelite.client.plugins.npchighlight.NpcIndicatorsPlugin.onNpcSpawned(net.runelite.api.events.NpcSpawned), priority=0.0, lambda=net.runelite.client.plugins.npchighlight.NpcIndicatorsPlugin$$Lambda/0x00000001007e9698@2782a585)
2026-04-26 16:29:13 GMT [AWT-EventQueue-0] DEBUG n.runelite.client.eventbus.EventBus - Registering class net.runelite.api.events.NpcDespawned - EventBus.Subscriber(object=net.runelite.client.plugins.npchighlight.NpcIndicatorsPlugin@ee8e7ff, method=public void net.runelite.client.plugins.npchighlight.NpcIndicatorsPlugin.onNpcDespawned(net.runelite.api.events.NpcDespawned), priority=0.0, lambda=net.runelite.client.plugins.npchighlight.NpcIndicatorsPlugin$$Lambda/0x00000001007e98d0@44ee3854)
2026-04-26 16:29:13 GMT [AWT-EventQueue-0] DEBUG n.runelite.client.eventbus.EventBus - Registering class net.runelite.api.events.NpcChanged - EventBus.Subscriber(object=net.runelite.client.plugins.npchighlight.NpcIndicatorsPlugin@ee8e7ff, method=public void net.runelite.client.plugins.npchighlight.NpcIndicatorsPlugin.onNpcChanged(net.runelite.api.events.NpcChanged), priority=0.0, lambda=net.runelite.client.plugins.npchighlight.NpcIndicatorsPlugin$$Lambda/0x00000001007e9b08@6219e941)
2026-04-26 16:29:13 GMT [AWT-EventQueue-0] DEBUG n.runelite.client.eventbus.EventBus - Registering class net.runelite.api.events.GraphicsObjectCreated - EventBus.Subscriber(object=net.runelite.client.plugins.npchighlight.NpcIndicatorsPlugin@ee8e7ff, method=public void net.runelite.client.plugins.npchighlight.NpcIndicatorsPlugin.onGraphicsObjectCreated(net.runelite.api.events.GraphicsObjectCreated), priority=0.0, lambda=net.runelite.client.plugins.npchighlight.NpcIndicatorsPlugin$$Lambda/0x00000001007e9d40@4b23998e)
2026-04-26 16:29:13 GMT [AWT-EventQueue-0] DEBUG n.runelite.client.eventbus.EventBus - Registering class net.runelite.api.events.GameStateChanged - EventBus.Subscriber(object=net.runelite.client.plugins.npchighlight.NpcIndicatorsPlugin@ee8e7ff, method=public void net.runelite.client.plugins.npchighlight.NpcIndicatorsPlugin.onGameStateChanged(net.runelite.api.events.GameStateChanged), priority=0.0, lambda=net.runelite.client.plugins.npchighlight.NpcIndicatorsPlugin$$Lambda/0x00000001007e9f78@1824aba0)
2026-04-26 16:29:13 GMT [AWT-EventQueue-0] DEBUG n.runelite.client.eventbus.EventBus - Registering class net.runelite.client.events.ConfigChanged - EventBus.Subscriber(object=net.runelite.client.plugins.npchighlight.NpcIndicatorsPlugin@ee8e7ff, method=public void net.runelite.client.plugins.npchighlight.NpcIndicatorsPlugin.onConfigChanged(net.runelite.client.events.ConfigChanged), priority=0.0, lambda=net.runelite.client.plugins.npchighlight.NpcIndicatorsPlugin$$Lambda/0x00000001007ea1b0@601d9c38)
2026-04-26 16:29:13 GMT [AWT-EventQueue-0] DEBUG n.runelite.client.eventbus.EventBus - Registering class net.runelite.api.events.MenuEntryAdded - EventBus.Subscriber(object=net.runelite.client.plugins.npchighlight.NpcIndicatorsPlugin@ee8e7ff, method=public void net.runelite.client.plugins.npchighlight.NpcIndicatorsPlugin.onMenuEntryAdded(net.runelite.api.events.MenuEntryAdded), priority=0.0, lambda=net.runelite.client.plugins.npchighlight.NpcIndicatorsPlugin$$Lambda/0x00000001007ea3e8@389b32e7)
2026-04-26 16:29:13 GMT [AWT-EventQueue-0] DEBUG n.r.client.plugins.PluginManager - Plugin ExaminePlugin is now running
2026-04-26 16:29:13 GMT [AWT-EventQueue-0] DEBUG n.runelite.client.eventbus.EventBus - Registering class net.runelite.api.events.ChatMessage - EventBus.Subscriber(object=net.runelite.client.plugins.examine.ExaminePlugin@7e87ef9e, method=public void net.runelite.client.plugins.examine.ExaminePlugin.onChatMessage(net.runelite.api.events.ChatMessage), priority=0.0, lambda=net.runelite.client.plugins.examine.ExaminePlugin$$Lambda/0x00000001007ea620@551715fe)
2026-04-26 16:29:13 GMT [AWT-EventQueue-0] DEBUG n.runelite.client.eventbus.EventBus - Registering class net.runelite.api.events.GameStateChanged - EventBus.Subscriber(object=net.runelite.client.plugins.examine.ExaminePlugin@7e87ef9e, method=public void net.runelite.client.plugins.examine.ExaminePlugin.onGameStateChanged(net.runelite.api.events.GameStateChanged), priority=0.0, lambda=net.runelite.client.plugins.examine.ExaminePlugin$$Lambda/0x00000001007ea858@1610becc)
2026-04-26 16:29:13 GMT [AWT-EventQueue-0] DEBUG n.runelite.client.eventbus.EventBus - Registering class net.runelite.api.events.MenuOptionClicked - EventBus.Subscriber(object=net.runelite.client.plugins.examine.ExaminePlugin@7e87ef9e, method=public void net.runelite.client.plugins.examine.ExaminePlugin.onMenuOptionClicked(net.runelite.api.events.MenuOptionClicked), priority=0.0, lambda=net.runelite.client.plugins.examine.ExaminePlugin$$Lambda/0x00000001007eaa90@50f6438b)
2026-04-26 16:29:13 GMT [AWT-EventQueue-0] DEBUG n.r.c.plugins.discord.DiscordState - Events: [DiscordState.EventWithTime(type=IN_MENU, start=2026-04-26T16:29:13.515083252Z, updated=2026-04-26T16:29:13.514975252Z)]
2026-04-26 16:29:13 GMT [AWT-EventQueue-0] DEBUG n.r.client.plugins.PluginManager - Plugin DiscordPlugin is now running
2026-04-26 16:29:13 GMT [AWT-EventQueue-0] DEBUG n.runelite.client.eventbus.EventBus - Registering class net.runelite.api.events.StatChanged - EventBus.Subscriber(object=net.runelite.client.plugins.discord.DiscordPlugin@d13960e, method=public void net.runelite.client.plugins.discord.DiscordPlugin.onStatChanged(net.runelite.api.events.StatChanged), priority=0.0, lambda=net.runelite.client.plugins.discord.DiscordPlugin$$Lambda/0x00000001007ec9a0@1aba516c)
2026-04-26 16:29:13 GMT [AWT-EventQueue-0] DEBUG n.runelite.client.eventbus.EventBus - Registering class net.runelite.client.party.messages.UserSync - EventBus.Subscriber(object=net.runelite.client.plugins.discord.DiscordPlugin@d13960e, method=public void net.runelite.client.plugins.discord.DiscordPlugin.onUserSync(net.runelite.client.party.messages.UserSync), priority=0.0, lambda=net.runelite.client.plugins.discord.DiscordPlugin$$Lambda/0x00000001007ecbd8@7afc71c9)
2026-04-26 16:29:13 GMT [AWT-EventQueue-0] DEBUG n.runelite.client.eventbus.EventBus - Registering class net.runelite.api.events.GameStateChanged - EventBus.Subscriber(object=net.runelite.client.plugins.discord.DiscordPlugin@d13960e, method=public void net.runelite.client.plugins.discord.DiscordPlugin.onGameStateChanged(net.runelite.api.events.GameStateChanged), priority=0.0, lambda=net.runelite.client.plugins.discord.DiscordPlugin$$Lambda/0x00000001007ece10@26e1dc3b)
2026-04-26 16:29:13 GMT [AWT-EventQueue-0] DEBUG n.runelite.client.eventbus.EventBus - Registering class net.runelite.client.events.ConfigChanged - EventBus.Subscriber(object=net.runelite.client.plugins.discord.DiscordPlugin@d13960e, method=public void net.runelite.client.plugins.discord.DiscordPlugin.onConfigChanged(net.runelite.client.events.ConfigChanged), priority=0.0, lambda=net.runelite.client.plugins.discord.DiscordPlugin$$Lambda/0x00000001007ed048@56844f1)
2026-04-26 16:29:13 GMT [AWT-EventQueue-0] DEBUG n.runelite.client.eventbus.EventBus - Registering class net.runelite.client.plugins.discord.DiscordUserInfo - EventBus.Subscriber(object=net.runelite.client.plugins.discord.DiscordPlugin@d13960e, method=public void net.runelite.client.plugins.discord.DiscordPlugin.onDiscordUserInfo(net.runelite.client.plugins.discord.DiscordUserInfo), priority=0.0, lambda=net.runelite.client.plugins.discord.DiscordPlugin$$Lambda/0x00000001007ed4c8@57db985)
2026-04-26 16:29:13 GMT [AWT-EventQueue-0] DEBUG n.r.client.plugins.PluginManager - Scheduled task ScheduledMethod(schedule=@net.runelite.client.task.Schedule(asynchronous=false, period=1L, unit=MINUTES), method=public void net.runelite.client.plugins.discord.DiscordPlugin.checkForValidStatus(), object=net.runelite.client.plugins.discord.DiscordPlugin@d13960e, lambda=net.runelite.client.plugins.discord.DiscordPlugin$$Lambda/0x00000001007ed920@5d66acd9, last=2026-04-26T16:29:13.517952406Z)
2026-04-26 16:29:13 GMT [AWT-EventQueue-0] DEBUG n.r.client.plugins.PluginManager - Plugin PlayerIndicatorsPlugin is now running
2026-04-26 16:29:13 GMT [AWT-EventQueue-0] DEBUG n.runelite.client.eventbus.EventBus - Registering class net.runelite.api.events.ClientTick - EventBus.Subscriber(object=net.runelite.client.plugins.playerindicators.PlayerIndicatorsPlugin@1c240cf2, method=public void net.runelite.client.plugins.playerindicators.PlayerIndicatorsPlugin.onClientTick(net.runelite.api.events.ClientTick), priority=0.0, lambda=net.runelite.client.plugins.playerindicators.PlayerIndicatorsPlugin$$Lambda/0x00000001007ee3a0@50740c80)
2026-04-26 16:29:13 GMT [AWT-EventQueue-0] DEBUG n.runelite.client.eventbus.EventBus - Registering class net.runelite.client.events.ProfileChanged - EventBus.Subscriber(object=net.runelite.client.plugins.playerindicators.PlayerIndicatorsPlugin@1c240cf2, method=public void net.runelite.client.plugins.playerindicators.PlayerIndicatorsPlugin.onProfileChanged(net.runelite.client.events.ProfileChanged), priority=0.0, lambda=net.runelite.client.plugins.playerindicators.PlayerIndicatorsPlugin$$Lambda/0x00000001007ee5d8@281db5c6)
2026-04-26 16:29:13 GMT [AWT-EventQueue-0] DEBUG n.runelite.client.eventbus.EventBus - Registering class net.runelite.api.events.ScriptPostFired - EventBus.Subscriber(object=net.runelite.client.plugins.playerindicators.PlayerIndicatorsPlugin@1c240cf2, method=public void net.runelite.client.plugins.playerindicators.PlayerIndicatorsPlugin.onScriptPostFired(net.runelite.api.events.ScriptPostFired), priority=0.0, lambda=net.runelite.client.plugins.playerindicators.PlayerIndicatorsPlugin$$Lambda/0x00000001007ee810@ffc996d)
2026-04-26 16:29:13 GMT [AWT-EventQueue-0] DEBUG n.r.client.plugins.PluginManager - Plugin AnimationSmoothingPlugin is now running
2026-04-26 16:29:13 GMT [AWT-EventQueue-0] DEBUG net.runelite.client.input.KeyManager - Registering key listener: net.runelite.client.plugins.chatcommands.ChatKeyboardListener@3df1fbdb
2026-04-26 16:29:13 GMT [AWT-EventQueue-0] DEBUG n.r.client.plugins.PluginManager - Plugin ChatCommandsPlugin is now running
2026-04-26 16:29:13 GMT [AWT-EventQueue-0] DEBUG n.runelite.client.eventbus.EventBus - Registering class net.runelite.api.events.WidgetLoaded - EventBus.Subscriber(object=net.runelite.client.plugins.chatcommands.ChatCommandsPlugin@2c719bd4, method=public void net.runelite.client.plugins.chatcommands.ChatCommandsPlugin.onWidgetLoaded(net.runelite.api.events.WidgetLoaded), priority=0.0, lambda=net.runelite.client.plugins.chatcommands.ChatCommandsPlugin$$Lambda/0x00000001007f78b0@4f788ad1)
2026-04-26 16:29:13 GMT [AWT-EventQueue-0] DEBUG n.runelite.client.eventbus.EventBus - Registering class net.runelite.api.events.GameTick - EventBus.Subscriber(object=net.runelite.client.plugins.chatcommands.ChatCommandsPlugin@2c719bd4, method=public void net.runelite.client.plugins.chatcommands.ChatCommandsPlugin.onGameTick(net.runelite.api.events.GameTick), priority=0.0, lambda=net.runelite.client.plugins.chatcommands.ChatCommandsPlugin$$Lambda/0x00000001007f7ae8@66b54b2b)
2026-04-26 16:29:13 GMT [AWT-EventQueue-0] DEBUG n.runelite.client.eventbus.EventBus - Registering class net.runelite.api.events.ChatMessage - EventBus.Subscriber(object=net.runelite.client.plugins.chatcommands.ChatCommandsPlugin@2c719bd4, method=public void net.runelite.client.plugins.chatcommands.ChatCommandsPlugin.onChatMessage(net.runelite.api.events.ChatMessage), priority=0.0, lambda=net.runelite.client.plugins.chatcommands.ChatCommandsPlugin$$Lambda/0x00000001007f7d20@cd870ff)
2026-04-26 16:29:13 GMT [AWT-EventQueue-0] DEBUG n.runelite.client.eventbus.EventBus - Registering class net.runelite.api.events.GameStateChanged - EventBus.Subscriber(object=net.runelite.client.plugins.chatcommands.ChatCommandsPlugin@2c719bd4, method=public void net.runelite.client.plugins.chatcommands.ChatCommandsPlugin.onGameStateChanged(net.runelite.api.events.GameStateChanged), priority=0.0, lambda=net.runelite.client.plugins.chatcommands.ChatCommandsPlugin$$Lambda/0x00000001007f2000@71758f98)
2026-04-26 16:29:13 GMT [AWT-EventQueue-0] DEBUG n.runelite.client.eventbus.EventBus - Registering class net.runelite.api.events.VarbitChanged - EventBus.Subscriber(object=net.runelite.client.plugins.chatcommands.ChatCommandsPlugin@2c719bd4, method=public void net.runelite.client.plugins.chatcommands.ChatCommandsPlugin.onVarbitChanged(net.runelite.api.events.VarbitChanged), priority=0.0, lambda=net.runelite.client.plugins.chatcommands.ChatCommandsPlugin$$Lambda/0x00000001007f2238@53139a46)
2026-04-26 16:29:13 GMT [AWT-EventQueue-0] DEBUG n.runelite.client.eventbus.EventBus - Registering class net.runelite.api.events.ScriptPostFired - EventBus.Subscriber(object=net.runelite.client.plugins.chatcommands.ChatCommandsPlugin@2c719bd4, method=public void net.runelite.client.plugins.chatcommands.ChatCommandsPlugin.onScriptPostFired(net.runelite.api.events.ScriptPostFired), priority=0.0, lambda=net.runelite.client.plugins.chatcommands.ChatCommandsPlugin$$Lambda/0x00000001007f2470@183c04f3)
2026-04-26 16:29:13 GMT [AWT-EventQueue-0] DEBUG n.runelite.client.eventbus.EventBus - Registering class net.runelite.api.events.WidgetDrag - EventBus.Subscriber(object=net.runelite.client.plugins.prayer.PrayerReorder@7603f6ab, method=public void net.runelite.client.plugins.prayer.PrayerReorder.onWidgetDrag(net.runelite.api.events.WidgetDrag), priority=0.0, lambda=net.runelite.client.plugins.prayer.PrayerReorder$$Lambda/0x00000001007f3370@2a8cd3d9)
2026-04-26 16:29:13 GMT [AWT-EventQueue-0] DEBUG n.runelite.client.eventbus.EventBus - Registering class net.runelite.client.events.ProfileChanged - EventBus.Subscriber(object=net.runelite.client.plugins.prayer.PrayerReorder@7603f6ab, method=public void net.runelite.client.plugins.prayer.PrayerReorder.onProfileChanged(net.runelite.client.events.ProfileChanged), priority=0.0, lambda=net.runelite.client.plugins.prayer.PrayerReorder$$Lambda/0x00000001007f35a8@70ea4c4a)
2026-04-26 16:29:13 GMT [AWT-EventQueue-0] DEBUG n.runelite.client.eventbus.EventBus - Registering class net.runelite.api.events.MenuOptionClicked - EventBus.Subscriber(object=net.runelite.client.plugins.prayer.PrayerReorder@7603f6ab, method=public void net.runelite.client.plugins.prayer.PrayerReorder.onMenuOptionClicked(net.runelite.api.events.MenuOptionClicked), priority=0.0, lambda=net.runelite.client.plugins.prayer.PrayerReorder$$Lambda/0x00000001007f37e0@556b50b6)
2026-04-26 16:29:13 GMT [AWT-EventQueue-0] DEBUG n.runelite.client.eventbus.EventBus - Registering class net.runelite.api.events.ScriptPostFired - EventBus.Subscriber(object=net.runelite.client.plugins.prayer.PrayerReorder@7603f6ab, method=public void net.runelite.client.plugins.prayer.PrayerReorder.onScriptPostFired(net.runelite.api.events.ScriptPostFired), priority=0.0, lambda=net.runelite.client.plugins.prayer.PrayerReorder$$Lambda/0x00000001007f3a18@4f5224f9)
2026-04-26 16:29:13 GMT [AWT-EventQueue-0] DEBUG n.r.client.plugins.PluginManager - Plugin PrayerPlugin is now running
2026-04-26 16:29:13 GMT [AWT-EventQueue-0] DEBUG n.runelite.client.eventbus.EventBus - Registering class net.runelite.api.events.GameTick - EventBus.Subscriber(object=net.runelite.client.plugins.prayer.PrayerPlugin@4ea17147, method=public void net.runelite.client.plugins.prayer.PrayerPlugin.onGameTick(net.runelite.api.events.GameTick), priority=0.0, lambda=net.runelite.client.plugins.prayer.PrayerPlugin$$Lambda/0x00000001007f3c50@7367914d)
2026-04-26 16:29:13 GMT [AWT-EventQueue-0] DEBUG n.runelite.client.eventbus.EventBus - Registering class net.runelite.client.events.ConfigChanged - EventBus.Subscriber(object=net.runelite.client.plugins.prayer.PrayerPlugin@4ea17147, method=private void net.runelite.client.plugins.prayer.PrayerPlugin.onConfigChanged(net.runelite.client.events.ConfigChanged), priority=0.0, lambda=net.runelite.client.plugins.prayer.PrayerPlugin$$Lambda/0x00000001007f1000@57430e2)
2026-04-26 16:29:13 GMT [AWT-EventQueue-0] DEBUG n.runelite.client.eventbus.EventBus - Registering class net.runelite.api.events.ItemContainerChanged - EventBus.Subscriber(object=net.runelite.client.plugins.prayer.PrayerPlugin@4ea17147, method=public void net.runelite.client.plugins.prayer.PrayerPlugin.onItemContainerChanged(net.runelite.api.events.ItemContainerChanged), priority=0.0, lambda=net.runelite.client.plugins.prayer.PrayerPlugin$$Lambda/0x00000001007f1238@21c678c)
2026-04-26 16:29:13 GMT [AWT-EventQueue-0] DEBUG n.runelite.client.eventbus.EventBus - Registering class net.runelite.api.events.ChatMessage - EventBus.Subscriber(object=net.runelite.client.plugins.crowdsourcing.cooking.CrowdsourcingCooking@26295d, method=public void net.runelite.client.plugins.crowdsourcing.cooking.CrowdsourcingCooking.onChatMessage(net.runelite.api.events.ChatMessage), priority=0.0, lambda=net.runelite.client.plugins.crowdsourcing.cooking.CrowdsourcingCooking$$Lambda/0x00000001007f1678@3ef241d4)
2026-04-26 16:29:13 GMT [AWT-EventQueue-0] DEBUG n.runelite.client.eventbus.EventBus - Registering class net.runelite.api.events.MenuOptionClicked - EventBus.Subscriber(object=net.runelite.client.plugins.crowdsourcing.cooking.CrowdsourcingCooking@26295d, method=public void net.runelite.client.plugins.crowdsourcing.cooking.CrowdsourcingCooking.onMenuOptionClicked(net.runelite.api.events.MenuOptionClicked), priority=0.0, lambda=net.runelite.client.plugins.crowdsourcing.cooking.CrowdsourcingCooking$$Lambda/0x00000001007f18b0@74998d90)
2026-04-26 16:29:13 GMT [AWT-EventQueue-0] DEBUG n.runelite.client.eventbus.EventBus - Registering class net.runelite.api.events.GameTick - EventBus.Subscriber(object=net.runelite.client.plugins.crowdsourcing.dialogue.CrowdsourcingDialogue@69143b12, method=public void net.runelite.client.plugins.crowdsourcing.dialogue.CrowdsourcingDialogue.onGameTick(net.runelite.api.events.GameTick), priority=0.0, lambda=net.runelite.client.plugins.crowdsourcing.dialogue.CrowdsourcingDialogue$$Lambda/0x00000001007f1ae8@2d6fe0c8)
2026-04-26 16:29:13 GMT [AWT-EventQueue-0] DEBUG n.runelite.client.eventbus.EventBus - Registering class net.runelite.api.events.ChatMessage - EventBus.Subscriber(object=net.runelite.client.plugins.crowdsourcing.dialogue.CrowdsourcingDialogue@69143b12, method=public void net.runelite.client.plugins.crowdsourcing.dialogue.CrowdsourcingDialogue.onChatMessage(net.runelite.api.events.ChatMessage), priority=0.0, lambda=net.runelite.client.plugins.crowdsourcing.dialogue.CrowdsourcingDialogue$$Lambda/0x00000001007f1d20@7176e915)
2026-04-26 16:29:13 GMT [AWT-EventQueue-0] DEBUG n.runelite.client.eventbus.EventBus - Registering class net.runelite.api.events.ChatMessage - EventBus.Subscriber(object=net.runelite.client.plugins.crowdsourcing.music.CrowdsourcingMusic@6bc94ed4, method=public void net.runelite.client.plugins.crowdsourcing.music.CrowdsourcingMusic.onChatMessage(net.runelite.api.events.ChatMessage), priority=0.0, lambda=net.runelite.client.plugins.crowdsourcing.music.CrowdsourcingMusic$$Lambda/0x00000001007f0c00@6e81c388)
2026-04-26 16:29:13 GMT [AWT-EventQueue-0] DEBUG n.runelite.client.eventbus.EventBus - Registering class net.runelite.api.events.ChatMessage - EventBus.Subscriber(object=net.runelite.client.plugins.crowdsourcing.thieving.CrowdsourcingThieving@5a24211, method=public void net.runelite.client.plugins.crowdsourcing.thieving.CrowdsourcingThieving.onChatMessage(net.runelite.api.events.ChatMessage), priority=0.0, lambda=net.runelite.client.plugins.crowdsourcing.thieving.CrowdsourcingThieving$$Lambda/0x00000001007f8000@24bc039f)
2026-04-26 16:29:13 GMT [AWT-EventQueue-0] DEBUG n.runelite.client.eventbus.EventBus - Registering class net.runelite.api.events.MenuOptionClicked - EventBus.Subscriber(object=net.runelite.client.plugins.crowdsourcing.thieving.CrowdsourcingThieving@5a24211, method=public void net.runelite.client.plugins.crowdsourcing.thieving.CrowdsourcingThieving.onMenuOptionClicked(net.runelite.api.events.MenuOptionClicked), priority=0.0, lambda=net.runelite.client.plugins.crowdsourcing.thieving.CrowdsourcingThieving$$Lambda/0x00000001007f8238@21553156)
2026-04-26 16:29:13 GMT [AWT-EventQueue-0] DEBUG n.runelite.client.eventbus.EventBus - Registering class net.runelite.api.events.GameTick - EventBus.Subscriber(object=net.runelite.client.plugins.crowdsourcing.woodcutting.CrowdsourcingWoodcutting@7214000d, method=public void net.runelite.client.plugins.crowdsourcing.woodcutting.CrowdsourcingWoodcutting.onGameTick(net.runelite.api.events.GameTick), priority=0.0, lambda=net.runelite.client.plugins.crowdsourcing.woodcutting.CrowdsourcingWoodcutting$$Lambda/0x00000001007f8470@3ed1164d)
2026-04-26 16:29:13 GMT [AWT-EventQueue-0] DEBUG n.runelite.client.eventbus.EventBus - Registering class net.runelite.api.events.ChatMessage - EventBus.Subscriber(object=net.runelite.client.plugins.crowdsourcing.woodcutting.CrowdsourcingWoodcutting@7214000d, method=public void net.runelite.client.plugins.crowdsourcing.woodcutting.CrowdsourcingWoodcutting.onChatMessage(net.runelite.api.events.ChatMessage), priority=0.0, lambda=net.runelite.client.plugins.crowdsourcing.woodcutting.CrowdsourcingWoodcutting$$Lambda/0x00000001007f86a8@22fb142)
2026-04-26 16:29:13 GMT [AWT-EventQueue-0] DEBUG n.runelite.client.eventbus.EventBus - Registering class net.runelite.api.events.MenuOptionClicked - EventBus.Subscriber(object=net.runelite.client.plugins.crowdsourcing.woodcutting.CrowdsourcingWoodcutting@7214000d, method=public void net.runelite.client.plugins.crowdsourcing.woodcutting.CrowdsourcingWoodcutting.onMenuOptionClicked(net.runelite.api.events.MenuOptionClicked), priority=0.0, lambda=net.runelite.client.plugins.crowdsourcing.woodcutting.CrowdsourcingWoodcutting$$Lambda/0x00000001007f88e0@66bcda5c)
2026-04-26 16:29:13 GMT [AWT-EventQueue-0] DEBUG n.runelite.client.eventbus.EventBus - Registering class net.runelite.api.events.GameObjectDespawned - EventBus.Subscriber(object=net.runelite.client.plugins.crowdsourcing.woodcutting.CrowdsourcingWoodcutting@7214000d, method=public void net.runelite.client.plugins.crowdsourcing.woodcutting.CrowdsourcingWoodcutting.onGameObjectDespawned(net.runelite.api.events.GameObjectDespawned), priority=0.0, lambda=net.runelite.client.plugins.crowdsourcing.woodcutting.CrowdsourcingWoodcutting$$Lambda/0x00000001007f8b18@1d9eed3f)
2026-04-26 16:29:13 GMT [AWT-EventQueue-0] DEBUG n.runelite.client.eventbus.EventBus - Registering class net.runelite.api.events.StatChanged - EventBus.Subscriber(object=net.runelite.client.plugins.crowdsourcing.zmi.CrowdsourcingZMI@36ce535, method=public void net.runelite.client.plugins.crowdsourcing.zmi.CrowdsourcingZMI.onStatChanged(net.runelite.api.events.StatChanged), priority=0.0, lambda=net.runelite.client.plugins.crowdsourcing.zmi.CrowdsourcingZMI$$Lambda/0x00000001007f8d50@46c1d819)
2026-04-26 16:29:13 GMT [AWT-EventQueue-0] DEBUG n.runelite.client.eventbus.EventBus - Registering class net.runelite.api.events.ChatMessage - EventBus.Subscriber(object=net.runelite.client.plugins.crowdsourcing.zmi.CrowdsourcingZMI@36ce535, method=public void net.runelite.client.plugins.crowdsourcing.zmi.CrowdsourcingZMI.onChatMessage(net.runelite.api.events.ChatMessage), priority=0.0, lambda=net.runelite.client.plugins.crowdsourcing.zmi.CrowdsourcingZMI$$Lambda/0x00000001007f8f88@3a4195ea)
2026-04-26 16:29:13 GMT [AWT-EventQueue-0] DEBUG n.runelite.client.eventbus.EventBus - Registering class net.runelite.api.events.MenuOptionClicked - EventBus.Subscriber(object=net.runelite.client.plugins.crowdsourcing.zmi.CrowdsourcingZMI@36ce535, method=public void net.runelite.client.plugins.crowdsourcing.zmi.CrowdsourcingZMI.onMenuOptionClicked(net.runelite.api.events.MenuOptionClicked), priority=0.0, lambda=net.runelite.client.plugins.crowdsourcing.zmi.CrowdsourcingZMI$$Lambda/0x00000001007f91c0@1629900f)
2026-04-26 16:29:13 GMT [AWT-EventQueue-0] DEBUG n.runelite.client.eventbus.EventBus - Registering class net.runelite.api.events.ItemContainerChanged - EventBus.Subscriber(object=net.runelite.client.plugins.crowdsourcing.zmi.CrowdsourcingZMI@36ce535, method=public void net.runelite.client.plugins.crowdsourcing.zmi.CrowdsourcingZMI.onItemContainerChanged(net.runelite.api.events.ItemContainerChanged), priority=0.0, lambda=net.runelite.client.plugins.crowdsourcing.zmi.CrowdsourcingZMI$$Lambda/0x00000001007f93f8@6d778311)
2026-04-26 16:29:13 GMT [AWT-EventQueue-0] DEBUG n.r.client.plugins.PluginManager - Plugin CrowdsourcingPlugin is now running
2026-04-26 16:29:13 GMT [AWT-EventQueue-0] DEBUG n.r.client.plugins.PluginManager - Scheduled task ScheduledMethod(schedule=@net.runelite.client.task.Schedule(asynchronous=true, period=300L, unit=SECONDS), method=public void net.runelite.client.plugins.crowdsourcing.CrowdsourcingPlugin.submitToAPI(), object=net.runelite.client.plugins.crowdsourcing.CrowdsourcingPlugin@5f61371d, lambda=net.runelite.client.plugins.crowdsourcing.CrowdsourcingPlugin$$Lambda/0x00000001007f9630@4bfbe6a6, last=2026-04-26T16:29:13.545401329Z)
2026-04-26 16:29:13 GMT [AWT-EventQueue-0] DEBUG n.r.client.plugins.PluginManager - Plugin SlayerPlugin is now running
2026-04-26 16:29:13 GMT [AWT-EventQueue-0] DEBUG n.runelite.client.eventbus.EventBus - Registering class net.runelite.api.events.GameTick - EventBus.Subscriber(object=net.runelite.client.plugins.slayer.SlayerPlugin@8054fe2, method=public void net.runelite.client.plugins.slayer.SlayerPlugin.onGameTick(net.runelite.api.events.GameTick), priority=0.0, lambda=net.runelite.client.plugins.slayer.SlayerPlugin$$Lambda/0x00000001007fa300@78b9b817)
2026-04-26 16:29:13 GMT [AWT-EventQueue-0] DEBUG n.runelite.client.eventbus.EventBus - Registering class net.runelite.api.events.NpcSpawned - EventBus.Subscriber(object=net.runelite.client.plugins.slayer.SlayerPlugin@8054fe2, method=public void net.runelite.client.plugins.slayer.SlayerPlugin.onNpcSpawned(net.runelite.api.events.NpcSpawned), priority=0.0, lambda=net.runelite.client.plugins.slayer.SlayerPlugin$$Lambda/0x00000001007fa538@39816ee6)
2026-04-26 16:29:13 GMT [AWT-EventQueue-0] DEBUG n.runelite.client.eventbus.EventBus - Registering class net.runelite.api.events.NpcDespawned - EventBus.Subscriber(object=net.runelite.client.plugins.slayer.SlayerPlugin@8054fe2, method=public void net.runelite.client.plugins.slayer.SlayerPlugin.onNpcDespawned(net.runelite.api.events.NpcDespawned), priority=0.0, lambda=net.runelite.client.plugins.slayer.SlayerPlugin$$Lambda/0x00000001007fa770@63fac383)
2026-04-26 16:29:13 GMT [AWT-EventQueue-0] DEBUG n.runelite.client.eventbus.EventBus - Registering class net.runelite.api.events.ChatMessage - EventBus.Subscriber(object=net.runelite.client.plugins.slayer.SlayerPlugin@8054fe2, method=public void net.runelite.client.plugins.slayer.SlayerPlugin.onChatMessage(net.runelite.api.events.ChatMessage), priority=0.0, lambda=net.runelite.client.plugins.slayer.SlayerPlugin$$Lambda/0x00000001007fa9a8@4a7aba08)
2026-04-26 16:29:13 GMT [AWT-EventQueue-0] DEBUG n.runelite.client.eventbus.EventBus - Registering class net.runelite.api.events.GameStateChanged - EventBus.Subscriber(object=net.runelite.client.plugins.slayer.SlayerPlugin@8054fe2, method=public void net.runelite.client.plugins.slayer.SlayerPlugin.onGameStateChanged(net.runelite.api.events.GameStateChanged), priority=0.0, lambda=net.runelite.client.plugins.slayer.SlayerPlugin$$Lambda/0x00000001007fabe0@1c7e8fd8)
2026-04-26 16:29:13 GMT [AWT-EventQueue-0] DEBUG n.runelite.client.eventbus.EventBus - Registering class net.runelite.client.events.ConfigChanged - EventBus.Subscriber(object=net.runelite.client.plugins.slayer.SlayerPlugin@8054fe2, method=private void net.runelite.client.plugins.slayer.SlayerPlugin.onConfigChanged(net.runelite.client.events.ConfigChanged), priority=0.0, lambda=net.runelite.client.plugins.slayer.SlayerPlugin$$Lambda/0x00000001007fae18@b1038a3)
2026-04-26 16:29:13 GMT [AWT-EventQueue-0] DEBUG n.runelite.client.eventbus.EventBus - Registering class net.runelite.api.events.MenuOptionClicked - EventBus.Subscriber(object=net.runelite.client.plugins.slayer.SlayerPlugin@8054fe2, method=public void net.runelite.client.plugins.slayer.SlayerPlugin.onMenuOptionClicked(net.runelite.api.events.MenuOptionClicked), priority=0.0, lambda=net.runelite.client.plugins.slayer.SlayerPlugin$$Lambda/0x00000001007fb050@272cf004)
2026-04-26 16:29:13 GMT [AWT-EventQueue-0] DEBUG n.runelite.client.eventbus.EventBus - Registering class net.runelite.api.events.VarbitChanged - EventBus.Subscriber(object=net.runelite.client.plugins.slayer.SlayerPlugin@8054fe2, method=public void net.runelite.client.plugins.slayer.SlayerPlugin.onVarbitChanged(net.runelite.api.events.VarbitChanged), priority=0.0, lambda=net.runelite.client.plugins.slayer.SlayerPlugin$$Lambda/0x00000001007fb288@123f33e9)
2026-04-26 16:29:13 GMT [AWT-EventQueue-0] DEBUG n.runelite.client.eventbus.EventBus - Registering class net.runelite.api.events.CommandExecuted - EventBus.Subscriber(object=net.runelite.client.plugins.slayer.SlayerPlugin@8054fe2, method=public void net.runelite.client.plugins.slayer.SlayerPlugin.onCommandExecuted(net.runelite.api.events.CommandExecuted), priority=0.0, lambda=net.runelite.client.plugins.slayer.SlayerPlugin$$Lambda/0x00000001007fb4c0@384edb7b)
2026-04-26 16:29:13 GMT [AWT-EventQueue-0] DEBUG n.r.client.plugins.PluginManager - Plugin BlastMinePlugin is now running
2026-04-26 16:29:13 GMT [AWT-EventQueue-0] DEBUG n.runelite.client.eventbus.EventBus - Registering class net.runelite.api.events.GameTick - EventBus.Subscriber(object=net.runelite.client.plugins.blastmine.BlastMinePlugin@64502326, method=public void net.runelite.client.plugins.blastmine.BlastMinePlugin.onGameTick(net.runelite.api.events.GameTick), priority=0.0, lambda=net.runelite.client.plugins.blastmine.BlastMinePlugin$$Lambda/0x00000001007fb6f8@4d503d20)
2026-04-26 16:29:13 GMT [AWT-EventQueue-0] DEBUG n.runelite.client.eventbus.EventBus - Registering class net.runelite.api.events.GameStateChanged - EventBus.Subscriber(object=net.runelite.client.plugins.blastmine.BlastMinePlugin@64502326, method=public void net.runelite.client.plugins.blastmine.BlastMinePlugin.onGameStateChanged(net.runelite.api.events.GameStateChanged), priority=0.0, lambda=net.runelite.client.plugins.blastmine.BlastMinePlugin$$Lambda/0x00000001007fb930@6e81b132)
2026-04-26 16:29:13 GMT [AWT-EventQueue-0] DEBUG n.runelite.client.eventbus.EventBus - Registering class net.runelite.api.events.GameObjectSpawned - EventBus.Subscriber(object=net.runelite.client.plugins.blastmine.BlastMinePlugin@64502326, method=public void net.runelite.client.plugins.blastmine.BlastMinePlugin.onGameObjectSpawned(net.runelite.api.events.GameObjectSpawned), priority=0.0, lambda=net.runelite.client.plugins.blastmine.BlastMinePlugin$$Lambda/0x00000001007fbb68@5b85488a)
2026-04-26 16:29:13 GMT [AWT-EventQueue-0] DEBUG net.runelite.client.input.KeyManager - Registering key listener: net.runelite.client.plugins.grounditems.GroundItemHotkeyListener@49df9455
2026-04-26 16:29:13 GMT [AWT-EventQueue-0] DEBUG n.r.client.plugins.PluginManager - Plugin GroundItemsPlugin is now running
2026-04-26 16:29:13 GMT [AWT-EventQueue-0] DEBUG n.runelite.client.eventbus.EventBus - Registering class net.runelite.api.events.ClientTick - EventBus.Subscriber(object=net.runelite.client.plugins.grounditems.GroundItemsPlugin@2ba42204, method=public void net.runelite.client.plugins.grounditems.GroundItemsPlugin.onClientTick(net.runelite.api.events.ClientTick), priority=0.0, lambda=net.runelite.client.plugins.grounditems.GroundItemsPlugin$$Lambda/0x00000001007fbfc8@2686931d)
2026-04-26 16:29:13 GMT [AWT-EventQueue-0] DEBUG n.runelite.client.eventbus.EventBus - Registering class net.runelite.api.events.FocusChanged - EventBus.Subscriber(object=net.runelite.client.plugins.grounditems.GroundItemsPlugin@2ba42204, method=public void net.runelite.client.plugins.grounditems.GroundItemsPlugin.onFocusChanged(net.runelite.api.events.FocusChanged), priority=0.0, lambda=net.runelite.client.plugins.grounditems.GroundItemsPlugin$$Lambda/0x00000001007fc200@23f7cddc)
2026-04-26 16:29:13 GMT [AWT-EventQueue-0] DEBUG n.runelite.client.eventbus.EventBus - Registering class net.runelite.api.events.ItemSpawned - EventBus.Subscriber(object=net.runelite.client.plugins.grounditems.GroundItemsPlugin@2ba42204, method=public void net.runelite.client.plugins.grounditems.GroundItemsPlugin.onItemSpawned(net.runelite.api.events.ItemSpawned), priority=0.0, lambda=net.runelite.client.plugins.grounditems.GroundItemsPlugin$$Lambda/0x00000001007fc438@76111747)
2026-04-26 16:29:13 GMT [AWT-EventQueue-0] DEBUG n.runelite.client.eventbus.EventBus - Registering class net.runelite.client.events.ConfigChanged - EventBus.Subscriber(object=net.runelite.client.plugins.grounditems.GroundItemsPlugin@2ba42204, method=public void net.runelite.client.plugins.grounditems.GroundItemsPlugin.onConfigChanged(net.runelite.client.events.ConfigChanged), priority=0.0, lambda=net.runelite.client.plugins.grounditems.GroundItemsPlugin$$Lambda/0x00000001007fc670@e0b3257)
2026-04-26 16:29:13 GMT [AWT-EventQueue-0] DEBUG n.runelite.client.eventbus.EventBus - Registering class net.runelite.client.events.ProfileChanged - EventBus.Subscriber(object=net.runelite.client.plugins.grounditems.GroundItemsPlugin@2ba42204, method=public void net.runelite.client.plugins.grounditems.GroundItemsPlugin.onProfileChanged(net.runelite.client.events.ProfileChanged), priority=0.0, lambda=net.runelite.client.plugins.grounditems.GroundItemsPlugin$$Lambda/0x00000001007fcaf0@7fb9a18f)
2026-04-26 16:29:13 GMT [AWT-EventQueue-0] DEBUG n.runelite.client.eventbus.EventBus - Registering class net.runelite.api.events.MenuEntryAdded - EventBus.Subscriber(object=net.runelite.client.plugins.grounditems.GroundItemsPlugin@2ba42204, method=public void net.runelite.client.plugins.grounditems.GroundItemsPlugin.onMenuEntryAdded(net.runelite.api.events.MenuEntryAdded), priority=0.0, lambda=net.runelite.client.plugins.grounditems.GroundItemsPlugin$$Lambda/0x00000001007fcd28@47b12ac1)
2026-04-26 16:29:13 GMT [AWT-EventQueue-0] DEBUG n.runelite.client.eventbus.EventBus - Registering class net.runelite.api.events.ItemDespawned - EventBus.Subscriber(object=net.runelite.client.plugins.grounditems.GroundItemsPlugin@2ba42204, method=public void net.runelite.client.plugins.grounditems.GroundItemsPlugin.onItemDespawned(net.runelite.api.events.ItemDespawned), priority=0.0, lambda=net.runelite.client.plugins.grounditems.GroundItemsPlugin$$Lambda/0x00000001007fd158@1514fdbc)
2026-04-26 16:29:13 GMT [AWT-EventQueue-0] DEBUG n.runelite.client.eventbus.EventBus - Registering class net.runelite.api.events.ItemQuantityChanged - EventBus.Subscriber(object=net.runelite.client.plugins.grounditems.GroundItemsPlugin@2ba42204, method=public void net.runelite.client.plugins.grounditems.GroundItemsPlugin.onItemQuantityChanged(net.runelite.api.events.ItemQuantityChanged), priority=0.0, lambda=net.runelite.client.plugins.grounditems.GroundItemsPlugin$$Lambda/0x00000001007fd390@32732146)
2026-04-26 16:29:13 GMT [AWT-EventQueue-0] DEBUG n.runelite.client.eventbus.EventBus - Registering class net.runelite.api.events.WorldViewUnloaded - EventBus.Subscriber(object=net.runelite.client.plugins.grounditems.GroundItemsPlugin@2ba42204, method=public void net.runelite.client.plugins.grounditems.GroundItemsPlugin.onWorldViewUnloaded(net.runelite.api.events.WorldViewUnloaded), priority=0.0, lambda=net.runelite.client.plugins.grounditems.GroundItemsPlugin$$Lambda/0x00000001007fd5c8@3bb8bc5a)
2026-04-26 16:29:13 GMT [main] DEBUG net.runelite.client.ui.ClientUI - Graphics device X11GraphicsDevice[screen=0]: bounds java.awt.Rectangle[x=0,y=0,width=1480,height=924] transform: AffineTransform[[2.0, 0.0, 0.0], [0.0, 2.0, 0.0]]
2026-04-26 16:29:13 GMT [main] DEBUG net.runelite.client.util.ReflectUtil - null
java.lang.reflect.InaccessibleObjectException: Unable to make field private transient volatile java.util.Map java.lang.reflect.Executable.declaredAnnotations accessible: module java.base does not "opens java.lang.reflect" to unnamed module @349c1daf
	at java.base/java.lang.reflect.AccessibleObject.throwInaccessibleObjectException(AccessibleObject.java:391)
	at java.base/java.lang.reflect.AccessibleObject.checkCanSetAccessible(AccessibleObject.java:367)
	at java.base/java.lang.reflect.AccessibleObject.checkCanSetAccessible(AccessibleObject.java:315)
	at java.base/java.lang.reflect.Field.checkCanSetAccessible(Field.java:183)
	at java.base/java.lang.reflect.Field.setAccessible(Field.java:177)
	at net.runelite.client.util.ReflectUtil.uncacheAnnotations(ReflectUtil.java:186)
	at net.runelite.client.util.ReflectUtil.invalidateAnnotationCaches(ReflectUtil.java:146)
	at net.runelite.client.RuneLite.start(RuneLite.java:378)
	at net.runelite.client.RuneLite.main(RuneLite.java:274)
2026-04-26 16:29:13 GMT [main] INFO  net.runelite.client.RuneLite - Client initialization took 5784ms. Uptime: 6698ms
2026-04-26 16:29:13 GMT [AWT-EventQueue-0] DEBUG net.runelite.client.ui.ClientUI - Showing frame net.runelite.client.ui.ContainableFrame[frame0,340,0,800x938,invalid,layout=java.awt.BorderLayout,title=RuneLite,resizable,maximized,defaultCloseOperation=DO_NOTHING_ON_CLOSE,rootPane=javax.swing.JRootPane[,2,12,796x924,layout=javax.swing.JRootPane$RootLayout,alignmentX=0.0,alignmentY=0.0,border=,flags=16777673,maximumSize=,minimumSize=,preferredSize=],rootPaneCheckingEnabled=true]
[rlawt] createGLContext: displayName=:0 screen=0
[rlawt]   dspi->visualID=33 (0x21)  dspi->drawable=0x400039
[rlawt]   ctx: alphaDepth=0 depthDepth=0 stencilDepth=0 multisamples=0
[rlawt]   DefaultVisualID=33 (0x21)
*** MESA_GLSL_CACHE_DISABLE is deprecated; use MESA_SHADER_CACHE_DISABLE instead ***
[rlawt]   glXChooseFBConfig DB=1 nConfigs=140 fbConfigs=0x6fba9b7dc0
[rlawt]     DB=1 fbconfig[0] GLX_VISUAL_ID=957 (0x3bd) 
[rlawt]     DB=1 fbconfig[1] GLX_VISUAL_ID=955 (0x3bb) 
[rlawt]     DB=1 fbconfig[2] GLX_VISUAL_ID=1047 (0x417) 
[rlawt]     DB=1 fbconfig[3] GLX_VISUAL_ID=1045 (0x415) 
[rlawt]     DB=1 fbconfig[4] GLX_VISUAL_ID=1069 (0x42d) 
[rlawt]     DB=1 fbconfig[5] GLX_VISUAL_ID=981 (0x3d5) 
[rlawt]     DB=1 fbconfig[6] GLX_VISUAL_ID=979 (0x3d3) 
[rlawt]     DB=1 fbconfig[7] GLX_VISUAL_ID=1071 (0x42f) 
[rlawt]     DB=1 fbconfig[8] GLX_VISUAL_ID=1059 (0x423) 
[rlawt]     DB=1 fbconfig[9] GLX_VISUAL_ID=1057 (0x421) 
[rlawt]     DB=1 fbconfig[10] GLX_VISUAL_ID=969 (0x3c9) 
[rlawt]     DB=1 fbconfig[11] GLX_VISUAL_ID=967 (0x3c7) 
[rlawt]     DB=1 fbconfig[12] GLX_VISUAL_ID=973 (0x3cd) 
[rlawt]     DB=1 fbconfig[13] GLX_VISUAL_ID=1065 (0x429) 
[rlawt]     DB=1 fbconfig[14] GLX_VISUAL_ID=975 (0x3cf) 
[rlawt]     DB=1 fbconfig[15] GLX_VISUAL_ID=1063 (0x427) 
[rlawt]     DB=1 fbconfig[16] GLX_VISUAL_ID=1051 (0x41b) 
[rlawt]     DB=1 fbconfig[17] GLX_VISUAL_ID=963 (0x3c3) 
[rlawt]     DB=1 fbconfig[18] GLX_VISUAL_ID=961 (0x3c1) 
[rlawt]     DB=1 fbconfig[19] GLX_VISUAL_ID=1053 (0x41d) 
[rlawt]     DB=1 fbconfig[20] GLX_VISUAL_ID=1075 (0x433) 
[rlawt]     DB=1 fbconfig[21] GLX_VISUAL_ID=985 (0x3d9) 
[rlawt]     DB=1 fbconfig[22] GLX_VISUAL_ID=984 (0x3d8) 
[rlawt]     DB=1 fbconfig[23] GLX_VISUAL_ID=1074 (0x432) 
[rlawt]     DB=1 fbconfig[24] GLX_VISUAL_ID=996 (0x3e4) 
[rlawt]     DB=1 fbconfig[25] GLX_VISUAL_ID=1086 (0x43e) 
[rlawt]     DB=1 fbconfig[26] GLX_VISUAL_ID=997 (0x3e5) 
[rlawt]     DB=1 fbconfig[27] GLX_VISUAL_ID=1087 (0x43f) 
[rlawt]     DB=1 fbconfig[28] GLX_VISUAL_ID=991 (0x3df) 
[rlawt]     DB=1 fbconfig[29] GLX_VISUAL_ID=1081 (0x439) 
[rlawt]     DB=1 fbconfig[30] GLX_VISUAL_ID=1080 (0x438) 
[rlawt]     DB=1 fbconfig[31] GLX_VISUAL_ID=990 (0x3de) 
[rlawt]     DB=1 fbconfig[32] GLX_VISUAL_ID=993 (0x3e1) 
[rlawt]     DB=1 fbconfig[33] GLX_VISUAL_ID=1084 (0x43c) 
[rlawt]     DB=1 fbconfig[34] GLX_VISUAL_ID=1083 (0x43b) 
[rlawt]     DB=1 fbconfig[35] GLX_VISUAL_ID=994 (0x3e2) 
[rlawt]     DB=1 fbconfig[36] GLX_VISUAL_ID=987 (0x3db) 
[rlawt]     DB=1 fbconfig[37] GLX_VISUAL_ID=1077 (0x435) 
[rlawt]     DB=1 fbconfig[38] GLX_VISUAL_ID=1078 (0x436) 
[rlawt]     DB=1 fbconfig[39] GLX_VISUAL_ID=988 (0x3dc) 
[rlawt]     DB=1 fbconfig[40] GLX_VISUAL_ID=1000 (0x3e8) 
[rlawt]     DB=1 fbconfig[41] GLX_VISUAL_ID=1002 (0x3ea) 
[rlawt]     DB=1 fbconfig[42] GLX_VISUAL_ID=911 (0x38f) 
[rlawt]     DB=1 fbconfig[43] GLX_VISUAL_ID=913 (0x391) 
[rlawt]     DB=1 fbconfig[44] GLX_VISUAL_ID=1026 (0x402) 
[rlawt]     DB=1 fbconfig[45] GLX_VISUAL_ID=936 (0x3a8) 
[rlawt]     DB=1 fbconfig[46] GLX_VISUAL_ID=934 (0x3a6) 
[rlawt]     DB=1 fbconfig[47] GLX_VISUAL_ID=1024 (0x400) 
[rlawt]     DB=1 fbconfig[48] GLX_VISUAL_ID=1014 (0x3f6) 
[rlawt]     DB=1 fbconfig[49] GLX_VISUAL_ID=923 (0x39b) 
[rlawt]     DB=1 fbconfig[50] GLX_VISUAL_ID=925 (0x39d) 
[rlawt]     DB=1 fbconfig[51] GLX_VISUAL_ID=1012 (0x3f4) 
[rlawt]     DB=1 fbconfig[52] GLX_VISUAL_ID=930 (0x3a2) 
[rlawt]     DB=1 fbconfig[53] GLX_VISUAL_ID=1018 (0x3fa) 
[rlawt]     DB=1 fbconfig[54] GLX_VISUAL_ID=1020 (0x3fc) 
[rlawt]     DB=1 fbconfig[55] GLX_VISUAL_ID=33 (0x21) <-- MATCH
[rlawt]   DB=1 selection after loop: fbConfig=0x6d8aa99290
[rlawt] [rlawt-info] per-frame CSV enabled path=/data/data/com.termux/files/home/rlawt-perframe.csv
[rlawt] [rlawt-info] GL_VENDOR: Mesa
[rlawt] [rlawt-info] GL_RENDERER: virgl (Mali-G720-Immortalis MC12)
[rlawt] [rlawt-info] GL_VERSION: 4.3 (Compatibility Profile) Mesa 25.2.8
[rlawt] [rlawt-info] glXIsDirect: 1
[rlawt] [rlawt-info] GLX_EXTENSIONS: GLX_ARB_create_context GLX_ARB_create_context_no_error GLX_ARB_create_context_profile GLX_ARB_fbconfig_float GLX_ARB_framebuffer_sRGB GLX_ARB_get_proc_address GLX_ARB_multisample GLX_EXT_create_context_es2_profile GLX_EXT_create_context_es_profile GLX_EXT_fbconfig_packed_float GLX_EXT_framebuffer_sRGB GLX_EXT_no_config_context GLX_EXT_texture_from_pixmap GLX_EXT_visual_info GLX_EXT_visual_rating GLX_MESA_copy_sub_buffer GLX_MESA_gl_interop GLX_MESA_query_renderer GLX_SGIS_multisample GLX_SGIX_fbconfig GLX_SGIX_pbuffer GLX_SGIX_visual_select_group GLX_SGI_make_current_read 
2026-04-26 16:29:13 GMT [OkHttp https://api.runelite.net/...] DEBUG net.runelite.client.TelemetryClient - Submitted telemetry
[LWJGL] [ERROR] Incompatible Java and native library versions detected.
Possible reasons:
	a) -Djava.library.path is set to a folder containing shared libraries of an older LWJGL version.
	b) The classpath contains jar files of an older LWJGL version.
Possible solutions:
	a) Make sure to not set -Djava.library.path (it is not needed for developing with LWJGL 3) or make
	   sure the folder it points to contains the shared libraries of the correct LWJGL version.
	b) Check the classpath and make sure to only have jar files of the same LWJGL version in it.
[LWJGL] [ThreadLocalUtil] Unsupported JNI version detected, this may result in a crash. Please inform LWJGL developers.
2026-04-26 16:29:13 GMT [Client] INFO  n.r.client.plugins.gpu.GpuPlugin - Using device: virgl (Mali-G720-Immortalis MC12)
2026-04-26 16:29:13 GMT [Client] INFO  n.r.client.plugins.gpu.GpuPlugin - Using driver: 4.3 (Compatibility Profile) Mesa 25.2.8
[rlawt] [rlawt-info] setSwapInterval: interval=0 tearSupported=false
[rlawt] [rlawt-info] setSwapInterval: applied=0 path=NONE
2026-04-26 16:29:14 GMT [Client] DEBUG injected-client - Game state changed: LOGIN_SCREEN (state: 10, 2 step: false)
2026-04-26 16:29:14 GMT [Client] DEBUG injected-client - Cache is ready
2026-04-26 16:29:14 GMT [Client] DEBUG n.r.client.RuntimeConfigRefresher - Skipping runtimeConfig refresh, next refresh at 2026-04-26T16:39:11.176509714Z
2026-04-26 16:29:14 GMT [Client] DEBUG n.r.c.plugins.discord.DiscordState - Events: [DiscordState.EventWithTime(type=IN_MENU, start=2026-04-26T16:29:14.237857945Z, updated=2026-04-26T16:29:14.237853637Z)]
2026-04-26 16:29:14 GMT [Client] DEBUG n.r.c.plugins.gpu.TextureManager - Uploaded textures 208
[rlawt] [rlawt-perf] frame=60 win=60  swap_us mean=19756 p50=18134 p95=28649 max=84764  gap_us mean=10303 p50=5724 p95=13646 max=230855  mkcur=0 glerr=0
2026-04-26 16:29:17 GMT [Client] DEBUG injected-client - Game state changed: LOGGING_IN (state: 20, 2 step: false)
2026-04-26 16:29:17 GMT [Client] DEBUG n.r.c.p.herbiboars.HerbiboarPlugin - Reset trail data
TELEMETRY: xprop/xwininfo already on PATH — skip pkg install
[rlawt] [rlawt-perf] frame=120 win=60  swap_us mean=17298 p50=17017 p95=21454 max=22913  gap_us mean=4466 p50=3802 p95=7249 max=15083  mkcur=0 glerr=0
[rlawt] [rlawt-perf] frame=180 win=60  swap_us mean=16736 p50=16279 p95=21237 max=29373  gap_us mean=4108 p50=3853 p95=5953 max=7922  mkcur=0 glerr=0
[rlawt] [rlawt-perf] frame=240 win=60  swap_us mean=16624 p50=16072 p95=20785 max=24176  gap_us mean=4348 p50=3835 p95=7052 max=9116  mkcur=0 glerr=0
2026-04-26 16:29:20 GMT [Client] DEBUG net.runelite.client.callback.Hooks - Graphics reset!
[rlawt] [rlawt-perf] frame=300 win=60  swap_us mean=15131 p50=14839 p95=19310 max=29337  gap_us mean=6055 p50=4363 p95=8541 max=79843  mkcur=0 glerr=0
2026-04-26 16:29:22 GMT [Client] DEBUG n.r.client.config.ConfigManager - RS profile changed to rsprofile.reRsilrQ
2026-04-26 16:29:22 GMT [pool-3-thread-1] DEBUG n.r.c.p.l.LootTrackerPlugin - Switched to profile rsprofile.reRsilrQ
2026-04-26 16:29:22 GMT [pool-3-thread-1] DEBUG n.r.c.p.l.LootTrackerPlugin - Loaded 0 records
2026-04-26 16:29:22 GMT [Client] DEBUG n.runelite.client.menus.MenuManager - Client has updated player menu index 4 where option Lookup was, moving to index 4
2026-04-26 16:29:22 GMT [Client] DEBUG injected-client - Game state changed: LOADING (state: 25, 2 step: false)
[rlawt] [rlawt-perf] frame=360 win=60  swap_us mean=16296 p50=15925 p95=23737 max=23970  gap_us mean=6773 p50=5187 p95=9619 max=57820  mkcur=0 glerr=0
2026-04-26 16:29:23 GMT [Map Loader] DEBUG n.r.client.plugins.gpu.GpuPlugin - Scene size time 16.90 ms reused 0 new 529 len opaque 2888128 size opaque 169226kb len alpha 17907 size alpha 1049kb
2026-04-26 16:29:23 GMT [Map Loader] DEBUG n.r.client.plugins.gpu.GpuPlugin - Scene upload time 412.9 ms
2026-04-26 16:29:23 GMT [Client] DEBUG n.r.c.p.g.GroundMarkerPlugin - Loading points for region 12852
2026-04-26 16:29:23 GMT [Client] DEBUG n.r.c.p.g.GroundMarkerPlugin - Loading points for region 12853
2026-04-26 16:29:23 GMT [Client] DEBUG n.r.c.p.g.GroundMarkerPlugin - Loading points for region 12854
2026-04-26 16:29:23 GMT [Client] DEBUG n.r.c.p.g.GroundMarkerPlugin - Loading points for region 13108
2026-04-26 16:29:23 GMT [Client] DEBUG n.r.c.p.g.GroundMarkerPlugin - Loading points for region 13109
2026-04-26 16:29:23 GMT [Client] DEBUG n.r.c.p.g.GroundMarkerPlugin - Loading points for region 13110
2026-04-26 16:29:23 GMT [Client] DEBUG injected-client - Game state changed: LOGGED_IN (state: 30, 2 step: false)
2026-04-26 16:29:23 GMT [Client] DEBUG n.r.c.plugins.discord.DiscordState - Events: [DiscordState.EventWithTime(type=IN_GAME, start=2026-04-26T16:29:23.885333638Z, updated=2026-04-26T16:29:23.885338561Z)]
2026-04-26 16:29:23 GMT [Client] DEBUG n.r.c.p.g.GrandExchangePlugin - unable to generate machine id
java.net.SocketException: Permission denied (ioctl(SIOCGIFHWADDR) failed)
	at java.base/java.net.NetworkInterface.getMacAddr0(Native Method)
	at java.base/java.net.NetworkInterface.getHardwareAddress(NetworkInterface.java:528)
	at net.runelite.client.plugins.grandexchange.GrandExchangePlugin.getMachineUuid(GrandExchangePlugin.java:968)
	at net.runelite.client.plugins.grandexchange.GrandExchangePlugin.onGameStateChanged(GrandExchangePlugin.java:593)
	at net.runelite.client.eventbus.EventBus$Subscriber.invoke(EventBus.java:70)
	at net.runelite.client.eventbus.EventBus.post(EventBus.java:223)
	at net.runelite.client.callback.Hooks.post(Hooks.java:217)
	at client.gn(client.java:53207)
	at hh.ad(hh.java:801)
	at client.ir(client.java:9221)
	at sw.agt(sw.java:447)
	at sw.az(sw.java)
	at sw.run(sw.java:58274)
	at java.base/java.lang.Thread.run(Thread.java:1583)
2026-04-26 16:29:23 GMT [Client] DEBUG n.r.c.p.xptracker.XpTrackerPlugin - World change: -1 -> -2135040086039010131, <unknown> -> NORMAL
2026-04-26 16:29:23 GMT [Client] DEBUG injected-client - Chat message type WELCOME: Welcome to Old School RuneScape.
2026-04-26 16:29:23 GMT [Client] DEBUG injected-client - Chat message type DIDYOUKNOW: Did you know? You can change any aspect of your appearance at any makeover provider by using the button in the top left corner of any makeover interface.</col>
2026-04-26 16:29:23 GMT [Client] DEBUG n.r.client.plugins.gpu.GpuPlugin - Zone invalidated: wx=0 x=5 z=17
2026-04-26 16:29:23 GMT [Client] DEBUG n.r.client.plugins.gpu.GpuPlugin - Zone invalidated: wx=0 x=8 z=5
2026-04-26 16:29:23 GMT [Client] DEBUG n.r.client.plugins.gpu.GpuPlugin - Rebuilt zone wv=0 x=5 z=17
2026-04-26 16:29:23 GMT [Client] DEBUG n.r.client.plugins.gpu.GpuPlugin - Rebuilt zone wv=0 x=8 z=5
2026-04-26 16:29:23 GMT [Client] DEBUG n.r.client.plugins.gpu.GpuPlugin - Zone invalidated: wx=0 x=9 z=8
2026-04-26 16:29:23 GMT [Client] DEBUG n.r.client.plugins.gpu.GpuPlugin - Zone invalidated: wx=0 x=10 z=8
2026-04-26 16:29:23 GMT [Client] DEBUG n.r.client.plugins.gpu.GpuPlugin - Zone invalidated: wx=0 x=5 z=13
2026-04-26 16:29:23 GMT [Client] DEBUG n.r.client.plugins.gpu.GpuPlugin - Zone invalidated: wx=0 x=12 z=15
2026-04-26 16:29:23 GMT [Client] DEBUG n.r.client.plugins.gpu.GpuPlugin - Zone invalidated: wx=0 x=2 z=3
2026-04-26 16:29:23 GMT [Client] DEBUG n.r.client.plugins.gpu.GpuPlugin - Zone invalidated: wx=0 x=8 z=16
2026-04-26 16:29:23 GMT [Client] DEBUG n.r.client.plugins.gpu.GpuPlugin - Zone invalidated: wx=0 x=8 z=18
2026-04-26 16:29:23 GMT [Client] DEBUG n.r.client.plugins.gpu.GpuPlugin - Zone invalidated: wx=0 x=9 z=19
2026-04-26 16:29:23 GMT [Client] DEBUG n.r.client.plugins.gpu.GpuPlugin - Zone invalidated: wx=0 x=8 z=17
2026-04-26 16:29:23 GMT [Client] DEBUG n.r.client.plugins.gpu.GpuPlugin - Zone invalidated: wx=0 x=8 z=19
2026-04-26 16:29:23 GMT [Client] DEBUG n.r.client.plugins.gpu.GpuPlugin - Zone invalidated: wx=0 x=8 z=20
2026-04-26 16:29:23 GMT [Client] DEBUG n.r.client.plugins.gpu.GpuPlugin - Zone invalidated: wx=0 x=9 z=17
2026-04-26 16:29:23 GMT [Client] DEBUG n.r.client.plugins.gpu.GpuPlugin - Zone invalidated: wx=0 x=9 z=18
2026-04-26 16:29:23 GMT [Client] DEBUG n.r.client.plugins.gpu.GpuPlugin - Rebuilt zone wv=0 x=2 z=3
2026-04-26 16:29:23 GMT [Client] DEBUG n.r.client.plugins.gpu.GpuPlugin - Rebuilt zone wv=0 x=5 z=13
2026-04-26 16:29:23 GMT [Client] DEBUG n.r.client.plugins.gpu.GpuPlugin - Rebuilt zone wv=0 x=8 z=16
2026-04-26 16:29:23 GMT [Client] DEBUG n.r.client.plugins.gpu.GpuPlugin - Rebuilt zone wv=0 x=8 z=17
2026-04-26 16:29:23 GMT [Client] DEBUG n.r.client.plugins.gpu.GpuPlugin - Rebuilt zone wv=0 x=8 z=18
2026-04-26 16:29:23 GMT [Client] DEBUG n.r.client.plugins.gpu.GpuPlugin - Rebuilt zone wv=0 x=8 z=19
2026-04-26 16:29:23 GMT [Client] DEBUG n.r.client.plugins.gpu.GpuPlugin - Rebuilt zone wv=0 x=8 z=20
2026-04-26 16:29:23 GMT [Client] DEBUG n.r.client.plugins.gpu.GpuPlugin - Rebuilt zone wv=0 x=9 z=8
2026-04-26 16:29:24 GMT [Client] DEBUG n.r.client.plugins.gpu.GpuPlugin - Rebuilt zone wv=0 x=9 z=17
2026-04-26 16:29:24 GMT [Client] DEBUG n.r.client.plugins.gpu.GpuPlugin - Rebuilt zone wv=0 x=9 z=18
2026-04-26 16:29:24 GMT [Client] DEBUG n.r.client.plugins.gpu.GpuPlugin - Rebuilt zone wv=0 x=9 z=19
2026-04-26 16:29:24 GMT [Client] DEBUG n.r.client.plugins.gpu.GpuPlugin - Rebuilt zone wv=0 x=10 z=8
2026-04-26 16:29:24 GMT [Client] DEBUG n.r.client.plugins.gpu.GpuPlugin - Rebuilt zone wv=0 x=12 z=15
2026-04-26 16:29:24 GMT [Client] DEBUG n.r.client.plugins.gpu.GpuPlugin - Zone invalidated: wx=0 x=18 z=15
2026-04-26 16:29:24 GMT [Client] DEBUG n.r.client.plugins.gpu.GpuPlugin - Zone invalidated: wx=0 x=19 z=15
2026-04-26 16:29:24 GMT [Client] DEBUG n.r.client.plugins.gpu.GpuPlugin - Zone invalidated: wx=0 x=17 z=19
2026-04-26 16:29:24 GMT [Client] DEBUG n.r.client.plugins.gpu.GpuPlugin - Zone invalidated: wx=0 x=15 z=17
2026-04-26 16:29:24 GMT [Client] DEBUG n.r.client.plugins.gpu.GpuPlugin - Rebuilt zone wv=0 x=15 z=17
2026-04-26 16:29:24 GMT [Client] DEBUG n.r.client.plugins.gpu.GpuPlugin - Rebuilt zone wv=0 x=17 z=19
2026-04-26 16:29:24 GMT [Client] DEBUG n.r.client.plugins.gpu.GpuPlugin - Rebuilt zone wv=0 x=18 z=15
2026-04-26 16:29:24 GMT [Client] DEBUG n.r.client.plugins.gpu.GpuPlugin - Rebuilt zone wv=0 x=19 z=15
2026-04-26 16:29:24 GMT [Client] DEBUG n.r.client.plugins.gpu.GpuPlugin - Zone invalidated: wx=0 x=11 z=14
2026-04-26 16:29:24 GMT [Client] DEBUG n.r.client.plugins.gpu.GpuPlugin - Zone invalidated: wx=0 x=11 z=15
2026-04-26 16:29:24 GMT [Client] DEBUG n.r.client.plugins.gpu.GpuPlugin - Zone invalidated: wx=0 x=12 z=14
2026-04-26 16:29:24 GMT [Client] DEBUG n.r.client.plugins.gpu.GpuPlugin - Zone invalidated: wx=0 x=12 z=15
2026-04-26 16:29:24 GMT [Client] DEBUG n.r.client.plugins.gpu.GpuPlugin - Zone invalidated: wx=0 x=13 z=15
2026-04-26 16:29:24 GMT [Client] DEBUG n.r.client.plugins.raids.RaidsPlugin - Raid party has been dissolved
2026-04-26 16:29:24 GMT [Client] DEBUG n.r.client.plugins.gpu.GpuPlugin - Rebuilt zone wv=0 x=11 z=14
2026-04-26 16:29:24 GMT [Client] DEBUG n.r.client.plugins.gpu.GpuPlugin - Rebuilt zone wv=0 x=11 z=15
2026-04-26 16:29:24 GMT [Client] DEBUG n.r.client.plugins.gpu.GpuPlugin - Rebuilt zone wv=0 x=12 z=14
2026-04-26 16:29:24 GMT [Client] DEBUG n.r.client.plugins.gpu.GpuPlugin - Rebuilt zone wv=0 x=12 z=15
2026-04-26 16:29:24 GMT [Client] DEBUG n.r.client.plugins.gpu.GpuPlugin - Rebuilt zone wv=0 x=13 z=15
2026-04-26 16:29:24 GMT [Client] DEBUG n.r.c.plugins.slayer.SlayerPlugin - Sync slayer task: 25x Commander Zilyana at null
2026-04-26 16:29:24 GMT [Client] DEBUG n.r.client.config.ConfigManager - Setting configuration value for slayer.rsprofile.reRsilrQ.initialAmount to 0
2026-04-26 16:29:24 GMT [Client] DEBUG n.r.client.plugins.gpu.GpuPlugin - Zone invalidated: wx=0 x=13 z=4
2026-04-26 16:29:24 GMT [Client] DEBUG n.r.client.plugins.gpu.GpuPlugin - Rebuilt zone wv=0 x=13 z=4
2026-04-26 16:29:24 GMT [Client] DEBUG n.r.client.plugins.gpu.GpuPlugin - Zone invalidated: wx=0 x=14 z=10
2026-04-26 16:29:24 GMT [Client] DEBUG n.r.client.plugins.gpu.GpuPlugin - Zone invalidated: wx=0 x=13 z=17
2026-04-26 16:29:24 GMT [Client] DEBUG n.r.client.plugins.gpu.GpuPlugin - Zone invalidated: wx=0 x=13 z=18
2026-04-26 16:29:24 GMT [Client] DEBUG n.r.client.plugins.gpu.GpuPlugin - Zone invalidated: wx=0 x=13 z=19
2026-04-26 16:29:24 GMT [Client] DEBUG n.r.client.plugins.gpu.GpuPlugin - Zone invalidated: wx=0 x=13 z=20
2026-04-26 16:29:24 GMT [Client] DEBUG n.r.client.plugins.gpu.GpuPlugin - Zone invalidated: wx=0 x=14 z=16
2026-04-26 16:29:24 GMT [Client] DEBUG n.r.client.plugins.gpu.GpuPlugin - Zone invalidated: wx=0 x=14 z=17
2026-04-26 16:29:24 GMT [Client] DEBUG n.r.client.plugins.gpu.GpuPlugin - Zone invalidated: wx=0 x=14 z=19
2026-04-26 16:29:24 GMT [Client] DEBUG n.r.client.plugins.gpu.GpuPlugin - Zone invalidated: wx=0 x=15 z=13
2026-04-26 16:29:24 GMT [Client] DEBUG n.r.client.plugins.gpu.GpuPlugin - Zone invalidated: wx=0 x=15 z=14
2026-04-26 16:29:24 GMT [Client] DEBUG n.r.client.plugins.gpu.GpuPlugin - Zone invalidated: wx=0 x=15 z=15
2026-04-26 16:29:24 GMT [Client] DEBUG n.r.client.plugins.gpu.GpuPlugin - Zone invalidated: wx=0 x=15 z=16
2026-04-26 16:29:24 GMT [Client] DEBUG n.r.client.plugins.gpu.GpuPlugin - Zone invalidated: wx=0 x=15 z=18
2026-04-26 16:29:24 GMT [Client] DEBUG n.r.client.plugins.gpu.GpuPlugin - Zone invalidated: wx=0 x=15 z=19
2026-04-26 16:29:24 GMT [Client] DEBUG n.r.client.plugins.gpu.GpuPlugin - Zone invalidated: wx=0 x=16 z=13
2026-04-26 16:29:24 GMT [Client] DEBUG n.r.client.plugins.gpu.GpuPlugin - Zone invalidated: wx=0 x=16 z=16
2026-04-26 16:29:24 GMT [Client] DEBUG n.r.client.plugins.gpu.GpuPlugin - Zone invalidated: wx=0 x=16 z=17
2026-04-26 16:29:24 GMT [Client] DEBUG n.r.client.plugins.gpu.GpuPlugin - Zone invalidated: wx=0 x=16 z=18
2026-04-26 16:29:24 GMT [Client] DEBUG n.r.client.plugins.gpu.GpuPlugin - Zone invalidated: wx=0 x=17 z=16
2026-04-26 16:29:24 GMT [Client] DEBUG n.r.client.plugins.gpu.GpuPlugin - Zone invalidated: wx=0 x=17 z=17
2026-04-26 16:29:24 GMT [Client] DEBUG n.r.client.plugins.gpu.GpuPlugin - Zone invalidated: wx=0 x=17 z=18
2026-04-26 16:29:24 GMT [Client] DEBUG n.r.client.plugins.gpu.GpuPlugin - Zone invalidated: wx=0 x=17 z=19
2026-04-26 16:29:24 GMT [Client] DEBUG n.r.client.plugins.gpu.GpuPlugin - Zone invalidated: wx=0 x=18 z=16
2026-04-26 16:29:24 GMT [Client] DEBUG n.r.client.plugins.gpu.GpuPlugin - Zone invalidated: wx=0 x=18 z=17
2026-04-26 16:29:24 GMT [Client] DEBUG n.r.client.plugins.gpu.GpuPlugin - Zone invalidated: wx=0 x=18 z=19
2026-04-26 16:29:24 GMT [Client] DEBUG n.r.client.plugins.gpu.GpuPlugin - Zone invalidated: wx=0 x=18 z=20
2026-04-26 16:29:24 GMT [Client] DEBUG n.r.client.plugins.gpu.GpuPlugin - Zone invalidated: wx=0 x=19 z=13
2026-04-26 16:29:24 GMT [Client] DEBUG n.r.client.plugins.gpu.GpuPlugin - Zone invalidated: wx=0 x=19 z=14
2026-04-26 16:29:24 GMT [Client] DEBUG n.r.client.plugins.gpu.GpuPlugin - Zone invalidated: wx=0 x=19 z=15
2026-04-26 16:29:24 GMT [Client] DEBUG n.r.client.plugins.gpu.GpuPlugin - Zone invalidated: wx=0 x=19 z=17
2026-04-26 16:29:24 GMT [Client] DEBUG n.r.client.plugins.gpu.GpuPlugin - Zone invalidated: wx=0 x=20 z=13
2026-04-26 16:29:24 GMT [Client] DEBUG n.r.client.plugins.gpu.GpuPlugin - Zone invalidated: wx=0 x=20 z=15
2026-04-26 16:29:24 GMT [Client] DEBUG n.r.client.plugins.gpu.GpuPlugin - Zone invalidated: wx=0 x=20 z=17
2026-04-26 16:29:24 GMT [Client] DEBUG n.r.client.plugins.gpu.GpuPlugin - Zone invalidated: wx=0 x=20 z=18
2026-04-26 16:29:24 GMT [Client] DEBUG n.r.client.plugins.gpu.GpuPlugin - Zone invalidated: wx=0 x=20 z=19
2026-04-26 16:29:24 GMT [Client] DEBUG n.r.client.plugins.gpu.GpuPlugin - Rebuilt zone wv=0 x=13 z=17
2026-04-26 16:29:24 GMT [Client] DEBUG n.r.client.plugins.gpu.GpuPlugin - Rebuilt zone wv=0 x=13 z=18
2026-04-26 16:29:24 GMT [Client] DEBUG n.r.client.plugins.gpu.GpuPlugin - Rebuilt zone wv=0 x=13 z=19
2026-04-26 16:29:24 GMT [Client] DEBUG n.r.client.plugins.gpu.GpuPlugin - Rebuilt zone wv=0 x=13 z=20
2026-04-26 16:29:24 GMT [Client] DEBUG n.r.client.plugins.gpu.GpuPlugin - Rebuilt zone wv=0 x=14 z=10
2026-04-26 16:29:24 GMT [Client] DEBUG n.r.client.plugins.gpu.GpuPlugin - Rebuilt zone wv=0 x=14 z=16
2026-04-26 16:29:24 GMT [Client] DEBUG n.r.client.plugins.gpu.GpuPlugin - Rebuilt zone wv=0 x=14 z=17
2026-04-26 16:29:24 GMT [Client] DEBUG n.r.client.plugins.gpu.GpuPlugin - Rebuilt zone wv=0 x=14 z=19
2026-04-26 16:29:24 GMT [Client] DEBUG n.r.client.plugins.gpu.GpuPlugin - Rebuilt zone wv=0 x=15 z=13
2026-04-26 16:29:24 GMT [Client] DEBUG n.r.client.plugins.gpu.GpuPlugin - Rebuilt zone wv=0 x=15 z=14
2026-04-26 16:29:24 GMT [Client] DEBUG n.r.client.plugins.gpu.GpuPlugin - Rebuilt zone wv=0 x=15 z=15
2026-04-26 16:29:24 GMT [Client] DEBUG n.r.client.plugins.gpu.GpuPlugin - Rebuilt zone wv=0 x=15 z=16
2026-04-26 16:29:24 GMT [Client] DEBUG n.r.client.plugins.gpu.GpuPlugin - Rebuilt zone wv=0 x=15 z=18
2026-04-26 16:29:24 GMT [Client] DEBUG n.r.client.plugins.gpu.GpuPlugin - Rebuilt zone wv=0 x=15 z=19
2026-04-26 16:29:24 GMT [Client] DEBUG n.r.client.plugins.gpu.GpuPlugin - Rebuilt zone wv=0 x=16 z=13
2026-04-26 16:29:24 GMT [Client] DEBUG n.r.client.plugins.gpu.GpuPlugin - Rebuilt zone wv=0 x=16 z=16
2026-04-26 16:29:24 GMT [Client] DEBUG n.r.client.plugins.gpu.GpuPlugin - Rebuilt zone wv=0 x=16 z=17
2026-04-26 16:29:24 GMT [Client] DEBUG n.r.client.plugins.gpu.GpuPlugin - Rebuilt zone wv=0 x=16 z=18
2026-04-26 16:29:24 GMT [Client] DEBUG n.r.client.plugins.gpu.GpuPlugin - Rebuilt zone wv=0 x=17 z=16
2026-04-26 16:29:24 GMT [Client] DEBUG n.r.client.plugins.gpu.GpuPlugin - Rebuilt zone wv=0 x=17 z=17
2026-04-26 16:29:24 GMT [Client] DEBUG n.r.client.plugins.gpu.GpuPlugin - Rebuilt zone wv=0 x=17 z=18
2026-04-26 16:29:24 GMT [Client] DEBUG n.r.client.plugins.gpu.GpuPlugin - Rebuilt zone wv=0 x=17 z=19
2026-04-26 16:29:24 GMT [Client] DEBUG n.r.client.plugins.gpu.GpuPlugin - Rebuilt zone wv=0 x=18 z=16
2026-04-26 16:29:24 GMT [Client] DEBUG n.r.client.plugins.gpu.GpuPlugin - Rebuilt zone wv=0 x=18 z=17
2026-04-26 16:29:24 GMT [Client] DEBUG n.r.client.plugins.gpu.GpuPlugin - Rebuilt zone wv=0 x=18 z=19
2026-04-26 16:29:24 GMT [Client] DEBUG n.r.client.plugins.gpu.GpuPlugin - Rebuilt zone wv=0 x=18 z=20
2026-04-26 16:29:24 GMT [Client] DEBUG n.r.client.plugins.gpu.GpuPlugin - Rebuilt zone wv=0 x=19 z=13
2026-04-26 16:29:24 GMT [Client] DEBUG n.r.client.plugins.gpu.GpuPlugin - Rebuilt zone wv=0 x=19 z=14
2026-04-26 16:29:24 GMT [Client] DEBUG n.r.client.plugins.gpu.GpuPlugin - Rebuilt zone wv=0 x=19 z=15
2026-04-26 16:29:24 GMT [Client] DEBUG n.r.client.plugins.gpu.GpuPlugin - Rebuilt zone wv=0 x=19 z=17
2026-04-26 16:29:24 GMT [Client] DEBUG n.r.client.plugins.gpu.GpuPlugin - Rebuilt zone wv=0 x=20 z=13
2026-04-26 16:29:24 GMT [Client] DEBUG n.r.client.plugins.gpu.GpuPlugin - Rebuilt zone wv=0 x=20 z=15
2026-04-26 16:29:24 GMT [Client] DEBUG n.r.client.plugins.gpu.GpuPlugin - Rebuilt zone wv=0 x=20 z=17
2026-04-26 16:29:24 GMT [Client] DEBUG n.r.client.plugins.gpu.GpuPlugin - Rebuilt zone wv=0 x=20 z=18
2026-04-26 16:29:24 GMT [Client] DEBUG n.r.client.plugins.gpu.GpuPlugin - Rebuilt zone wv=0 x=20 z=19
2026-04-26 16:29:24 GMT [Client] DEBUG n.r.client.plugins.gpu.GpuPlugin - Zone invalidated: wx=0 x=2 z=13
2026-04-26 16:29:24 GMT [Client] DEBUG n.r.client.plugins.gpu.GpuPlugin - Zone invalidated: wx=0 x=6 z=7
2026-04-26 16:29:24 GMT [Client] DEBUG n.r.client.plugins.gpu.GpuPlugin - Zone invalidated: wx=0 x=6 z=11
2026-04-26 16:29:24 GMT [Client] DEBUG n.r.client.plugins.gpu.GpuPlugin - Zone invalidated: wx=0 x=11 z=12
2026-04-26 16:29:24 GMT [Client] DEBUG n.r.client.plugins.gpu.GpuPlugin - Rebuilt zone wv=0 x=2 z=13
2026-04-26 16:29:24 GMT [Client] DEBUG n.r.client.plugins.gpu.GpuPlugin - Rebuilt zone wv=0 x=6 z=7
2026-04-26 16:29:24 GMT [Client] DEBUG n.r.client.plugins.gpu.GpuPlugin - Rebuilt zone wv=0 x=6 z=11
2026-04-26 16:29:24 GMT [Client] DEBUG n.r.client.plugins.gpu.GpuPlugin - Rebuilt zone wv=0 x=11 z=12
2026-04-26 16:29:24 GMT [Client] DEBUG n.r.c.plugins.slayer.SlayerPlugin - Sync slayer task: 25x Commander Zilyana at null
2026-04-26 16:29:24 GMT [Client] DEBUG n.r.client.config.ConfigManager - Setting configuration value for slayer.rsprofile.reRsilrQ.initialAmount to 25
2026-04-26 16:29:24 GMT [Client] DEBUG net.runelite.client.game.LootManager - Item spawn 1978 (1) location LocalPoint(x=9152, y=5824, worldView=0)
2026-04-26 16:29:24 GMT [Client] DEBUG net.runelite.client.game.LootManager - Item spawn 1129 (1) location LocalPoint(x=6080, y=5056, worldView=0)
2026-04-26 16:29:24 GMT [Client] DEBUG net.runelite.client.game.LootManager - Item spawn 1935 (1) location LocalPoint(x=9280, y=5312, worldView=0)
2026-04-26 16:29:24 GMT [Client] DEBUG net.runelite.client.game.LootManager - Item spawn 1931 (1) location LocalPoint(x=4160, y=4032, worldView=0)
2026-04-26 16:29:24 GMT [Client] DEBUG net.runelite.client.game.LootManager - Item spawn 1511 (1) location LocalPoint(x=5696, y=3904, worldView=0)
2026-04-26 16:29:24 GMT [Client] DEBUG net.runelite.client.game.LootManager - Item spawn 1511 (1) location LocalPoint(x=5824, y=3904, worldView=0)
2026-04-26 16:29:24 GMT [Client] DEBUG injected-client - Replacing archive 12/1049
2026-04-26 16:29:24 GMT [Client] DEBUG injected-client - Replacing archive 12/920
2026-04-26 16:29:24 GMT [Client] DEBUG injected-client - Replacing archive 12/223
2026-04-26 16:29:24 GMT [Client] DEBUG injected-client - Replacing archive 12/84
2026-04-26 16:29:24 GMT [Client] DEBUG injected-client - Replacing archive 12/4742
2026-04-26 16:29:24 GMT [Client] DEBUG injected-client - Replacing archive 12/89
2026-04-26 16:29:24 GMT [Client] DEBUG injected-client - Replacing archive 12/395
2026-04-26 16:29:24 GMT [Client] DEBUG injected-client - Replacing archive 12/396
2026-04-26 16:29:24 GMT [Client] DEBUG injected-client - Replacing archive 12/2611
2026-04-26 16:29:24 GMT [Client] DEBUG injected-client - Replacing archive 12/125
2026-04-26 16:29:24 GMT [Client] DEBUG injected-client - Replacing archive 12/9291
2026-04-26 16:29:24 GMT [Client] DEBUG injected-client - Replacing archive 12/327
2026-04-26 16:29:24 GMT [Client] DEBUG n.runelite.client.menus.MenuManager - Client has updated player menu index 4 where option Lookup was, moving to index 4
2026-04-26 16:29:24 GMT [Client] DEBUG injected-client - Replacing archive 12/84
2026-04-26 16:29:24 GMT [Client] DEBUG injected-client - Replacing archive 12/89
2026-04-26 16:29:24 GMT [Client] DEBUG injected-client - Replacing archive 12/223
2026-04-26 16:29:24 GMT [Client] DEBUG injected-client - Replacing archive 12/395
2026-04-26 16:29:24 GMT [Client] DEBUG injected-client - Replacing archive 12/2611
2026-04-26 16:29:24 GMT [Client] DEBUG injected-client - Replacing archive 12/125
2026-04-26 16:29:24 GMT [Client] DEBUG injected-client - Replacing archive 12/9291
2026-04-26 16:29:24 GMT [Client] DEBUG injected-client - Replacing archive 12/1049
2026-04-26 16:29:24 GMT [Client] DEBUG injected-client - Replacing archive 12/920
2026-04-26 16:29:24 GMT [Client] DEBUG n.r.c.plugins.agility.AgilityPlugin - Gained 1364505 xp at WorldPoint(x=3251, y=3420, plane=0)
2026-04-26 16:29:24 GMT [Client] DEBUG n.r.c.p.g.GrandExchangePlugin - GE offer updated: state: EMPTY, slot: 0, item: 0, qty: 0, lastLoginTick: 0
2026-04-26 16:29:24 GMT [Client] DEBUG n.r.c.p.g.GrandExchangePlugin - GE offer updated: state: EMPTY, slot: 1, item: 0, qty: 0, lastLoginTick: 0
2026-04-26 16:29:24 GMT [Client] DEBUG n.r.c.p.g.GrandExchangePlugin - GE offer updated: state: EMPTY, slot: 2, item: 0, qty: 0, lastLoginTick: 0
2026-04-26 16:29:24 GMT [Client] DEBUG n.r.c.p.g.GrandExchangePlugin - GE offer updated: state: EMPTY, slot: 3, item: 0, qty: 0, lastLoginTick: 0
2026-04-26 16:29:24 GMT [Client] DEBUG n.r.c.p.g.GrandExchangePlugin - GE offer updated: state: EMPTY, slot: 4, item: 0, qty: 0, lastLoginTick: 0
2026-04-26 16:29:24 GMT [Client] DEBUG n.r.c.p.g.GrandExchangePlugin - GE offer updated: state: EMPTY, slot: 5, item: 0, qty: 0, lastLoginTick: 0
2026-04-26 16:29:24 GMT [Client] DEBUG n.r.c.p.g.GrandExchangePlugin - GE offer updated: state: EMPTY, slot: 6, item: 0, qty: 0, lastLoginTick: 0
2026-04-26 16:29:24 GMT [Client] DEBUG n.r.c.p.g.GrandExchangePlugin - GE offer updated: state: EMPTY, slot: 7, item: 0, qty: 0, lastLoginTick: 0
2026-04-26 16:29:24 GMT [Client] DEBUG n.r.client.plugins.gpu.GpuPlugin - Zone invalidated: wx=0 x=13 z=10
2026-04-26 16:29:24 GMT [Client] DEBUG injected-client - Replacing archive 12/84
2026-04-26 16:29:24 GMT [Client] DEBUG injected-client - Replacing archive 12/4742
2026-04-26 16:29:24 GMT [Client] DEBUG injected-client - Replacing archive 12/89
2026-04-26 16:29:24 GMT [Client] DEBUG injected-client - Replacing archive 12/2611
2026-04-26 16:29:24 GMT [Client] DEBUG injected-client - Replacing archive 12/125
2026-04-26 16:29:24 GMT [Client] DEBUG n.r.client.plugins.gpu.GpuPlugin - Rebuilt zone wv=0 x=13 z=10
2026-04-26 16:29:24 GMT [Client] DEBUG n.r.c.p.xptracker.XpTrackerPlugin - Loading xp state from save
[rlawt] [rlawt-perf] frame=420 win=60  swap_us mean=19660 p50=19420 p95=23885 max=28002  gap_us mean=20011 p50=2441 p95=111994 max=661493  mkcur=0 glerr=0
2026-04-26 16:29:25 GMT [Client] DEBUG injected-client - Chat message type CONSOLE: <colHIGHLIGHT>You have battlestaves waiting to be collected from Zaff.
2026-04-26 16:29:26 GMT [Client] DEBUG n.r.client.plugins.gpu.GpuPlugin - Zone invalidated: wx=0 x=13 z=10
2026-04-26 16:29:26 GMT [Client] DEBUG n.r.client.plugins.gpu.GpuPlugin - Rebuilt zone wv=0 x=13 z=10
[rlawt] [rlawt-perf] frame=480 win=60  swap_us mean=19969 p50=20039 p95=23032 max=24207  gap_us mean=7751 p50=6367 p95=16492 max=31827  mkcur=0 glerr=0
2026-04-26 16:29:27 GMT [Client] DEBUG injected-client - Replacing archive 12/1049
2026-04-26 16:29:27 GMT [Client] DEBUG injected-client - Replacing archive 12/920
2026-04-26 16:29:27 GMT [Client] DEBUG injected-client - Replacing archive 12/84
2026-04-26 16:29:27 GMT [Client] DEBUG injected-client - Replacing archive 12/4742
2026-04-26 16:29:27 GMT [Client] DEBUG injected-client - Replacing archive 12/89
2026-04-26 16:29:27 GMT [Client] DEBUG injected-client - Replacing archive 12/223
2026-04-26 16:29:27 GMT [Client] DEBUG n.runelite.client.menus.MenuManager - Client has updated player menu index 4 where option Lookup was, moving to index 4
2026-04-26 16:29:27 GMT [Client] DEBUG n.r.client.plugins.gpu.GpuPlugin - Zone invalidated: wx=0 x=13 z=10
2026-04-26 16:29:27 GMT [Client] DEBUG injected-client - Replacing archive 12/84
2026-04-26 16:29:27 GMT [Client] DEBUG injected-client - Replacing archive 12/89
2026-04-26 16:29:27 GMT [Client] DEBUG injected-client - Replacing archive 12/223
2026-04-26 16:29:27 GMT [Client] DEBUG n.r.client.plugins.gpu.GpuPlugin - Rebuilt zone wv=0 x=13 z=10
2026-04-26 16:29:27 GMT [Client] DEBUG n.r.client.plugins.gpu.GpuPlugin - AA samples: 0, max samples: 4, forced samples: 0
2026-04-26 16:29:27 GMT [Client] DEBUG n.r.client.plugins.gpu.VAOList - Allocated VAO 476 request 16128
2026-04-26 16:29:27 GMT [Client] DEBUG n.r.client.plugins.gpu.VAOList - Allocated VAO 477 request 141552
2026-04-26 16:29:27 GMT [Client] DEBUG n.r.client.plugins.gpu.VAOList - Allocated VAO 478 request 91368
2026-04-26 16:29:27 GMT [Client] DEBUG n.r.client.plugins.gpu.GpuPlugin - Zone invalidated: wx=0 x=11 z=12
2026-04-26 16:29:27 GMT [Client] DEBUG n.r.client.plugins.gpu.GpuPlugin - Zone invalidated: wx=0 x=11 z=13
2026-04-26 16:29:27 GMT [Client] DEBUG n.r.client.plugins.gpu.GpuPlugin - Zone invalidated: wx=0 x=11 z=16
2026-04-26 16:29:27 GMT [Client] DEBUG n.r.client.plugins.gpu.GpuPlugin - Zone invalidated: wx=0 x=12 z=12
2026-04-26 16:29:27 GMT [Client] DEBUG n.r.client.plugins.gpu.GpuPlugin - Zone invalidated: wx=0 x=12 z=13
2026-04-26 16:29:27 GMT [Client] DEBUG injected-client - Replacing archive 12/4742
2026-04-26 16:29:27 GMT [Client] DEBUG n.r.client.plugins.gpu.GpuPlugin - Rebuilt zone wv=0 x=11 z=12
2026-04-26 16:29:27 GMT [Client] DEBUG n.r.client.plugins.gpu.GpuPlugin - Rebuilt zone wv=0 x=11 z=13
2026-04-26 16:29:27 GMT [Client] DEBUG n.r.client.plugins.gpu.GpuPlugin - Rebuilt zone wv=0 x=11 z=16
2026-04-26 16:29:27 GMT [Client] DEBUG n.r.client.plugins.gpu.GpuPlugin - Rebuilt zone wv=0 x=12 z=12
2026-04-26 16:29:27 GMT [Client] DEBUG n.r.client.plugins.gpu.GpuPlugin - Rebuilt zone wv=0 x=12 z=13
2026-04-26 16:29:27 GMT [pool-5-thread-1] ERROR n.r.c.util.RunnableExceptionLogger - Uncaught exception in runnable net.runelite.client.plugins.worldhopper.WorldHopperPlugin$$Lambda/0x0000000100790000@60b7a3f1
java.lang.NoClassDefFoundError: Could not initialize class net.runelite.client.plugins.worldhopper.ping.RLLibC
	at net.runelite.client.plugins.worldhopper.ping.Ping.icmpPing(Ping.java:149)
	at net.runelite.client.plugins.worldhopper.ping.Ping.ping(Ping.java:99)
	at net.runelite.client.plugins.worldhopper.WorldHopperPlugin.ping(WorldHopperPlugin.java:965)
	at net.runelite.client.plugins.worldhopper.WorldHopperPlugin.pingNextWorld(WorldHopperPlugin.java:891)
	at net.runelite.client.util.RunnableExceptionLogger.run(RunnableExceptionLogger.java:41)
	at java.base/java.util.concurrent.Executors$RunnableAdapter.call(Executors.java:572)
	at java.base/java.util.concurrent.FutureTask.runAndReset(FutureTask.java:358)
	at java.base/java.util.concurrent.ScheduledThreadPoolExecutor$ScheduledFutureTask.run(ScheduledThreadPoolExecutor.java:305)
	at java.base/java.util.concurrent.ThreadPoolExecutor.runWorker(ThreadPoolExecutor.java:1144)
	at java.base/java.util.concurrent.ThreadPoolExecutor$Worker.run(ThreadPoolExecutor.java:642)
	at java.base/java.lang.Thread.run(Thread.java:1583)
Caused by: java.lang.ExceptionInInitializerError: Exception java.lang.NoClassDefFoundError: Could not initialize class com.sun.jna.Native [in thread "pool-5-thread-1"]
	at net.runelite.client.plugins.worldhopper.ping.RLLibC.<clinit>(RLLibC.java:34)
	at net.runelite.client.plugins.worldhopper.ping.Ping.icmpPing(Ping.java:149)
	at net.runelite.client.plugins.worldhopper.ping.Ping.ping(Ping.java:99)
	at net.runelite.client.plugins.worldhopper.WorldHopperPlugin.ping(WorldHopperPlugin.java:965)
	at net.runelite.client.plugins.worldhopper.WorldHopperPlugin.pingInitialWorlds(WorldHopperPlugin.java:850)
	at net.runelite.client.util.RunnableExceptionLogger.run(RunnableExceptionLogger.java:41)
	at java.base/java.util.concurrent.Executors$RunnableAdapter.call(Executors.java:572)
	at java.base/java.util.concurrent.FutureTask.run(FutureTask.java:317)
	at java.base/java.util.concurrent.ScheduledThreadPoolExecutor$ScheduledFutureTask.run(ScheduledThreadPoolExecutor.java:304)
	... 3 common frames omitted
2026-04-26 16:29:28 GMT [Client] DEBUG injected-client - Chat message type CLAN_GIM_MESSAGE: To talk in your Ironman Group's channel, start each line of chat with //// or /g.
2026-04-26 16:29:28 GMT [Client] DEBUG n.r.c.p.t.farming.FarmingTracker - New region loaded. [Varrock] at 7 ticks
2026-04-26 16:29:28 GMT [Client] DEBUG n.r.client.config.ConfigManager - Setting configuration value for timetracking.rsprofile.reRsilrQ.12854.4771 to 32:1777220968
[rlawt] [rlawt-perf] frame=540 win=60  swap_us mean=25599 p50=25125 p95=39667 max=72521  gap_us mean=13745 p50=9114 p95=42878 max=117980  mkcur=0 glerr=0
2026-04-26 16:29:30 GMT [Client] DEBUG n.r.client.plugins.gpu.GpuPlugin - Zone invalidated: wx=0 x=13 z=10
2026-04-26 16:29:30 GMT [Client] DEBUG n.r.client.plugins.gpu.GpuPlugin - Rebuilt zone wv=0 x=13 z=10
[rlawt] [rlawt-perf] frame=600 win=60  swap_us mean=27613 p50=28349 p95=32093 max=32309  gap_us mean=8463 p50=8272 p95=12260 max=14524  mkcur=0 glerr=0
2026-04-26 16:29:31 GMT [Client] DEBUG n.r.client.plugins.gpu.GpuPlugin - Zone invalidated: wx=0 x=13 z=10
2026-04-26 16:29:31 GMT [Client] DEBUG n.r.client.plugins.gpu.GpuPlugin - Rebuilt zone wv=0 x=13 z=10
[rlawt] [rlawt-perf] frame=660 win=60  swap_us mean=27109 p50=26262 p95=33320 max=36940  gap_us mean=9246 p50=9025 p95=13965 max=15851  mkcur=0 glerr=0
2026-04-26 16:29:34 GMT [Client] DEBUG n.r.client.plugins.gpu.GpuPlugin - Zone invalidated: wx=0 x=13 z=10
2026-04-26 16:29:34 GMT [Client] DEBUG n.r.client.plugins.gpu.GpuPlugin - Rebuilt zone wv=0 x=13 z=10
[rlawt] [rlawt-perf] frame=720 win=60  swap_us mean=28347 p50=28618 p95=33796 max=38027  gap_us mean=9449 p50=9185 p95=16167 max=18612  mkcur=0 glerr=0
=== CPUSET SETTLE (T=30s) ts=1777220977 ===
JVM     pid=25369 cpuset=/top-app Cpus_allowed_list=0-7
VIRGL   pid=25080 cpuset=/top-app Cpus_allowed_list=0-7
THREAD  tid=25700 comm=AWT-EventQueue- cpuset=/top-app Cpus_allowed_list=0-7
THREAD  tid=27035 comm=Client cpuset=/top-app Cpus_allowed_list=0-7
[rlawt] [rlawt-perf] frame=780 win=60  swap_us mean=27712 p50=27551 p95=33421 max=34845  gap_us mean=9491 p50=9378 p95=14035 max=16938  mkcur=0 glerr=0
=== CPUSET SETTLE (T=30s) end ===
[rlawt] [rlawt-perf] frame=840 win=60  swap_us mean=28415 p50=27308 p95=36044 max=42586  gap_us mean=9009 p50=8845 p95=12138 max=12741  mkcur=0 glerr=0
[rlawt] [rlawt-perf] frame=900 win=60  swap_us mean=28103 p50=27642 p95=34939 max=36631  gap_us mean=8656 p50=8407 p95=13230 max=13473  mkcur=0 glerr=0
[rlawt] [rlawt-perf] frame=960 win=60  swap_us mean=28096 p50=27559 p95=34849 max=36399  gap_us mean=9077 p50=8823 p95=14057 max=15217  mkcur=0 glerr=0
2026-04-26 16:29:44 GMT [Client] DEBUG n.r.client.plugins.gpu.GpuPlugin - Zone invalidated: wx=0 x=12 z=9
2026-04-26 16:29:44 GMT [Client] DEBUG n.r.client.plugins.gpu.GpuPlugin - Zone invalidated: wx=0 x=13 z=9
2026-04-26 16:29:44 GMT [Client] DEBUG n.r.client.plugins.gpu.GpuPlugin - Rebuilt zone wv=0 x=12 z=9
2026-04-26 16:29:44 GMT [Client] DEBUG n.r.client.plugins.gpu.GpuPlugin - Rebuilt zone wv=0 x=13 z=9
2026-04-26 16:29:46 GMT [Client] DEBUG n.r.client.plugins.gpu.GpuPlugin - Zone invalidated: wx=0 x=12 z=9
2026-04-26 16:29:46 GMT [Client] DEBUG n.r.client.plugins.gpu.GpuPlugin - Zone invalidated: wx=0 x=13 z=9
2026-04-26 16:29:46 GMT [Client] DEBUG n.r.client.plugins.gpu.GpuPlugin - Rebuilt zone wv=0 x=12 z=9
2026-04-26 16:29:46 GMT [Client] DEBUG n.r.client.plugins.gpu.GpuPlugin - Rebuilt zone wv=0 x=13 z=9
[rlawt] [rlawt-perf] frame=1020 win=60  swap_us mean=27419 p50=27147 p95=34105 max=36502  gap_us mean=8863 p50=9030 p95=13047 max=16365  mkcur=0 glerr=0
[rlawt] [rlawt-perf] frame=1080 win=60  swap_us mean=27737 p50=27452 p95=34274 max=35631  gap_us mean=8913 p50=9037 p95=11320 max=15080  mkcur=0 glerr=0
[rlawt] [rlawt-perf] frame=1140 win=60  swap_us mean=29823 p50=28229 p95=44411 max=56094  gap_us mean=9212 p50=8769 p95=16298 max=21583  mkcur=0 glerr=0
[rlawt] [rlawt-perf] frame=1200 win=60  swap_us mean=28008 p50=28182 p95=33543 max=34366  gap_us mean=9234 p50=9040 p95=12992 max=14321  mkcur=0 glerr=0
2026-04-26 16:29:54 GMT [Client] DEBUG n.r.client.plugins.gpu.GpuPlugin - Zone invalidated: wx=0 x=13 z=10
2026-04-26 16:29:54 GMT [Client] DEBUG n.r.client.plugins.gpu.GpuPlugin - Rebuilt zone wv=0 x=13 z=10
[rlawt] [rlawt-perf] frame=1260 win=60  swap_us mean=29250 p50=28266 p95=44706 max=48248  gap_us mean=9561 p50=9032 p95=17371 max=24011  mkcur=0 glerr=0
2026-04-26 16:29:57 GMT [Client] DEBUG n.r.client.plugins.gpu.GpuPlugin - Zone invalidated: wx=0 x=13 z=10
2026-04-26 16:29:57 GMT [Client] DEBUG n.r.client.plugins.gpu.GpuPlugin - Rebuilt zone wv=0 x=13 z=10
[rlawt] [rlawt-perf] frame=1320 win=60  swap_us mean=30578 p50=26907 p95=57173 max=153553  gap_us mean=9682 p50=8909 p95=14572 max=37918  mkcur=0 glerr=0
2026-04-26 16:29:59 GMT [Client] DEBUG n.r.client.plugins.gpu.GpuPlugin - Zone invalidated: wx=0 x=13 z=10
2026-04-26 16:29:59 GMT [Client] DEBUG n.r.client.plugins.gpu.GpuPlugin - Rebuilt zone wv=0 x=13 z=10
[rlawt] [rlawt-perf] frame=1380 win=60  swap_us mean=33612 p50=34143 p95=40904 max=51596  gap_us mean=8478 p50=8135 p95=13868 max=15086  mkcur=0 glerr=0
2026-04-26 16:30:02 GMT [pool-3-thread-1] DEBUG n.r.client.config.ConfigManager - Saving profile $rsprofile (patch size: 2)
2026-04-26 16:30:02 GMT [Client] DEBUG n.r.client.plugins.gpu.GpuPlugin - Zone invalidated: wx=0 x=13 z=10
2026-04-26 16:30:02 GMT [Client] DEBUG n.r.client.plugins.gpu.GpuPlugin - Rebuilt zone wv=0 x=13 z=10
[rlawt] [rlawt-perf] frame=1440 win=60  swap_us mean=37708 p50=36967 p95=51072 max=55734  gap_us mean=10385 p50=9718 p95=18342 max=20817  mkcur=0 glerr=0
2026-04-26 16:30:04 GMT [Client] DEBUG n.r.client.plugins.gpu.GpuPlugin - Zone invalidated: wx=0 x=13 z=10
2026-04-26 16:30:04 GMT [Client] DEBUG n.r.client.plugins.gpu.GpuPlugin - Rebuilt zone wv=0 x=13 z=10
[rlawt] [rlawt-perf] frame=1500 win=60  swap_us mean=31944 p50=32448 p95=46254 max=48740  gap_us mean=9639 p50=8805 p95=14986 max=19639  mkcur=0 glerr=0
2026-04-26 16:30:07 GMT [Client] DEBUG n.r.client.plugins.gpu.GpuPlugin - Zone invalidated: wx=0 x=13 z=10
2026-04-26 16:30:07 GMT [Client] DEBUG n.r.client.plugins.gpu.GpuPlugin - Rebuilt zone wv=0 x=13 z=10
=== CPUSET SETTLE (T=60s) ts=1777221008 ===
JVM     pid=25369 cpuset=/foreground Cpus_allowed_list=0-6
