=== Native RuneLite launch Sun Apr 26 12:35:45 EDT 2026 ===
Sourcing credentials from env file...
  JX_SESSION_ID=***
  JX_CHARACTER_ID=***
  JX_DISPLAY_NAME=***
CPUSET native-launch-entry pid=23477 cpuset=/top-app
Cleaning up previous native-launch state...
Preflight OK:
  java=/data/data/com.termux/files/usr/lib/jvm/java-21-openjdk/bin/java
  rlawt-bionic-jar=/data/data/com.termux/files/home/.rlt/rlawt-1.8-bionic.jar (271437 bytes)
  rl-repo=/data/data/com.termux/files/usr/var/lib/proot-distro/installed-rootfs/ubuntu/root/.runelite/repository2 (32 jars)
Running LWJGL Bionic patch...
[patch-lwjgl] compiling /data/data/com.termux/files/home/scripts/libbionic-compat.c -> /data/data/com.termux/files/usr/lib/libbionic-compat.so
[patch-lwjgl]   built 5848 bytes
[patch-lwjgl] extracting jar to /data/data/com.termux/files/usr/tmp/lwjgl-patch.ZasoTm
[patch-lwjgl] current DT_NEEDED: libbionic-compat.so libc.so libc.so libc.so libdl.so 
[patch-lwjgl] patching NEEDEDs + VERNEED
[patch-lwjgl]   cleared glibc version on 83 imported symbols
[patch-lwjgl] post-patch DT_NEEDED: libbionic-compat.so libc.so libc.so libc.so libdl.so 
[patch-lwjgl] new .so sha1=da47931ae6d837a81ab8bc0a16db3590ef87b359
[patch-lwjgl] repacking jar via /data/data/com.termux/files/usr/lib/jvm/java-21-openjdk/bin/jar
[patch-lwjgl] replaced /data/data/com.termux/files/usr/var/lib/proot-distro/installed-rootfs/ubuntu/root/.runelite/repository2/lwjgl-3.3.2-natives-linux-arm64.jar (94443 bytes)
[patch-lwjgl] done
X11 launch pid=23801
X11 socket ready
VirGL server forked PID=23844 log=/data/data/com.termux/files/home/virgl-server.log
VirGL socket ready
=== DIAG preflight @12:36:10.333 ===
[DIAG] device physical size (Android wm): unreadable from run-as com.termux
[DIAG] Termux:X11 resolution prefs:
  (prefs file not readable from com.termux uid)
[DIAG] Termux:X11 server process(es):
  pid=23801 cmdline=/system/bin/app_process -Xnoimage-dex2oat / com.termux.x11.Loader :0 
[DIAG] VirGL server:
  socket OK 1777221369 /data/data/com.termux/files/usr/tmp/.virgl_test
  pid: 23844 virgl_test_server_android
  virgl-server.log (last 5):
[DIAG] Mali/GPU busy counter probe:
  not readable: /sys/class/misc/mali0/device/utilization
  readable: /sys/kernel/gpu/gpu_busy = 0 %
  not readable: /sys/class/kgsl/kgsl-3d0/gpubusy
  not readable: /sys/class/devfreq/gpufreq/load
  not readable: /sys/devices/platform/mali/utilization
  selected GPU busy path: /sys/kernel/gpu/gpu_busy
[DIAG] Mesa env that rlawt/GL will see:
  GALLIUM_DRIVER=virpipe
  VTEST_SOCKET_NAME=/data/data/com.termux/files/usr/tmp/.virgl_test
  MESA_GL_VERSION_OVERRIDE=4.3COMPAT
  MESA_GLSL_VERSION_OVERRIDE=430
  MESA_EXTENSION_OVERRIDE=-GL_ARB_depth_clamp,-GL_EXT_depth_clamp
  MESA_NO_ERROR=1
  LD_LIBRARY_PATH=/data/data/com.termux/files/usr/lib/jvm/java-21-openjdk/lib:/data/data/com.termux/files/usr/lib
  DISPLAY=:0
[DIAG] glxinfo (OpenGL renderer + FBConfigs):
  *** MESA_GLSL_CACHE_DISABLE is deprecated; use MESA_SHADER_CACHE_DISABLE instead ***
  name of display: :0
  display: :0  screen: 0
  direct rendering: Yes
  Extended renderer info (GLX_MESA_query_renderer):
      Vendor: Mesa (0x1af4)
      Device: virgl (Mali-G720-Immortalis MC12) (0x1010)
      Version: 25.2.8
      Accelerated: yes
      Video memory: 0MB
      Unified memory: no
      Preferred profile: core (0x1)
      Max core profile version: 4.3
      Max compat profile version: 4.3
      Max GLES1 profile version: 1.1
      Max GLES[23] profile version: 3.1
  OpenGL vendor string: Mesa
  OpenGL renderer string: virgl (Mali-G720-Immortalis MC12)
  OpenGL core profile version string: 4.3 (Compatibility Profile) Mesa 25.2.8
  OpenGL core profile shading language version string: 4.30
  OpenGL core profile context flags: no-error
  OpenGL core profile profile mask: compatibility profile
  
  OpenGL version string: 4.3 (Compatibility Profile) Mesa 25.2.8
  OpenGL shading language version string: 4.30
  OpenGL context flags: no-error
  OpenGL profile mask: compatibility profile
  
  OpenGL ES profile version string: OpenGL ES 3.1 Mesa 25.2.8
  OpenGL ES profile shading language version string: OpenGL ES GLSL ES 3.10
[DIAG] glxinfo FBConfig summary (first 10 visuals):
      GLX_EXT_get_drawable_type, GLX_EXT_libglvnd, GLX_EXT_no_config_context, 
      GL_AMD_conservative_depth, GL_AMD_draw_buffers_blend, 
      GL_ARB_compressed_texture_pixel_storage, GL_ARB_conservative_depth, 
      GL_ARB_depth_buffer_float, GL_ARB_depth_texture, 
      GL_ARB_stencil_texturing, GL_ARB_sync, GL_ARB_tessellation_shader, 
      GL_ARB_texture_stencil8, GL_ARB_texture_storage, 
      GL_ATI_fragment_shader, GL_ATI_separate_stencil, 
      GL_EXT_gpu_shader4, GL_EXT_multi_draw_arrays, GL_EXT_packed_depth_stencil, 
      GL_EXT_shadow_funcs, GL_EXT_stencil_two_side, GL_EXT_stencil_wrap, 
      GL_NV_ES1_1_compatibility, GL_NV_blend_square, GL_NV_copy_depth_to_color, 
      GL_NV_light_max_exponent, GL_NV_packed_depth_stencil, 
      GL_AMD_conservative_depth, GL_AMD_draw_buffers_blend, 
      GL_ARB_compressed_texture_pixel_storage, GL_ARB_conservative_depth, 
      GL_ARB_depth_buffer_float, GL_ARB_depth_texture, 
      GL_ARB_stencil_texturing, GL_ARB_sync, GL_ARB_tessellation_shader, 
      GL_ARB_texture_stencil8, GL_ARB_texture_storage, 
      GL_ATI_fragment_shader, GL_ATI_separate_stencil, 
      GL_EXT_gpu_shader4, GL_EXT_multi_draw_arrays, GL_EXT_packed_depth_stencil, 
      GL_EXT_shadow_funcs, GL_EXT_stencil_two_side, GL_EXT_stencil_wrap, 
      GL_NV_ES1_1_compatibility, GL_NV_blend_square, GL_NV_copy_depth_to_color, 
      GL_NV_light_max_exponent, GL_NV_packed_depth_stencil, 
      GL_EXT_conservative_depth, GL_EXT_copy_image, GL_EXT_debug_label, 
      GL_EXT_draw_instanced, GL_EXT_float_blend, GL_EXT_frag_depth, 
      GL_NV_read_buffer, GL_NV_read_depth, GL_NV_read_depth_stencil, 
      GL_NV_read_stencil, GL_NV_shader_noperspective_interpolation, 
      GL_OES_compressed_ETC1_RGB8_texture, GL_OES_copy_image, GL_OES_depth24, 
      GL_OES_depth_texture, GL_OES_depth_texture_cube_map, 
      GL_OES_packed_depth_stencil, GL_OES_required_internalformat, 
      GL_OES_stencil8, GL_OES_surfaceless_context, 
      GL_OES_texture_npot, GL_OES_texture_stencil8, 
[DIAG] RL profile window/layout prefs:
  --- $rsprofile--1.properties ---
  --- default-170891852887488.properties ---
    runelite.automaticResizeType=KEEP_WINDOW_SIZE
    runelite.containInScreen2=RESIZING
    runelite.gameSize=1207x924
    runelite.lockWindowSize=false
    runelite.rememberScreenBounds=true
    stretchedmode.increasedPerformance=false
    stretchedmode.integerScaling=false
    stretchedmode.keepAspectRatio=true
    stretchedmode.scalingFactor=100
[DIAG] Bionic rlawt jar expected on classpath:
  -rw-------. 1 u0_a164 u0_a164 271437 Apr 26 12:35 /data/data/com.termux/files/home/.rlt/rlawt-1.8-bionic.jar
=== DIAG end ===
CPUSET virgl-ready pid=23844 cpuset=/top-app
RL-CONFIG native: patched default-170891852887488.properties gameSize=1207x924 resize=KEEP_WINDOW_SIZE stretched=100 keepAspect=true clientMaximized=true
VERIFY native: default-170891852887488.properties runelite.gameSize=1207x924 EXPECTED=1207x924 MATCH=Y
VERIFY native: default-170891852887488.properties runelite.automaticResizeType=KEEP_WINDOW_SIZE EXPECTED=KEEP_WINDOW_SIZE MATCH=Y
VERIFY native: default-170891852887488.properties stretchedmode.scalingFactor=100 EXPECTED=100 MATCH=Y
VERIFY native: default-170891852887488.properties stretchedmode.keepAspectRatio=true EXPECTED=true MATCH=Y
VERIFY native: default-170891852887488.properties runelite.clientMaximized=true EXPECTED=true MATCH=Y
Classpath assembled:
  bionic-rlawt-jar=/data/data/com.termux/files/home/.rlt/rlawt-1.8-bionic.jar
  skipped-stock-rlawt=/data/data/com.termux/files/usr/var/lib/proot-distro/installed-rootfs/ubuntu/root/.runelite/repository2/rlawt-1.8.jar
  repo-jar-count=32
  classpath=/data/data/com.termux/files/home/.rlt/rlawt-1.8-bionic.jar:/data/data/com.termux/files/usr/var/lib/proot-distro/installed-rootfs/ubuntu/root/.runelite/repository2/aopalliance-1.0.jar:/data/data/com.termux/files/usr/var/lib/proot-distro/installed-rootfs/ubuntu/root/.runelite/repository2/client-1.12.24.jar:/data/data/com.termux/files/usr/var/lib/proot-distro/installed-rootfs/ubuntu/root/.runelite/repository2/commons-lang3-3.7.jar:/data/data/com.termux/files/usr/var/lib/proot-distro/installed-rootfs/ubuntu/root/.runelite/repository2/commons-text-1.2.jar:/data/data/com.termux/files/usr/var/lib/proot-distro/installed-rootfs/ubuntu/root/.runelite/repository2/discord-1.4.jar:/data/data/com.termux/files/usr/var/lib/proot-distro/installed-rootfs/ubuntu/root/.runelite/repository2/flatlaf-3.2.5-rl4.jar:/data/data/com.termux/files/usr/var/lib/proot-distro/installed-rootfs/ubuntu/root/.runelite/repository2/gson-2.8.5.jar:/data/data/com.termux/files/usr/var/lib/proot-distro/installed-rootfs/ubuntu/root/.runelite/repository2/guava-23.2-jre.jar:/data/data/com.termux/files/usr/var/lib/proot-distro/installed-rootfs/ubuntu/root/.runelite/repository2/guice-4.1.0-no_aop.jar:/data/data/com.termux/files/usr/var/lib/proot-distro/installed-rootfs/ubuntu/root/.runelite/repository2/http-api-1.2.22.jar:/data/data/com.termux/files/usr/var/lib/proot-distro/installed-rootfs/ubuntu/root/.runelite/repository2/injected-client-1.12.24.jar:/data/data/com.termux/files/usr/var/lib/proot-distro/installed-rootfs/ubuntu/root/.runelite/repository2/javax.inject-1.jar:/data/data/com.termux/files/usr/var/lib/proot-distro/installed-rootfs/ubuntu/root/.runelite/repository2/jna-5.9.0.jar:/data/data/com.termux/files/usr/var/lib/proot-distro/installed-rootfs/ubuntu/root/.runelite/repository2/jna-platform-5.9.0.jar:/data/data/com.termux/files/usr/var/lib/proot-distro/installed-rootfs/ubuntu/root/.runelite/repository2/jopt-simple-5.0.1.jar:/data/data/com.termux/files/usr/var/lib/proot-distro/installed-rootfs/ubuntu/root/.runelite/repository2/json-20090211.jar:/data/data/com.termux/files/usr/var/lib/proot-distro/installed-rootfs/ubuntu/root/.runelite/repository2/jsr305-3.0.2.jar:/data/data/com.termux/files/usr/var/lib/proot-distro/installed-rootfs/ubuntu/root/.runelite/repository2/logback-classic-1.2.9.jar:/data/data/com.termux/files/usr/var/lib/proot-distro/installed-rootfs/ubuntu/root/.runelite/repository2/logback-core-1.2.9.jar:/data/data/com.termux/files/usr/var/lib/proot-distro/installed-rootfs/ubuntu/root/.runelite/repository2/lwjgl-3.3.2-natives-linux-arm64.jar:/data/data/com.termux/files/usr/var/lib/proot-distro/installed-rootfs/ubuntu/root/.runelite/repository2/lwjgl-3.3.2-natives-linux.jar:/data/data/com.termux/files/usr/var/lib/proot-distro/installed-rootfs/ubuntu/root/.runelite/repository2/lwjgl-3.3.2.jar:/data/data/com.termux/files/usr/var/lib/proot-distro/installed-rootfs/ubuntu/root/.runelite/repository2/lwjgl-opencl-3.3.2.jar:/data/data/com.termux/files/usr/var/lib/proot-distro/installed-rootfs/ubuntu/root/.runelite/repository2/lwjgl-opengl-3.3.2-natives-linux-arm64.jar:/data/data/com.termux/files/usr/var/lib/proot-distro/installed-rootfs/ubuntu/root/.runelite/repository2/lwjgl-opengl-3.3.2-natives-linux.jar:/data/data/com.termux/files/usr/var/lib/proot-distro/installed-rootfs/ubuntu/root/.runelite/repository2/lwjgl-opengl-3.3.2.jar:/data/data/com.termux/files/usr/var/lib/proot-distro/installed-rootfs/ubuntu/root/.runelite/repository2/okhttp-3.14.9.jar:/data/data/com.termux/files/usr/var/lib/proot-distro/installed-rootfs/ubuntu/root/.runelite/repository2/okio-1.17.2.jar:/data/data/com.termux/files/usr/var/lib/proot-distro/installed-rootfs/ubuntu/root/.runelite/repository2/protobuf-javalite-3.21.12.jar:/data/data/com.termux/files/usr/var/lib/proot-distro/installed-rootfs/ubuntu/root/.runelite/repository2/runelite-api-1.12.24-runtime.jar:/data/data/com.termux/files/usr/var/lib/proot-distro/installed-rootfs/ubuntu/root/.runelite/repository2/slf4j-api-1.7.25.jar
LD_LIBRARY_PATH=/data/data/com.termux/files/usr/lib/jvm/java-21-openjdk/lib:/data/data/com.termux/files/usr/lib
JAVA_HOME=/data/data/com.termux/files/usr/lib/jvm/java-21-openjdk
UI scale: 2 (source=Kotlin-computed)
OPENBOX: rc.xml written -> /data/data/com.termux/files/home/.config/openbox/rc.xml (309 bytes)
OPENBOX: started PID=24129 DISPLAY=:0 cfg=/data/data/com.termux/files/home/.config/openbox/rc.xml
JIT-CONFIG: AlwaysPreTouch=on ReservedCodeCacheSize=256m CICompilerCount=4 UseStringDeduplication=on jit-events-log=/data/data/com.termux/files/home/jit-events.log
=== Invoking JVM ===
  cmd: /data/data/com.termux/files/usr/lib/jvm/java-21-openjdk/bin/java -Xss2m -Xmx2g -XX:+UseG1GC -XX:MaxGCPauseMillis=50 -XX:+AlwaysPreTouch -XX:ReservedCodeCacheSize=256m -XX:CICompilerCount=4 -XX:+UseStringDeduplication -Duser.home=/data/data/com.termux/files/usr/var/lib/proot-distro/installed-rootfs/ubuntu/root -Dsun.java2d.uiScale=2 -Xlog:class+load=info:file=/data/data/com.termux/files/home/native-launch-classload.log:time,uptime,level,tags:filecount=2,filesize=5M -Xlog:jit+compilation=info:file=/data/data/com.termux/files/home/jit-events.log:time,uptime,level,tags:filecount=2,filesize=5M -DJX_SESSION_ID=6xHvonJR9LMwiEZq3MVIJq -DJX_CHARACTER_ID=322582190 -DJX_DISPLAY_NAME=Robey Wan -cp <classpath> net.runelite.client.RuneLite --insecure-write-credentials --debug
CPUSET java-started pid=24141 cpuset=/top-app
JVM PID=24141 (log /data/data/com.termux/files/home/runelite-native.log, classload /data/data/com.termux/files/home/native-launch-classload.log)
SESSION-SENTINEL: created /data/data/com.termux/files/usr/tmp/.rlt-session-alive (session-alive ack for SessionHealthMonitor)
AFFINITY: JVM (PID=24141) requested=0xF0 effective_Cpus_allowed_list=4-7 taskset=pid 24141's current affinity mask: ff
pid 24141's new affinity mask: f0
AFFINITY: VIRGL (PID=23844) requested=0xF0 effective_Cpus_allowed_list=4-7 taskset=pid 23844's current affinity mask: ff
pid 23844's new affinity mask: f0
TELEMETRY: affinity-timeline sampler PID=24193 csv=/data/data/com.termux/files/home/affinity-timeline.csv
TELEMETRY: thread-cpu sampler PID=24277 has_proc_top=0 csv=/data/data/com.termux/files/home/thread-cpu.csv raw=/data/data/com.termux/files/home/thread-cpu-raw.log
TELEMETRY: x11-window probe PID=24284 log=/data/data/com.termux/files/home/x11-window-state.log (fires at T+10s)
PERF: RLT_PERF_SAMPLE=1 — spawning perf-sampler
PERF: sampler PID=24298 log=/data/data/com.termux/files/home/runelite-native-perf.log
2026-04-26 16:36:13 GMT [main] INFO  net.runelite.client.RuneLite - RuneLite 1.12.24 (launcher version unknown) starting up, args: --insecure-write-credentials --debug
2026-04-26 16:36:13 GMT [main] INFO  net.runelite.client.RuneLite - Java VM arguments: -Xss2m -Xmx2g -XX:+UseG1GC -XX:MaxGCPauseMillis=50 -XX:+AlwaysPreTouch -XX:ReservedCodeCacheSize=256m -XX:CICompilerCount=4 -XX:+UseStringDeduplication -Duser.home=/data/data/com.termux/files/usr/var/lib/proot-distro/installed-rootfs/ubuntu/root -Dsun.java2d.uiScale=2 -Xlog:class+load=info:file=/data/data/com.termux/files/home/native-launch-classload.log:time,uptime,level,tags:filecount=2,filesize=5M -Xlog:jit+compilation=info:file=/data/data/com.termux/files/home/jit-events.log:time,uptime,level,tags:filecount=2,filesize=5M -DJX_SESSION_ID=6xHvonJR9LMwiEZq3MVIJq -DJX_CHARACTER_ID=322582190 -DJX_DISPLAY_NAME=Robey Wan
2026-04-26 16:36:13 GMT [main] DEBUG n.runelite.client.eventbus.EventBus - Registering class net.runelite.api.events.GameStateChanged - EventBus.Subscriber(object=net.runelite.client.RuntimeConfigRefresher@a1217f9, method=public void net.runelite.client.RuntimeConfigRefresher.onGameStateChanged(net.runelite.api.events.GameStateChanged), priority=0.0, lambda=net.runelite.client.RuntimeConfigRefresher$$Lambda/0x00000001003bc408@3bde62ff)
2026-04-26 16:36:14 GMT [Preloader] INFO  net.runelite.client.rs.ClientLoader - injected-client 24445762228.105
2026-04-26 16:36:15 GMT [main] WARN  n.r.client.discord.DiscordService - Failed to load Discord library, Discord support will be disabled.
2026-04-26 16:36:15 GMT [main] DEBUG n.runelite.client.eventbus.EventBus - Registering class net.runelite.api.events.FocusChanged - EventBus.Subscriber(object=net.runelite.client.input.KeyManager@5a4bef8, method=private void net.runelite.client.input.KeyManager.onFocusChanged(net.runelite.api.events.FocusChanged), priority=0.0, lambda=net.runelite.client.input.KeyManager$$Lambda/0x00000001004655e0@40bffbca)
2026-04-26 16:36:15 GMT [main] DEBUG n.runelite.client.eventbus.EventBus - Registering class net.runelite.client.events.ConfigChanged - EventBus.Subscriber(object=net.runelite.client.chat.ChatMessageManager@7db0565c, method=public void net.runelite.client.chat.ChatMessageManager.onConfigChanged(net.runelite.client.events.ConfigChanged), priority=0.0, lambda=net.runelite.client.chat.ChatMessageManager$$Lambda/0x0000000100465cb8@54ec8cc9)
2026-04-26 16:36:15 GMT [main] DEBUG n.runelite.client.eventbus.EventBus - Registering class net.runelite.client.events.ProfileChanged - EventBus.Subscriber(object=net.runelite.client.chat.ChatMessageManager@7db0565c, method=public void net.runelite.client.chat.ChatMessageManager.onProfileChanged(net.runelite.client.events.ProfileChanged), priority=0.0, lambda=net.runelite.client.chat.ChatMessageManager$$Lambda/0x0000000100465ef0@2a551a63)
2026-04-26 16:36:15 GMT [main] DEBUG n.runelite.client.eventbus.EventBus - Registering class net.runelite.api.events.ScriptCallbackEvent - EventBus.Subscriber(object=net.runelite.client.chat.ChatMessageManager@7db0565c, method=public void net.runelite.client.chat.ChatMessageManager.onScriptCallbackEvent(net.runelite.api.events.ScriptCallbackEvent), priority=0.0, lambda=net.runelite.client.chat.ChatMessageManager$$Lambda/0x0000000100466128@ec2bf82)
2026-04-26 16:36:15 GMT [main] DEBUG net.runelite.client.input.KeyManager - Registering key listener: net.runelite.client.ui.overlay.OverlayRenderer$1@52d10fb8
2026-04-26 16:36:15 GMT [main] DEBUG n.runelite.client.eventbus.EventBus - Registering class net.runelite.api.events.FocusChanged - EventBus.Subscriber(object=net.runelite.client.ui.overlay.OverlayRenderer@1fe8d51b, method=public void net.runelite.client.ui.overlay.OverlayRenderer.onFocusChanged(net.runelite.api.events.FocusChanged), priority=0.0, lambda=net.runelite.client.ui.overlay.OverlayRenderer$$Lambda/0x0000000100466ae8@781e7326)
2026-04-26 16:36:15 GMT [main] DEBUG n.runelite.client.eventbus.EventBus - Registering class net.runelite.api.events.ClientTick - EventBus.Subscriber(object=net.runelite.client.ui.overlay.OverlayRenderer@1fe8d51b, method=protected void net.runelite.client.ui.overlay.OverlayRenderer.onClientTick(net.runelite.api.events.ClientTick), priority=0.0, lambda=net.runelite.client.ui.overlay.OverlayRenderer$$Lambda/0x0000000100466d20@39c11e6c)
2026-04-26 16:36:15 GMT [main] DEBUG n.runelite.client.eventbus.EventBus - Registering class net.runelite.api.events.BeforeRender - EventBus.Subscriber(object=net.runelite.client.ui.overlay.OverlayRenderer@1fe8d51b, method=public void net.runelite.client.ui.overlay.OverlayRenderer.onBeforeRender(net.runelite.api.events.BeforeRender), priority=0.0, lambda=net.runelite.client.ui.overlay.OverlayRenderer$$Lambda/0x0000000100466f58@72bca894)
2026-04-26 16:36:15 GMT [main] DEBUG n.runelite.client.eventbus.EventBus - Registering class net.runelite.client.events.ConfigChanged - EventBus.Subscriber(object=net.runelite.client.ui.overlay.infobox.InfoBoxManager@5851bd4f, method=public void net.runelite.client.ui.overlay.infobox.InfoBoxManager.onConfigChanged(net.runelite.client.events.ConfigChanged), priority=0.0, lambda=net.runelite.client.ui.overlay.infobox.InfoBoxManager$$Lambda/0x0000000100467388@7cd1ac19)
2026-04-26 16:36:15 GMT [main] DEBUG n.runelite.client.eventbus.EventBus - Registering class net.runelite.client.events.ProfileChanged - EventBus.Subscriber(object=net.runelite.client.ui.overlay.infobox.InfoBoxManager@5851bd4f, method=public synchronized void net.runelite.client.ui.overlay.infobox.InfoBoxManager.onProfileChanged(net.runelite.client.events.ProfileChanged), priority=0.0, lambda=net.runelite.client.ui.overlay.infobox.InfoBoxManager$$Lambda/0x00000001004675c0@3caa4757)
2026-04-26 16:36:15 GMT [main] DEBUG n.runelite.client.eventbus.EventBus - Registering class net.runelite.client.events.InfoBoxMenuClicked - EventBus.Subscriber(object=net.runelite.client.ui.overlay.infobox.InfoBoxManager@5851bd4f, method=public void net.runelite.client.ui.overlay.infobox.InfoBoxManager.onInfoBoxMenuClicked(net.runelite.client.events.InfoBoxMenuClicked), priority=0.0, lambda=net.runelite.client.ui.overlay.infobox.InfoBoxManager$$Lambda/0x00000001004677f8@3a80515c)
2026-04-26 16:36:15 GMT [main] DEBUG n.runelite.client.eventbus.EventBus - Registering class net.runelite.api.events.ScriptCallbackEvent - EventBus.Subscriber(object=net.runelite.client.callback.Hooks@42deb43a, method=public void net.runelite.client.callback.Hooks.onScriptCallbackEvent(net.runelite.api.events.ScriptCallbackEvent), priority=0.0, lambda=net.runelite.client.callback.Hooks$$Lambda/0x000000010046f5f8@1deb2c43)
2026-04-26 16:36:15 GMT [main] INFO  injected-client - writing 3 credentials to disk
2026-04-26 16:36:15 GMT [main] INFO  n.r.client.account.SessionManager - No session file exists
2026-04-26 16:36:15 GMT [main] DEBUG n.r.client.config.ConfigManager - Profile '$rsprofile' (sync: true, active: -1, id: false, internal)
2026-04-26 16:36:15 GMT [main] INFO  n.r.client.config.ConfigManager - Profile 'default' (sync: false, active: true, id: 170891852887488)
2026-04-26 16:36:15 GMT [main] INFO  n.r.client.config.ConfigManager - Using profile: default (170891852887488)
2026-04-26 16:36:15 GMT [main] DEBUG net.runelite.client.Updater - Unsupported OS: Linux
2026-04-26 16:36:15 GMT [main] DEBUG n.r.client.plugins.PluginManager - Loaded plugin SkyboxPlugin
2026-04-26 16:36:15 GMT [main] DEBUG n.runelite.client.eventbus.EventBus - Registering class net.runelite.client.party.events.UserJoin - EventBus.Subscriber(object=net.runelite.client.party.PartyService@78226c36, method=public void net.runelite.client.party.PartyService.onUserJoin(net.runelite.client.party.events.UserJoin), priority=1.0, lambda=net.runelite.client.party.PartyService$$Lambda/0x00000001005d7430@3f685162)
2026-04-26 16:36:15 GMT [main] DEBUG n.runelite.client.eventbus.EventBus - Registering class net.runelite.client.party.events.UserPart - EventBus.Subscriber(object=net.runelite.client.party.PartyService@78226c36, method=public void net.runelite.client.party.PartyService.onUserPart(net.runelite.client.party.events.UserPart), priority=1.0, lambda=net.runelite.client.party.PartyService$$Lambda/0x00000001005d7668@1f3165e7)
2026-04-26 16:36:15 GMT [main] DEBUG n.runelite.client.eventbus.EventBus - Registering class net.runelite.client.party.messages.PartyChatMessage - EventBus.Subscriber(object=net.runelite.client.party.PartyService@78226c36, method=public void net.runelite.client.party.PartyService.onPartyChatMessage(net.runelite.client.party.messages.PartyChatMessage), priority=0.0, lambda=net.runelite.client.party.PartyService$$Lambda/0x00000001005d78a0@20576557)
2026-04-26 16:36:15 GMT [main] DEBUG n.r.client.plugins.PluginManager - Loaded plugin DiscordPlugin
2026-04-26 16:36:15 GMT [main] DEBUG n.runelite.client.eventbus.EventBus - Registering class net.runelite.api.events.GameStateChanged - EventBus.Subscriber(object=net.runelite.client.game.ItemManager@5f172d4a, method=private void net.runelite.client.game.ItemManager.onGameStateChanged(net.runelite.api.events.GameStateChanged), priority=0.0, lambda=net.runelite.client.game.ItemManager$$Lambda/0x00000001005dd890@77ec6a3d)
2026-04-26 16:36:15 GMT [pool-2-thread-1] DEBUG net.runelite.client.game.ItemClient - Built URI: https://api.runelite.net/runelite-1.12.24/item/prices.js
2026-04-26 16:36:15 GMT [main] DEBUG n.r.client.plugins.PluginManager - Loaded plugin ItemChargePlugin
2026-04-26 16:36:15 GMT [main] DEBUG n.r.client.plugins.PluginManager - Loaded plugin DriftNetPlugin
2026-04-26 16:36:15 GMT [main] DEBUG n.r.client.plugins.PluginManager - Loaded plugin CrowdsourcingPlugin
2026-04-26 16:36:15 GMT [main] DEBUG n.r.client.game.SkillIconManager - Loading skill icon from /skill_icons/mining.png
2026-04-26 16:36:15 GMT [main] DEBUG n.r.client.plugins.PluginManager - Loaded plugin MotherlodePlugin
2026-04-26 16:36:15 GMT [main] DEBUG n.r.client.plugins.PluginManager - Loaded plugin WintertodtPlugin
2026-04-26 16:36:15 GMT [main] DEBUG n.r.client.plugins.PluginManager - Loaded plugin ExaminePlugin
2026-04-26 16:36:15 GMT [main] DEBUG n.runelite.client.eventbus.EventBus - Registering class net.runelite.api.events.NpcSpawned - EventBus.Subscriber(object=net.runelite.client.game.npcoverlay.NpcOverlayService@de8039f, method=private void net.runelite.client.game.npcoverlay.NpcOverlayService.onNpcSpawned(net.runelite.api.events.NpcSpawned), priority=-1.0, lambda=net.runelite.client.game.npcoverlay.NpcOverlayService$$Lambda/0x00000001005e7cb0@1deceb67)
2026-04-26 16:36:15 GMT [main] DEBUG n.runelite.client.eventbus.EventBus - Registering class net.runelite.api.events.NpcDespawned - EventBus.Subscriber(object=net.runelite.client.game.npcoverlay.NpcOverlayService@de8039f, method=private void net.runelite.client.game.npcoverlay.NpcOverlayService.onNpcDespawned(net.runelite.api.events.NpcDespawned), priority=-1.0, lambda=net.runelite.client.game.npcoverlay.NpcOverlayService$$Lambda/0x00000001005ec4d8@64984b0f)
2026-04-26 16:36:15 GMT [main] DEBUG n.runelite.client.eventbus.EventBus - Registering class net.runelite.api.events.NpcChanged - EventBus.Subscriber(object=net.runelite.client.game.npcoverlay.NpcOverlayService@de8039f, method=private void net.runelite.client.game.npcoverlay.NpcOverlayService.onNpcChanged(net.runelite.api.events.NpcChanged), priority=-1.0, lambda=net.runelite.client.game.npcoverlay.NpcOverlayService$$Lambda/0x00000001005ec710@58ff8d79)
2026-04-26 16:36:15 GMT [main] DEBUG n.runelite.client.eventbus.EventBus - Registering class net.runelite.api.events.GameStateChanged - EventBus.Subscriber(object=net.runelite.client.game.npcoverlay.NpcOverlayService@de8039f, method=private void net.runelite.client.game.npcoverlay.NpcOverlayService.onGameStateChanged(net.runelite.api.events.GameStateChanged), priority=0.0, lambda=net.runelite.client.game.npcoverlay.NpcOverlayService$$Lambda/0x00000001005ec948@5d5c04f9)
2026-04-26 16:36:15 GMT [main] DEBUG n.r.client.plugins.PluginManager - Loaded plugin RunecraftPlugin
2026-04-26 16:36:15 GMT [main] DEBUG n.r.client.plugins.PluginManager - Loaded plugin LoginScreenPlugin
2026-04-26 16:36:15 GMT [main] DEBUG n.r.client.plugins.PluginManager - Loaded plugin TimeTrackingPlugin
2026-04-26 16:36:15 GMT [main] DEBUG n.r.client.plugins.PluginManager - Loaded plugin ObjectIndicatorsPlugin
2026-04-26 16:36:15 GMT [main] DEBUG n.r.client.plugins.PluginManager - Loaded plugin MTAPlugin
2026-04-26 16:36:15 GMT [main] DEBUG n.r.client.plugins.PluginManager - Loaded plugin WorldMapPlugin
2026-04-26 16:36:15 GMT [main] DEBUG n.r.client.plugins.PluginManager - Loaded plugin DailyTasksPlugin
2026-04-26 16:36:15 GMT [main] DEBUG n.r.client.plugins.PluginManager - Loaded plugin DiaryRequirementsPlugin
2026-04-26 16:36:15 GMT [main] DEBUG n.runelite.client.eventbus.EventBus - Registering class net.runelite.api.events.GameStateChanged - EventBus.Subscriber(object=net.runelite.client.game.ChatIconManager@6a818392, method=private void net.runelite.client.game.ChatIconManager.onGameStateChanged(net.runelite.api.events.GameStateChanged), priority=0.0, lambda=net.runelite.client.game.ChatIconManager$$Lambda/0x0000000100605958@489091bd)
2026-04-26 16:36:15 GMT [main] DEBUG n.r.client.plugins.PluginManager - Loaded plugin EmojiPlugin
2026-04-26 16:36:15 GMT [main] DEBUG n.r.client.plugins.PluginManager - Loaded plugin LogoutTimerPlugin
2026-04-26 16:36:15 GMT [main] DEBUG n.r.client.plugins.PluginManager - Loaded plugin MouseHighlightPlugin
2026-04-26 16:36:15 GMT [main] DEBUG n.r.client.plugins.PluginManager - Loaded plugin TearsOfGuthixPlugin
2026-04-26 16:36:15 GMT [main] DEBUG n.r.client.plugins.PluginManager - Loaded plugin WorldHopperPlugin
2026-04-26 16:36:15 GMT [main] DEBUG n.r.client.plugins.PluginManager - Loaded plugin RunEnergyPlugin
2026-04-26 16:36:15 GMT [main] DEBUG n.runelite.client.eventbus.EventBus - Registering class net.runelite.api.events.ScriptCallbackEvent - EventBus.Subscriber(object=net.runelite.client.chat.ChatInputManager@7132a9dc, method=private void net.runelite.client.chat.ChatInputManager.onScriptCallbackEvent(net.runelite.api.events.ScriptCallbackEvent), priority=0.0, lambda=net.runelite.client.chat.ChatInputManager$$Lambda/0x000000010060aa70@57435801)
2026-04-26 16:36:15 GMT [main] DEBUG n.runelite.client.eventbus.EventBus - Registering class net.runelite.client.events.ChatboxInput - EventBus.Subscriber(object=net.runelite.client.chat.ChatCommandManager@2c7106d9, method=public void net.runelite.client.chat.ChatCommandManager.onChatboxInput(net.runelite.client.events.ChatboxInput), priority=0.0, lambda=net.runelite.client.chat.ChatCommandManager$$Lambda/0x000000010060aca8@329bad59)
2026-04-26 16:36:15 GMT [main] DEBUG n.runelite.client.eventbus.EventBus - Registering class net.runelite.api.events.ChatMessage - EventBus.Subscriber(object=net.runelite.client.chat.ChatCommandManager@2c7106d9, method=public void net.runelite.client.chat.ChatCommandManager.onChatMessage(net.runelite.api.events.ChatMessage), priority=0.0, lambda=net.runelite.client.chat.ChatCommandManager$$Lambda/0x000000010060aee0@178f268a)
2026-04-26 16:36:15 GMT [main] DEBUG n.runelite.client.eventbus.EventBus - Registering class net.runelite.client.events.PrivateMessageInput - EventBus.Subscriber(object=net.runelite.client.chat.ChatCommandManager@2c7106d9, method=public void net.runelite.client.chat.ChatCommandManager.onPrivateMessageInput(net.runelite.client.events.PrivateMessageInput), priority=0.0, lambda=net.runelite.client.chat.ChatCommandManager$$Lambda/0x000000010060b118@432f521f)
2026-04-26 16:36:15 GMT [main] DEBUG n.r.client.plugins.PluginManager - Loaded plugin ChatCommandsPlugin
2026-04-26 16:36:15 GMT [main] DEBUG n.runelite.client.eventbus.EventBus - Registering class net.runelite.api.events.GameStateChanged - EventBus.Subscriber(object=net.runelite.client.game.chatbox.ChatboxPanelManager@57cb70be, method=private void net.runelite.client.game.chatbox.ChatboxPanelManager.onGameStateChanged(net.runelite.api.events.GameStateChanged), priority=0.0, lambda=net.runelite.client.game.chatbox.ChatboxPanelManager$$Lambda/0x000000010060e830@2d4608a6)
2026-04-26 16:36:15 GMT [main] DEBUG n.runelite.client.eventbus.EventBus - Registering class net.runelite.api.events.ScriptPreFired - EventBus.Subscriber(object=net.runelite.client.game.chatbox.ChatboxPanelManager@57cb70be, method=public void net.runelite.client.game.chatbox.ChatboxPanelManager.onScriptPreFired(net.runelite.api.events.ScriptPreFired), priority=0.0, lambda=net.runelite.client.game.chatbox.ChatboxPanelManager$$Lambda/0x000000010060ea68@26c89563)
2026-04-26 16:36:15 GMT [pool-2-thread-1] DEBUG net.runelite.client.game.ItemManager - Loaded 4544 prices
2026-04-26 16:36:15 GMT [pool-2-thread-1] DEBUG net.runelite.client.game.ItemClient - Built URI: https://static.runelite.net/item/stats.ids.min.json
2026-04-26 16:36:15 GMT [main] DEBUG n.r.client.plugins.PluginManager - Loaded plugin BankTagsPlugin
2026-04-26 16:36:15 GMT [main] DEBUG n.r.client.plugins.PluginManager - Loaded plugin ClueScrollPlugin
2026-04-26 16:36:15 GMT [main] DEBUG n.r.client.plugins.PluginManager - Loaded plugin BlastFurnacePlugin
2026-04-26 16:36:15 GMT [main] DEBUG n.r.client.plugins.PluginManager - Loaded plugin TimestampPlugin
2026-04-26 16:36:15 GMT [main] DEBUG n.r.client.plugins.PluginManager - Loaded plugin PohPlugin
2026-04-26 16:36:15 GMT [main] DEBUG n.r.client.plugins.PluginManager - Loaded plugin InventoryGridPlugin
2026-04-26 16:36:15 GMT [main] DEBUG n.r.client.plugins.PluginManager - Loaded plugin PyramidPlunderPlugin
2026-04-26 16:36:15 GMT [main] DEBUG n.r.client.plugins.PluginManager - Loaded plugin BankPlugin
2026-04-26 16:36:15 GMT [main] DEBUG n.runelite.client.eventbus.EventBus - Registering class net.runelite.api.events.NpcChanged - EventBus.Subscriber(object=net.runelite.client.game.NpcUtil@35e26d05, method=void net.runelite.client.game.NpcUtil.onNpcChanged(net.runelite.api.events.NpcChanged), priority=0.0, lambda=net.runelite.client.game.NpcUtil$$Lambda/0x000000010061a748@29fa6b65)
2026-04-26 16:36:15 GMT [main] DEBUG n.runelite.client.eventbus.EventBus - Registering class net.runelite.api.events.AnimationChanged - EventBus.Subscriber(object=net.runelite.client.game.NpcUtil@35e26d05, method=public void net.runelite.client.game.NpcUtil.onAnimationChanged(net.runelite.api.events.AnimationChanged), priority=0.0, lambda=net.runelite.client.game.NpcUtil$$Lambda/0x000000010061a980@47406941)
2026-04-26 16:36:15 GMT [main] DEBUG n.r.client.plugins.PluginManager - Loaded plugin EntityHiderPlugin
2026-04-26 16:36:15 GMT [main] DEBUG n.r.client.plugins.PluginManager - Loaded plugin AnimationSmoothingPlugin
2026-04-26 16:36:15 GMT [main] DEBUG n.runelite.client.eventbus.EventBus - Registering class net.runelite.api.events.PlayerMenuOptionsChanged - EventBus.Subscriber(object=net.runelite.client.menus.MenuManager@3337d04c, method=public void net.runelite.client.menus.MenuManager.onPlayerMenuOptionsChanged(net.runelite.api.events.PlayerMenuOptionsChanged), priority=0.0, lambda=net.runelite.client.menus.MenuManager$$Lambda/0x000000010061ae00@6de6faa6)
2026-04-26 16:36:15 GMT [main] DEBUG n.runelite.client.eventbus.EventBus - Registering class net.runelite.api.events.MenuEntryAdded - EventBus.Subscriber(object=net.runelite.client.menus.MenuManager@3337d04c, method=public void net.runelite.client.menus.MenuManager.onMenuEntryAdded(net.runelite.api.events.MenuEntryAdded), priority=0.0, lambda=net.runelite.client.menus.MenuManager$$Lambda/0x000000010061b038@14998e21)
2026-04-26 16:36:15 GMT [main] DEBUG n.r.client.plugins.PluginManager - Loaded plugin GroundMarkerPlugin
2026-04-26 16:36:15 GMT [main] DEBUG n.r.client.plugins.PluginManager - Loaded plugin ScreenshotPlugin
2026-04-26 16:36:15 GMT [main] DEBUG n.r.client.plugins.PluginManager - Loaded plugin TeamPlugin
2026-04-26 16:36:15 GMT [main] DEBUG n.r.client.plugins.PluginManager - Loaded plugin ChatNotificationsPlugin
2026-04-26 16:36:15 GMT [main] DEBUG n.r.client.plugins.PluginManager - Loaded plugin CustomCursorPlugin
2026-04-26 16:36:15 GMT [main] DEBUG n.r.client.plugins.PluginManager - Loaded plugin NpcIndicatorsPlugin
2026-04-26 16:36:15 GMT [main] DEBUG n.r.client.plugins.PluginManager - Loaded plugin ReportButtonPlugin
2026-04-26 16:36:15 GMT [main] DEBUG n.r.client.plugins.PluginManager - Loaded plugin WikiPlugin
2026-04-26 16:36:15 GMT [main] DEBUG n.r.client.plugins.PluginManager - Loaded plugin HerbiboarPlugin
2026-04-26 16:36:15 GMT [main] DEBUG n.r.client.plugins.PluginManager - Loaded plugin XpUpdaterPlugin
2026-04-26 16:36:15 GMT [main] DEBUG n.r.client.plugins.PluginManager - Loaded plugin CorpPlugin
2026-04-26 16:36:15 GMT [main] DEBUG n.r.client.plugins.PluginManager - Loaded plugin FairyRingPlugin
2026-04-26 16:36:15 GMT [main] DEBUG n.r.client.plugins.PluginManager - Loaded plugin FriendNotesPlugin
2026-04-26 16:36:15 GMT [main] DEBUG n.r.client.plugins.PluginManager - Loaded plugin HiscorePlugin
2026-04-26 16:36:15 GMT [main] DEBUG n.r.client.plugins.PluginManager - Loaded plugin XpTrackerPlugin
2026-04-26 16:36:15 GMT [main] DEBUG n.r.client.plugins.PluginManager - Loaded plugin SmeltingPlugin
2026-04-26 16:36:15 GMT [main] DEBUG n.r.client.plugins.PluginManager - Loaded plugin MiningPlugin
2026-04-26 16:36:15 GMT [main] DEBUG n.r.client.plugins.PluginManager - Loaded plugin StretchedModePlugin
2026-04-26 16:36:15 GMT [main] DEBUG n.r.client.plugins.PluginManager - Loaded plugin CannonPlugin
2026-04-26 16:36:15 GMT [pool-2-thread-1] DEBUG net.runelite.client.game.ItemManager - Loaded 13417 stats
2026-04-26 16:36:15 GMT [pool-2-thread-1] DEBUG n.runelite.client.game.WorldService - Fetching worlds
2026-04-26 16:36:15 GMT [pool-2-thread-1] DEBUG net.runelite.client.game.WorldClient - Built URI: https://api.runelite.net/runelite-1.12.24/worlds.js
2026-04-26 16:36:15 GMT [main] DEBUG n.r.client.plugins.PluginManager - Loaded plugin OpponentInfoPlugin
2026-04-26 16:36:15 GMT [pool-2-thread-1] DEBUG n.runelite.client.game.NpcInfoClient - Built URI: https://static.runelite.net/npcs/npcs.min.json
2026-04-26 16:36:15 GMT [main] DEBUG n.r.client.plugins.PluginManager - Loaded plugin PrayerPlugin
2026-04-26 16:36:15 GMT [main] DEBUG n.r.client.plugins.PluginManager - Loaded plugin SpecialCounterPlugin
2026-04-26 16:36:15 GMT [main] DEBUG n.r.client.plugins.PluginManager - Loaded plugin ImplingsPlugin
2026-04-26 16:36:15 GMT [main] INFO  n.r.c.plugins.kourendlibrary.Library - Library is now reset
2026-04-26 16:36:15 GMT [main] DEBUG n.r.client.plugins.PluginManager - Loaded plugin KourendLibraryPlugin
2026-04-26 16:36:15 GMT [main] DEBUG n.r.client.plugins.PluginManager - Loaded plugin GroundItemsPlugin
2026-04-26 16:36:15 GMT [main] DEBUG n.r.client.plugins.PluginManager - Loaded plugin MenuEntrySwapperPlugin
2026-04-26 16:36:15 GMT [main] DEBUG n.r.client.plugins.PluginManager - Loaded plugin FpsPlugin
2026-04-26 16:36:15 GMT [main] DEBUG n.r.client.plugins.PluginManager - Loaded plugin TwitchPlugin
2026-04-26 16:36:15 GMT [main] DEBUG n.r.client.plugins.PluginManager - Loaded plugin VirtualLevelsPlugin
2026-04-26 16:36:15 GMT [main] DEBUG n.runelite.client.eventbus.EventBus - Registering class net.runelite.api.events.ItemSpawned - EventBus.Subscriber(object=net.runelite.client.game.LootManager@682af059, method=public void net.runelite.client.game.LootManager.onItemSpawned(net.runelite.api.events.ItemSpawned), priority=0.0, lambda=net.runelite.client.game.LootManager$$Lambda/0x0000000100645000@5f36c8e3)
2026-04-26 16:36:15 GMT [main] DEBUG n.runelite.client.eventbus.EventBus - Registering class net.runelite.api.events.NpcDespawned - EventBus.Subscriber(object=net.runelite.client.game.LootManager@682af059, method=public void net.runelite.client.game.LootManager.onNpcDespawned(net.runelite.api.events.NpcDespawned), priority=0.0, lambda=net.runelite.client.game.LootManager$$Lambda/0x0000000100645238@6a9344f5)
2026-04-26 16:36:15 GMT [main] DEBUG n.runelite.client.eventbus.EventBus - Registering class net.runelite.api.events.GameTick - EventBus.Subscriber(object=net.runelite.client.game.LootManager@682af059, method=public void net.runelite.client.game.LootManager.onGameTick(net.runelite.api.events.GameTick), priority=0.0, lambda=net.runelite.client.game.LootManager$$Lambda/0x0000000100645470@3c9c6245)
2026-04-26 16:36:15 GMT [main] DEBUG n.runelite.client.eventbus.EventBus - Registering class net.runelite.api.events.NpcChanged - EventBus.Subscriber(object=net.runelite.client.game.LootManager@682af059, method=public void net.runelite.client.game.LootManager.onNpcChanged(net.runelite.api.events.NpcChanged), priority=0.0, lambda=net.runelite.client.game.LootManager$$Lambda/0x00000001006456a8@1d4fb213)
2026-04-26 16:36:15 GMT [main] DEBUG n.runelite.client.eventbus.EventBus - Registering class net.runelite.api.events.ItemDespawned - EventBus.Subscriber(object=net.runelite.client.game.LootManager@682af059, method=public void net.runelite.client.game.LootManager.onItemDespawned(net.runelite.api.events.ItemDespawned), priority=0.0, lambda=net.runelite.client.game.LootManager$$Lambda/0x00000001006458e0@3127cb44)
2026-04-26 16:36:15 GMT [main] DEBUG n.runelite.client.eventbus.EventBus - Registering class net.runelite.api.events.ScriptPreFired - EventBus.Subscriber(object=net.runelite.client.game.LootManager@682af059, method=private void net.runelite.client.game.LootManager.onScriptPreFired(net.runelite.api.events.ScriptPreFired), priority=0.0, lambda=net.runelite.client.game.LootManager$$Lambda/0x0000000100645b18@631cb129)
2026-04-26 16:36:15 GMT [main] DEBUG n.runelite.client.eventbus.EventBus - Registering class net.runelite.api.events.AnimationChanged - EventBus.Subscriber(object=net.runelite.client.game.LootManager@682af059, method=public void net.runelite.client.game.LootManager.onAnimationChanged(net.runelite.api.events.AnimationChanged), priority=0.0, lambda=net.runelite.client.game.LootManager$$Lambda/0x0000000100645d50@3252747e)
2026-04-26 16:36:15 GMT [main] DEBUG n.runelite.client.eventbus.EventBus - Registering class net.runelite.api.events.PlayerDespawned - EventBus.Subscriber(object=net.runelite.client.game.LootManager@682af059, method=public void net.runelite.client.game.LootManager.onPlayerDespawned(net.runelite.api.events.PlayerDespawned), priority=0.0, lambda=net.runelite.client.game.LootManager$$Lambda/0x0000000100648000@2dd8ff1d)
2026-04-26 16:36:15 GMT [main] DEBUG n.r.client.plugins.PluginManager - Loaded plugin LootTrackerPlugin
2026-04-26 16:36:15 GMT [main] DEBUG n.r.client.plugins.PluginManager - Loaded plugin PoisonPlugin
2026-04-26 16:36:15 GMT [main] DEBUG n.r.client.plugins.PluginManager - Loaded plugin PestControlPlugin
2026-04-26 16:36:15 GMT [main] DEBUG n.r.client.plugins.PluginManager - Loaded plugin NightmareZonePlugin
2026-04-26 16:36:15 GMT [main] DEBUG n.r.client.plugins.PluginManager - Loaded plugin TimersAndBuffsPlugin
2026-04-26 16:36:15 GMT [main] DEBUG n.r.client.plugins.PluginManager - Loaded plugin FishingPlugin
2026-04-26 16:36:15 GMT [main] DEBUG n.r.client.plugins.PluginManager - Loaded plugin RunepouchPlugin
2026-04-26 16:36:15 GMT [main] DEBUG n.r.client.plugins.PluginManager - Loaded plugin SlayerPlugin
2026-04-26 16:36:15 GMT [main] DEBUG n.r.client.plugins.PluginManager - Loaded plugin NpcAggroAreaPlugin
2026-04-26 16:36:15 GMT [main] DEBUG n.r.client.plugins.PluginManager - Loaded plugin RaidsPlugin
2026-04-26 16:36:15 GMT [main] DEBUG n.r.client.plugins.PluginManager - Loaded plugin KeyRemappingPlugin
2026-04-26 16:36:15 GMT [main] DEBUG n.r.client.plugins.PluginManager - Loaded plugin BlastMinePlugin
2026-04-26 16:36:15 GMT [main] DEBUG n.r.client.plugins.PluginManager - Loaded plugin BarrowsPlugin
2026-04-26 16:36:15 GMT [main] DEBUG n.r.client.plugins.PluginManager - Loaded plugin MusicPlugin
2026-04-26 16:36:15 GMT [main] DEBUG n.r.client.plugins.PluginManager - Loaded plugin GrandExchangePlugin
2026-04-26 16:36:15 GMT [main] DEBUG n.r.client.plugins.PluginManager - Loaded plugin InterfaceStylesPlugin
2026-04-26 16:36:15 GMT [main] DEBUG n.r.client.plugins.PluginManager - Loaded plugin LowMemoryPlugin
2026-04-26 16:36:15 GMT [main] DEBUG n.r.client.plugins.PluginManager - Loaded plugin XpDropPlugin
2026-04-26 16:36:15 GMT [main] DEBUG n.r.client.plugins.PluginManager - Loaded plugin GpuPlugin
2026-04-26 16:36:15 GMT [main] DEBUG n.r.client.plugins.PluginManager - Loaded plugin IdleNotifierPlugin
2026-04-26 16:36:15 GMT [main] DEBUG n.r.client.plugins.PluginManager - Loaded plugin BarbarianAssaultPlugin
2026-04-26 16:36:15 GMT [main] DEBUG n.r.client.plugins.PluginManager - Loaded plugin FriendListPlugin
2026-04-26 16:36:15 GMT [main] DEBUG n.r.client.plugins.PluginManager - Loaded plugin RoofRemovalPlugin
2026-04-26 16:36:15 GMT [main] DEBUG n.r.client.plugins.PluginManager - Loaded plugin MetronomePlugin
2026-04-26 16:36:15 GMT [main] DEBUG n.r.client.plugins.PluginManager - Loaded plugin RandomEventPlugin
2026-04-26 16:36:15 GMT [main] DEBUG n.r.client.plugins.PluginManager - Loaded plugin ChatFilterPlugin
2026-04-26 16:36:15 GMT [main] DEBUG n.r.client.plugins.PluginManager - Loaded plugin BoostsPlugin
2026-04-26 16:36:16 GMT [main] DEBUG n.r.client.plugins.PluginManager - Loaded plugin InventoryViewerPlugin
2026-04-26 16:36:16 GMT [main] DEBUG n.r.client.plugins.PluginManager - Loaded plugin AntiDragPlugin
2026-04-26 16:36:16 GMT [main] DEBUG n.r.client.plugins.PluginManager - Loaded plugin ItemIdentificationPlugin
2026-04-26 16:36:16 GMT [main] DEBUG n.r.client.plugins.PluginManager - Loaded plugin ItemPricesPlugin
2026-04-26 16:36:16 GMT [main] DEBUG n.r.client.plugins.PluginManager - Loaded plugin AccountPlugin
2026-04-26 16:36:16 GMT [main] DEBUG n.r.client.plugins.PluginManager - Loaded plugin SpellbookPlugin
2026-04-26 16:36:16 GMT [main] DEBUG n.r.client.plugins.PluginManager - Loaded plugin AgilityPlugin
2026-04-26 16:36:16 GMT [main] DEBUG n.r.client.plugins.PluginManager - Loaded plugin ConfigPlugin
2026-04-26 16:36:16 GMT [main] DEBUG n.r.client.plugins.PluginManager - Loaded plugin TitheFarmPlugin
2026-04-26 16:36:16 GMT [main] DEBUG n.r.client.plugins.PluginManager - Loaded plugin BossTimersPlugin
2026-04-26 16:36:16 GMT [main] DEBUG n.r.client.plugins.PluginManager - Loaded plugin InfoPlugin
2026-04-26 16:36:16 GMT [main] DEBUG n.r.client.plugins.PluginManager - Loaded plugin CookingPlugin
2026-04-26 16:36:16 GMT [main] DEBUG n.r.client.plugins.PluginManager - Loaded plugin XpGlobesPlugin
2026-04-26 16:36:16 GMT [main] DEBUG n.r.client.plugins.PluginManager - Loaded plugin ChatChannelPlugin
2026-04-26 16:36:16 GMT [main] DEBUG n.r.client.plugins.PluginManager - Loaded plugin PuzzleSolverPlugin
2026-04-26 16:36:16 GMT [main] DEBUG n.r.client.plugins.PluginManager - Loaded plugin CombatLevelPlugin
2026-04-26 16:36:16 GMT [main] DEBUG n.r.c.p.itemstats.ItemStatChanges - 814 items; 241 behaviours loaded
2026-04-26 16:36:16 GMT [main] DEBUG n.r.client.plugins.PluginManager - Loaded plugin ItemStatPlugin
2026-04-26 16:36:16 GMT [main] DEBUG n.r.client.plugins.PluginManager - Loaded plugin StatusBarsPlugin
2026-04-26 16:36:16 GMT [main] DEBUG n.r.client.plugins.PluginManager - Loaded plugin XteaPlugin
2026-04-26 16:36:16 GMT [main] DEBUG n.r.client.plugins.PluginManager - Loaded plugin InteractHighlightPlugin
2026-04-26 16:36:16 GMT [main] DEBUG n.r.client.plugins.PluginManager - Loaded plugin AttackStylesPlugin
2026-04-26 16:36:16 GMT [main] DEBUG n.r.client.plugins.PluginManager - Loaded plugin QuestListPlugin
2026-04-26 16:36:16 GMT [main] DEBUG n.r.client.plugins.PluginManager - Loaded plugin NotesPlugin
2026-04-26 16:36:16 GMT [main] DEBUG n.r.client.plugins.PluginManager - Loaded plugin TileIndicatorsPlugin
2026-04-26 16:36:16 GMT [main] DEBUG n.r.client.plugins.PluginManager - Loaded plugin InstanceMapPlugin
2026-04-26 16:36:16 GMT [main] DEBUG n.r.client.plugins.PluginManager - Loaded plugin WoodcuttingPlugin
2026-04-26 16:36:16 GMT [main] DEBUG n.r.client.plugins.PluginManager - Loaded plugin ZalcanoPlugin
2026-04-26 16:36:16 GMT [main] DEBUG n.r.client.plugins.PluginManager - Loaded plugin ChatHistoryPlugin
2026-04-26 16:36:16 GMT [main] DEBUG n.r.client.plugins.PluginManager - Loaded plugin DefaultWorldPlugin
2026-04-26 16:36:16 GMT [main] DEBUG n.r.client.plugins.PluginManager - Loaded plugin ScreenMarkerPlugin
2026-04-26 16:36:16 GMT [main] DEBUG n.r.client.plugins.PluginManager - Loaded plugin KingdomPlugin
2026-04-26 16:36:16 GMT [main] DEBUG n.r.client.plugins.PluginManager - Loaded plugin CameraPlugin
2026-04-26 16:36:16 GMT [main] DEBUG n.r.client.plugins.PluginManager - Loaded plugin DpsCounterPlugin
2026-04-26 16:36:16 GMT [main] DEBUG n.r.client.plugins.PluginManager - Loaded plugin SkillCalculatorPlugin
2026-04-26 16:36:16 GMT [main] DEBUG n.r.client.plugins.PluginManager - Loaded plugin MinimapPlugin
2026-04-26 16:36:16 GMT [main] DEBUG n.r.client.plugins.PluginManager - Loaded plugin PlayerIndicatorsPlugin
2026-04-26 16:36:16 GMT [main] DEBUG n.r.client.plugins.PluginManager - Loaded plugin InventoryTagsPlugin
2026-04-26 16:36:16 GMT [main] DEBUG n.r.client.plugins.PluginManager - Loaded plugin RegenMeterPlugin
2026-04-26 16:36:16 GMT [main] DEBUG n.r.client.plugins.PluginManager - Loaded plugin HunterPlugin
2026-04-26 16:36:16 GMT [main] DEBUG n.r.client.plugins.PluginManager - Loaded plugin PartyPlugin
2026-04-26 16:36:16 GMT [main] DEBUG n.r.client.plugins.PluginManager - Loaded plugin AmmoPlugin
2026-04-26 16:36:16 GMT [main] DEBUG n.runelite.client.eventbus.EventBus - Registering class net.runelite.client.events.ClientShutdown - EventBus.Subscriber(object=net.runelite.client.ClientSessionManager@2abafa97, method=private void net.runelite.client.ClientSessionManager.onClientShutdown(net.runelite.client.events.ClientShutdown), priority=0.0, lambda=net.runelite.client.ClientSessionManager$$Lambda/0x000000010068b360@6f6cc7da)
2026-04-26 16:36:16 GMT [main] DEBUG n.runelite.client.eventbus.EventBus - Registering class net.runelite.client.events.ConfigChanged - EventBus.Subscriber(object=net.runelite.client.ui.ClientUI@5460edd3, method=private void net.runelite.client.ui.ClientUI.onConfigChanged(net.runelite.client.events.ConfigChanged), priority=0.0, lambda=net.runelite.client.ui.ClientUI$$Lambda/0x00000001006acd28@5dbbb292)
2026-04-26 16:36:16 GMT [main] DEBUG n.runelite.client.eventbus.EventBus - Registering class net.runelite.api.events.GameStateChanged - EventBus.Subscriber(object=net.runelite.client.ui.ClientUI@5460edd3, method=private void net.runelite.client.ui.ClientUI.onGameStateChanged(net.runelite.api.events.GameStateChanged), priority=0.0, lambda=net.runelite.client.ui.ClientUI$$Lambda/0x00000001006acf60@565aa4ac)
2026-04-26 16:36:16 GMT [main] DEBUG n.runelite.client.eventbus.EventBus - Registering class net.runelite.client.events.ProfileChanged - EventBus.Subscriber(object=net.runelite.client.plugins.PluginManager@528c8c1, method=public void net.runelite.client.plugins.PluginManager.onProfileChanged(net.runelite.client.events.ProfileChanged), priority=0.0, lambda=net.runelite.client.plugins.PluginManager$$Lambda/0x00000001006ad198@1f78d415)
2026-04-26 16:36:16 GMT [main] DEBUG n.runelite.client.eventbus.EventBus - Registering class net.runelite.client.events.ProfileChanged - EventBus.Subscriber(object=net.runelite.client.externalplugins.ExternalPluginManager@27960b1e, method=public void net.runelite.client.externalplugins.ExternalPluginManager.onProfileChanged(net.runelite.client.events.ProfileChanged), priority=0.0, lambda=net.runelite.client.externalplugins.ExternalPluginManager$$Lambda/0x00000001006ad3d0@643ba1ed)
2026-04-26 16:36:16 GMT [main] DEBUG n.runelite.client.eventbus.EventBus - Registering class net.runelite.client.events.ConfigChanged - EventBus.Subscriber(object=net.runelite.client.ui.overlay.OverlayManager@26582ca, method=public void net.runelite.client.ui.overlay.OverlayManager.onConfigChanged(net.runelite.client.events.ConfigChanged), priority=0.0, lambda=net.runelite.client.ui.overlay.OverlayManager$$Lambda/0x00000001006ad608@153cb763)
2026-04-26 16:36:16 GMT [main] DEBUG n.runelite.client.eventbus.EventBus - Registering class net.runelite.client.events.ProfileChanged - EventBus.Subscriber(object=net.runelite.client.ui.overlay.OverlayManager@26582ca, method=public void net.runelite.client.ui.overlay.OverlayManager.onProfileChanged(net.runelite.client.events.ProfileChanged), priority=0.0, lambda=net.runelite.client.ui.overlay.OverlayManager$$Lambda/0x00000001006ad840@412ebe64)
2026-04-26 16:36:16 GMT [main] DEBUG n.runelite.client.eventbus.EventBus - Registering class net.runelite.client.events.RuneScapeProfileChanged - EventBus.Subscriber(object=net.runelite.client.config.ConfigManager@1f84327b, method=private void net.runelite.client.config.ConfigManager.onRuneScapeProfileChanged(net.runelite.client.events.RuneScapeProfileChanged), priority=0.0, lambda=net.runelite.client.config.ConfigManager$$Lambda/0x00000001006ada78@39549f33)
2026-04-26 16:36:16 GMT [main] DEBUG n.runelite.client.eventbus.EventBus - Registering class net.runelite.api.events.WorldChanged - EventBus.Subscriber(object=net.runelite.client.config.ConfigManager@1f84327b, method=private void net.runelite.client.config.ConfigManager.onWorldChanged(net.runelite.api.events.WorldChanged), priority=0.0, lambda=net.runelite.client.config.ConfigManager$$Lambda/0x00000001006adcb0@7a83ccd2)
2026-04-26 16:36:16 GMT [main] DEBUG n.runelite.client.eventbus.EventBus - Registering class net.runelite.client.events.SessionOpen - EventBus.Subscriber(object=net.runelite.client.config.ConfigManager@1f84327b, method=public void net.runelite.client.config.ConfigManager.onSessionOpen(net.runelite.client.events.SessionOpen), priority=0.0, lambda=net.runelite.client.config.ConfigManager$$Lambda/0x00000001006adee8@599a9cb2)
2026-04-26 16:36:16 GMT [main] DEBUG n.runelite.client.eventbus.EventBus - Registering class net.runelite.client.events.SessionClose - EventBus.Subscriber(object=net.runelite.client.config.ConfigManager@1f84327b, method=public void net.runelite.client.config.ConfigManager.onSessionClose(net.runelite.client.events.SessionClose), priority=0.0, lambda=net.runelite.client.config.ConfigManager$$Lambda/0x00000001006ae120@5e1a986c)
2026-04-26 16:36:16 GMT [main] DEBUG n.runelite.client.eventbus.EventBus - Registering class net.runelite.client.events.ClientShutdown - EventBus.Subscriber(object=net.runelite.client.config.ConfigManager@1f84327b, method=private void net.runelite.client.config.ConfigManager.onClientShutdown(net.runelite.client.events.ClientShutdown), priority=-100.0, lambda=net.runelite.client.config.ConfigManager$$Lambda/0x00000001006ae358@46a795de)
2026-04-26 16:36:16 GMT [main] DEBUG n.runelite.client.eventbus.EventBus - Registering class net.runelite.api.events.PlayerChanged - EventBus.Subscriber(object=net.runelite.client.config.ConfigManager@1f84327b, method=private void net.runelite.client.config.ConfigManager.onPlayerChanged(net.runelite.api.events.PlayerChanged), priority=0.0, lambda=net.runelite.client.config.ConfigManager$$Lambda/0x00000001006ae590@2f3928ac)
2026-04-26 16:36:16 GMT [main] DEBUG n.runelite.client.eventbus.EventBus - Registering class net.runelite.api.events.AccountHashChanged - EventBus.Subscriber(object=net.runelite.client.config.ConfigManager@1f84327b, method=private void net.runelite.client.config.ConfigManager.onAccountHashChanged(net.runelite.api.events.AccountHashChanged), priority=0.0, lambda=net.runelite.client.config.ConfigManager$$Lambda/0x00000001006ae7c8@44f0ff2b)
2026-04-26 16:36:16 GMT [AWT-EventQueue-0] DEBUG n.r.c.plugins.discord.DiscordState - Events: [DiscordState.EventWithTime(type=IN_MENU, start=2026-04-26T16:36:16.278697047Z, updated=2026-04-26T16:36:16.278572739Z)]
2026-04-26 16:36:16 GMT [AWT-EventQueue-0] DEBUG n.r.client.plugins.PluginManager - Plugin DiscordPlugin is now running
2026-04-26 16:36:16 GMT [AWT-EventQueue-0] DEBUG n.runelite.client.eventbus.EventBus - Registering class net.runelite.api.events.StatChanged - EventBus.Subscriber(object=net.runelite.client.plugins.discord.DiscordPlugin@64f1fd08, method=public void net.runelite.client.plugins.discord.DiscordPlugin.onStatChanged(net.runelite.api.events.StatChanged), priority=0.0, lambda=net.runelite.client.plugins.discord.DiscordPlugin$$Lambda/0x00000001006a9cd8@4f0f3b09)
2026-04-26 16:36:16 GMT [AWT-EventQueue-0] DEBUG n.runelite.client.eventbus.EventBus - Registering class net.runelite.client.party.messages.UserSync - EventBus.Subscriber(object=net.runelite.client.plugins.discord.DiscordPlugin@64f1fd08, method=public void net.runelite.client.plugins.discord.DiscordPlugin.onUserSync(net.runelite.client.party.messages.UserSync), priority=0.0, lambda=net.runelite.client.plugins.discord.DiscordPlugin$$Lambda/0x00000001006b0000@38dccb0e)
2026-04-26 16:36:16 GMT [AWT-EventQueue-0] DEBUG n.runelite.client.eventbus.EventBus - Registering class net.runelite.client.events.ConfigChanged - EventBus.Subscriber(object=net.runelite.client.plugins.discord.DiscordPlugin@64f1fd08, method=public void net.runelite.client.plugins.discord.DiscordPlugin.onConfigChanged(net.runelite.client.events.ConfigChanged), priority=0.0, lambda=net.runelite.client.plugins.discord.DiscordPlugin$$Lambda/0x00000001006b0238@58370b1f)
2026-04-26 16:36:16 GMT [AWT-EventQueue-0] DEBUG n.runelite.client.eventbus.EventBus - Registering class net.runelite.api.events.GameStateChanged - EventBus.Subscriber(object=net.runelite.client.plugins.discord.DiscordPlugin@64f1fd08, method=public void net.runelite.client.plugins.discord.DiscordPlugin.onGameStateChanged(net.runelite.api.events.GameStateChanged), priority=0.0, lambda=net.runelite.client.plugins.discord.DiscordPlugin$$Lambda/0x00000001006b0470@58648d2d)
2026-04-26 16:36:16 GMT [AWT-EventQueue-0] DEBUG n.runelite.client.eventbus.EventBus - Registering class net.runelite.client.plugins.discord.DiscordUserInfo - EventBus.Subscriber(object=net.runelite.client.plugins.discord.DiscordPlugin@64f1fd08, method=public void net.runelite.client.plugins.discord.DiscordPlugin.onDiscordUserInfo(net.runelite.client.plugins.discord.DiscordUserInfo), priority=0.0, lambda=net.runelite.client.plugins.discord.DiscordPlugin$$Lambda/0x00000001006b06a8@63f393c7)
2026-04-26 16:36:16 GMT [AWT-EventQueue-0] DEBUG n.r.client.plugins.PluginManager - Scheduled task ScheduledMethod(schedule=@net.runelite.client.task.Schedule(asynchronous=false, period=1L, unit=MINUTES), method=public void net.runelite.client.plugins.discord.DiscordPlugin.checkForValidStatus(), object=net.runelite.client.plugins.discord.DiscordPlugin@64f1fd08, lambda=net.runelite.client.plugins.discord.DiscordPlugin$$Lambda/0x00000001006b08e0@337faf1b, last=2026-04-26T16:36:16.283194278Z)
2026-04-26 16:36:16 GMT [AWT-EventQueue-0] DEBUG n.r.client.plugins.PluginManager - Plugin ItemChargePlugin is now running
2026-04-26 16:36:16 GMT [AWT-EventQueue-0] DEBUG n.runelite.client.eventbus.EventBus - Registering class net.runelite.api.events.WidgetLoaded - EventBus.Subscriber(object=net.runelite.client.plugins.itemcharges.ItemChargePlugin@fb713e7, method=public void net.runelite.client.plugins.itemcharges.ItemChargePlugin.onWidgetLoaded(net.runelite.api.events.WidgetLoaded), priority=0.0, lambda=net.runelite.client.plugins.itemcharges.ItemChargePlugin$$Lambda/0x00000001006b2f48@ee77c99)
2026-04-26 16:36:16 GMT [AWT-EventQueue-0] DEBUG n.runelite.client.eventbus.EventBus - Registering class net.runelite.api.events.ChatMessage - EventBus.Subscriber(object=net.runelite.client.plugins.itemcharges.ItemChargePlugin@fb713e7, method=public void net.runelite.client.plugins.itemcharges.ItemChargePlugin.onChatMessage(net.runelite.api.events.ChatMessage), priority=0.0, lambda=net.runelite.client.plugins.itemcharges.ItemChargePlugin$$Lambda/0x00000001006b3180@35bc9b15)
2026-04-26 16:36:16 GMT [AWT-EventQueue-0] DEBUG n.runelite.client.eventbus.EventBus - Registering class net.runelite.client.events.ConfigChanged - EventBus.Subscriber(object=net.runelite.client.plugins.itemcharges.ItemChargePlugin@fb713e7, method=public void net.runelite.client.plugins.itemcharges.ItemChargePlugin.onConfigChanged(net.runelite.client.events.ConfigChanged), priority=0.0, lambda=net.runelite.client.plugins.itemcharges.ItemChargePlugin$$Lambda/0x00000001006b33b8@222ca318)
2026-04-26 16:36:16 GMT [AWT-EventQueue-0] DEBUG n.runelite.client.eventbus.EventBus - Registering class net.runelite.api.events.GameStateChanged - EventBus.Subscriber(object=net.runelite.client.plugins.itemcharges.ItemChargePlugin@fb713e7, method=public void net.runelite.client.plugins.itemcharges.ItemChargePlugin.onGameStateChanged(net.runelite.api.events.GameStateChanged), priority=0.0, lambda=net.runelite.client.plugins.itemcharges.ItemChargePlugin$$Lambda/0x00000001006b35f0@116c4881)
2026-04-26 16:36:16 GMT [AWT-EventQueue-0] DEBUG n.runelite.client.eventbus.EventBus - Registering class net.runelite.api.events.VarbitChanged - EventBus.Subscriber(object=net.runelite.client.plugins.itemcharges.ItemChargePlugin@fb713e7, method=private void net.runelite.client.plugins.itemcharges.ItemChargePlugin.onVarbitChanged(net.runelite.api.events.VarbitChanged), priority=0.0, lambda=net.runelite.client.plugins.itemcharges.ItemChargePlugin$$Lambda/0x00000001006b3828@11740d67)
2026-04-26 16:36:16 GMT [AWT-EventQueue-0] DEBUG n.runelite.client.eventbus.EventBus - Registering class net.runelite.api.events.ItemContainerChanged - EventBus.Subscriber(object=net.runelite.client.plugins.itemcharges.ItemChargePlugin@fb713e7, method=public void net.runelite.client.plugins.itemcharges.ItemChargePlugin.onItemContainerChanged(net.runelite.api.events.ItemContainerChanged), priority=0.0, lambda=net.runelite.client.plugins.itemcharges.ItemChargePlugin$$Lambda/0x00000001006b3a60@6a43e770)
2026-04-26 16:36:16 GMT [AWT-EventQueue-0] DEBUG n.runelite.client.eventbus.EventBus - Registering class net.runelite.api.events.ChatMessage - EventBus.Subscriber(object=net.runelite.client.plugins.crowdsourcing.cooking.CrowdsourcingCooking@6b2c8924, method=public void net.runelite.client.plugins.crowdsourcing.cooking.CrowdsourcingCooking.onChatMessage(net.runelite.api.events.ChatMessage), priority=0.0, lambda=net.runelite.client.plugins.crowdsourcing.cooking.CrowdsourcingCooking$$Lambda/0x00000001006b3c98@5f96f3eb)
2026-04-26 16:36:16 GMT [AWT-EventQueue-0] DEBUG n.runelite.client.eventbus.EventBus - Registering class net.runelite.api.events.MenuOptionClicked - EventBus.Subscriber(object=net.runelite.client.plugins.crowdsourcing.cooking.CrowdsourcingCooking@6b2c8924, method=public void net.runelite.client.plugins.crowdsourcing.cooking.CrowdsourcingCooking.onMenuOptionClicked(net.runelite.api.events.MenuOptionClicked), priority=0.0, lambda=net.runelite.client.plugins.crowdsourcing.cooking.CrowdsourcingCooking$$Lambda/0x00000001006b6000@4214ea7d)
2026-04-26 16:36:16 GMT [AWT-EventQueue-0] DEBUG n.runelite.client.eventbus.EventBus - Registering class net.runelite.api.events.GameTick - EventBus.Subscriber(object=net.runelite.client.plugins.crowdsourcing.dialogue.CrowdsourcingDialogue@251f954d, method=public void net.runelite.client.plugins.crowdsourcing.dialogue.CrowdsourcingDialogue.onGameTick(net.runelite.api.events.GameTick), priority=0.0, lambda=net.runelite.client.plugins.crowdsourcing.dialogue.CrowdsourcingDialogue$$Lambda/0x00000001006b6238@58d070f6)
2026-04-26 16:36:16 GMT [AWT-EventQueue-0] DEBUG n.runelite.client.eventbus.EventBus - Registering class net.runelite.api.events.ChatMessage - EventBus.Subscriber(object=net.runelite.client.plugins.crowdsourcing.dialogue.CrowdsourcingDialogue@251f954d, method=public void net.runelite.client.plugins.crowdsourcing.dialogue.CrowdsourcingDialogue.onChatMessage(net.runelite.api.events.ChatMessage), priority=0.0, lambda=net.runelite.client.plugins.crowdsourcing.dialogue.CrowdsourcingDialogue$$Lambda/0x00000001006b6470@1c51c31)
2026-04-26 16:36:16 GMT [AWT-EventQueue-0] DEBUG n.runelite.client.eventbus.EventBus - Registering class net.runelite.api.events.ChatMessage - EventBus.Subscriber(object=net.runelite.client.plugins.crowdsourcing.music.CrowdsourcingMusic@325d89a, method=public void net.runelite.client.plugins.crowdsourcing.music.CrowdsourcingMusic.onChatMessage(net.runelite.api.events.ChatMessage), priority=0.0, lambda=net.runelite.client.plugins.crowdsourcing.music.CrowdsourcingMusic$$Lambda/0x00000001006b66a8@2f8fe8cb)
2026-04-26 16:36:16 GMT [AWT-EventQueue-0] DEBUG n.runelite.client.eventbus.EventBus - Registering class net.runelite.api.events.ChatMessage - EventBus.Subscriber(object=net.runelite.client.plugins.crowdsourcing.thieving.CrowdsourcingThieving@149c4d6a, method=public void net.runelite.client.plugins.crowdsourcing.thieving.CrowdsourcingThieving.onChatMessage(net.runelite.api.events.ChatMessage), priority=0.0, lambda=net.runelite.client.plugins.crowdsourcing.thieving.CrowdsourcingThieving$$Lambda/0x00000001006b68e0@39d0a66b)
2026-04-26 16:36:16 GMT [AWT-EventQueue-0] DEBUG n.runelite.client.eventbus.EventBus - Registering class net.runelite.api.events.MenuOptionClicked - EventBus.Subscriber(object=net.runelite.client.plugins.crowdsourcing.thieving.CrowdsourcingThieving@149c4d6a, method=public void net.runelite.client.plugins.crowdsourcing.thieving.CrowdsourcingThieving.onMenuOptionClicked(net.runelite.api.events.MenuOptionClicked), priority=0.0, lambda=net.runelite.client.plugins.crowdsourcing.thieving.CrowdsourcingThieving$$Lambda/0x00000001006b6b18@7db31e39)
2026-04-26 16:36:16 GMT [AWT-EventQueue-0] DEBUG n.runelite.client.eventbus.EventBus - Registering class net.runelite.api.events.GameTick - EventBus.Subscriber(object=net.runelite.client.plugins.crowdsourcing.woodcutting.CrowdsourcingWoodcutting@376df71b, method=public void net.runelite.client.plugins.crowdsourcing.woodcutting.CrowdsourcingWoodcutting.onGameTick(net.runelite.api.events.GameTick), priority=0.0, lambda=net.runelite.client.plugins.crowdsourcing.woodcutting.CrowdsourcingWoodcutting$$Lambda/0x00000001006b6d50@10c2f144)
2026-04-26 16:36:16 GMT [AWT-EventQueue-0] DEBUG n.runelite.client.eventbus.EventBus - Registering class net.runelite.api.events.ChatMessage - EventBus.Subscriber(object=net.runelite.client.plugins.crowdsourcing.woodcutting.CrowdsourcingWoodcutting@376df71b, method=public void net.runelite.client.plugins.crowdsourcing.woodcutting.CrowdsourcingWoodcutting.onChatMessage(net.runelite.api.events.ChatMessage), priority=0.0, lambda=net.runelite.client.plugins.crowdsourcing.woodcutting.CrowdsourcingWoodcutting$$Lambda/0x00000001006b6f88@69142fdc)
2026-04-26 16:36:16 GMT [AWT-EventQueue-0] DEBUG n.runelite.client.eventbus.EventBus - Registering class net.runelite.api.events.MenuOptionClicked - EventBus.Subscriber(object=net.runelite.client.plugins.crowdsourcing.woodcutting.CrowdsourcingWoodcutting@376df71b, method=public void net.runelite.client.plugins.crowdsourcing.woodcutting.CrowdsourcingWoodcutting.onMenuOptionClicked(net.runelite.api.events.MenuOptionClicked), priority=0.0, lambda=net.runelite.client.plugins.crowdsourcing.woodcutting.CrowdsourcingWoodcutting$$Lambda/0x00000001006b71c0@36d6577c)
2026-04-26 16:36:16 GMT [AWT-EventQueue-0] DEBUG n.runelite.client.eventbus.EventBus - Registering class net.runelite.api.events.GameObjectDespawned - EventBus.Subscriber(object=net.runelite.client.plugins.crowdsourcing.woodcutting.CrowdsourcingWoodcutting@376df71b, method=public void net.runelite.client.plugins.crowdsourcing.woodcutting.CrowdsourcingWoodcutting.onGameObjectDespawned(net.runelite.api.events.GameObjectDespawned), priority=0.0, lambda=net.runelite.client.plugins.crowdsourcing.woodcutting.CrowdsourcingWoodcutting$$Lambda/0x00000001006b73f8@20f2cee3)
2026-04-26 16:36:16 GMT [AWT-EventQueue-0] DEBUG n.runelite.client.eventbus.EventBus - Registering class net.runelite.api.events.StatChanged - EventBus.Subscriber(object=net.runelite.client.plugins.crowdsourcing.zmi.CrowdsourcingZMI@5bbb4c9e, method=public void net.runelite.client.plugins.crowdsourcing.zmi.CrowdsourcingZMI.onStatChanged(net.runelite.api.events.StatChanged), priority=0.0, lambda=net.runelite.client.plugins.crowdsourcing.zmi.CrowdsourcingZMI$$Lambda/0x00000001006b7630@303796a5)
2026-04-26 16:36:16 GMT [AWT-EventQueue-0] DEBUG n.runelite.client.eventbus.EventBus - Registering class net.runelite.api.events.ChatMessage - EventBus.Subscriber(object=net.runelite.client.plugins.crowdsourcing.zmi.CrowdsourcingZMI@5bbb4c9e, method=public void net.runelite.client.plugins.crowdsourcing.zmi.CrowdsourcingZMI.onChatMessage(net.runelite.api.events.ChatMessage), priority=0.0, lambda=net.runelite.client.plugins.crowdsourcing.zmi.CrowdsourcingZMI$$Lambda/0x00000001006b7868@4df0898c)
2026-04-26 16:36:16 GMT [AWT-EventQueue-0] DEBUG n.runelite.client.eventbus.EventBus - Registering class net.runelite.api.events.MenuOptionClicked - EventBus.Subscriber(object=net.runelite.client.plugins.crowdsourcing.zmi.CrowdsourcingZMI@5bbb4c9e, method=public void net.runelite.client.plugins.crowdsourcing.zmi.CrowdsourcingZMI.onMenuOptionClicked(net.runelite.api.events.MenuOptionClicked), priority=0.0, lambda=net.runelite.client.plugins.crowdsourcing.zmi.CrowdsourcingZMI$$Lambda/0x00000001006b7aa0@4020c69e)
2026-04-26 16:36:16 GMT [AWT-EventQueue-0] DEBUG n.runelite.client.eventbus.EventBus - Registering class net.runelite.api.events.ItemContainerChanged - EventBus.Subscriber(object=net.runelite.client.plugins.crowdsourcing.zmi.CrowdsourcingZMI@5bbb4c9e, method=public void net.runelite.client.plugins.crowdsourcing.zmi.CrowdsourcingZMI.onItemContainerChanged(net.runelite.api.events.ItemContainerChanged), priority=0.0, lambda=net.runelite.client.plugins.crowdsourcing.zmi.CrowdsourcingZMI$$Lambda/0x00000001006b7cd8@296dfc19)
2026-04-26 16:36:16 GMT [AWT-EventQueue-0] DEBUG n.r.client.plugins.PluginManager - Plugin CrowdsourcingPlugin is now running
2026-04-26 16:36:16 GMT [AWT-EventQueue-0] DEBUG n.r.client.plugins.PluginManager - Scheduled task ScheduledMethod(schedule=@net.runelite.client.task.Schedule(asynchronous=true, period=300L, unit=SECONDS), method=public void net.runelite.client.plugins.crowdsourcing.CrowdsourcingPlugin.submitToAPI(), object=net.runelite.client.plugins.crowdsourcing.CrowdsourcingPlugin@17d32e9b, lambda=net.runelite.client.plugins.crowdsourcing.CrowdsourcingPlugin$$Lambda/0x00000001006b5000@71247897, last=2026-04-26T16:36:16.309815816Z)
2026-04-26 16:36:16 GMT [AWT-EventQueue-0] DEBUG n.r.client.plugins.PluginManager - Plugin WintertodtPlugin is now running
2026-04-26 16:36:16 GMT [AWT-EventQueue-0] DEBUG n.runelite.client.eventbus.EventBus - Registering class net.runelite.api.events.GameTick - EventBus.Subscriber(object=net.runelite.client.plugins.wintertodt.WintertodtPlugin@2241f05b, method=public void net.runelite.client.plugins.wintertodt.WintertodtPlugin.onGameTick(net.runelite.api.events.GameTick), priority=0.0, lambda=net.runelite.client.plugins.wintertodt.WintertodtPlugin$$Lambda/0x00000001006b5228@20facf30)
2026-04-26 16:36:16 GMT [AWT-EventQueue-0] DEBUG n.runelite.client.eventbus.EventBus - Registering class net.runelite.api.events.ChatMessage - EventBus.Subscriber(object=net.runelite.client.plugins.wintertodt.WintertodtPlugin@2241f05b, method=public void net.runelite.client.plugins.wintertodt.WintertodtPlugin.onChatMessage(net.runelite.api.events.ChatMessage), priority=0.0, lambda=net.runelite.client.plugins.wintertodt.WintertodtPlugin$$Lambda/0x00000001006b5460@325f34c2)
2026-04-26 16:36:16 GMT [AWT-EventQueue-0] DEBUG n.runelite.client.eventbus.EventBus - Registering class net.runelite.api.events.VarbitChanged - EventBus.Subscriber(object=net.runelite.client.plugins.wintertodt.WintertodtPlugin@2241f05b, method=public void net.runelite.client.plugins.wintertodt.WintertodtPlugin.onVarbitChanged(net.runelite.api.events.VarbitChanged), priority=0.0, lambda=net.runelite.client.plugins.wintertodt.WintertodtPlugin$$Lambda/0x00000001006b5698@d704d37)
2026-04-26 16:36:16 GMT [AWT-EventQueue-0] DEBUG n.runelite.client.eventbus.EventBus - Registering class net.runelite.api.events.ItemContainerChanged - EventBus.Subscriber(object=net.runelite.client.plugins.wintertodt.WintertodtPlugin@2241f05b, method=public void net.runelite.client.plugins.wintertodt.WintertodtPlugin.onItemContainerChanged(net.runelite.api.events.ItemContainerChanged), priority=0.0, lambda=net.runelite.client.plugins.wintertodt.WintertodtPlugin$$Lambda/0x00000001006b58d0@4ee36095)
2026-04-26 16:36:16 GMT [AWT-EventQueue-0] DEBUG n.runelite.client.eventbus.EventBus - Registering class net.runelite.api.events.AnimationChanged - EventBus.Subscriber(object=net.runelite.client.plugins.wintertodt.WintertodtPlugin@2241f05b, method=public void net.runelite.client.plugins.wintertodt.WintertodtPlugin.onAnimationChanged(net.runelite.api.events.AnimationChanged), priority=0.0, lambda=net.runelite.client.plugins.wintertodt.WintertodtPlugin$$Lambda/0x00000001006b5b08@16d63cd5)
2026-04-26 16:36:16 GMT [AWT-EventQueue-0] DEBUG n.r.client.plugins.PluginManager - Plugin ExaminePlugin is now running
2026-04-26 16:36:16 GMT [AWT-EventQueue-0] DEBUG n.runelite.client.eventbus.EventBus - Registering class net.runelite.api.events.ChatMessage - EventBus.Subscriber(object=net.runelite.client.plugins.examine.ExaminePlugin@7979b8b7, method=public void net.runelite.client.plugins.examine.ExaminePlugin.onChatMessage(net.runelite.api.events.ChatMessage), priority=0.0, lambda=net.runelite.client.plugins.examine.ExaminePlugin$$Lambda/0x00000001006b5d40@6657af30)
2026-04-26 16:36:16 GMT [AWT-EventQueue-0] DEBUG n.runelite.client.eventbus.EventBus - Registering class net.runelite.api.events.GameStateChanged - EventBus.Subscriber(object=net.runelite.client.plugins.examine.ExaminePlugin@7979b8b7, method=public void net.runelite.client.plugins.examine.ExaminePlugin.onGameStateChanged(net.runelite.api.events.GameStateChanged), priority=0.0, lambda=net.runelite.client.plugins.examine.ExaminePlugin$$Lambda/0x00000001006b4800@4ee2a3fd)
2026-04-26 16:36:16 GMT [AWT-EventQueue-0] DEBUG n.runelite.client.eventbus.EventBus - Registering class net.runelite.api.events.MenuOptionClicked - EventBus.Subscriber(object=net.runelite.client.plugins.examine.ExaminePlugin@7979b8b7, method=public void net.runelite.client.plugins.examine.ExaminePlugin.onMenuOptionClicked(net.runelite.api.events.MenuOptionClicked), priority=0.0, lambda=net.runelite.client.plugins.examine.ExaminePlugin$$Lambda/0x00000001006b4a38@761eb179)
2026-04-26 16:36:16 GMT [AWT-EventQueue-0] DEBUG n.r.client.plugins.PluginManager - Plugin RunecraftPlugin is now running
2026-04-26 16:36:16 GMT [AWT-EventQueue-0] DEBUG n.runelite.client.eventbus.EventBus - Registering class net.runelite.api.events.DecorativeObjectDespawned - EventBus.Subscriber(object=net.runelite.client.plugins.runecraft.RunecraftPlugin@7c36db44, method=public void net.runelite.client.plugins.runecraft.RunecraftPlugin.onDecorativeObjectDespawned(net.runelite.api.events.DecorativeObjectDespawned), priority=0.0, lambda=net.runelite.client.plugins.runecraft.RunecraftPlugin$$Lambda/0x00000001006b8220@39a0e110)
2026-04-26 16:36:16 GMT [AWT-EventQueue-0] DEBUG n.runelite.client.eventbus.EventBus - Registering class net.runelite.api.events.DecorativeObjectSpawned - EventBus.Subscriber(object=net.runelite.client.plugins.runecraft.RunecraftPlugin@7c36db44, method=public void net.runelite.client.plugins.runecraft.RunecraftPlugin.onDecorativeObjectSpawned(net.runelite.api.events.DecorativeObjectSpawned), priority=0.0, lambda=net.runelite.client.plugins.runecraft.RunecraftPlugin$$Lambda/0x00000001006b8458@6490e05a)
2026-04-26 16:36:16 GMT [AWT-EventQueue-0] DEBUG n.runelite.client.eventbus.EventBus - Registering class net.runelite.api.events.ChatMessage - EventBus.Subscriber(object=net.runelite.client.plugins.runecraft.RunecraftPlugin@7c36db44, method=public void net.runelite.client.plugins.runecraft.RunecraftPlugin.onChatMessage(net.runelite.api.events.ChatMessage), priority=0.0, lambda=net.runelite.client.plugins.runecraft.RunecraftPlugin$$Lambda/0x00000001006b8690@a55b2b8)
2026-04-26 16:36:16 GMT [AWT-EventQueue-0] DEBUG n.runelite.client.eventbus.EventBus - Registering class net.runelite.api.events.GameStateChanged - EventBus.Subscriber(object=net.runelite.client.plugins.runecraft.RunecraftPlugin@7c36db44, method=public void net.runelite.client.plugins.runecraft.RunecraftPlugin.onGameStateChanged(net.runelite.api.events.GameStateChanged), priority=0.0, lambda=net.runelite.client.plugins.runecraft.RunecraftPlugin$$Lambda/0x00000001006b88c8@bf0d9bc)
2026-04-26 16:36:16 GMT [AWT-EventQueue-0] DEBUG n.runelite.client.eventbus.EventBus - Registering class net.runelite.api.events.ItemContainerChanged - EventBus.Subscriber(object=net.runelite.client.plugins.runecraft.RunecraftPlugin@7c36db44, method=public void net.runelite.client.plugins.runecraft.RunecraftPlugin.onItemContainerChanged(net.runelite.api.events.ItemContainerChanged), priority=0.0, lambda=net.runelite.client.plugins.runecraft.RunecraftPlugin$$Lambda/0x00000001006b8b00@31132a2)
2026-04-26 16:36:16 GMT [AWT-EventQueue-0] DEBUG net.runelite.client.input.KeyManager - Registering key listener: net.runelite.client.plugins.loginscreen.LoginScreenPlugin@4339baec
2026-04-26 16:36:16 GMT [AWT-EventQueue-0] DEBUG n.r.client.plugins.PluginManager - Plugin LoginScreenPlugin is now running
2026-04-26 16:36:16 GMT [AWT-EventQueue-0] DEBUG n.runelite.client.eventbus.EventBus - Registering class net.runelite.client.events.ConfigChanged - EventBus.Subscriber(object=net.runelite.client.plugins.loginscreen.LoginScreenPlugin@4339baec, method=public void net.runelite.client.plugins.loginscreen.LoginScreenPlugin.onConfigChanged(net.runelite.client.events.ConfigChanged), priority=0.0, lambda=net.runelite.client.plugins.loginscreen.LoginScreenPlugin$$Lambda/0x00000001006b8f60@392f9c63)
2026-04-26 16:36:16 GMT [AWT-EventQueue-0] DEBUG n.runelite.client.eventbus.EventBus - Registering class net.runelite.api.events.GameStateChanged - EventBus.Subscriber(object=net.runelite.client.plugins.loginscreen.LoginScreenPlugin@4339baec, method=public void net.runelite.client.plugins.loginscreen.LoginScreenPlugin.onGameStateChanged(net.runelite.api.events.GameStateChanged), priority=0.0, lambda=net.runelite.client.plugins.loginscreen.LoginScreenPlugin$$Lambda/0x00000001006b9198@26368a6a)
2026-04-26 16:36:16 GMT [AWT-EventQueue-0] DEBUG n.runelite.client.eventbus.EventBus - Registering class net.runelite.client.events.ProfileChanged - EventBus.Subscriber(object=net.runelite.client.plugins.loginscreen.LoginScreenPlugin@4339baec, method=public void net.runelite.client.plugins.loginscreen.LoginScreenPlugin.onProfileChanged(net.runelite.client.events.ProfileChanged), priority=0.0, lambda=net.runelite.client.plugins.loginscreen.LoginScreenPlugin$$Lambda/0x00000001006b93d0@40728a51)
2026-04-26 16:36:16 GMT [AWT-EventQueue-0] DEBUG n.runelite.client.eventbus.EventBus - Registering class net.runelite.api.events.ChatMessage - EventBus.Subscriber(object=net.runelite.client.plugins.timetracking.farming.CompostTracker@4dfdad14, method=public void net.runelite.client.plugins.timetracking.farming.CompostTracker.onChatMessage(net.runelite.api.events.ChatMessage), priority=0.0, lambda=net.runelite.client.plugins.timetracking.farming.CompostTracker$$Lambda/0x00000001006b9c28@798648b2)
2026-04-26 16:36:16 GMT [AWT-EventQueue-0] DEBUG n.runelite.client.eventbus.EventBus - Registering class net.runelite.api.events.GameStateChanged - EventBus.Subscriber(object=net.runelite.client.plugins.timetracking.farming.CompostTracker@4dfdad14, method=public void net.runelite.client.plugins.timetracking.farming.CompostTracker.onGameStateChanged(net.runelite.api.events.GameStateChanged), priority=0.0, lambda=net.runelite.client.plugins.timetracking.farming.CompostTracker$$Lambda/0x00000001006b9e60@5ed8ccd0)
2026-04-26 16:36:16 GMT [AWT-EventQueue-0] DEBUG n.runelite.client.eventbus.EventBus - Registering class net.runelite.api.events.MenuOptionClicked - EventBus.Subscriber(object=net.runelite.client.plugins.timetracking.farming.CompostTracker@4dfdad14, method=public void net.runelite.client.plugins.timetracking.farming.CompostTracker.onMenuOptionClicked(net.runelite.api.events.MenuOptionClicked), priority=0.0, lambda=net.runelite.client.plugins.timetracking.farming.CompostTracker$$Lambda/0x00000001006ba098@35655ba5)
2026-04-26 16:36:16 GMT [AWT-EventQueue-0] DEBUG n.runelite.client.eventbus.EventBus - Registering class net.runelite.api.events.GameTick - EventBus.Subscriber(object=net.runelite.client.plugins.timetracking.farming.PaymentTracker@4655342d, method=public void net.runelite.client.plugins.timetracking.farming.PaymentTracker.onGameTick(net.runelite.api.events.GameTick), priority=0.0, lambda=net.runelite.client.plugins.timetracking.farming.PaymentTracker$$Lambda/0x00000001006ba2d0@52d4f63a)
2026-04-26 16:36:16 GMT [AWT-EventQueue-0] DEBUG n.runelite.client.eventbus.EventBus - Registering class net.runelite.api.events.ChatMessage - EventBus.Subscriber(object=net.runelite.client.plugins.timetracking.farming.PaymentTracker@4655342d, method=public void net.runelite.client.plugins.timetracking.farming.PaymentTracker.onChatMessage(net.runelite.api.events.ChatMessage), priority=0.0, lambda=net.runelite.client.plugins.timetracking.farming.PaymentTracker$$Lambda/0x00000001006ba508@d2b0342)
2026-04-26 16:36:16 GMT [AWT-EventQueue-0] DEBUG n.runelite.client.eventbus.EventBus - Registering class net.runelite.api.events.MenuOptionClicked - EventBus.Subscriber(object=net.runelite.client.plugins.timetracking.farming.PaymentTracker@4655342d, method=public void net.runelite.client.plugins.timetracking.farming.PaymentTracker.onMenuOptionClicked(net.runelite.api.events.MenuOptionClicked), priority=0.0, lambda=net.runelite.client.plugins.timetracking.farming.PaymentTracker$$Lambda/0x00000001006ba740@1720e5dc)
2026-04-26 16:36:16 GMT [AWT-EventQueue-0] DEBUG n.runelite.client.eventbus.EventBus - Registering class net.runelite.api.events.ScriptPreFired - EventBus.Subscriber(object=net.runelite.client.plugins.timetracking.farming.PaymentTracker@4655342d, method=public void net.runelite.client.plugins.timetracking.farming.PaymentTracker.onScriptPreFired(net.runelite.api.events.ScriptPreFired), priority=0.0, lambda=net.runelite.client.plugins.timetracking.farming.PaymentTracker$$Lambda/0x00000001006ba978@165e043f)
2026-04-26 16:36:16 GMT [AWT-EventQueue-0] DEBUG n.r.client.plugins.PluginManager - Plugin TimeTrackingPlugin is now running
2026-04-26 16:36:16 GMT [AWT-EventQueue-0] DEBUG n.runelite.client.eventbus.EventBus - Registering class net.runelite.client.events.RuneScapeProfileChanged - EventBus.Subscriber(object=net.runelite.client.plugins.timetracking.TimeTrackingPlugin@71904469, method=public void net.runelite.client.plugins.timetracking.TimeTrackingPlugin.onRuneScapeProfileChanged(net.runelite.client.events.RuneScapeProfileChanged), priority=0.0, lambda=net.runelite.client.plugins.timetracking.TimeTrackingPlugin$$Lambda/0x000000010070a000@2babe773)
2026-04-26 16:36:16 GMT [AWT-EventQueue-0] DEBUG n.runelite.client.eventbus.EventBus - Registering class net.runelite.api.events.GameTick - EventBus.Subscriber(object=net.runelite.client.plugins.timetracking.TimeTrackingPlugin@71904469, method=public void net.runelite.client.plugins.timetracking.TimeTrackingPlugin.onGameTick(net.runelite.api.events.GameTick), priority=0.0, lambda=net.runelite.client.plugins.timetracking.TimeTrackingPlugin$$Lambda/0x000000010070a238@36457d0a)
2026-04-26 16:36:16 GMT [AWT-EventQueue-0] DEBUG n.runelite.client.eventbus.EventBus - Registering class net.runelite.api.events.WidgetClosed - EventBus.Subscriber(object=net.runelite.client.plugins.timetracking.TimeTrackingPlugin@71904469, method=private void net.runelite.client.plugins.timetracking.TimeTrackingPlugin.onWidgetClosed(net.runelite.api.events.WidgetClosed), priority=0.0, lambda=net.runelite.client.plugins.timetracking.TimeTrackingPlugin$$Lambda/0x000000010070a470@74f126bd)
2026-04-26 16:36:16 GMT [AWT-EventQueue-0] DEBUG n.runelite.client.eventbus.EventBus - Registering class net.runelite.api.events.ChatMessage - EventBus.Subscriber(object=net.runelite.client.plugins.timetracking.TimeTrackingPlugin@71904469, method=public void net.runelite.client.plugins.timetracking.TimeTrackingPlugin.onChatMessage(net.runelite.api.events.ChatMessage), priority=0.0, lambda=net.runelite.client.plugins.timetracking.TimeTrackingPlugin$$Lambda/0x000000010070a6a8@2be29001)
2026-04-26 16:36:16 GMT [AWT-EventQueue-0] DEBUG n.runelite.client.eventbus.EventBus - Registering class net.runelite.client.events.ConfigChanged - EventBus.Subscriber(object=net.runelite.client.plugins.timetracking.TimeTrackingPlugin@71904469, method=public void net.runelite.client.plugins.timetracking.TimeTrackingPlugin.onConfigChanged(net.runelite.client.events.ConfigChanged), priority=0.0, lambda=net.runelite.client.plugins.timetracking.TimeTrackingPlugin$$Lambda/0x000000010070a8e0@782d864e)
2026-04-26 16:36:16 GMT [AWT-EventQueue-0] DEBUG n.runelite.client.eventbus.EventBus - Registering class net.runelite.api.events.CommandExecuted - EventBus.Subscriber(object=net.runelite.client.plugins.timetracking.TimeTrackingPlugin@71904469, method=public void net.runelite.client.plugins.timetracking.TimeTrackingPlugin.onCommandExecuted(net.runelite.api.events.CommandExecuted), priority=0.0, lambda=net.runelite.client.plugins.timetracking.TimeTrackingPlugin$$Lambda/0x000000010070ab18@6133fb05)
2026-04-26 16:36:16 GMT [AWT-EventQueue-0] DEBUG n.r.c.p.worldmap.WorldMapPlugin - Reset quest start positions
2026-04-26 16:36:16 GMT [AWT-EventQueue-0] DEBUG n.r.client.plugins.PluginManager - Plugin WorldMapPlugin is now running
2026-04-26 16:36:16 GMT [AWT-EventQueue-0] DEBUG n.runelite.client.eventbus.EventBus - Registering class net.runelite.api.events.ClientTick - EventBus.Subscriber(object=net.runelite.client.plugins.worldmap.WorldMapPlugin@7a583586, method=public void net.runelite.client.plugins.worldmap.WorldMapPlugin.onClientTick(net.runelite.api.events.ClientTick), priority=0.0, lambda=net.runelite.client.plugins.worldmap.WorldMapPlugin$$Lambda/0x000000010071f6b8@6d5e10d8)
2026-04-26 16:36:16 GMT [AWT-EventQueue-0] DEBUG n.runelite.client.eventbus.EventBus - Registering class net.runelite.api.events.StatChanged - EventBus.Subscriber(object=net.runelite.client.plugins.worldmap.WorldMapPlugin@7a583586, method=public void net.runelite.client.plugins.worldmap.WorldMapPlugin.onStatChanged(net.runelite.api.events.StatChanged), priority=0.0, lambda=net.runelite.client.plugins.worldmap.WorldMapPlugin$$Lambda/0x000000010071f8f0@336837d2)
2026-04-26 16:36:16 GMT [AWT-EventQueue-0] DEBUG n.runelite.client.eventbus.EventBus - Registering class net.runelite.client.events.ConfigChanged - EventBus.Subscriber(object=net.runelite.client.plugins.worldmap.WorldMapPlugin@7a583586, method=public void net.runelite.client.plugins.worldmap.WorldMapPlugin.onConfigChanged(net.runelite.client.events.ConfigChanged), priority=0.0, lambda=net.runelite.client.plugins.worldmap.WorldMapPlugin$$Lambda/0x000000010071fb28@4894f58c)
2026-04-26 16:36:16 GMT [AWT-EventQueue-0] DEBUG n.runelite.client.eventbus.EventBus - Registering class net.runelite.api.events.ScriptPostFired - EventBus.Subscriber(object=net.runelite.client.plugins.worldmap.WorldMapPlugin@7a583586, method=public void net.runelite.client.plugins.worldmap.WorldMapPlugin.onScriptPostFired(net.runelite.api.events.ScriptPostFired), priority=0.0, lambda=net.runelite.client.plugins.worldmap.WorldMapPlugin$$Lambda/0x000000010071fd60@6786ae4e)
2026-04-26 16:36:16 GMT [AWT-EventQueue-0] DEBUG n.r.client.plugins.PluginManager - Plugin DailyTasksPlugin is now running
2026-04-26 16:36:16 GMT [AWT-EventQueue-0] DEBUG n.runelite.client.eventbus.EventBus - Registering class net.runelite.api.events.GameTick - EventBus.Subscriber(object=net.runelite.client.plugins.dailytaskindicators.DailyTasksPlugin@34780cd9, method=public void net.runelite.client.plugins.dailytaskindicators.DailyTasksPlugin.onGameTick(net.runelite.api.events.GameTick), priority=0.0, lambda=net.runelite.client.plugins.dailytaskindicators.DailyTasksPlugin$$Lambda/0x000000010071e800@388367b)
2026-04-26 16:36:16 GMT [AWT-EventQueue-0] DEBUG n.runelite.client.eventbus.EventBus - Registering class net.runelite.api.events.GameStateChanged - EventBus.Subscriber(object=net.runelite.client.plugins.dailytaskindicators.DailyTasksPlugin@34780cd9, method=public void net.runelite.client.plugins.dailytaskindicators.DailyTasksPlugin.onGameStateChanged(net.runelite.api.events.GameStateChanged), priority=0.0, lambda=net.runelite.client.plugins.dailytaskindicators.DailyTasksPlugin$$Lambda/0x000000010071ea38@515875fe)
2026-04-26 16:36:16 GMT [AWT-EventQueue-0] DEBUG n.r.client.plugins.PluginManager - Plugin DiaryRequirementsPlugin is now running
2026-04-26 16:36:16 GMT [AWT-EventQueue-0] DEBUG n.runelite.client.eventbus.EventBus - Registering class net.runelite.api.events.WidgetLoaded - EventBus.Subscriber(object=net.runelite.client.plugins.achievementdiary.DiaryRequirementsPlugin@7d3fb0ef, method=public void net.runelite.client.plugins.achievementdiary.DiaryRequirementsPlugin.onWidgetLoaded(net.runelite.api.events.WidgetLoaded), priority=0.0, lambda=net.runelite.client.plugins.achievementdiary.DiaryRequirementsPlugin$$Lambda/0x000000010071ec70@60ad6b36)
2026-04-26 16:36:16 GMT [AWT-EventQueue-0] DEBUG n.r.client.plugins.PluginManager - Plugin MouseHighlightPlugin is now running
2026-04-26 16:36:16 GMT [AWT-EventQueue-0] DEBUG n.r.client.plugins.PluginManager - Plugin TearsOfGuthixPlugin is now running
2026-04-26 16:36:16 GMT [AWT-EventQueue-0] DEBUG n.runelite.client.eventbus.EventBus - Registering class net.runelite.api.events.DecorativeObjectDespawned - EventBus.Subscriber(object=net.runelite.client.plugins.tearsofguthix.TearsOfGuthixPlugin@4acc5dff, method=public void net.runelite.client.plugins.tearsofguthix.TearsOfGuthixPlugin.onDecorativeObjectDespawned(net.runelite.api.events.DecorativeObjectDespawned), priority=0.0, lambda=net.runelite.client.plugins.tearsofguthix.TearsOfGuthixPlugin$$Lambda/0x0000000100720000@6c84d2be)
2026-04-26 16:36:16 GMT [AWT-EventQueue-0] DEBUG n.runelite.client.eventbus.EventBus - Registering class net.runelite.api.events.DecorativeObjectSpawned - EventBus.Subscriber(object=net.runelite.client.plugins.tearsofguthix.TearsOfGuthixPlugin@4acc5dff, method=public void net.runelite.client.plugins.tearsofguthix.TearsOfGuthixPlugin.onDecorativeObjectSpawned(net.runelite.api.events.DecorativeObjectSpawned), priority=0.0, lambda=net.runelite.client.plugins.tearsofguthix.TearsOfGuthixPlugin$$Lambda/0x0000000100720238@5539bc28)
2026-04-26 16:36:16 GMT [AWT-EventQueue-0] DEBUG n.runelite.client.eventbus.EventBus - Registering class net.runelite.api.events.GameStateChanged - EventBus.Subscriber(object=net.runelite.client.plugins.tearsofguthix.TearsOfGuthixPlugin@4acc5dff, method=public void net.runelite.client.plugins.tearsofguthix.TearsOfGuthixPlugin.onGameStateChanged(net.runelite.api.events.GameStateChanged), priority=0.0, lambda=net.runelite.client.plugins.tearsofguthix.TearsOfGuthixPlugin$$Lambda/0x0000000100720470@581ff524)
2026-04-26 16:36:16 GMT [AWT-EventQueue-0] DEBUG net.runelite.client.input.KeyManager - Registering key listener: net.runelite.client.plugins.worldhopper.WorldHopperPlugin$1@2ab32a40
2026-04-26 16:36:16 GMT [AWT-EventQueue-0] DEBUG net.runelite.client.input.KeyManager - Registering key listener: net.runelite.client.plugins.worldhopper.WorldHopperPlugin$2@1ee408a2
2026-04-26 16:36:16 GMT [AWT-EventQueue-0] DEBUG n.r.client.plugins.PluginManager - Plugin WorldHopperPlugin is now running
2026-04-26 16:36:16 GMT [AWT-EventQueue-0] DEBUG n.runelite.client.eventbus.EventBus - Registering class net.runelite.api.events.GameTick - EventBus.Subscriber(object=net.runelite.client.plugins.worldhopper.WorldHopperPlugin@e4e1ef5, method=public void net.runelite.client.plugins.worldhopper.WorldHopperPlugin.onGameTick(net.runelite.api.events.GameTick), priority=0.0, lambda=net.runelite.client.plugins.worldhopper.WorldHopperPlugin$$Lambda/0x0000000100726500@2d4993ee)
2026-04-26 16:36:16 GMT [AWT-EventQueue-0] DEBUG n.runelite.client.eventbus.EventBus - Registering class net.runelite.api.events.ChatMessage - EventBus.Subscriber(object=net.runelite.client.plugins.worldhopper.WorldHopperPlugin@e4e1ef5, method=public void net.runelite.client.plugins.worldhopper.WorldHopperPlugin.onChatMessage(net.runelite.api.events.ChatMessage), priority=0.0, lambda=net.runelite.client.plugins.worldhopper.WorldHopperPlugin$$Lambda/0x0000000100726738@28a83e17)
2026-04-26 16:36:16 GMT [AWT-EventQueue-0] DEBUG n.runelite.client.eventbus.EventBus - Registering class net.runelite.client.events.WorldsFetch - EventBus.Subscriber(object=net.runelite.client.plugins.worldhopper.WorldHopperPlugin@e4e1ef5, method=public void net.runelite.client.plugins.worldhopper.WorldHopperPlugin.onWorldsFetch(net.runelite.client.events.WorldsFetch), priority=0.0, lambda=net.runelite.client.plugins.worldhopper.WorldHopperPlugin$$Lambda/0x0000000100726970@5d6fa626)
2026-04-26 16:36:16 GMT [AWT-EventQueue-0] DEBUG n.runelite.client.eventbus.EventBus - Registering class net.runelite.client.events.ConfigChanged - EventBus.Subscriber(object=net.runelite.client.plugins.worldhopper.WorldHopperPlugin@e4e1ef5, method=public void net.runelite.client.plugins.worldhopper.WorldHopperPlugin.onConfigChanged(net.runelite.client.events.ConfigChanged), priority=0.0, lambda=net.runelite.client.plugins.worldhopper.WorldHopperPlugin$$Lambda/0x0000000100726ba8@5a8b0aae)
2026-04-26 16:36:16 GMT [AWT-EventQueue-0] DEBUG n.runelite.client.eventbus.EventBus - Registering class net.runelite.api.events.GameStateChanged - EventBus.Subscriber(object=net.runelite.client.plugins.worldhopper.WorldHopperPlugin@e4e1ef5, method=public void net.runelite.client.plugins.worldhopper.WorldHopperPlugin.onGameStateChanged(net.runelite.api.events.GameStateChanged), priority=0.0, lambda=net.runelite.client.plugins.worldhopper.WorldHopperPlugin$$Lambda/0x0000000100726de0@270b4aa)
2026-04-26 16:36:16 GMT [AWT-EventQueue-0] DEBUG n.runelite.client.eventbus.EventBus - Registering class net.runelite.api.events.MenuEntryAdded - EventBus.Subscriber(object=net.runelite.client.plugins.worldhopper.WorldHopperPlugin@e4e1ef5, method=public void net.runelite.client.plugins.worldhopper.WorldHopperPlugin.onMenuEntryAdded(net.runelite.api.events.MenuEntryAdded), priority=0.0, lambda=net.runelite.client.plugins.worldhopper.WorldHopperPlugin$$Lambda/0x0000000100727428@65e1360d)
2026-04-26 16:36:16 GMT [AWT-EventQueue-0] DEBUG n.runelite.client.eventbus.EventBus - Registering class net.runelite.api.events.VarbitChanged - EventBus.Subscriber(object=net.runelite.client.plugins.worldhopper.WorldHopperPlugin@e4e1ef5, method=public void net.runelite.client.plugins.worldhopper.WorldHopperPlugin.onVarbitChanged(net.runelite.api.events.VarbitChanged), priority=0.0, lambda=net.runelite.client.plugins.worldhopper.WorldHopperPlugin$$Lambda/0x0000000100727660@332e618b)
2026-04-26 16:36:16 GMT [AWT-EventQueue-0] DEBUG n.runelite.client.eventbus.EventBus - Registering class net.runelite.api.events.CommandExecuted - EventBus.Subscriber(object=net.runelite.client.plugins.worldhopper.WorldHopperPlugin@e4e1ef5, method=public void net.runelite.client.plugins.worldhopper.WorldHopperPlugin.onCommandExecuted(net.runelite.api.events.CommandExecuted), priority=0.0, lambda=net.runelite.client.plugins.worldhopper.WorldHopperPlugin$$Lambda/0x0000000100727898@5454dd60)
2026-04-26 16:36:16 GMT [AWT-EventQueue-0] DEBUG n.runelite.client.eventbus.EventBus - Registering class net.runelite.api.events.WorldListLoad - EventBus.Subscriber(object=net.runelite.client.plugins.worldhopper.WorldHopperPlugin@e4e1ef5, method=public void net.runelite.client.plugins.worldhopper.WorldHopperPlugin.onWorldListLoad(net.runelite.api.events.WorldListLoad), priority=0.0, lambda=net.runelite.client.plugins.worldhopper.WorldHopperPlugin$$Lambda/0x0000000100727ad0@422e944d)
2026-04-26 16:36:16 GMT [pool-4-thread-1] ERROR n.r.c.util.RunnableExceptionLogger - Uncaught exception in runnable net.runelite.client.plugins.worldhopper.WorldHopperPlugin$$Lambda/0x0000000100725c60@41228544
java.lang.NoClassDefFoundError: Could not initialize class com.sun.jna.Native
	at net.runelite.client.plugins.worldhopper.ping.RLLibC.<clinit>(RLLibC.java:34)
	at net.runelite.client.plugins.worldhopper.ping.Ping.icmpPing(Ping.java:149)
	at net.runelite.client.plugins.worldhopper.ping.Ping.ping(Ping.java:99)
	at net.runelite.client.plugins.worldhopper.WorldHopperPlugin.ping(WorldHopperPlugin.java:965)
	at net.runelite.client.plugins.worldhopper.WorldHopperPlugin.pingInitialWorlds(WorldHopperPlugin.java:850)
	at net.runelite.client.util.RunnableExceptionLogger.run(RunnableExceptionLogger.java:41)
	at java.base/java.util.concurrent.Executors$RunnableAdapter.call(Executors.java:572)
	at java.base/java.util.concurrent.FutureTask.run(FutureTask.java:317)
	at java.base/java.util.concurrent.ScheduledThreadPoolExecutor$ScheduledFutureTask.run(ScheduledThreadPoolExecutor.java:304)
	at java.base/java.util.concurrent.ThreadPoolExecutor.runWorker(ThreadPoolExecutor.java:1144)
	at java.base/java.util.concurrent.ThreadPoolExecutor$Worker.run(ThreadPoolExecutor.java:642)
	at java.base/java.lang.Thread.run(Thread.java:1583)
Caused by: java.lang.ExceptionInInitializerError: Exception java.lang.UnsatisfiedLinkError: /data/data/com.termux/files/usr/var/lib/proot-distro/installed-rootfs/ubuntu/root/.cache/JNA/temp/jna5339633668531608058.tmp: dlopen failed: cannot find "libc.so.6" from verneed[0] in DT_NEEDED list for "/data/data/com.termux/files/usr/var/lib/proot-distro/installed-rootfs/ubuntu/root/.cache/JNA/temp/jna5339633668531608058.tmp" [in thread "main"]
	at java.base/jdk.internal.loader.NativeLibraries.load(Native Method)
	at java.base/jdk.internal.loader.NativeLibraries$NativeLibraryImpl.open(NativeLibraries.java:331)
	at java.base/jdk.internal.loader.NativeLibraries.loadLibrary(NativeLibraries.java:197)
	at java.base/jdk.internal.loader.NativeLibraries.loadLibrary(NativeLibraries.java:139)
	at java.base/java.lang.ClassLoader.loadLibrary(ClassLoader.java:2418)
	at java.base/java.lang.Runtime.load0(Runtime.java:852)
	at java.base/java.lang.System.load(System.java:2025)
	at com.sun.jna.Native.loadNativeDispatchLibraryFromClasspath(Native.java:1019)
	at com.sun.jna.Native.loadNativeDispatchLibrary(Native.java:989)
	at com.sun.jna.Native.<clinit>(Native.java:195)
	at net.runelite.discord.DiscordRPC.<clinit>(DiscordRPC.java:42)
	at net.runelite.client.discord.DiscordService.<init>(DiscordService.java:85)
	at java.base/jdk.internal.reflect.DirectConstructorHandleAccessor.newInstance(DirectConstructorHandleAccessor.java:62)
	at java.base/java.lang.reflect.Constructor.newInstanceWithCaller(Constructor.java:502)
	at java.base/java.lang.reflect.Constructor.newInstance(Constructor.java:486)
	at com.google.inject.internal.DefaultConstructionProxyFactory$ReflectiveProxy.newInstance(DefaultConstructionProxyFactory.java:126)
	at com.google.inject.internal.ConstructorInjector.provision(ConstructorInjector.java:111)
	at com.google.inject.internal.ConstructorInjector.construct(ConstructorInjector.java:90)
	at com.google.inject.internal.ConstructorBindingImpl$Factory.get(ConstructorBindingImpl.java:268)
	at com.google.inject.internal.ProviderToInternalFactoryAdapter$1.call(ProviderToInternalFactoryAdapter.java:46)
	at com.google.inject.internal.InjectorImpl.callInContext(InjectorImpl.java:1092)
	at com.google.inject.internal.ProviderToInternalFactoryAdapter.get(ProviderToInternalFactoryAdapter.java:40)
	at com.google.inject.internal.SingletonScope$1.get(SingletonScope.java:194)
	at com.google.inject.internal.InternalFactoryToProviderAdapter.get(InternalFactoryToProviderAdapter.java:41)
	at com.google.inject.internal.SingleFieldInjector.inject(SingleFieldInjector.java:54)
	at com.google.inject.internal.MembersInjectorImpl.injectMembers(MembersInjectorImpl.java:132)
	at com.google.inject.internal.ConstructorInjector.provision(ConstructorInjector.java:120)
	at com.google.inject.internal.ConstructorInjector.construct(ConstructorInjector.java:90)
	at com.google.inject.internal.ConstructorBindingImpl$Factory.get(ConstructorBindingImpl.java:268)
	at com.google.inject.internal.ProviderToInternalFactoryAdapter$1.call(ProviderToInternalFactoryAdapter.java:46)
	at com.google.inject.internal.InjectorImpl.callInContext(InjectorImpl.java:1092)
	at com.google.inject.internal.ProviderToInternalFactoryAdapter.get(ProviderToInternalFactoryAdapter.java:40)
	at com.google.inject.internal.SingletonScope$1.get(SingletonScope.java:194)
	at com.google.inject.internal.InternalFactoryToProviderAdapter.get(InternalFactoryToProviderAdapter.java:41)
	at com.google.inject.internal.InjectorImpl$2$1.call(InjectorImpl.java:1019)
	at com.google.inject.internal.InjectorImpl.callInContext(InjectorImpl.java:1085)
	at com.google.inject.internal.InjectorImpl$2.get(InjectorImpl.java:1015)
	at com.google.inject.internal.InjectorImpl.getInstance(InjectorImpl.java:1054)
	at net.runelite.client.RuneLite.main(RuneLite.java:274)
2026-04-26 16:36:16 GMT [AWT-EventQueue-0] DEBUG n.r.client.plugins.PluginManager - Plugin RunEnergyPlugin is now running
2026-04-26 16:36:16 GMT [AWT-EventQueue-0] DEBUG n.runelite.client.eventbus.EventBus - Registering class net.runelite.api.events.GameTick - EventBus.Subscriber(object=net.runelite.client.plugins.runenergy.RunEnergyPlugin@6192a5d5, method=public void net.runelite.client.plugins.runenergy.RunEnergyPlugin.onGameTick(net.runelite.api.events.GameTick), priority=0.0, lambda=net.runelite.client.plugins.runenergy.RunEnergyPlugin$$Lambda/0x0000000100729318@71d57e64)
2026-04-26 16:36:16 GMT [AWT-EventQueue-0] DEBUG n.runelite.client.eventbus.EventBus - Registering class net.runelite.api.events.ChatMessage - EventBus.Subscriber(object=net.runelite.client.plugins.runenergy.RunEnergyPlugin@6192a5d5, method=public void net.runelite.client.plugins.runenergy.RunEnergyPlugin.onChatMessage(net.runelite.api.events.ChatMessage), priority=0.0, lambda=net.runelite.client.plugins.runenergy.RunEnergyPlugin$$Lambda/0x0000000100729550@38ba23e1)
2026-04-26 16:36:16 GMT [AWT-EventQueue-0] DEBUG n.runelite.client.eventbus.EventBus - Registering class net.runelite.client.events.ConfigChanged - EventBus.Subscriber(object=net.runelite.client.plugins.runenergy.RunEnergyPlugin@6192a5d5, method=public void net.runelite.client.plugins.runenergy.RunEnergyPlugin.onConfigChanged(net.runelite.client.events.ConfigChanged), priority=0.0, lambda=net.runelite.client.plugins.runenergy.RunEnergyPlugin$$Lambda/0x0000000100729788@2e77d2bc)
2026-04-26 16:36:16 GMT [AWT-EventQueue-0] DEBUG n.runelite.client.eventbus.EventBus - Registering class net.runelite.api.events.ScriptCallbackEvent - EventBus.Subscriber(object=net.runelite.client.plugins.runenergy.RunEnergyPlugin@6192a5d5, method=public void net.runelite.client.plugins.runenergy.RunEnergyPlugin.onScriptCallbackEvent(net.runelite.api.events.ScriptCallbackEvent), priority=0.0, lambda=net.runelite.client.plugins.runenergy.RunEnergyPlugin$$Lambda/0x00000001007299c0@13f1afa7)
2026-04-26 16:36:16 GMT [AWT-EventQueue-0] DEBUG n.runelite.client.eventbus.EventBus - Registering class net.runelite.api.events.ScriptPostFired - EventBus.Subscriber(object=net.runelite.client.plugins.runenergy.RunEnergyPlugin@6192a5d5, method=public void net.runelite.client.plugins.runenergy.RunEnergyPlugin.onScriptPostFired(net.runelite.api.events.ScriptPostFired), priority=0.0, lambda=net.runelite.client.plugins.runenergy.RunEnergyPlugin$$Lambda/0x0000000100729bf8@2a81cd12)
2026-04-26 16:36:16 GMT [AWT-EventQueue-0] DEBUG net.runelite.client.input.KeyManager - Registering key listener: net.runelite.client.plugins.chatcommands.ChatKeyboardListener@274cf60d
2026-04-26 16:36:16 GMT [AWT-EventQueue-0] DEBUG n.r.client.plugins.PluginManager - Plugin ChatCommandsPlugin is now running
2026-04-26 16:36:16 GMT [AWT-EventQueue-0] DEBUG n.runelite.client.eventbus.EventBus - Registering class net.runelite.api.events.WidgetLoaded - EventBus.Subscriber(object=net.runelite.client.plugins.chatcommands.ChatCommandsPlugin@12e5da86, method=public void net.runelite.client.plugins.chatcommands.ChatCommandsPlugin.onWidgetLoaded(net.runelite.api.events.WidgetLoaded), priority=0.0, lambda=net.runelite.client.plugins.chatcommands.ChatCommandsPlugin$$Lambda/0x0000000100735d88@5056644a)
2026-04-26 16:36:16 GMT [AWT-EventQueue-0] DEBUG n.runelite.client.eventbus.EventBus - Registering class net.runelite.api.events.GameTick - EventBus.Subscriber(object=net.runelite.client.plugins.chatcommands.ChatCommandsPlugin@12e5da86, method=public void net.runelite.client.plugins.chatcommands.ChatCommandsPlugin.onGameTick(net.runelite.api.events.GameTick), priority=0.0, lambda=net.runelite.client.plugins.chatcommands.ChatCommandsPlugin$$Lambda/0x0000000100735fc0@572e971a)
2026-04-26 16:36:16 GMT [AWT-EventQueue-0] DEBUG n.runelite.client.eventbus.EventBus - Registering class net.runelite.api.events.ChatMessage - EventBus.Subscriber(object=net.runelite.client.plugins.chatcommands.ChatCommandsPlugin@12e5da86, method=public void net.runelite.client.plugins.chatcommands.ChatCommandsPlugin.onChatMessage(net.runelite.api.events.ChatMessage), priority=0.0, lambda=net.runelite.client.plugins.chatcommands.ChatCommandsPlugin$$Lambda/0x00000001007361f8@1871fef4)
2026-04-26 16:36:16 GMT [AWT-EventQueue-0] DEBUG n.runelite.client.eventbus.EventBus - Registering class net.runelite.api.events.GameStateChanged - EventBus.Subscriber(object=net.runelite.client.plugins.chatcommands.ChatCommandsPlugin@12e5da86, method=public void net.runelite.client.plugins.chatcommands.ChatCommandsPlugin.onGameStateChanged(net.runelite.api.events.GameStateChanged), priority=0.0, lambda=net.runelite.client.plugins.chatcommands.ChatCommandsPlugin$$Lambda/0x0000000100736430@355139ed)
2026-04-26 16:36:16 GMT [AWT-EventQueue-0] DEBUG n.runelite.client.eventbus.EventBus - Registering class net.runelite.api.events.VarbitChanged - EventBus.Subscriber(object=net.runelite.client.plugins.chatcommands.ChatCommandsPlugin@12e5da86, method=public void net.runelite.client.plugins.chatcommands.ChatCommandsPlugin.onVarbitChanged(net.runelite.api.events.VarbitChanged), priority=0.0, lambda=net.runelite.client.plugins.chatcommands.ChatCommandsPlugin$$Lambda/0x0000000100736668@6c670064)
2026-04-26 16:36:16 GMT [AWT-EventQueue-0] DEBUG n.runelite.client.eventbus.EventBus - Registering class net.runelite.api.events.ScriptPostFired - EventBus.Subscriber(object=net.runelite.client.plugins.chatcommands.ChatCommandsPlugin@12e5da86, method=public void net.runelite.client.plugins.chatcommands.ChatCommandsPlugin.onScriptPostFired(net.runelite.api.events.ScriptPostFired), priority=0.0, lambda=net.runelite.client.plugins.chatcommands.ChatCommandsPlugin$$Lambda/0x00000001007368a0@61c3f40e)
2026-04-26 16:36:16 GMT [AWT-EventQueue-0] DEBUG n.runelite.client.eventbus.EventBus - Registering class net.runelite.api.events.WidgetClosed - EventBus.Subscriber(object=net.runelite.client.plugins.banktags.tabs.TabInterface@4c3c631, method=public void net.runelite.client.plugins.banktags.tabs.TabInterface.onWidgetClosed(net.runelite.api.events.WidgetClosed), priority=0.0, lambda=net.runelite.client.plugins.banktags.tabs.TabInterface$$Lambda/0x00000001007375c0@108fb564)
2026-04-26 16:36:16 GMT [AWT-EventQueue-0] DEBUG n.runelite.client.eventbus.EventBus - Registering class net.runelite.api.events.WidgetDrag - EventBus.Subscriber(object=net.runelite.client.plugins.banktags.tabs.TabInterface@4c3c631, method=public void net.runelite.client.plugins.banktags.tabs.TabInterface.onWidgetDrag(net.runelite.api.events.WidgetDrag), priority=0.0, lambda=net.runelite.client.plugins.banktags.tabs.TabInterface$$Lambda/0x00000001007377f8@1cb02354)
2026-04-26 16:36:16 GMT [AWT-EventQueue-0] DEBUG n.runelite.client.eventbus.EventBus - Registering class net.runelite.api.events.MenuEntryAdded - EventBus.Subscriber(object=net.runelite.client.plugins.banktags.tabs.TabInterface@4c3c631, method=private void net.runelite.client.plugins.banktags.tabs.TabInterface.onMenuEntryAdded(net.runelite.api.events.MenuEntryAdded), priority=0.0, lambda=net.runelite.client.plugins.banktags.tabs.TabInterface$$Lambda/0x0000000100737a30@6b113d97)
2026-04-26 16:36:16 GMT [AWT-EventQueue-0] DEBUG n.runelite.client.eventbus.EventBus - Registering class net.runelite.api.events.MenuOptionClicked - EventBus.Subscriber(object=net.runelite.client.plugins.banktags.tabs.TabInterface@4c3c631, method=public void net.runelite.client.plugins.banktags.tabs.TabInterface.onMenuOptionClicked(net.runelite.api.events.MenuOptionClicked), priority=-1.0, lambda=net.runelite.client.plugins.banktags.tabs.TabInterface$$Lambda/0x0000000100737c68@6e189e79)
2026-04-26 16:36:16 GMT [AWT-EventQueue-0] DEBUG n.runelite.client.eventbus.EventBus - Registering class net.runelite.api.events.ScriptPostFired - EventBus.Subscriber(object=net.runelite.client.plugins.banktags.tabs.TabInterface@4c3c631, method=private void net.runelite.client.plugins.banktags.tabs.TabInterface.onScriptPostFired(net.runelite.api.events.ScriptPostFired), priority=0.0, lambda=net.runelite.client.plugins.banktags.tabs.TabInterface$$Lambda/0x0000000100732000@4ef827fd)
2026-04-26 16:36:16 GMT [AWT-EventQueue-0] DEBUG n.runelite.client.eventbus.EventBus - Registering class net.runelite.api.events.ScriptPreFired - EventBus.Subscriber(object=net.runelite.client.plugins.banktags.tabs.TabInterface@4c3c631, method=public void net.runelite.client.plugins.banktags.tabs.TabInterface.onScriptPreFired(net.runelite.api.events.ScriptPreFired), priority=0.0, lambda=net.runelite.client.plugins.banktags.tabs.TabInterface$$Lambda/0x0000000100732238@6ad69ba5)
2026-04-26 16:36:16 GMT [AWT-EventQueue-0] DEBUG n.runelite.client.eventbus.EventBus - Registering class net.runelite.api.events.ScriptPreFired - EventBus.Subscriber(object=net.runelite.client.plugins.banktags.tabs.LayoutManager@73bce772, method=public void net.runelite.client.plugins.banktags.tabs.LayoutManager.onScriptPreFired(net.runelite.api.events.ScriptPreFired), priority=0.0, lambda=net.runelite.client.plugins.banktags.tabs.LayoutManager$$Lambda/0x0000000100732470@aa66463)
2026-04-26 16:36:16 GMT [AWT-EventQueue-0] DEBUG n.runelite.client.eventbus.EventBus - Registering class net.runelite.api.events.ClientTick - EventBus.Subscriber(object=net.runelite.client.plugins.banktags.tabs.PotionStorage@fdab5e1, method=public void net.runelite.client.plugins.banktags.tabs.PotionStorage.onClientTick(net.runelite.api.events.ClientTick), priority=0.0, lambda=net.runelite.client.plugins.banktags.tabs.PotionStorage$$Lambda/0x00000001007326a8@1b49441f)
2026-04-26 16:36:16 GMT [AWT-EventQueue-0] DEBUG n.runelite.client.eventbus.EventBus - Registering class net.runelite.api.events.WidgetClosed - EventBus.Subscriber(object=net.runelite.client.plugins.banktags.tabs.PotionStorage@fdab5e1, method=public void net.runelite.client.plugins.banktags.tabs.PotionStorage.onWidgetClosed(net.runelite.api.events.WidgetClosed), priority=0.0, lambda=net.runelite.client.plugins.banktags.tabs.PotionStorage$$Lambda/0x00000001007328e0@68a575c3)
2026-04-26 16:36:16 GMT [AWT-EventQueue-0] DEBUG n.runelite.client.eventbus.EventBus - Registering class net.runelite.api.events.VarbitChanged - EventBus.Subscriber(object=net.runelite.client.plugins.banktags.tabs.PotionStorage@fdab5e1, method=public void net.runelite.client.plugins.banktags.tabs.PotionStorage.onVarbitChanged(net.runelite.api.events.VarbitChanged), priority=0.0, lambda=net.runelite.client.plugins.banktags.tabs.PotionStorage$$Lambda/0x0000000100732b18@63327369)
2026-04-26 16:36:16 GMT [AWT-EventQueue-0] DEBUG n.r.client.plugins.PluginManager - Plugin BankTagsPlugin is now running
2026-04-26 16:36:16 GMT [AWT-EventQueue-0] DEBUG n.runelite.client.eventbus.EventBus - Registering class net.runelite.api.events.GrandExchangeSearched - EventBus.Subscriber(object=net.runelite.client.plugins.banktags.BankTagsPlugin@6920b0bc, method=public void net.runelite.client.plugins.banktags.BankTagsPlugin.onGrandExchangeSearched(net.runelite.api.events.GrandExchangeSearched), priority=0.0, lambda=net.runelite.client.plugins.banktags.BankTagsPlugin$$Lambda/0x0000000100732f78@489a1734)
2026-04-26 16:36:16 GMT [AWT-EventQueue-0] DEBUG n.runelite.client.eventbus.EventBus - Registering class net.runelite.client.events.ConfigChanged - EventBus.Subscriber(object=net.runelite.client.plugins.banktags.BankTagsPlugin@6920b0bc, method=public void net.runelite.client.plugins.banktags.BankTagsPlugin.onConfigChanged(net.runelite.client.events.ConfigChanged), priority=0.0, lambda=net.runelite.client.plugins.banktags.BankTagsPlugin$$Lambda/0x00000001007331b0@c305372)
2026-04-26 16:36:16 GMT [AWT-EventQueue-0] DEBUG n.runelite.client.eventbus.EventBus - Registering class net.runelite.api.events.MenuEntryAdded - EventBus.Subscriber(object=net.runelite.client.plugins.banktags.BankTagsPlugin@6920b0bc, method=public void net.runelite.client.plugins.banktags.BankTagsPlugin.onMenuEntryAdded(net.runelite.api.events.MenuEntryAdded), priority=0.0, lambda=net.runelite.client.plugins.banktags.BankTagsPlugin$$Lambda/0x00000001007333e8@20693be8)
2026-04-26 16:36:16 GMT [AWT-EventQueue-0] DEBUG n.runelite.client.eventbus.EventBus - Registering class net.runelite.api.events.ScriptCallbackEvent - EventBus.Subscriber(object=net.runelite.client.plugins.banktags.BankTagsPlugin@6920b0bc, method=public void net.runelite.client.plugins.banktags.BankTagsPlugin.onScriptCallbackEvent(net.runelite.api.events.ScriptCallbackEvent), priority=0.0, lambda=net.runelite.client.plugins.banktags.BankTagsPlugin$$Lambda/0x0000000100733620@a485388)
2026-04-26 16:36:16 GMT [AWT-EventQueue-0] DEBUG n.r.client.plugins.PluginManager - Plugin ClueScrollPlugin is now running
2026-04-26 16:36:16 GMT [AWT-EventQueue-0] DEBUG n.runelite.client.eventbus.EventBus - Registering class net.runelite.api.events.DecorativeObjectDespawned - EventBus.Subscriber(object=net.runelite.client.plugins.cluescrolls.ClueScrollPlugin@6c101cc1, method=public void net.runelite.client.plugins.cluescrolls.ClueScrollPlugin.onDecorativeObjectDespawned(net.runelite.api.events.DecorativeObjectDespawned), priority=0.0, lambda=net.runelite.client.plugins.cluescrolls.ClueScrollPlugin$$Lambda/0x0000000100731678@30f0fe99)
2026-04-26 16:36:16 GMT [AWT-EventQueue-0] DEBUG n.runelite.client.eventbus.EventBus - Registering class net.runelite.api.events.GroundObjectDespawned - EventBus.Subscriber(object=net.runelite.client.plugins.cluescrolls.ClueScrollPlugin@6c101cc1, method=public void net.runelite.client.plugins.cluescrolls.ClueScrollPlugin.onGroundObjectDespawned(net.runelite.api.events.GroundObjectDespawned), priority=0.0, lambda=net.runelite.client.plugins.cluescrolls.ClueScrollPlugin$$Lambda/0x00000001007318b0@43c26cc4)
2026-04-26 16:36:16 GMT [AWT-EventQueue-0] DEBUG n.runelite.client.eventbus.EventBus - Registering class net.runelite.api.events.DecorativeObjectSpawned - EventBus.Subscriber(object=net.runelite.client.plugins.cluescrolls.ClueScrollPlugin@6c101cc1, method=public void net.runelite.client.plugins.cluescrolls.ClueScrollPlugin.onDecorativeObjectSpawned(net.runelite.api.events.DecorativeObjectSpawned), priority=0.0, lambda=net.runelite.client.plugins.cluescrolls.ClueScrollPlugin$$Lambda/0x0000000100731ae8@2b28e556)
2026-04-26 16:36:16 GMT [AWT-EventQueue-0] DEBUG n.runelite.client.eventbus.EventBus - Registering class net.runelite.api.events.WidgetLoaded - EventBus.Subscriber(object=net.runelite.client.plugins.cluescrolls.ClueScrollPlugin@6c101cc1, method=public void net.runelite.client.plugins.cluescrolls.ClueScrollPlugin.onWidgetLoaded(net.runelite.api.events.WidgetLoaded), priority=0.0, lambda=net.runelite.client.plugins.cluescrolls.ClueScrollPlugin$$Lambda/0x0000000100731d20@2a5647f3)
2026-04-26 16:36:16 GMT [AWT-EventQueue-0] DEBUG n.runelite.client.eventbus.EventBus - Registering class net.runelite.api.events.NpcSpawned - EventBus.Subscriber(object=net.runelite.client.plugins.cluescrolls.ClueScrollPlugin@6c101cc1, method=public void net.runelite.client.plugins.cluescrolls.ClueScrollPlugin.onNpcSpawned(net.runelite.api.events.NpcSpawned), priority=0.0, lambda=net.runelite.client.plugins.cluescrolls.ClueScrollPlugin$$Lambda/0x0000000100730800@4c234d1)
2026-04-26 16:36:16 GMT [AWT-EventQueue-0] DEBUG n.runelite.client.eventbus.EventBus - Registering class net.runelite.api.events.NpcDespawned - EventBus.Subscriber(object=net.runelite.client.plugins.cluescrolls.ClueScrollPlugin@6c101cc1, method=public void net.runelite.client.plugins.cluescrolls.ClueScrollPlugin.onNpcDespawned(net.runelite.api.events.NpcDespawned), priority=0.0, lambda=net.runelite.client.plugins.cluescrolls.ClueScrollPlugin$$Lambda/0x0000000100730a38@737f7463)
2026-04-26 16:36:16 GMT [AWT-EventQueue-0] DEBUG n.runelite.client.eventbus.EventBus - Registering class net.runelite.api.events.GameTick - EventBus.Subscriber(object=net.runelite.client.plugins.cluescrolls.ClueScrollPlugin@6c101cc1, method=public void net.runelite.client.plugins.cluescrolls.ClueScrollPlugin.onGameTick(net.runelite.api.events.GameTick), priority=0.0, lambda=net.runelite.client.plugins.cluescrolls.ClueScrollPlugin$$Lambda/0x0000000100730c70@6ddf2165)
2026-04-26 16:36:16 GMT [AWT-EventQueue-0] DEBUG n.runelite.client.eventbus.EventBus - Registering class net.runelite.api.events.ChatMessage - EventBus.Subscriber(object=net.runelite.client.plugins.cluescrolls.ClueScrollPlugin@6c101cc1, method=public void net.runelite.client.plugins.cluescrolls.ClueScrollPlugin.onChatMessage(net.runelite.api.events.ChatMessage), priority=0.0, lambda=net.runelite.client.plugins.cluescrolls.ClueScrollPlugin$$Lambda/0x0000000100738000@78e15ad6)
2026-04-26 16:36:16 GMT [AWT-EventQueue-0] DEBUG n.runelite.client.eventbus.EventBus - Registering class net.runelite.client.events.ConfigChanged - EventBus.Subscriber(object=net.runelite.client.plugins.cluescrolls.ClueScrollPlugin@6c101cc1, method=public void net.runelite.client.plugins.cluescrolls.ClueScrollPlugin.onConfigChanged(net.runelite.client.events.ConfigChanged), priority=0.0, lambda=net.runelite.client.plugins.cluescrolls.ClueScrollPlugin$$Lambda/0x0000000100738238@633006cb)
2026-04-26 16:36:16 GMT [AWT-EventQueue-0] DEBUG n.runelite.client.eventbus.EventBus - Registering class net.runelite.api.events.GameStateChanged - EventBus.Subscriber(object=net.runelite.client.plugins.cluescrolls.ClueScrollPlugin@6c101cc1, method=public void net.runelite.client.plugins.cluescrolls.ClueScrollPlugin.onGameStateChanged(net.runelite.api.events.GameStateChanged), priority=0.0, lambda=net.runelite.client.plugins.cluescrolls.ClueScrollPlugin$$Lambda/0x0000000100738470@4eb9cfcd)
2026-04-26 16:36:16 GMT [AWT-EventQueue-0] DEBUG n.runelite.client.eventbus.EventBus - Registering class net.runelite.api.events.MenuOptionClicked - EventBus.Subscriber(object=net.runelite.client.plugins.cluescrolls.ClueScrollPlugin@6c101cc1, method=public void net.runelite.client.plugins.cluescrolls.ClueScrollPlugin.onMenuOptionClicked(net.runelite.api.events.MenuOptionClicked), priority=0.0, lambda=net.runelite.client.plugins.cluescrolls.ClueScrollPlugin$$Lambda/0x00000001007386a8@5c774eb9)
2026-04-26 16:36:16 GMT [AWT-EventQueue-0] DEBUG n.runelite.client.eventbus.EventBus - Registering class net.runelite.api.events.GameObjectDespawned - EventBus.Subscriber(object=net.runelite.client.plugins.cluescrolls.ClueScrollPlugin@6c101cc1, method=public void net.runelite.client.plugins.cluescrolls.ClueScrollPlugin.onGameObjectDespawned(net.runelite.api.events.GameObjectDespawned), priority=0.0, lambda=net.runelite.client.plugins.cluescrolls.ClueScrollPlugin$$Lambda/0x00000001007388e0@3b8759)
2026-04-26 16:36:16 GMT [AWT-EventQueue-0] DEBUG n.runelite.client.eventbus.EventBus - Registering class net.runelite.api.events.GameObjectSpawned - EventBus.Subscriber(object=net.runelite.client.plugins.cluescrolls.ClueScrollPlugin@6c101cc1, method=public void net.runelite.client.plugins.cluescrolls.ClueScrollPlugin.onGameObjectSpawned(net.runelite.api.events.GameObjectSpawned), priority=0.0, lambda=net.runelite.client.plugins.cluescrolls.ClueScrollPlugin$$Lambda/0x0000000100738b18@496c6bbf)
2026-04-26 16:36:16 GMT [AWT-EventQueue-0] DEBUG n.runelite.client.eventbus.EventBus - Registering class net.runelite.api.events.WallObjectDespawned - EventBus.Subscriber(object=net.runelite.client.plugins.cluescrolls.ClueScrollPlugin@6c101cc1, method=public void net.runelite.client.plugins.cluescrolls.ClueScrollPlugin.onWallObjectDespawned(net.runelite.api.events.WallObjectDespawned), priority=0.0, lambda=net.runelite.client.plugins.cluescrolls.ClueScrollPlugin$$Lambda/0x0000000100738d50@72937be6)
2026-04-26 16:36:16 GMT [AWT-EventQueue-0] DEBUG n.runelite.client.eventbus.EventBus - Registering class net.runelite.api.events.ItemContainerChanged - EventBus.Subscriber(object=net.runelite.client.plugins.cluescrolls.ClueScrollPlugin@6c101cc1, method=public void net.runelite.client.plugins.cluescrolls.ClueScrollPlugin.onItemContainerChanged(net.runelite.api.events.ItemContainerChanged), priority=0.0, lambda=net.runelite.client.plugins.cluescrolls.ClueScrollPlugin$$Lambda/0x0000000100738f88@30bb6dcf)
2026-04-26 16:36:16 GMT [AWT-EventQueue-0] DEBUG n.runelite.client.eventbus.EventBus - Registering class net.runelite.api.events.GroundObjectSpawned - EventBus.Subscriber(object=net.runelite.client.plugins.cluescrolls.ClueScrollPlugin@6c101cc1, method=public void net.runelite.client.plugins.cluescrolls.ClueScrollPlugin.onGroundObjectSpawned(net.runelite.api.events.GroundObjectSpawned), priority=0.0, lambda=net.runelite.client.plugins.cluescrolls.ClueScrollPlugin$$Lambda/0x00000001007391c0@60e5651)
2026-04-26 16:36:16 GMT [AWT-EventQueue-0] DEBUG n.runelite.client.eventbus.EventBus - Registering class net.runelite.api.events.WallObjectSpawned - EventBus.Subscriber(object=net.runelite.client.plugins.cluescrolls.ClueScrollPlugin@6c101cc1, method=public void net.runelite.client.plugins.cluescrolls.ClueScrollPlugin.onWallObjectSpawned(net.runelite.api.events.WallObjectSpawned), priority=0.0, lambda=net.runelite.client.plugins.cluescrolls.ClueScrollPlugin$$Lambda/0x00000001007393f8@7169a443)
2026-04-26 16:36:16 GMT [AWT-EventQueue-0] DEBUG n.runelite.client.eventbus.EventBus - Registering class net.runelite.api.events.CommandExecuted - EventBus.Subscriber(object=net.runelite.client.plugins.cluescrolls.ClueScrollPlugin@6c101cc1, method=public void net.runelite.client.plugins.cluescrolls.ClueScrollPlugin.onCommandExecuted(net.runelite.api.events.CommandExecuted), priority=0.0, lambda=net.runelite.client.plugins.cluescrolls.ClueScrollPlugin$$Lambda/0x0000000100739630@305f9ffe)
2026-04-26 16:36:16 GMT [AWT-EventQueue-0] DEBUG n.r.client.plugins.PluginManager - Plugin BlastFurnacePlugin is now running
2026-04-26 16:36:16 GMT [AWT-EventQueue-0] DEBUG n.runelite.client.eventbus.EventBus - Registering class net.runelite.api.events.GameTick - EventBus.Subscriber(object=net.runelite.client.plugins.blastfurnace.BlastFurnacePlugin@22a10ac6, method=public void net.runelite.client.plugins.blastfurnace.BlastFurnacePlugin.onGameTick(net.runelite.api.events.GameTick), priority=0.0, lambda=net.runelite.client.plugins.blastfurnace.BlastFurnacePlugin$$Lambda/0x0000000100739868@fb8e678)
2026-04-26 16:36:16 GMT [AWT-EventQueue-0] DEBUG n.runelite.client.eventbus.EventBus - Registering class net.runelite.api.events.GameStateChanged - EventBus.Subscriber(object=net.runelite.client.plugins.blastfurnace.BlastFurnacePlugin@22a10ac6, method=public void net.runelite.client.plugins.blastfurnace.BlastFurnacePlugin.onGameStateChanged(net.runelite.api.events.GameStateChanged), priority=0.0, lambda=net.runelite.client.plugins.blastfurnace.BlastFurnacePlugin$$Lambda/0x0000000100739aa0@794578d4)
2026-04-26 16:36:16 GMT [AWT-EventQueue-0] DEBUG n.runelite.client.eventbus.EventBus - Registering class net.runelite.api.events.GameObjectDespawned - EventBus.Subscriber(object=net.runelite.client.plugins.blastfurnace.BlastFurnacePlugin@22a10ac6, method=public void net.runelite.client.plugins.blastfurnace.BlastFurnacePlugin.onGameObjectDespawned(net.runelite.api.events.GameObjectDespawned), priority=0.0, lambda=net.runelite.client.plugins.blastfurnace.BlastFurnacePlugin$$Lambda/0x0000000100739cd8@1a5d1659)
2026-04-26 16:36:16 GMT [AWT-EventQueue-0] DEBUG n.runelite.client.eventbus.EventBus - Registering class net.runelite.api.events.GameObjectSpawned - EventBus.Subscriber(object=net.runelite.client.plugins.blastfurnace.BlastFurnacePlugin@22a10ac6, method=public void net.runelite.client.plugins.blastfurnace.BlastFurnacePlugin.onGameObjectSpawned(net.runelite.api.events.GameObjectSpawned), priority=0.0, lambda=net.runelite.client.plugins.blastfurnace.BlastFurnacePlugin$$Lambda/0x0000000100739f10@1175a25f)
2026-04-26 16:36:16 GMT [AWT-EventQueue-0] DEBUG n.r.client.plugins.PluginManager - Plugin PohPlugin is now running
2026-04-26 16:36:16 GMT [AWT-EventQueue-0] DEBUG n.runelite.client.eventbus.EventBus - Registering class net.runelite.api.events.DecorativeObjectDespawned - EventBus.Subscriber(object=net.runelite.client.plugins.poh.PohPlugin@6fc6deb7, method=public void net.runelite.client.plugins.poh.PohPlugin.onDecorativeObjectDespawned(net.runelite.api.events.DecorativeObjectDespawned), priority=0.0, lambda=net.runelite.client.plugins.poh.PohPlugin$$Lambda/0x000000010073a3d0@44db826b)
2026-04-26 16:36:16 GMT [AWT-EventQueue-0] DEBUG n.runelite.client.eventbus.EventBus - Registering class net.runelite.api.events.DecorativeObjectSpawned - EventBus.Subscriber(object=net.runelite.client.plugins.poh.PohPlugin@6fc6deb7, method=public void net.runelite.client.plugins.poh.PohPlugin.onDecorativeObjectSpawned(net.runelite.api.events.DecorativeObjectSpawned), priority=0.0, lambda=net.runelite.client.plugins.poh.PohPlugin$$Lambda/0x000000010073a608@1c495709)
2026-04-26 16:36:16 GMT [AWT-EventQueue-0] DEBUG n.runelite.client.eventbus.EventBus - Registering class net.runelite.client.events.ConfigChanged - EventBus.Subscriber(object=net.runelite.client.plugins.poh.PohPlugin@6fc6deb7, method=public void net.runelite.client.plugins.poh.PohPlugin.onConfigChanged(net.runelite.client.events.ConfigChanged), priority=0.0, lambda=net.runelite.client.plugins.poh.PohPlugin$$Lambda/0x000000010073a840@775bfe4)
2026-04-26 16:36:16 GMT [AWT-EventQueue-0] DEBUG n.runelite.client.eventbus.EventBus - Registering class net.runelite.api.events.GameStateChanged - EventBus.Subscriber(object=net.runelite.client.plugins.poh.PohPlugin@6fc6deb7, method=public void net.runelite.client.plugins.poh.PohPlugin.onGameStateChanged(net.runelite.api.events.GameStateChanged), priority=0.0, lambda=net.runelite.client.plugins.poh.PohPlugin$$Lambda/0x000000010073aa78@62033b18)
2026-04-26 16:36:16 GMT [AWT-EventQueue-0] DEBUG n.runelite.client.eventbus.EventBus - Registering class net.runelite.api.events.GameObjectDespawned - EventBus.Subscriber(object=net.runelite.client.plugins.poh.PohPlugin@6fc6deb7, method=public void net.runelite.client.plugins.poh.PohPlugin.onGameObjectDespawned(net.runelite.api.events.GameObjectDespawned), priority=0.0, lambda=net.runelite.client.plugins.poh.PohPlugin$$Lambda/0x000000010073acb0@7ac15eb8)
2026-04-26 16:36:16 GMT [AWT-EventQueue-0] DEBUG n.runelite.client.eventbus.EventBus - Registering class net.runelite.api.events.GameObjectSpawned - EventBus.Subscriber(object=net.runelite.client.plugins.poh.PohPlugin@6fc6deb7, method=public void net.runelite.client.plugins.poh.PohPlugin.onGameObjectSpawned(net.runelite.api.events.GameObjectSpawned), priority=0.0, lambda=net.runelite.client.plugins.poh.PohPlugin$$Lambda/0x000000010073aee8@134b4707)
2026-04-26 16:36:16 GMT [AWT-EventQueue-0] DEBUG n.runelite.client.eventbus.EventBus - Registering class net.runelite.api.events.AnimationChanged - EventBus.Subscriber(object=net.runelite.client.plugins.poh.PohPlugin@6fc6deb7, method=public void net.runelite.client.plugins.poh.PohPlugin.onAnimationChanged(net.runelite.api.events.AnimationChanged), priority=0.0, lambda=net.runelite.client.plugins.poh.PohPlugin$$Lambda/0x000000010073b120@39ba3081)
2026-04-26 16:36:16 GMT [AWT-EventQueue-0] DEBUG net.runelite.client.input.KeyManager - Registering key listener: net.runelite.client.plugins.bank.BankPlugin$1@ab5b96d
2026-04-26 16:36:16 GMT [AWT-EventQueue-0] DEBUG n.r.client.plugins.PluginManager - Plugin BankPlugin is now running
2026-04-26 16:36:16 GMT [AWT-EventQueue-0] DEBUG n.runelite.client.eventbus.EventBus - Registering class net.runelite.api.events.WidgetLoaded - EventBus.Subscriber(object=net.runelite.client.plugins.bank.BankPlugin@6f9c5048, method=public void net.runelite.client.plugins.bank.BankPlugin.onWidgetLoaded(net.runelite.api.events.WidgetLoaded), priority=0.0, lambda=net.runelite.client.plugins.bank.BankPlugin$$Lambda/0x000000010073b358@7ed01d79)
2026-04-26 16:36:16 GMT [AWT-EventQueue-0] DEBUG n.runelite.client.eventbus.EventBus - Registering class net.runelite.api.events.MenuEntryAdded - EventBus.Subscriber(object=net.runelite.client.plugins.bank.BankPlugin@6f9c5048, method=public void net.runelite.client.plugins.bank.BankPlugin.onMenuEntryAdded(net.runelite.api.events.MenuEntryAdded), priority=0.0, lambda=net.runelite.client.plugins.bank.BankPlugin$$Lambda/0x000000010073b590@315fa966)
2026-04-26 16:36:16 GMT [AWT-EventQueue-0] DEBUG n.runelite.client.eventbus.EventBus - Registering class net.runelite.api.events.ScriptCallbackEvent - EventBus.Subscriber(object=net.runelite.client.plugins.bank.BankPlugin@6f9c5048, method=public void net.runelite.client.plugins.bank.BankPlugin.onScriptCallbackEvent(net.runelite.api.events.ScriptCallbackEvent), priority=0.0, lambda=net.runelite.client.plugins.bank.BankPlugin$$Lambda/0x000000010073b7c8@710941f7)
2026-04-26 16:36:16 GMT [AWT-EventQueue-0] DEBUG n.runelite.client.eventbus.EventBus - Registering class net.runelite.api.events.ItemContainerChanged - EventBus.Subscriber(object=net.runelite.client.plugins.bank.BankPlugin@6f9c5048, method=public void net.runelite.client.plugins.bank.BankPlugin.onItemContainerChanged(net.runelite.api.events.ItemContainerChanged), priority=0.0, lambda=net.runelite.client.plugins.bank.BankPlugin$$Lambda/0x000000010073bc28@1bd13a06)
2026-04-26 16:36:16 GMT [AWT-EventQueue-0] DEBUG n.runelite.client.eventbus.EventBus - Registering class net.runelite.api.events.ScriptPostFired - EventBus.Subscriber(object=net.runelite.client.plugins.bank.BankPlugin@6f9c5048, method=public void net.runelite.client.plugins.bank.BankPlugin.onScriptPostFired(net.runelite.api.events.ScriptPostFired), priority=0.0, lambda=net.runelite.client.plugins.bank.BankPlugin$$Lambda/0x000000010073be60@4a3f4fde)
2026-04-26 16:36:16 GMT [AWT-EventQueue-0] DEBUG n.runelite.client.eventbus.EventBus - Registering class net.runelite.api.events.ScriptPreFired - EventBus.Subscriber(object=net.runelite.client.plugins.bank.BankPlugin@6f9c5048, method=public void net.runelite.client.plugins.bank.BankPlugin.onScriptPreFired(net.runelite.api.events.ScriptPreFired), priority=1.0, lambda=net.runelite.client.plugins.bank.BankPlugin$$Lambda/0x000000010073c098@42575bf8)
2026-04-26 16:36:16 GMT [AWT-EventQueue-0] DEBUG n.runelite.client.eventbus.EventBus - Registering class net.runelite.api.events.MenuShouldLeftClick - EventBus.Subscriber(object=net.runelite.client.plugins.bank.BankPlugin@6f9c5048, method=public void net.runelite.client.plugins.bank.BankPlugin.onMenuShouldLeftClick(net.runelite.api.events.MenuShouldLeftClick), priority=0.0, lambda=net.runelite.client.plugins.bank.BankPlugin$$Lambda/0x000000010073c2d0@16b7e255)
2026-04-26 16:36:16 GMT [AWT-EventQueue-0] DEBUG n.r.client.plugins.PluginManager - Plugin AnimationSmoothingPlugin is now running
2026-04-26 16:36:16 GMT [AWT-EventQueue-0] DEBUG n.r.client.plugins.PluginManager - Plugin GroundMarkerPlugin is now running
2026-04-26 16:36:16 GMT [AWT-EventQueue-0] DEBUG n.runelite.client.eventbus.EventBus - Registering class net.runelite.client.events.ConfigChanged - EventBus.Subscriber(object=net.runelite.client.plugins.groundmarkers.GroundMarkerPlugin@1cdc1bbc, method=public void net.runelite.client.plugins.groundmarkers.GroundMarkerPlugin.onConfigChanged(net.runelite.client.events.ConfigChanged), priority=0.0, lambda=net.runelite.client.plugins.groundmarkers.GroundMarkerPlugin$$Lambda/0x000000010073cff8@62ccce2b)
2026-04-26 16:36:16 GMT [AWT-EventQueue-0] DEBUG n.runelite.client.eventbus.EventBus - Registering class net.runelite.api.events.MenuEntryAdded - EventBus.Subscriber(object=net.runelite.client.plugins.groundmarkers.GroundMarkerPlugin@1cdc1bbc, method=public void net.runelite.client.plugins.groundmarkers.GroundMarkerPlugin.onMenuEntryAdded(net.runelite.api.events.MenuEntryAdded), priority=0.0, lambda=net.runelite.client.plugins.groundmarkers.GroundMarkerPlugin$$Lambda/0x000000010073d230@3bcfab71)
2026-04-26 16:36:16 GMT [AWT-EventQueue-0] DEBUG n.runelite.client.eventbus.EventBus - Registering class net.runelite.client.events.ProfileChanged - EventBus.Subscriber(object=net.runelite.client.plugins.groundmarkers.GroundMarkerPlugin@1cdc1bbc, method=public void net.runelite.client.plugins.groundmarkers.GroundMarkerPlugin.onProfileChanged(net.runelite.client.events.ProfileChanged), priority=0.0, lambda=net.runelite.client.plugins.groundmarkers.GroundMarkerPlugin$$Lambda/0x000000010073d468@24618510)
2026-04-26 16:36:16 GMT [AWT-EventQueue-0] DEBUG n.runelite.client.eventbus.EventBus - Registering class net.runelite.api.events.WorldViewUnloaded - EventBus.Subscriber(object=net.runelite.client.plugins.groundmarkers.GroundMarkerPlugin@1cdc1bbc, method=public void net.runelite.client.plugins.groundmarkers.GroundMarkerPlugin.onWorldViewUnloaded(net.runelite.api.events.WorldViewUnloaded), priority=0.0, lambda=net.runelite.client.plugins.groundmarkers.GroundMarkerPlugin$$Lambda/0x000000010073d6a0@4bebf6dc)
2026-04-26 16:36:16 GMT [AWT-EventQueue-0] DEBUG n.runelite.client.eventbus.EventBus - Registering class net.runelite.api.events.WorldViewLoaded - EventBus.Subscriber(object=net.runelite.client.plugins.groundmarkers.GroundMarkerPlugin@1cdc1bbc, method=public void net.runelite.client.plugins.groundmarkers.GroundMarkerPlugin.onWorldViewLoaded(net.runelite.api.events.WorldViewLoaded), priority=0.0, lambda=net.runelite.client.plugins.groundmarkers.GroundMarkerPlugin$$Lambda/0x000000010073d8d8@662b158)
2026-04-26 16:36:16 GMT [AWT-EventQueue-0] DEBUG net.runelite.client.input.KeyManager - Registering key listener: net.runelite.client.plugins.screenshot.ScreenshotPlugin$1@64229feb
2026-04-26 16:36:16 GMT [AWT-EventQueue-0] DEBUG n.r.client.plugins.PluginManager - Plugin ScreenshotPlugin is now running
2026-04-26 16:36:16 GMT [AWT-EventQueue-0] DEBUG n.runelite.client.eventbus.EventBus - Registering class net.runelite.api.events.WidgetLoaded - EventBus.Subscriber(object=net.runelite.client.plugins.screenshot.ScreenshotPlugin@7c112f5f, method=public void net.runelite.client.plugins.screenshot.ScreenshotPlugin.onWidgetLoaded(net.runelite.api.events.WidgetLoaded), priority=0.0, lambda=net.runelite.client.plugins.screenshot.ScreenshotPlugin$$Lambda/0x000000010073df58@3adc5ff5)
2026-04-26 16:36:16 GMT [AWT-EventQueue-0] DEBUG n.runelite.client.eventbus.EventBus - Registering class net.runelite.api.events.GameTick - EventBus.Subscriber(object=net.runelite.client.plugins.screenshot.ScreenshotPlugin@7c112f5f, method=public void net.runelite.client.plugins.screenshot.ScreenshotPlugin.onGameTick(net.runelite.api.events.GameTick), priority=0.0, lambda=net.runelite.client.plugins.screenshot.ScreenshotPlugin$$Lambda/0x000000010073e190@24241ce1)
2026-04-26 16:36:16 GMT [AWT-EventQueue-0] DEBUG n.runelite.client.eventbus.EventBus - Registering class net.runelite.api.events.ChatMessage - EventBus.Subscriber(object=net.runelite.client.plugins.screenshot.ScreenshotPlugin@7c112f5f, method=public void net.runelite.client.plugins.screenshot.ScreenshotPlugin.onChatMessage(net.runelite.api.events.ChatMessage), priority=0.0, lambda=net.runelite.client.plugins.screenshot.ScreenshotPlugin$$Lambda/0x000000010073e3c8@3732fc1e)
2026-04-26 16:36:16 GMT [AWT-EventQueue-0] DEBUG n.runelite.client.eventbus.EventBus - Registering class net.runelite.api.events.ActorDeath - EventBus.Subscriber(object=net.runelite.client.plugins.screenshot.ScreenshotPlugin@7c112f5f, method=public void net.runelite.client.plugins.screenshot.ScreenshotPlugin.onActorDeath(net.runelite.api.events.ActorDeath), priority=0.0, lambda=net.runelite.client.plugins.screenshot.ScreenshotPlugin$$Lambda/0x000000010073e600@bd4f87c)
2026-04-26 16:36:16 GMT [AWT-EventQueue-0] DEBUG n.runelite.client.eventbus.EventBus - Registering class net.runelite.api.events.ScriptCallbackEvent - EventBus.Subscriber(object=net.runelite.client.plugins.screenshot.ScreenshotPlugin@7c112f5f, method=public void net.runelite.client.plugins.screenshot.ScreenshotPlugin.onScriptCallbackEvent(net.runelite.api.events.ScriptCallbackEvent), priority=0.0, lambda=net.runelite.client.plugins.screenshot.ScreenshotPlugin$$Lambda/0x000000010073e838@de6c9de)
2026-04-26 16:36:16 GMT [AWT-EventQueue-0] DEBUG n.runelite.client.eventbus.EventBus - Registering class net.runelite.api.events.ScriptPostFired - EventBus.Subscriber(object=net.runelite.client.plugins.screenshot.ScreenshotPlugin@7c112f5f, method=public void net.runelite.client.plugins.screenshot.ScreenshotPlugin.onScriptPostFired(net.runelite.api.events.ScriptPostFired), priority=0.0, lambda=net.runelite.client.plugins.screenshot.ScreenshotPlugin$$Lambda/0x000000010073ea70@372b4269)
2026-04-26 16:36:16 GMT [AWT-EventQueue-0] DEBUG n.runelite.client.eventbus.EventBus - Registering class net.runelite.api.events.ScriptPreFired - EventBus.Subscriber(object=net.runelite.client.plugins.screenshot.ScreenshotPlugin@7c112f5f, method=public void net.runelite.client.plugins.screenshot.ScreenshotPlugin.onScriptPreFired(net.runelite.api.events.ScriptPreFired), priority=0.0, lambda=net.runelite.client.plugins.screenshot.ScreenshotPlugin$$Lambda/0x000000010073eca8@132a7b3)
2026-04-26 16:36:16 GMT [AWT-EventQueue-0] DEBUG n.runelite.client.eventbus.EventBus - Registering class net.runelite.api.events.PostClientTick - EventBus.Subscriber(object=net.runelite.client.plugins.screenshot.ScreenshotPlugin@7c112f5f, method=private void net.runelite.client.plugins.screenshot.ScreenshotPlugin.onPostClientTick(net.runelite.api.events.PostClientTick), priority=0.0, lambda=net.runelite.client.plugins.screenshot.ScreenshotPlugin$$Lambda/0x000000010073eee0@759dd3b6)
2026-04-26 16:36:16 GMT [AWT-EventQueue-0] DEBUG n.runelite.client.eventbus.EventBus - Registering class net.runelite.api.events.AnimationChanged - EventBus.Subscriber(object=net.runelite.client.plugins.screenshot.ScreenshotPlugin@7c112f5f, method=public void net.runelite.client.plugins.screenshot.ScreenshotPlugin.onAnimationChanged(net.runelite.api.events.AnimationChanged), priority=0.0, lambda=net.runelite.client.plugins.screenshot.ScreenshotPlugin$$Lambda/0x000000010073f118@521cfd68)
2026-04-26 16:36:16 GMT [AWT-EventQueue-0] DEBUG n.runelite.client.eventbus.EventBus - Registering class net.runelite.client.events.PlayerLootReceived - EventBus.Subscriber(object=net.runelite.client.plugins.screenshot.ScreenshotPlugin@7c112f5f, method=public void net.runelite.client.plugins.screenshot.ScreenshotPlugin.onPlayerLootReceived(net.runelite.client.events.PlayerLootReceived), priority=0.0, lambda=net.runelite.client.plugins.screenshot.ScreenshotPlugin$$Lambda/0x000000010073f350@16864913)
2026-04-26 16:36:16 GMT [AWT-EventQueue-0] DEBUG n.r.client.plugins.PluginManager - Plugin NpcIndicatorsPlugin is now running
2026-04-26 16:36:16 GMT [AWT-EventQueue-0] DEBUG n.runelite.client.eventbus.EventBus - Registering class net.runelite.api.events.GraphicsObjectCreated - EventBus.Subscriber(object=net.runelite.client.plugins.npchighlight.NpcIndicatorsPlugin@5984feef, method=public void net.runelite.client.plugins.npchighlight.NpcIndicatorsPlugin.onGraphicsObjectCreated(net.runelite.api.events.GraphicsObjectCreated), priority=0.0, lambda=net.runelite.client.plugins.npchighlight.NpcIndicatorsPlugin$$Lambda/0x000000010073fc10@196a2f78)
2026-04-26 16:36:16 GMT [AWT-EventQueue-0] DEBUG n.runelite.client.eventbus.EventBus - Registering class net.runelite.api.events.NpcSpawned - EventBus.Subscriber(object=net.runelite.client.plugins.npchighlight.NpcIndicatorsPlugin@5984feef, method=public void net.runelite.client.plugins.npchighlight.NpcIndicatorsPlugin.onNpcSpawned(net.runelite.api.events.NpcSpawned), priority=0.0, lambda=net.runelite.client.plugins.npchighlight.NpcIndicatorsPlugin$$Lambda/0x0000000100740000@435ca367)
2026-04-26 16:36:16 GMT [AWT-EventQueue-0] DEBUG n.runelite.client.eventbus.EventBus - Registering class net.runelite.api.events.NpcDespawned - EventBus.Subscriber(object=net.runelite.client.plugins.npchighlight.NpcIndicatorsPlugin@5984feef, method=public void net.runelite.client.plugins.npchighlight.NpcIndicatorsPlugin.onNpcDespawned(net.runelite.api.events.NpcDespawned), priority=0.0, lambda=net.runelite.client.plugins.npchighlight.NpcIndicatorsPlugin$$Lambda/0x0000000100740238@7062c24)
2026-04-26 16:36:16 GMT [AWT-EventQueue-0] DEBUG n.runelite.client.eventbus.EventBus - Registering class net.runelite.api.events.GameTick - EventBus.Subscriber(object=net.runelite.client.plugins.npchighlight.NpcIndicatorsPlugin@5984feef, method=public void net.runelite.client.plugins.npchighlight.NpcIndicatorsPlugin.onGameTick(net.runelite.api.events.GameTick), priority=0.0, lambda=net.runelite.client.plugins.npchighlight.NpcIndicatorsPlugin$$Lambda/0x0000000100740470@3f2aa047)
2026-04-26 16:36:16 GMT [AWT-EventQueue-0] DEBUG n.runelite.client.eventbus.EventBus - Registering class net.runelite.api.events.NpcChanged - EventBus.Subscriber(object=net.runelite.client.plugins.npchighlight.NpcIndicatorsPlugin@5984feef, method=public void net.runelite.client.plugins.npchighlight.NpcIndicatorsPlugin.onNpcChanged(net.runelite.api.events.NpcChanged), priority=0.0, lambda=net.runelite.client.plugins.npchighlight.NpcIndicatorsPlugin$$Lambda/0x00000001007406a8@38cfc39a)
2026-04-26 16:36:16 GMT [AWT-EventQueue-0] DEBUG n.runelite.client.eventbus.EventBus - Registering class net.runelite.client.events.ConfigChanged - EventBus.Subscriber(object=net.runelite.client.plugins.npchighlight.NpcIndicatorsPlugin@5984feef, method=public void net.runelite.client.plugins.npchighlight.NpcIndicatorsPlugin.onConfigChanged(net.runelite.client.events.ConfigChanged), priority=0.0, lambda=net.runelite.client.plugins.npchighlight.NpcIndicatorsPlugin$$Lambda/0x00000001007408e0@10f8a3f6)
2026-04-26 16:36:16 GMT [AWT-EventQueue-0] DEBUG n.runelite.client.eventbus.EventBus - Registering class net.runelite.api.events.GameStateChanged - EventBus.Subscriber(object=net.runelite.client.plugins.npchighlight.NpcIndicatorsPlugin@5984feef, method=public void net.runelite.client.plugins.npchighlight.NpcIndicatorsPlugin.onGameStateChanged(net.runelite.api.events.GameStateChanged), priority=0.0, lambda=net.runelite.client.plugins.npchighlight.NpcIndicatorsPlugin$$Lambda/0x0000000100740b18@2d4308da)
2026-04-26 16:36:16 GMT [AWT-EventQueue-0] DEBUG n.runelite.client.eventbus.EventBus - Registering class net.runelite.api.events.MenuEntryAdded - EventBus.Subscriber(object=net.runelite.client.plugins.npchighlight.NpcIndicatorsPlugin@5984feef, method=public void net.runelite.client.plugins.npchighlight.NpcIndicatorsPlugin.onMenuEntryAdded(net.runelite.api.events.MenuEntryAdded), priority=0.0, lambda=net.runelite.client.plugins.npchighlight.NpcIndicatorsPlugin$$Lambda/0x0000000100740d50@5202dce3)
2026-04-26 16:36:16 GMT [AWT-EventQueue-0] DEBUG n.r.client.plugins.PluginManager - Plugin ReportButtonPlugin is now running
2026-04-26 16:36:16 GMT [AWT-EventQueue-0] DEBUG n.runelite.client.eventbus.EventBus - Registering class net.runelite.api.events.GameTick - EventBus.Subscriber(object=net.runelite.client.plugins.reportbutton.ReportButtonPlugin@3d19d85, method=public void net.runelite.client.plugins.reportbutton.ReportButtonPlugin.onGameTick(net.runelite.api.events.GameTick), priority=0.0, lambda=net.runelite.client.plugins.reportbutton.ReportButtonPlugin$$Lambda/0x00000001007411b0@7e773b7c)
2026-04-26 16:36:16 GMT [AWT-EventQueue-0] DEBUG n.runelite.client.eventbus.EventBus - Registering class net.runelite.client.events.ConfigChanged - EventBus.Subscriber(object=net.runelite.client.plugins.reportbutton.ReportButtonPlugin@3d19d85, method=public void net.runelite.client.plugins.reportbutton.ReportButtonPlugin.onConfigChanged(net.runelite.client.events.ConfigChanged), priority=0.0, lambda=net.runelite.client.plugins.reportbutton.ReportButtonPlugin$$Lambda/0x00000001007413e8@20bfa965)
2026-04-26 16:36:16 GMT [AWT-EventQueue-0] DEBUG n.runelite.client.eventbus.EventBus - Registering class net.runelite.api.events.GameStateChanged - EventBus.Subscriber(object=net.runelite.client.plugins.reportbutton.ReportButtonPlugin@3d19d85, method=public void net.runelite.client.plugins.reportbutton.ReportButtonPlugin.onGameStateChanged(net.runelite.api.events.GameStateChanged), priority=0.0, lambda=net.runelite.client.plugins.reportbutton.ReportButtonPlugin$$Lambda/0x0000000100741620@97e6378)
2026-04-26 16:36:16 GMT [AWT-EventQueue-0] DEBUG n.r.client.plugins.PluginManager - Scheduled task ScheduledMethod(schedule=@net.runelite.client.task.Schedule(asynchronous=false, period=500L, unit=MILLIS), method=public void net.runelite.client.plugins.reportbutton.ReportButtonPlugin.updateSchedule(), object=net.runelite.client.plugins.reportbutton.ReportButtonPlugin@3d19d85, lambda=net.runelite.client.plugins.reportbutton.ReportButtonPlugin$$Lambda/0x0000000100741858@5ede8a6a, last=2026-04-26T16:36:16.551901432Z)
2026-04-26 16:36:16 GMT [AWT-EventQueue-0] DEBUG n.runelite.client.eventbus.EventBus - Registering class net.runelite.api.events.ScriptPreFired - EventBus.Subscriber(object=net.runelite.client.plugins.wiki.WikiDpsManager@323415c3, method=public void net.runelite.client.plugins.wiki.WikiDpsManager.onScriptPreFired(net.runelite.api.events.ScriptPreFired), priority=0.0, lambda=net.runelite.client.plugins.wiki.WikiDpsManager$$Lambda/0x0000000100741ca8@18135435)
2026-04-26 16:36:16 GMT [AWT-EventQueue-0] DEBUG n.r.client.plugins.PluginManager - Plugin WikiPlugin is now running
2026-04-26 16:36:16 GMT [AWT-EventQueue-0] DEBUG n.runelite.client.eventbus.EventBus - Registering class net.runelite.api.events.WidgetLoaded - EventBus.Subscriber(object=net.runelite.client.plugins.wiki.WikiPlugin@1e3e1014, method=private void net.runelite.client.plugins.wiki.WikiPlugin.onWidgetLoaded(net.runelite.api.events.WidgetLoaded), priority=0.0, lambda=net.runelite.client.plugins.wiki.WikiPlugin$$Lambda/0x0000000100742108@4b27b6bd)
2026-04-26 16:36:16 GMT [AWT-EventQueue-0] DEBUG n.runelite.client.eventbus.EventBus - Registering class net.runelite.client.events.ConfigChanged - EventBus.Subscriber(object=net.runelite.client.plugins.wiki.WikiPlugin@1e3e1014, method=public void net.runelite.client.plugins.wiki.WikiPlugin.onConfigChanged(net.runelite.client.events.ConfigChanged), priority=0.0, lambda=net.runelite.client.plugins.wiki.WikiPlugin$$Lambda/0x0000000100742340@42091792)
2026-04-26 16:36:16 GMT [AWT-EventQueue-0] DEBUG n.runelite.client.eventbus.EventBus - Registering class net.runelite.api.events.MenuEntryAdded - EventBus.Subscriber(object=net.runelite.client.plugins.wiki.WikiPlugin@1e3e1014, method=public void net.runelite.client.plugins.wiki.WikiPlugin.onMenuEntryAdded(net.runelite.api.events.MenuEntryAdded), priority=0.0, lambda=net.runelite.client.plugins.wiki.WikiPlugin$$Lambda/0x0000000100742578@14b0b826)
2026-04-26 16:36:16 GMT [AWT-EventQueue-0] DEBUG n.runelite.client.eventbus.EventBus - Registering class net.runelite.api.events.MenuOptionClicked - EventBus.Subscriber(object=net.runelite.client.plugins.wiki.WikiPlugin@1e3e1014, method=private void net.runelite.client.plugins.wiki.WikiPlugin.onMenuOptionClicked(net.runelite.api.events.MenuOptionClicked), priority=0.0, lambda=net.runelite.client.plugins.wiki.WikiPlugin$$Lambda/0x00000001007427b0@68e6ea9f)
2026-04-26 16:36:16 GMT [AWT-EventQueue-0] DEBUG n.runelite.client.eventbus.EventBus - Registering class net.runelite.api.events.ScriptPostFired - EventBus.Subscriber(object=net.runelite.client.plugins.wiki.WikiPlugin@1e3e1014, method=public void net.runelite.client.plugins.wiki.WikiPlugin.onScriptPostFired(net.runelite.api.events.ScriptPostFired), priority=0.0, lambda=net.runelite.client.plugins.wiki.WikiPlugin$$Lambda/0x00000001007429e8@38d71b04)
2026-04-26 16:36:16 GMT [AWT-EventQueue-0] DEBUG n.r.client.plugins.PluginManager - Plugin HerbiboarPlugin is now running
2026-04-26 16:36:16 GMT [AWT-EventQueue-0] DEBUG n.runelite.client.eventbus.EventBus - Registering class net.runelite.api.events.GroundObjectDespawned - EventBus.Subscriber(object=net.runelite.client.plugins.herbiboars.HerbiboarPlugin@4462efe1, method=public void net.runelite.client.plugins.herbiboars.HerbiboarPlugin.onGroundObjectDespawned(net.runelite.api.events.GroundObjectDespawned), priority=0.0, lambda=net.runelite.client.plugins.herbiboars.HerbiboarPlugin$$Lambda/0x0000000100742c20@4be90d0e)
2026-04-26 16:36:16 GMT [AWT-EventQueue-0] DEBUG n.runelite.client.eventbus.EventBus - Registering class net.runelite.api.events.GameStateChanged - EventBus.Subscriber(object=net.runelite.client.plugins.herbiboars.HerbiboarPlugin@4462efe1, method=public void net.runelite.client.plugins.herbiboars.HerbiboarPlugin.onGameStateChanged(net.runelite.api.events.GameStateChanged), priority=0.0, lambda=net.runelite.client.plugins.herbiboars.HerbiboarPlugin$$Lambda/0x0000000100742e58@5dfb27f9)
2026-04-26 16:36:16 GMT [AWT-EventQueue-0] DEBUG n.runelite.client.eventbus.EventBus - Registering class net.runelite.api.events.MenuOptionClicked - EventBus.Subscriber(object=net.runelite.client.plugins.herbiboars.HerbiboarPlugin@4462efe1, method=public void net.runelite.client.plugins.herbiboars.HerbiboarPlugin.onMenuOptionClicked(net.runelite.api.events.MenuOptionClicked), priority=0.0, lambda=net.runelite.client.plugins.herbiboars.HerbiboarPlugin$$Lambda/0x0000000100743090@6f341697)
2026-04-26 16:36:16 GMT [AWT-EventQueue-0] DEBUG n.runelite.client.eventbus.EventBus - Registering class net.runelite.api.events.GameObjectDespawned - EventBus.Subscriber(object=net.runelite.client.plugins.herbiboars.HerbiboarPlugin@4462efe1, method=public void net.runelite.client.plugins.herbiboars.HerbiboarPlugin.onGameObjectDespawned(net.runelite.api.events.GameObjectDespawned), priority=0.0, lambda=net.runelite.client.plugins.herbiboars.HerbiboarPlugin$$Lambda/0x00000001007432c8@163e4d08)
2026-04-26 16:36:16 GMT [AWT-EventQueue-0] DEBUG n.runelite.client.eventbus.EventBus - Registering class net.runelite.api.events.VarbitChanged - EventBus.Subscriber(object=net.runelite.client.plugins.herbiboars.HerbiboarPlugin@4462efe1, method=public void net.runelite.client.plugins.herbiboars.HerbiboarPlugin.onVarbitChanged(net.runelite.api.events.VarbitChanged), priority=0.0, lambda=net.runelite.client.plugins.herbiboars.HerbiboarPlugin$$Lambda/0x0000000100743500@22782de)
2026-04-26 16:36:16 GMT [AWT-EventQueue-0] DEBUG n.runelite.client.eventbus.EventBus - Registering class net.runelite.api.events.GameObjectSpawned - EventBus.Subscriber(object=net.runelite.client.plugins.herbiboars.HerbiboarPlugin@4462efe1, method=public void net.runelite.client.plugins.herbiboars.HerbiboarPlugin.onGameObjectSpawned(net.runelite.api.events.GameObjectSpawned), priority=0.0, lambda=net.runelite.client.plugins.herbiboars.HerbiboarPlugin$$Lambda/0x0000000100743738@728f541)
2026-04-26 16:36:16 GMT [AWT-EventQueue-0] DEBUG n.runelite.client.eventbus.EventBus - Registering class net.runelite.api.events.GroundObjectSpawned - EventBus.Subscriber(object=net.runelite.client.plugins.herbiboars.HerbiboarPlugin@4462efe1, method=public void net.runelite.client.plugins.herbiboars.HerbiboarPlugin.onGroundObjectSpawned(net.runelite.api.events.GroundObjectSpawned), priority=0.0, lambda=net.runelite.client.plugins.herbiboars.HerbiboarPlugin$$Lambda/0x0000000100743970@316d80cb)
2026-04-26 16:36:16 GMT [AWT-EventQueue-0] DEBUG n.r.client.plugins.PluginManager - Plugin CorpPlugin is now running
2026-04-26 16:36:16 GMT [AWT-EventQueue-0] DEBUG n.runelite.client.eventbus.EventBus - Registering class net.runelite.api.events.NpcSpawned - EventBus.Subscriber(object=net.runelite.client.plugins.corp.CorpPlugin@4d6ccc97, method=public void net.runelite.client.plugins.corp.CorpPlugin.onNpcSpawned(net.runelite.api.events.NpcSpawned), priority=0.0, lambda=net.runelite.client.plugins.corp.CorpPlugin$$Lambda/0x0000000100743ba8@69952ae5)
2026-04-26 16:36:16 GMT [AWT-EventQueue-0] DEBUG n.runelite.client.eventbus.EventBus - Registering class net.runelite.api.events.NpcDespawned - EventBus.Subscriber(object=net.runelite.client.plugins.corp.CorpPlugin@4d6ccc97, method=public void net.runelite.client.plugins.corp.CorpPlugin.onNpcDespawned(net.runelite.api.events.NpcDespawned), priority=0.0, lambda=net.runelite.client.plugins.corp.CorpPlugin$$Lambda/0x0000000100743de0@29b6f07f)
2026-04-26 16:36:16 GMT [AWT-EventQueue-0] DEBUG n.runelite.client.eventbus.EventBus - Registering class net.runelite.api.events.GameStateChanged - EventBus.Subscriber(object=net.runelite.client.plugins.corp.CorpPlugin@4d6ccc97, method=public void net.runelite.client.plugins.corp.CorpPlugin.onGameStateChanged(net.runelite.api.events.GameStateChanged), priority=0.0, lambda=net.runelite.client.plugins.corp.CorpPlugin$$Lambda/0x0000000100744018@343181a2)
2026-04-26 16:36:16 GMT [AWT-EventQueue-0] DEBUG n.runelite.client.eventbus.EventBus - Registering class net.runelite.api.events.MenuEntryAdded - EventBus.Subscriber(object=net.runelite.client.plugins.corp.CorpPlugin@4d6ccc97, method=public void net.runelite.client.plugins.corp.CorpPlugin.onMenuEntryAdded(net.runelite.api.events.MenuEntryAdded), priority=0.0, lambda=net.runelite.client.plugins.corp.CorpPlugin$$Lambda/0x0000000100744250@5ef8ef7f)
2026-04-26 16:36:16 GMT [AWT-EventQueue-0] DEBUG n.runelite.client.eventbus.EventBus - Registering class net.runelite.api.events.VarbitChanged - EventBus.Subscriber(object=net.runelite.client.plugins.corp.CorpPlugin@4d6ccc97, method=public void net.runelite.client.plugins.corp.CorpPlugin.onVarbitChanged(net.runelite.api.events.VarbitChanged), priority=0.0, lambda=net.runelite.client.plugins.corp.CorpPlugin$$Lambda/0x0000000100744488@8dfc51c)
2026-04-26 16:36:16 GMT [AWT-EventQueue-0] DEBUG n.runelite.client.eventbus.EventBus - Registering class net.runelite.api.events.InteractingChanged - EventBus.Subscriber(object=net.runelite.client.plugins.corp.CorpPlugin@4d6ccc97, method=public void net.runelite.client.plugins.corp.CorpPlugin.onInteractingChanged(net.runelite.api.events.InteractingChanged), priority=0.0, lambda=net.runelite.client.plugins.corp.CorpPlugin$$Lambda/0x00000001007446c0@4f9883e7)
2026-04-26 16:36:16 GMT [AWT-EventQueue-0] DEBUG n.runelite.client.eventbus.EventBus - Registering class net.runelite.api.events.HitsplatApplied - EventBus.Subscriber(object=net.runelite.client.plugins.corp.CorpPlugin@4d6ccc97, method=public void net.runelite.client.plugins.corp.CorpPlugin.onHitsplatApplied(net.runelite.api.events.HitsplatApplied), priority=0.0, lambda=net.runelite.client.plugins.corp.CorpPlugin$$Lambda/0x00000001007448f8@5258a8dc)
2026-04-26 16:36:16 GMT [AWT-EventQueue-0] DEBUG n.r.client.plugins.PluginManager - Plugin FairyRingPlugin is now running
2026-04-26 16:36:16 GMT [AWT-EventQueue-0] DEBUG n.runelite.client.eventbus.EventBus - Registering class net.runelite.api.events.WidgetLoaded - EventBus.Subscriber(object=net.runelite.client.plugins.fairyring.FairyRingPlugin@68a78f3c, method=public void net.runelite.client.plugins.fairyring.FairyRingPlugin.onWidgetLoaded(net.runelite.api.events.WidgetLoaded), priority=0.0, lambda=net.runelite.client.plugins.fairyring.FairyRingPlugin$$Lambda/0x0000000100744b30@67b6fe63)
2026-04-26 16:36:16 GMT [AWT-EventQueue-0] DEBUG n.runelite.client.eventbus.EventBus - Registering class net.runelite.api.events.GameTick - EventBus.Subscriber(object=net.runelite.client.plugins.fairyring.FairyRingPlugin@68a78f3c, method=public void net.runelite.client.plugins.fairyring.FairyRingPlugin.onGameTick(net.runelite.api.events.GameTick), priority=0.0, lambda=net.runelite.client.plugins.fairyring.FairyRingPlugin$$Lambda/0x0000000100744d68@d26be3a)
2026-04-26 16:36:16 GMT [AWT-EventQueue-0] DEBUG n.runelite.client.eventbus.EventBus - Registering class net.runelite.api.events.MenuEntryAdded - EventBus.Subscriber(object=net.runelite.client.plugins.fairyring.FairyRingPlugin@68a78f3c, method=public void net.runelite.client.plugins.fairyring.FairyRingPlugin.onMenuEntryAdded(net.runelite.api.events.MenuEntryAdded), priority=0.0, lambda=net.runelite.client.plugins.fairyring.FairyRingPlugin$$Lambda/0x0000000100744fa0@5036a249)
2026-04-26 16:36:16 GMT [AWT-EventQueue-0] DEBUG n.runelite.client.eventbus.EventBus - Registering class net.runelite.api.events.ScriptCallbackEvent - EventBus.Subscriber(object=net.runelite.client.plugins.fairyring.FairyRingPlugin@68a78f3c, method=private void net.runelite.client.plugins.fairyring.FairyRingPlugin.onScriptCallbackEvent(net.runelite.api.events.ScriptCallbackEvent), priority=0.0, lambda=net.runelite.client.plugins.fairyring.FairyRingPlugin$$Lambda/0x00000001007451d8@6bb5b249)
2026-04-26 16:36:16 GMT [AWT-EventQueue-0] DEBUG n.runelite.client.eventbus.EventBus - Registering class net.runelite.api.events.VarbitChanged - EventBus.Subscriber(object=net.runelite.client.plugins.fairyring.FairyRingPlugin@68a78f3c, method=public void net.runelite.client.plugins.fairyring.FairyRingPlugin.onVarbitChanged(net.runelite.api.events.VarbitChanged), priority=0.0, lambda=net.runelite.client.plugins.fairyring.FairyRingPlugin$$Lambda/0x0000000100745410@16411365)
2026-04-26 16:36:16 GMT [AWT-EventQueue-0] DEBUG n.r.client.plugins.PluginManager - Plugin FriendNotesPlugin is now running
2026-04-26 16:36:16 GMT [AWT-EventQueue-0] DEBUG n.runelite.client.eventbus.EventBus - Registering class net.runelite.client.events.ConfigChanged - EventBus.Subscriber(object=net.runelite.client.plugins.friendnotes.FriendNotesPlugin@290e8cab, method=public void net.runelite.client.plugins.friendnotes.FriendNotesPlugin.onConfigChanged(net.runelite.client.events.ConfigChanged), priority=0.0, lambda=net.runelite.client.plugins.friendnotes.FriendNotesPlugin$$Lambda/0x00000001007460a8@8e112ee)
2026-04-26 16:36:16 GMT [AWT-EventQueue-0] DEBUG n.runelite.client.eventbus.EventBus - Registering class net.runelite.api.events.MenuEntryAdded - EventBus.Subscriber(object=net.runelite.client.plugins.friendnotes.FriendNotesPlugin@290e8cab, method=public void net.runelite.client.plugins.friendnotes.FriendNotesPlugin.onMenuEntryAdded(net.runelite.api.events.MenuEntryAdded), priority=0.0, lambda=net.runelite.client.plugins.friendnotes.FriendNotesPlugin$$Lambda/0x00000001007462e0@711129a7)
2026-04-26 16:36:16 GMT [AWT-EventQueue-0] DEBUG n.runelite.client.eventbus.EventBus - Registering class net.runelite.api.events.ScriptCallbackEvent - EventBus.Subscriber(object=net.runelite.client.plugins.friendnotes.FriendNotesPlugin@290e8cab, method=public void net.runelite.client.plugins.friendnotes.FriendNotesPlugin.onScriptCallbackEvent(net.runelite.api.events.ScriptCallbackEvent), priority=0.0, lambda=net.runelite.client.plugins.friendnotes.FriendNotesPlugin$$Lambda/0x0000000100746518@6b88b031)
2026-04-26 16:36:16 GMT [AWT-EventQueue-0] DEBUG n.runelite.client.eventbus.EventBus - Registering class net.runelite.api.events.RemovedFriend - EventBus.Subscriber(object=net.runelite.client.plugins.friendnotes.FriendNotesPlugin@290e8cab, method=public void net.runelite.client.plugins.friendnotes.FriendNotesPlugin.onRemovedFriend(net.runelite.api.events.RemovedFriend), priority=0.0, lambda=net.runelite.client.plugins.friendnotes.FriendNotesPlugin$$Lambda/0x0000000100746750@4d42e120)
2026-04-26 16:36:16 GMT [AWT-EventQueue-0] DEBUG n.runelite.client.eventbus.EventBus - Registering class net.runelite.api.events.NameableNameChanged - EventBus.Subscriber(object=net.runelite.client.plugins.friendnotes.FriendNotesPlugin@290e8cab, method=public void net.runelite.client.plugins.friendnotes.FriendNotesPlugin.onNameableNameChanged(net.runelite.api.events.NameableNameChanged), priority=0.0, lambda=net.runelite.client.plugins.friendnotes.FriendNotesPlugin$$Lambda/0x0000000100746988@7d4bca17)
2026-04-26 16:36:16 GMT [AWT-EventQueue-0] DEBUG n.r.client.plugins.PluginManager - Plugin HiscorePlugin is now running
2026-04-26 16:36:16 GMT [AWT-EventQueue-0] DEBUG n.runelite.client.eventbus.EventBus - Registering class net.runelite.api.events.MenuOpened - EventBus.Subscriber(object=net.runelite.client.plugins.hiscore.HiscorePlugin@7cca01a8, method=private void net.runelite.client.plugins.hiscore.HiscorePlugin.onMenuOpened(net.runelite.api.events.MenuOpened), priority=0.0, lambda=net.runelite.client.plugins.hiscore.HiscorePlugin$$Lambda/0x000000010074b908@2f5e3a8c)
2026-04-26 16:36:16 GMT [AWT-EventQueue-0] DEBUG n.runelite.client.eventbus.EventBus - Registering class net.runelite.api.events.ChatMessage - EventBus.Subscriber(object=net.runelite.client.plugins.hiscore.HiscorePlugin@7cca01a8, method=public void net.runelite.client.plugins.hiscore.HiscorePlugin.onChatMessage(net.runelite.api.events.ChatMessage), priority=0.0, lambda=net.runelite.client.plugins.hiscore.HiscorePlugin$$Lambda/0x000000010074bb40@66d0ffba)
2026-04-26 16:36:16 GMT [AWT-EventQueue-0] DEBUG n.runelite.client.eventbus.EventBus - Registering class net.runelite.client.events.ConfigChanged - EventBus.Subscriber(object=net.runelite.client.plugins.hiscore.HiscorePlugin@7cca01a8, method=public void net.runelite.client.plugins.hiscore.HiscorePlugin.onConfigChanged(net.runelite.client.events.ConfigChanged), priority=0.0, lambda=net.runelite.client.plugins.hiscore.HiscorePlugin$$Lambda/0x000000010074bd78@42b0d8d3)
2026-04-26 16:36:16 GMT [AWT-EventQueue-0] DEBUG n.runelite.client.eventbus.EventBus - Registering class net.runelite.api.events.MenuEntryAdded - EventBus.Subscriber(object=net.runelite.client.plugins.hiscore.HiscorePlugin@7cca01a8, method=public void net.runelite.client.plugins.hiscore.HiscorePlugin.onMenuEntryAdded(net.runelite.api.events.MenuEntryAdded), priority=0.0, lambda=net.runelite.client.plugins.hiscore.HiscorePlugin$$Lambda/0x0000000100754000@14116d71)
2026-04-26 16:36:16 GMT [AWT-EventQueue-0] DEBUG n.runelite.client.eventbus.EventBus - Registering class net.runelite.api.events.MenuOptionClicked - EventBus.Subscriber(object=net.runelite.client.plugins.hiscore.HiscorePlugin@7cca01a8, method=public void net.runelite.client.plugins.hiscore.HiscorePlugin.onMenuOptionClicked(net.runelite.api.events.MenuOptionClicked), priority=0.0, lambda=net.runelite.client.plugins.hiscore.HiscorePlugin$$Lambda/0x0000000100754238@6c27a7b8)
2026-04-26 16:36:16 GMT [AWT-EventQueue-0] DEBUG n.runelite.client.eventbus.EventBus - Registering class net.runelite.api.events.VarbitChanged - EventBus.Subscriber(object=net.runelite.client.plugins.hiscore.HiscorePlugin@7cca01a8, method=public void net.runelite.client.plugins.hiscore.HiscorePlugin.onVarbitChanged(net.runelite.api.events.VarbitChanged), priority=0.0, lambda=net.runelite.client.plugins.hiscore.HiscorePlugin$$Lambda/0x0000000100754470@6d8be5b3)
2026-04-26 16:36:16 GMT [AWT-EventQueue-0] DEBUG n.r.client.game.SkillIconManager - Loading skill icon from /skill_icons/attack.png
2026-04-26 16:36:16 GMT [AWT-EventQueue-0] DEBUG n.r.client.game.SkillIconManager - Loading skill icon from /skill_icons_small/attack.png
2026-04-26 16:36:16 GMT [AWT-EventQueue-0] DEBUG n.r.client.game.SkillIconManager - Loading skill icon from /skill_icons/defence.png
2026-04-26 16:36:16 GMT [AWT-EventQueue-0] DEBUG n.r.client.game.SkillIconManager - Loading skill icon from /skill_icons_small/defence.png
2026-04-26 16:36:16 GMT [AWT-EventQueue-0] DEBUG n.r.client.game.SkillIconManager - Loading skill icon from /skill_icons/strength.png
2026-04-26 16:36:16 GMT [AWT-EventQueue-0] DEBUG n.r.client.game.SkillIconManager - Loading skill icon from /skill_icons_small/strength.png
2026-04-26 16:36:16 GMT [AWT-EventQueue-0] DEBUG n.r.client.game.SkillIconManager - Loading skill icon from /skill_icons/hitpoints.png
2026-04-26 16:36:16 GMT [AWT-EventQueue-0] DEBUG n.r.client.game.SkillIconManager - Loading skill icon from /skill_icons_small/hitpoints.png
2026-04-26 16:36:16 GMT [AWT-EventQueue-0] DEBUG n.r.client.game.SkillIconManager - Loading skill icon from /skill_icons/ranged.png
2026-04-26 16:36:16 GMT [AWT-EventQueue-0] DEBUG n.r.client.game.SkillIconManager - Loading skill icon from /skill_icons_small/ranged.png
2026-04-26 16:36:16 GMT [AWT-EventQueue-0] DEBUG n.r.client.game.SkillIconManager - Loading skill icon from /skill_icons/prayer.png
2026-04-26 16:36:16 GMT [AWT-EventQueue-0] DEBUG n.r.client.game.SkillIconManager - Loading skill icon from /skill_icons_small/prayer.png
2026-04-26 16:36:16 GMT [AWT-EventQueue-0] DEBUG n.r.client.game.SkillIconManager - Loading skill icon from /skill_icons/magic.png
2026-04-26 16:36:16 GMT [AWT-EventQueue-0] DEBUG n.r.client.game.SkillIconManager - Loading skill icon from /skill_icons_small/magic.png
2026-04-26 16:36:16 GMT [AWT-EventQueue-0] DEBUG n.r.client.game.SkillIconManager - Loading skill icon from /skill_icons/cooking.png
2026-04-26 16:36:16 GMT [AWT-EventQueue-0] DEBUG n.r.client.game.SkillIconManager - Loading skill icon from /skill_icons_small/cooking.png
2026-04-26 16:36:16 GMT [AWT-EventQueue-0] DEBUG n.r.client.game.SkillIconManager - Loading skill icon from /skill_icons/woodcutting.png
2026-04-26 16:36:16 GMT [AWT-EventQueue-0] DEBUG n.r.client.game.SkillIconManager - Loading skill icon from /skill_icons_small/woodcutting.png
2026-04-26 16:36:16 GMT [AWT-EventQueue-0] DEBUG n.r.client.game.SkillIconManager - Loading skill icon from /skill_icons/fletching.png
2026-04-26 16:36:16 GMT [AWT-EventQueue-0] DEBUG n.r.client.game.SkillIconManager - Loading skill icon from /skill_icons_small/fletching.png
2026-04-26 16:36:16 GMT [AWT-EventQueue-0] DEBUG n.r.client.game.SkillIconManager - Loading skill icon from /skill_icons/fishing.png
2026-04-26 16:36:16 GMT [AWT-EventQueue-0] DEBUG n.r.client.game.SkillIconManager - Loading skill icon from /skill_icons_small/fishing.png
2026-04-26 16:36:16 GMT [AWT-EventQueue-0] DEBUG n.r.client.game.SkillIconManager - Loading skill icon from /skill_icons/firemaking.png
2026-04-26 16:36:16 GMT [AWT-EventQueue-0] DEBUG n.r.client.game.SkillIconManager - Loading skill icon from /skill_icons_small/firemaking.png
2026-04-26 16:36:16 GMT [AWT-EventQueue-0] DEBUG n.r.client.game.SkillIconManager - Loading skill icon from /skill_icons/crafting.png
2026-04-26 16:36:16 GMT [AWT-EventQueue-0] DEBUG n.r.client.game.SkillIconManager - Loading skill icon from /skill_icons_small/crafting.png
2026-04-26 16:36:16 GMT [AWT-EventQueue-0] DEBUG n.r.client.game.SkillIconManager - Loading skill icon from /skill_icons/smithing.png
2026-04-26 16:36:16 GMT [AWT-EventQueue-0] DEBUG n.r.client.game.SkillIconManager - Loading skill icon from /skill_icons_small/smithing.png
2026-04-26 16:36:16 GMT [AWT-EventQueue-0] DEBUG n.r.client.game.SkillIconManager - Loading skill icon from /skill_icons_small/mining.png
2026-04-26 16:36:16 GMT [AWT-EventQueue-0] DEBUG n.r.client.game.SkillIconManager - Loading skill icon from /skill_icons/herblore.png
2026-04-26 16:36:16 GMT [AWT-EventQueue-0] DEBUG n.r.client.game.SkillIconManager - Loading skill icon from /skill_icons_small/herblore.png
2026-04-26 16:36:16 GMT [AWT-EventQueue-0] DEBUG n.r.client.game.SkillIconManager - Loading skill icon from /skill_icons/agility.png
2026-04-26 16:36:16 GMT [AWT-EventQueue-0] DEBUG n.r.client.game.SkillIconManager - Loading skill icon from /skill_icons_small/agility.png
2026-04-26 16:36:16 GMT [AWT-EventQueue-0] DEBUG n.r.client.game.SkillIconManager - Loading skill icon from /skill_icons/thieving.png
2026-04-26 16:36:16 GMT [AWT-EventQueue-0] DEBUG n.r.client.game.SkillIconManager - Loading skill icon from /skill_icons_small/thieving.png
2026-04-26 16:36:16 GMT [AWT-EventQueue-0] DEBUG n.r.client.game.SkillIconManager - Loading skill icon from /skill_icons/slayer.png
2026-04-26 16:36:16 GMT [AWT-EventQueue-0] DEBUG n.r.client.game.SkillIconManager - Loading skill icon from /skill_icons_small/slayer.png
2026-04-26 16:36:16 GMT [AWT-EventQueue-0] DEBUG n.r.client.game.SkillIconManager - Loading skill icon from /skill_icons/farming.png
2026-04-26 16:36:16 GMT [AWT-EventQueue-0] DEBUG n.r.client.game.SkillIconManager - Loading skill icon from /skill_icons_small/farming.png
2026-04-26 16:36:16 GMT [AWT-EventQueue-0] DEBUG n.r.client.game.SkillIconManager - Loading skill icon from /skill_icons/runecraft.png
2026-04-26 16:36:16 GMT [AWT-EventQueue-0] DEBUG n.r.client.game.SkillIconManager - Loading skill icon from /skill_icons_small/runecraft.png
2026-04-26 16:36:16 GMT [AWT-EventQueue-0] DEBUG n.r.client.game.SkillIconManager - Loading skill icon from /skill_icons/hunter.png
2026-04-26 16:36:16 GMT [AWT-EventQueue-0] DEBUG n.r.client.game.SkillIconManager - Loading skill icon from /skill_icons_small/hunter.png
2026-04-26 16:36:16 GMT [AWT-EventQueue-0] DEBUG n.r.client.game.SkillIconManager - Loading skill icon from /skill_icons/construction.png
2026-04-26 16:36:16 GMT [AWT-EventQueue-0] DEBUG n.r.client.game.SkillIconManager - Loading skill icon from /skill_icons_small/construction.png
2026-04-26 16:36:16 GMT [AWT-EventQueue-0] DEBUG n.r.client.game.SkillIconManager - Loading skill icon from /skill_icons/sailing.png
2026-04-26 16:36:16 GMT [AWT-EventQueue-0] DEBUG n.r.client.game.SkillIconManager - Loading skill icon from /skill_icons_small/sailing.png
2026-04-26 16:36:16 GMT [AWT-EventQueue-0] DEBUG n.r.client.plugins.PluginManager - Plugin XpTrackerPlugin is now running
2026-04-26 16:36:16 GMT [AWT-EventQueue-0] DEBUG n.runelite.client.eventbus.EventBus - Registering class net.runelite.client.events.RuneScapeProfileChanged - EventBus.Subscriber(object=net.runelite.client.plugins.xptracker.XpTrackerPlugin@4ed4a7e4, method=public void net.runelite.client.plugins.xptracker.XpTrackerPlugin.onRuneScapeProfileChanged(net.runelite.client.events.RuneScapeProfileChanged), priority=0.0, lambda=net.runelite.client.plugins.xptracker.XpTrackerPlugin$$Lambda/0x00000001007584e8@77f43455)
2026-04-26 16:36:16 GMT [AWT-EventQueue-0] DEBUG n.runelite.client.eventbus.EventBus - Registering class net.runelite.api.events.StatChanged - EventBus.Subscriber(object=net.runelite.client.plugins.xptracker.XpTrackerPlugin@4ed4a7e4, method=public void net.runelite.client.plugins.xptracker.XpTrackerPlugin.onStatChanged(net.runelite.api.events.StatChanged), priority=0.0, lambda=net.runelite.client.plugins.xptracker.XpTrackerPlugin$$Lambda/0x0000000100758720@6f6f09ce)
2026-04-26 16:36:16 GMT [AWT-EventQueue-0] DEBUG n.runelite.client.eventbus.EventBus - Registering class net.runelite.api.events.GameTick - EventBus.Subscriber(object=net.runelite.client.plugins.xptracker.XpTrackerPlugin@4ed4a7e4, method=public void net.runelite.client.plugins.xptracker.XpTrackerPlugin.onGameTick(net.runelite.api.events.GameTick), priority=0.0, lambda=net.runelite.client.plugins.xptracker.XpTrackerPlugin$$Lambda/0x0000000100758958@104f8537)
2026-04-26 16:36:16 GMT [AWT-EventQueue-0] DEBUG n.runelite.client.eventbus.EventBus - Registering class net.runelite.api.events.GameStateChanged - EventBus.Subscriber(object=net.runelite.client.plugins.xptracker.XpTrackerPlugin@4ed4a7e4, method=public void net.runelite.client.plugins.xptracker.XpTrackerPlugin.onGameStateChanged(net.runelite.api.events.GameStateChanged), priority=0.0, lambda=net.runelite.client.plugins.xptracker.XpTrackerPlugin$$Lambda/0x0000000100758b90@1a14e34)
2026-04-26 16:36:16 GMT [AWT-EventQueue-0] DEBUG n.runelite.client.eventbus.EventBus - Registering class net.runelite.api.events.MenuEntryAdded - EventBus.Subscriber(object=net.runelite.client.plugins.xptracker.XpTrackerPlugin@4ed4a7e4, method=public void net.runelite.client.plugins.xptracker.XpTrackerPlugin.onMenuEntryAdded(net.runelite.api.events.MenuEntryAdded), priority=0.0, lambda=net.runelite.client.plugins.xptracker.XpTrackerPlugin$$Lambda/0x0000000100758dc8@51e19b7f)
2026-04-26 16:36:16 GMT [AWT-EventQueue-0] DEBUG n.runelite.client.eventbus.EventBus - Registering class net.runelite.client.events.ClientShutdown - EventBus.Subscriber(object=net.runelite.client.plugins.xptracker.XpTrackerPlugin@4ed4a7e4, method=public void net.runelite.client.plugins.xptracker.XpTrackerPlugin.onClientShutdown(net.runelite.client.events.ClientShutdown), priority=0.0, lambda=net.runelite.client.plugins.xptracker.XpTrackerPlugin$$Lambda/0x0000000100759000@74a1193b)
2026-04-26 16:36:16 GMT [AWT-EventQueue-0] DEBUG n.r.client.plugins.PluginManager - Scheduled task ScheduledMethod(schedule=@net.runelite.client.task.Schedule(asynchronous=true, period=1L, unit=MINUTES), method=public void net.runelite.client.plugins.xptracker.XpTrackerPlugin.tickStateSave(), object=net.runelite.client.plugins.xptracker.XpTrackerPlugin@4ed4a7e4, lambda=net.runelite.client.plugins.xptracker.XpTrackerPlugin$$Lambda/0x0000000100759238@31e12e4b, last=2026-04-26T16:36:16.693018662Z)
2026-04-26 16:36:16 GMT [AWT-EventQueue-0] DEBUG n.r.client.plugins.PluginManager - Scheduled task ScheduledMethod(schedule=@net.runelite.client.task.Schedule(asynchronous=false, period=1L, unit=SECONDS), method=public void net.runelite.client.plugins.xptracker.XpTrackerPlugin.tickSkillTimes(), object=net.runelite.client.plugins.xptracker.XpTrackerPlugin@4ed4a7e4, lambda=net.runelite.client.plugins.xptracker.XpTrackerPlugin$$Lambda/0x0000000100759460@3c2454a1, last=2026-04-26T16:36:16.693209355Z)
2026-04-26 16:36:16 GMT [AWT-EventQueue-0] DEBUG n.r.client.plugins.PluginManager - Plugin SmeltingPlugin is now running
2026-04-26 16:36:16 GMT [AWT-EventQueue-0] DEBUG n.runelite.client.eventbus.EventBus - Registering class net.runelite.api.events.GameTick - EventBus.Subscriber(object=net.runelite.client.plugins.smelting.SmeltingPlugin@1dd74143, method=public void net.runelite.client.plugins.smelting.SmeltingPlugin.onGameTick(net.runelite.api.events.GameTick), priority=0.0, lambda=net.runelite.client.plugins.smelting.SmeltingPlugin$$Lambda/0x000000010075a5b8@54863c38)
2026-04-26 16:36:16 GMT [AWT-EventQueue-0] DEBUG n.runelite.client.eventbus.EventBus - Registering class net.runelite.api.events.ChatMessage - EventBus.Subscriber(object=net.runelite.client.plugins.smelting.SmeltingPlugin@1dd74143, method=public void net.runelite.client.plugins.smelting.SmeltingPlugin.onChatMessage(net.runelite.api.events.ChatMessage), priority=0.0, lambda=net.runelite.client.plugins.smelting.SmeltingPlugin$$Lambda/0x000000010075a7f0@40079d31)
2026-04-26 16:36:16 GMT [AWT-EventQueue-0] DEBUG n.r.client.plugins.PluginManager - Plugin CannonPlugin is now running
2026-04-26 16:36:16 GMT [AWT-EventQueue-0] DEBUG n.runelite.client.eventbus.EventBus - Registering class net.runelite.api.events.ChatMessage - EventBus.Subscriber(object=net.runelite.client.plugins.cannon.CannonPlugin@575b5f7d, method=public void net.runelite.client.plugins.cannon.CannonPlugin.onChatMessage(net.runelite.api.events.ChatMessage), priority=0.0, lambda=net.runelite.client.plugins.cannon.CannonPlugin$$Lambda/0x000000010075ac20@6ac01bfb)
2026-04-26 16:36:16 GMT [AWT-EventQueue-0] DEBUG n.runelite.client.eventbus.EventBus - Registering class net.runelite.client.events.ConfigChanged - EventBus.Subscriber(object=net.runelite.client.plugins.cannon.CannonPlugin@575b5f7d, method=public void net.runelite.client.plugins.cannon.CannonPlugin.onConfigChanged(net.runelite.client.events.ConfigChanged), priority=0.0, lambda=net.runelite.client.plugins.cannon.CannonPlugin$$Lambda/0x000000010075ae58@1200570d)
2026-04-26 16:36:16 GMT [AWT-EventQueue-0] DEBUG n.runelite.client.eventbus.EventBus - Registering class net.runelite.api.events.GameStateChanged - EventBus.Subscriber(object=net.runelite.client.plugins.cannon.CannonPlugin@575b5f7d, method=public void net.runelite.client.plugins.cannon.CannonPlugin.onGameStateChanged(net.runelite.api.events.GameStateChanged), priority=0.0, lambda=net.runelite.client.plugins.cannon.CannonPlugin$$Lambda/0x000000010075b090@63a2fd31)
2026-04-26 16:36:16 GMT [AWT-EventQueue-0] DEBUG n.runelite.client.eventbus.EventBus - Registering class net.runelite.api.events.VarbitChanged - EventBus.Subscriber(object=net.runelite.client.plugins.cannon.CannonPlugin@575b5f7d, method=public void net.runelite.client.plugins.cannon.CannonPlugin.onVarbitChanged(net.runelite.api.events.VarbitChanged), priority=0.0, lambda=net.runelite.client.plugins.cannon.CannonPlugin$$Lambda/0x000000010075b2c8@86c81ed)
2026-04-26 16:36:16 GMT [AWT-EventQueue-0] DEBUG n.runelite.client.eventbus.EventBus - Registering class net.runelite.api.events.ItemContainerChanged - EventBus.Subscriber(object=net.runelite.client.plugins.cannon.CannonPlugin@575b5f7d, method=public void net.runelite.client.plugins.cannon.CannonPlugin.onItemContainerChanged(net.runelite.api.events.ItemContainerChanged), priority=0.0, lambda=net.runelite.client.plugins.cannon.CannonPlugin$$Lambda/0x000000010075b500@4c35c72e)
2026-04-26 16:36:16 GMT [AWT-EventQueue-0] DEBUG n.r.client.plugins.PluginManager - Plugin OpponentInfoPlugin is now running
2026-04-26 16:36:16 GMT [AWT-EventQueue-0] DEBUG n.runelite.client.eventbus.EventBus - Registering class net.runelite.api.events.GameTick - EventBus.Subscriber(object=net.runelite.client.plugins.opponentinfo.OpponentInfoPlugin@3f36e8d1, method=public void net.runelite.client.plugins.opponentinfo.OpponentInfoPlugin.onGameTick(net.runelite.api.events.GameTick), priority=0.0, lambda=net.runelite.client.plugins.opponentinfo.OpponentInfoPlugin$$Lambda/0x000000010075b738@d8f582)
2026-04-26 16:36:16 GMT [AWT-EventQueue-0] DEBUG n.runelite.client.eventbus.EventBus - Registering class net.runelite.api.events.GameStateChanged - EventBus.Subscriber(object=net.runelite.client.plugins.opponentinfo.OpponentInfoPlugin@3f36e8d1, method=public void net.runelite.client.plugins.opponentinfo.OpponentInfoPlugin.onGameStateChanged(net.runelite.api.events.GameStateChanged), priority=0.0, lambda=net.runelite.client.plugins.opponentinfo.OpponentInfoPlugin$$Lambda/0x000000010075b970@616f4f41)
2026-04-26 16:36:16 GMT [AWT-EventQueue-0] DEBUG n.runelite.client.eventbus.EventBus - Registering class net.runelite.api.events.MenuEntryAdded - EventBus.Subscriber(object=net.runelite.client.plugins.opponentinfo.OpponentInfoPlugin@3f36e8d1, method=public void net.runelite.client.plugins.opponentinfo.OpponentInfoPlugin.onMenuEntryAdded(net.runelite.api.events.MenuEntryAdded), priority=0.0, lambda=net.runelite.client.plugins.opponentinfo.OpponentInfoPlugin$$Lambda/0x000000010075bba8@7f3b99c4)
2026-04-26 16:36:16 GMT [AWT-EventQueue-0] DEBUG n.runelite.client.eventbus.EventBus - Registering class net.runelite.api.events.ScriptPostFired - EventBus.Subscriber(object=net.runelite.client.plugins.opponentinfo.OpponentInfoPlugin@3f36e8d1, method=public void net.runelite.client.plugins.opponentinfo.OpponentInfoPlugin.onScriptPostFired(net.runelite.api.events.ScriptPostFired), priority=0.0, lambda=net.runelite.client.plugins.opponentinfo.OpponentInfoPlugin$$Lambda/0x000000010075e000@3c0364ff)
2026-04-26 16:36:16 GMT [AWT-EventQueue-0] DEBUG n.runelite.client.eventbus.EventBus - Registering class net.runelite.api.events.InteractingChanged - EventBus.Subscriber(object=net.runelite.client.plugins.opponentinfo.OpponentInfoPlugin@3f36e8d1, method=public void net.runelite.client.plugins.opponentinfo.OpponentInfoPlugin.onInteractingChanged(net.runelite.api.events.InteractingChanged), priority=0.0, lambda=net.runelite.client.plugins.opponentinfo.OpponentInfoPlugin$$Lambda/0x000000010075e238@67584d3e)
2026-04-26 16:36:16 GMT [AWT-EventQueue-0] DEBUG n.runelite.client.eventbus.EventBus - Registering class net.runelite.api.events.WidgetDrag - EventBus.Subscriber(object=net.runelite.client.plugins.prayer.PrayerReorder@24f0b0ed, method=public void net.runelite.client.plugins.prayer.PrayerReorder.onWidgetDrag(net.runelite.api.events.WidgetDrag), priority=0.0, lambda=net.runelite.client.plugins.prayer.PrayerReorder$$Lambda/0x000000010075eb18@5c97bcdb)
2026-04-26 16:36:16 GMT [AWT-EventQueue-0] DEBUG n.runelite.client.eventbus.EventBus - Registering class net.runelite.client.events.ProfileChanged - EventBus.Subscriber(object=net.runelite.client.plugins.prayer.PrayerReorder@24f0b0ed, method=public void net.runelite.client.plugins.prayer.PrayerReorder.onProfileChanged(net.runelite.client.events.ProfileChanged), priority=0.0, lambda=net.runelite.client.plugins.prayer.PrayerReorder$$Lambda/0x000000010075ed50@5eef0112)
2026-04-26 16:36:16 GMT [AWT-EventQueue-0] DEBUG n.runelite.client.eventbus.EventBus - Registering class net.runelite.api.events.MenuOptionClicked - EventBus.Subscriber(object=net.runelite.client.plugins.prayer.PrayerReorder@24f0b0ed, method=public void net.runelite.client.plugins.prayer.PrayerReorder.onMenuOptionClicked(net.runelite.api.events.MenuOptionClicked), priority=0.0, lambda=net.runelite.client.plugins.prayer.PrayerReorder$$Lambda/0x000000010075ef88@1ea9afa2)
2026-04-26 16:36:16 GMT [AWT-EventQueue-0] DEBUG n.runelite.client.eventbus.EventBus - Registering class net.runelite.api.events.ScriptPostFired - EventBus.Subscriber(object=net.runelite.client.plugins.prayer.PrayerReorder@24f0b0ed, method=public void net.runelite.client.plugins.prayer.PrayerReorder.onScriptPostFired(net.runelite.api.events.ScriptPostFired), priority=0.0, lambda=net.runelite.client.plugins.prayer.PrayerReorder$$Lambda/0x000000010075f1c0@223010dc)
2026-04-26 16:36:16 GMT [AWT-EventQueue-0] DEBUG n.r.client.plugins.PluginManager - Plugin PrayerPlugin is now running
2026-04-26 16:36:16 GMT [AWT-EventQueue-0] DEBUG n.runelite.client.eventbus.EventBus - Registering class net.runelite.api.events.GameTick - EventBus.Subscriber(object=net.runelite.client.plugins.prayer.PrayerPlugin@7c51782d, method=public void net.runelite.client.plugins.prayer.PrayerPlugin.onGameTick(net.runelite.api.events.GameTick), priority=0.0, lambda=net.runelite.client.plugins.prayer.PrayerPlugin$$Lambda/0x000000010075f3f8@43139e1a)
2026-04-26 16:36:16 GMT [AWT-EventQueue-0] DEBUG n.runelite.client.eventbus.EventBus - Registering class net.runelite.client.events.ConfigChanged - EventBus.Subscriber(object=net.runelite.client.plugins.prayer.PrayerPlugin@7c51782d, method=private void net.runelite.client.plugins.prayer.PrayerPlugin.onConfigChanged(net.runelite.client.events.ConfigChanged), priority=0.0, lambda=net.runelite.client.plugins.prayer.PrayerPlugin$$Lambda/0x000000010075f630@6ecfe0e0)
2026-04-26 16:36:16 GMT [AWT-EventQueue-0] DEBUG n.runelite.client.eventbus.EventBus - Registering class net.runelite.api.events.ItemContainerChanged - EventBus.Subscriber(object=net.runelite.client.plugins.prayer.PrayerPlugin@7c51782d, method=public void net.runelite.client.plugins.prayer.PrayerPlugin.onItemContainerChanged(net.runelite.api.events.ItemContainerChanged), priority=0.0, lambda=net.runelite.client.plugins.prayer.PrayerPlugin$$Lambda/0x000000010075f868@6e8a89d)
2026-04-26 16:36:16 GMT [AWT-EventQueue-0] DEBUG n.r.client.plugins.PluginManager - Plugin ImplingsPlugin is now running
2026-04-26 16:36:16 GMT [AWT-EventQueue-0] DEBUG n.runelite.client.eventbus.EventBus - Registering class net.runelite.api.events.NpcSpawned - EventBus.Subscriber(object=net.runelite.client.plugins.implings.ImplingsPlugin@4bcaa195, method=public void net.runelite.client.plugins.implings.ImplingsPlugin.onNpcSpawned(net.runelite.api.events.NpcSpawned), priority=0.0, lambda=net.runelite.client.plugins.implings.ImplingsPlugin$$Lambda/0x000000010075faa0@68124fb)
2026-04-26 16:36:16 GMT [AWT-EventQueue-0] DEBUG n.runelite.client.eventbus.EventBus - Registering class net.runelite.api.events.NpcChanged - EventBus.Subscriber(object=net.runelite.client.plugins.implings.ImplingsPlugin@4bcaa195, method=public void net.runelite.client.plugins.implings.ImplingsPlugin.onNpcChanged(net.runelite.api.events.NpcChanged), priority=0.0, lambda=net.runelite.client.plugins.implings.ImplingsPlugin$$Lambda/0x000000010075fcd8@3c346278)
2026-04-26 16:36:16 GMT [AWT-EventQueue-0] DEBUG n.runelite.client.eventbus.EventBus - Registering class net.runelite.client.events.ConfigChanged - EventBus.Subscriber(object=net.runelite.client.plugins.implings.ImplingsPlugin@4bcaa195, method=private void net.runelite.client.plugins.implings.ImplingsPlugin.onConfigChanged(net.runelite.client.events.ConfigChanged), priority=0.0, lambda=net.runelite.client.plugins.implings.ImplingsPlugin$$Lambda/0x000000010075d000@64e2048e)
2026-04-26 16:36:16 GMT [AWT-EventQueue-0] DEBUG n.r.client.plugins.PluginManager - Plugin KourendLibraryPlugin is now running
2026-04-26 16:36:16 GMT [AWT-EventQueue-0] DEBUG n.runelite.client.eventbus.EventBus - Registering class net.runelite.api.events.NpcSpawned - EventBus.Subscriber(object=net.runelite.client.plugins.kourendlibrary.KourendLibraryPlugin@286090c, method=public void net.runelite.client.plugins.kourendlibrary.KourendLibraryPlugin.onNpcSpawned(net.runelite.api.events.NpcSpawned), priority=0.0, lambda=net.runelite.client.plugins.kourendlibrary.KourendLibraryPlugin$$Lambda/0x000000010075c800@7bf24ea9)
2026-04-26 16:36:16 GMT [AWT-EventQueue-0] DEBUG n.runelite.client.eventbus.EventBus - Registering class net.runelite.api.events.NpcDespawned - EventBus.Subscriber(object=net.runelite.client.plugins.kourendlibrary.KourendLibraryPlugin@286090c, method=public void net.runelite.client.plugins.kourendlibrary.KourendLibraryPlugin.onNpcDespawned(net.runelite.api.events.NpcDespawned), priority=0.0, lambda=net.runelite.client.plugins.kourendlibrary.KourendLibraryPlugin$$Lambda/0x000000010075ca38@5b872e55)
2026-04-26 16:36:16 GMT [AWT-EventQueue-0] DEBUG n.runelite.client.eventbus.EventBus - Registering class net.runelite.api.events.GameTick - EventBus.Subscriber(object=net.runelite.client.plugins.kourendlibrary.KourendLibraryPlugin@286090c, method=public void net.runelite.client.plugins.kourendlibrary.KourendLibraryPlugin.onGameTick(net.runelite.api.events.GameTick), priority=0.0, lambda=net.runelite.client.plugins.kourendlibrary.KourendLibraryPlugin$$Lambda/0x000000010075cc70@6f04e419)
2026-04-26 16:36:16 GMT [AWT-EventQueue-0] DEBUG n.runelite.client.eventbus.EventBus - Registering class net.runelite.api.events.ChatMessage - EventBus.Subscriber(object=net.runelite.client.plugins.kourendlibrary.KourendLibraryPlugin@286090c, method=public void net.runelite.client.plugins.kourendlibrary.KourendLibraryPlugin.onChatMessage(net.runelite.api.events.ChatMessage), priority=0.0, lambda=net.runelite.client.plugins.kourendlibrary.KourendLibraryPlugin$$Lambda/0x0000000100780000@21714d3d)
2026-04-26 16:36:16 GMT [AWT-EventQueue-0] DEBUG n.runelite.client.eventbus.EventBus - Registering class net.runelite.client.events.ConfigChanged - EventBus.Subscriber(object=net.runelite.client.plugins.kourendlibrary.KourendLibraryPlugin@286090c, method=public void net.runelite.client.plugins.kourendlibrary.KourendLibraryPlugin.onConfigChanged(net.runelite.client.events.ConfigChanged), priority=0.0, lambda=net.runelite.client.plugins.kourendlibrary.KourendLibraryPlugin$$Lambda/0x0000000100780238@3c09337c)
2026-04-26 16:36:16 GMT [AWT-EventQueue-0] DEBUG n.runelite.client.eventbus.EventBus - Registering class net.runelite.api.events.GameStateChanged - EventBus.Subscriber(object=net.runelite.client.plugins.kourendlibrary.KourendLibraryPlugin@286090c, method=public void net.runelite.client.plugins.kourendlibrary.KourendLibraryPlugin.onGameStateChanged(net.runelite.api.events.GameStateChanged), priority=0.0, lambda=net.runelite.client.plugins.kourendlibrary.KourendLibraryPlugin$$Lambda/0x0000000100780470@659a7494)
2026-04-26 16:36:16 GMT [AWT-EventQueue-0] DEBUG n.runelite.client.eventbus.EventBus - Registering class net.runelite.api.events.MenuOptionClicked - EventBus.Subscriber(object=net.runelite.client.plugins.kourendlibrary.KourendLibraryPlugin@286090c, method=public void net.runelite.client.plugins.kourendlibrary.KourendLibraryPlugin.onMenuOptionClicked(net.runelite.api.events.MenuOptionClicked), priority=0.0, lambda=net.runelite.client.plugins.kourendlibrary.KourendLibraryPlugin$$Lambda/0x00000001007806a8@4d6b6841)
2026-04-26 16:36:16 GMT [AWT-EventQueue-0] DEBUG n.runelite.client.eventbus.EventBus - Registering class net.runelite.api.events.ItemContainerChanged - EventBus.Subscriber(object=net.runelite.client.plugins.kourendlibrary.KourendLibraryPlugin@286090c, method=public void net.runelite.client.plugins.kourendlibrary.KourendLibraryPlugin.onItemContainerChanged(net.runelite.api.events.ItemContainerChanged), priority=0.0, lambda=net.runelite.client.plugins.kourendlibrary.KourendLibraryPlugin$$Lambda/0x00000001007808e0@7bcca555)
2026-04-26 16:36:16 GMT [AWT-EventQueue-0] DEBUG n.runelite.client.eventbus.EventBus - Registering class net.runelite.api.events.AnimationChanged - EventBus.Subscriber(object=net.runelite.client.plugins.kourendlibrary.KourendLibraryPlugin@286090c, method=public void net.runelite.client.plugins.kourendlibrary.KourendLibraryPlugin.onAnimationChanged(net.runelite.api.events.AnimationChanged), priority=0.0, lambda=net.runelite.client.plugins.kourendlibrary.KourendLibraryPlugin$$Lambda/0x0000000100780b18@34d14af9)
2026-04-26 16:36:16 GMT [AWT-EventQueue-0] DEBUG net.runelite.client.input.KeyManager - Registering key listener: net.runelite.client.plugins.grounditems.GroundItemHotkeyListener@5bcf1360
2026-04-26 16:36:16 GMT [AWT-EventQueue-0] DEBUG n.r.client.plugins.PluginManager - Plugin GroundItemsPlugin is now running
2026-04-26 16:36:16 GMT [AWT-EventQueue-0] DEBUG n.runelite.client.eventbus.EventBus - Registering class net.runelite.api.events.FocusChanged - EventBus.Subscriber(object=net.runelite.client.plugins.grounditems.GroundItemsPlugin@3a90c13c, method=public void net.runelite.client.plugins.grounditems.GroundItemsPlugin.onFocusChanged(net.runelite.api.events.FocusChanged), priority=0.0, lambda=net.runelite.client.plugins.grounditems.GroundItemsPlugin$$Lambda/0x00000001007815f8@290f80d0)
2026-04-26 16:36:16 GMT [AWT-EventQueue-0] DEBUG n.runelite.client.eventbus.EventBus - Registering class net.runelite.api.events.ClientTick - EventBus.Subscriber(object=net.runelite.client.plugins.grounditems.GroundItemsPlugin@3a90c13c, method=public void net.runelite.client.plugins.grounditems.GroundItemsPlugin.onClientTick(net.runelite.api.events.ClientTick), priority=0.0, lambda=net.runelite.client.plugins.grounditems.GroundItemsPlugin$$Lambda/0x0000000100781a58@702f9577)
2026-04-26 16:36:16 GMT [AWT-EventQueue-0] DEBUG n.runelite.client.eventbus.EventBus - Registering class net.runelite.api.events.ItemSpawned - EventBus.Subscriber(object=net.runelite.client.plugins.grounditems.GroundItemsPlugin@3a90c13c, method=public void net.runelite.client.plugins.grounditems.GroundItemsPlugin.onItemSpawned(net.runelite.api.events.ItemSpawned), priority=0.0, lambda=net.runelite.client.plugins.grounditems.GroundItemsPlugin$$Lambda/0x0000000100781c90@edde2e1)
2026-04-26 16:36:16 GMT [AWT-EventQueue-0] DEBUG n.runelite.client.eventbus.EventBus - Registering class net.runelite.client.events.ConfigChanged - EventBus.Subscriber(object=net.runelite.client.plugins.grounditems.GroundItemsPlugin@3a90c13c, method=public void net.runelite.client.plugins.grounditems.GroundItemsPlugin.onConfigChanged(net.runelite.client.events.ConfigChanged), priority=0.0, lambda=net.runelite.client.plugins.grounditems.GroundItemsPlugin$$Lambda/0x0000000100781ec8@4ef56c6f)
2026-04-26 16:36:16 GMT [AWT-EventQueue-0] DEBUG n.runelite.client.eventbus.EventBus - Registering class net.runelite.api.events.MenuEntryAdded - EventBus.Subscriber(object=net.runelite.client.plugins.grounditems.GroundItemsPlugin@3a90c13c, method=public void net.runelite.client.plugins.grounditems.GroundItemsPlugin.onMenuEntryAdded(net.runelite.api.events.MenuEntryAdded), priority=0.0, lambda=net.runelite.client.plugins.grounditems.GroundItemsPlugin$$Lambda/0x0000000100782100@7b092dd7)
2026-04-26 16:36:16 GMT [AWT-EventQueue-0] DEBUG n.runelite.client.eventbus.EventBus - Registering class net.runelite.client.events.ProfileChanged - EventBus.Subscriber(object=net.runelite.client.plugins.grounditems.GroundItemsPlugin@3a90c13c, method=public void net.runelite.client.plugins.grounditems.GroundItemsPlugin.onProfileChanged(net.runelite.client.events.ProfileChanged), priority=0.0, lambda=net.runelite.client.plugins.grounditems.GroundItemsPlugin$$Lambda/0x0000000100782338@3240314c)
2026-04-26 16:36:16 GMT [AWT-EventQueue-0] DEBUG n.runelite.client.eventbus.EventBus - Registering class net.runelite.api.events.ItemDespawned - EventBus.Subscriber(object=net.runelite.client.plugins.grounditems.GroundItemsPlugin@3a90c13c, method=public void net.runelite.client.plugins.grounditems.GroundItemsPlugin.onItemDespawned(net.runelite.api.events.ItemDespawned), priority=0.0, lambda=net.runelite.client.plugins.grounditems.GroundItemsPlugin$$Lambda/0x0000000100782570@a49da83)
2026-04-26 16:36:16 GMT [AWT-EventQueue-0] DEBUG n.runelite.client.eventbus.EventBus - Registering class net.runelite.api.events.ItemQuantityChanged - EventBus.Subscriber(object=net.runelite.client.plugins.grounditems.GroundItemsPlugin@3a90c13c, method=public void net.runelite.client.plugins.grounditems.GroundItemsPlugin.onItemQuantityChanged(net.runelite.api.events.ItemQuantityChanged), priority=0.0, lambda=net.runelite.client.plugins.grounditems.GroundItemsPlugin$$Lambda/0x00000001007827a8@738714a8)
2026-04-26 16:36:16 GMT [AWT-EventQueue-0] DEBUG n.runelite.client.eventbus.EventBus - Registering class net.runelite.api.events.WorldViewUnloaded - EventBus.Subscriber(object=net.runelite.client.plugins.grounditems.GroundItemsPlugin@3a90c13c, method=public void net.runelite.client.plugins.grounditems.GroundItemsPlugin.onWorldViewUnloaded(net.runelite.api.events.WorldViewUnloaded), priority=0.0, lambda=net.runelite.client.plugins.grounditems.GroundItemsPlugin$$Lambda/0x00000001007829e0@6ee50da3)
2026-04-26 16:36:16 GMT [AWT-EventQueue-0] DEBUG n.r.client.plugins.PluginManager - Plugin FpsPlugin is now running
2026-04-26 16:36:16 GMT [AWT-EventQueue-0] DEBUG n.runelite.client.eventbus.EventBus - Registering class net.runelite.api.events.FocusChanged - EventBus.Subscriber(object=net.runelite.client.plugins.fps.FpsPlugin@1f1cddf3, method=public void net.runelite.client.plugins.fps.FpsPlugin.onFocusChanged(net.runelite.api.events.FocusChanged), priority=0.0, lambda=net.runelite.client.plugins.fps.FpsPlugin$$Lambda/0x0000000100782c18@5229514e)
2026-04-26 16:36:16 GMT [AWT-EventQueue-0] DEBUG n.runelite.client.eventbus.EventBus - Registering class net.runelite.client.events.ConfigChanged - EventBus.Subscriber(object=net.runelite.client.plugins.fps.FpsPlugin@1f1cddf3, method=public void net.runelite.client.plugins.fps.FpsPlugin.onConfigChanged(net.runelite.client.events.ConfigChanged), priority=0.0, lambda=net.runelite.client.plugins.fps.FpsPlugin$$Lambda/0x0000000100782e50@79517039)
2026-04-26 16:36:16 GMT [AWT-EventQueue-0] DEBUG n.r.client.plugins.PluginManager - Plugin LootTrackerPlugin is now running
2026-04-26 16:36:16 GMT [AWT-EventQueue-0] DEBUG n.runelite.client.eventbus.EventBus - Registering class net.runelite.client.events.RuneScapeProfileChanged - EventBus.Subscriber(object=net.runelite.client.plugins.loottracker.LootTrackerPlugin@7f4701b1, method=public void net.runelite.client.plugins.loottracker.LootTrackerPlugin.onRuneScapeProfileChanged(net.runelite.client.events.RuneScapeProfileChanged), priority=0.0, lambda=net.runelite.client.plugins.loottracker.LootTrackerPlugin$$Lambda/0x000000010078ba80@1f3e61ef)
2026-04-26 16:36:16 GMT [AWT-EventQueue-0] DEBUG n.runelite.client.eventbus.EventBus - Registering class net.runelite.client.events.SessionOpen - EventBus.Subscriber(object=net.runelite.client.plugins.loottracker.LootTrackerPlugin@7f4701b1, method=public void net.runelite.client.plugins.loottracker.LootTrackerPlugin.onSessionOpen(net.runelite.client.events.SessionOpen), priority=0.0, lambda=net.runelite.client.plugins.loottracker.LootTrackerPlugin$$Lambda/0x000000010078bcb8@187c45ce)
2026-04-26 16:36:16 GMT [AWT-EventQueue-0] DEBUG n.runelite.client.eventbus.EventBus - Registering class net.runelite.client.events.SessionClose - EventBus.Subscriber(object=net.runelite.client.plugins.loottracker.LootTrackerPlugin@7f4701b1, method=public void net.runelite.client.plugins.loottracker.LootTrackerPlugin.onSessionClose(net.runelite.client.events.SessionClose), priority=0.0, lambda=net.runelite.client.plugins.loottracker.LootTrackerPlugin$$Lambda/0x000000010078bef0@60b46895)
2026-04-26 16:36:16 GMT [AWT-EventQueue-0] DEBUG n.runelite.client.eventbus.EventBus - Registering class net.runelite.api.events.WidgetLoaded - EventBus.Subscriber(object=net.runelite.client.plugins.loottracker.LootTrackerPlugin@7f4701b1, method=public void net.runelite.client.plugins.loottracker.LootTrackerPlugin.onWidgetLoaded(net.runelite.api.events.WidgetLoaded), priority=0.0, lambda=net.runelite.client.plugins.loottracker.LootTrackerPlugin$$Lambda/0x000000010078c128@1e4c85fa)
2026-04-26 16:36:16 GMT [AWT-EventQueue-0] DEBUG n.runelite.client.eventbus.EventBus - Registering class net.runelite.api.events.ChatMessage - EventBus.Subscriber(object=net.runelite.client.plugins.loottracker.LootTrackerPlugin@7f4701b1, method=public void net.runelite.client.plugins.loottracker.LootTrackerPlugin.onChatMessage(net.runelite.api.events.ChatMessage), priority=0.0, lambda=net.runelite.client.plugins.loottracker.LootTrackerPlugin$$Lambda/0x000000010078c360@1b5f6aa4)
2026-04-26 16:36:16 GMT [AWT-EventQueue-0] DEBUG n.runelite.client.eventbus.EventBus - Registering class net.runelite.client.events.ConfigSync - EventBus.Subscriber(object=net.runelite.client.plugins.loottracker.LootTrackerPlugin@7f4701b1, method=public void net.runelite.client.plugins.loottracker.LootTrackerPlugin.onConfigSync(net.runelite.client.events.ConfigSync), priority=0.0, lambda=net.runelite.client.plugins.loottracker.LootTrackerPlugin$$Lambda/0x000000010078c598@229542fa)
2026-04-26 16:36:16 GMT [AWT-EventQueue-0] DEBUG n.runelite.client.eventbus.EventBus - Registering class net.runelite.client.events.ConfigChanged - EventBus.Subscriber(object=net.runelite.client.plugins.loottracker.LootTrackerPlugin@7f4701b1, method=public void net.runelite.client.plugins.loottracker.LootTrackerPlugin.onConfigChanged(net.runelite.client.events.ConfigChanged), priority=0.0, lambda=net.runelite.client.plugins.loottracker.LootTrackerPlugin$$Lambda/0x000000010078c7d0@78a6d712)
2026-04-26 16:36:16 GMT [AWT-EventQueue-0] DEBUG n.runelite.client.eventbus.EventBus - Registering class net.runelite.api.events.GameStateChanged - EventBus.Subscriber(object=net.runelite.client.plugins.loottracker.LootTrackerPlugin@7f4701b1, method=public void net.runelite.client.plugins.loottracker.LootTrackerPlugin.onGameStateChanged(net.runelite.api.events.GameStateChanged), priority=0.0, lambda=net.runelite.client.plugins.loottracker.LootTrackerPlugin$$Lambda/0x000000010078ca08@4b616918)
2026-04-26 16:36:16 GMT [AWT-EventQueue-0] DEBUG n.runelite.client.eventbus.EventBus - Registering class net.runelite.client.events.ClientShutdown - EventBus.Subscriber(object=net.runelite.client.plugins.loottracker.LootTrackerPlugin@7f4701b1, method=public void net.runelite.client.plugins.loottracker.LootTrackerPlugin.onClientShutdown(net.runelite.client.events.ClientShutdown), priority=0.0, lambda=net.runelite.client.plugins.loottracker.LootTrackerPlugin$$Lambda/0x000000010078cc40@7926e816)
2026-04-26 16:36:16 GMT [AWT-EventQueue-0] DEBUG n.runelite.client.eventbus.EventBus - Registering class net.runelite.api.events.MenuOptionClicked - EventBus.Subscriber(object=net.runelite.client.plugins.loottracker.LootTrackerPlugin@7f4701b1, method=public void net.runelite.client.plugins.loottracker.LootTrackerPlugin.onMenuOptionClicked(net.runelite.api.events.MenuOptionClicked), priority=0.0, lambda=net.runelite.client.plugins.loottracker.LootTrackerPlugin$$Lambda/0x000000010078ce78@213411bc)
2026-04-26 16:36:16 GMT [AWT-EventQueue-0] DEBUG n.runelite.client.eventbus.EventBus - Registering class net.runelite.api.events.ItemContainerChanged - EventBus.Subscriber(object=net.runelite.client.plugins.loottracker.LootTrackerPlugin@7f4701b1, method=public void net.runelite.client.plugins.loottracker.LootTrackerPlugin.onItemContainerChanged(net.runelite.api.events.ItemContainerChanged), priority=0.0, lambda=net.runelite.client.plugins.loottracker.LootTrackerPlugin$$Lambda/0x000000010078d0b0@6d552b49)
2026-04-26 16:36:16 GMT [AWT-EventQueue-0] DEBUG n.runelite.client.eventbus.EventBus - Registering class net.runelite.api.events.ScriptPreFired - EventBus.Subscriber(object=net.runelite.client.plugins.loottracker.LootTrackerPlugin@7f4701b1, method=public void net.runelite.client.plugins.loottracker.LootTrackerPlugin.onScriptPreFired(net.runelite.api.events.ScriptPreFired), priority=0.0, lambda=net.runelite.client.plugins.loottracker.LootTrackerPlugin$$Lambda/0x000000010078d2e8@61d4eb38)
2026-04-26 16:36:16 GMT [AWT-EventQueue-0] DEBUG n.runelite.client.eventbus.EventBus - Registering class net.runelite.api.events.PostClientTick - EventBus.Subscriber(object=net.runelite.client.plugins.loottracker.LootTrackerPlugin@7f4701b1, method=public void net.runelite.client.plugins.loottracker.LootTrackerPlugin.onPostClientTick(net.runelite.api.events.PostClientTick), priority=0.0, lambda=net.runelite.client.plugins.loottracker.LootTrackerPlugin$$Lambda/0x000000010078d520@6e2239cc)
2026-04-26 16:36:16 GMT [AWT-EventQueue-0] DEBUG n.runelite.client.eventbus.EventBus - Registering class net.runelite.client.events.ServerNpcLoot - EventBus.Subscriber(object=net.runelite.client.plugins.loottracker.LootTrackerPlugin@7f4701b1, method=public void net.runelite.client.plugins.loottracker.LootTrackerPlugin.onServerNpcLoot(net.runelite.client.events.ServerNpcLoot), priority=0.0, lambda=net.runelite.client.plugins.loottracker.LootTrackerPlugin$$Lambda/0x000000010078d758@2dfb677a)
2026-04-26 16:36:16 GMT [AWT-EventQueue-0] DEBUG n.runelite.client.eventbus.EventBus - Registering class net.runelite.client.events.PlayerLootReceived - EventBus.Subscriber(object=net.runelite.client.plugins.loottracker.LootTrackerPlugin@7f4701b1, method=public void net.runelite.client.plugins.loottracker.LootTrackerPlugin.onPlayerLootReceived(net.runelite.client.events.PlayerLootReceived), priority=0.0, lambda=net.runelite.client.plugins.loottracker.LootTrackerPlugin$$Lambda/0x000000010078d990@32e43a5d)
2026-04-26 16:36:16 GMT [AWT-EventQueue-0] DEBUG n.runelite.client.eventbus.EventBus - Registering class net.runelite.client.plugins.loottracker.PluginLootReceived - EventBus.Subscriber(object=net.runelite.client.plugins.loottracker.LootTrackerPlugin@7f4701b1, method=public void net.runelite.client.plugins.loottracker.LootTrackerPlugin.onPluginLootReceived(net.runelite.client.plugins.loottracker.PluginLootReceived), priority=0.0, lambda=net.runelite.client.plugins.loottracker.LootTrackerPlugin$$Lambda/0x000000010078dbc8@29ef348c)
2026-04-26 16:36:16 GMT [AWT-EventQueue-0] DEBUG n.r.client.plugins.PluginManager - Plugin PoisonPlugin is now running
2026-04-26 16:36:16 GMT [AWT-EventQueue-0] DEBUG n.runelite.client.eventbus.EventBus - Registering class net.runelite.client.events.ConfigChanged - EventBus.Subscriber(object=net.runelite.client.plugins.poison.PoisonPlugin@276cc8dc, method=public void net.runelite.client.plugins.poison.PoisonPlugin.onConfigChanged(net.runelite.client.events.ConfigChanged), priority=0.0, lambda=net.runelite.client.plugins.poison.PoisonPlugin$$Lambda/0x000000010078e320@24e996ec)
2026-04-26 16:36:16 GMT [AWT-EventQueue-0] DEBUG n.runelite.client.eventbus.EventBus - Registering class net.runelite.api.events.VarbitChanged - EventBus.Subscriber(object=net.runelite.client.plugins.poison.PoisonPlugin@276cc8dc, method=public void net.runelite.client.plugins.poison.PoisonPlugin.onVarbitChanged(net.runelite.api.events.VarbitChanged), priority=0.0, lambda=net.runelite.client.plugins.poison.PoisonPlugin$$Lambda/0x000000010078e558@cef1742)
2026-04-26 16:36:16 GMT [AWT-EventQueue-0] DEBUG n.r.client.plugins.PluginManager - Plugin PestControlPlugin is now running
2026-04-26 16:36:16 GMT [AWT-EventQueue-0] DEBUG n.runelite.client.eventbus.EventBus - Registering class net.runelite.api.events.NpcSpawned - EventBus.Subscriber(object=net.runelite.client.plugins.pestcontrol.PestControlPlugin@7ddd84b5, method=public void net.runelite.client.plugins.pestcontrol.PestControlPlugin.onNpcSpawned(net.runelite.api.events.NpcSpawned), priority=0.0, lambda=net.runelite.client.plugins.pestcontrol.PestControlPlugin$$Lambda/0x000000010078e790@3b168cd3)
2026-04-26 16:36:16 GMT [AWT-EventQueue-0] DEBUG n.runelite.client.eventbus.EventBus - Registering class net.runelite.api.events.NpcDespawned - EventBus.Subscriber(object=net.runelite.client.plugins.pestcontrol.PestControlPlugin@7ddd84b5, method=public void net.runelite.client.plugins.pestcontrol.PestControlPlugin.onNpcDespawned(net.runelite.api.events.NpcDespawned), priority=0.0, lambda=net.runelite.client.plugins.pestcontrol.PestControlPlugin$$Lambda/0x000000010078e9c8@407af619)
2026-04-26 16:36:16 GMT [AWT-EventQueue-0] DEBUG n.runelite.client.eventbus.EventBus - Registering class net.runelite.api.events.ChatMessage - EventBus.Subscriber(object=net.runelite.client.plugins.pestcontrol.PestControlPlugin@7ddd84b5, method=public void net.runelite.client.plugins.pestcontrol.PestControlPlugin.onChatMessage(net.runelite.api.events.ChatMessage), priority=0.0, lambda=net.runelite.client.plugins.pestcontrol.PestControlPlugin$$Lambda/0x000000010078ec00@1d40b7af)
2026-04-26 16:36:16 GMT [AWT-EventQueue-0] DEBUG n.runelite.client.eventbus.EventBus - Registering class net.runelite.api.events.GameStateChanged - EventBus.Subscriber(object=net.runelite.client.plugins.pestcontrol.PestControlPlugin@7ddd84b5, method=public void net.runelite.client.plugins.pestcontrol.PestControlPlugin.onGameStateChanged(net.runelite.api.events.GameStateChanged), priority=0.0, lambda=net.runelite.client.plugins.pestcontrol.PestControlPlugin$$Lambda/0x000000010078ee38@7b145c34)
2026-04-26 16:36:16 GMT [AWT-EventQueue-0] DEBUG n.r.client.plugins.PluginManager - Plugin NightmareZonePlugin is now running
2026-04-26 16:36:16 GMT [AWT-EventQueue-0] DEBUG n.runelite.client.eventbus.EventBus - Registering class net.runelite.api.events.BeforeRender - EventBus.Subscriber(object=net.runelite.client.plugins.nightmarezone.NightmareZonePlugin@52b46d52, method=public void net.runelite.client.plugins.nightmarezone.NightmareZonePlugin.onBeforeRender(net.runelite.api.events.BeforeRender), priority=0.0, lambda=net.runelite.client.plugins.nightmarezone.NightmareZonePlugin$$Lambda/0x000000010078f070@f2bec49)
2026-04-26 16:36:16 GMT [AWT-EventQueue-0] DEBUG n.runelite.client.eventbus.EventBus - Registering class net.runelite.api.events.GameTick - EventBus.Subscriber(object=net.runelite.client.plugins.nightmarezone.NightmareZonePlugin@52b46d52, method=public void net.runelite.client.plugins.nightmarezone.NightmareZonePlugin.onGameTick(net.runelite.api.events.GameTick), priority=0.0, lambda=net.runelite.client.plugins.nightmarezone.NightmareZonePlugin$$Lambda/0x000000010078f2a8@77437156)
2026-04-26 16:36:16 GMT [AWT-EventQueue-0] DEBUG n.runelite.client.eventbus.EventBus - Registering class net.runelite.api.events.ChatMessage - EventBus.Subscriber(object=net.runelite.client.plugins.nightmarezone.NightmareZonePlugin@52b46d52, method=public void net.runelite.client.plugins.nightmarezone.NightmareZonePlugin.onChatMessage(net.runelite.api.events.ChatMessage), priority=0.0, lambda=net.runelite.client.plugins.nightmarezone.NightmareZonePlugin$$Lambda/0x000000010078f4e0@4613e49e)
2026-04-26 16:36:16 GMT [AWT-EventQueue-0] DEBUG n.runelite.client.eventbus.EventBus - Registering class net.runelite.client.events.ConfigChanged - EventBus.Subscriber(object=net.runelite.client.plugins.nightmarezone.NightmareZonePlugin@52b46d52, method=public void net.runelite.client.plugins.nightmarezone.NightmareZonePlugin.onConfigChanged(net.runelite.client.events.ConfigChanged), priority=0.0, lambda=net.runelite.client.plugins.nightmarezone.NightmareZonePlugin$$Lambda/0x000000010078f718@7fe68605)
2026-04-26 16:36:16 GMT [AWT-EventQueue-0] DEBUG n.r.client.plugins.PluginManager - Plugin TimersAndBuffsPlugin is now running
2026-04-26 16:36:16 GMT [AWT-EventQueue-0] DEBUG n.runelite.client.eventbus.EventBus - Registering class net.runelite.api.events.NpcSpawned - EventBus.Subscriber(object=net.runelite.client.plugins.timersandbuffs.TimersAndBuffsPlugin@b73433, method=void net.runelite.client.plugins.timersandbuffs.TimersAndBuffsPlugin.onNpcSpawned(net.runelite.api.events.NpcSpawned), priority=0.0, lambda=net.runelite.client.plugins.timersandbuffs.TimersAndBuffsPlugin$$Lambda/0x000000010078f950@23f5fc0c)
2026-04-26 16:36:16 GMT [AWT-EventQueue-0] DEBUG n.runelite.client.eventbus.EventBus - Registering class net.runelite.api.events.NpcDespawned - EventBus.Subscriber(object=net.runelite.client.plugins.timersandbuffs.TimersAndBuffsPlugin@b73433, method=public void net.runelite.client.plugins.timersandbuffs.TimersAndBuffsPlugin.onNpcDespawned(net.runelite.api.events.NpcDespawned), priority=0.0, lambda=net.runelite.client.plugins.timersandbuffs.TimersAndBuffsPlugin$$Lambda/0x000000010078fb88@772b3f92)
2026-04-26 16:36:16 GMT [AWT-EventQueue-0] DEBUG n.runelite.client.eventbus.EventBus - Registering class net.runelite.api.events.GameTick - EventBus.Subscriber(object=net.runelite.client.plugins.timersandbuffs.TimersAndBuffsPlugin@b73433, method=public void net.runelite.client.plugins.timersandbuffs.TimersAndBuffsPlugin.onGameTick(net.runelite.api.events.GameTick), priority=0.0, lambda=net.runelite.client.plugins.timersandbuffs.TimersAndBuffsPlugin$$Lambda/0x000000010078fdc0@204296f0)
2026-04-26 16:36:16 GMT [AWT-EventQueue-0] DEBUG n.runelite.client.eventbus.EventBus - Registering class net.runelite.api.events.ChatMessage - EventBus.Subscriber(object=net.runelite.client.plugins.timersandbuffs.TimersAndBuffsPlugin@b73433, method=public void net.runelite.client.plugins.timersandbuffs.TimersAndBuffsPlugin.onChatMessage(net.runelite.api.events.ChatMessage), priority=0.0, lambda=net.runelite.client.plugins.timersandbuffs.TimersAndBuffsPlugin$$Lambda/0x0000000100794000@636446a6)
2026-04-26 16:36:16 GMT [AWT-EventQueue-0] DEBUG n.runelite.client.eventbus.EventBus - Registering class net.runelite.api.events.NpcChanged - EventBus.Subscriber(object=net.runelite.client.plugins.timersandbuffs.TimersAndBuffsPlugin@b73433, method=void net.runelite.client.plugins.timersandbuffs.TimersAndBuffsPlugin.onNpcChanged(net.runelite.api.events.NpcChanged), priority=0.0, lambda=net.runelite.client.plugins.timersandbuffs.TimersAndBuffsPlugin$$Lambda/0x0000000100794238@235df576)
2026-04-26 16:36:16 GMT [AWT-EventQueue-0] DEBUG n.runelite.client.eventbus.EventBus - Registering class net.runelite.api.events.ActorDeath - EventBus.Subscriber(object=net.runelite.client.plugins.timersandbuffs.TimersAndBuffsPlugin@b73433, method=public void net.runelite.client.plugins.timersandbuffs.TimersAndBuffsPlugin.onActorDeath(net.runelite.api.events.ActorDeath), priority=0.0, lambda=net.runelite.client.plugins.timersandbuffs.TimersAndBuffsPlugin$$Lambda/0x0000000100794470@46cd95e9)
2026-04-26 16:36:16 GMT [AWT-EventQueue-0] DEBUG n.runelite.client.eventbus.EventBus - Registering class net.runelite.client.events.ConfigChanged - EventBus.Subscriber(object=net.runelite.client.plugins.timersandbuffs.TimersAndBuffsPlugin@b73433, method=public void net.runelite.client.plugins.timersandbuffs.TimersAndBuffsPlugin.onConfigChanged(net.runelite.client.events.ConfigChanged), priority=0.0, lambda=net.runelite.client.plugins.timersandbuffs.TimersAndBuffsPlugin$$Lambda/0x00000001007949c0@7dbf8bdc)
2026-04-26 16:36:16 GMT [AWT-EventQueue-0] DEBUG n.runelite.client.eventbus.EventBus - Registering class net.runelite.api.events.GameStateChanged - EventBus.Subscriber(object=net.runelite.client.plugins.timersandbuffs.TimersAndBuffsPlugin@b73433, method=public void net.runelite.client.plugins.timersandbuffs.TimersAndBuffsPlugin.onGameStateChanged(net.runelite.api.events.GameStateChanged), priority=0.0, lambda=net.runelite.client.plugins.timersandbuffs.TimersAndBuffsPlugin$$Lambda/0x0000000100794bf8@3dd6404c)
2026-04-26 16:36:16 GMT [AWT-EventQueue-0] DEBUG n.runelite.client.eventbus.EventBus - Registering class net.runelite.api.events.VarbitChanged - EventBus.Subscriber(object=net.runelite.client.plugins.timersandbuffs.TimersAndBuffsPlugin@b73433, method=public void net.runelite.client.plugins.timersandbuffs.TimersAndBuffsPlugin.onVarbitChanged(net.runelite.api.events.VarbitChanged), priority=0.0, lambda=net.runelite.client.plugins.timersandbuffs.TimersAndBuffsPlugin$$Lambda/0x0000000100794e30@245d7cef)
2026-04-26 16:36:16 GMT [AWT-EventQueue-0] DEBUG n.runelite.client.eventbus.EventBus - Registering class net.runelite.api.events.ItemContainerChanged - EventBus.Subscriber(object=net.runelite.client.plugins.timersandbuffs.TimersAndBuffsPlugin@b73433, method=public void net.runelite.client.plugins.timersandbuffs.TimersAndBuffsPlugin.onItemContainerChanged(net.runelite.api.events.ItemContainerChanged), priority=0.0, lambda=net.runelite.client.plugins.timersandbuffs.TimersAndBuffsPlugin$$Lambda/0x0000000100795068@4b14c3af)
2026-04-26 16:36:16 GMT [AWT-EventQueue-0] DEBUG n.runelite.client.eventbus.EventBus - Registering class net.runelite.api.events.GraphicChanged - EventBus.Subscriber(object=net.runelite.client.plugins.timersandbuffs.TimersAndBuffsPlugin@b73433, method=public void net.runelite.client.plugins.timersandbuffs.TimersAndBuffsPlugin.onGraphicChanged(net.runelite.api.events.GraphicChanged), priority=0.0, lambda=net.runelite.client.plugins.timersandbuffs.TimersAndBuffsPlugin$$Lambda/0x00000001007952a0@4e01446d)
2026-04-26 16:36:16 GMT [AWT-EventQueue-0] DEBUG n.r.client.plugins.PluginManager - Plugin FishingPlugin is now running
2026-04-26 16:36:16 GMT [AWT-EventQueue-0] DEBUG n.runelite.client.eventbus.EventBus - Registering class net.runelite.api.events.WidgetLoaded - EventBus.Subscriber(object=net.runelite.client.plugins.fishing.FishingPlugin@72976b4, method=public void net.runelite.client.plugins.fishing.FishingPlugin.onWidgetLoaded(net.runelite.api.events.WidgetLoaded), priority=0.0, lambda=net.runelite.client.plugins.fishing.FishingPlugin$$Lambda/0x0000000100795720@38ea2322)
2026-04-26 16:36:16 GMT [AWT-EventQueue-0] DEBUG n.runelite.client.eventbus.EventBus - Registering class net.runelite.api.events.NpcSpawned - EventBus.Subscriber(object=net.runelite.client.plugins.fishing.FishingPlugin@72976b4, method=public void net.runelite.client.plugins.fishing.FishingPlugin.onNpcSpawned(net.runelite.api.events.NpcSpawned), priority=0.0, lambda=net.runelite.client.plugins.fishing.FishingPlugin$$Lambda/0x0000000100795958@4786d3a0)
2026-04-26 16:36:16 GMT [AWT-EventQueue-0] DEBUG n.runelite.client.eventbus.EventBus - Registering class net.runelite.api.events.NpcDespawned - EventBus.Subscriber(object=net.runelite.client.plugins.fishing.FishingPlugin@72976b4, method=public void net.runelite.client.plugins.fishing.FishingPlugin.onNpcDespawned(net.runelite.api.events.NpcDespawned), priority=0.0, lambda=net.runelite.client.plugins.fishing.FishingPlugin$$Lambda/0x0000000100795b90@5d5968e7)
2026-04-26 16:36:16 GMT [AWT-EventQueue-0] DEBUG n.runelite.client.eventbus.EventBus - Registering class net.runelite.api.events.GameTick - EventBus.Subscriber(object=net.runelite.client.plugins.fishing.FishingPlugin@72976b4, method=public void net.runelite.client.plugins.fishing.FishingPlugin.onGameTick(net.runelite.api.events.GameTick), priority=0.0, lambda=net.runelite.client.plugins.fishing.FishingPlugin$$Lambda/0x0000000100795dc8@31713688)
2026-04-26 16:36:16 GMT [AWT-EventQueue-0] DEBUG n.runelite.client.eventbus.EventBus - Registering class net.runelite.api.events.ChatMessage - EventBus.Subscriber(object=net.runelite.client.plugins.fishing.FishingPlugin@72976b4, method=public void net.runelite.client.plugins.fishing.FishingPlugin.onChatMessage(net.runelite.api.events.ChatMessage), priority=0.0, lambda=net.runelite.client.plugins.fishing.FishingPlugin$$Lambda/0x0000000100796000@ee093ac)
2026-04-26 16:36:16 GMT [AWT-EventQueue-0] DEBUG n.runelite.client.eventbus.EventBus - Registering class net.runelite.api.events.GameStateChanged - EventBus.Subscriber(object=net.runelite.client.plugins.fishing.FishingPlugin@72976b4, method=public void net.runelite.client.plugins.fishing.FishingPlugin.onGameStateChanged(net.runelite.api.events.GameStateChanged), priority=0.0, lambda=net.runelite.client.plugins.fishing.FishingPlugin$$Lambda/0x0000000100796238@29aea9fa)
2026-04-26 16:36:16 GMT [AWT-EventQueue-0] DEBUG n.runelite.client.eventbus.EventBus - Registering class net.runelite.api.events.ItemContainerChanged - EventBus.Subscriber(object=net.runelite.client.plugins.fishing.FishingPlugin@72976b4, method=public void net.runelite.client.plugins.fishing.FishingPlugin.onItemContainerChanged(net.runelite.api.events.ItemContainerChanged), priority=0.0, lambda=net.runelite.client.plugins.fishing.FishingPlugin$$Lambda/0x0000000100796470@7d9fda85)
2026-04-26 16:36:16 GMT [AWT-EventQueue-0] DEBUG n.runelite.client.eventbus.EventBus - Registering class net.runelite.api.events.InteractingChanged - EventBus.Subscriber(object=net.runelite.client.plugins.fishing.FishingPlugin@72976b4, method=public void net.runelite.client.plugins.fishing.FishingPlugin.onInteractingChanged(net.runelite.api.events.InteractingChanged), priority=0.0, lambda=net.runelite.client.plugins.fishing.FishingPlugin$$Lambda/0x00000001007966a8@28b92973)
2026-04-26 16:36:16 GMT [AWT-EventQueue-0] DEBUG n.r.client.plugins.PluginManager - Plugin RunepouchPlugin is now running
2026-04-26 16:36:16 GMT [AWT-EventQueue-0] DEBUG n.r.client.plugins.PluginManager - Plugin SlayerPlugin is now running
2026-04-26 16:36:16 GMT [AWT-EventQueue-0] DEBUG n.runelite.client.eventbus.EventBus - Registering class net.runelite.api.events.NpcSpawned - EventBus.Subscriber(object=net.runelite.client.plugins.slayer.SlayerPlugin@3b4825f0, method=public void net.runelite.client.plugins.slayer.SlayerPlugin.onNpcSpawned(net.runelite.api.events.NpcSpawned), priority=0.0, lambda=net.runelite.client.plugins.slayer.SlayerPlugin$$Lambda/0x0000000100796f98@1c7eb25e)
2026-04-26 16:36:16 GMT [AWT-EventQueue-0] DEBUG n.runelite.client.eventbus.EventBus - Registering class net.runelite.api.events.NpcDespawned - EventBus.Subscriber(object=net.runelite.client.plugins.slayer.SlayerPlugin@3b4825f0, method=public void net.runelite.client.plugins.slayer.SlayerPlugin.onNpcDespawned(net.runelite.api.events.NpcDespawned), priority=0.0, lambda=net.runelite.client.plugins.slayer.SlayerPlugin$$Lambda/0x00000001007971d0@3feb4911)
2026-04-26 16:36:16 GMT [AWT-EventQueue-0] DEBUG n.runelite.client.eventbus.EventBus - Registering class net.runelite.api.events.GameTick - EventBus.Subscriber(object=net.runelite.client.plugins.slayer.SlayerPlugin@3b4825f0, method=public void net.runelite.client.plugins.slayer.SlayerPlugin.onGameTick(net.runelite.api.events.GameTick), priority=0.0, lambda=net.runelite.client.plugins.slayer.SlayerPlugin$$Lambda/0x0000000100797408@7a2490d8)
2026-04-26 16:36:16 GMT [AWT-EventQueue-0] DEBUG n.runelite.client.eventbus.EventBus - Registering class net.runelite.api.events.ChatMessage - EventBus.Subscriber(object=net.runelite.client.plugins.slayer.SlayerPlugin@3b4825f0, method=public void net.runelite.client.plugins.slayer.SlayerPlugin.onChatMessage(net.runelite.api.events.ChatMessage), priority=0.0, lambda=net.runelite.client.plugins.slayer.SlayerPlugin$$Lambda/0x0000000100797640@30a20692)
2026-04-26 16:36:16 GMT [AWT-EventQueue-0] DEBUG n.runelite.client.eventbus.EventBus - Registering class net.runelite.client.events.ConfigChanged - EventBus.Subscriber(object=net.runelite.client.plugins.slayer.SlayerPlugin@3b4825f0, method=private void net.runelite.client.plugins.slayer.SlayerPlugin.onConfigChanged(net.runelite.client.events.ConfigChanged), priority=0.0, lambda=net.runelite.client.plugins.slayer.SlayerPlugin$$Lambda/0x0000000100797878@74808f4d)
2026-04-26 16:36:16 GMT [AWT-EventQueue-0] DEBUG n.runelite.client.eventbus.EventBus - Registering class net.runelite.api.events.GameStateChanged - EventBus.Subscriber(object=net.runelite.client.plugins.slayer.SlayerPlugin@3b4825f0, method=public void net.runelite.client.plugins.slayer.SlayerPlugin.onGameStateChanged(net.runelite.api.events.GameStateChanged), priority=0.0, lambda=net.runelite.client.plugins.slayer.SlayerPlugin$$Lambda/0x0000000100797ab0@22d30c65)
2026-04-26 16:36:16 GMT [AWT-EventQueue-0] DEBUG n.runelite.client.eventbus.EventBus - Registering class net.runelite.api.events.MenuOptionClicked - EventBus.Subscriber(object=net.runelite.client.plugins.slayer.SlayerPlugin@3b4825f0, method=public void net.runelite.client.plugins.slayer.SlayerPlugin.onMenuOptionClicked(net.runelite.api.events.MenuOptionClicked), priority=0.0, lambda=net.runelite.client.plugins.slayer.SlayerPlugin$$Lambda/0x0000000100797ce8@1b2898c3)
2026-04-26 16:36:16 GMT [AWT-EventQueue-0] DEBUG n.runelite.client.eventbus.EventBus - Registering class net.runelite.api.events.VarbitChanged - EventBus.Subscriber(object=net.runelite.client.plugins.slayer.SlayerPlugin@3b4825f0, method=public void net.runelite.client.plugins.slayer.SlayerPlugin.onVarbitChanged(net.runelite.api.events.VarbitChanged), priority=0.0, lambda=net.runelite.client.plugins.slayer.SlayerPlugin$$Lambda/0x0000000100792000@b0c690e)
2026-04-26 16:36:16 GMT [AWT-EventQueue-0] DEBUG n.runelite.client.eventbus.EventBus - Registering class net.runelite.api.events.CommandExecuted - EventBus.Subscriber(object=net.runelite.client.plugins.slayer.SlayerPlugin@3b4825f0, method=public void net.runelite.client.plugins.slayer.SlayerPlugin.onCommandExecuted(net.runelite.api.events.CommandExecuted), priority=0.0, lambda=net.runelite.client.plugins.slayer.SlayerPlugin$$Lambda/0x0000000100792238@2b208a43)
2026-04-26 16:36:16 GMT [AWT-EventQueue-0] DEBUG net.runelite.client.input.KeyManager - Registering key listener: net.runelite.client.plugins.raids.RaidsPlugin$1@1134c93d
2026-04-26 16:36:16 GMT [AWT-EventQueue-0] DEBUG n.r.client.plugins.PluginManager - Plugin RaidsPlugin is now running
2026-04-26 16:36:16 GMT [AWT-EventQueue-0] DEBUG n.runelite.client.eventbus.EventBus - Registering class net.runelite.api.events.ChatMessage - EventBus.Subscriber(object=net.runelite.client.plugins.raids.RaidsPlugin@1a07bf6, method=public void net.runelite.client.plugins.raids.RaidsPlugin.onChatMessage(net.runelite.api.events.ChatMessage), priority=0.0, lambda=net.runelite.client.plugins.raids.RaidsPlugin$$Lambda/0x0000000100792b28@1b57a6ed)
2026-04-26 16:36:16 GMT [AWT-EventQueue-0] DEBUG n.runelite.client.eventbus.EventBus - Registering class net.runelite.client.events.ConfigChanged - EventBus.Subscriber(object=net.runelite.client.plugins.raids.RaidsPlugin@1a07bf6, method=public void net.runelite.client.plugins.raids.RaidsPlugin.onConfigChanged(net.runelite.client.events.ConfigChanged), priority=0.0, lambda=net.runelite.client.plugins.raids.RaidsPlugin$$Lambda/0x0000000100792d60@5bf2ca1b)
2026-04-26 16:36:16 GMT [AWT-EventQueue-0] DEBUG n.runelite.client.eventbus.EventBus - Registering class net.runelite.api.events.GameStateChanged - EventBus.Subscriber(object=net.runelite.client.plugins.raids.RaidsPlugin@1a07bf6, method=public void net.runelite.client.plugins.raids.RaidsPlugin.onGameStateChanged(net.runelite.api.events.GameStateChanged), priority=0.0, lambda=net.runelite.client.plugins.raids.RaidsPlugin$$Lambda/0x0000000100792f98@e6fb9e1)
2026-04-26 16:36:16 GMT [AWT-EventQueue-0] DEBUG n.runelite.client.eventbus.EventBus - Registering class net.runelite.api.events.VarbitChanged - EventBus.Subscriber(object=net.runelite.client.plugins.raids.RaidsPlugin@1a07bf6, method=public void net.runelite.client.plugins.raids.RaidsPlugin.onVarbitChanged(net.runelite.api.events.VarbitChanged), priority=0.0, lambda=net.runelite.client.plugins.raids.RaidsPlugin$$Lambda/0x00000001007931d0@6b4ce3ea)
2026-04-26 16:36:16 GMT [AWT-EventQueue-0] DEBUG n.r.client.plugins.PluginManager - Plugin BlastMinePlugin is now running
2026-04-26 16:36:16 GMT [AWT-EventQueue-0] DEBUG n.runelite.client.eventbus.EventBus - Registering class net.runelite.api.events.GameTick - EventBus.Subscriber(object=net.runelite.client.plugins.blastmine.BlastMinePlugin@5cf8676a, method=public void net.runelite.client.plugins.blastmine.BlastMinePlugin.onGameTick(net.runelite.api.events.GameTick), priority=0.0, lambda=net.runelite.client.plugins.blastmine.BlastMinePlugin$$Lambda/0x0000000100793408@21e377bb)
2026-04-26 16:36:16 GMT [AWT-EventQueue-0] DEBUG n.runelite.client.eventbus.EventBus - Registering class net.runelite.api.events.GameStateChanged - EventBus.Subscriber(object=net.runelite.client.plugins.blastmine.BlastMinePlugin@5cf8676a, method=public void net.runelite.client.plugins.blastmine.BlastMinePlugin.onGameStateChanged(net.runelite.api.events.GameStateChanged), priority=0.0, lambda=net.runelite.client.plugins.blastmine.BlastMinePlugin$$Lambda/0x0000000100793640@21a5d618)
2026-04-26 16:36:16 GMT [AWT-EventQueue-0] DEBUG n.runelite.client.eventbus.EventBus - Registering class net.runelite.api.events.GameObjectSpawned - EventBus.Subscriber(object=net.runelite.client.plugins.blastmine.BlastMinePlugin@5cf8676a, method=public void net.runelite.client.plugins.blastmine.BlastMinePlugin.onGameObjectSpawned(net.runelite.api.events.GameObjectSpawned), priority=0.0, lambda=net.runelite.client.plugins.blastmine.BlastMinePlugin$$Lambda/0x0000000100793878@1c5b6447)
2026-04-26 16:36:16 GMT [AWT-EventQueue-0] DEBUG n.r.client.plugins.PluginManager - Plugin BarrowsPlugin is now running
2026-04-26 16:36:16 GMT [AWT-EventQueue-0] DEBUG n.runelite.client.eventbus.EventBus - Registering class net.runelite.api.events.BeforeRender - EventBus.Subscriber(object=net.runelite.client.plugins.barrows.BarrowsPlugin@57ddd45b, method=public void net.runelite.client.plugins.barrows.BarrowsPlugin.onBeforeRender(net.runelite.api.events.BeforeRender), priority=0.0, lambda=net.runelite.client.plugins.barrows.BarrowsPlugin$$Lambda/0x0000000100793ab0@1e7b02ab)
2026-04-26 16:36:16 GMT [AWT-EventQueue-0] DEBUG n.runelite.client.eventbus.EventBus - Registering class net.runelite.api.events.WidgetLoaded - EventBus.Subscriber(object=net.runelite.client.plugins.barrows.BarrowsPlugin@57ddd45b, method=public void net.runelite.client.plugins.barrows.BarrowsPlugin.onWidgetLoaded(net.runelite.api.events.WidgetLoaded), priority=0.0, lambda=net.runelite.client.plugins.barrows.BarrowsPlugin$$Lambda/0x0000000100793ce8@52d5beae)
2026-04-26 16:36:16 GMT [AWT-EventQueue-0] DEBUG n.runelite.client.eventbus.EventBus - Registering class net.runelite.api.events.WidgetClosed - EventBus.Subscriber(object=net.runelite.client.plugins.barrows.BarrowsPlugin@57ddd45b, method=public void net.runelite.client.plugins.barrows.BarrowsPlugin.onWidgetClosed(net.runelite.api.events.WidgetClosed), priority=0.0, lambda=net.runelite.client.plugins.barrows.BarrowsPlugin$$Lambda/0x0000000100791000@407bba3b)
2026-04-26 16:36:16 GMT [AWT-EventQueue-0] DEBUG n.runelite.client.eventbus.EventBus - Registering class net.runelite.client.events.ConfigChanged - EventBus.Subscriber(object=net.runelite.client.plugins.barrows.BarrowsPlugin@57ddd45b, method=public void net.runelite.client.plugins.barrows.BarrowsPlugin.onConfigChanged(net.runelite.client.events.ConfigChanged), priority=0.0, lambda=net.runelite.client.plugins.barrows.BarrowsPlugin$$Lambda/0x0000000100791238@4fb2f0ea)
2026-04-26 16:36:16 GMT [AWT-EventQueue-0] DEBUG n.runelite.client.eventbus.EventBus - Registering class net.runelite.api.events.GameStateChanged - EventBus.Subscriber(object=net.runelite.client.plugins.barrows.BarrowsPlugin@57ddd45b, method=public void net.runelite.client.plugins.barrows.BarrowsPlugin.onGameStateChanged(net.runelite.api.events.GameStateChanged), priority=0.0, lambda=net.runelite.client.plugins.barrows.BarrowsPlugin$$Lambda/0x0000000100791470@483c866a)
2026-04-26 16:36:16 GMT [AWT-EventQueue-0] DEBUG n.r.client.plugins.PluginManager - Plugin MusicPlugin is now running
2026-04-26 16:36:16 GMT [AWT-EventQueue-0] DEBUG n.runelite.client.eventbus.EventBus - Registering class net.runelite.api.events.AreaSoundEffectPlayed - EventBus.Subscriber(object=net.runelite.client.plugins.music.MusicPlugin@18d003cd, method=public void net.runelite.client.plugins.music.MusicPlugin.onAreaSoundEffectPlayed(net.runelite.api.events.AreaSoundEffectPlayed), priority=0.0, lambda=net.runelite.client.plugins.music.MusicPlugin$$Lambda/0x00000001007918d0@1320927f)
2026-04-26 16:36:16 GMT [AWT-EventQueue-0] DEBUG n.runelite.client.eventbus.EventBus - Registering class net.runelite.api.events.AmbientSoundEffectCreated - EventBus.Subscriber(object=net.runelite.client.plugins.music.MusicPlugin@18d003cd, method=public void net.runelite.client.plugins.music.MusicPlugin.onAmbientSoundEffectCreated(net.runelite.api.events.AmbientSoundEffectCreated), priority=0.0, lambda=net.runelite.client.plugins.music.MusicPlugin$$Lambda/0x0000000100791b08@1b1acbc3)
2026-04-26 16:36:16 GMT [AWT-EventQueue-0] DEBUG n.runelite.client.eventbus.EventBus - Registering class net.runelite.api.events.WidgetLoaded - EventBus.Subscriber(object=net.runelite.client.plugins.music.MusicPlugin@18d003cd, method=public void net.runelite.client.plugins.music.MusicPlugin.onWidgetLoaded(net.runelite.api.events.WidgetLoaded), priority=0.0, lambda=net.runelite.client.plugins.music.MusicPlugin$$Lambda/0x0000000100791d40@7a7fb103)
2026-04-26 16:36:16 GMT [AWT-EventQueue-0] DEBUG n.runelite.client.eventbus.EventBus - Registering class net.runelite.client.events.ConfigChanged - EventBus.Subscriber(object=net.runelite.client.plugins.music.MusicPlugin@18d003cd, method=public void net.runelite.client.plugins.music.MusicPlugin.onConfigChanged(net.runelite.client.events.ConfigChanged), priority=0.0, lambda=net.runelite.client.plugins.music.MusicPlugin$$Lambda/0x0000000100790800@6fc0eef3)
2026-04-26 16:36:16 GMT [AWT-EventQueue-0] DEBUG n.runelite.client.eventbus.EventBus - Registering class net.runelite.api.events.GameStateChanged - EventBus.Subscriber(object=net.runelite.client.plugins.music.MusicPlugin@18d003cd, method=public void net.runelite.client.plugins.music.MusicPlugin.onGameStateChanged(net.runelite.api.events.GameStateChanged), priority=0.0, lambda=net.runelite.client.plugins.music.MusicPlugin$$Lambda/0x0000000100790a38@5e70dd21)
2026-04-26 16:36:16 GMT [AWT-EventQueue-0] DEBUG n.runelite.client.eventbus.EventBus - Registering class net.runelite.api.events.ScriptCallbackEvent - EventBus.Subscriber(object=net.runelite.client.plugins.music.MusicPlugin@18d003cd, method=private void net.runelite.client.plugins.music.MusicPlugin.onScriptCallbackEvent(net.runelite.api.events.ScriptCallbackEvent), priority=0.0, lambda=net.runelite.client.plugins.music.MusicPlugin$$Lambda/0x0000000100790c70@5fe2981a)
2026-04-26 16:36:16 GMT [AWT-EventQueue-0] DEBUG n.runelite.client.eventbus.EventBus - Registering class net.runelite.api.events.VarbitChanged - EventBus.Subscriber(object=net.runelite.client.plugins.music.MusicPlugin@18d003cd, method=private void net.runelite.client.plugins.music.MusicPlugin.onVarbitChanged(net.runelite.api.events.VarbitChanged), priority=0.0, lambda=net.runelite.client.plugins.music.MusicPlugin$$Lambda/0x0000000100798000@5abbcaa6)
2026-04-26 16:36:16 GMT [AWT-EventQueue-0] DEBUG n.runelite.client.eventbus.EventBus - Registering class net.runelite.api.events.SoundEffectPlayed - EventBus.Subscriber(object=net.runelite.client.plugins.music.MusicPlugin@18d003cd, method=public void net.runelite.client.plugins.music.MusicPlugin.onSoundEffectPlayed(net.runelite.api.events.SoundEffectPlayed), priority=0.0, lambda=net.runelite.client.plugins.music.MusicPlugin$$Lambda/0x0000000100798238@4c496220)
2026-04-26 16:36:16 GMT [AWT-EventQueue-0] DEBUG n.runelite.client.eventbus.EventBus - Registering class net.runelite.api.events.VarClientIntChanged - EventBus.Subscriber(object=net.runelite.client.plugins.music.MusicPlugin@18d003cd, method=public void net.runelite.client.plugins.music.MusicPlugin.onVarClientIntChanged(net.runelite.api.events.VarClientIntChanged), priority=0.0, lambda=net.runelite.client.plugins.music.MusicPlugin$$Lambda/0x0000000100798470@1e3fc8cc)
2026-04-26 16:36:16 GMT [AWT-EventQueue-0] DEBUG net.runelite.client.input.KeyManager - Registering key listener: net.runelite.client.plugins.grandexchange.GrandExchangeInputListener@78744f97
2026-04-26 16:36:16 GMT [AWT-EventQueue-0] DEBUG n.r.client.plugins.PluginManager - Plugin GrandExchangePlugin is now running
2026-04-26 16:36:16 GMT [AWT-EventQueue-0] DEBUG n.runelite.client.eventbus.EventBus - Registering class net.runelite.api.events.GrandExchangeSearched - EventBus.Subscriber(object=net.runelite.client.plugins.grandexchange.GrandExchangePlugin@64da6cbd, method=public void net.runelite.client.plugins.grandexchange.GrandExchangePlugin.onGrandExchangeSearched(net.runelite.api.events.GrandExchangeSearched), priority=-100.0, lambda=net.runelite.client.plugins.grandexchange.GrandExchangePlugin$$Lambda/0x0000000100798fb0@70d22dbd)
2026-04-26 16:36:16 GMT [AWT-EventQueue-0] DEBUG n.runelite.client.eventbus.EventBus - Registering class net.runelite.api.events.GrandExchangeOfferChanged - EventBus.Subscriber(object=net.runelite.client.plugins.grandexchange.GrandExchangePlugin@64da6cbd, method=public void net.runelite.client.plugins.grandexchange.GrandExchangePlugin.onGrandExchangeOfferChanged(net.runelite.api.events.GrandExchangeOfferChanged), priority=0.0, lambda=net.runelite.client.plugins.grandexchange.GrandExchangePlugin$$Lambda/0x00000001007991e8@76b0dbdd)
2026-04-26 16:36:16 GMT [AWT-EventQueue-0] DEBUG n.runelite.client.eventbus.EventBus - Registering class net.runelite.client.events.SessionOpen - EventBus.Subscriber(object=net.runelite.client.plugins.grandexchange.GrandExchangePlugin@64da6cbd, method=public void net.runelite.client.plugins.grandexchange.GrandExchangePlugin.onSessionOpen(net.runelite.client.events.SessionOpen), priority=0.0, lambda=net.runelite.client.plugins.grandexchange.GrandExchangePlugin$$Lambda/0x0000000100799420@7d2e8f38)
2026-04-26 16:36:16 GMT [AWT-EventQueue-0] DEBUG n.runelite.client.eventbus.EventBus - Registering class net.runelite.client.events.SessionClose - EventBus.Subscriber(object=net.runelite.client.plugins.grandexchange.GrandExchangePlugin@64da6cbd, method=public void net.runelite.client.plugins.grandexchange.GrandExchangePlugin.onSessionClose(net.runelite.client.events.SessionClose), priority=0.0, lambda=net.runelite.client.plugins.grandexchange.GrandExchangePlugin$$Lambda/0x0000000100799658@30661764)
2026-04-26 16:36:16 GMT [AWT-EventQueue-0] DEBUG n.runelite.client.eventbus.EventBus - Registering class net.runelite.api.events.FocusChanged - EventBus.Subscriber(object=net.runelite.client.plugins.grandexchange.GrandExchangePlugin@64da6cbd, method=public void net.runelite.client.plugins.grandexchange.GrandExchangePlugin.onFocusChanged(net.runelite.api.events.FocusChanged), priority=0.0, lambda=net.runelite.client.plugins.grandexchange.GrandExchangePlugin$$Lambda/0x0000000100799890@2265dca0)
2026-04-26 16:36:16 GMT [AWT-EventQueue-0] DEBUG n.runelite.client.eventbus.EventBus - Registering class net.runelite.api.events.ChatMessage - EventBus.Subscriber(object=net.runelite.client.plugins.grandexchange.GrandExchangePlugin@64da6cbd, method=public void net.runelite.client.plugins.grandexchange.GrandExchangePlugin.onChatMessage(net.runelite.api.events.ChatMessage), priority=0.0, lambda=net.runelite.client.plugins.grandexchange.GrandExchangePlugin$$Lambda/0x0000000100799ac8@20d6a0d1)
2026-04-26 16:36:16 GMT [AWT-EventQueue-0] DEBUG n.runelite.client.eventbus.EventBus - Registering class net.runelite.client.events.ConfigChanged - EventBus.Subscriber(object=net.runelite.client.plugins.grandexchange.GrandExchangePlugin@64da6cbd, method=public void net.runelite.client.plugins.grandexchange.GrandExchangePlugin.onConfigChanged(net.runelite.client.events.ConfigChanged), priority=0.0, lambda=net.runelite.client.plugins.grandexchange.GrandExchangePlugin$$Lambda/0x0000000100799d00@59999564)
2026-04-26 16:36:16 GMT [AWT-EventQueue-0] DEBUG n.runelite.client.eventbus.EventBus - Registering class net.runelite.api.events.GameStateChanged - EventBus.Subscriber(object=net.runelite.client.plugins.grandexchange.GrandExchangePlugin@64da6cbd, method=public void net.runelite.client.plugins.grandexchange.GrandExchangePlugin.onGameStateChanged(net.runelite.api.events.GameStateChanged), priority=0.0, lambda=net.runelite.client.plugins.grandexchange.GrandExchangePlugin$$Lambda/0x0000000100799f38@3659cb18)
2026-04-26 16:36:16 GMT [AWT-EventQueue-0] DEBUG n.runelite.client.eventbus.EventBus - Registering class net.runelite.api.events.MenuEntryAdded - EventBus.Subscriber(object=net.runelite.client.plugins.grandexchange.GrandExchangePlugin@64da6cbd, method=public void net.runelite.client.plugins.grandexchange.GrandExchangePlugin.onMenuEntryAdded(net.runelite.api.events.MenuEntryAdded), priority=0.0, lambda=net.runelite.client.plugins.grandexchange.GrandExchangePlugin$$Lambda/0x000000010079a170@580d489e)
2026-04-26 16:36:16 GMT [AWT-EventQueue-0] DEBUG n.runelite.client.eventbus.EventBus - Registering class net.runelite.api.events.ScriptCallbackEvent - EventBus.Subscriber(object=net.runelite.client.plugins.grandexchange.GrandExchangePlugin@64da6cbd, method=public void net.runelite.client.plugins.grandexchange.GrandExchangePlugin.onScriptCallbackEvent(net.runelite.api.events.ScriptCallbackEvent), priority=0.0, lambda=net.runelite.client.plugins.grandexchange.GrandExchangePlugin$$Lambda/0x000000010079a3a8@6216dde4)
2026-04-26 16:36:16 GMT [AWT-EventQueue-0] DEBUG n.runelite.client.eventbus.EventBus - Registering class net.runelite.api.events.ScriptPostFired - EventBus.Subscriber(object=net.runelite.client.plugins.grandexchange.GrandExchangePlugin@64da6cbd, method=public void net.runelite.client.plugins.grandexchange.GrandExchangePlugin.onScriptPostFired(net.runelite.api.events.ScriptPostFired), priority=0.0, lambda=net.runelite.client.plugins.grandexchange.GrandExchangePlugin$$Lambda/0x000000010079a5e0@4beb24ce)
2026-04-26 16:36:16 GMT [AWT-EventQueue-0] DEBUG n.r.client.plugins.PluginManager - Plugin XpDropPlugin is now running
2026-04-26 16:36:16 GMT [AWT-EventQueue-0] DEBUG n.runelite.client.eventbus.EventBus - Registering class net.runelite.api.events.StatChanged - EventBus.Subscriber(object=net.runelite.client.plugins.xpdrop.XpDropPlugin@6c8f60f3, method=public void net.runelite.client.plugins.xpdrop.XpDropPlugin.onStatChanged(net.runelite.api.events.StatChanged), priority=0.0, lambda=net.runelite.client.plugins.xpdrop.XpDropPlugin$$Lambda/0x000000010079a818@7a1926bc)
2026-04-26 16:36:16 GMT [AWT-EventQueue-0] DEBUG n.runelite.client.eventbus.EventBus - Registering class net.runelite.api.events.GameTick - EventBus.Subscriber(object=net.runelite.client.plugins.xpdrop.XpDropPlugin@6c8f60f3, method=public void net.runelite.client.plugins.xpdrop.XpDropPlugin.onGameTick(net.runelite.api.events.GameTick), priority=0.0, lambda=net.runelite.client.plugins.xpdrop.XpDropPlugin$$Lambda/0x000000010079aa50@49073aba)
2026-04-26 16:36:16 GMT [AWT-EventQueue-0] DEBUG n.runelite.client.eventbus.EventBus - Registering class net.runelite.api.events.ScriptPreFired - EventBus.Subscriber(object=net.runelite.client.plugins.xpdrop.XpDropPlugin@6c8f60f3, method=public void net.runelite.client.plugins.xpdrop.XpDropPlugin.onScriptPreFired(net.runelite.api.events.ScriptPreFired), priority=0.0, lambda=net.runelite.client.plugins.xpdrop.XpDropPlugin$$Lambda/0x000000010079ac88@54722f3f)
2026-04-26 16:36:16 GMT [AWT-EventQueue-0] DEBUG n.r.client.plugins.PluginManager - Plugin GpuPlugin is now running
2026-04-26 16:36:16 GMT [AWT-EventQueue-0] DEBUG n.runelite.client.eventbus.EventBus - Registering class net.runelite.client.events.ConfigChanged - EventBus.Subscriber(object=net.runelite.client.plugins.gpu.GpuPlugin@158e9f6e, method=public void net.runelite.client.plugins.gpu.GpuPlugin.onConfigChanged(net.runelite.client.events.ConfigChanged), priority=0.0, lambda=net.runelite.client.plugins.gpu.GpuPlugin$$Lambda/0x000000010079e930@5db5555c)
2026-04-26 16:36:16 GMT [AWT-EventQueue-0] DEBUG n.runelite.client.eventbus.EventBus - Registering class net.runelite.api.events.GameStateChanged - EventBus.Subscriber(object=net.runelite.client.plugins.gpu.GpuPlugin@158e9f6e, method=public void net.runelite.client.plugins.gpu.GpuPlugin.onGameStateChanged(net.runelite.api.events.GameStateChanged), priority=0.0, lambda=net.runelite.client.plugins.gpu.GpuPlugin$$Lambda/0x000000010079eb68@2205d789)
2026-04-26 16:36:16 GMT [AWT-EventQueue-0] DEBUG n.runelite.client.eventbus.EventBus - Registering class net.runelite.api.events.PostClientTick - EventBus.Subscriber(object=net.runelite.client.plugins.gpu.GpuPlugin@158e9f6e, method=public void net.runelite.client.plugins.gpu.GpuPlugin.onPostClientTick(net.runelite.api.events.PostClientTick), priority=0.0, lambda=net.runelite.client.plugins.gpu.GpuPlugin$$Lambda/0x000000010079eda0@31c03da9)
2026-04-26 16:36:16 GMT [AWT-EventQueue-0] DEBUG n.r.client.plugins.PluginManager - Plugin BarbarianAssaultPlugin is now running
2026-04-26 16:36:16 GMT [AWT-EventQueue-0] DEBUG n.runelite.client.eventbus.EventBus - Registering class net.runelite.api.events.WidgetLoaded - EventBus.Subscriber(object=net.runelite.client.plugins.barbarianassault.BarbarianAssaultPlugin@60ed12e8, method=public void net.runelite.client.plugins.barbarianassault.BarbarianAssaultPlugin.onWidgetLoaded(net.runelite.api.events.WidgetLoaded), priority=0.0, lambda=net.runelite.client.plugins.barbarianassault.BarbarianAssaultPlugin$$Lambda/0x000000010079f1d8@5e9bfa0f)
2026-04-26 16:36:16 GMT [AWT-EventQueue-0] DEBUG n.runelite.client.eventbus.EventBus - Registering class net.runelite.api.events.ChatMessage - EventBus.Subscriber(object=net.runelite.client.plugins.barbarianassault.BarbarianAssaultPlugin@60ed12e8, method=public void net.runelite.client.plugins.barbarianassault.BarbarianAssaultPlugin.onChatMessage(net.runelite.api.events.ChatMessage), priority=0.0, lambda=net.runelite.client.plugins.barbarianassault.BarbarianAssaultPlugin$$Lambda/0x000000010079f410@750d8465)
2026-04-26 16:36:16 GMT [AWT-EventQueue-0] DEBUG n.runelite.client.eventbus.EventBus - Registering class net.runelite.api.events.VarbitChanged - EventBus.Subscriber(object=net.runelite.client.plugins.barbarianassault.BarbarianAssaultPlugin@60ed12e8, method=public void net.runelite.client.plugins.barbarianassault.BarbarianAssaultPlugin.onVarbitChanged(net.runelite.api.events.VarbitChanged), priority=0.0, lambda=net.runelite.client.plugins.barbarianassault.BarbarianAssaultPlugin$$Lambda/0x000000010079f648@76fa657)
2026-04-26 16:36:16 GMT [AWT-EventQueue-0] DEBUG n.r.client.plugins.PluginManager - Plugin FriendListPlugin is now running
2026-04-26 16:36:16 GMT [AWT-EventQueue-0] DEBUG n.runelite.client.eventbus.EventBus - Registering class net.runelite.api.events.ChatMessage - EventBus.Subscriber(object=net.runelite.client.plugins.friendlist.FriendListPlugin@5a13fcf3, method=public void net.runelite.client.plugins.friendlist.FriendListPlugin.onChatMessage(net.runelite.api.events.ChatMessage), priority=0.0, lambda=net.runelite.client.plugins.friendlist.FriendListPlugin$$Lambda/0x000000010079f880@51cf66b0)
2026-04-26 16:36:16 GMT [AWT-EventQueue-0] DEBUG n.runelite.client.eventbus.EventBus - Registering class net.runelite.api.events.MenuEntryAdded - EventBus.Subscriber(object=net.runelite.client.plugins.friendlist.FriendListPlugin@5a13fcf3, method=public void net.runelite.client.plugins.friendlist.FriendListPlugin.onMenuEntryAdded(net.runelite.api.events.MenuEntryAdded), priority=0.0, lambda=net.runelite.client.plugins.friendlist.FriendListPlugin$$Lambda/0x000000010079fab8@f6a59b6)
2026-04-26 16:36:16 GMT [AWT-EventQueue-0] DEBUG n.runelite.client.eventbus.EventBus - Registering class net.runelite.api.events.ScriptPostFired - EventBus.Subscriber(object=net.runelite.client.plugins.friendlist.FriendListPlugin@5a13fcf3, method=public void net.runelite.client.plugins.friendlist.FriendListPlugin.onScriptPostFired(net.runelite.api.events.ScriptPostFired), priority=0.0, lambda=net.runelite.client.plugins.friendlist.FriendListPlugin$$Lambda/0x000000010079fcf0@24d92cf1)
2026-04-26 16:36:16 GMT [AWT-EventQueue-0] DEBUG n.r.client.plugins.PluginManager - Scheduled task ScheduledMethod(schedule=@net.runelite.client.task.Schedule(asynchronous=false, period=5L, unit=SECONDS), method=public void net.runelite.client.plugins.friendlist.FriendListPlugin.setHideNotifications(), object=net.runelite.client.plugins.friendlist.FriendListPlugin@5a13fcf3, lambda=net.runelite.client.plugins.friendlist.FriendListPlugin$$Lambda/0x000000010079d000@541ad712, last=2026-04-26T16:36:16.839380124Z)
2026-04-26 16:36:16 GMT [AWT-EventQueue-0] DEBUG n.r.c.u.o.infobox.InfoBoxManager - Adding InfoBox net.runelite.client.plugins.boosts.StatChangeIndicator@6b731c71
2026-04-26 16:36:16 GMT [AWT-EventQueue-0] DEBUG n.runelite.client.eventbus.EventBus - Registering class net.runelite.api.events.MenuOptionClicked - EventBus.Subscriber(object=net.runelite.client.ui.overlay.infobox.InfoBoxOverlay@51c26539, method=public void net.runelite.client.ui.overlay.infobox.InfoBoxOverlay.onMenuOptionClicked(net.runelite.api.events.MenuOptionClicked), priority=0.0, lambda=net.runelite.client.ui.overlay.infobox.InfoBoxOverlay$$Lambda/0x000000010079dab8@50d49189)
2026-04-26 16:36:16 GMT [AWT-EventQueue-0] DEBUG n.r.c.u.o.infobox.InfoBoxManager - Adding InfoBox net.runelite.client.plugins.boosts.StatChangeIndicator@543bda38
2026-04-26 16:36:16 GMT [AWT-EventQueue-0] DEBUG n.r.c.u.o.infobox.InfoBoxManager - Adding InfoBox net.runelite.client.plugins.boosts.BoostIndicator@247ffb1a
2026-04-26 16:36:16 GMT [AWT-EventQueue-0] DEBUG n.r.c.u.o.infobox.InfoBoxManager - Adding InfoBox net.runelite.client.plugins.boosts.BoostIndicator@204e2539
2026-04-26 16:36:16 GMT [AWT-EventQueue-0] DEBUG n.r.c.u.o.infobox.InfoBoxManager - Adding InfoBox net.runelite.client.plugins.boosts.BoostIndicator@3545509f
2026-04-26 16:36:16 GMT [AWT-EventQueue-0] DEBUG n.r.c.u.o.infobox.InfoBoxManager - Adding InfoBox net.runelite.client.plugins.boosts.BoostIndicator@175e45f2
2026-04-26 16:36:16 GMT [AWT-EventQueue-0] DEBUG n.r.c.u.o.infobox.InfoBoxManager - Adding InfoBox net.runelite.client.plugins.boosts.BoostIndicator@4ca2db28
2026-04-26 16:36:16 GMT [AWT-EventQueue-0] DEBUG n.r.c.u.o.infobox.InfoBoxManager - Adding InfoBox net.runelite.client.plugins.boosts.BoostIndicator@1d144868
2026-04-26 16:36:16 GMT [AWT-EventQueue-0] DEBUG n.r.c.u.o.infobox.InfoBoxManager - Adding InfoBox net.runelite.client.plugins.boosts.BoostIndicator@24a22fd
2026-04-26 16:36:16 GMT [AWT-EventQueue-0] DEBUG n.r.c.u.o.infobox.InfoBoxManager - Adding InfoBox net.runelite.client.plugins.boosts.BoostIndicator@675e9693
2026-04-26 16:36:16 GMT [AWT-EventQueue-0] DEBUG n.r.c.u.o.infobox.InfoBoxManager - Adding InfoBox net.runelite.client.plugins.boosts.BoostIndicator@3dff6acb
2026-04-26 16:36:16 GMT [AWT-EventQueue-0] DEBUG n.r.c.u.o.infobox.InfoBoxManager - Adding InfoBox net.runelite.client.plugins.boosts.BoostIndicator@2173214
2026-04-26 16:36:16 GMT [AWT-EventQueue-0] DEBUG n.r.c.u.o.infobox.InfoBoxManager - Adding InfoBox net.runelite.client.plugins.boosts.BoostIndicator@5199b561
2026-04-26 16:36:16 GMT [AWT-EventQueue-0] DEBUG n.r.c.u.o.infobox.InfoBoxManager - Adding InfoBox net.runelite.client.plugins.boosts.BoostIndicator@42605bcf
2026-04-26 16:36:16 GMT [AWT-EventQueue-0] DEBUG n.r.c.u.o.infobox.InfoBoxManager - Adding InfoBox net.runelite.client.plugins.boosts.BoostIndicator@40fc87a
2026-04-26 16:36:16 GMT [AWT-EventQueue-0] DEBUG n.r.c.u.o.infobox.InfoBoxManager - Adding InfoBox net.runelite.client.plugins.boosts.BoostIndicator@3fb3cd7d
2026-04-26 16:36:16 GMT [AWT-EventQueue-0] DEBUG n.r.c.u.o.infobox.InfoBoxManager - Adding InfoBox net.runelite.client.plugins.boosts.BoostIndicator@231d5557
2026-04-26 16:36:16 GMT [AWT-EventQueue-0] DEBUG n.r.c.u.o.infobox.InfoBoxManager - Adding InfoBox net.runelite.client.plugins.boosts.BoostIndicator@63e3ccd8
2026-04-26 16:36:16 GMT [AWT-EventQueue-0] DEBUG n.r.c.u.o.infobox.InfoBoxManager - Adding InfoBox net.runelite.client.plugins.boosts.BoostIndicator@195594c6
2026-04-26 16:36:16 GMT [AWT-EventQueue-0] DEBUG n.r.c.u.o.infobox.InfoBoxManager - Adding InfoBox net.runelite.client.plugins.boosts.BoostIndicator@38ac7ab4
2026-04-26 16:36:16 GMT [AWT-EventQueue-0] DEBUG n.r.c.u.o.infobox.InfoBoxManager - Adding InfoBox net.runelite.client.plugins.boosts.BoostIndicator@71d2371b
2026-04-26 16:36:16 GMT [AWT-EventQueue-0] DEBUG n.r.c.u.o.infobox.InfoBoxManager - Adding InfoBox net.runelite.client.plugins.boosts.BoostIndicator@c2ab0f5
2026-04-26 16:36:16 GMT [AWT-EventQueue-0] DEBUG n.r.c.u.o.infobox.InfoBoxManager - Adding InfoBox net.runelite.client.plugins.boosts.BoostIndicator@39ece612
2026-04-26 16:36:16 GMT [AWT-EventQueue-0] DEBUG n.r.c.u.o.infobox.InfoBoxManager - Adding InfoBox net.runelite.client.plugins.boosts.BoostIndicator@624e4241
2026-04-26 16:36:16 GMT [AWT-EventQueue-0] DEBUG n.r.c.u.o.infobox.InfoBoxManager - Adding InfoBox net.runelite.client.plugins.boosts.BoostIndicator@2c4dbfc
2026-04-26 16:36:16 GMT [AWT-EventQueue-0] DEBUG n.r.c.u.o.infobox.InfoBoxManager - Adding InfoBox net.runelite.client.plugins.boosts.BoostIndicator@5b306e49
2026-04-26 16:36:16 GMT [AWT-EventQueue-0] DEBUG n.r.client.plugins.PluginManager - Plugin BoostsPlugin is now running
2026-04-26 16:36:16 GMT [AWT-EventQueue-0] DEBUG n.runelite.client.eventbus.EventBus - Registering class net.runelite.api.events.StatChanged - EventBus.Subscriber(object=net.runelite.client.plugins.boosts.BoostsPlugin@554188ac, method=public void net.runelite.client.plugins.boosts.BoostsPlugin.onStatChanged(net.runelite.api.events.StatChanged), priority=0.0, lambda=net.runelite.client.plugins.boosts.BoostsPlugin$$Lambda/0x00000001007a06f0@157ed9f6)
2026-04-26 16:36:16 GMT [AWT-EventQueue-0] DEBUG n.runelite.client.eventbus.EventBus - Registering class net.runelite.api.events.GameTick - EventBus.Subscriber(object=net.runelite.client.plugins.boosts.BoostsPlugin@554188ac, method=public void net.runelite.client.plugins.boosts.BoostsPlugin.onGameTick(net.runelite.api.events.GameTick), priority=0.0, lambda=net.runelite.client.plugins.boosts.BoostsPlugin$$Lambda/0x00000001007a0928@69db99d9)
2026-04-26 16:36:16 GMT [AWT-EventQueue-0] DEBUG n.runelite.client.eventbus.EventBus - Registering class net.runelite.client.events.ConfigChanged - EventBus.Subscriber(object=net.runelite.client.plugins.boosts.BoostsPlugin@554188ac, method=public void net.runelite.client.plugins.boosts.BoostsPlugin.onConfigChanged(net.runelite.client.events.ConfigChanged), priority=0.0, lambda=net.runelite.client.plugins.boosts.BoostsPlugin$$Lambda/0x00000001007a0b60@19520cf1)
2026-04-26 16:36:16 GMT [AWT-EventQueue-0] DEBUG n.runelite.client.eventbus.EventBus - Registering class net.runelite.api.events.GameStateChanged - EventBus.Subscriber(object=net.runelite.client.plugins.boosts.BoostsPlugin@554188ac, method=public void net.runelite.client.plugins.boosts.BoostsPlugin.onGameStateChanged(net.runelite.api.events.GameStateChanged), priority=0.0, lambda=net.runelite.client.plugins.boosts.BoostsPlugin$$Lambda/0x00000001007a0d98@12515928)
2026-04-26 16:36:16 GMT [AWT-EventQueue-0] DEBUG n.r.client.plugins.PluginManager - Plugin AccountPlugin is now running
2026-04-26 16:36:16 GMT [AWT-EventQueue-0] DEBUG n.runelite.client.eventbus.EventBus - Registering class net.runelite.client.events.SessionOpen - EventBus.Subscriber(object=net.runelite.client.plugins.account.AccountPlugin@6a6c7f42, method=public void net.runelite.client.plugins.account.AccountPlugin.onSessionOpen(net.runelite.client.events.SessionOpen), priority=0.0, lambda=net.runelite.client.plugins.account.AccountPlugin$$Lambda/0x00000001007a1648@3c69f709)
2026-04-26 16:36:16 GMT [AWT-EventQueue-0] DEBUG n.runelite.client.eventbus.EventBus - Registering class net.runelite.client.events.SessionClose - EventBus.Subscriber(object=net.runelite.client.plugins.account.AccountPlugin@6a6c7f42, method=public void net.runelite.client.plugins.account.AccountPlugin.onSessionClose(net.runelite.client.events.SessionClose), priority=0.0, lambda=net.runelite.client.plugins.account.AccountPlugin$$Lambda/0x00000001007a1880@20347b3e)
2026-04-26 16:36:16 GMT [AWT-EventQueue-0] DEBUG n.r.client.plugins.PluginManager - Plugin SpellbookPlugin is now running
2026-04-26 16:36:16 GMT [AWT-EventQueue-0] DEBUG n.runelite.client.eventbus.EventBus - Registering class net.runelite.api.events.WidgetDrag - EventBus.Subscriber(object=net.runelite.client.plugins.spellbook.SpellbookPlugin@79476a4e, method=public void net.runelite.client.plugins.spellbook.SpellbookPlugin.onWidgetDrag(net.runelite.api.events.WidgetDrag), priority=0.0, lambda=net.runelite.client.plugins.spellbook.SpellbookPlugin$$Lambda/0x00000001007a2388@a26e244)
2026-04-26 16:36:16 GMT [AWT-EventQueue-0] DEBUG n.runelite.client.eventbus.EventBus - Registering class net.runelite.client.events.ProfileChanged - EventBus.Subscriber(object=net.runelite.client.plugins.spellbook.SpellbookPlugin@79476a4e, method=public void net.runelite.client.plugins.spellbook.SpellbookPlugin.onProfileChanged(net.runelite.client.events.ProfileChanged), priority=0.0, lambda=net.runelite.client.plugins.spellbook.SpellbookPlugin$$Lambda/0x00000001007a25c0@cf1f543)
2026-04-26 16:36:16 GMT [AWT-EventQueue-0] DEBUG n.runelite.client.eventbus.EventBus - Registering class net.runelite.api.events.ScriptCallbackEvent - EventBus.Subscriber(object=net.runelite.client.plugins.spellbook.SpellbookPlugin@79476a4e, method=public void net.runelite.client.plugins.spellbook.SpellbookPlugin.onScriptCallbackEvent(net.runelite.api.events.ScriptCallbackEvent), priority=0.0, lambda=net.runelite.client.plugins.spellbook.SpellbookPlugin$$Lambda/0x00000001007a27f8@5c259162)
2026-04-26 16:36:16 GMT [AWT-EventQueue-0] DEBUG n.runelite.client.eventbus.EventBus - Registering class net.runelite.api.events.ScriptPreFired - EventBus.Subscriber(object=net.runelite.client.plugins.spellbook.SpellbookPlugin@79476a4e, method=public void net.runelite.client.plugins.spellbook.SpellbookPlugin.onScriptPreFired(net.runelite.api.events.ScriptPreFired), priority=0.0, lambda=net.runelite.client.plugins.spellbook.SpellbookPlugin$$Lambda/0x00000001007a2a30@7918a1d4)
2026-04-26 16:36:16 GMT [AWT-EventQueue-0] DEBUG n.r.client.plugins.PluginManager - Plugin AgilityPlugin is now running
2026-04-26 16:36:16 GMT [AWT-EventQueue-0] DEBUG n.runelite.client.eventbus.EventBus - Registering class net.runelite.api.events.DecorativeObjectDespawned - EventBus.Subscriber(object=net.runelite.client.plugins.agility.AgilityPlugin@32d418a9, method=public void net.runelite.client.plugins.agility.AgilityPlugin.onDecorativeObjectDespawned(net.runelite.api.events.DecorativeObjectDespawned), priority=0.0, lambda=net.runelite.client.plugins.agility.AgilityPlugin$$Lambda/0x00000001007a2c68@714d9717)
2026-04-26 16:36:16 GMT [AWT-EventQueue-0] DEBUG n.runelite.client.eventbus.EventBus - Registering class net.runelite.api.events.GroundObjectDespawned - EventBus.Subscriber(object=net.runelite.client.plugins.agility.AgilityPlugin@32d418a9, method=public void net.runelite.client.plugins.agility.AgilityPlugin.onGroundObjectDespawned(net.runelite.api.events.GroundObjectDespawned), priority=0.0, lambda=net.runelite.client.plugins.agility.AgilityPlugin$$Lambda/0x00000001007a2ea0@77cb8605)
2026-04-26 16:36:16 GMT [AWT-EventQueue-0] DEBUG n.runelite.client.eventbus.EventBus - Registering class net.runelite.api.events.DecorativeObjectSpawned - EventBus.Subscriber(object=net.runelite.client.plugins.agility.AgilityPlugin@32d418a9, method=public void net.runelite.client.plugins.agility.AgilityPlugin.onDecorativeObjectSpawned(net.runelite.api.events.DecorativeObjectSpawned), priority=0.0, lambda=net.runelite.client.plugins.agility.AgilityPlugin$$Lambda/0x00000001007a30d8@51d4d04f)
2026-04-26 16:36:16 GMT [AWT-EventQueue-0] DEBUG n.runelite.client.eventbus.EventBus - Registering class net.runelite.api.events.ItemSpawned - EventBus.Subscriber(object=net.runelite.client.plugins.agility.AgilityPlugin@32d418a9, method=public void net.runelite.client.plugins.agility.AgilityPlugin.onItemSpawned(net.runelite.api.events.ItemSpawned), priority=0.0, lambda=net.runelite.client.plugins.agility.AgilityPlugin$$Lambda/0x00000001007a3310@b65ddf5)
2026-04-26 16:36:16 GMT [AWT-EventQueue-0] DEBUG n.runelite.client.eventbus.EventBus - Registering class net.runelite.api.events.NpcSpawned - EventBus.Subscriber(object=net.runelite.client.plugins.agility.AgilityPlugin@32d418a9, method=public void net.runelite.client.plugins.agility.AgilityPlugin.onNpcSpawned(net.runelite.api.events.NpcSpawned), priority=0.0, lambda=net.runelite.client.plugins.agility.AgilityPlugin$$Lambda/0x00000001007a3548@504b96f0)
2026-04-26 16:36:16 GMT [AWT-EventQueue-0] DEBUG n.runelite.client.eventbus.EventBus - Registering class net.runelite.api.events.StatChanged - EventBus.Subscriber(object=net.runelite.client.plugins.agility.AgilityPlugin@32d418a9, method=public void net.runelite.client.plugins.agility.AgilityPlugin.onStatChanged(net.runelite.api.events.StatChanged), priority=0.0, lambda=net.runelite.client.plugins.agility.AgilityPlugin$$Lambda/0x00000001007a3780@793fe36f)
2026-04-26 16:36:16 GMT [AWT-EventQueue-0] DEBUG n.runelite.client.eventbus.EventBus - Registering class net.runelite.api.events.NpcDespawned - EventBus.Subscriber(object=net.runelite.client.plugins.agility.AgilityPlugin@32d418a9, method=public void net.runelite.client.plugins.agility.AgilityPlugin.onNpcDespawned(net.runelite.api.events.NpcDespawned), priority=0.0, lambda=net.runelite.client.plugins.agility.AgilityPlugin$$Lambda/0x00000001007a39b8@1b6b6c0)
2026-04-26 16:36:16 GMT [AWT-EventQueue-0] DEBUG n.runelite.client.eventbus.EventBus - Registering class net.runelite.api.events.GameTick - EventBus.Subscriber(object=net.runelite.client.plugins.agility.AgilityPlugin@32d418a9, method=public void net.runelite.client.plugins.agility.AgilityPlugin.onGameTick(net.runelite.api.events.GameTick), priority=0.0, lambda=net.runelite.client.plugins.agility.AgilityPlugin$$Lambda/0x00000001007a3bf0@5b6346b8)
2026-04-26 16:36:16 GMT [AWT-EventQueue-0] DEBUG n.runelite.client.eventbus.EventBus - Registering class net.runelite.client.events.ConfigChanged - EventBus.Subscriber(object=net.runelite.client.plugins.agility.AgilityPlugin@32d418a9, method=public void net.runelite.client.plugins.agility.AgilityPlugin.onConfigChanged(net.runelite.client.events.ConfigChanged), priority=0.0, lambda=net.runelite.client.plugins.agility.AgilityPlugin$$Lambda/0x00000001007a3e28@5042701f)
2026-04-26 16:36:16 GMT [AWT-EventQueue-0] DEBUG n.runelite.client.eventbus.EventBus - Registering class net.runelite.api.events.GameStateChanged - EventBus.Subscriber(object=net.runelite.client.plugins.agility.AgilityPlugin@32d418a9, method=public void net.runelite.client.plugins.agility.AgilityPlugin.onGameStateChanged(net.runelite.api.events.GameStateChanged), priority=0.0, lambda=net.runelite.client.plugins.agility.AgilityPlugin$$Lambda/0x00000001007a4060@43512ed7)
2026-04-26 16:36:16 GMT [AWT-EventQueue-0] DEBUG n.runelite.client.eventbus.EventBus - Registering class net.runelite.api.events.ItemDespawned - EventBus.Subscriber(object=net.runelite.client.plugins.agility.AgilityPlugin@32d418a9, method=public void net.runelite.client.plugins.agility.AgilityPlugin.onItemDespawned(net.runelite.api.events.ItemDespawned), priority=0.0, lambda=net.runelite.client.plugins.agility.AgilityPlugin$$Lambda/0x00000001007a4298@5223ad0b)
2026-04-26 16:36:16 GMT [AWT-EventQueue-0] DEBUG n.runelite.client.eventbus.EventBus - Registering class net.runelite.api.events.GameObjectDespawned - EventBus.Subscriber(object=net.runelite.client.plugins.agility.AgilityPlugin@32d418a9, method=public void net.runelite.client.plugins.agility.AgilityPlugin.onGameObjectDespawned(net.runelite.api.events.GameObjectDespawned), priority=0.0, lambda=net.runelite.client.plugins.agility.AgilityPlugin$$Lambda/0x00000001007a44d0@2dc8dfbd)
2026-04-26 16:36:16 GMT [AWT-EventQueue-0] DEBUG n.runelite.client.eventbus.EventBus - Registering class net.runelite.api.events.VarbitChanged - EventBus.Subscriber(object=net.runelite.client.plugins.agility.AgilityPlugin@32d418a9, method=public void net.runelite.client.plugins.agility.AgilityPlugin.onVarbitChanged(net.runelite.api.events.VarbitChanged), priority=0.0, lambda=net.runelite.client.plugins.agility.AgilityPlugin$$Lambda/0x00000001007a4708@64454b9f)
2026-04-26 16:36:16 GMT [AWT-EventQueue-0] DEBUG n.runelite.client.eventbus.EventBus - Registering class net.runelite.api.events.GameObjectSpawned - EventBus.Subscriber(object=net.runelite.client.plugins.agility.AgilityPlugin@32d418a9, method=public void net.runelite.client.plugins.agility.AgilityPlugin.onGameObjectSpawned(net.runelite.api.events.GameObjectSpawned), priority=0.0, lambda=net.runelite.client.plugins.agility.AgilityPlugin$$Lambda/0x00000001007a4940@436257b0)
2026-04-26 16:36:16 GMT [AWT-EventQueue-0] DEBUG n.runelite.client.eventbus.EventBus - Registering class net.runelite.api.events.WallObjectDespawned - EventBus.Subscriber(object=net.runelite.client.plugins.agility.AgilityPlugin@32d418a9, method=public void net.runelite.client.plugins.agility.AgilityPlugin.onWallObjectDespawned(net.runelite.api.events.WallObjectDespawned), priority=0.0, lambda=net.runelite.client.plugins.agility.AgilityPlugin$$Lambda/0x00000001007a4b78@295000a1)
2026-04-26 16:36:16 GMT [AWT-EventQueue-0] DEBUG n.runelite.client.eventbus.EventBus - Registering class net.runelite.api.events.GroundObjectSpawned - EventBus.Subscriber(object=net.runelite.client.plugins.agility.AgilityPlugin@32d418a9, method=public void net.runelite.client.plugins.agility.AgilityPlugin.onGroundObjectSpawned(net.runelite.api.events.GroundObjectSpawned), priority=0.0, lambda=net.runelite.client.plugins.agility.AgilityPlugin$$Lambda/0x00000001007a4db0@32a9148d)
2026-04-26 16:36:16 GMT [AWT-EventQueue-0] DEBUG n.runelite.client.eventbus.EventBus - Registering class net.runelite.api.events.WallObjectSpawned - EventBus.Subscriber(object=net.runelite.client.plugins.agility.AgilityPlugin@32d418a9, method=public void net.runelite.client.plugins.agility.AgilityPlugin.onWallObjectSpawned(net.runelite.api.events.WallObjectSpawned), priority=0.0, lambda=net.runelite.client.plugins.agility.AgilityPlugin$$Lambda/0x00000001007a4fe8@413bb84a)
2026-04-26 16:36:16 GMT [AWT-EventQueue-0] DEBUG n.runelite.client.eventbus.EventBus - Registering class net.runelite.client.events.ExternalPluginsChanged - EventBus.Subscriber(object=net.runelite.client.plugins.config.PluginListPanel[,0,0,0x0,invalid,layout=java.awt.FlowLayout,alignmentX=0.0,alignmentY=0.0,border=,flags=9,maximumSize=,minimumSize=,preferredSize=], method=private void net.runelite.client.plugins.config.PluginListPanel.onExternalPluginsChanged(net.runelite.client.events.ExternalPluginsChanged), priority=0.0, lambda=net.runelite.client.plugins.config.PluginListPanel$$Lambda/0x00000001007a5220@6631f3db)
2026-04-26 16:36:16 GMT [AWT-EventQueue-0] DEBUG n.runelite.client.eventbus.EventBus - Registering class net.runelite.client.events.ProfileChanged - EventBus.Subscriber(object=net.runelite.client.plugins.config.PluginListPanel[,0,0,0x0,invalid,layout=java.awt.FlowLayout,alignmentX=0.0,alignmentY=0.0,border=,flags=9,maximumSize=,minimumSize=,preferredSize=], method=private void net.runelite.client.plugins.config.PluginListPanel.onProfileChanged(net.runelite.client.events.ProfileChanged), priority=0.0, lambda=net.runelite.client.plugins.config.PluginListPanel$$Lambda/0x00000001007a5458@4da5a8f)
2026-04-26 16:36:16 GMT [AWT-EventQueue-0] DEBUG n.runelite.client.eventbus.EventBus - Registering class net.runelite.client.events.PluginChanged - EventBus.Subscriber(object=net.runelite.client.plugins.config.PluginListPanel[,0,0,0x0,invalid,layout=java.awt.FlowLayout,alignmentX=0.0,alignmentY=0.0,border=,flags=9,maximumSize=,minimumSize=,preferredSize=], method=public void net.runelite.client.plugins.config.PluginListPanel.onPluginChanged(net.runelite.client.events.PluginChanged), priority=0.0, lambda=net.runelite.client.plugins.config.PluginListPanel$$Lambda/0x00000001007a5690@67c7ee89)
2026-04-26 16:36:17 GMT [AWT-EventQueue-0] DEBUG n.runelite.client.eventbus.EventBus - Registering class net.runelite.client.events.RuneScapeProfileChanged - EventBus.Subscriber(object=net.runelite.client.plugins.config.ProfilePanel[,0,0,0x0,invalid,layout=javax.swing.GroupLayout,alignmentX=0.0,alignmentY=0.0,border=javax.swing.border.EmptyBorder@29ba41ad,flags=329,maximumSize=,minimumSize=,preferredSize=], method=private void net.runelite.client.plugins.config.ProfilePanel.onRuneScapeProfileChanged(net.runelite.client.events.RuneScapeProfileChanged), priority=0.0, lambda=net.runelite.client.plugins.config.ProfilePanel$$Lambda/0x00000001007bc000@7ba8aa2e)
2026-04-26 16:36:17 GMT [AWT-EventQueue-0] DEBUG n.runelite.client.eventbus.EventBus - Registering class net.runelite.client.events.SessionOpen - EventBus.Subscriber(object=net.runelite.client.plugins.config.ProfilePanel[,0,0,0x0,invalid,layout=javax.swing.GroupLayout,alignmentX=0.0,alignmentY=0.0,border=javax.swing.border.EmptyBorder@29ba41ad,flags=329,maximumSize=,minimumSize=,preferredSize=], method=public void net.runelite.client.plugins.config.ProfilePanel.onSessionOpen(net.runelite.client.events.SessionOpen), priority=0.0, lambda=net.runelite.client.plugins.config.ProfilePanel$$Lambda/0x00000001007bc238@1d6ee878)
2026-04-26 16:36:17 GMT [AWT-EventQueue-0] DEBUG n.runelite.client.eventbus.EventBus - Registering class net.runelite.client.events.SessionClose - EventBus.Subscriber(object=net.runelite.client.plugins.config.ProfilePanel[,0,0,0x0,invalid,layout=javax.swing.GroupLayout,alignmentX=0.0,alignmentY=0.0,border=javax.swing.border.EmptyBorder@29ba41ad,flags=329,maximumSize=,minimumSize=,preferredSize=], method=public void net.runelite.client.plugins.config.ProfilePanel.onSessionClose(net.runelite.client.events.SessionClose), priority=0.0, lambda=net.runelite.client.plugins.config.ProfilePanel$$Lambda/0x00000001007bc470@58e55a71)
2026-04-26 16:36:17 GMT [AWT-EventQueue-0] DEBUG n.runelite.client.eventbus.EventBus - Registering class net.runelite.client.events.ProfileChanged - EventBus.Subscriber(object=net.runelite.client.plugins.config.ProfilePanel[,0,0,0x0,invalid,layout=javax.swing.GroupLayout,alignmentX=0.0,alignmentY=0.0,border=javax.swing.border.EmptyBorder@29ba41ad,flags=329,maximumSize=,minimumSize=,preferredSize=], method=private void net.runelite.client.plugins.config.ProfilePanel.onProfileChanged(net.runelite.client.events.ProfileChanged), priority=0.0, lambda=net.runelite.client.plugins.config.ProfilePanel$$Lambda/0x00000001007bc6a8@7b837ee2)
2026-04-26 16:36:17 GMT [AWT-EventQueue-0] DEBUG n.r.client.plugins.PluginManager - Plugin ConfigPlugin is now running
2026-04-26 16:36:17 GMT [AWT-EventQueue-0] DEBUG n.runelite.client.eventbus.EventBus - Registering class net.runelite.client.events.OverlayMenuClicked - EventBus.Subscriber(object=net.runelite.client.plugins.config.ConfigPlugin@73041b7d, method=public void net.runelite.client.plugins.config.ConfigPlugin.onOverlayMenuClicked(net.runelite.client.events.OverlayMenuClicked), priority=0.0, lambda=net.runelite.client.plugins.config.ConfigPlugin$$Lambda/0x00000001007bcb08@609f9c82)
2026-04-26 16:36:17 GMT [AWT-EventQueue-0] DEBUG n.r.client.plugins.PluginManager - Plugin TitheFarmPlugin is now running
2026-04-26 16:36:17 GMT [AWT-EventQueue-0] DEBUG n.runelite.client.eventbus.EventBus - Registering class net.runelite.api.events.GameTick - EventBus.Subscriber(object=net.runelite.client.plugins.tithefarm.TitheFarmPlugin@500051c5, method=public void net.runelite.client.plugins.tithefarm.TitheFarmPlugin.onGameTick(net.runelite.api.events.GameTick), priority=0.0, lambda=net.runelite.client.plugins.tithefarm.TitheFarmPlugin$$Lambda/0x00000001007bd160@6f25c59c)
2026-04-26 16:36:17 GMT [AWT-EventQueue-0] DEBUG n.runelite.client.eventbus.EventBus - Registering class net.runelite.client.events.ConfigChanged - EventBus.Subscriber(object=net.runelite.client.plugins.tithefarm.TitheFarmPlugin@500051c5, method=public void net.runelite.client.plugins.tithefarm.TitheFarmPlugin.onConfigChanged(net.runelite.client.events.ConfigChanged), priority=0.0, lambda=net.runelite.client.plugins.tithefarm.TitheFarmPlugin$$Lambda/0x00000001007bd398@7edd3f69)
2026-04-26 16:36:17 GMT [AWT-EventQueue-0] DEBUG n.runelite.client.eventbus.EventBus - Registering class net.runelite.api.events.GameObjectSpawned - EventBus.Subscriber(object=net.runelite.client.plugins.tithefarm.TitheFarmPlugin@500051c5, method=public void net.runelite.client.plugins.tithefarm.TitheFarmPlugin.onGameObjectSpawned(net.runelite.api.events.GameObjectSpawned), priority=0.0, lambda=net.runelite.client.plugins.tithefarm.TitheFarmPlugin$$Lambda/0x00000001007bd5d0@c06d97e)
2026-04-26 16:36:17 GMT [AWT-EventQueue-0] DEBUG n.r.client.plugins.PluginManager - Plugin BossTimersPlugin is now running
2026-04-26 16:36:17 GMT [AWT-EventQueue-0] DEBUG n.runelite.client.eventbus.EventBus - Registering class net.runelite.api.events.NpcDespawned - EventBus.Subscriber(object=net.runelite.client.plugins.bosstimer.BossTimersPlugin@6ac4c3f7, method=public void net.runelite.client.plugins.bosstimer.BossTimersPlugin.onNpcDespawned(net.runelite.api.events.NpcDespawned), priority=0.0, lambda=net.runelite.client.plugins.bosstimer.BossTimersPlugin$$Lambda/0x00000001007bd808@698eeab8)
2026-04-26 16:36:17 GMT [AWT-EventQueue-0] DEBUG n.runelite.client.eventbus.EventBus - Registering class net.runelite.api.events.ChatMessage - EventBus.Subscriber(object=net.runelite.client.plugins.bosstimer.BossTimersPlugin@6ac4c3f7, method=private void net.runelite.client.plugins.bosstimer.BossTimersPlugin.onChatMessage(net.runelite.api.events.ChatMessage), priority=0.0, lambda=net.runelite.client.plugins.bosstimer.BossTimersPlugin$$Lambda/0x00000001007bda40@5390e81b)
2026-04-26 16:36:17 GMT [AWT-EventQueue-0] DEBUG n.runelite.client.eventbus.EventBus - Registering class net.runelite.api.events.NpcChanged - EventBus.Subscriber(object=net.runelite.client.plugins.bosstimer.BossTimersPlugin@6ac4c3f7, method=public void net.runelite.client.plugins.bosstimer.BossTimersPlugin.onNpcChanged(net.runelite.api.events.NpcChanged), priority=0.0, lambda=net.runelite.client.plugins.bosstimer.BossTimersPlugin$$Lambda/0x00000001007bdc78@50dc1788)
2026-04-26 16:36:17 GMT [AWT-EventQueue-0] DEBUG n.runelite.client.eventbus.EventBus - Registering class net.runelite.client.events.SessionOpen - EventBus.Subscriber(object=net.runelite.client.plugins.info.InfoPanel[,0,0,0x0,invalid,layout=java.awt.BorderLayout,alignmentX=0.0,alignmentY=0.0,border=javax.swing.border.EmptyBorder@2323dac8,flags=9,maximumSize=,minimumSize=,preferredSize=], method=public void net.runelite.client.plugins.info.InfoPanel.onSessionOpen(net.runelite.client.events.SessionOpen), priority=0.0, lambda=net.runelite.client.plugins.info.InfoPanel$$Lambda/0x00000001007c4590@29c5f1f6)
2026-04-26 16:36:17 GMT [AWT-EventQueue-0] DEBUG n.runelite.client.eventbus.EventBus - Registering class net.runelite.client.events.SessionClose - EventBus.Subscriber(object=net.runelite.client.plugins.info.InfoPanel[,0,0,0x0,invalid,layout=java.awt.BorderLayout,alignmentX=0.0,alignmentY=0.0,border=javax.swing.border.EmptyBorder@2323dac8,flags=9,maximumSize=,minimumSize=,preferredSize=], method=public void net.runelite.client.plugins.info.InfoPanel.onSessionClose(net.runelite.client.events.SessionClose), priority=0.0, lambda=net.runelite.client.plugins.info.InfoPanel$$Lambda/0x00000001007c47c8@7f1b58f3)
2026-04-26 16:36:17 GMT [AWT-EventQueue-0] DEBUG n.r.client.plugins.PluginManager - Plugin InfoPlugin is now running
2026-04-26 16:36:17 GMT [AWT-EventQueue-0] DEBUG n.r.client.plugins.PluginManager - Plugin CookingPlugin is now running
2026-04-26 16:36:17 GMT [AWT-EventQueue-0] DEBUG n.runelite.client.eventbus.EventBus - Registering class net.runelite.api.events.GameTick - EventBus.Subscriber(object=net.runelite.client.plugins.cooking.CookingPlugin@36ef1d65, method=public void net.runelite.client.plugins.cooking.CookingPlugin.onGameTick(net.runelite.api.events.GameTick), priority=0.0, lambda=net.runelite.client.plugins.cooking.CookingPlugin$$Lambda/0x00000001007c4a00@1a1bbfc1)
2026-04-26 16:36:17 GMT [AWT-EventQueue-0] DEBUG n.runelite.client.eventbus.EventBus - Registering class net.runelite.api.events.ChatMessage - EventBus.Subscriber(object=net.runelite.client.plugins.cooking.CookingPlugin@36ef1d65, method=public void net.runelite.client.plugins.cooking.CookingPlugin.onChatMessage(net.runelite.api.events.ChatMessage), priority=0.0, lambda=net.runelite.client.plugins.cooking.CookingPlugin$$Lambda/0x00000001007c4c38@55dc47a)
2026-04-26 16:36:17 GMT [AWT-EventQueue-0] DEBUG n.runelite.client.eventbus.EventBus - Registering class net.runelite.api.events.GraphicChanged - EventBus.Subscriber(object=net.runelite.client.plugins.cooking.CookingPlugin@36ef1d65, method=public void net.runelite.client.plugins.cooking.CookingPlugin.onGraphicChanged(net.runelite.api.events.GraphicChanged), priority=0.0, lambda=net.runelite.client.plugins.cooking.CookingPlugin$$Lambda/0x00000001007c4e70@e9d7f1b)
2026-04-26 16:36:17 GMT [AWT-EventQueue-0] DEBUG n.r.client.plugins.PluginManager - Plugin ChatChannelPlugin is now running
2026-04-26 16:36:17 GMT [AWT-EventQueue-0] DEBUG n.runelite.client.eventbus.EventBus - Registering class net.runelite.api.events.FriendsChatMemberJoined - EventBus.Subscriber(object=net.runelite.client.plugins.chatchannel.ChatChannelPlugin@706ceca6, method=public void net.runelite.client.plugins.chatchannel.ChatChannelPlugin.onFriendsChatMemberJoined(net.runelite.api.events.FriendsChatMemberJoined), priority=0.0, lambda=net.runelite.client.plugins.chatchannel.ChatChannelPlugin$$Lambda/0x00000001007c5720@5c6bb24b)
2026-04-26 16:36:17 GMT [AWT-EventQueue-0] DEBUG n.runelite.client.eventbus.EventBus - Registering class net.runelite.api.events.FriendsChatMemberLeft - EventBus.Subscriber(object=net.runelite.client.plugins.chatchannel.ChatChannelPlugin@706ceca6, method=public void net.runelite.client.plugins.chatchannel.ChatChannelPlugin.onFriendsChatMemberLeft(net.runelite.api.events.FriendsChatMemberLeft), priority=0.0, lambda=net.runelite.client.plugins.chatchannel.ChatChannelPlugin$$Lambda/0x00000001007c5958@7a05ab1)
2026-04-26 16:36:17 GMT [AWT-EventQueue-0] DEBUG n.runelite.client.eventbus.EventBus - Registering class net.runelite.api.events.GameTick - EventBus.Subscriber(object=net.runelite.client.plugins.chatchannel.ChatChannelPlugin@706ceca6, method=public void net.runelite.client.plugins.chatchannel.ChatChannelPlugin.onGameTick(net.runelite.api.events.GameTick), priority=0.0, lambda=net.runelite.client.plugins.chatchannel.ChatChannelPlugin$$Lambda/0x00000001007c5d98@38782e8)
2026-04-26 16:36:17 GMT [AWT-EventQueue-0] DEBUG n.runelite.client.eventbus.EventBus - Registering class net.runelite.client.events.ConfigChanged - EventBus.Subscriber(object=net.runelite.client.plugins.chatchannel.ChatChannelPlugin@706ceca6, method=public void net.runelite.client.plugins.chatchannel.ChatChannelPlugin.onConfigChanged(net.runelite.client.events.ConfigChanged), priority=0.0, lambda=net.runelite.client.plugins.chatchannel.ChatChannelPlugin$$Lambda/0x00000001007c61d8@a86579c)
2026-04-26 16:36:17 GMT [AWT-EventQueue-0] DEBUG n.runelite.client.eventbus.EventBus - Registering class net.runelite.api.events.GameStateChanged - EventBus.Subscriber(object=net.runelite.client.plugins.chatchannel.ChatChannelPlugin@706ceca6, method=public void net.runelite.client.plugins.chatchannel.ChatChannelPlugin.onGameStateChanged(net.runelite.api.events.GameStateChanged), priority=0.0, lambda=net.runelite.client.plugins.chatchannel.ChatChannelPlugin$$Lambda/0x00000001007c6618@4b204c50)
2026-04-26 16:36:17 GMT [AWT-EventQueue-0] DEBUG n.runelite.client.eventbus.EventBus - Registering class net.runelite.api.events.ScriptCallbackEvent - EventBus.Subscriber(object=net.runelite.client.plugins.chatchannel.ChatChannelPlugin@706ceca6, method=public void net.runelite.client.plugins.chatchannel.ChatChannelPlugin.onScriptCallbackEvent(net.runelite.api.events.ScriptCallbackEvent), priority=0.0, lambda=net.runelite.client.plugins.chatchannel.ChatChannelPlugin$$Lambda/0x00000001007c6850@4be4519b)
2026-04-26 16:36:17 GMT [AWT-EventQueue-0] DEBUG n.runelite.client.eventbus.EventBus - Registering class net.runelite.api.events.ScriptPostFired - EventBus.Subscriber(object=net.runelite.client.plugins.chatchannel.ChatChannelPlugin@706ceca6, method=public void net.runelite.client.plugins.chatchannel.ChatChannelPlugin.onScriptPostFired(net.runelite.api.events.ScriptPostFired), priority=0.0, lambda=net.runelite.client.plugins.chatchannel.ChatChannelPlugin$$Lambda/0x00000001007c6a88@e6b1eb4)
2026-04-26 16:36:17 GMT [AWT-EventQueue-0] DEBUG n.runelite.client.eventbus.EventBus - Registering class net.runelite.api.events.ClanMemberJoined - EventBus.Subscriber(object=net.runelite.client.plugins.chatchannel.ChatChannelPlugin@706ceca6, method=public void net.runelite.client.plugins.chatchannel.ChatChannelPlugin.onClanMemberJoined(net.runelite.api.events.ClanMemberJoined), priority=0.0, lambda=net.runelite.client.plugins.chatchannel.ChatChannelPlugin$$Lambda/0x00000001007c6f38@22dfb56e)
2026-04-26 16:36:17 GMT [AWT-EventQueue-0] DEBUG n.runelite.client.eventbus.EventBus - Registering class net.runelite.api.events.VarClientStrChanged - EventBus.Subscriber(object=net.runelite.client.plugins.chatchannel.ChatChannelPlugin@706ceca6, method=public void net.runelite.client.plugins.chatchannel.ChatChannelPlugin.onVarClientStrChanged(net.runelite.api.events.VarClientStrChanged), priority=0.0, lambda=net.runelite.client.plugins.chatchannel.ChatChannelPlugin$$Lambda/0x00000001007c7368@37f28364)
2026-04-26 16:36:17 GMT [AWT-EventQueue-0] DEBUG n.runelite.client.eventbus.EventBus - Registering class net.runelite.api.events.FriendsChatChanged - EventBus.Subscriber(object=net.runelite.client.plugins.chatchannel.ChatChannelPlugin@706ceca6, method=public void net.runelite.client.plugins.chatchannel.ChatChannelPlugin.onFriendsChatChanged(net.runelite.api.events.FriendsChatChanged), priority=0.0, lambda=net.runelite.client.plugins.chatchannel.ChatChannelPlugin$$Lambda/0x00000001007c75a0@5156f60c)
2026-04-26 16:36:17 GMT [AWT-EventQueue-0] DEBUG n.runelite.client.eventbus.EventBus - Registering class net.runelite.api.events.ClanMemberLeft - EventBus.Subscriber(object=net.runelite.client.plugins.chatchannel.ChatChannelPlugin@706ceca6, method=public void net.runelite.client.plugins.chatchannel.ChatChannelPlugin.onClanMemberLeft(net.runelite.api.events.ClanMemberLeft), priority=0.0, lambda=net.runelite.client.plugins.chatchannel.ChatChannelPlugin$$Lambda/0x00000001007c7af0@46e80dfb)
2026-04-26 16:36:17 GMT [AWT-EventQueue-0] DEBUG n.r.client.plugins.PluginManager - Plugin PuzzleSolverPlugin is now running
2026-04-26 16:36:17 GMT [AWT-EventQueue-0] DEBUG n.runelite.client.eventbus.EventBus - Registering class net.runelite.api.events.WidgetLoaded - EventBus.Subscriber(object=net.runelite.client.plugins.puzzlesolver.PuzzleSolverPlugin@10850d17, method=public void net.runelite.client.plugins.puzzlesolver.PuzzleSolverPlugin.onWidgetLoaded(net.runelite.api.events.WidgetLoaded), priority=0.0, lambda=net.runelite.client.plugins.puzzlesolver.PuzzleSolverPlugin$$Lambda/0x00000001007c8cc8@5ca686f8)
2026-04-26 16:36:17 GMT [AWT-EventQueue-0] DEBUG n.runelite.client.eventbus.EventBus - Registering class net.runelite.api.events.GameTick - EventBus.Subscriber(object=net.runelite.client.plugins.puzzlesolver.PuzzleSolverPlugin@10850d17, method=public void net.runelite.client.plugins.puzzlesolver.PuzzleSolverPlugin.onGameTick(net.runelite.api.events.GameTick), priority=0.0, lambda=net.runelite.client.plugins.puzzlesolver.PuzzleSolverPlugin$$Lambda/0x00000001007c8f00@7649ee11)
2026-04-26 16:36:17 GMT [AWT-EventQueue-0] DEBUG n.runelite.client.eventbus.EventBus - Registering class net.runelite.api.events.MenuOptionClicked - EventBus.Subscriber(object=net.runelite.client.plugins.puzzlesolver.PuzzleSolverPlugin@10850d17, method=public void net.runelite.client.plugins.puzzlesolver.PuzzleSolverPlugin.onMenuOptionClicked(net.runelite.api.events.MenuOptionClicked), priority=0.0, lambda=net.runelite.client.plugins.puzzlesolver.PuzzleSolverPlugin$$Lambda/0x00000001007c9138@5cb0f241)
2026-04-26 16:36:17 GMT [AWT-EventQueue-0] DEBUG n.r.client.plugins.PluginManager - Plugin CombatLevelPlugin is now running
2026-04-26 16:36:17 GMT [AWT-EventQueue-0] DEBUG n.runelite.client.eventbus.EventBus - Registering class net.runelite.api.events.StatChanged - EventBus.Subscriber(object=net.runelite.client.plugins.combatlevel.CombatLevelPlugin@996a546, method=private void net.runelite.client.plugins.combatlevel.CombatLevelPlugin.onStatChanged(net.runelite.api.events.StatChanged), priority=0.0, lambda=net.runelite.client.plugins.combatlevel.CombatLevelPlugin$$Lambda/0x00000001007ca180@3b09558e)
2026-04-26 16:36:17 GMT [AWT-EventQueue-0] DEBUG n.runelite.client.eventbus.EventBus - Registering class net.runelite.client.events.ConfigChanged - EventBus.Subscriber(object=net.runelite.client.plugins.combatlevel.CombatLevelPlugin@996a546, method=public void net.runelite.client.plugins.combatlevel.CombatLevelPlugin.onConfigChanged(net.runelite.client.events.ConfigChanged), priority=0.0, lambda=net.runelite.client.plugins.combatlevel.CombatLevelPlugin$$Lambda/0x00000001007ca3b8@386bb936)
2026-04-26 16:36:17 GMT [AWT-EventQueue-0] DEBUG n.runelite.client.eventbus.EventBus - Registering class net.runelite.api.events.ScriptPostFired - EventBus.Subscriber(object=net.runelite.client.plugins.combatlevel.CombatLevelPlugin@996a546, method=public void net.runelite.client.plugins.combatlevel.CombatLevelPlugin.onScriptPostFired(net.runelite.api.events.ScriptPostFired), priority=0.0, lambda=net.runelite.client.plugins.combatlevel.CombatLevelPlugin$$Lambda/0x00000001007ca5f0@384b8c62)
2026-04-26 16:36:17 GMT [AWT-EventQueue-0] DEBUG n.runelite.client.eventbus.EventBus - Registering class net.runelite.api.events.ScriptPreFired - EventBus.Subscriber(object=net.runelite.client.plugins.combatlevel.CombatLevelPlugin@996a546, method=public void net.runelite.client.plugins.combatlevel.CombatLevelPlugin.onScriptPreFired(net.runelite.api.events.ScriptPreFired), priority=0.0, lambda=net.runelite.client.plugins.combatlevel.CombatLevelPlugin$$Lambda/0x00000001007ca828@5338020e)
2026-04-26 16:36:17 GMT [AWT-EventQueue-0] DEBUG n.r.client.plugins.PluginManager - Plugin ItemStatPlugin is now running
2026-04-26 16:36:17 GMT [AWT-EventQueue-0] DEBUG n.runelite.client.eventbus.EventBus - Registering class net.runelite.api.events.GameTick - EventBus.Subscriber(object=net.runelite.client.plugins.itemstats.ItemStatPlugin@604d23fa, method=public void net.runelite.client.plugins.itemstats.ItemStatPlugin.onGameTick(net.runelite.api.events.GameTick), priority=0.0, lambda=net.runelite.client.plugins.itemstats.ItemStatPlugin$$Lambda/0x00000001007cc558@675c5ff)
2026-04-26 16:36:17 GMT [AWT-EventQueue-0] DEBUG n.runelite.client.eventbus.EventBus - Registering class net.runelite.client.events.ConfigChanged - EventBus.Subscriber(object=net.runelite.client.plugins.itemstats.ItemStatPlugin@604d23fa, method=public void net.runelite.client.plugins.itemstats.ItemStatPlugin.onConfigChanged(net.runelite.client.events.ConfigChanged), priority=0.0, lambda=net.runelite.client.plugins.itemstats.ItemStatPlugin$$Lambda/0x00000001007cc790@5e85d9db)
2026-04-26 16:36:17 GMT [AWT-EventQueue-0] DEBUG n.runelite.client.eventbus.EventBus - Registering class net.runelite.api.events.VarbitChanged - EventBus.Subscriber(object=net.runelite.client.plugins.itemstats.ItemStatPlugin@604d23fa, method=public void net.runelite.client.plugins.itemstats.ItemStatPlugin.onVarbitChanged(net.runelite.api.events.VarbitChanged), priority=0.0, lambda=net.runelite.client.plugins.itemstats.ItemStatPlugin$$Lambda/0x00000001007ccbd0@5f8db52d)
2026-04-26 16:36:17 GMT [AWT-EventQueue-0] DEBUG n.runelite.client.eventbus.EventBus - Registering class net.runelite.api.events.ScriptPostFired - EventBus.Subscriber(object=net.runelite.client.plugins.itemstats.ItemStatPlugin@604d23fa, method=public void net.runelite.client.plugins.itemstats.ItemStatPlugin.onScriptPostFired(net.runelite.api.events.ScriptPostFired), priority=0.0, lambda=net.runelite.client.plugins.itemstats.ItemStatPlugin$$Lambda/0x00000001007cce08@16e10c47)
2026-04-26 16:36:17 GMT [AWT-EventQueue-0] DEBUG n.r.client.plugins.PluginManager - Plugin XteaPlugin is now running
2026-04-26 16:36:17 GMT [AWT-EventQueue-0] DEBUG n.runelite.client.eventbus.EventBus - Registering class net.runelite.api.events.WorldViewLoaded - EventBus.Subscriber(object=net.runelite.client.plugins.xtea.XteaPlugin@1f66d8e1, method=public void net.runelite.client.plugins.xtea.XteaPlugin.onWorldViewLoaded(net.runelite.api.events.WorldViewLoaded), priority=0.0, lambda=net.runelite.client.plugins.xtea.XteaPlugin$$Lambda/0x00000001007cdc38@195dd0c9)
2026-04-26 16:36:17 GMT [AWT-EventQueue-0] DEBUG n.r.client.plugins.PluginManager - Plugin QuestListPlugin is now running
2026-04-26 16:36:17 GMT [AWT-EventQueue-0] DEBUG n.runelite.client.eventbus.EventBus - Registering class net.runelite.api.events.ScriptCallbackEvent - EventBus.Subscriber(object=net.runelite.client.plugins.questlist.QuestListPlugin@664e848c, method=public void net.runelite.client.plugins.questlist.QuestListPlugin.onScriptCallbackEvent(net.runelite.api.events.ScriptCallbackEvent), priority=0.0, lambda=net.runelite.client.plugins.questlist.QuestListPlugin$$Lambda/0x00000001007ce488@283acb2)
2026-04-26 16:36:17 GMT [AWT-EventQueue-0] DEBUG n.runelite.client.eventbus.EventBus - Registering class net.runelite.api.events.VarbitChanged - EventBus.Subscriber(object=net.runelite.client.plugins.questlist.QuestListPlugin@664e848c, method=public void net.runelite.client.plugins.questlist.QuestListPlugin.onVarbitChanged(net.runelite.api.events.VarbitChanged), priority=0.0, lambda=net.runelite.client.plugins.questlist.QuestListPlugin$$Lambda/0x00000001007ce6c0@71cff97b)
2026-04-26 16:36:17 GMT [AWT-EventQueue-0] DEBUG n.runelite.client.eventbus.EventBus - Registering class net.runelite.api.events.ScriptPostFired - EventBus.Subscriber(object=net.runelite.client.plugins.questlist.QuestListPlugin@664e848c, method=public void net.runelite.client.plugins.questlist.QuestListPlugin.onScriptPostFired(net.runelite.api.events.ScriptPostFired), priority=0.0, lambda=net.runelite.client.plugins.questlist.QuestListPlugin$$Lambda/0x00000001007ce8f8@c6e4535)
2026-04-26 16:36:17 GMT [AWT-EventQueue-0] DEBUG n.runelite.client.eventbus.EventBus - Registering class net.runelite.api.events.VarClientIntChanged - EventBus.Subscriber(object=net.runelite.client.plugins.questlist.QuestListPlugin@664e848c, method=public void net.runelite.client.plugins.questlist.QuestListPlugin.onVarClientIntChanged(net.runelite.api.events.VarClientIntChanged), priority=0.0, lambda=net.runelite.client.plugins.questlist.QuestListPlugin$$Lambda/0x00000001007ceb30@83c44e0)
2026-04-26 16:36:17 GMT [AWT-EventQueue-0] DEBUG n.r.client.plugins.PluginManager - Plugin NotesPlugin is now running
2026-04-26 16:36:17 GMT [AWT-EventQueue-0] DEBUG n.runelite.client.eventbus.EventBus - Registering class net.runelite.client.events.ProfileChanged - EventBus.Subscriber(object=net.runelite.client.plugins.notes.NotesPlugin@24c685e7, method=public void net.runelite.client.plugins.notes.NotesPlugin.onProfileChanged(net.runelite.client.events.ProfileChanged), priority=0.0, lambda=net.runelite.client.plugins.notes.NotesPlugin$$Lambda/0x00000001007d0708@3820b979)
2026-04-26 16:36:17 GMT [AWT-EventQueue-0] DEBUG net.runelite.client.input.KeyManager - Registering key listener: net.runelite.client.plugins.instancemap.InstanceMapInputListener@660757d0
2026-04-26 16:36:17 GMT [AWT-EventQueue-0] DEBUG n.r.client.plugins.PluginManager - Plugin InstanceMapPlugin is now running
2026-04-26 16:36:17 GMT [AWT-EventQueue-0] DEBUG n.runelite.client.eventbus.EventBus - Registering class net.runelite.api.events.GameStateChanged - EventBus.Subscriber(object=net.runelite.client.plugins.instancemap.InstanceMapPlugin@3f8dfe74, method=public void net.runelite.client.plugins.instancemap.InstanceMapPlugin.onGameStateChanged(net.runelite.api.events.GameStateChanged), priority=0.0, lambda=net.runelite.client.plugins.instancemap.InstanceMapPlugin$$Lambda/0x00000001007d0f88@4270d530)
2026-04-26 16:36:17 GMT [AWT-EventQueue-0] DEBUG net.runelite.client.input.KeyManager - Registering key listener: net.runelite.client.plugins.chathistory.ChatHistoryPlugin@3e900e1a
2026-04-26 16:36:17 GMT [AWT-EventQueue-0] DEBUG n.r.client.plugins.PluginManager - Plugin ChatHistoryPlugin is now running
2026-04-26 16:36:17 GMT [AWT-EventQueue-0] DEBUG n.runelite.client.eventbus.EventBus - Registering class net.runelite.api.events.ChatMessage - EventBus.Subscriber(object=net.runelite.client.plugins.chathistory.ChatHistoryPlugin@3e900e1a, method=public void net.runelite.client.plugins.chathistory.ChatHistoryPlugin.onChatMessage(net.runelite.api.events.ChatMessage), priority=0.0, lambda=net.runelite.client.plugins.chathistory.ChatHistoryPlugin$$Lambda/0x00000001007d1628@467e9cab)
2026-04-26 16:36:17 GMT [AWT-EventQueue-0] DEBUG n.runelite.client.eventbus.EventBus - Registering class net.runelite.api.events.MenuEntryAdded - EventBus.Subscriber(object=net.runelite.client.plugins.chathistory.ChatHistoryPlugin@3e900e1a, method=public void net.runelite.client.plugins.chathistory.ChatHistoryPlugin.onMenuEntryAdded(net.runelite.api.events.MenuEntryAdded), priority=0.0, lambda=net.runelite.client.plugins.chathistory.ChatHistoryPlugin$$Lambda/0x00000001007d1a68@6e5d537d)
2026-04-26 16:36:17 GMT [AWT-EventQueue-0] DEBUG n.runelite.client.eventbus.EventBus - Registering class net.runelite.api.events.MenuOptionClicked - EventBus.Subscriber(object=net.runelite.client.plugins.chathistory.ChatHistoryPlugin@3e900e1a, method=public void net.runelite.client.plugins.chathistory.ChatHistoryPlugin.onMenuOptionClicked(net.runelite.api.events.MenuOptionClicked), priority=0.0, lambda=net.runelite.client.plugins.chathistory.ChatHistoryPlugin$$Lambda/0x00000001007d1ca0@6549e021)
2026-04-26 16:36:17 GMT [AWT-EventQueue-0] DEBUG n.r.client.plugins.PluginManager - Plugin DefaultWorldPlugin is now running
2026-04-26 16:36:17 GMT [AWT-EventQueue-0] DEBUG n.runelite.client.eventbus.EventBus - Registering class net.runelite.api.events.WorldChanged - EventBus.Subscriber(object=net.runelite.client.plugins.defaultworld.DefaultWorldPlugin@21e45a6f, method=public void net.runelite.client.plugins.defaultworld.DefaultWorldPlugin.onWorldChanged(net.runelite.api.events.WorldChanged), priority=0.0, lambda=net.runelite.client.plugins.defaultworld.DefaultWorldPlugin$$Lambda/0x00000001007d2510@39814e74)
2026-04-26 16:36:17 GMT [AWT-EventQueue-0] DEBUG n.r.client.plugins.PluginManager - Plugin ScreenMarkerPlugin is now running
2026-04-26 16:36:17 GMT [AWT-EventQueue-0] DEBUG n.runelite.client.eventbus.EventBus - Registering class net.runelite.client.events.ProfileChanged - EventBus.Subscriber(object=net.runelite.client.plugins.screenmarkers.ScreenMarkerPlugin@51d0ec6f, method=public void net.runelite.client.plugins.screenmarkers.ScreenMarkerPlugin.onProfileChanged(net.runelite.client.events.ProfileChanged), priority=0.0, lambda=net.runelite.client.plugins.screenmarkers.ScreenMarkerPlugin$$Lambda/0x00000001007d4398@18c1b3f7)
2026-04-26 16:36:17 GMT [AWT-EventQueue-0] DEBUG n.r.client.plugins.PluginManager - Plugin SkillCalculatorPlugin is now running
2026-04-26 16:36:17 GMT [AWT-EventQueue-0] DEBUG n.runelite.client.eventbus.EventBus - Registering class net.runelite.api.events.WorldChanged - EventBus.Subscriber(object=net.runelite.client.plugins.skillcalculator.SkillCalculatorPlugin@4b87074a, method=public void net.runelite.client.plugins.skillcalculator.SkillCalculatorPlugin.onWorldChanged(net.runelite.api.events.WorldChanged), priority=0.0, lambda=net.runelite.client.plugins.skillcalculator.SkillCalculatorPlugin$$Lambda/0x00000001008030f0@75b804f2)
2026-04-26 16:36:17 GMT [AWT-EventQueue-0] DEBUG n.r.client.plugins.PluginManager - Plugin MinimapPlugin is now running
2026-04-26 16:36:17 GMT [AWT-EventQueue-0] DEBUG n.runelite.client.eventbus.EventBus - Registering class net.runelite.client.events.ConfigChanged - EventBus.Subscriber(object=net.runelite.client.plugins.minimap.MinimapPlugin@14d25b6e, method=public void net.runelite.client.plugins.minimap.MinimapPlugin.onConfigChanged(net.runelite.client.events.ConfigChanged), priority=0.0, lambda=net.runelite.client.plugins.minimap.MinimapPlugin$$Lambda/0x0000000100803de8@667d7cb8)
2026-04-26 16:36:17 GMT [AWT-EventQueue-0] DEBUG n.runelite.client.eventbus.EventBus - Registering class net.runelite.api.events.GameStateChanged - EventBus.Subscriber(object=net.runelite.client.plugins.minimap.MinimapPlugin@14d25b6e, method=public void net.runelite.client.plugins.minimap.MinimapPlugin.onGameStateChanged(net.runelite.api.events.GameStateChanged), priority=0.0, lambda=net.runelite.client.plugins.minimap.MinimapPlugin$$Lambda/0x0000000100804020@13f1b405)
2026-04-26 16:36:17 GMT [AWT-EventQueue-0] DEBUG n.runelite.client.eventbus.EventBus - Registering class net.runelite.api.events.ScriptPostFired - EventBus.Subscriber(object=net.runelite.client.plugins.minimap.MinimapPlugin@14d25b6e, method=public void net.runelite.client.plugins.minimap.MinimapPlugin.onScriptPostFired(net.runelite.api.events.ScriptPostFired), priority=0.0, lambda=net.runelite.client.plugins.minimap.MinimapPlugin$$Lambda/0x0000000100804258@58884f57)
2026-04-26 16:36:17 GMT [AWT-EventQueue-0] DEBUG n.r.client.plugins.PluginManager - Scheduled task ScheduledMethod(schedule=@net.runelite.client.task.Schedule(asynchronous=true, period=11L, unit=SECONDS), method=public void net.runelite.client.plugins.minimap.MinimapPlugin.saveZoom(), object=net.runelite.client.plugins.minimap.MinimapPlugin@14d25b6e, lambda=net.runelite.client.plugins.minimap.MinimapPlugin$$Lambda/0x0000000100804490@90134bb, last=2026-04-26T16:36:17.387653662Z)
2026-04-26 16:36:17 GMT [AWT-EventQueue-0] DEBUG n.r.client.plugins.PluginManager - Plugin PlayerIndicatorsPlugin is now running
2026-04-26 16:36:17 GMT [AWT-EventQueue-0] DEBUG n.runelite.client.eventbus.EventBus - Registering class net.runelite.api.events.ClientTick - EventBus.Subscriber(object=net.runelite.client.plugins.playerindicators.PlayerIndicatorsPlugin@5696c927, method=public void net.runelite.client.plugins.playerindicators.PlayerIndicatorsPlugin.onClientTick(net.runelite.api.events.ClientTick), priority=0.0, lambda=net.runelite.client.plugins.playerindicators.PlayerIndicatorsPlugin$$Lambda/0x00000001008046b8@2efdd275)
2026-04-26 16:36:17 GMT [AWT-EventQueue-0] DEBUG n.runelite.client.eventbus.EventBus - Registering class net.runelite.client.events.ProfileChanged - EventBus.Subscriber(object=net.runelite.client.plugins.playerindicators.PlayerIndicatorsPlugin@5696c927, method=public void net.runelite.client.plugins.playerindicators.PlayerIndicatorsPlugin.onProfileChanged(net.runelite.client.events.ProfileChanged), priority=0.0, lambda=net.runelite.client.plugins.playerindicators.PlayerIndicatorsPlugin$$Lambda/0x00000001008048f0@73279b6b)
2026-04-26 16:36:17 GMT [AWT-EventQueue-0] DEBUG n.runelite.client.eventbus.EventBus - Registering class net.runelite.api.events.ScriptPostFired - EventBus.Subscriber(object=net.runelite.client.plugins.playerindicators.PlayerIndicatorsPlugin@5696c927, method=public void net.runelite.client.plugins.playerindicators.PlayerIndicatorsPlugin.onScriptPostFired(net.runelite.api.events.ScriptPostFired), priority=0.0, lambda=net.runelite.client.plugins.playerindicators.PlayerIndicatorsPlugin$$Lambda/0x0000000100804b28@69bb84e1)
2026-04-26 16:36:17 GMT [AWT-EventQueue-0] DEBUG n.r.client.plugins.PluginManager - Plugin RegenMeterPlugin is now running
2026-04-26 16:36:17 GMT [AWT-EventQueue-0] DEBUG n.runelite.client.eventbus.EventBus - Registering class net.runelite.api.events.GameTick - EventBus.Subscriber(object=net.runelite.client.plugins.regenmeter.RegenMeterPlugin@1f71194d, method=public void net.runelite.client.plugins.regenmeter.RegenMeterPlugin.onGameTick(net.runelite.api.events.GameTick), priority=0.0, lambda=net.runelite.client.plugins.regenmeter.RegenMeterPlugin$$Lambda/0x0000000100804d60@4b8ce288)
2026-04-26 16:36:17 GMT [AWT-EventQueue-0] DEBUG n.runelite.client.eventbus.EventBus - Registering class net.runelite.api.events.GameStateChanged - EventBus.Subscriber(object=net.runelite.client.plugins.regenmeter.RegenMeterPlugin@1f71194d, method=private void net.runelite.client.plugins.regenmeter.RegenMeterPlugin.onGameStateChanged(net.runelite.api.events.GameStateChanged), priority=0.0, lambda=net.runelite.client.plugins.regenmeter.RegenMeterPlugin$$Lambda/0x0000000100804f98@7b9b2c6b)
2026-04-26 16:36:17 GMT [AWT-EventQueue-0] DEBUG n.runelite.client.eventbus.EventBus - Registering class net.runelite.api.events.VarbitChanged - EventBus.Subscriber(object=net.runelite.client.plugins.regenmeter.RegenMeterPlugin@1f71194d, method=private void net.runelite.client.plugins.regenmeter.RegenMeterPlugin.onVarbitChanged(net.runelite.api.events.VarbitChanged), priority=0.0, lambda=net.runelite.client.plugins.regenmeter.RegenMeterPlugin$$Lambda/0x00000001008051d0@2d87be56)
2026-04-26 16:36:17 GMT [AWT-EventQueue-0] DEBUG n.runelite.client.eventbus.EventBus - Registering class net.runelite.api.events.ItemContainerChanged - EventBus.Subscriber(object=net.runelite.client.plugins.regenmeter.RegenMeterPlugin@1f71194d, method=public void net.runelite.client.plugins.regenmeter.RegenMeterPlugin.onItemContainerChanged(net.runelite.api.events.ItemContainerChanged), priority=0.0, lambda=net.runelite.client.plugins.regenmeter.RegenMeterPlugin$$Lambda/0x0000000100805408@501e00c4)
2026-04-26 16:36:17 GMT [AWT-EventQueue-0] DEBUG n.r.client.plugins.PluginManager - Plugin HunterPlugin is now running
2026-04-26 16:36:17 GMT [AWT-EventQueue-0] DEBUG n.runelite.client.eventbus.EventBus - Registering class net.runelite.api.events.GameTick - EventBus.Subscriber(object=net.runelite.client.plugins.hunter.HunterPlugin@f613067, method=public void net.runelite.client.plugins.hunter.HunterPlugin.onGameTick(net.runelite.api.events.GameTick), priority=0.0, lambda=net.runelite.client.plugins.hunter.HunterPlugin$$Lambda/0x0000000100805640@2b49d51e)
2026-04-26 16:36:17 GMT [AWT-EventQueue-0] DEBUG n.runelite.client.eventbus.EventBus - Registering class net.runelite.client.events.ConfigChanged - EventBus.Subscriber(object=net.runelite.client.plugins.hunter.HunterPlugin@f613067, method=public void net.runelite.client.plugins.hunter.HunterPlugin.onConfigChanged(net.runelite.client.events.ConfigChanged), priority=0.0, lambda=net.runelite.client.plugins.hunter.HunterPlugin$$Lambda/0x0000000100805878@10009eb0)
2026-04-26 16:36:17 GMT [AWT-EventQueue-0] DEBUG n.runelite.client.eventbus.EventBus - Registering class net.runelite.api.events.GameObjectSpawned - EventBus.Subscriber(object=net.runelite.client.plugins.hunter.HunterPlugin@f613067, method=public void net.runelite.client.plugins.hunter.HunterPlugin.onGameObjectSpawned(net.runelite.api.events.GameObjectSpawned), priority=0.0, lambda=net.runelite.client.plugins.hunter.HunterPlugin$$Lambda/0x0000000100805ab0@71959351)
2026-04-26 16:36:17 GMT [main] DEBUG net.runelite.client.ui.ClientUI - Graphics device X11GraphicsDevice[screen=0]: bounds java.awt.Rectangle[x=0,y=0,width=1480,height=924] transform: AffineTransform[[2.0, 0.0, 0.0], [0.0, 2.0, 0.0]]
2026-04-26 16:36:17 GMT [main] DEBUG net.runelite.client.util.ReflectUtil - null
java.lang.reflect.InaccessibleObjectException: Unable to make field private transient volatile java.util.Map java.lang.reflect.Executable.declaredAnnotations accessible: module java.base does not "opens java.lang.reflect" to unnamed module @aafcffa
	at java.base/java.lang.reflect.AccessibleObject.throwInaccessibleObjectException(AccessibleObject.java:391)
	at java.base/java.lang.reflect.AccessibleObject.checkCanSetAccessible(AccessibleObject.java:367)
	at java.base/java.lang.reflect.AccessibleObject.checkCanSetAccessible(AccessibleObject.java:315)
	at java.base/java.lang.reflect.Field.checkCanSetAccessible(Field.java:183)
	at java.base/java.lang.reflect.Field.setAccessible(Field.java:177)
	at net.runelite.client.util.ReflectUtil.uncacheAnnotations(ReflectUtil.java:186)
	at net.runelite.client.util.ReflectUtil.invalidateAnnotationCaches(ReflectUtil.java:146)
	at net.runelite.client.RuneLite.start(RuneLite.java:378)
	at net.runelite.client.RuneLite.main(RuneLite.java:274)
2026-04-26 16:36:17 GMT [main] INFO  net.runelite.client.RuneLite - Client initialization took 4223ms. Uptime: 5039ms
[rlawt] createGLContext: displayName=:0 screen=0
[rlawt]   dspi->visualID=33 (0x21)  dspi->drawable=0x400037
[rlawt]   ctx: alphaDepth=0 depthDepth=0 stencilDepth=0 multisamples=0
[rlawt]   DefaultVisualID=33 (0x21)
*** MESA_GLSL_CACHE_DISABLE is deprecated; use MESA_SHADER_CACHE_DISABLE instead ***
[rlawt]   glXChooseFBConfig DB=1 nConfigs=140 fbConfigs=0x717f91a070
[rlawt]     DB=1 fbconfig[0] GLX_VISUAL_ID=957 (0x3bd) 
[rlawt]     DB=1 fbconfig[1] GLX_VISUAL_ID=955 (0x3bb) 
[rlawt]     DB=1 fbconfig[2] GLX_VISUAL_ID=1047 (0x417) 
[rlawt]     DB=1 fbconfig[3] GLX_VISUAL_ID=1045 (0x415) 
[rlawt]     DB=1 fbconfig[4] GLX_VISUAL_ID=1069 (0x42d) 
[rlawt]     DB=1 fbconfig[5] GLX_VISUAL_ID=981 (0x3d5) 
[rlawt]     DB=1 fbconfig[6] GLX_VISUAL_ID=979 (0x3d3) 
[rlawt]     DB=1 fbconfig[7] GLX_VISUAL_ID=1071 (0x42f) 
[rlawt]     DB=1 fbconfig[8] GLX_VISUAL_ID=1059 (0x423) 
[rlawt]     DB=1 fbconfig[9] GLX_VISUAL_ID=1057 (0x421) 
[rlawt]     DB=1 fbconfig[10] GLX_VISUAL_ID=969 (0x3c9) 
[rlawt]     DB=1 fbconfig[11] GLX_VISUAL_ID=967 (0x3c7) 
[rlawt]     DB=1 fbconfig[12] GLX_VISUAL_ID=973 (0x3cd) 
[rlawt]     DB=1 fbconfig[13] GLX_VISUAL_ID=1065 (0x429) 
[rlawt]     DB=1 fbconfig[14] GLX_VISUAL_ID=975 (0x3cf) 
[rlawt]     DB=1 fbconfig[15] GLX_VISUAL_ID=1063 (0x427) 
[rlawt]     DB=1 fbconfig[16] GLX_VISUAL_ID=1051 (0x41b) 
[rlawt]     DB=1 fbconfig[17] GLX_VISUAL_ID=963 (0x3c3) 
[rlawt]     DB=1 fbconfig[18] GLX_VISUAL_ID=961 (0x3c1) 
[rlawt]     DB=1 fbconfig[19] GLX_VISUAL_ID=1053 (0x41d) 
[rlawt]     DB=1 fbconfig[20] GLX_VISUAL_ID=1075 (0x433) 
[rlawt]     DB=1 fbconfig[21] GLX_VISUAL_ID=985 (0x3d9) 
[rlawt]     DB=1 fbconfig[22] GLX_VISUAL_ID=984 (0x3d8) 
[rlawt]     DB=1 fbconfig[23] GLX_VISUAL_ID=1074 (0x432) 
[rlawt]     DB=1 fbconfig[24] GLX_VISUAL_ID=996 (0x3e4) 
[rlawt]     DB=1 fbconfig[25] GLX_VISUAL_ID=1086 (0x43e) 
[rlawt]     DB=1 fbconfig[26] GLX_VISUAL_ID=997 (0x3e5) 
[rlawt]     DB=1 fbconfig[27] GLX_VISUAL_ID=1087 (0x43f) 
[rlawt]     DB=1 fbconfig[28] GLX_VISUAL_ID=991 (0x3df) 
[rlawt]     DB=1 fbconfig[29] GLX_VISUAL_ID=1081 (0x439) 
[rlawt]     DB=1 fbconfig[30] GLX_VISUAL_ID=1080 (0x438) 
[rlawt]     DB=1 fbconfig[31] GLX_VISUAL_ID=990 (0x3de) 
[rlawt]     DB=1 fbconfig[32] GLX_VISUAL_ID=993 (0x3e1) 
[rlawt]     DB=1 fbconfig[33] GLX_VISUAL_ID=1084 (0x43c) 
[rlawt]     DB=1 fbconfig[34] GLX_VISUAL_ID=1083 (0x43b) 
[rlawt]     DB=1 fbconfig[35] GLX_VISUAL_ID=994 (0x3e2) 
[rlawt]     DB=1 fbconfig[36] GLX_VISUAL_ID=987 (0x3db) 
[rlawt]     DB=1 fbconfig[37] GLX_VISUAL_ID=1077 (0x435) 
[rlawt]     DB=1 fbconfig[38] GLX_VISUAL_ID=1078 (0x436) 
[rlawt]     DB=1 fbconfig[39] GLX_VISUAL_ID=988 (0x3dc) 
[rlawt]     DB=1 fbconfig[40] GLX_VISUAL_ID=1000 (0x3e8) 
[rlawt]     DB=1 fbconfig[41] GLX_VISUAL_ID=1002 (0x3ea) 
[rlawt]     DB=1 fbconfig[42] GLX_VISUAL_ID=911 (0x38f) 
[rlawt]     DB=1 fbconfig[43] GLX_VISUAL_ID=913 (0x391) 
[rlawt]     DB=1 fbconfig[44] GLX_VISUAL_ID=1026 (0x402) 
[rlawt]     DB=1 fbconfig[45] GLX_VISUAL_ID=936 (0x3a8) 
[rlawt]     DB=1 fbconfig[46] GLX_VISUAL_ID=934 (0x3a6) 
[rlawt]     DB=1 fbconfig[47] GLX_VISUAL_ID=1024 (0x400) 
[rlawt]     DB=1 fbconfig[48] GLX_VISUAL_ID=1014 (0x3f6) 
[rlawt]     DB=1 fbconfig[49] GLX_VISUAL_ID=923 (0x39b) 
[rlawt]     DB=1 fbconfig[50] GLX_VISUAL_ID=925 (0x39d) 
[rlawt]     DB=1 fbconfig[51] GLX_VISUAL_ID=1012 (0x3f4) 
[rlawt]     DB=1 fbconfig[52] GLX_VISUAL_ID=930 (0x3a2) 
[rlawt]     DB=1 fbconfig[53] GLX_VISUAL_ID=1018 (0x3fa) 
[rlawt]     DB=1 fbconfig[54] GLX_VISUAL_ID=1020 (0x3fc) 
[rlawt]     DB=1 fbconfig[55] GLX_VISUAL_ID=33 (0x21) <-- MATCH
[rlawt]   DB=1 selection after loop: fbConfig=0x725f9f40d0
[rlawt] [rlawt-info] per-frame CSV enabled path=/data/data/com.termux/files/home/rlawt-perframe.csv
[rlawt] [rlawt-info] GL_VENDOR: Mesa
[rlawt] [rlawt-info] GL_RENDERER: virgl (Mali-G720-Immortalis MC12)
[rlawt] [rlawt-info] GL_VERSION: 4.3 (Compatibility Profile) Mesa 25.2.8
[rlawt] [rlawt-info] glXIsDirect: 1
[rlawt] [rlawt-info] GLX_EXTENSIONS: GLX_ARB_create_context GLX_ARB_create_context_no_error GLX_ARB_create_context_profile GLX_ARB_fbconfig_float GLX_ARB_framebuffer_sRGB GLX_ARB_get_proc_address GLX_ARB_multisample GLX_EXT_create_context_es2_profile GLX_EXT_create_context_es_profile GLX_EXT_fbconfig_packed_float GLX_EXT_framebuffer_sRGB GLX_EXT_no_config_context GLX_EXT_texture_from_pixmap GLX_EXT_visual_info GLX_EXT_visual_rating GLX_MESA_copy_sub_buffer GLX_MESA_gl_interop GLX_MESA_query_renderer GLX_SGIS_multisample GLX_SGIX_fbconfig GLX_SGIX_pbuffer GLX_SGIX_visual_select_group GLX_SGI_make_current_read 
2026-04-26 16:36:17 GMT [AWT-EventQueue-0] DEBUG net.runelite.client.ui.ClientUI - Showing frame net.runelite.client.ui.ContainableFrame[frame0,340,0,800x938,invalid,layout=java.awt.BorderLayout,title=RuneLite,resizable,maximized,defaultCloseOperation=DO_NOTHING_ON_CLOSE,rootPane=javax.swing.JRootPane[,2,12,796x924,layout=javax.swing.JRootPane$RootLayout,alignmentX=0.0,alignmentY=0.0,border=,flags=16777673,maximumSize=,minimumSize=,preferredSize=],rootPaneCheckingEnabled=true]
[LWJGL] [ERROR] Incompatible Java and native library versions detected.
Possible reasons:
	a) -Djava.library.path is set to a folder containing shared libraries of an older LWJGL version.
	b) The classpath contains jar files of an older LWJGL version.
Possible solutions:
	a) Make sure to not set -Djava.library.path (it is not needed for developing with LWJGL 3) or make
	   sure the folder it points to contains the shared libraries of the correct LWJGL version.
	b) Check the classpath and make sure to only have jar files of the same LWJGL version in it.
2026-04-26 16:36:17 GMT [OkHttp https://api.runelite.net/...] DEBUG net.runelite.client.TelemetryClient - Submitted telemetry
[LWJGL] [ThreadLocalUtil] Unsupported JNI version detected, this may result in a crash. Please inform LWJGL developers.
2026-04-26 16:36:17 GMT [Client] INFO  n.r.client.plugins.gpu.GpuPlugin - Using device: virgl (Mali-G720-Immortalis MC12)
2026-04-26 16:36:17 GMT [Client] INFO  n.r.client.plugins.gpu.GpuPlugin - Using driver: 4.3 (Compatibility Profile) Mesa 25.2.8
[rlawt] [rlawt-info] setSwapInterval: interval=0 tearSupported=false
[rlawt] [rlawt-info] setSwapInterval: applied=0 path=NONE
2026-04-26 16:36:17 GMT [Client] DEBUG injected-client - Game state changed: LOGIN_SCREEN (state: 10, 2 step: false)
2026-04-26 16:36:17 GMT [Client] DEBUG injected-client - Cache is ready
2026-04-26 16:36:17 GMT [Client] DEBUG n.r.client.RuntimeConfigRefresher - Skipping runtimeConfig refresh, next refresh at 2026-04-26T16:46:13.578039201Z
2026-04-26 16:36:18 GMT [Client] DEBUG n.r.c.plugins.discord.DiscordState - Events: [DiscordState.EventWithTime(type=IN_MENU, start=2026-04-26T16:36:18.012703816Z, updated=2026-04-26T16:36:18.012696201Z)]
2026-04-26 16:36:18 GMT [Client] DEBUG n.r.c.plugins.gpu.TextureManager - Uploaded textures 208
[rlawt] [rlawt-perf] frame=60 win=60  swap_us mean=25798 p50=23366 p95=45366 max=70926  gap_us mean=10804 p50=6296 p95=16950 max=190855  mkcur=0 glerr=0
[rlawt] [rlawt-perf] frame=120 win=60  swap_us mean=23779 p50=23556 p95=27470 max=29240  gap_us mean=5252 p50=4982 p95=7912 max=8680  mkcur=0 glerr=0
TELEMETRY: xprop/xwininfo already on PATH — skip pkg install
[rlawt] [rlawt-perf] frame=180 win=60  swap_us mean=23631 p50=23653 p95=27508 max=28420  gap_us mean=5493 p50=4889 p95=9702 max=17348  mkcur=0 glerr=0
[rlawt] [rlawt-perf] frame=240 win=60  swap_us mean=24211 p50=23827 p95=30571 max=31700  gap_us mean=5220 p50=4980 p95=8935 max=9279  mkcur=0 glerr=0
[rlawt] [rlawt-perf] frame=300 win=60  swap_us mean=25965 p50=25779 p95=31642 max=37623  gap_us mean=5152 p50=4932 p95=8003 max=8249  mkcur=0 glerr=0
2026-04-26 16:36:28 GMT [Client] DEBUG injected-client - Game state changed: LOGGING_IN (state: 20, 2 step: false)
2026-04-26 16:36:28 GMT [Client] DEBUG n.r.c.p.herbiboars.HerbiboarPlugin - Reset trail data
[rlawt] [rlawt-perf] frame=360 win=60  swap_us mean=21722 p50=21251 p95=26062 max=27049  gap_us mean=4211 p50=3975 p95=5603 max=13181  mkcur=0 glerr=0
2026-04-26 16:36:30 GMT [Client] DEBUG net.runelite.client.callback.Hooks - Graphics reset!
[rlawt] [rlawt-perf] frame=420 win=60  swap_us mean=19586 p50=20899 p95=25696 max=34340  gap_us mean=6121 p50=4083 p95=11803 max=99810  mkcur=0 glerr=0
2026-04-26 16:36:31 GMT [pool-4-thread-1] ERROR n.r.c.util.RunnableExceptionLogger - Uncaught exception in runnable net.runelite.client.plugins.worldhopper.WorldHopperPlugin$$Lambda/0x0000000100725e88@7e1bdddc
java.lang.NoClassDefFoundError: Could not initialize class net.runelite.client.plugins.worldhopper.ping.RLLibC
	at net.runelite.client.plugins.worldhopper.ping.Ping.icmpPing(Ping.java:149)
	at net.runelite.client.plugins.worldhopper.ping.Ping.ping(Ping.java:99)
	at net.runelite.client.plugins.worldhopper.WorldHopperPlugin.ping(WorldHopperPlugin.java:965)
	at net.runelite.client.plugins.worldhopper.WorldHopperPlugin.pingNextWorld(WorldHopperPlugin.java:891)
	at net.runelite.client.util.RunnableExceptionLogger.run(RunnableExceptionLogger.java:41)
	at java.base/java.util.concurrent.Executors$RunnableAdapter.call(Executors.java:572)
	at java.base/java.util.concurrent.FutureTask.runAndReset(FutureTask.java:358)
	at java.base/java.util.concurrent.ScheduledThreadPoolExecutor$ScheduledFutureTask.run(ScheduledThreadPoolExecutor.java:305)
	at java.base/java.util.concurrent.ThreadPoolExecutor.runWorker(ThreadPoolExecutor.java:1144)
	at java.base/java.util.concurrent.ThreadPoolExecutor$Worker.run(ThreadPoolExecutor.java:642)
	at java.base/java.lang.Thread.run(Thread.java:1583)
Caused by: java.lang.ExceptionInInitializerError: Exception java.lang.NoClassDefFoundError: Could not initialize class com.sun.jna.Native [in thread "pool-4-thread-1"]
	at net.runelite.client.plugins.worldhopper.ping.RLLibC.<clinit>(RLLibC.java:34)
	at net.runelite.client.plugins.worldhopper.ping.Ping.icmpPing(Ping.java:149)
	at net.runelite.client.plugins.worldhopper.ping.Ping.ping(Ping.java:99)
	at net.runelite.client.plugins.worldhopper.WorldHopperPlugin.ping(WorldHopperPlugin.java:965)
	at net.runelite.client.plugins.worldhopper.WorldHopperPlugin.pingInitialWorlds(WorldHopperPlugin.java:850)
	at net.runelite.client.util.RunnableExceptionLogger.run(RunnableExceptionLogger.java:41)
	at java.base/java.util.concurrent.Executors$RunnableAdapter.call(Executors.java:572)
	at java.base/java.util.concurrent.FutureTask.run(FutureTask.java:317)
	at java.base/java.util.concurrent.ScheduledThreadPoolExecutor$ScheduledFutureTask.run(ScheduledThreadPoolExecutor.java:304)
	... 3 common frames omitted
[rlawt] [rlawt-perf] frame=480 win=60  swap_us mean=15430 p50=15329 p95=19856 max=22014  gap_us mean=4574 p50=4311 p95=7293 max=7536  mkcur=0 glerr=0
[rlawt] [rlawt-perf] frame=540 win=60  swap_us mean=16789 p50=16856 p95=21557 max=22687  gap_us mean=4998 p50=4950 p95=7338 max=8146  mkcur=0 glerr=0
2026-04-26 16:36:33 GMT [Client] DEBUG n.r.client.config.ConfigManager - RS profile changed to rsprofile.reRsilrQ
2026-04-26 16:36:33 GMT [pool-2-thread-1] DEBUG n.r.c.p.l.LootTrackerPlugin - Switched to profile rsprofile.reRsilrQ
2026-04-26 16:36:33 GMT [pool-2-thread-1] DEBUG n.r.c.p.l.LootTrackerPlugin - Loaded 0 records
2026-04-26 16:36:33 GMT [Client] DEBUG n.runelite.client.menus.MenuManager - Client has updated player menu index 4 where option Lookup was, moving to index 4
2026-04-26 16:36:33 GMT [Client] DEBUG injected-client - Game state changed: LOADING (state: 25, 2 step: false)
2026-04-26 16:36:34 GMT [Map Loader] DEBUG n.r.client.plugins.gpu.GpuPlugin - Scene size time 19.22 ms reused 0 new 529 len opaque 2888128 size opaque 169226kb len alpha 17907 size alpha 1049kb
[rlawt] [rlawt-perf] frame=600 win=60  swap_us mean=18811 p50=18563 p95=24553 max=26029  gap_us mean=5311 p50=2045 p95=30305 max=98658  mkcur=0 glerr=0
2026-04-26 16:36:34 GMT [Map Loader] DEBUG n.r.client.plugins.gpu.GpuPlugin - Scene upload time 409.3 ms
2026-04-26 16:36:34 GMT [Client] DEBUG n.r.c.p.g.GroundMarkerPlugin - Loading points for region 12852
2026-04-26 16:36:34 GMT [Client] DEBUG n.r.c.p.g.GroundMarkerPlugin - Loading points for region 12853
2026-04-26 16:36:34 GMT [Client] DEBUG n.r.c.p.g.GroundMarkerPlugin - Loading points for region 12854
2026-04-26 16:36:34 GMT [Client] DEBUG n.r.c.p.g.GroundMarkerPlugin - Loading points for region 13108
2026-04-26 16:36:34 GMT [Client] DEBUG n.r.c.p.g.GroundMarkerPlugin - Loading points for region 13109
2026-04-26 16:36:34 GMT [Client] DEBUG n.r.c.p.g.GroundMarkerPlugin - Loading points for region 13110
2026-04-26 16:36:34 GMT [Client] DEBUG injected-client - Game state changed: LOGGED_IN (state: 30, 2 step: false)
2026-04-26 16:36:34 GMT [Client] DEBUG n.r.c.plugins.discord.DiscordState - Events: [DiscordState.EventWithTime(type=IN_GAME, start=2026-04-26T16:36:34.670163894Z, updated=2026-04-26T16:36:34.670167510Z)]
2026-04-26 16:36:34 GMT [Client] DEBUG n.r.c.p.g.GrandExchangePlugin - unable to generate machine id
java.net.SocketException: Permission denied (ioctl(SIOCGIFHWADDR) failed)
	at java.base/java.net.NetworkInterface.getMacAddr0(Native Method)
	at java.base/java.net.NetworkInterface.getHardwareAddress(NetworkInterface.java:528)
	at net.runelite.client.plugins.grandexchange.GrandExchangePlugin.getMachineUuid(GrandExchangePlugin.java:968)
	at net.runelite.client.plugins.grandexchange.GrandExchangePlugin.onGameStateChanged(GrandExchangePlugin.java:593)
	at net.runelite.client.eventbus.EventBus$Subscriber.invoke(EventBus.java:70)
	at net.runelite.client.eventbus.EventBus.post(EventBus.java:223)
	at net.runelite.client.callback.Hooks.post(Hooks.java:217)
	at client.gn(client.java:53207)
	at hh.ad(hh.java:801)
	at client.ir(client.java:9221)
	at sw.agt(sw.java:447)
	at sw.az(sw.java)
	at sw.run(sw.java:58274)
	at java.base/java.lang.Thread.run(Thread.java:1583)
2026-04-26 16:36:34 GMT [Client] DEBUG n.r.c.p.xptracker.XpTrackerPlugin - World change: -1 -> -2135040086039010131, <unknown> -> NORMAL
2026-04-26 16:36:34 GMT [Client] DEBUG injected-client - Chat message type WELCOME: Welcome to Old School RuneScape.
2026-04-26 16:36:34 GMT [Client] DEBUG injected-client - Chat message type DIDYOUKNOW: Did you know? Eating a strange fruit cures poison and venom as well as restoring run energy.</col>
2026-04-26 16:36:34 GMT [Client] DEBUG n.r.client.plugins.gpu.GpuPlugin - Zone invalidated: wx=0 x=5 z=17
2026-04-26 16:36:34 GMT [Client] DEBUG n.r.client.plugins.gpu.GpuPlugin - Zone invalidated: wx=0 x=8 z=5
2026-04-26 16:36:34 GMT [Client] DEBUG n.r.client.plugins.gpu.GpuPlugin - Rebuilt zone wv=0 x=5 z=17
2026-04-26 16:36:34 GMT [Client] DEBUG n.r.client.plugins.gpu.GpuPlugin - Rebuilt zone wv=0 x=8 z=5
2026-04-26 16:36:34 GMT [Client] DEBUG n.r.client.plugins.gpu.GpuPlugin - Zone invalidated: wx=0 x=9 z=8
2026-04-26 16:36:34 GMT [Client] DEBUG n.r.client.plugins.gpu.GpuPlugin - Zone invalidated: wx=0 x=10 z=8
2026-04-26 16:36:34 GMT [Client] DEBUG n.r.client.plugins.gpu.GpuPlugin - Zone invalidated: wx=0 x=5 z=13
2026-04-26 16:36:34 GMT [Client] DEBUG n.r.client.plugins.gpu.GpuPlugin - Zone invalidated: wx=0 x=12 z=15
2026-04-26 16:36:34 GMT [Client] DEBUG n.r.client.plugins.gpu.GpuPlugin - Zone invalidated: wx=0 x=2 z=3
2026-04-26 16:36:34 GMT [Client] DEBUG n.r.client.plugins.gpu.GpuPlugin - Zone invalidated: wx=0 x=8 z=16
2026-04-26 16:36:34 GMT [Client] DEBUG n.r.client.plugins.gpu.GpuPlugin - Zone invalidated: wx=0 x=8 z=18
2026-04-26 16:36:34 GMT [Client] DEBUG n.r.client.plugins.gpu.GpuPlugin - Zone invalidated: wx=0 x=9 z=19
2026-04-26 16:36:34 GMT [Client] DEBUG n.r.client.plugins.gpu.GpuPlugin - Zone invalidated: wx=0 x=8 z=17
2026-04-26 16:36:34 GMT [Client] DEBUG n.r.client.plugins.gpu.GpuPlugin - Zone invalidated: wx=0 x=8 z=19
2026-04-26 16:36:34 GMT [Client] DEBUG n.r.client.plugins.gpu.GpuPlugin - Zone invalidated: wx=0 x=8 z=20
2026-04-26 16:36:34 GMT [Client] DEBUG n.r.client.plugins.gpu.GpuPlugin - Zone invalidated: wx=0 x=9 z=17
2026-04-26 16:36:34 GMT [Client] DEBUG n.r.client.plugins.gpu.GpuPlugin - Zone invalidated: wx=0 x=9 z=18
2026-04-26 16:36:34 GMT [Client] DEBUG n.r.client.plugins.gpu.GpuPlugin - Rebuilt zone wv=0 x=2 z=3
2026-04-26 16:36:34 GMT [Client] DEBUG n.r.client.plugins.gpu.GpuPlugin - Rebuilt zone wv=0 x=5 z=13
2026-04-26 16:36:34 GMT [Client] DEBUG n.r.client.plugins.gpu.GpuPlugin - Rebuilt zone wv=0 x=8 z=16
2026-04-26 16:36:34 GMT [Client] DEBUG n.r.client.plugins.gpu.GpuPlugin - Rebuilt zone wv=0 x=8 z=17
2026-04-26 16:36:34 GMT [Client] DEBUG n.r.client.plugins.gpu.GpuPlugin - Rebuilt zone wv=0 x=8 z=18
2026-04-26 16:36:34 GMT [Client] DEBUG n.r.client.plugins.gpu.GpuPlugin - Rebuilt zone wv=0 x=8 z=19
2026-04-26 16:36:34 GMT [Client] DEBUG n.r.client.plugins.gpu.GpuPlugin - Rebuilt zone wv=0 x=8 z=20
2026-04-26 16:36:34 GMT [Client] DEBUG n.r.client.plugins.gpu.GpuPlugin - Rebuilt zone wv=0 x=9 z=8
2026-04-26 16:36:34 GMT [Client] DEBUG n.r.client.plugins.gpu.GpuPlugin - Rebuilt zone wv=0 x=9 z=17
2026-04-26 16:36:34 GMT [Client] DEBUG n.r.client.plugins.gpu.GpuPlugin - Rebuilt zone wv=0 x=9 z=18
2026-04-26 16:36:34 GMT [Client] DEBUG n.r.client.plugins.gpu.GpuPlugin - Rebuilt zone wv=0 x=9 z=19
2026-04-26 16:36:34 GMT [Client] DEBUG n.r.client.plugins.gpu.GpuPlugin - Rebuilt zone wv=0 x=10 z=8
2026-04-26 16:36:34 GMT [Client] DEBUG n.r.client.plugins.gpu.GpuPlugin - Rebuilt zone wv=0 x=12 z=15
2026-04-26 16:36:34 GMT [Client] DEBUG n.r.client.plugins.gpu.GpuPlugin - Zone invalidated: wx=0 x=18 z=15
2026-04-26 16:36:34 GMT [Client] DEBUG n.r.client.plugins.gpu.GpuPlugin - Zone invalidated: wx=0 x=19 z=15
2026-04-26 16:36:34 GMT [Client] DEBUG n.r.client.plugins.gpu.GpuPlugin - Zone invalidated: wx=0 x=17 z=19
2026-04-26 16:36:34 GMT [Client] DEBUG n.r.client.plugins.gpu.GpuPlugin - Zone invalidated: wx=0 x=15 z=17
2026-04-26 16:36:34 GMT [Client] DEBUG n.r.client.plugins.gpu.GpuPlugin - Rebuilt zone wv=0 x=15 z=17
2026-04-26 16:36:34 GMT [Client] DEBUG n.r.client.plugins.gpu.GpuPlugin - Rebuilt zone wv=0 x=17 z=19
2026-04-26 16:36:34 GMT [Client] DEBUG n.r.client.plugins.gpu.GpuPlugin - Rebuilt zone wv=0 x=18 z=15
2026-04-26 16:36:34 GMT [Client] DEBUG n.r.client.plugins.gpu.GpuPlugin - Rebuilt zone wv=0 x=19 z=15
2026-04-26 16:36:34 GMT [Client] DEBUG n.r.client.plugins.gpu.GpuPlugin - Zone invalidated: wx=0 x=11 z=14
2026-04-26 16:36:34 GMT [Client] DEBUG n.r.client.plugins.gpu.GpuPlugin - Zone invalidated: wx=0 x=11 z=15
2026-04-26 16:36:34 GMT [Client] DEBUG n.r.client.plugins.gpu.GpuPlugin - Zone invalidated: wx=0 x=12 z=14
2026-04-26 16:36:34 GMT [Client] DEBUG n.r.client.plugins.gpu.GpuPlugin - Zone invalidated: wx=0 x=12 z=15
2026-04-26 16:36:34 GMT [Client] DEBUG n.r.client.plugins.gpu.GpuPlugin - Zone invalidated: wx=0 x=13 z=15
2026-04-26 16:36:34 GMT [Client] DEBUG n.r.client.plugins.raids.RaidsPlugin - Raid party has been dissolved
2026-04-26 16:36:34 GMT [Client] DEBUG n.r.client.plugins.gpu.GpuPlugin - Rebuilt zone wv=0 x=11 z=14
2026-04-26 16:36:34 GMT [Client] DEBUG n.r.client.plugins.gpu.GpuPlugin - Rebuilt zone wv=0 x=11 z=15
2026-04-26 16:36:34 GMT [Client] DEBUG n.r.client.plugins.gpu.GpuPlugin - Rebuilt zone wv=0 x=12 z=14
2026-04-26 16:36:34 GMT [Client] DEBUG n.r.client.plugins.gpu.GpuPlugin - Rebuilt zone wv=0 x=12 z=15
2026-04-26 16:36:34 GMT [Client] DEBUG n.r.client.plugins.gpu.GpuPlugin - Rebuilt zone wv=0 x=13 z=15
2026-04-26 16:36:34 GMT [Client] DEBUG n.r.c.plugins.slayer.SlayerPlugin - Sync slayer task: 25x Commander Zilyana at null
2026-04-26 16:36:34 GMT [Client] DEBUG n.r.client.config.ConfigManager - Setting configuration value for slayer.rsprofile.reRsilrQ.initialAmount to 0
2026-04-26 16:36:34 GMT [Client] DEBUG n.r.client.plugins.gpu.GpuPlugin - Zone invalidated: wx=0 x=13 z=4
2026-04-26 16:36:34 GMT [Client] DEBUG n.r.client.plugins.gpu.GpuPlugin - Rebuilt zone wv=0 x=13 z=4
2026-04-26 16:36:34 GMT [Client] DEBUG n.r.client.plugins.gpu.GpuPlugin - Zone invalidated: wx=0 x=14 z=10
2026-04-26 16:36:34 GMT [Client] DEBUG n.r.client.plugins.gpu.GpuPlugin - Zone invalidated: wx=0 x=13 z=17
2026-04-26 16:36:34 GMT [Client] DEBUG n.r.client.plugins.gpu.GpuPlugin - Zone invalidated: wx=0 x=13 z=18
2026-04-26 16:36:34 GMT [Client] DEBUG n.r.client.plugins.gpu.GpuPlugin - Zone invalidated: wx=0 x=13 z=19
2026-04-26 16:36:34 GMT [Client] DEBUG n.r.client.plugins.gpu.GpuPlugin - Zone invalidated: wx=0 x=13 z=20
2026-04-26 16:36:34 GMT [Client] DEBUG n.r.client.plugins.gpu.GpuPlugin - Zone invalidated: wx=0 x=14 z=16
2026-04-26 16:36:34 GMT [Client] DEBUG n.r.client.plugins.gpu.GpuPlugin - Zone invalidated: wx=0 x=14 z=17
2026-04-26 16:36:34 GMT [Client] DEBUG n.r.client.plugins.gpu.GpuPlugin - Zone invalidated: wx=0 x=14 z=19
2026-04-26 16:36:34 GMT [Client] DEBUG n.r.client.plugins.gpu.GpuPlugin - Zone invalidated: wx=0 x=15 z=13
2026-04-26 16:36:34 GMT [Client] DEBUG n.r.client.plugins.gpu.GpuPlugin - Zone invalidated: wx=0 x=15 z=14
2026-04-26 16:36:34 GMT [Client] DEBUG n.r.client.plugins.gpu.GpuPlugin - Zone invalidated: wx=0 x=15 z=15
2026-04-26 16:36:34 GMT [Client] DEBUG n.r.client.plugins.gpu.GpuPlugin - Zone invalidated: wx=0 x=15 z=16
2026-04-26 16:36:34 GMT [Client] DEBUG n.r.client.plugins.gpu.GpuPlugin - Zone invalidated: wx=0 x=15 z=18
2026-04-26 16:36:34 GMT [Client] DEBUG n.r.client.plugins.gpu.GpuPlugin - Zone invalidated: wx=0 x=15 z=19
2026-04-26 16:36:34 GMT [Client] DEBUG n.r.client.plugins.gpu.GpuPlugin - Zone invalidated: wx=0 x=16 z=13
2026-04-26 16:36:34 GMT [Client] DEBUG n.r.client.plugins.gpu.GpuPlugin - Zone invalidated: wx=0 x=16 z=16
2026-04-26 16:36:34 GMT [Client] DEBUG n.r.client.plugins.gpu.GpuPlugin - Zone invalidated: wx=0 x=16 z=17
2026-04-26 16:36:34 GMT [Client] DEBUG n.r.client.plugins.gpu.GpuPlugin - Zone invalidated: wx=0 x=16 z=18
2026-04-26 16:36:34 GMT [Client] DEBUG n.r.client.plugins.gpu.GpuPlugin - Zone invalidated: wx=0 x=17 z=16
2026-04-26 16:36:34 GMT [Client] DEBUG n.r.client.plugins.gpu.GpuPlugin - Zone invalidated: wx=0 x=17 z=17
2026-04-26 16:36:34 GMT [Client] DEBUG n.r.client.plugins.gpu.GpuPlugin - Zone invalidated: wx=0 x=17 z=18
2026-04-26 16:36:34 GMT [Client] DEBUG n.r.client.plugins.gpu.GpuPlugin - Zone invalidated: wx=0 x=17 z=19
2026-04-26 16:36:34 GMT [Client] DEBUG n.r.client.plugins.gpu.GpuPlugin - Zone invalidated: wx=0 x=18 z=16
2026-04-26 16:36:34 GMT [Client] DEBUG n.r.client.plugins.gpu.GpuPlugin - Zone invalidated: wx=0 x=18 z=17
2026-04-26 16:36:34 GMT [Client] DEBUG n.r.client.plugins.gpu.GpuPlugin - Zone invalidated: wx=0 x=18 z=19
2026-04-26 16:36:34 GMT [Client] DEBUG n.r.client.plugins.gpu.GpuPlugin - Zone invalidated: wx=0 x=18 z=20
2026-04-26 16:36:34 GMT [Client] DEBUG n.r.client.plugins.gpu.GpuPlugin - Zone invalidated: wx=0 x=19 z=13
2026-04-26 16:36:34 GMT [Client] DEBUG n.r.client.plugins.gpu.GpuPlugin - Zone invalidated: wx=0 x=19 z=14
2026-04-26 16:36:34 GMT [Client] DEBUG n.r.client.plugins.gpu.GpuPlugin - Zone invalidated: wx=0 x=19 z=15
2026-04-26 16:36:34 GMT [Client] DEBUG n.r.client.plugins.gpu.GpuPlugin - Zone invalidated: wx=0 x=19 z=17
2026-04-26 16:36:34 GMT [Client] DEBUG n.r.client.plugins.gpu.GpuPlugin - Zone invalidated: wx=0 x=20 z=13
2026-04-26 16:36:34 GMT [Client] DEBUG n.r.client.plugins.gpu.GpuPlugin - Zone invalidated: wx=0 x=20 z=15
2026-04-26 16:36:34 GMT [Client] DEBUG n.r.client.plugins.gpu.GpuPlugin - Zone invalidated: wx=0 x=20 z=17
2026-04-26 16:36:34 GMT [Client] DEBUG n.r.client.plugins.gpu.GpuPlugin - Zone invalidated: wx=0 x=20 z=18
2026-04-26 16:36:34 GMT [Client] DEBUG n.r.client.plugins.gpu.GpuPlugin - Zone invalidated: wx=0 x=20 z=19
2026-04-26 16:36:34 GMT [Client] DEBUG n.r.client.plugins.gpu.GpuPlugin - Rebuilt zone wv=0 x=13 z=17
2026-04-26 16:36:34 GMT [Client] DEBUG n.r.client.plugins.gpu.GpuPlugin - Rebuilt zone wv=0 x=13 z=18
2026-04-26 16:36:34 GMT [Client] DEBUG n.r.client.plugins.gpu.GpuPlugin - Rebuilt zone wv=0 x=13 z=19
2026-04-26 16:36:34 GMT [Client] DEBUG n.r.client.plugins.gpu.GpuPlugin - Rebuilt zone wv=0 x=13 z=20
2026-04-26 16:36:34 GMT [Client] DEBUG n.r.client.plugins.gpu.GpuPlugin - Rebuilt zone wv=0 x=14 z=10
2026-04-26 16:36:34 GMT [Client] DEBUG n.r.client.plugins.gpu.GpuPlugin - Rebuilt zone wv=0 x=14 z=16
2026-04-26 16:36:34 GMT [Client] DEBUG n.r.client.plugins.gpu.GpuPlugin - Rebuilt zone wv=0 x=14 z=17
2026-04-26 16:36:34 GMT [Client] DEBUG n.r.client.plugins.gpu.GpuPlugin - Rebuilt zone wv=0 x=14 z=19
2026-04-26 16:36:34 GMT [Client] DEBUG n.r.client.plugins.gpu.GpuPlugin - Rebuilt zone wv=0 x=15 z=13
2026-04-26 16:36:34 GMT [Client] DEBUG n.r.client.plugins.gpu.GpuPlugin - Rebuilt zone wv=0 x=15 z=14
2026-04-26 16:36:34 GMT [Client] DEBUG n.r.client.plugins.gpu.GpuPlugin - Rebuilt zone wv=0 x=15 z=15
2026-04-26 16:36:34 GMT [Client] DEBUG n.r.client.plugins.gpu.GpuPlugin - Rebuilt zone wv=0 x=15 z=16
2026-04-26 16:36:34 GMT [Client] DEBUG n.r.client.plugins.gpu.GpuPlugin - Rebuilt zone wv=0 x=15 z=18
2026-04-26 16:36:34 GMT [Client] DEBUG n.r.client.plugins.gpu.GpuPlugin - Rebuilt zone wv=0 x=15 z=19
2026-04-26 16:36:34 GMT [Client] DEBUG n.r.client.plugins.gpu.GpuPlugin - Rebuilt zone wv=0 x=16 z=13
2026-04-26 16:36:34 GMT [Client] DEBUG n.r.client.plugins.gpu.GpuPlugin - Rebuilt zone wv=0 x=16 z=16
2026-04-26 16:36:34 GMT [Client] DEBUG n.r.client.plugins.gpu.GpuPlugin - Rebuilt zone wv=0 x=16 z=17
2026-04-26 16:36:34 GMT [Client] DEBUG n.r.client.plugins.gpu.GpuPlugin - Rebuilt zone wv=0 x=16 z=18
2026-04-26 16:36:34 GMT [Client] DEBUG n.r.client.plugins.gpu.GpuPlugin - Rebuilt zone wv=0 x=17 z=16
2026-04-26 16:36:34 GMT [Client] DEBUG n.r.client.plugins.gpu.GpuPlugin - Rebuilt zone wv=0 x=17 z=17
2026-04-26 16:36:34 GMT [Client] DEBUG n.r.client.plugins.gpu.GpuPlugin - Rebuilt zone wv=0 x=17 z=18
2026-04-26 16:36:34 GMT [Client] DEBUG n.r.client.plugins.gpu.GpuPlugin - Rebuilt zone wv=0 x=17 z=19
2026-04-26 16:36:34 GMT [Client] DEBUG n.r.client.plugins.gpu.GpuPlugin - Rebuilt zone wv=0 x=18 z=16
2026-04-26 16:36:34 GMT [Client] DEBUG n.r.client.plugins.gpu.GpuPlugin - Rebuilt zone wv=0 x=18 z=17
2026-04-26 16:36:34 GMT [Client] DEBUG n.r.client.plugins.gpu.GpuPlugin - Rebuilt zone wv=0 x=18 z=19
2026-04-26 16:36:34 GMT [Client] DEBUG n.r.client.plugins.gpu.GpuPlugin - Rebuilt zone wv=0 x=18 z=20
2026-04-26 16:36:34 GMT [Client] DEBUG n.r.client.plugins.gpu.GpuPlugin - Rebuilt zone wv=0 x=19 z=13
2026-04-26 16:36:34 GMT [Client] DEBUG n.r.client.plugins.gpu.GpuPlugin - Rebuilt zone wv=0 x=19 z=14
2026-04-26 16:36:34 GMT [Client] DEBUG n.r.client.plugins.gpu.GpuPlugin - Rebuilt zone wv=0 x=19 z=15
2026-04-26 16:36:34 GMT [Client] DEBUG n.r.client.plugins.gpu.GpuPlugin - Rebuilt zone wv=0 x=19 z=17
2026-04-26 16:36:34 GMT [Client] DEBUG n.r.client.plugins.gpu.GpuPlugin - Rebuilt zone wv=0 x=20 z=13
2026-04-26 16:36:34 GMT [Client] DEBUG n.r.client.plugins.gpu.GpuPlugin - Rebuilt zone wv=0 x=20 z=15
2026-04-26 16:36:34 GMT [Client] DEBUG n.r.client.plugins.gpu.GpuPlugin - Rebuilt zone wv=0 x=20 z=17
2026-04-26 16:36:34 GMT [Client] DEBUG n.r.client.plugins.gpu.GpuPlugin - Rebuilt zone wv=0 x=20 z=18
2026-04-26 16:36:34 GMT [Client] DEBUG n.r.client.plugins.gpu.GpuPlugin - Rebuilt zone wv=0 x=20 z=19
2026-04-26 16:36:34 GMT [Client] DEBUG n.r.client.plugins.gpu.GpuPlugin - Zone invalidated: wx=0 x=2 z=13
2026-04-26 16:36:34 GMT [Client] DEBUG n.r.client.plugins.gpu.GpuPlugin - Zone invalidated: wx=0 x=6 z=7
2026-04-26 16:36:34 GMT [Client] DEBUG n.r.client.plugins.gpu.GpuPlugin - Zone invalidated: wx=0 x=6 z=11
2026-04-26 16:36:34 GMT [Client] DEBUG n.r.client.plugins.gpu.GpuPlugin - Zone invalidated: wx=0 x=11 z=12
2026-04-26 16:36:34 GMT [Client] DEBUG n.r.client.plugins.gpu.GpuPlugin - Rebuilt zone wv=0 x=2 z=13
2026-04-26 16:36:34 GMT [Client] DEBUG n.r.client.plugins.gpu.GpuPlugin - Rebuilt zone wv=0 x=6 z=7
2026-04-26 16:36:34 GMT [Client] DEBUG n.r.client.plugins.gpu.GpuPlugin - Rebuilt zone wv=0 x=6 z=11
2026-04-26 16:36:34 GMT [Client] DEBUG n.r.client.plugins.gpu.GpuPlugin - Rebuilt zone wv=0 x=11 z=12
2026-04-26 16:36:34 GMT [Client] DEBUG n.r.c.plugins.slayer.SlayerPlugin - Sync slayer task: 25x Commander Zilyana at null
2026-04-26 16:36:34 GMT [Client] DEBUG n.r.client.config.ConfigManager - Setting configuration value for slayer.rsprofile.reRsilrQ.initialAmount to 25
2026-04-26 16:36:34 GMT [Client] DEBUG net.runelite.client.game.LootManager - Item spawn 1978 (1) location LocalPoint(x=9152, y=5824, worldView=0)
2026-04-26 16:36:34 GMT [Client] DEBUG net.runelite.client.game.LootManager - Item spawn 1129 (1) location LocalPoint(x=6080, y=5056, worldView=0)
2026-04-26 16:36:34 GMT [Client] DEBUG net.runelite.client.game.LootManager - Item spawn 1935 (1) location LocalPoint(x=9280, y=5312, worldView=0)
2026-04-26 16:36:34 GMT [Client] DEBUG net.runelite.client.game.LootManager - Item spawn 1931 (1) location LocalPoint(x=4160, y=4032, worldView=0)
2026-04-26 16:36:34 GMT [Client] DEBUG net.runelite.client.game.LootManager - Item spawn 1511 (1) location LocalPoint(x=5696, y=3904, worldView=0)
2026-04-26 16:36:34 GMT [Client] DEBUG net.runelite.client.game.LootManager - Item spawn 1511 (1) location LocalPoint(x=5824, y=3904, worldView=0)
2026-04-26 16:36:34 GMT [Client] DEBUG injected-client - Replacing archive 12/1049
2026-04-26 16:36:34 GMT [Client] DEBUG injected-client - Replacing archive 12/920
2026-04-26 16:36:34 GMT [Client] DEBUG injected-client - Replacing archive 12/223
2026-04-26 16:36:34 GMT [Client] DEBUG injected-client - Replacing archive 12/84
2026-04-26 16:36:34 GMT [Client] DEBUG injected-client - Replacing archive 12/4742
2026-04-26 16:36:35 GMT [Client] DEBUG injected-client - Replacing archive 12/89
2026-04-26 16:36:35 GMT [Client] DEBUG injected-client - Replacing archive 12/395
2026-04-26 16:36:35 GMT [Client] DEBUG injected-client - Replacing archive 12/396
2026-04-26 16:36:35 GMT [Client] DEBUG injected-client - Replacing archive 12/2611
2026-04-26 16:36:35 GMT [Client] DEBUG injected-client - Replacing archive 12/125
2026-04-26 16:36:35 GMT [Client] DEBUG injected-client - Replacing archive 12/9291
2026-04-26 16:36:35 GMT [Client] DEBUG injected-client - Replacing archive 12/327
2026-04-26 16:36:35 GMT [Client] DEBUG n.runelite.client.menus.MenuManager - Client has updated player menu index 4 where option Lookup was, moving to index 4
2026-04-26 16:36:35 GMT [Client] DEBUG injected-client - Replacing archive 12/84
2026-04-26 16:36:35 GMT [Client] DEBUG injected-client - Replacing archive 12/89
2026-04-26 16:36:35 GMT [Client] DEBUG injected-client - Replacing archive 12/223
2026-04-26 16:36:35 GMT [Client] DEBUG injected-client - Replacing archive 12/395
2026-04-26 16:36:35 GMT [Client] DEBUG injected-client - Replacing archive 12/2611
2026-04-26 16:36:35 GMT [Client] DEBUG injected-client - Replacing archive 12/125
2026-04-26 16:36:35 GMT [Client] DEBUG injected-client - Replacing archive 12/9291
2026-04-26 16:36:35 GMT [Client] DEBUG injected-client - Replacing archive 12/1049
2026-04-26 16:36:35 GMT [Client] DEBUG injected-client - Replacing archive 12/920
2026-04-26 16:36:35 GMT [Client] DEBUG n.r.c.plugins.agility.AgilityPlugin - Gained 1364505 xp at WorldPoint(x=3251, y=3420, plane=0)
2026-04-26 16:36:35 GMT [Client] DEBUG n.r.c.p.g.GrandExchangePlugin - GE offer updated: state: EMPTY, slot: 0, item: 0, qty: 0, lastLoginTick: 0
2026-04-26 16:36:35 GMT [Client] DEBUG n.r.c.p.g.GrandExchangePlugin - GE offer updated: state: EMPTY, slot: 1, item: 0, qty: 0, lastLoginTick: 0
2026-04-26 16:36:35 GMT [Client] DEBUG n.r.c.p.g.GrandExchangePlugin - GE offer updated: state: EMPTY, slot: 2, item: 0, qty: 0, lastLoginTick: 0
2026-04-26 16:36:35 GMT [Client] DEBUG n.r.c.p.g.GrandExchangePlugin - GE offer updated: state: EMPTY, slot: 3, item: 0, qty: 0, lastLoginTick: 0
2026-04-26 16:36:35 GMT [Client] DEBUG n.r.c.p.g.GrandExchangePlugin - GE offer updated: state: EMPTY, slot: 4, item: 0, qty: 0, lastLoginTick: 0
2026-04-26 16:36:35 GMT [Client] DEBUG n.r.c.p.g.GrandExchangePlugin - GE offer updated: state: EMPTY, slot: 5, item: 0, qty: 0, lastLoginTick: 0
2026-04-26 16:36:35 GMT [Client] DEBUG n.r.c.p.g.GrandExchangePlugin - GE offer updated: state: EMPTY, slot: 6, item: 0, qty: 0, lastLoginTick: 0
2026-04-26 16:36:35 GMT [Client] DEBUG n.r.c.p.g.GrandExchangePlugin - GE offer updated: state: EMPTY, slot: 7, item: 0, qty: 0, lastLoginTick: 0
2026-04-26 16:36:35 GMT [Client] DEBUG injected-client - Replacing archive 12/84
2026-04-26 16:36:35 GMT [Client] DEBUG injected-client - Replacing archive 12/4742
2026-04-26 16:36:35 GMT [Client] DEBUG injected-client - Replacing archive 12/89
2026-04-26 16:36:35 GMT [Client] DEBUG injected-client - Replacing archive 12/2611
2026-04-26 16:36:35 GMT [Client] DEBUG injected-client - Replacing archive 12/125
2026-04-26 16:36:35 GMT [Client] DEBUG n.r.c.p.xptracker.XpTrackerPlugin - Loading xp state from save
2026-04-26 16:36:35 GMT [Client] DEBUG injected-client - Chat message type CONSOLE: <colHIGHLIGHT>You have battlestaves waiting to be collected from Zaff.
[rlawt] [rlawt-perf] frame=660 win=60  swap_us mean=18252 p50=17888 p95=24575 max=27537  gap_us mean=19162 p50=6442 p95=84161 max=547946  mkcur=0 glerr=0
[rlawt] [rlawt-perf] frame=720 win=60  swap_us mean=14607 p50=14363 p95=18285 max=21815  gap_us mean=5265 p50=4634 p95=10658 max=12437  mkcur=0 glerr=0
2026-04-26 16:36:38 GMT [Client] DEBUG injected-client - Replacing archive 12/1049
2026-04-26 16:36:38 GMT [Client] DEBUG injected-client - Replacing archive 12/920
2026-04-26 16:36:38 GMT [Client] DEBUG injected-client - Replacing archive 12/84
2026-04-26 16:36:38 GMT [Client] DEBUG injected-client - Replacing archive 12/4742
2026-04-26 16:36:38 GMT [Client] DEBUG injected-client - Replacing archive 12/89
2026-04-26 16:36:38 GMT [Client] DEBUG injected-client - Replacing archive 12/223
2026-04-26 16:36:38 GMT [Client] DEBUG n.runelite.client.menus.MenuManager - Client has updated player menu index 4 where option Lookup was, moving to index 4
2026-04-26 16:36:38 GMT [Client] DEBUG injected-client - Replacing archive 12/84
2026-04-26 16:36:38 GMT [Client] DEBUG injected-client - Replacing archive 12/89
2026-04-26 16:36:38 GMT [Client] DEBUG injected-client - Replacing archive 12/223
2026-04-26 16:36:38 GMT [Client] DEBUG n.r.client.plugins.gpu.GpuPlugin - AA samples: 0, max samples: 4, forced samples: 0
2026-04-26 16:36:38 GMT [Client] DEBUG n.r.client.plugins.gpu.VAOList - Allocated VAO 476 request 16128
2026-04-26 16:36:38 GMT [Client] DEBUG n.r.client.plugins.gpu.VAOList - Allocated VAO 477 request 141552
2026-04-26 16:36:38 GMT [Client] DEBUG n.r.client.plugins.gpu.VAOList - Allocated VAO 478 request 48960
2026-04-26 16:36:38 GMT [Client] DEBUG n.r.client.plugins.gpu.GpuPlugin - Zone invalidated: wx=0 x=11 z=12
2026-04-26 16:36:38 GMT [Client] DEBUG n.r.client.plugins.gpu.GpuPlugin - Zone invalidated: wx=0 x=11 z=13
2026-04-26 16:36:38 GMT [Client] DEBUG n.r.client.plugins.gpu.GpuPlugin - Zone invalidated: wx=0 x=11 z=16
2026-04-26 16:36:38 GMT [Client] DEBUG n.r.client.plugins.gpu.GpuPlugin - Zone invalidated: wx=0 x=12 z=12
2026-04-26 16:36:38 GMT [Client] DEBUG n.r.client.plugins.gpu.GpuPlugin - Zone invalidated: wx=0 x=12 z=13
2026-04-26 16:36:38 GMT [Client] DEBUG injected-client - Replacing archive 12/4742
2026-04-26 16:36:38 GMT [Client] DEBUG n.r.client.plugins.gpu.GpuPlugin - Rebuilt zone wv=0 x=11 z=12
2026-04-26 16:36:38 GMT [Client] DEBUG n.r.client.plugins.gpu.GpuPlugin - Rebuilt zone wv=0 x=11 z=13
2026-04-26 16:36:38 GMT [Client] DEBUG n.r.client.plugins.gpu.GpuPlugin - Rebuilt zone wv=0 x=11 z=16
2026-04-26 16:36:38 GMT [Client] DEBUG n.r.client.plugins.gpu.GpuPlugin - Rebuilt zone wv=0 x=12 z=12
2026-04-26 16:36:38 GMT [Client] DEBUG n.r.client.plugins.gpu.GpuPlugin - Rebuilt zone wv=0 x=12 z=13
2026-04-26 16:36:39 GMT [Client] DEBUG injected-client - Chat message type CLAN_GIM_MESSAGE: To talk in your Ironman Group's channel, start each line of chat with //// or /g.
2026-04-26 16:36:39 GMT [Client] DEBUG n.r.c.p.t.farming.FarmingTracker - New region loaded. [Varrock] at 7 ticks
2026-04-26 16:36:39 GMT [Client] DEBUG n.r.client.config.ConfigManager - Setting configuration value for timetracking.rsprofile.reRsilrQ.12854.4771 to 32:1777221399
[rlawt] [rlawt-perf] frame=780 win=60  swap_us mean=22079 p50=21537 p95=26472 max=52027  gap_us mean=13938 p50=11652 p95=24239 max=118234  mkcur=0 glerr=0
[rlawt] [rlawt-perf] frame=840 win=60  swap_us mean=23829 p50=23966 p95=27852 max=28717  gap_us mean=10234 p50=10009 p95=14094 max=14331  mkcur=0 glerr=0
=== CPUSET SETTLE (T=30s) ts=1777221402 ===
JVM     pid=24141 cpuset=/top-app Cpus_allowed_list=0-7
VIRGL   pid=23844 cpuset=/top-app Cpus_allowed_list=0-7
THREAD  tid=24471 comm=AWT-EventQueue- cpuset=/top-app Cpus_allowed_list=0-7
THREAD  tid=25350 comm=Client cpuset=/top-app Cpus_allowed_list=0-7
=== CPUSET SETTLE (T=30s) end ===
[rlawt] [rlawt-perf] frame=900 win=60  swap_us mean=23665 p50=23386 p95=28924 max=32216  gap_us mean=9718 p50=9366 p95=14878 max=19654  mkcur=0 glerr=0
[rlawt] [rlawt-perf] frame=960 win=60  swap_us mean=23007 p50=22634 p95=27731 max=28451  gap_us mean=9520 p50=9285 p95=13281 max=14849  mkcur=0 glerr=0
[rlawt] [rlawt-perf] frame=1020 win=60  swap_us mean=26082 p50=23814 p95=38852 max=39756  gap_us mean=10532 p50=9264 p95=19800 max=23142  mkcur=0 glerr=0
[rlawt] [rlawt-perf] frame=1080 win=60  swap_us mean=23092 p50=22588 p95=28332 max=35077  gap_us mean=9174 p50=9126 p95=12815 max=15203  mkcur=0 glerr=0
[rlawt] [rlawt-perf] frame=1140 win=60  swap_us mean=24063 p50=23201 p95=34564 max=41501  gap_us mean=9168 p50=8846 p95=14973 max=19490  mkcur=0 glerr=0
[rlawt] [rlawt-perf] frame=1200 win=60  swap_us mean=24647 p50=23441 p95=41696 max=46454  gap_us mean=9401 p50=8376 p95=18086 max=19734  mkcur=0 glerr=0
[rlawt] [rlawt-perf] frame=1260 win=60  swap_us mean=23876 p50=23558 p95=29227 max=33112  gap_us mean=9322 p50=9651 p95=12884 max=13445  mkcur=0 glerr=0
[rlawt] [rlawt-perf] frame=1320 win=60  swap_us mean=25510 p50=25323 p95=33672 max=35682  gap_us mean=9547 p50=9373 p95=14640 max=19304  mkcur=0 glerr=0
[rlawt] [rlawt-perf] frame=1380 win=60  swap_us mean=22794 p50=22777 p95=27086 max=27405  gap_us mean=8638 p50=8626 p95=12197 max=22472  mkcur=0 glerr=0
[rlawt] [rlawt-perf] frame=1440 win=60  swap_us mean=23922 p50=23860 p95=28575 max=30422  gap_us mean=9889 p50=9978 p95=12805 max=13138  mkcur=0 glerr=0
[rlawt] [rlawt-perf] frame=1500 win=60  swap_us mean=23611 p50=23056 p95=28390 max=33643  gap_us mean=9010 p50=9032 p95=12184 max=13731  mkcur=0 glerr=0
[rlawt] [rlawt-perf] frame=1560 win=60  swap_us mean=24320 p50=24397 p95=30628 max=32371  gap_us mean=9273 p50=8907 p95=13594 max=15356  mkcur=0 glerr=0
[rlawt] [rlawt-perf] frame=1620 win=60  swap_us mean=24583 p50=24232 p95=34673 max=37195  gap_us mean=8518 p50=8345 p95=11880 max=14234  mkcur=0 glerr=0
[rlawt] [rlawt-perf] frame=1680 win=60  swap_us mean=25296 p50=24861 p95=34210 max=35940  gap_us mean=9361 p50=9124 p95=14785 max=17963  mkcur=0 glerr=0
[rlawt] [rlawt-perf] frame=1740 win=60  swap_us mean=24170 p50=23903 p95=28923 max=32614  gap_us mean=9172 p50=8987 p95=12499 max=13865  mkcur=0 glerr=0
=== CPUSET SETTLE (T=60s) ts=1777221433 ===
JVM     pid=24141 cpuset=/top-app Cpus_allowed_list=0-7
VIRGL   pid=23844 cpuset=/top-app Cpus_allowed_list=0-7
THREAD  tid=24471 comm=AWT-EventQueue- cpuset=/top-app Cpus_allowed_list=0-7
THREAD  tid=25350 comm=Client cpuset=/top-app Cpus_allowed_list=0-7
[rlawt] [rlawt-perf] frame=1800 win=60  swap_us mean=22590 p50=22488 p95=26618 max=27933  gap_us mean=8803 p50=8655 p95=12877 max=14023  mkcur=0 glerr=0
=== CPUSET SETTLE (T=60s) end ===
[rlawt] [rlawt-perf] frame=1860 win=60  swap_us mean=24577 p50=24079 p95=30250 max=35334  gap_us mean=8609 p50=8687 p95=12692 max=14842  mkcur=0 glerr=0
[rlawt] [rlawt-perf] frame=1920 win=60  swap_us mean=24228 p50=23983 p95=28543 max=30600  gap_us mean=8984 p50=8465 p95=13598 max=29107  mkcur=0 glerr=0
[rlawt] [rlawt-perf] frame=1980 win=60  swap_us mean=24574 p50=24184 p95=28239 max=29803  gap_us mean=8037 p50=7885 p95=11408 max=13096  mkcur=0 glerr=0
[rlawt] [rlawt-perf] frame=2040 win=60  swap_us mean=24860 p50=24935 p95=29760 max=33361  gap_us mean=8543 p50=8361 p95=12136 max=13635  mkcur=0 glerr=0
[rlawt] [rlawt-perf] frame=2100 win=60  swap_us mean=24126 p50=24069 p95=27737 max=34648  gap_us mean=8654 p50=8023 p95=12786 max=16434  mkcur=0 glerr=0
[rlawt] [rlawt-perf] frame=2160 win=60  swap_us mean=25202 p50=24807 p95=29828 max=31334  gap_us mean=8597 p50=8543 p95=12313 max=15880  mkcur=0 glerr=0
[rlawt] [rlawt-perf] frame=2220 win=60  swap_us mean=24497 p50=24635 p95=29099 max=31309  gap_us mean=8312 p50=8400 p95=11975 max=12784  mkcur=0 glerr=0
[rlawt] [rlawt-perf] frame=2280 win=60  swap_us mean=26015 p50=25943 p95=32002 max=39340  gap_us mean=8275 p50=8161 p95=12517 max=13886  mkcur=0 glerr=0
[rlawt] [rlawt-perf] frame=2340 win=60  swap_us mean=26103 p50=25962 p95=31655 max=41930  gap_us mean=8274 p50=8041 p95=12074 max=14237  mkcur=0 glerr=0
[rlawt] [rlawt-perf] frame=2400 win=60  swap_us mean=24708 p50=23713 p95=31244 max=33553  gap_us mean=8287 p50=8103 p95=11467 max=13629  mkcur=0 glerr=0
[rlawt] [rlawt-perf] frame=2460 win=60  swap_us mean=28663 p50=27396 p95=40873 max=45186  gap_us mean=8763 p50=7938 p95=15108 max=20946  mkcur=0 glerr=0
[rlawt] [rlawt-perf] frame=2520 win=60  swap_us mean=26481 p50=25976 p95=31124 max=37069  gap_us mean=6563 p50=6372 p95=9293 max=10082  mkcur=0 glerr=0
[rlawt] [rlawt-perf] frame=2580 win=60  swap_us mean=25949 p50=26077 p95=30433 max=34754  gap_us mean=7446 p50=6912 p95=12308 max=13349  mkcur=0 glerr=0
[rlawt] [rlawt-perf] frame=2640 win=60  swap_us mean=25935 p50=25842 p95=32516 max=34373  gap_us mean=8001 p50=8052 p95=10635 max=15166  mkcur=0 glerr=0
[rlawt] [rlawt-perf] frame=2700 win=60  swap_us mean=28146 p50=27893 p95=37819 max=40089  gap_us mean=7247 p50=6946 p95=10344 max=12802  mkcur=0 glerr=0
[rlawt] [rlawt-perf] frame=2760 win=60  swap_us mean=31985 p50=30189 p95=55191 max=66510  gap_us mean=8194 p50=7205 p95=15695 max=22969  mkcur=0 glerr=0
[rlawt] [rlawt-perf] frame=2820 win=60  swap_us mean=28675 p50=28241 p95=34686 max=38047  gap_us mean=7488 p50=6834 p95=12073 max=13764  mkcur=0 glerr=0
[rlawt] [rlawt-perf] frame=2880 win=60  swap_us mean=35922 p50=36497 p95=46276 max=49979  gap_us mean=9620 p50=9451 p95=15583 max=18034  mkcur=0 glerr=0
[rlawt] [rlawt-perf] frame=2940 win=60  swap_us mean=33047 p50=33544 p95=39842 max=43361  gap_us mean=8163 p50=8429 p95=10556 max=11746  mkcur=0 glerr=0
[rlawt] [rlawt-perf] frame=3000 win=60  swap_us mean=34929 p50=35504 p95=41758 max=51894  gap_us mean=8305 p50=8491 p95=12677 max=13230  mkcur=0 glerr=0
[rlawt] [rlawt-perf] frame=3060 win=60  swap_us mean=36519 p50=36134 p95=47299 max=50029  gap_us mean=9896 p50=9392 p95=14766 max=16920  mkcur=0 glerr=0
